word_original,word_normalized,pos,count,tag1,tag2,tag3
nicht,nicht,PART,45828,Negation,,
deutsch,deutsch,ADV,13271,Nation ,Deutsch,
ganz,ganz,ADV,12604,Höhe ,,
schüler,schüler,NOUN,8778,Schule,Typ,
wort,wort,NOUN,7421,Sprache,,
groß,groß,ADV,7212,,,
dichter,dichter,ADV,7155,Künstler,,
zeit,zeit,NOUN,7072,Zeit,,
leben,leben,VERB,6382,Welt,,
alt,alt,ADV,5990,Alter,,
sprache,sprache,NOUN,5361,Sprache,,
lehrer,lehrer,NOUN,5151,Schule,Typ,
stehen,stehen,VERB,5084,Position,,
unterricht,unterricht,NOUN,5047,Schule,Praxis,
gedicht,gedicht,NOUN,4814,Poetologie,Gattung,
sprechen,sprechen,VERB,4594,Sprache,,
stellen,stellen,VERB,4393,Position,,
weisen,weisen,VERB,4279,Disziplin,,
mensch,mensch,NOUN,4127,Anthropologie,,
schön,schön,ADV,3963,Ästhetik,positive Bewertung,
schiller,schiller,PROPN,3692,Person,Schriftsteller,
sagen,sagen,VERB,3632,Nennen,,
art,art,NOUN,3352,,,
volk,volk,NOUN,3331,Nation,,
gott,gott,NOUN,3282,Theologie,,
lieben,lieben,VERB,3257,Emotion ,,
nichts,nichts,PRON,3236,Negation,,
geist,geist,NOUN,3225,Idealismus,,
natur,natur,NOUN,3192,Natur,,
schule,schule,NOUN,3160,Schule,,
form,form,NOUN,3120,Poetologie,,
wissen,wissen,VERB,3106,Wissen,,
geschichte,geschichte,NOUN,3033,Geschichte ,,
sinn,sinn,NOUN,2912,Poetologie,,
literatur,literatur,NOUN,2893,Poetologie,,
hand,hand,NOUN,2865,Ästhetik,Sinnlich,
gedanke,gedanke,NOUN,2814,Idealismus,,
jahr,jahr,NOUN,2812,Zeit,,
fragen,fragen,VERB,2797,Diskurs,,
zweit,zweit,ADV,2727,,,
inhalt,inhalt,NOUN,2682,Poetologie,,
denken,denken,VERB,2669,Idealismus,Praktik,
mögen,mögen,AUX,2620,,,
göthe,göthe,PROPN,2609,Person,Schriftsteller,
bilden,bilden,VERB,2596,Pädagogik,,
poesie,pösie,NOUN,2499,Poetologie,Gattung,
herr,herr,NOUN,2477,Gender,Mask,
erscheinen,erscheinen,VERB,2463,Idealismus,,
kraft,kraft,NOUN,2461,Idealismus,Anthropologie,
gewiß,gewiß,ADV,2451,,,
früh,früh,ADV,2429,Zeit,,
dichtung,dichtung,NOUN,2413,Poetologie,,
stoff,stoff,NOUN,2412,Poetologie,,
stück,stück,NOUN,2405,Lehrmedien,Poetologie,
jugend,jugend,NOUN,2405,Alter,,
überhaupt,überhaupt,ADV,2380,,,
letzt,letzt,ADV,2374,,,
auge,auge,NOUN,2358,Ästhetik,Sinnlich,
vater,vater,NOUN,2343,Gender,Mask,
bildung,bildung,NOUN,2342,Pädagogik,,
zweck,zweck,NOUN,2295,Logik,,
welt,welt,NOUN,2281,Welt,,
darstellung,darstellung,NOUN,2274,Poetologie,,
aufsatz,aufsatz,NOUN,2258,Praktik,Prüfung,
führen,führen,VERB,2246,Disziplin,,
lektüre,lektüre,NOUN,2188,Praxis,Methode ,Poetologie
grund,grund,NOUN,2174,Logik,,
treten,treten,VERB,2168,Position,,
lernen,lernen,VERB,2161,Pädagogik,,
verstehen,verstehen,VERB,2129,Idealismus,Praktik,
satz,satz,NOUN,2125,Sprache,,
gegenstand,gegenstand,NOUN,2122,Lehrmedien,,
verschieden,verschieden,ADV,2110,Position,,
zeigen,zeigen,VERB,2109,Position,,
poetisch,pötisch,ADV,2091,Beschreibung,Poetologie,
bild,bild,NOUN,2086,Ästhetik ,,
während,während,SCONJ,2069,,,
richtig,richtig,ADV,2067,positive Bewertung,,
glauben,glauben,VERB,2030,Theologie,,
kunst,kunst,NOUN,2024,Ästhetik,,
ausdruck,ausdruck,NOUN,2022,Sprache,,
endlich,endlich,ADV,2021,,,
sache,sache,NOUN,2008,,,
charakter,charakter,NOUN,2006,Anthropologie,,
inner,inner,NOUN,1995,Idealismus ,,
nennen,nennen,VERB,1984,Praktik,,
natürlich,natürlich,ADV,1983,Natur,,
bedeutung,bedeutung,NOUN,1974,Poetologie,,
lang,lang,ADV,1953,Höhe ,,
tag,tag,NOUN,1953,Zeit,,
könig,könig,NOUN,1941,Narrativ,,
gehören,gehören,VERB,1929,,,
wesen,wesen,NOUN,1924,Idealismus,,
fremd,fremd,ADV,1911,Alterität,,
schreiben,schreiben,VERB,1910,Praktik,Sprache,
jung,jung,ADV,1843,Alter,,
suchen,suchen,VERB,1843,Praktik,,
strophe,strophe,NOUN,1816,Poetologie,,
lessing,lessing,X,1771,Person,Schriftsteller,
seele,seele,NOUN,1765,Idealismus,,
namentlich,namentlich,ADV,1760,,,
übung,übung,NOUN,1758,Praktik,,
geistig,geistig,ADV,1736,Idealismus ,,
gefühl,gefühl,NOUN,1734,Emotion ,,
gieben,gieben,VERB,1731,,,
fallen,fallen,VERB,1725,,,
name,name,NOUN,1722,,,
beziehung,beziehung,NOUN,1713,,,
wahr,wahr,ADV,1702,Höhe,Idealismus,positive Bewertung
folgen,folgen,VERB,1701,Disziplin,,
handlung,handlung,NOUN,1700,Poetologie,Narrativ,
lesebuch,lesebuch,NOUN,1696,Lehrmedien,,
gymnasium,gymnasium,NOUN,1681,Schule,,
spät,spät,ADV,1669,Zeit,,
bezeichnen,bezeichnen,VERB,1660,Praktik,Sprache,
historisch,historisch,ADV,1650,Geschichte ,,
mutter,mutter,NOUN,1636,Gender,Form,
wesentlich,wesentlich,ADV,1630,positive Bewertung,,
aufgabe,aufgabe,NOUN,1630,Praktik,,
begreifen,begreifen,VERB,1629,Praktik,Idealismus,
erzählung,erzählung,NOUN,1626,Poetologie,Narrativ,
haus,haus,NOUN,1625,Haus,,
schwer,schwer,ADV,1619,Bewertung,,
sohn,sohn,NOUN,1608,Alter,Gender,Mask
erhalten,erhalten,VERB,1603,,,
freund,freund,NOUN,1593,Typ,,
lange,lange,ADV,1584,Zeit ,,
möchten,möchten,AUX,1562,,,
klasse,klasse,NOUN,1559,Schule,,
wert,wert,ADV,1553,positive Bewertung,,
erkennen,erkennen,VERB,1549,Praktik,Idealismus,
lehren,lehren,VERB,1541,Pädagogik,,
schulen,schulen,NOUN,1540,Schule,,
schrift,schrift,NOUN,1537,Poetologie,Sprache,
thema,thema,NOUN,1533,Praxis,,
verfasser,verfasser,NOUN,1521,Poetologie,,
gewinnen,gewinnen,VERB,1507,,,
arbeit,arbeit,NOUN,1504,Disziplin ,,
held,held,NOUN,1504,Narrativ,,
wahrheit,wahrheit,NOUN,1501,Höhe,Idealismus,
vielmehr,vielmehr,ADV,1501,Logik,,
lateinisch,lateinisch,ADV,1478,Sprachen,Klassik,
kampf,kampf,NOUN,1474,Alterität,Agonalität,
notwendig,notwendig,ADV,1469,Logik,,
schluß,schluß,NOUN,1469,,,
freude,freude,NOUN,1444,Emotion ,,
nämlich,nämlich,ADV,1441,,,
enthalten,enthalten,VERB,1439,Beschreibung,,
übrig,übrig,ADP,1422,,,
reichen,reichen,VERB,1414,,,
geschehen,geschehen,VERB,1404,,,
bieten,bieten,VERB,1395,,,
knabe,knabe,NOUN,1391,Alter,Gender,Mask
reden,reden,VERB,1391,Praktik,Sprache,
reich,reich,ADV,1382,Bewertung,Politik,
schließen,schließen,VERB,1374,Praktik,Logik ,
kennen,kennen,VERB,1358,Idealismus,,
drama,drama,NOUN,1353,Poetologie,Gattung,
verhältnis,verhältnis,NOUN,1343,Beschreibung,,
menschlich,menschlich,ADV,1339,Anthropologie,,
stunde,stunde,NOUN,1336,Schule,Zeit ,
ähnlich,ähnlich,ADV,1323,,,
griechisch,griechisch,ADV,1307,Sprachen,Klassik,
sittlich,sittlich,ADV,1305,Moral,,
hören,hören,VERB,1288,Ästhetik,Sinnlich,
stufe,stufe,NOUN,1282,Schule,Disziplin,
mittel,mittel,NOUN,1265,Praktik,,
person,person,NOUN,1260,Person,,
anschauung,anschauung,NOUN,1246,Idealismus,Ästhetik,
interesse,interesse,NOUN,1240,,,
erklären,erklären,VERB,1239,Praktik,Methode ,
behandlung,behandlung,NOUN,1237,Praktik ,,
fehlen,fehlen,VERB,1235,,,
kaiser,kaiser,NOUN,1226,Nation,Person,Narrativ
phantasie,phantasie,NOUN,1218,Phantasie,Ästhetik,Idealismus
lebendig,lebendig,ADV,1212,Welt,,
jüngling,jüngling,X,1207,Typ,Gender,Mask
dritt,dritt,NOUN,1200,,,
jahrhundert,jahrhundert,NOUN,1195,Zeit,,
zurück,zurück,ADV,1195,,,
treiben,treiben,VERB,1191,Disziplin,Praktik,
gewöhnlich,gewöhnlich,ADV,1181,Bewertung,,
klassisch,klassisch,ADV,1176,Klassik,Bewertung,
äußern,äußern,VERB,1166,,,
ernst,ernst,ADV,1162,Bewertung,,
erklärung,erklärung,NOUN,1161,Methode,Praktik,
stark,stark,ADV,1161,Höhe ,,
muttersprache,muttersprache,NOUN,1153,Sprache ,,
grammatik,grammatik,NOUN,1150,Sprache,,
erscheinung,erscheinung,NOUN,1149,Idealismus,Ästhetik,
gegensatz,gegensatz,NOUN,1147,Logik,,
verständnis,verständnis,NOUN,1147,Idealismus,Praktik,
leser,leser,NOUN,1132,Poetologie,Rezeption,Lesen
licht,licht,NOUN,1127,,,
freiheit,freiheit,NOUN,1121,Idealismus,Politik,
glück,glück,NOUN,1120,positive Bewertung,,
zürst,zürst,VERB,1118,,,
methode,methode,NOUN,1117,Methode,,
stimmen,stimmen,VERB,1104,Wissen,,
himmel,himmel,NOUN,1102,Theologie,,
wirkung,wirkung,NOUN,1102,Ästhetik,Wirkung,
beispiel,beispiel,NOUN,1094,Methode ,,
fühlen,fühlen,VERB,1094,Emotion ,,
verlangen,verlangen,VERB,1090,Disziplin,,
hervor,hervor,ADV,1088,Beschreibung ,,
unmittelbar,unmittelbar,ADV,1086,Beschreibung,,
dienen,dienen,VERB,1086,Disziplin,,
gesetz,gesetz,NOUN,1085,Politik,,
gesang,gesang,NOUN,1083,Poetologie,Gattung,
glücklich,glücklich,ADV,1076,Emotion ,,
gegenüber,gegenüber,ADP,1072,,,
wirken,wirken,VERB,1061,Ästhetik,Wirkung,
erreichen,erreichen,VERB,1056,,,
deutschland,deutschland,PROPN,1055,Nation,Deutsch,
entwickelung,entwickelung,NOUN,1053,,,
idee,idee,NOUN,1052,Idealismus,,
bestimmen,bestimmen,VERB,1051,Disziplin,,
streng,streng,ADV,1045,Bewertung,,
fassen,fassen,VERB,1039,Idealismus,,
beginnen,beginnen,VERB,1039,Praktik,Zeit ,
betrachten,betrachten,VERB,1039,Ästhetik,Körper,
zusammenhang,zusammenhang,NOUN,1037,,,
vorstellung,vorstellung,NOUN,1036,Idealismus,,
erde,erde,NOUN,1033,Welt,,
aufgeben,aufgeben,VERB,1029,Disziplin,Pädagogik,Schule
betrachtung,betrachtung,NOUN,1025,Ästhetik,Sinnlich,
empfindung,empfindung,NOUN,1023,Emotion ,,
schlagen,schlagen,VERB,1009,Agonalität,,
grammatisch,grammatisch,ADV,1006,Sprache,,
ästhetisch,ästhetisch,ADV,1003,Ästhetik ,,
theils,theils,ADV,1000,,,
dramatisch,dramatisch,ADV,999,Gattung ,,
vermögen,vermögen,VERB,996,,,
national,national,ADV,990,Nation ,,
bemerkung,bemerkung,NOUN,990,Praktik ,,
uhland,uhland,VERB,988,Person,Schriftsteller,
behandeln,behandeln,VERB,985,Praktik ,,
bewußtsein,bewußtsein,NOUN,982,Idealismus,,
still,still,ADV,977,Tiefe,,
keiner,keiner,PRON,971,Negation ,,
theilen,theilen,VERB,971,,,
erheben,erheben,VERB,971,Höhe,,
gebildet,gebildet,VERB,968,Pädagogik,,
selten,selten,ADV,962,Bewertung,,
wissenschaft,wissenschaft,NOUN,956,Wissenschaft,,
hermann,hermann,PROPN,955,Person,Literatur,
stadt,stadt,NOUN,943,Ort,,
wissenschaftlich,wissenschaftlich,ADV,941,Wissenschaft,,
gering,gering,ADV,933,Tiefe,,
heilig,heilig,ADV,932,Theologie,,
praktisch,praktisch,ADV,931,,,
anfang,anfang,NOUN,931,,,
auswahl,auswahl,NOUN,929,Praktik,,
bedeutend,bedeutend,ADV,928,Bewertung ,,
schönheit,schönheit,NOUN,926,Ästhetik,,
ritter,ritter,PROPN,915,Typ,Narrativ,
gebrauch,gebrauch,NOUN,915,,,
fabel,fabel,NOUN,913,Gattung ,Poetologie,
außer,außer,ADP,911,,,
schriftlich,schriftlich,ADV,906,Praktik,,
scharf,scharf,ADV,905,Beschreibung,,
dafür,dafür,ADV,905,,,
formen,formen,NOUN,902,Poetologie,,
not,not,X,894,Narrativ,,
blick,blick,NOUN,892,Ästhetik,Körper,
ansicht,ansicht,NOUN,887,,,
sänger,sänger,NOUN,886,Poetologie,Typ,
gebieten,gebieten,NOUN,886,Disziplin ,,
verbindung,verbindung,NOUN,885,,,
schwert,schwert,NOUN,884,Narrativ,,
auffassung,auffassung,NOUN,881,Praktik,Idealismus,
gestalt,gestalt,NOUN,877,Beschreibung,,
kreis,kreis,NOUN,871,,,
mädchen,mädchen,NOUN,871,Gender ,Femd,
helfen,helfen,VERB,866,Praktik,,
eignen,eignen,VERB,866,positive Bewertung,,
kenntnis,kenntnis,NOUN,861,Ziel,,
erfahrung,erfahrung,NOUN,859,Ästhetik,Welt,
richtung,richtung,NOUN,858,,,
gelegenheit,gelegenheit,NOUN,857,,,
classe,classe,X,849,Schule,,
würde,würde,AUX,847,,,
französisch,französisch,ADV,843,Nation,Sprache,
willen,willen,ADP,840,Idealismus,,
göthes,göthes,PROPN,836,,,
erfahren,erfahren,VERB,832,Sinnlich,Welt,
sammlung,sammlung,NOUN,829,Lehrmedien,,
karl,karl,PROPN,828,Person,Literatur,Historisch 
höhe,höhe,NOUN,827,Höhe,,
trotz,trotz,ADP,826,Logik,,
erzählen,erzählen,VERB,825,Poetologie,Narrativ,
bemerken,bemerken,VERB,822,Praktik ,,
wünschen,wünschen,VERB,821,,,
jungfrau,jungfrau,NOUN,816,Gender,Fem,
deutlich,deutlich,ADV,816,Beschreibung,,
wäre,wäre,AUX,816,,,
schriftsteller,schriftsteller,NOUN,815,Poetologie,Typ,
vaterland,vaterland,NOUN,815,Nation,Patriotisch,
singen,singen,VERB,815,Praktik,Ästhetik,
fordern,fordern,VERB,814,Disziplin,,
reihe,reihe,NOUN,807,,,
häufig,häufig,ADV,806,,,
ver,ver,PROPN,804,,,
gelehrt,gelehrt,VERB,803,positive Bewertung,,
rücksicht,rücksicht,NOUN,803,,,
handeln,handeln,VERB,803,,,
geeignet,geeignet,ADV,802,positive Bewertung,,
schaffen,schaffen,VERB,798,positive Bewertung,Praktik,
un,un,X,797,,,
läßt,läßt,VERB,795,,,
vollständig,vollständig,ADV,795,Höhe ,,
forderung,forderung,NOUN,793,,,
stolz,stolz,ADV,792,Narrativ,Bewertung,
aussprechen,aussprechen,VERB,791,Sprache,Praktik,
klopstock,klopstock,NOUN,790,Person,Schriftsteller,
verlieren,verlieren,VERB,788,,,
ideal,ideal,ADV,788,Idealismus,Moral ,
schilderung,schilderung,NOUN,787,Poetologie,Praktik,
ursprünglich,ursprünglich,ADV,785,Zeit,Sprache,
bedürfen,bedürfen,VERB,785,,,
prosa,prosa,PROPN,784,Gattung ,,
einleitung,einleitung,NOUN,783,Poetologie,,
geschichtlich,geschichtlich,ADV,782,Geschichte ,,
genannt,genannt,VERB,782,,,
verdienen,verdienen,VERB,780,,,
bruder,bruder,NOUN,779,Familie,Typ,
bewegung,bewegung,NOUN,777,,,
fahren,fahren,VERB,777,,,
unterschied,unterschied,NOUN,776,,,
pflegen,pflegen,VERB,775,,,
gründen,gründen,VERB,774,,,
vorhanden,vorhanden,ADV,771,,,
streben,streben,VERB,770,Disziplin,,
stellung,stellung,NOUN,770,,,
herrlich,herrlich,ADV,768,positive Bewertung,,
fehler,fehler,NOUN,768,Disziplin,negative Bewertung,
erinnern,erinnern,VERB,766,Idealismus,,
religiös,religiös,ADV,764,Theologie,,
üben,üben,VERB,764,Praktik ,,
element,element,NOUN,763,Medium,,
mündlich,mündlich,ADV,762,Praktik,,
studium,studium,NOUN,753,Praktik,,
tochter,tochter,NOUN,753,Gender,Form,
vorliegend,vorliegend,ADV,753,,,
verbinden,verbinden,VERB,751,Praktik,,
punkt,punkt,NOUN,751,Sprache,,
meister,meister,NOUN,748,Höhe,Typ,
zeichen,zeichen,NOUN,746,Poetologie,,
wenden,wenden,VERB,746,,,
boden,boden,NOUN,745,,,
dichten,dichten,VERB,744,Poetologie,Praktik,
lust,lust,NOUN,741,positive Bewertung,,
ruhen,ruhen,VERB,740,,,
gewalt,gewalt,NOUN,738,Agonalität,,
gestalten,gestalten,VERB,734,Poetologie,Praktik,
darstellen,darstellen,VERB,733,Poetologie,Praktik,
besprechung,besprechung,NOUN,732,Praktik,,
haupt,haupt,NOUN,731,Beschreibung,,
gründlich,gründlich,ADV,730,Höhe,positive Bewertung ,
abhandlung,abhandlung,NOUN,729,Poetologie,Gattung,
vorzugsweise,vorzugsweise,ADV,727,,,
sonne,sonne,NOUN,726,Welt,,
vergessen,vergessen,VERB,724,Idealismus,,
grad,grad,ADV,722,,,
gefahr,gefahr,NOUN,720,Agonalität,,
frisch,frisch,ADV,719,Höhe ,,
auftreten,auftreten,VERB,718,Poetologie,,
en,en,X,716,,,
nation,nation,NOUN,712,Nation,,
stil,stil,NOUN,708,Poetologie,Sprache,
unterscheiden,unterscheiden,VERB,705,Praktik ,,
scene,scene,NOUN,705,Poetologie,Unterteilung,
regel,regel,NOUN,705,Disziplin,,
antik,antik,NOUN,704,Zeit,Klassik,
ausdrücken,ausdrücken,VERB,704,Praktik,Nennen,
sprachlich,sprachlich,ADV,704,Sprache ,,
stimmung,stimmung,NOUN,701,Emotion ,,
meinung,meinung,NOUN,700,Praktik,Bewertung,
thätigkei,thätigkei,PROPN,699,,,
fürst,fürst,NOUN,698,,,
versuchen,versuchen,VERB,698,,,
vortragen,vortragen,VERB,695,Praktik ,Methode ,
augenblick,augenblick,NOUN,692,Zeit,,
richten,richten,VERB,692,,,
vollkommen,vollkommen,ADV,691,Ästhetik,positive Bewertung ,
absicht,absicht,NOUN,690,,,
erziehung,erziehung,NOUN,686,Pädagogik,Disziplin,
pädagogisch,pädagogisch,ADV,686,Pädagogik,,
philosophisch,philosophisch,ADV,683,Philsophie,,
schicksal,schicksal,NOUN,682,Disziplin,,
angemessen,angemessen,ADV,682,positive Bewertung,,
eng,eng,ADV,681,Beschreibung,,
christlich,christlich,ADV,681,Theologie,,
folge,folge,VERB,676,,,
gethan,gethan,VERB,675,,,
vergleichen,vergleichen,VERB,673,Methode,Praktik ,
gegenwart,gegenwart,NOUN,673,Zeit,,
graf,graf,PROPN,672,Typ,Narrativ,
meer,meer,NOUN,671,Welt,,
friedrich,friedrich,PROPN,670,Person,Literatur,Historisch 
menschen,menschen,NOUN,670,Anthropologie,,
lieber,lieber,ADV,669,Beschreibung,,
regeln,regeln,VERB,669,Disziplin,,
entstehen,entstehen,VERB,665,,,
iphigenien,iphigenien,NOUN,663,Literatur ,Person,Klassik
brechen,brechen,VERB,660,,,
verfahren,verfahren,NOUN,659,Praktik,,
empfehlen,empfehlen,VERB,659,,,
qüllen,qüllen,NOUN,658,Produktionsästhetik,Wörtlich,Provenienz
verlassen,verlassen,VERB,657,,,
beweisen,beweisen,VERB,655,Logik ,,
ruhig,ruhig,ADV,654,Beschreibung,,
bedenken,bedenken,NOUN,654,,,
entwickeln,entwickeln,VERB,653,,,
sorgen,sorgen,VERB,652,,,
vorzüglich,vorzüglich,ADV,649,positive Bewertung,,
steht,steht,VERB,649,,,
gen,gen,ADP,648,,,
mächtig,mächtig,ADV,648,Höhe,Bewertung,
völlig,völlig,ADV,648,Höhe,,
leiden,leiden,VERB,648,Negation,,
raum,raum,NOUN,647,Raum,,
anspruch,anspruch,NOUN,643,,,
logisch,logisch,ADV,640,Beschreibung,Logik,
falsch,falsch,ADV,638,negative Bewertung,,
einheit,einheit,NOUN,637,Idealismus,,
erfüllen,erfüllen,VERB,634,,,
sinnlich,sinnlich,ADV,633,Beschreibung,Ästhetik,
übersetzung,übersetzung,NOUN,632,Nation,Poetologie,
gebiet,gebiet,NOUN,632,Raum,,
sitzen,sitzen,VERB,632,,,
lieb,lieb,ADV,631,postive Bewertung,,
episch,episch,ADV,631,Beschreibung,Poetologie,Gattung
beschränken,beschränken,VERB,631,,,
eindruck,eindruck,NOUN,628,Ästhetik,Körper,
treffen,treffen,VERB,625,,,
grimm,grimm,PROPN,624,Person,Schriftsteller,
modern,modern,ADV,624,Beschreibung,Ästhetik,
abschnitt,abschnitt,NOUN,622,Unterteilung ,Poetologie,
tasso,tasso,PRON,621,Person,Literatur,Historisch 
grundlage,grundlage,NOUN,620,,,
bestimmung,bestimmung,NOUN,619,Disziplin,,
vertrauen,vertraün,NOUN,616,positive Bewertung,,
nächst,nächst,ADV,616,,,
religion,religion,NOUN,615,Theologie,,
schlecht,schlecht,ADV,614,negative Bewertung,,
ballade,ballade,NOUN,614,Gattung ,Lyrik,
hoffnung,hoffnung,NOUN,614,Theologie,,
gewaltig,gewaltig,ADV,613,positive Bewertung,Höhe,
geschlecht,geschlecht,NOUN,611,Gender,,
literaturgeschichte,literaturgeschichte,VERB,610,Geschichte ,,
periode,periode,NOUN,609,Gattung ,,
vortrag,vortrag,NOUN,607,Methode,Praktik,
gesichtspunkt,gesichtspunkt,VERB,605,,,
königs,königs,PROPN,604,Narrativ,,
prima,prima,ADV,603,Schule,,
wählen,wählen,VERB,600,,,
dunkel,dunkel,ADV,600,Tiefe,Beschreibung ,
genügen,genügen,VERB,600,,,
abschneiden,abschneiden,VERB,600,,,
brief,brief,NOUN,600,Gattung ,,
aufnehmen,aufnehmen,VERB,597,,,
leute,leute,NOUN,597,,,
innig,innig,ADV,596,Idealismus,,
hart,hart,ADV,596,,,
minder,minder,ADV,596,negative Bewertung,,
könnte,könnte,AUX,596,,,
luther,luther,PROPN,595,Person,Historisch,
anwendung,anwendung,NOUN,595,Praktik,,
mangel,mangel,NOUN,594,negative Bewertung,,
übrigens,übrigens,ADV,593,,,
rasch,rasch,ADV,593,,,
erfolg,erfolg,NOUN,592,positive Bewertung,,
kräftig,kräftig,ADV,590,positive Bewertung,,
aufmerksam,aufmerksam,ADV,590,Praktik,,
hagen,hagen,PROPN,589,Person,Literatur,
bürger,bürger,NOUN,589,Typ,,
schmerz,schmerz,NOUN,588,negative Bewertung,,
zweifel,zweifel,NOUN,588,negative Bewertung,,
moment,moment,NOUN,586,,,
maria,maria,PROPN,585,Person,Literatur,Historisch 
besitzen,besitzen,VERB,584,Idealismus,,
sterben,sterben,VERB,584,Negation,,
empfinden,empfinden,VERB,583,Emotion ,,
zeile,zeile,NOUN,581,Poetologie,Unterteilung,
lyrisch,lyrisch,ADV,581,Beschreibung,Poetologie,Gattung
ansehen,ansehen,VERB,580,Sinnlich,Praktik,
eltern,eltern,NOUN,579,Alter,Typ,Familie
gegenwärtig,gegenwärtig,ADV,579,,,
leisten,leisten,VERB,579,,,
menge,menge,NOUN,578,,,
ausführlich,ausführlich,ADV,578,Beschreibung,Methode ,
kopf,kopf,NOUN,578,Körper,,
vergleichung,vergleichung,NOUN,577,Methode,Praktik,
politisch,politisch,ADV,576,Politik,,
könne,könne,AUX,575,,,
vielfach,vielfach,ADV,575,,,
ordnung,ordnung,NOUN,575,Disziplin,,
messen,messen,VERB,573,,,
herder,herder,PROPN,572,Person,Schriftsteller,
dringen,dringen,VERB,569,,,
möglichst,möglichst,ADV,569,,,
spielen,spielen,VERB,568,Praktik ,,
schwierigkeit,schwierigkeit,NOUN,567,,,
benutzen,benutzen,VERB,567,,,
gemüth,gemüth,NOUN,566,,,
würdig,würdig,ADV,566,positive Bewertung,,
weise,weise,NOUN,566,,,
dorothea,dorothea,X,565,Literatur ,Person ,
dichterisch,dichterisch,ADV,565,Beschreibung,Poetologie,
ausführung,ausführung,NOUN,564,Praktik,,
krieg,krieg,NOUN,563,Negation,Alterität,
bewegen,bewegen,VERB,563,,,
einsicht,einsicht,NOUN,563,Idealismus,,
schauen,schaün,PROPN,563,,,
unterrichten,unterrichten,VERB,562,Schule,Praktik,
nibelungenlied,nibelungenlied,NOUN,561,Literatur ,,
hinsicht,hinsicht,NOUN,561,,,
frieden,frieden,NOUN,560,Politik,,
fülle,fülle,VERB,560,,,
aufmerksamkeit,aufmerksamkeit,NOUN,560,Disziplin,,
menschheit,menschheit,NOUN,558,Anthropologie,,
siegfried,siegfried,PROPN,558,Person,Literatur,
erwarten,erwarten,VERB,557,,,
grundsatz,grundsatz,NOUN,555,,,
weib,weib,NOUN,554,Typ,Gender,Fem
greifen,greifen,VERB,553,,,
wunderbar,wunderbar,ADV,553,positive Bewertung,,
wirklichkeit,wirklichkeit,NOUN,550,Welt,,
frucht,frucht,NOUN,550,,,
erläuterung,erläuterung,NOUN,550,Praktik,Methode ,
dienst,dienst,NOUN,548,Disziplin,,
entscheiden,entscheiden,VERB,548,,,
einfluß,einfluß,NOUN,546,,,
standpunkt,standpunkt,NOUN,546,,,
angeben,angeben,VERB,545,,,
hinaus,hinaus,ADP,544,Raum,,
schuld,schuld,NOUN,544,negative Bewertung,,
echt,echt,ADV,543,Höhe,Beschreibung ,
wasser,wasser,NOUN,542,Welt,Narrativ,
göttlich,göttlich,ADV,539,Theologie,Beschreibung ,
ergreifen,ergreifen,VERB,538,Ästhetik,Wirkung,
giebt,giebt,VERB,538,,,
herzen,herzen,NOUN,536,Körper,,
blut,blut,NOUN,536,Körper,Narrativ,
tot,tot,ADV,535,Negation,,
fromm,fromm,ADV,534,Theologie,Beschreibung ,
brust,brust,NOUN,534,Körper,,
sitte,sitte,NOUN,533,Disziplin,Moral ,
umstand,umstand,NOUN,533,,,
gelesen,gelesen,VERB,533,Praktik,Lesen,
material,material,NOUN,533,Lehrmedien,,
homer,homer,PROPN,532,Person,Schriftsteller,
pflicht,pflicht,NOUN,532,Disziplin,Moral ,
sogenannt,sogenannt,VERB,532,,,
jugendlich,jugendlich,ADV,531,Alter,Beschreibung ,
werfen,werfen,VERB,524,,,
trefflich,trefflich,ADV,523,positive Bewertung,,
klingen,klingen,VERB,522,,,
urtheil,urtheil,NOUN,522,Bewertung,,
grieche,grieche,ADJ,521,Klassik,,
wunsch,wunsch,NOUN,521,,,
baum,baum,NOUN,519,,,
tugend,tugend,NOUN,519,Disziplin,Moral ,
kühn,kühn,ADV,519,Person,Bewertung,
entsprechen,entsprechen,VERB,519,,,
geschick,geschick,PROPN,519,positive Bewertung,,
ausbildung,ausbildung,NOUN,518,Schule,Institution,
blicken,blicken,VERB,518,Sinnlich,Ästhetik,
prosaisch,prosaisch,ADV,517,Beschreibung,Poetologie,Gattung
entwicklung,entwicklung,NOUN,515,,,
erscheint,erscheint,VERB,515,,,
plötzlich,plötzlich,ADV,514,,,
ausgabe,ausgabe,NOUN,513,,,
verwenden,verwenden,VERB,512,,,
dieß,dieß,ADV,512,,,
beschreibung,beschreibung,NOUN,512,Praktik,,
kirche,kirche,NOUN,512,Theologie,,
vorzug,vorzug,NOUN,510,,,
gelangen,gelangen,VERB,510,,,
eintreten,eintreten,VERB,510,,,
breit,breit,ADV,508,,,
persönlich,persönlich,ADV,508,,,
auflage,auflage,NOUN,505,,,
notwendigkeit,notwendigkeit,NOUN,505,Logik,,
schritt,schritt,NOUN,505,,,
gelten,gelten,VERB,505,,,
passend,passend,ADV,505,positive Bewertung,,
zukunft,zukunft,NOUN,504,Zeit,,
fuß,fuß,PROPN,503,,,
tragödie,tragödie,NOUN,503,Gatung,Poetologie,
wahrhaft,wahrhaft,ADV,502,Höhe,Beschreibung ,Ästhetik
geliebt,geliebt,VERB,502,,,
schwach,schwach,ADV,501,negative Bewertung,,
gelingen,gelingen,VERB,501,,,
walther,walther,PROPN,500,Person,Literatur,
buchen,buchen,VERB,500,,,
offenbar,offenbar,ADV,500,,,
behaupten,behaupten,VERB,498,,,
leiten,leiten,VERB,498,,,
außerdem,außerdem,ADV,498,,,
eigenthümlich,eigenthümlich,ADV,497,Bewertung,,
wagen,wagen,VERB,497,,,
heinrich,heinrich,PROPN,497,Person,Literatur,
verhalten,verhalten,VERB,497,,,
geradezu,geradezu,ADV,497,,,
kämpfen,kämpfen,VERB,496,Agonalität,,
reichtum,reichtum,NOUN,494,,,
proben,proben,VERB,494,Praxis,,
schiff,schiff,NOUN,491,,,
gesund,gesund,ADV,491,positive Bewertung,,
familie,familie,NOUN,488,Typ,Haus,
gedanken,gedanken,NOUN,487,Idealismus,,
wilhelm,wilhelm,PROPN,487,Person,Literatur,Historisch 
volkslied,volkslied,NOUN,487,Gattung ,Lyrik,
vollendet,vollendet,VERB,486,,,
begeisterung,begeisterung,NOUN,486,,,
kritik,kritik,NOUN,486,negative Bewertung,,
moralisch,moralisch,ADV,486,Moral,Beschreibung ,
höchst,höchst,ADV,485,,,
märchen,märchen,NOUN,485,Beschreibung,Poetologie,Gattung
hätte,hätte,AUX,485,,,
staat,staat,NOUN,485,Politik,,
grün,grün,ADV,484,Beschreibung,,
gesinnung,gesinnung,NOUN,484,Nation,,
dramas,dramas,NOUN,484,Gattung ,Poetologie,
zustand,zustand,NOUN,482,,,
plan,plan,NOUN,481,,,
herausgeber,herausgeber,NOUN,480,,,
geschmack,geschmack,NOUN,480,Ästhetik,postive Bewertung,
nieder,nieder,ADV,480,,,
fällen,fällen,VERB,480,,,
erinnerung,erinnerung,NOUN,480,Idealismus,,
viert,viert,ADV,479,,,
liebe,liebe,VERB,479,Emotion ,,
antwort,antwort,NOUN,476,,,
unmöglich,unmöglich,ADV,474,,,
steigen,steigen,VERB,473,,,
scheint,scheint,VERB,473,,,
minna,minna,PROPN,473,Person,Literatur,Historisch 
berlin,berlin,PROPN,471,Ort,,
beziehen,beziehen,VERB,471,,,
ansichten,ansichten,NOUN,471,,,
öffentlich,öffentlich,ADV,470,,,
absehen,absehen,VERB,467,,,
sodann,sodann,ADV,467,,,
bearbeitung,bearbeitung,NOUN,466,Praktik,,
beschäftigung,beschäftigung,NOUN,465,Praktik,,
bedeuten,bedeuten,VERB,464,,,
genießen,genießen,VERB,462,,,
neigung,neigung,NOUN,462,,,
prüfung,prüfung,NOUN,461,Praktik,Schule,
klassiker,klassiker,NOUN,460,Typ,Ästhetik,
lebhaft,lebhaft,ADV,459,Beschreibung,,
betrifft,betrifft,VERB,459,,,
römisch,römisch,ADV,459,Klassik,,
wecken,wecken,VERB,458,,,
erwerben,erwerben,VERB,455,,,
lösen,lösen,VERB,455,,,
voraus,voraus,ADV,455,Zeit,Raum ,
spiel,spiel,NOUN,454,Narrativ,,
mittler,mittler,NOUN,452,,,
unrecht,unrecht,NOUN,452,,,
volksschule,volksschule,NOUN,451,Schule,,
allmählich,allmählich,ADV,451,,,
tellheim,tellheim,PROPN,451,Person,Literatur,
hängen,hängen,VERB,450,,,
kenntniß,kenntniß,NOUN,450,,,
empfangen,empfangen,VERB,449,,,
wiederholt,wiederholt,ADV,449,,,
vorig,vorig,ADV,448,,,
ach,ach,X,448,,,
feind,feind,NOUN,448,Agonalität,Alterität,
gemeinsam,gemeinsam,ADV,447,,,
gudrun,gudrun,PROPN,447,Person,Literatur,
genuß,genuß,NOUN,446,,,
muster,muster,NOUN,446,Lehrmedien,,
faust,faust,PROPN,446,Person,Literatur,
urteil,urteil,NOUN,446,Bewertung,,
wendung,wendung,NOUN,445,,,
angeführt,angeführt,VERB,444,,,
furcht,furcht,NOUN,444,Emotion ,,
leidenschaft,leidenschaft,NOUN,443,Emotion ,,
gattung,gattung,NOUN,441,Gattung ,,
annehmen,annehmen,VERB,440,,,
freudig,freudig,ADV,439,positive Bewertung,,
verwandt,verwandt,VERB,439,,,
anordnung,anordnung,NOUN,439,Praxis,,
gehörig,gehörig,ADV,437,,,
vorgang,vorgang,NOUN,437,,,
gebrauchen,gebrauchen,VERB,437,,,
bedürfnis,bedürfnis,NOUN,436,,,
schildern,schildern,VERB,434,Praktik,,
laufen,laufen,VERB,434,,,
gespräch,gespräch,NOUN,433,Praktik,,
reisen,reisen,VERB,433,,,
disposition,disposition,NOUN,433,Praktik,Methode ,
vergl,vergl,VERB,432,,,
vorbereitung,vorbereitung,NOUN,432,Praktik,Methode ,
kultur,kultur,NOUN,430,Welt,,
heben,heben,VERB,430,,,
unglück,unglück,NOUN,430,negative Bewertung ,,
entfernt,entfernt,ADV,428,,,
wachsen,wachsen,VERB,428,,,
erhaben,erhaben,ADV,427,Höhe,Beschreibung ,Ästhetik
sturm,sturm,NOUN,427,Narrativ,,
unendlich,unendlich,ADV,425,Höhe,Beschreibung ,Ästhetik
schaden,schaden,VERB,424,,,
charakteristikum,charakteristikum,PROPN,424,Beschreibung,,
feinden,feinden,NOUN,424,Agonalität,,
anschaulich,anschaulich,ADV,423,Beschreibung,Ästhetik,
gewähren,gewähren,VERB,423,,,
herzog,herzog,PROPN,422,Typ,Literatur,
mühe,mühe,NOUN,420,,,
bezug,bezug,NOUN,420,,,
altertum,altertum,NOUN,418,Klassik,,
fertigkeit,fertigkeit,NOUN,418,,,
schwester,schwester,NOUN,417,Typ,Familie,
frankreich,frankreich,PROPN,417,Nation,,
prinz,prinz,NOUN,417,Narrativ,,
rechnen,rechnen,VERB,416,,,
burg,burg,PROPN,415,Ort,Literatur,
kehren,kehren,VERB,415,,,
erwähnen,erwähnen,VERB,415,,,
freundlich,freundlich,ADV,415,positive Bewertung,,
wolf,wolf,PROPN,413,Narrativ,Person,
blume,blume,PROPN,413,Narrativ,Natur,
brauen,braün,NOUN,413,,,
richter,richter,NOUN,412,Typ,Politik,
klarheit,klarheit,NOUN,412,positive Bewertung,,
scheiden,scheiden,VERB,412,,,
hoffen,hoffen,VERB,411,,,
bewußt,bewußt,ADV,411,,,
zielen,zielen,VERB,411,,,
teils,teils,ADV,411,,,
kunstwerk,kunstwerk,NOUN,410,Ästhetik,,
christentum,christentum,NOUN,410,Theologie,,
zögling,zögling,PROPN,409,Disziplin,Typ,Schule
königin,königin,NOUN,409,,,
platz,platz,NOUN,409,,,
schätzen,schätzen,VERB,408,,,
eingehend,eingehend,ADV,408,,,
wallenstei,wallenstei,NOUN,408,Person,Literatur ,
is,is,X,406,,,
bezeichnung,bezeichnung,NOUN,405,Beschreibung,,
frühling,frühling,NOUN,405,Zeit,,
anzahl,anzahl,NOUN,404,,,
ei,ei,X,404,,,
verständniß,verständniß,NOUN,403,,,
fördern,fördern,VERB,403,,,
größe,größe,NOUN,402,Beschreibung,positive Bewertung,
worauf,worauf,SCONJ,402,,,
tertia,tertia,PROPN,402,Schule,,
anstalt,anstalt,NOUN,402,Schule,,
retten,retten,VERB,401,,,
bergen,bergen,VERB,401,,,
anwenden,anwenden,VERB,399,,,
dergleichen,dergleichen,PRON,397,,,
versuch,versuch,NOUN,397,,,
gefunden,gefunden,VERB,396,,,
eigenschaft,eigenschaft,NOUN,396,,,
luft,luft,NOUN,396,,,
anleitung,anleitung,NOUN,396,Praktik,,
gedichte,gedichte,NOUN,395,Gattung ,Poetologie,
ludwig,ludwig,PROPN,394,Person,,
zart,zart,ADV,394,,,
mittelhochdeutsch,mittelhochdeutsch,ADV,394,Beschreibung,Poetologie,Sprache
schweigen,schweigen,VERB,393,,,
gewonnen,gewonnen,VERB,393,,,
bekommen,bekommen,VERB,392,,,
anmerkung,anmerkung,NOUN,392,,,
farbe,farbe,NOUN,391,,,
vorwurf,vorwurf,NOUN,391,,,
schlacht,schlacht,NOUN,391,Welt,,
offen,offen,ADV,390,,,
verhältniß,verhältniß,NOUN,390,,,
erörterung,erörterung,NOUN,390,Praktik,Methode ,
äußerlich,äußerlich,ADV,390,,,
universität,universität,NOUN,390,Wissenschaft,,
glanz,glanz,NOUN,389,,,
glänzend,glänzend,ADV,388,positive Bewertung,,
stein,stein,NOUN,388,,,
weichen,weichen,VERB,387,,,
müsse,müsse,AUX,387,,,
persönlichkeit,persönlichkeit,NOUN,386,positive Bewertung,,
ausdrücklich,ausdrücklich,ADV,385,,,
maß,maß,NOUN,384,,,
nathan,nathan,PROPN,383,Person,Literatur,
bitten,bitten,VERB,382,,,
fähigkeit,fähigkeit,NOUN,382,,,
landen,landen,VERB,381,,,
häuslich,häuslich,ADV,381,Haus,,
begründen,begründen,VERB,380,,,
poetik,pötik,NOUN,380,Poetologie,,
furchtbar,furchtbar,ADV,379,negative Bewertung,,
stehend,stehend,ADV,379,,,
liefern,liefern,VERB,378,,,
heutig,heutig,ADV,378,,,
tüchtig,tüchtig,ADV,377,positive Bewertung,,
sehnsucht,sehnsucht,NOUN,377,Bewertung,,
philosophie,philosophie,NOUN,377,Idealismus,,
preis,preis,NOUN,376,,,
tragisch,tragisch,ADV,375,Beschreibung,Poetologie,Gattung
kriemhild,kriemhild,NOUN,375,Person,Literatur,
klagen,klagen,VERB,374,,,
pferd,pferd,NOUN,373,Narrativ,Tier,
rhetorisch,rhetorisch,ADV,373,Beschreibung,Poetologie,
resultat,resultat,NOUN,373,,,
realschule,realschule,NOUN,373,Schule ,,
ausgesprochen,ausgesprochen,VERB,372,,,
cäsar,cäsar,PROPN,370,Person,Literatur,Historisch 
besprechen,besprechen,VERB,369,,,
fortschreiten,fortschreiten,VERB,369,,,
besitz,besitz,NOUN,369,,,
mitte,mitte,NOUN,368,,,
versetzen,versetzen,VERB,368,,,
erregen,erregen,VERB,368,,,
künftig,künftig,ADV,368,Zeit,,
rhetorik,rhetorik,ADV,368,Rhetorik,,
deuten,deuten,VERB,367,Praktik ,,
überlassen,überlassen,VERB,367,,,
weiblich,weiblich,ADV,366,Gender,Fem,
zeichnen,zeichnen,VERB,366,,,
verfolgen,verfolgen,VERB,366,,,
studie,studie,NOUN,366,Wissenschaft ,,
sicherheit,sicherheit,NOUN,365,,,
wichtigkeit,wichtigkeit,NOUN,365,,,
theorie,theorie,NOUN,365,Wissenschaft ,,
formal,formal,ADV,365,Beschreibung,Poetologie,
shakespeare,shakespeare,PROPN,363,Person,Schriftsteller,
lieblich,lieblich,ADV,362,,,
mild,mild,ADV,362,,,
künstlerisch,künstlerisch,ADV,362,Beschreibung,Ästhetik,
hälfte,hälfte,NOUN,362,,,
geschrieben,geschrieben,VERB,362,,,
schrecken,schrecken,VERB,361,,,
irdisch,irdisch,ADV,361,Säkular,,
bewahren,bewahren,VERB,360,,,
thrän,thrän,PROPN,360,,,
möchte,möchte,AUX,360,,,
belehrung,belehrung,NOUN,359,Praktik,Wissen,
antworten,antworten,NOUN,359,,,
gesellschaft,gesellschaft,NOUN,359,,,
knüpfen,knüpfen,VERB,358,,,
rückert,rückert,VERB,358,,,
wunder,wunder,NOUN,357,Religion ,,
widerspruch,widerspruch,NOUN,357,,,
individüll,individüll,NOUN,357,,,
worte,worte,NOUN,356,Sprache,,
süß,süß,ADV,356,,,
ergeben,ergeben,VERB,356,,,
hauptsächlich,hauptsächlich,ADV,355,,,
hervorheben,hervorheben,VERB,354,,,
gemäß,gemäß,ADV,354,Bewertung,,
bildend,bildend,ADV,353,Pädagogik,,
lösung,lösung,NOUN,353,,,
streit,streit,NOUN,353,Agonalität,,
sprachunterricht,sprachunterricht,NOUN,352,Schule,,
anfangs,anfangs,ADV,352,,,
andre,andre,ADV,351,,,
aufnahme,aufnahme,NOUN,351,,,
gehalt,gehalt,NOUN,351,,,
beweis,beweis,NOUN,350,,,
schicken,schicken,VERB,349,,,
einführung,einführung,NOUN,349,,,
leise,leise,ADV,349,Tiefe,Metapher,
herrschaft,herrschaft,NOUN,349,,,
nützlich,nützlich,ADV,349,,,
freuen,freün,NOUN,348,,,
rücken,rücken,VERB,348,,,
jäger,jäger,NOUN,348,,,
thatsach,thatsach,PROPN,348,,,
niemals,niemals,ADV,347,,,
stilistisch,stilistisch,ADV,347,Beschreibung,Sprache,Ästhetik
bemerkt,bemerkt,VERB,346,,,
überzeugung,überzeugung,NOUN,346,,,
abtheilung,abtheilung,NOUN,345,,,
heiter,heiter,PROPN,344,,,
gestellt,gestellt,VERB,344,,,
übel,übel,ADV,343,,,
rache,rache,NOUN,343,,,
winter,winter,PROPN,343,Zeit,,
betreffen,betreffen,VERB,342,,,
gemüt,gemüt,NOUN,342,Emotion ,,
litterarisch,litterarisch,ADV,341,Poetologie,Beschreibung ,
frage,frage,NOUN,340,,,
trennen,trennen,VERB,339,,,
feuer,feür,PROPN,339,,,
beruhen,beruhen,VERB,339,,,
entwickelt,entwickelt,VERB,339,,,
übersicht,übersicht,NOUN,338,,,
ereignis,ereignis,NOUN,338,,,
stern,stern,PROPN,337,Welt,,
behalten,behalten,VERB,337,,,
vaterländisch,vaterländisch,NOUN,336,Nation,Patriotisch ,
rhein,rhein,PROPN,336,Welt,,
glocke,glocke,NOUN,336,Literatur ,,
traurig,traurig,ADV,335,Emotion ,,
vorschlag,vorschlag,NOUN,335,,,
titel,titel,NOUN,335,,,
zweckmäßig,zweckmäßig,ADV,334,,,
vermeiden,vermeiden,VERB,334,,,
hinzu,hinzu,ADV,334,,,
selbständig,selbständig,ADV,334,,,
gehört,gehört,VERB,333,Disziplin,,
verständlich,verständlich,ADV,333,positive Bewertung,,
freundschaft,freundschaft,NOUN,332,,,
reißen,reißen,VERB,332,,,
längst,längst,ADV,331,,,
bau,bau,NOUN,331,,,
wohnen,wohnen,VERB,331,Haus,,
stürzen,stürzen,VERB,331,,,
hüten,hüten,VERB,331,,,
begegnen,begegnen,VERB,330,,,
segen,segen,NOUN,329,positive Bewertung,Höhe,
wirksam,wirksam,ADV,329,,,
stärken,stärken,VERB,329,,,
reflexion,reflexion,NOUN,329,Idealismus,,
zwingen,zwingen,VERB,329,Disziplin,,
umfang,umfang,NOUN,329,,,
strom,strom,NOUN,328,,,
verderben,verderben,VERB,328,,,
schlimm,schlimm,ADV,328,,,
vertreten,vertreten,VERB,328,,,
erwecken,erwecken,VERB,327,,,
fassung,fassung,NOUN,327,,,
spruch,spruch,NOUN,327,,,
vernehmen,vernehmen,VERB,326,,,
männlich,männlich,ADV,326,Gender,Mask,
liegend,liegend,ADV,326,,,
charakteristisch,charakteristisch,ADV,326,,,
umgekehrt,umgekehrt,ADV,326,,,
as,as,X,326,,,
verschiedenheit,verschiedenheit,NOUN,325,,,
behauptung,behauptung,NOUN,325,,,
leipzig,leipzig,PROPN,324,Ort,,
veranlassung,veranlassung,NOUN,324,,,
fuchs,fuchs,PROPN,324,,,
don,don,X,323,,,
auffassen,auffassen,VERB,323,,,
fürchten,fürchten,VERB,323,,,
gerecht,gerecht,ADV,323,,,
gemein,gemein,ADV,323,,,
unbekannt,unbekannt,ADV,323,,,
gliedern,gliedern,VERB,322,,,
altdeutsch,altdeutsch,ADV,322,Beschreibung,Poetologie,Sprache 
romantisch,romantisch,ADV,322,Beschreibung,Poetologie,
unglücklich,unglücklich,ADV,322,Emotion ,,
vortrefflich,vortrefflich,ADV,322,,,
behandelt,behandelt,VERB,322,,,
hauptsache,hauptsache,ADV,322,,,
weisheit,weisheit,NOUN,321,positive Bewertung,Höhe,
gestaltung,gestaltung,NOUN,320,,,
bedingung,bedingung,NOUN,320,,,
sorgfältig,sorgfältig,ADV,320,positive Bewertung,,
ausnahme,ausnahme,NOUN,319,,,
vorkommen,vorkommen,VERB,319,,,
waffe,waffe,NOUN,319,Welt,,
veranlassen,veranlassen,VERB,319,,,
begebenheit,begebenheit,NOUN,318,,,
anlage,anlage,NOUN,318,,,
beschäftigen,beschäftigen,VERB,318,Praktik,,
erwähnt,erwähnt,VERB,318,,,
objektiv,objektiv,ADV,317,positive Bewertung,Wissen,
wechsel,wechsel,PROPN,317,,,
vergangenheit,vergangenheit,NOUN,316,Zeit,,
golden,golden,ADV,315,,,
englisch,englisch,ADV,315,Sprache,Nation,
einführen,einführen,VERB,314,,,
grenze,grenze,NOUN,314,,,
anerkennung,anerkennung,NOUN,314,,,
geltend,geltend,ADV,314,,,
verstand,verstand,VERB,313,,,
wiederholung,wiederholung,NOUN,313,Praktik,Methode ,
gewinn,gewinn,NOUN,313,,,
welch,welch,ADV,313,,,
theoretisch,theoretisch,ADV,313,,,
scenen,scenen,NOUN,312,Unterteilung ,Poetologie,
nachweisen,nachweisen,VERB,311,,,
bezeichnet,bezeichnet,VERB,311,,,
geistlich,geistlich,ADV,311,Theologie,,
fröhlich,fröhlich,ADV,310,,,
dichtkunst,dichtkunst,PROPN,310,Ästhetik,Poetologie,
robinson,robinson,PROPN,310,Person,Literatur,
trinken,trinken,VERB,309,,,
opfer,opfer,NOUN,309,Disziplin,,
logik,logik,NOUN,309,Logik,,
lesestücken,lesestücken,NOUN,309,Lehrmedien,Lesen,
abteilung,abteilung,NOUN,309,Unterteilung ,Poetologie,
befinden,befinden,VERB,308,,,
rechtfertigen,rechtfertigen,VERB,308,,,
ehren,ehren,VERB,307,,,
tendenz,tendenz,NOUN,307,,,
sanft,sanft,ADV,307,,,
herrschen,herrschen,VERB,306,,,
bereit,bereit,ADV,306,,,
schwarz,schwarz,ADV,306,Farbe,,
franzose,franzose,NOUN,306,Nation,,
sprachen,sprachen,VERB,305,,,
römer,römer,PROPN,305,Typ,Historisch,Klassik
ursache,ursache,NOUN,304,,,
weinen,weinen,VERB,304,,,
mußte,mußte,AUX,304,,,
bauer,baür,ADV,304,Welt,,
greis,greis,VERB,303,Zeit,Alterität,
herab,herab,ADV,303,,,
verloren,verloren,VERB,303,,,
leistung,leistung,NOUN,303,,,
bringt,bringt,VERB,303,,,
entbehren,entbehren,VERB,303,,,
vermitteln,vermitteln,VERB,303,,,
schild,schild,NOUN,302,,,
schlafen,schlafen,VERB,302,,,
unbedingt,unbedingt,ADV,302,,,
hebel,hebel,NOUN,302,Person,Schriftsteller,
didaktisch,didaktisch,ADV,302,Pädagogik,Didaktik,
psychologisch,psychologisch,ADV,302,Wissenschaft,,
methodisch,methodisch,ADV,302,Methode,,
schöpfung,schöpfung,NOUN,301,Theologie,,
empor,empor,ADV,301,,,
angegeben,angegeben,VERB,301,,,
überschrift,überschrift,NOUN,301,,,
heimat,heimat,NOUN,300,Nation,Patriotisch,
ringen,ringen,VERB,300,,,
angedeutet,angedeutet,VERB,300,,,
urtheilen,urtheilen,VERB,300,,,
gegend,gegend,ADV,299,,,
preußisch,preußisch,ADV,299,Nation,Deutsch,
tier,tier,NOUN,299,Tier,Alterität,Anthropologie
treffend,treffend,ADV,298,,,
drängen,drängen,VERB,298,,,
gegner,gegner,NOUN,298,Agonalität,,
springen,springen,VERB,298,,,
ne,ne,NOUN,298,,,
spitz,spitz,ADV,298,,,
zeigt,zeigt,VERB,297,,,
übergang,übergang,NOUN,297,,,
erlauben,erlauben,VERB,297,,,
klage,klage,NOUN,297,,,
bekanntschaft,bekanntschaft,NOUN,297,,,
schatten,schatten,NOUN,296,,,
dietrich,dietrich,PROPN,296,Literatur ,Person,
erforderlich,erforderlich,ADV,296,,,
lat,lat,X,296,,,
kindlich,kindlich,ADV,295,,,
reimen,reimen,VERB,295,Poetologie,,
berücksichtigen,berücksichtigen,VERB,295,,,
berufen,berufen,VERB,294,,,
kritisch,kritisch,ADV,294,,,
praxis,praxis,NOUN,294,Praktik,,
zorn,zorn,NOUN,293,Emotion ,,
fluch,fluch,NOUN,293,,,
sammeln,sammeln,VERB,292,,,
übersetzen,übersetzen,VERB,292,,,
untergang,untergang,NOUN,292,,,
bescheiden,bescheiden,ADV,292,,,
gelegentlich,gelegentlich,ADV,292,,,
wurzel,wurzel,NOUN,291,Tiefe,,
beruf,beruf,NOUN,291,Welt,,
kürze,kürze,NOUN,291,,,
ordnen,ordnen,VERB,290,,,
berühren,berühren,VERB,290,,,
gewählt,gewählt,VERB,290,,,
vorreden,vorreden,VERB,290,,,
fügen,fügen,VERB,289,,,
günstig,günstig,ADV,289,,,
fesseln,fesseln,VERB,289,,,
möglichkeit,möglichkeit,NOUN,289,,,
lehrbuch,lehrbuch,NOUN,289,Lehrmedien,,
ring,ring,PROPN,288,,,
steigern,steigern,VERB,288,,,
lyrik,lyrik,NOUN,288,Gattung ,Lyrik,Poetologie
lesebücher,lesebücher,NOUN,288,Lesen,Lehrmedien,
ahnung,ahnung,NOUN,287,,,
schlegel,schlegel,NOUN,287,Person,Schriftsteller,
thier,thier,PROPN,287,,,
kalt,kalt,ADV,287,Emotion ,,
indes,indes,ADV,287,,,
gefangen,gefangen,VERB,286,Narrativ ,,
musik,musik,NOUN,286,,,
fruchtbar,fruchtbar,ADV,286,,,
roland,roland,PROPN,286,Person,Literatur,Historisch 
gliederung,gliederung,NOUN,285,,,
bedingt,bedingt,ADV,285,,,
mittheilung,mittheilung,NOUN,285,,,
programm,programm,NOUN,285,Unterteilung ,,
aussicht,aussicht,NOUN,285,,,
fleiß,fleiß,NOUN,284,positive Bewertung,Disziplin,
andeuten,andeuten,VERB,284,,,
walten,walten,VERB,284,,,
geschieht,geschieht,VERB,283,,,
vorlesen,vorlesen,VERB,283,Praktik,Lesen,
angenehm,angenehm,ADV,283,,,
übergehen,übergehen,VERB,282,,,
tagen,tagen,NOUN,282,,,
anblick,anblick,PROPN,282,Ästhetik,Sinnlich,
unternehmen,unternehmen,NOUN,281,,,
graben,graben,VERB,281,,,
andeutung,andeutung,NOUN,281,,,
bereiten,bereiten,VERB,281,,,
blatt,blatt,NOUN,281,,,
schutz,schutz,NOUN,281,,,
vogel,vogel,PROPN,281,Welt,,
fünf,fünf,NUM,281,,,
gebot,gebot,NOUN,280,,,
rettung,rettung,NOUN,280,,,
spricht,spricht,VERB,280,,,
flucht,flucht,NOUN,280,,,
berechtigt,berechtigt,VERB,280,,,
preisen,preisen,VERB,279,,,
zeitschrift,zeitschrift,NOUN,279,,,
wiedergeben,wiedergeben,VERB,279,,,
interessant,interessant,ADV,279,,,
dicht,dicht,ADV,278,,,
körper,körper,NOUN,278,Welt ,,
gast,gast,NOUN,278,Haus ,,
stand,stand,VERB,278,,,
mundart,mundart,X,277,Sprache ,,
lichen,lichen,ADJ,277,,,
systematisch,systematisch,ADV,277,Wissen,Unterteilung ,
aufgenommen,aufgenommen,VERB,276,,,
anforderung,anforderung,NOUN,276,,,
schulmann,schulmann,PROPN,276,Typ,Schule,Gender
erkenntnis,erkenntnis,NOUN,276,Idealismus,,
sichern,sichern,VERB,275,,,
schenken,schenken,VERB,275,,,
original,original,NOUN,275,,,
zeugen,zeugen,VERB,275,,,
wallenstein,wallenstein,PROPN,274,Person,Literatur,Historisch 
feiern,feiern,VERB,274,,,
masse,masse,NOUN,274,,,
widmen,widmen,VERB,274,,,
vernunft,vernunft,NOUN,274,Idealismus,,
einrichtung,einrichtung,NOUN,274,,,
gedächtnis,gedächtnis,NOUN,274,Idealismus,,
wiederholen,wiederholen,VERB,274,,,
erzeugen,erzeugen,VERB,273,,,
berücksichtigung,berücksichtigung,NOUN,273,,,
silbe,silbe,DET,273,,,
enden,enden,VERB,272,,,
wertvoll,wertvoll,ADV,272,positive Bewertung,Höhe,
sommer,sommer,NOUN,272,Zeit ,,
metrik,metrik,NOUN,272,Poetologie,Lyrik,
rhythmus,rhythmus,NOUN,271,Poetologie,,
gewand,gewand,ADV,271,,,
johanna,johanna,PROPN,271,Person,Literatur,Historisch 
metrisch,metrisch,ADV,270,Beschreibung,Poetologie,
erden,erden,AUX,270,,,
hält,hält,VERB,270,,,
vorbereiten,vorbereiten,VERB,270,,,
erzählt,erzählt,VERB,270,,,
dasein,dasein,NOUN,270,,,
gänzlich,gänzlich,ADV,270,,,
lachen,lachen,VERB,270,,,
eigentum,eigentum,NOUN,270,,,
max,max,PROPN,270,Person,Schriftsteller,
übersehen,übersehen,VERB,269,,,
diener,diener,NOUN,269,,,
zusammenhängend,zusammenhängend,ADV,268,,,
gedenken,gedenken,VERB,268,,,
enthält,enthält,VERB,268,,,
streichen,streichen,VERB,268,,,
lager,lager,NOUN,268,,,
betreiben,betreiben,VERB,268,,,
nachahmung,nachahmung,NOUN,268,,,
schatz,schatz,NOUN,267,,,
gebraucht,gebraucht,VERB,267,,,
wind,wind,NOUN,267,,,
wider,wider,ADP,267,Negation,,
bezeichnend,bezeichnend,ADV,267,,,
kunde,kunde,NOUN,266,,,
merken,merken,VERB,266,,,
bedürfniß,bedürfniß,NOUN,266,,,
lehrplan,lehrplan,NOUN,266,Schule,Unterteilung,
achtung,achtung,NOUN,265,,,
verweisen,verweisen,VERB,265,,,
ausschließlich,ausschließlich,ADV,265,,,
vortheil,vortheil,NOUN,264,,,
gewöhnen,gewöhnen,VERB,263,,,
gesicht,gesicht,NOUN,263,,,
christ,christ,PROPN,263,Person,Historisch,Beschreibung 
umfassend,umfassend,ADV,263,,,
aufzug,aufzug,NOUN,263,Poetologie,,
gestatten,gestatten,VERB,262,,,
äußer,äußer,PROPN,262,,,
eigenthümlichkeit,eigenthümlichkeit,NOUN,261,,,
beachten,beachten,VERB,261,,,
untersuchung,untersuchung,NOUN,261,,,
hervortreten,hervortreten,VERB,261,,,
festhalten,festhalten,VERB,261,,,
erkenntniß,erkenntniß,NOUN,261,,,
voraussetzen,voraussetzen,VERB,261,,,
gesammt,gesammt,VERB,261,,,
umgebung,umgebung,NOUN,260,,,
artikel,artikel,NOUN,260,,,
re,re,X,260,,,
haß,haß,X,260,,,
druck,druck,NOUN,260,,,
beobachtung,beobachtung,NOUN,260,,,
jetzig,jetzig,ADV,260,,,
system,system,NOUN,260,,,
zeugnis,zeugnis,NOUN,260,,,
hinweisen,hinweisen,VERB,260,,,
lebens,lebens,NOUN,259,Welt,,
elend,elend,ADV,259,,,
bildet,bildet,VERB,259,,,
berühmt,berühmt,ADV,259,,,
orthographie,orthographie,NOUN,259,Sprache ,,
wünschenswert,wünschenswert,ADV,259,,,
aristoteles,aristoteles,PROPN,259,Person,Schriftsteller,
rufen,rufen,VERB,258,,,
nahrung,nahrung,NOUN,258,,,
anerkennen,anerkennen,VERB,258,,,
elisabeth,elisabeth,PROPN,258,,,
anregung,anregung,NOUN,257,,,
wahrscheinlich,wahrscheinlich,ADV,257,,,
beurtheilung,beurtheilung,NOUN,257,,,
verfallen,verfallen,VERB,257,,,
vergnügen,vergnügen,NOUN,256,,,
hintergrund,hintergrund,NOUN,256,,,
beispielen,beispielen,NOUN,256,,,
täglich,täglich,ADV,256,,,
bürgerschule,bürgerschule,X,255,Schule ,,
begleiten,begleiten,VERB,255,,,
situation,situation,NOUN,255,,,
genügend,genügend,ADV,255,,,
königlich,königlich,ADV,255,,,
erfreuen,erfreün,PROPN,254,,,
preußen,preußen,NOUN,254,,,
verständigen,verständigen,VERB,254,,,
neigen,neigen,VERB,254,,,
abend,abend,ADV,254,,,
fehlt,fehlt,VERB,254,,,
fortwährend,fortwährend,ADV,254,,,
erlangen,erlangen,VERB,254,,,
pflanzen,pflanzen,NOUN,253,,,
pfarrer,pfarrer,NOUN,253,Theologie,Typ ,
einsam,einsam,ADV,253,,,
hund,hund,NOUN,253,,,
löwe,löwe,PROPN,253,,,
redner,redner,NOUN,253,,,
erwachen,erwachen,VERB,253,,,
geltung,geltung,NOUN,253,,,
drücken,drücken,VERB,252,,,
fluß,fluß,NOUN,252,,,
bedenklich,bedenklich,ADV,252,,,
deutschen,deutschen,ADJ,252,,,
knapp,knapp,ADV,252,,,
strahlen,strahlen,VERB,251,,,
germanisch,germanisch,ADV,251,Nation ,,
verschwinden,verschwinden,VERB,251,,,
rolle,rolle,NOUN,251,,,
pädagogik,pädagogik,NOUN,251,Pädagogik,,
sucht,sucht,VERB,250,,,
hierin,hierin,ADV,250,,,
vorhergehend,vorhergehend,ADV,249,,,
motiv,motiv,NOUN,249,Poetologie,,
traum,traum,NOUN,249,Welt ,Phantasie,
gottheit,gottheit,NOUN,249,Theologie,,
knecht,knecht,NOUN,249,,,
vereinigen,vereinigen,VERB,249,,,
versehen,versehen,VERB,249,,,
zugeben,zugeben,VERB,249,,,
alten,alten,ADJ,248,,,
besprochen,besprochen,VERB,248,,,
blau,blau,ADV,248,,,
talent,talent,NOUN,247,,,
steigerung,steigerung,NOUN,247,,,
wiegen,wiegen,VERB,247,,,
kennt,kennt,VERB,247,,,
loben,loben,VERB,246,,,
ergreifend,ergreifend,ADV,246,,,
messina,messina,PROPN,246,Ort,,
semester,semester,NOUN,246,,,
erklärt,erklärt,VERB,245,Praktik,Methode ,
überflüssig,überflüssig,ADV,245,,,
feierlich,feierlich,ADV,245,,,
stelle,stelle,VERB,245,,,
mittelalter,mittelalter,NOUN,245,Mediävistik ,,
billig,billig,ADV,245,,,
meint,meint,VERB,245,,,
schöpfen,schöpfen,VERB,244,,,
gesetzt,gesetzt,VERB,244,,,
erweitern,erweitern,VERB,244,,,
ahnen,ahnen,VERB,244,,,
antonio,antonio,PROPN,244,Person,,
romanze,romanze,NOUN,243,Prosa,Gattung ,Lyrik 
bibel,bibel,NOUN,243,Theologie,,
zauber,zauber,NOUN,243,,,
eingang,eingang,NOUN,243,,,
schillersch,schillersch,ADV,243,Beschreibung,Poetologie,Person 
zeitalter,zeitalter,NOUN,242,,,
ganzen,ganzen,PRON,242,Höhe ,,
gunst,gunst,NOUN,242,,,
überzeugen,überzeugen,VERB,242,,,
parzival,parzival,NOUN,242,Person,Literatur,
müller,müller,PROPN,241,Person,Schriftsteller,Narrativ
kriegen,kriegen,VERB,241,,,
prüfen,prüfen,VERB,241,Praktik,Schule ,
verlauf,verlauf,NOUN,241,,,
lauten,lauten,VERB,241,,,
willkommen,willkommen,ADV,241,,,
entnehmen,entnehmen,VERB,240,,,
halt,halt,ADV,240,,,
reiten,reiten,VERB,239,,,
bearbeiten,bearbeiten,VERB,239,,,
bös,bös,ADV,239,,,
vornehmen,vornehmen,VERB,239,,,
kleist,kleist,PROPN,239,Person,Schriftsteller,
eifer,eifer,NOUN,238,,,
essen,essen,VERB,238,,,
verschaffen,verschaffen,VERB,238,,,
erschienen,erschienen,VERB,238,,,
heimath,heimath,PROPN,238,Patriotisch ,Welt ,
vergleich,vergleich,NOUN,238,Methode,Praktik,
nachricht,nachricht,NOUN,238,,,
eingehen,eingehen,VERB,238,,,
prinzessin,prinzessin,NOUN,238,Typ,Gender,Fem 
gemälde,gemälde,NOUN,237,,,
kinder,kinder,NOUN,237,Typ ,Alter ,
lebend,lebend,ADV,237,,,
ergieben,ergieben,NOUN,237,,,
beschränkung,beschränkung,NOUN,236,,,
hildebrand,hildebrand,NOUN,236,Person,Literatur,
körner,körner,NOUN,236,Person,Schriftsteller ,
begnügen,begnügen,VERB,235,,,
felsen,felsen,PROPN,235,,,
zweigen,zweigen,VERB,235,,,
nähe,nähe,NOUN,235,,,
äußerung,äußerung,NOUN,235,,,
andrerseits,andrerseits,ADV,235,,,
geschäft,geschäft,NOUN,235,Welt ,,
fähig,fähig,ADV,235,,,
krone,krone,NOUN,235,,,
hervorragend,hervorragend,ADV,235,,,
geordnet,geordnet,VERB,234,,,
außerordentlich,außerordentlich,ADV,234,,,
versprechen,versprechen,VERB,234,,,
engel,engel,PROPN,234,Typ,Theologie,
quarta,quarta,PROPN,234,Schule,,
nachdenken,nachdenken,VERB,234,,,
voraussetzung,voraussetzung,NOUN,234,,,
dargestellt,dargestellt,VERB,233,,,
spannung,spannung,NOUN,233,,,
nennt,nennt,VERB,233,,,
passen,passen,VERB,233,,,
überwinden,überwinden,VERB,233,,,
philipp,philipp,PROPN,233,Person,,
betonen,betonen,VERB,233,,,
verscheiden,verscheiden,VERB,232,,,
nibelunge,nibelunge,ADJ,232,Literatur ,Person ,
erziehen,erziehen,VERB,232,,,
ethisch,ethisch,ADV,232,Moral ,,
bestimmtheit,bestimmtheit,NOUN,232,,,
blind,blind,ADV,232,,,
selbstverständlich,selbstverständlich,ADV,232,,,
fünft,fünft,ADV,231,,,
roman,roman,PROPN,231,Poetologie,Gattung,
sinken,sinken,VERB,231,,,
bewegt,bewegt,VERB,231,,,
gattin,gattin,NOUN,231,Gender,Fem,
herzlich,herzlich,ADV,231,,,
ent,ent,X,231,,,
helden,helden,NOUN,230,Typ,Narrativ,
erfüllung,erfüllung,NOUN,230,,,
mitleid,mitleid,NOUN,230,,,
befreien,befreien,VERB,230,,,
hebung,hebung,NOUN,230,,,
buchstabe,buchstabe,NOUN,230,Sprache ,,
stamm,stamm,NOUN,229,Sprache,Geschichte ,
göttin,göttin,NOUN,229,Theologie ,,
reizen,reizen,VERB,229,,,
dankbar,dankbar,ADV,229,,,
cicero,cicero,PROPN,229,Person,Schriftsteller,Klassik
hervorgehen,hervorgehen,VERB,228,,,
beobachten,beobachten,VERB,228,,,
erweisen,erweisen,VERB,228,,,
handelt,handelt,VERB,228,,,
werner,werner,PROPN,228,Person,,
leidenschaftlich,leidenschaftlich,ADV,227,,,
bericht,bericht,NOUN,227,,,
vorbild,vorbild,NOUN,227,,,
anstrengung,anstrengung,NOUN,227,,,
gebären,gebären,VERB,227,,,
mathematik,mathematik,NOUN,227,,,
hinlänglich,hinlänglich,ADV,227,,,
egmont,egmont,PROPN,226,Person,Literatur,
welle,welle,NOUN,226,,,
versteht,versteht,VERB,226,,,
höchstens,höchstens,ADV,225,,,
figur,figur,NOUN,225,,,
entschieden,entschieden,VERB,225,,,
großartig,großartig,ADV,225,,,
personen,personen,NOUN,225,,,
auffallend,auffallend,ADV,225,,,
strafe,strafe,NOUN,225,,,
gelernt,gelernt,VERB,225,,,
sünde,sünde,NOUN,225,,,
sachlich,sachlich,ADV,225,,,
üblich,üblich,ADV,224,,,
zuschauer,zuschaür,ADV,224,,,
laokoon,laokoon,X,224,Person,Literatur,
soldat,soldat,NOUN,224,,,
verlangt,verlangt,VERB,223,,,
ritterlich,ritterlich,ADV,223,positive Bewertung,Höhe,
ursprung,ursprung,NOUN,223,,,
warten,warten,VERB,223,,,
gruppe,gruppe,NOUN,223,,,
benutzung,benutzung,NOUN,223,,,
heftig,heftig,ADV,223,,,
wolke,wolke,NOUN,223,,,
träumen,träumen,VERB,223,,,
sachs,sachs,PROPN,223,Person,schriftsteller ,
schützen,schützen,VERB,223,,,
hierher,hierher,ADV,222,,,
ausführen,ausführen,VERB,222,,,
eigentümlich,eigentümlich,ADV,222,,,
bitter,bitter,ADV,221,,,
beliebt,beliebt,ADV,221,,,
bedeutsam,bedeutsam,ADV,221,,,
erhöhen,erhöhen,VERB,221,,,
bauen,baün,PROPN,221,,,
mittelpunkt,mittelpunkt,NOUN,221,,,
befriedigung,befriedigung,NOUN,220,positive Bewertung ,,
vollendung,vollendung,NOUN,220,positive Bewertung,Höhe,
gegenseitig,gegenseitig,ADV,220,,,
beleben,beleben,VERB,220,Welt,,
veränderung,veränderung,NOUN,220,,,
schauspiel,schauspiel,NOUN,220,,,
patriotisch,patriotisch,ADV,220,Nation,Patriotisch,
schrecklich,schrecklich,ADV,219,,,
absichtlich,absichtlich,ADV,219,,,
entziehen,entziehen,VERB,219,,,
anregen,anregen,VERB,219,,,
hiecken,hiecken,VERB,219,Didaktik,Person ,
begriff,begriff,NOUN,219,Sprache ,Wissen ,
erzeugnis,erzeugnis,PROPN,218,,,
stoßen,stoßen,VERB,218,,,
vorführen,vorführen,VERB,218,,,
glaubt,glaubt,VERB,218,,,
handelnd,handelnd,ADV,218,,,
vermissen,vermissen,VERB,218,,,
sinne,sinne,NOUN,217,,,
hierzu,hierzu,ADV,217,,,
solle,solle,AUX,217,,,
bessern,bessern,VERB,217,,,
speciell,speciell,ADV,217,,,
niedrig,niedrig,ADV,217,,,
dringend,dringend,ADV,217,,,
schießen,schießen,VERB,217,,,
zufällig,zufällig,ADV,217,,,
sin,sin,NOUN,217,,,
zugänglich,zugänglich,ADV,216,,,
minne,minne,NOUN,216,,,
handbuch,handbuch,NOUN,216,Wissen,Lehrmedien,
verbergen,verbergen,VERB,216,,,
locken,locken,VERB,216,,,
zusammenstellung,zusammenstellung,NOUN,216,,,
ergänzen,ergänzen,VERB,216,,,
italien,italien,PROPN,216,Nation,,
trüb,trüb,ADV,216,,,
ausgeführt,ausgeführt,VERB,216,,,
quinta,quinta,NOUN,216,Schule ,,
thätigkeit,thätigkeit,NOUN,215,,,
berichten,berichten,VERB,215,,,
gerichtet,gerichtet,VERB,215,,,
hierauf,hierauf,ADV,215,,,
reiter,reiter,NOUN,215,,,
positiv,positiv,ADV,215,,,
betonung,betonung,NOUN,215,,,
latein,latein,PROPN,215,Sprache,Klassik ,
führt,führt,VERB,214,,,
moral,moral,X,214,Moral ,,
abschied,abschied,NOUN,214,,,
gleichfalls,gleichfalls,ADV,214,,,
rühmen,rühmen,VERB,214,,,
verleihen,verleihen,VERB,214,,,
hochdeutsch,hochdeutsch,ADV,214,Beschreibung,Poetologie,Sprache
wären,wären,AUX,213,,,
begeistert,begeistert,ADV,213,,,
gerne,gerne,ADV,213,,,
theilnahmen,theilnahmen,NOUN,213,,,
rücckehr,rücckehr,NOUN,213,,,
nunmehr,nunmehr,ADV,213,,,
bühne,bühne,NOUN,213,,,
primaner,primaner,NOUN,213,Schule,,
anschließen,anschließen,VERB,212,,,
tönen,tönen,VERB,212,,,
glaube,glaube,VERB,212,Theologie,,
tadeln,tadeln,VERB,212,,,
gnade,gnade,NOUN,212,,,
siegen,siegen,VERB,212,,,
ästhetik,ästhetik,NOUN,211,Ästhetik ,,
ersetzen,ersetzen,VERB,211,,,
wirksamkeit,wirksamkeit,NOUN,211,,,
wandeln,wandeln,VERB,210,,,
geführt,geführt,VERB,210,,,
günther,günther,PROPN,210,Person,Didaktik,
liebend,liebend,ADV,210,,,
übertragen,übertragen,VERB,210,,,
wieland,wieland,PROPN,210,,,
würden,würden,AUX,210,,,
künstler,künstler,NOUN,210,Ästhetik,Typ ,
gras,gras,NOUN,210,,,
begeben,begeben,VERB,210,,,
garten,garten,NOUN,209,,,
thätig,thätig,ADV,209,,,
sichtbar,sichtbar,ADV,209,,,
england,england,PROPN,209,Nation,,
entstehung,entstehung,NOUN,209,,,
sorgfalt,sorgfalt,NOUN,209,,,
gleim,gleim,NOUN,209,Person,Schriftsteller,
schreiten,schreiten,VERB,208,,,
himmlisch,himmlisch,ADV,208,Höhe,Beschreibung ,Theologie
kreisen,kreisen,VERB,208,,,
verbreiten,verbreiten,VERB,208,,,
streiten,streiten,VERB,208,,,
gesellen,gesellen,VERB,208,,,
teufel,teufel,PROPN,208,Theologie,Typ,
hilfe,hilfe,NOUN,208,,,
lesebüchern,lesebüchern,NOUN,208,Lesen,Lehrmedien,
götz,götz,PROPN,208,Person,Literatur,
trost,trost,NOUN,207,,,
geistes,geistes,PROPN,207,Idealismus ,,
gefährlich,gefährlich,ADV,207,,,
fortschritt,fortschritt,NOUN,207,,,
heran,heran,ADV,207,,,
geographie,geographie,NOUN,207,Wissenschaft ,,
untern,untern,VERB,207,,,
reihen,reihen,VERB,206,,,
gesprochen,gesprochen,VERB,206,,,
führer,führer,NOUN,206,,,
bedienen,bedienen,VERB,206,,,
krank,krank,ADV,206,negative Bewertung,,
binden,binden,VERB,206,,,
könnten,könnten,AUX,206,,,
vornherein,vornherein,ADV,206,,,
denkmal,denkmal,NOUN,205,,,
linie,linie,NOUN,205,,,
heft,heft,NOUN,205,,,
warnen,warnen,VERB,205,,,
stützen,stützen,VERB,205,,,
unterhaltung,unterhaltung,NOUN,205,,,
darstellt,darstellt,VERB,204,,,
beschreiben,beschreiben,VERB,204,Praktik,,
eröffnen,eröffnen,VERB,204,,,
mehrzahl,mehrzahl,NOUN,204,,,
roß,roß,X,204,,,
durchdringen,durchdringen,VERB,204,,,
rühren,rühren,VERB,204,,,
mannigfaltig,mannigfaltig,ADV,204,,,
schmerzlich,schmerzlich,ADV,203,,,
leuchten,leuchten,VERB,203,,,
sachsen,sachsen,PROPN,203,Nation,Deutsch,
zerfallen,zerfallen,VERB,203,,,
nebst,nebst,ADP,203,,,
la,la,X,203,,,
eberhard,eberhard,PROPN,203,Person,,
geßler,geßler,PROPN,203,Person,,
vergebens,vergebens,ADV,202,,,
korrektur,korrektur,NOUN,202,Praktik ,Schule,
hervorbringen,hervorbringen,VERB,202,,,
zufrieden,zufrieden,ADV,202,,,
werten,werten,VERB,202,,,
selbstständig,selbstständig,ADV,202,,,
aufgaben,aufgaben,NOUN,202,Praxis,,
aufgestellt,aufgestellt,VERB,201,,,
individualität,individualität,NOUN,201,,,
erfassen,erfassen,VERB,201,,,
wackernagel,wackernagel,PROPN,201,Person,Didaktik,
beifall,beifall,NOUN,200,,,
gottsched,gottsched,PROPN,200,Person,Schriftsteller,
wovon,wovon,ADV,200,,,
haltung,haltung,NOUN,200,,,
befriedigen,befriedigen,VERB,200,,,
ausgezeichnet,ausgezeichnet,VERB,200,,,
herbst,herbst,PROPN,200,Zeit,,
bande,bande,NOUN,199,,,
bemühen,bemühen,VERB,199,,,
verbunden,verbunden,VERB,199,,,
reichlich,reichlich,ADV,199,,,
humor,humor,NOUN,199,,,
vernünftig,vernünftig,ADV,199,,,
öfter,öfter,ADV,199,,,
ausschließen,ausschließen,VERB,199,,,
gunther,gunther,ADJ,199,Mediävistik ,,
teutsch,teutsch,ADV,198,Nation ,,
wüst,wüst,ADV,198,,,
riese,riese,NOUN,198,,,
erblicken,erblicken,VERB,198,,,
damalig,damalig,ADV,198,,,
winken,winken,VERB,198,,,
öffnen,öffnen,VERB,198,,,
lieder,lieder,NOUN,198,,,
stumm,stumm,ADV,198,,,
privatlektüren,privatlektüren,VERB,198,Praxis,Schule ,
leitung,leitung,NOUN,198,,,
heuen,heün,PROPN,198,,,
anführen,anführen,VERB,198,,,
erlernen,erlernen,VERB,198,,,
orestes,orestes,ADJ,198,Person,Klassik,Literatur
speisen,speisen,VERB,197,,,
harmonie,harmonie,NOUN,197,,,
geboten,geboten,VERB,197,,,
kosten,kosten,VERB,197,,,
verlust,verlust,NOUN,197,,,
eitel,eitel,ADV,197,,,
lenken,lenken,VERB,197,,,
ausspruch,ausspruch,NOUN,197,,,
gewicht,gewicht,NOUN,197,,,
jagd,jagd,NOUN,196,,,
partie,partie,NOUN,196,,,
malen,malen,VERB,196,,,
mittelalt,mittelalt,NOUN,196,,,
erläutern,erläutern,VERB,196,,,
genius,genius,NOUN,196,positive Bewertung,Höhe,
ausgehen,ausgehen,VERB,196,,,
ändern,ändern,VERB,196,,,
fleißig,fleißig,ADV,196,,,
augen,augen,NOUN,196,Ästhetik,Sinnlich,
pylades,pylades,ADJ,196,Person,Klassik,Literatur
volkes,volkes,NOUN,195,,,
apotheker,apotheker,NOUN,195,Typ,,
ließ,ließ,VERB,195,,,
beitrag,beitrag,NOUN,195,,,
schwingen,schwingen,VERB,195,,,
stammen,stammen,VERB,195,,,
wechseln,wechseln,VERB,195,,,
bibliothek,bibliothek,NOUN,195,Schule,,
gelungen,gelungen,VERB,195,,,
secunda,secunda,PROPN,195,Schule ,,
berechtigung,berechtigung,NOUN,195,Schule,Unterteilung ,
fischer,fischer,PROPN,195,,,
decken,decken,VERB,194,,,
erreicht,erreicht,VERB,194,,,
echten,echten,ADJ,194,,,
nähern,nähern,VERB,194,,,
fenster,fenster,NOUN,194,,,
zählen,zählen,VERB,194,,,
blutig,blutig,ADV,194,,,
auswendig,auswendig,ADV,194,Praktik,Methode ,Beschreibung 
mechanisch,mechanisch,ADV,194,,,
orleans,orleans,PROPN,193,Person,,
gericht,gericht,NOUN,193,,,
insel,insel,NOUN,193,,,
selig,selig,ADV,193,,,
verwandeln,verwandeln,VERB,193,,,
chamisso,chamisso,PROPN,193,Person,Schriftsteller,
darbieten,darbieten,VERB,192,,,
hörer,hörer,NOUN,192,,,
einander,einander,PRON,192,,,
reinheit,reinheit,NOUN,191,,,
einwirkung,einwirkung,NOUN,191,,,
biegen,biegen,VERB,191,,,
anlaß,anlaß,NOUN,191,,,
sinnig,sinnig,ADV,191,,,
pracht,pracht,NOUN,191,,,
schrank,schrank,NOUN,191,,,
begründung,begründung,NOUN,191,,,
dichtungen,dichtungen,NOUN,190,Poetologie,,
ausspricht,ausspricht,VERB,190,,,
klang,klang,VERB,190,,,
entgegengesetzt,entgegengesetzt,VERB,190,,,
unentbehrlich,unentbehrlich,ADV,190,,,
göthesch,göthesch,ADV,190,,,
verdienst,verdienst,NOUN,189,,,
fangen,fangen,VERB,189,,,
gerechtigkeit,gerechtigkeit,NOUN,189,,,
bewirken,bewirken,VERB,189,,,
nachbildung,nachbildung,NOUN,189,,,
pflegt,pflegt,VERB,189,,,
eintheilung,eintheilung,NOUN,189,,,
liebevoll,liebevoll,ADV,189,,,
köstlich,köstlich,ADV,189,,,
geographisch,geographisch,ADV,189,,,
disciplin,disciplin,NOUN,189,Disziplin,,
volker,volker,PROPN,189,Person,,
herrlichkeit,herrlichkeit,NOUN,188,,,
entscheidung,entscheidung,NOUN,188,,,
gedichts,gedichts,ADV,188,Gattung ,Poetologie,
vergeblich,vergeblich,ADV,188,,,
bewohner,bewohner,NOUN,188,,,
neuhochdeutsch,neuhochdeutsch,ADV,188,Beschreibung,Poetologie,Sprache 
senden,senden,VERB,188,,,
gehorsam,gehorsam,ADV,188,Disziplin ,,
notiz,notiz,NOUN,188,,,
folgt,folgt,VERB,188,,,
brauchbar,brauchbar,ADV,187,,,
ß,ß,X,187,,,
verwerfen,verwerfen,VERB,187,,,
fließen,fließen,VERB,187,,,
schlaf,schlaf,NOUN,187,,,
holen,holen,VERB,187,,,
schuldig,schuldig,ADV,187,,,
lehranstalt,lehranstalt,NOUN,187,,,
außusprechen,außusprechen,VERB,187,,,
schriftsprache,schriftsprache,ADJ,187,Sprache ,,
erfolgen,erfolgen,VERB,187,,,
abstract,abstract,PROPN,187,,,
dramaturgie,dramaturgie,NOUN,187,,,
tempel,tempel,NOUN,186,Theologie,Ort,
werke,werke,NOUN,186,,,
schmerzen,schmerzen,NOUN,186,,,
böse,böse,ADV,186,negative Bewertung,Moral ,
hinweg,hinweg,ADP,186,,,
befreiung,befreiung,NOUN,186,,,
herrschend,herrschend,ADV,186,,,
erhebung,erhebung,NOUN,185,,,
entschluß,entschluß,NOUN,185,,,
tritt,tritt,VERB,185,,,
stören,stören,VERB,185,,,
beherrschen,beherrschen,VERB,185,,,
tadel,tadel,NOUN,185,negative Bewertung ,,
eindringen,eindringen,VERB,185,Agonalität,,
grenzen,grenzen,NOUN,185,Agonalität,,
einfachheit,einfachheit,NOUN,185,,,
unterliegen,unterliegen,VERB,185,,,
abstrakt,abstrakt,ADV,185,,,
mahnung,mahnung,NOUN,185,,,
nationalliteratur,nationalliteratur,NOUN,184,Nation,Literatur ,
kreuz,kreuz,ADV,184,,,
aufforderung,aufforderung,NOUN,184,,,
erfordern,erfordern,VERB,184,,,
arndt,arndt,PROPN,184,Person,Schriftsteller ,
andenken,andenken,VERB,183,,,
gelegt,gelegt,VERB,183,,,
trennung,trennung,NOUN,183,,,
rührend,rührend,ADV,183,,,
heimisch,heimisch,ADV,183,,,
straße,straße,NOUN,183,,,
angst,angst,NOUN,183,,,
entscheidend,entscheidend,ADV,183,,,
ausgang,ausgang,NOUN,183,,,
ausdehnung,ausdehnung,NOUN,183,,,
heimlich,heimlich,ADV,182,,,
verkehr,verkehr,NOUN,182,,,
herrscher,herrscher,NOUN,182,,,
bestehend,bestehend,ADV,182,,,
drucken,drucken,VERB,182,,,
vorlieben,vorlieben,NOUN,182,,,
anhang,anhang,NOUN,182,,,
leitfaden,leitfaden,NOUN,182,Methode ,,
entgehen,entgehen,VERB,181,,,
archiv,archiv,NOUN,181,,,
benehmen,benehmen,VERB,181,,,
theater,theater,NOUN,181,Poetologie,Welt ,
beschränkt,beschränkt,VERB,181,,,
vorwärts,vorwärts,ADV,181,,,
major,major,X,181,Typ,,
erwartung,erwartung,NOUN,180,,,
erzielen,erzielen,VERB,180,,,
pause,pause,NOUN,180,,,
sinnen,sinnen,NOUN,180,,,
trägt,trägt,VERB,180,,,
aufsätze,aufsätze,NOUN,180,,,
vertreter,vertreter,NOUN,180,,,
professor,professor,NOUN,180,Wissenschaft,Typ,
burgund,burgund,PROPN,180,,,
aufstellen,aufstellen,VERB,179,,,
hinreichend,hinreichend,ADV,179,,,
weihen,weihen,VERB,179,,,
verweilen,verweilen,VERB,179,,,
hinauf,hinauf,ADV,179,,,
schweben,schweben,VERB,179,,,
indeß,indeß,ADV,179,,,
geboren,geboren,VERB,179,,,
rauben,rauben,VERB,179,,,
no,no,X,178,,,
scheu,scheu,ADV,178,,,
wohnung,wohnung,NOUN,178,Wohnen ,,
musikalisch,musikalisch,ADV,178,Ästhetik,,
energisch,energisch,ADV,178,,,
zusammengesetzt,zusammengesetzt,VERB,178,,,
object,object,PROPN,178,,,
ergebnis,ergebnis,NOUN,178,,,
forschung,forschung,NOUN,177,Wissenschaft,Wissen ,
seltsam,seltsam,ADV,177,,,
gedacht,gedacht,VERB,177,,,
versmaß,versmaß,NOUN,177,,,
krieger,krieger,NOUN,177,,,
bürgerlich,bürgerlich,ADV,177,,,
zucht,zucht,NOUN,177,,,
geraten,geraten,VERB,177,,,
woche,woche,NOUN,177,,,
entdecken,entdecken,VERB,176,,,
geschickt,geschickt,ADV,176,,,
wahrlich,wahrlich,ADV,176,,,
füllen,füllen,VERB,176,,,
erfindung,erfindung,NOUN,176,,,
bewunderung,bewunderung,NOUN,176,,,
weltlich,weltlich,ADV,176,,,
übereinstimmung,übereinstimmung,NOUN,176,,,
mannigfaltigkeit,mannigfaltigkeit,NOUN,175,,,
tage,tage,NOUN,175,,,
erfüllt,erfüllt,VERB,175,,,
hinsichtlich,hinsichtlich,ADP,175,,,
verehrung,verehrung,NOUN,175,,,
stecken,stecken,VERB,175,,,
hätten,hätten,AUX,175,,,
abenteuer,abenteür,PROPN,175,,,
schonen,schonen,VERB,175,,,
tapfer,tapfer,ADV,175,,,
höfisch,höfisch,ADV,175,,,
harmonisch,harmonisch,ADV,174,,,
homerisch,homerisch,ADV,174,,,
fordert,fordert,VERB,174,,,
gegentheil,gegentheil,NOUN,174,,,
zunge,zunge,NOUN,174,,,
angehören,angehören,VERB,174,,,
zusatz,zusatz,NOUN,174,,,
rauschen,rauschen,VERB,174,Narrativ,,
geschildert,geschildert,VERB,174,,,
zuhörer,zuhörer,NOUN,174,,,
ehrlich,ehrlich,ADV,174,,,
hingeben,hingeben,VERB,173,,,
gymnasien,gymnasien,NOUN,173,Schule,,
sämmtlich,sämmtlich,ADV,173,,,
humboldt,humboldt,PROPN,173,Person,Schriftsteller,
einbildungskraft,einbildungskraft,NOUN,173,Phantasie,Ästhetik,Idealismus 
erstens,erstens,ADV,173,,,
künstlich,künstlich,ADV,173,Beschreibung,,
beten,beten,VERB,173,,,
abschluß,abschluß,NOUN,173,,,
verkennen,verkennen,VERB,173,,,
gellern,gellern,AUX,173,Person,Schriftsteller,
angriff,angriff,NOUN,173,Agonalität,,
beachtung,beachtung,NOUN,173,,,
definition,definition,NOUN,173,,,
ur,ur,X,172,,,
princip,princip,PROPN,172,Idealismus ,,
worten,worten,NOUN,172,,,
subjectiv,subjectiv,ADV,172,,,
heine,heine,PROPN,172,Person,Schriftsteller,
partei,partei,NOUN,172,,,
sätze,sätze,NOUN,172,,,
vorwort,vorwort,NOUN,172,,,
rat,rat,X,172,,,
voß,voß,X,171,Person,Schriftsteller ,
ergänzung,ergänzung,NOUN,171,,,
gedeihen,gedeihen,VERB,171,,,
erleben,erleben,VERB,171,Welt,,
übungen,übungen,NOUN,171,,,
unterscheidung,unterscheidung,NOUN,171,,,
erläuterungen,erläuterungen,NOUN,171,,,
biblisch,biblisch,ADV,171,Theologie,Beschreibung ,
konnen,konnen,NOUN,171,,,
stätte,stätte,VERB,170,,,
zimmer,zimmer,NOUN,170,,,
sehnen,sehnen,VERB,170,,,
schwächen,schwächen,VERB,170,,,
substantiv,substantiv,ADV,170,,,
trauen,traün,VERB,170,,,
thatsächlich,thatsächlich,ADV,170,,,
vorkommend,vorkommend,ADV,170,,,
dauernd,daürnd,ADV,169,,,
nordisch,nordisch,ADV,169,Nation,Deutsch,
bewundern,bewundern,VERB,169,,,
beantworten,beantworten,VERB,169,,,
ungewöhnlich,ungewöhnlich,ADV,169,,,
fühlt,fühlt,VERB,169,,,
bestrebung,bestrebung,NOUN,169,,,
verkehren,verkehren,VERB,169,,,
lügen,lügen,VERB,169,,,
achten,achten,VERB,169,,,
erwachsen,erwachsen,ADV,169,,,
erzählend,erzählend,ADV,169,,,
vergleichend,vergleichend,ADV,169,,,
ausreichend,ausreichend,ADV,169,,,
on,on,X,168,,,
körperlich,körperlich,ADV,168,,,
hinab,hinab,ADV,168,,,
besuchen,besuchen,VERB,168,,,
verdanken,verdanken,VERB,168,,,
wandthei,wandthei,NOUN,168,,,
umgang,umgang,NOUN,168,,,
hierüber,hierüber,ADV,168,,,
darlegung,darlegung,NOUN,168,,,
kö,kö,X,168,,,
schwaben,schwaben,PROPN,168,Nation,Deutsch,
redensart,redensart,VERB,168,Poetologie,,
andrer,andrer,PRON,167,,,
trauerspiel,traürspiel,NOUN,167,,,
freiwillig,freiwillig,ADV,167,,,
zerstören,zerstören,VERB,167,,,
auseinander,auseinander,ADV,167,,,
lustig,lustig,ADV,167,,,
entwerfen,entwerfen,VERB,167,,,
verkünden,verkünden,VERB,167,,,
anlegen,anlegen,VERB,167,,,
eifrig,eifrig,ADV,167,,,
anzeigen,anzeigen,VERB,167,,,
aufsuchen,aufsuchen,VERB,166,,,
ertragen,ertragen,VERB,166,,,
umstehen,umstehen,VERB,166,,,
trauer,traür,PROPN,166,,,
becher,becher,NOUN,166,,,
wörter,wörter,NOUN,166,,,
umfangen,umfangen,VERB,166,relat. Höhe,,
vorläufig,vorläufig,ADV,166,,,
einnehmen,einnehmen,VERB,166,,,
vollziehen,vollziehen,VERB,166,,,
förderung,förderung,NOUN,166,,,
schwab,schwab,PROPN,166,Person,Schriftsteller,
naturgemäß,naturgemäß,ADV,166,,,
erweiterung,erweiterung,NOUN,165,,,
eilen,eilen,VERB,165,,,
beschaffenheit,beschaffenheit,NOUN,165,,,
stellt,stellt,VERB,165,,,
feindlich,feindlich,ADV,165,Agonalität ,,
schmücken,schmücken,VERB,165,,,
großen,großen,ADJ,165,,,
aufenthalt,aufenthalt,NOUN,165,,,
treue,treü,NOUN,165,,,
namen,namen,NOUN,165,,,
napoleon,napoleon,PROPN,165,Person,Historisch ,
schweizer,schweizer,ADJ,165,Nation,,
beurtheilen,beurtheilen,VERB,164,,,
organisch,organisch,ADV,164,,,
parallel,parallel,ADV,164,,,
sphäre,sphäre,NOUN,164,,,
absolut,absolut,ADV,164,,,
monolog,monolog,NOUN,164,,,
becker,becker,PROPN,164,,,
unterrichtsgegenstand,unterrichtsgegenstand,ADV,164,Lehrmedien,Schule ,
franziska,franziska,PROPN,164,Person,,
kostbar,kostbar,ADV,163,,,
erschütternd,erschütternd,ADV,163,,,
verwirrung,verwirrung,NOUN,163,,,
merkwürdig,merkwürdig,ADV,163,,,
schwanken,schwanken,VERB,163,,,
veranschaulichen,veranschaulichen,VERB,163,,,
allseitig,allseitig,ADV,163,,,
befehl,befehl,NOUN,163,,,
flüchtig,flüchtig,ADV,163,,,
regelmäßig,regelmäßig,ADV,163,,,
meisterwerk,meisterwerk,NOUN,163,positive Bewertung,Poetologie,
umfassen,umfassen,VERB,163,,,
unterrichts,unterrichts,CCONJ,163,,,
gewährt,gewährt,VERB,163,,,
degen,degen,VERB,163,,,
kleid,kleid,NOUN,162,,,
betrachtet,betrachtet,VERB,162,,,
theile,theile,NOUN,162,,,
schreien,schreien,VERB,162,,,
schmuck,schmuck,NOUN,162,,,
weilen,weilen,VERB,162,,,
arg,arg,ADV,162,,,
änderung,änderung,NOUN,162,,,
nähren,nähren,VERB,162,,,
zufall,zufall,NOUN,162,,,
blüte,blüte,NOUN,162,,,
aneignung,aneignung,NOUN,162,,,
erörtern,erörtern,VERB,161,,,
hervorrufen,hervorrufen,VERB,161,,,
fahrt,fahrt,NOUN,161,,,
engländer,engländer,NOUN,161,Nation,Typ,
abweichung,abweichung,NOUN,161,,,
exposition,exposition,NOUN,161,,,
griechenland,griechenland,PROPN,161,Nation,,
bestreben,bestreben,NOUN,161,,,
prinzip,prinzip,NOUN,161,Idealismus,,
spott,spott,NOUN,160,,,
wille,wille,NOUN,160,,,
krankheit,krankheit,NOUN,160,,,
epoche,epoche,NOUN,160,,,
horaz,horaz,PROPN,160,Person,Schriftsteller,Klassik
literarisch,literarisch,ADV,160,Beschreibung,Poetologie,
einheitlich,einheitlich,ADV,160,,,
abiturient,abiturient,NOUN,160,Schule,Typ,
emilia,emilia,PROPN,160,Person,Literatur,
sämtlich,sämtlich,ADV,160,,,
entspringen,entspringen,VERB,159,,,
drache,drache,NOUN,159,,,
finster,finster,ADV,159,,,
amt,amt,NOUN,159,,,
unsterblich,unsterblich,ADV,159,,,
thron,thron,NOUN,159,,,
einzelheit,einzelheit,NOUN,159,,,
dach,dach,NOUN,159,,,
unbewußt,unbewußt,ADV,159,Idealismus,,
schema,schema,NOUN,158,,,
grunde,grunde,NOUN,158,,,
gepräge,gepräge,NOUN,158,,,
erworben,erworben,VERB,158,,,
erschlagen,erschlagen,VERB,158,,,
glied,glied,NOUN,158,,,
monat,monat,NOUN,158,,,
fleisch,fleisch,NOUN,158,,,
ertheilen,ertheilen,VERB,158,,,
eisern,eisern,ADV,158,,,
materiell,materiell,ADV,158,,,
einverstanden,einverstanden,ADV,158,,,
vollständigkeit,vollständigkeit,NOUN,158,,,
schwäbisch,schwäbisch,ADV,158,Nation ,,
umsonst,umsonst,ADV,157,,,
grundzug,grundzug,NOUN,157,,,
erwachsene,erwachsene,ADJ,157,Alter,,
lebendigkeit,lebendigkeit,NOUN,157,Welt,Anthropologie,
frauen,fraün,PROPN,157,Typ,Gender,Fem
befehlen,befehlen,VERB,157,,,
lauf,lauf,NOUN,157,,,
publikum,publikum,NOUN,157,,,
mitteln,mitteln,NOUN,157,,,
anstellen,anstellen,VERB,157,,,
dürfte,dürfte,AUX,157,,,
menschenleben,menschenleben,NOUN,157,Welt,Anthropologie,
geschaffen,geschaffen,VERB,157,,,
offenbaren,offenbaren,VERB,156,Theologie ,Ästhetik ,
selbständigkeit,selbständigkeit,NOUN,156,,,
heften,heften,VERB,156,,,
unterredung,unterredung,NOUN,156,,,
august,august,PROPN,156,Person,,
möge,möge,AUX,156,,,
regierung,regierung,NOUN,156,,,
schädlich,schädlich,ADV,156,,,
erweitert,erweitert,VERB,156,,,
gemeinschaftlich,gemeinschaftlich,ADV,156,,,
versammlung,versammlung,NOUN,156,,,
katastrophe,katastrophe,NOUN,156,,,
teilnahme,teilnahme,NOUN,156,,,
gesamt,gesamt,ADV,156,,,
männer,männer,NOUN,155,Gender,Mask,
erwähnung,erwähnung,NOUN,155,,,
vorüber,vorüber,ADV,155,,,
besitzt,besitzt,VERB,155,,,
ankunft,ankunft,NOUN,155,,,
heiß,heiß,ADV,155,,,
leiche,leiche,ADJ,155,Narrativ ,,
trocken,trocken,ADV,155,,,
entspricht,entspricht,VERB,155,,,
gedankengang,gedankengang,NOUN,155,,,
wöchentlich,wöchentlich,ADV,155,,,
beständig,beständig,ADV,155,,,
warnung,warnung,NOUN,154,,,
wundern,wundern,VERB,154,,,
ausbilden,ausbilden,VERB,154,,,
unbedeutend,unbedeutend,ADV,154,,,
verderblich,verderblich,ADV,154,,,
ähnlichkeit,ähnlichkeit,NOUN,154,,,
erleichtern,erleichtern,VERB,154,,,
finger,finger,NOUN,154,,,
dichters,dichters,PROPN,154,,,
mitgetheilt,mitgetheilt,VERB,154,,,
denkt,denkt,VERB,154,,,
kirchlich,kirchlich,ADV,154,,,
maßstab,maßstab,NOUN,154,,,
geibel,geibel,ADV,154,,,
wacker,wacker,PROPN,153,positive Bewertung,,
zustande,zustande,ADV,153,,,
vornehm,vornehm,ADV,153,,,
feurig,feurig,ADV,153,,,
fliegen,fliegen,VERB,153,,,
blühend,blühend,ADV,153,,,
stücke,stücke,NOUN,153,Lehrmedien,Poetologie,
schriften,schriften,NOUN,153,,,
iphigenie,iphigenie,NOUN,153,Person,Literatur ,
unterwerfen,unterwerfen,VERB,153,,,
richtigkeit,richtigkeit,NOUN,153,,,
mitteilung,mitteilung,NOUN,153,,,
grofse,grofse,NOUN,153,,,
kranz,kranz,NOUN,152,,,
zusammensetzung,zusammensetzung,NOUN,152,,,
erhält,erhält,VERB,152,,,
fliehen,fliehen,VERB,152,,,
weltanschauung,weltanschauung,NOUN,152,,,
daselbst,daselbst,ADV,152,,,
bezüglich,bezüglich,ADP,152,,,
anregend,anregend,ADV,152,,,
verbesserung,verbesserung,NOUN,152,,,
vornehmlich,vornehmlich,ADV,152,,,
schulbuch,schulbuch,NOUN,152,Lehrmedien,,
orest,orest,NOUN,152,Person,Literatur ,
hinweis,hinweis,NOUN,152,,,
gröfsern,gröfsern,NOUN,152,,,
europa,europa,PROPN,151,Nation,,
anziehend,anziehend,ADV,151,,,
tisch,tisch,NOUN,151,,,
einseitigkeit,einseitigkeit,NOUN,151,,,
heißt,heißt,VERB,151,,,
erzählungen,erzählungen,NOUN,151,,,
unschuld,unschuld,NOUN,151,,,
pädagoge,pädagoge,NOUN,151,Pädagogik,Typ ,
paris,paris,PROPN,151,Ort,Nation,
taucher,taucher,NOUN,151,Narrativ,,
versöhnung,versöhnung,NOUN,150,,,
ängstlich,ängstlich,ADV,150,,,
kindheit,kindheit,NOUN,150,Zeit,Alter,
vordergrund,vordergrund,NOUN,150,,,
hieraus,hieraus,ADV,150,,,
tieck,tieck,PROPN,150,Person,Schriftsteller,
geübt,geübt,VERB,150,,,
unbefangen,unbefangen,ADV,150,,,
gangen,gangen,VERB,150,,,
komisch,komisch,ADV,150,,,
widerstehen,widerstehen,VERB,150,,,
unterwelt,unterwelt,VERB,150,,,
willkür,willkür,NOUN,150,,,
geburt,geburt,NOUN,150,,,
erfreulich,erfreulich,ADV,149,,,
gedichten,gedichten,NOUN,149,Gattung ,Poetologie,
starr,starr,ADV,149,,,
recken,recken,VERB,149,,,
auftritt,auftritt,VERB,149,,,
anf,anf,X,149,,,
gleichmäßig,gleichmäßig,ADV,149,,,
verbreitung,verbreitung,NOUN,149,,,
winden,winden,VERB,149,,,
bewähren,bewähren,VERB,149,,,
mörder,mörder,NOUN,149,,,
gleichgültig,gleichgültig,ADV,149,,,
schauplatz,schauplatz,NOUN,149,,,
gefordert,gefordert,VERB,149,,,
träger,träger,NOUN,149,,,
predigen,predigen,VERB,149,,,
unterstützen,unterstützen,VERB,149,,,
philologisch,philologisch,ADV,149,Wissenschaft,Literatur ,
kapitel,kapitel,NOUN,149,,,
sacherklärung,sacherklärung,NOUN,149,,,
laden,laden,VERB,148,,,
beseitigen,beseitigen,VERB,148,,,
zweifelhaft,zweifelhaft,ADV,148,,,
unbestimmt,unbestimmt,ADV,148,,,
lesart,lesart,NOUN,148,,,
dauer,daür,AUX,148,,,
erregt,erregt,ADV,148,,,
friedlich,friedlich,ADV,148,,,
revolution,revolution,NOUN,148,,,
gemahlin,gemahlin,PROPN,148,Gender,Typ,Fem
prediger,prediger,NOUN,147,,,
laune,laune,NOUN,147,,,
thür,thür,NOUN,147,,,
herbei,herbei,ADV,147,,,
verknüpfen,verknüpfen,VERB,147,,,
berechnen,berechnen,VERB,147,,,
grundgedanken,grundgedanken,NOUN,147,,,
do,do,X,147,,,
jahrhunderts,jahrhunderts,ADV,147,,,
methodik,methodik,NOUN,146,,,
verzweiflung,verzweiflung,NOUN,146,,,
erwidern,erwidern,VERB,146,,,
verstanden,verstanden,VERB,146,,,
entlehnen,entlehnen,VERB,146,,,
räuber,räuber,NOUN,146,,,
vorsicht,vorsicht,NOUN,146,,,
wahren,wahren,VERB,146,,,
zeitraum,zeitraum,NOUN,146,,,
ausdrucken,ausdrucken,VERB,146,,,
vorlesung,vorlesung,NOUN,146,,,
philologie,philologie,NOUN,146,Wissenschaft,Literatur,
analyse,analyse,NOUN,145,Praktik,,
hinzufügen,hinzufügen,VERB,145,,,
plastisch,plastisch,ADV,145,,,
zuvor,zuvor,ADV,145,,,
mittelalterlich,mittelalterlich,ADV,145,,,
freunde,freunde,NOUN,145,,,
brücke,brücke,NOUN,145,,,
mathematisch,mathematisch,ADV,145,,,
betreten,betreten,VERB,145,,,
leugnen,leugnen,VERB,145,,,
überdies,überdies,ADV,145,,,
geistreich,geistreich,ADV,145,,,
johann,johann,PROPN,144,Person,Schriftsteller,
tapferkeit,tapferkeit,PROPN,144,,,
ungefähr,ungefähr,ADV,144,,,
hauptsatz,hauptsatz,PROPN,144,,,
darnach,darnach,ADV,144,Zeit,Logik,
vorschrift,vorschrift,NOUN,144,,,
meisterhaft,meisterhaft,ADV,144,positive Bewertung,Höhe ,
hierdurch,hierdurch,ADV,144,,,
stuart,stuart,NOUN,144,,,
dasjenig,dasjenig,NOUN,144,,,
willkürlich,willkürlich,ADV,144,,,
klassen,klassen,NOUN,144,,,
elementar,elementar,NOUN,144,,,
überlieferung,überlieferung,NOUN,143,,,
anweisung,anweisung,NOUN,143,,,
schulunterricht,schulunterricht,PROPN,143,Schule ,,
fällt,fällt,VERB,143,,,
rechnung,rechnung,NOUN,143,,,
gesundheit,gesundheit,NOUN,143,,,
theilweise,theilweise,ADV,143,,,
begreiflich,begreiflich,ADV,143,,,
beginn,beginn,NOUN,143,,,
unschuldig,unschuldig,ADV,143,,,
gefolge,gefolge,PROPN,143,,,
simrock,simrock,NOUN,143,Person,Schriftsteller ,
gebräuchlich,gebräuchlich,ADV,143,,,
anschauen,anschaün,NOUN,143,,,
genie,genie,NOUN,143,,,
entstanden,entstanden,VERB,143,,,
mi,mi,X,143,,,
sprachlehre,sprachlehre,VERB,143,,,
lehrstunde,lehrstunde,NOUN,143,,,
höhepunkt,höhepunkt,NOUN,143,,,
schnee,schnee,NOUN,142,,,
verwandtschaft,verwandtschaft,NOUN,142,,,
spiegel,spiegel,PROPN,142,,,
punct,punct,PROPN,142,,,
glühend,glühend,ADV,142,,,
wunderlich,wunderlich,ADV,142,,,
verbum,verbum,VERB,142,,,
augenblicklich,augenblicklich,ADV,142,,,
scheuen,scheün,PROPN,142,,,
hirte,hirte,VERB,142,,,
darzustellen,darzustellen,VERB,142,,,
annahme,annahme,NOUN,142,,,
beklagen,beklagen,VERB,142,,,
fortsetzung,fortsetzung,NOUN,142,,,
bleibend,bleibend,ADV,142,,,
oberflächlich,oberflächlich,ADV,142,,,
bereich,bereich,NOUN,142,,,
vergangen,vergangen,VERB,142,,,
gelehrsamkeit,gelehrsamkeit,NOUN,142,,,
willens,willens,ADV,142,,,
nachfolgend,nachfolgend,ADV,141,,,
gezogen,gezogen,VERB,141,,,
halle,halle,PROPN,141,,,
erzieher,erzieher,PROPN,141,Typ,Schule,Disziplin
siegreich,siegreich,ADV,141,,,
einprägen,einprägen,VERB,141,,,
unzweifelhaft,unzweifelhaft,ADV,141,,,
hüllen,hüllen,VERB,141,,,
außug,außug,NOUN,141,,,
rächen,rächen,VERB,141,,,
erlernung,erlernung,NOUN,141,,,
spaziergang,spaziergang,NOUN,141,,,
gebunden,gebunden,VERB,141,,,
durchnehmen,durchnehmen,VERB,141,,,
lehrstoff,lehrstoff,PROPN,141,Praktik,Lehrmedien,
versagen,versagen,VERB,140,,,
heim,heim,PROPN,140,,,
vernichten,vernichten,VERB,140,,,
billigen,billigen,VERB,140,,,
erregung,erregung,NOUN,140,,,
gewaltsam,gewaltsam,ADV,140,,,
unwillkürlich,unwillkürlich,ADV,140,,,
würdigung,würdigung,NOUN,140,,,
verarbeiten,verarbeiten,VERB,140,,,
zusammenstellen,zusammenstellen,VERB,140,,,
biographisch,biographisch,ADV,140,,,
eigentümlichkeit,eigentümlichkeit,NOUN,140,,,
entfalten,entfalten,VERB,139,,,
zahlen,zahlen,VERB,139,,,
sittlichkeit,sittlichkeit,NOUN,139,,,
erinnert,erinnert,VERB,139,,,
ausgewählt,ausgewählt,VERB,139,,,
jedesmalig,jedesmalig,PROPN,139,,,
gewitter,gewitter,NOUN,139,,,
entschließen,entschließen,VERB,139,,,
mannigfach,mannigfach,ADV,139,,,
kloster,kloster,NOUN,139,,,
wanderer,wanderer,NOUN,139,,,
inhaltsangabe,inhaltsangabe,NOUN,139,Praktik ,,
kommend,kommend,ADV,139,,,
vorteil,vorteil,NOUN,139,,,
schar,schar,PROPN,139,,,
möro,möro,ADV,139,,,
messias,messias,ADV,138,Religion,,
lächeln,lächeln,VERB,138,,,
leichtigkeit,leichtigkeit,NOUN,138,,,
schwung,schwung,NOUN,138,,,
fräulein,fräulein,NOUN,138,Typ,Gender,Fem
heidnisch,heidnisch,ADV,138,,,
zeiten,zeiten,NOUN,138,,,
priester,priester,NOUN,138,,,
kategorie,kategorie,NOUN,138,,,
gewinnt,gewinnt,VERB,138,,,
odysseus,odysseus,NOUN,138,Person,Literatur,
lücke,lücke,NOUN,137,,,
bus,bus,NOUN,137,,,
begriffe,begriffe,NOUN,137,,,
handschrift,handschrift,NOUN,137,,,
rhythmisch,rhythmisch,ADV,137,Beschreibung,Poetologie ,
les,les,X,137,,,
umgeben,umgeben,VERB,137,,,
gnädig,gnädig,ADV,137,,,
pflichten,pflichten,NOUN,137,,,
merkmal,merkmal,NOUN,137,,,
bildlich,bildlich,ADV,137,,,
überaus,überaus,ADV,137,,,
hervorgehoben,hervorgehoben,VERB,136,,,
kette,kette,NOUN,136,,,
alsdann,alsdann,ADV,136,,,
begrüßen,begrüßen,VERB,136,,,
unnatürlich,unnatürlich,ADV,136,,,
hölle,hölle,NOUN,136,,,
landschaft,landschaft,NOUN,136,,,
takt,takt,NOUN,136,,,
zweimal,zweimal,ADV,136,,,
formell,formell,ADV,136,,,
zweifeln,zweifeln,VERB,136,,,
gelegen,gelegen,VERB,136,,,
lernt,lernt,VERB,136,,,
geläufig,geläufig,ADV,136,,,
verbessern,verbessern,VERB,136,,,
lehrgegenstand,lehrgegenstand,NOUN,136,Lehrmedien,,
staub,staub,NOUN,135,,,
einsamkeit,einsamkeit,NOUN,135,,,
gesucht,gesucht,VERB,135,,,
vollkommenheit,vollkommenheit,NOUN,135,,,
nachdruck,nachdruck,NOUN,135,,,
wörtlich,wörtlich,ADV,135,,,
geduld,geduld,NOUN,135,,,
ergehen,ergehen,VERB,135,,,
knaben,knaben,NOUN,135,,,
denkend,denkend,ADV,135,,,
ausarbeitung,ausarbeitung,NOUN,135,Praktik ,,
lächerlich,lächerlich,ADV,135,,,
beurteilung,beurteilung,NOUN,135,,,
nemlich,nemlich,ADV,135,,,
zeitwort,zeitwort,NOUN,134,,,
fechten,fechten,VERB,134,,,
romantiker,romantiker,NOUN,134,Typ,Literatur,Geschichte
nachtheil,nachtheil,PROPN,134,,,
summe,summe,NOUN,134,,,
zusammenfassen,zusammenfassen,VERB,134,,,
parabel,parabel,ADV,134,Gattung ,Prosa,
vertiefung,vertiefung,NOUN,134,,,
bestätigen,bestätigen,VERB,134,,,
richard,richard,PROPN,134,Person,,
vorfahren,vorfahren,NOUN,133,,,
interpretation,interpretation,NOUN,133,,,
erringen,erringen,VERB,133,,,
ältern,ältern,ADV,133,Typ,Familie,
anstoß,anstoß,NOUN,133,,,
rings,rings,ADV,133,,,
abhängig,abhängig,ADV,133,,,
ausdrucksweise,ausdrucksweise,NOUN,133,,,
übersichtlich,übersichtlich,ADV,133,,,
tischen,tischen,ADJ,133,Beschreibung,,
vorstellungen,vorstellungen,NOUN,133,,,
ordentlich,ordentlich,ADV,133,,,
gegangen,gegangen,VERB,133,,,
aufführung,aufführung,NOUN,133,,,
senkung,senkung,NOUN,133,,,
offenbarung,offenbarung,NOUN,132,,,
vereinigung,vereinigung,NOUN,132,,,
herausgeben,herausgeben,VERB,132,,,
zuwenden,zuwenden,VERB,132,,,
korrekt,korrekt,ADV,132,,,
gebirge,gebirge,PROPN,132,,,
verdient,verdient,VERB,132,,,
prächtig,prächtig,ADV,132,,,
norden,norden,NOUN,132,,,
eindrücken,eindrücken,VERB,132,,,
beabsichtigt,beabsichtigt,VERB,132,,,
verzichten,verzichten,VERB,132,,,
geheim,geheim,ADV,131,,,
drohend,drohend,ADV,131,,,
flehen,flehen,VERB,131,,,
abweichend,abweichend,ADV,131,,,
getroffen,getroffen,VERB,131,,,
kühl,kühl,ADV,131,,,
bisweilen,bisweilen,ADV,131,,,
erhoben,erhoben,VERB,131,,,
tafel,tafel,NOUN,131,Schule,,
weimar,weimar,PROPN,131,Ort,,
hindern,hindern,VERB,131,,,
schweiz,schweiz,PROPN,131,Nation,,
phrase,phrase,X,131,,,
reihenfolge,reihenfolge,NOUN,131,,,
franz,franz,PROPN,131,Person,,
pensum,pensum,PROPN,131,,,
angelegenheit,angelegenheit,NOUN,130,,,
gatte,gatte,PROPN,130,,,
dulden,dulden,VERB,130,,,
bier,bier,NOUN,130,,,
te,te,X,130,,,
ceres,ceres,PROPN,130,Person,Literatur,
biographie,biographie,NOUN,130,,,
stunden,stunden,NOUN,130,,,
ankommt,ankommt,VERB,130,,,
tyrann,tyrann,PROPN,130,,,
reproduction,reproduction,X,130,,,
weich,weich,ADV,129,,,
hindernis,hindernis,NOUN,129,,,
physisch,physisch,ADV,129,,,
aneignen,aneignen,VERB,129,,,
beginnt,beginnt,VERB,129,,,
heide,heide,PROPN,129,,,
duft,duft,NOUN,129,,,
vereinen,vereinen,VERB,129,,,
bruchstück,bruchstück,PROPN,129,,,
epigramm,epigramm,NOUN,129,,,
sekunda,sekunda,PROPN,129,Schule,,
volksthümlich,volksthümlich,PROPN,129,,,
fir,fir,X,129,,,
litterarhistorisch,litterarhistorisch,ADV,129,Literatur ,Geschichte ,
jeher,jeher,ADV,129,,,
anderseits,anderseits,ADV,129,,,
konig,konig,NOUN,129,,,
betragen,betragen,VERB,128,,,
glänzen,glänzen,VERB,128,,,
jeglich,jeglich,ADV,128,,,
frühern,frühern,ADV,128,Zeit,,
composition,composition,NOUN,128,,,
geheimnis,geheimnis,NOUN,128,,,
gottes,gottes,NOUN,128,Theologie,,
alters,alters,ADV,128,,,
dergl,dergl,ADV,128,,,
ser,ser,X,128,,,
überliefert,überliefert,VERB,128,,,
angesicht,angesicht,NOUN,128,,,
leonore,leonore,NOUN,128,,,
plato,plato,PROPN,128,Person,Schriftsteller,
lesestoff,lesestoff,PROPN,128,Lesen,Lehrmedien,
qüll,qüll,PROPN,127,,,
zeichnung,zeichnung,NOUN,127,,,
düster,düster,ADV,127,,,
donner,donner,NOUN,127,,,
antlitz,antlitz,PROPN,127,positive Bewertung,,
irren,irren,VERB,127,,,
gerathen,gerathen,VERB,127,,,
belehren,belehren,VERB,127,,,
leitend,leitend,ADV,127,,,
gestehen,gestehen,VERB,127,,,
orthographisch,orthographisch,ADV,127,,,
musterstück,musterstück,NOUN,127,Lehrmedien,,
opitz,opitz,ADV,127,Person,Schriftsteller,
jrrtum,jrrtum,NOUN,127,,,
aufregung,aufregung,NOUN,126,,,
mythologie,mythologie,NOUN,126,,,
täuschen,täuschen,VERB,126,,,
saale,saale,NOUN,126,Narrativ ,,
heilen,heilen,VERB,126,,,
zurücckehren,zurücckehren,VERB,126,,,
hauch,hauch,NOUN,126,,,
belegen,belegen,VERB,126,,,
althochdeutsch,althochdeutsch,ADV,126,Beschreibung,Poetologie,Sprache 
herstellen,herstellen,VERB,126,,,
getreu,getreu,ADV,126,,,
übernehmen,übernehmen,VERB,126,,,
papier,papier,NOUN,126,,,
rollen,rollen,VERB,126,,,
lehranstalten,lehranstalten,VERB,126,,,
zeitschr,zeitschr,VERB,126,,,
vogelweide,vogelweide,VERB,126,,,
verbieten,verbieten,VERB,125,,,
darbietet,darbietet,VERB,125,,,
eitelkeit,eitelkeit,NOUN,125,,,
brunnen,brunnen,PROPN,125,,,
kenner,kenner,NOUN,125,,,
entfernung,entfernung,NOUN,125,,,
sechst,sechst,ADV,125,,,
ruhe,ruhe,NOUN,125,,,
erwägung,erwägung,NOUN,125,,,
versetzt,versetzt,VERB,125,,,
regung,regung,NOUN,125,,,
em,em,X,125,,,
kleiden,kleiden,VERB,125,,,
verändert,verändert,VERB,125,,,
lehrreich,lehrreich,ADV,125,,,
armuth,armuth,PROPN,125,,,
gebilde,gebilde,NOUN,125,,,
gemeinschaft,gemeinschaft,NOUN,125,,,
gymnasial,gymnasial,NOUN,125,,,
nützen,nützen,VERB,125,,,
melodie,melodie,NOUN,125,,,
weltgeschichte,weltgeschichte,NOUN,125,,,
gewissenhaft,gewissenhaft,ADV,125,,,
fortschreitend,fortschreitend,ADV,124,,,
würdigen,würdigen,VERB,124,,,
antheil,antheil,NOUN,124,,,
umher,umher,ADP,124,,,
beschließen,beschließen,VERB,124,,,
dumpf,dumpf,ADV,124,,,
sprechend,sprechend,ADV,124,,,
angewandt,angewandt,VERB,124,,,
jahren,jahren,NOUN,124,,,
wärmen,wärmen,VERB,124,,,
wandern,wandern,VERB,124,,,
elegie,elegie,NOUN,124,,,
blühen,blühen,VERB,124,,,
schaar,schaar,NOUN,124,,,
auffinden,auffinden,VERB,124,,,
gedächtniß,gedächtniß,NOUN,124,,,
aufzunehmen,aufzunehmen,VERB,124,,,
hauptperson,hauptperson,PROPN,124,,,
deutsche,deutsche,ADJ,124,Nation ,Deutsch,
melden,melden,VERB,124,,,
papst,papst,NOUN,124,,,
blücher,blücher,PROPN,124,,,
fabeln,fabeln,NOUN,123,,,
edeln,edeln,VERB,123,,,
grausam,grausam,ADV,123,,,
charakterisieren,charakterisieren,VERB,123,Praktik,,
production,production,NOUN,123,,,
inwiefern,inwiefern,VERB,123,,,
übergeben,übergeben,VERB,123,,,
abhandlungen,abhandlungen,NOUN,123,,,
philosoph,philosoph,NOUN,123,,,
sterbend,sterbend,ADV,123,,,
tanzen,tanzen,VERB,123,,,
fürstin,fürstin,NOUN,123,,,
dialog,dialog,NOUN,123,,,
dargelegt,dargelegt,VERB,123,,,
unzählig,unzählig,ADV,123,,,
eisen,eisen,NOUN,123,,,
schreibart,schreibart,NOUN,123,Poetologie,,
sprachstudium,sprachstudium,NOUN,123,,,
säen,säen,VERB,123,,,
kranich,kranich,ADV,122,,,
erhöht,erhöht,VERB,122,,,
regen,regen,NOUN,122,,,
redend,redend,ADV,122,,,
unrichtig,unrichtig,ADV,122,,,
weiden,weiden,VERB,122,,,
vertiefen,vertiefen,VERB,122,,,
speer,speer,NOUN,122,,,
ernstlich,ernstlich,ADV,122,,,
getrieben,getrieben,VERB,122,,,
vereinigt,vereinigt,VERB,122,,,
vocal,vocal,PROPN,122,,,
belehrend,belehrend,ADV,122,,,
alter,alter,ADJ,122,Alter,,
propädeutik,propädeutik,NOUN,122,,,
worms,worms,PROPN,122,Ort,,
organismus,organismus,NOUN,122,,,
vermehren,vermehren,VERB,122,,,
schöne,schöne,ADJ,122,Ästhetik ,,
patriotismus,patriotismus,NOUN,122,,,
bemühung,bemühung,VERB,122,,,
heilsam,heilsam,ADV,122,,,
beredtsamkei,beredtsamkei,PROPN,122,,,
fortgesetzt,fortgesetzt,VERB,121,,,
schönen,schönen,ADJ,121,Ästhetik,,
schwäche,schwäche,NOUN,121,,,
bleich,bleich,ADV,121,,,
nachbar,nachbar,ADV,121,,,
sprung,sprung,NOUN,121,,,
jedermann,jedermann,PRON,121,,,
herrn,herrn,NOUN,121,,,
odyssee,odyssee,PROPN,121,Narrativ,,
befähigen,befähigen,VERB,121,,,
sentimental,sentimental,ADV,121,Emotion ,,
mahnen,mahnen,VERB,121,,,
trösten,trösten,VERB,121,,,
bedauern,bedaürn,PROPN,120,,,
wechselnd,wechselnd,ADV,120,,,
gelangt,gelangt,VERB,120,,,
anreden,anreden,VERB,120,,,
vergil,vergil,VERB,120,,,
verletzen,verletzen,VERB,120,,,
commentar,commentar,PROPN,120,Praktik,Poetologie,
zeugniß,zeugniß,NOUN,120,,,
willig,willig,ADV,120,,,
müßte,müßte,AUX,120,,,
ertönen,ertönen,VERB,120,,,
gemahl,gemahl,NOUN,120,,,
geleitet,geleitet,VERB,120,,,
anknüpfen,anknüpfen,VERB,120,,,
jagen,jagen,VERB,120,,,
mischen,mischen,VERB,120,,,
feder,feder,NOUN,120,,,
verwerten,verwerten,VERB,120,,,
dureh,dureh,PROPN,120,,,
unterlassen,unterlassen,VERB,119,,,
gediegen,gediegen,ADV,119,,,
entfaltung,entfaltung,NOUN,119,,,
öde,öde,ADV,119,,,
verhältnisse,verhältnisse,NOUN,119,,,
drohen,drohen,VERB,119,,,
kritiker,kritiker,NOUN,119,,,
schroff,schroff,ADV,119,,,
katholisch,katholisch,ADV,119,Theologie,,
wand,wand,NOUN,119,,,
provinz,provinz,NOUN,119,,,
verfehlen,verfehlen,VERB,119,,,
hegen,hegen,VERB,119,,,
beiläufig,beiläufig,ADV,119,,,
prädicat,prädicat,NOUN,119,,,
kaiserlich,kaiserlich,ADV,119,,,
büchlein,büchlein,PROPN,119,Lehrmedien,,
aufführen,aufführen,VERB,119,,,
lection,lection,NOUN,119,,,
frevel,frevel,NOUN,118,,,
dargeboten,dargeboten,VERB,118,,,
vorstellen,vorstellen,VERB,118,,,
vorbereitet,vorbereitet,VERB,118,,,
beruhigen,beruhigen,VERB,118,,,
strömen,strömen,VERB,118,,,
redlich,redlich,ADV,118,,,
vergehen,vergehen,VERB,118,,,
nackt,nackt,ADV,118,,,
komposition,komposition,NOUN,118,,,
veranlaßt,veranlaßt,VERB,118,,,
verwendung,verwendung,NOUN,118,,,
außudrücken,außudrücken,VERB,118,,,
geschlossen,geschlossen,VERB,118,,,
zeitgenosse,zeitgenosse,NOUN,118,,,
generation,generation,NOUN,118,,,
lehrers,lehrers,PROPN,118,Schule,Typ,
nebel,nebel,NOUN,118,,,
vermehrt,vermehrt,ADV,118,,,
volksgeist,volksgeist,NOUN,118,Nation,Patriotisch,
sophokle,sophokle,NOUN,118,,,
gegenteil,gegenteil,NOUN,118,,,
volkstümlich,volkstümlich,ADV,118,Nation,,
standpunct,standpunct,PROPN,118,,,
nationalität,nationalität,NOUN,117,,,
hauptwort,hauptwort,PROPN,117,,,
ungeheur,ungeheur,PROPN,117,,,
jammern,jammern,VERB,117,,,
dürftig,dürftig,ADV,117,,,
priesterin,priesterin,NOUN,117,,,
entnommen,entnommen,VERB,117,,,
gesteigert,gesteigert,VERB,117,,,
entzücken,entzücken,VERB,117,,,
gemeint,gemeint,VERB,117,,,
untreu,untreu,ADV,117,,,
erreichung,erreichung,NOUN,117,,,
klugheit,klugheit,NOUN,117,,,
begehen,begehen,VERB,117,,,
empfohlen,empfohlen,VERB,117,,,
strafen,strafen,VERB,117,,,
empfänglich,empfänglich,ADV,117,,,
behauptet,behauptet,VERB,117,,,
vorhin,vorhin,ADV,117,,,
mannes,mannes,NOUN,117,,,
anschluß,anschluß,NOUN,117,,,
stattfinden,stattfinden,VERB,117,,,
verlaufen,verlaufen,VERB,117,,,
min,min,X,117,,,
verarbeitung,verarbeitung,NOUN,117,,,
voraufgegangen,voraufgegangen,VERB,117,,,
übertragung,übertragung,NOUN,116,,,
humanität,humanität,NOUN,116,,,
objekt,objekt,NOUN,116,,,
mangelhaft,mangelhaft,ADV,116,,,
umreißen,umreißen,VERB,116,,,
gegenstände,gegenstände,NOUN,116,,,
entreißen,entreißen,VERB,116,,,
romantik,romantik,NOUN,116,,,
räumen,räumen,VERB,116,,,
fluten,fluten,VERB,116,,,
leihen,leihen,VERB,116,,,
einleitend,einleitend,ADV,116,,,
director,director,X,116,,,
angewiesen,angewiesen,ADV,116,,,
berliner,berliner,ADJ,116,Ort,,
psychologie,psychologie,NOUN,116,Wissenschaft,,
neuzeit,neuzeit,NOUN,116,,,
produkt,produkt,NOUN,115,,,
mittheilen,mittheilen,VERB,115,,,
gemeinde,gemeinde,NOUN,115,,,
schöpferisch,schöpferisch,ADV,115,,,
frömmigkeit,frömmigkeit,NOUN,115,,,
bewährt,bewährt,VERB,115,,,
widersprechen,widersprechen,VERB,115,,,
reformation,reformation,NOUN,115,,,
eduard,eduard,PROPN,115,Person,,
töten,töten,VERB,115,,,
wonne,wonne,PROPN,114,,,
selbstgefühl,selbstgefühl,NOUN,114,Emotion ,,
deßhalb,deßhalb,ADV,114,,,
verleiten,verleiten,VERB,114,,,
schöpfer,schöpfer,NOUN,114,,,
bäumen,bäumen,NOUN,114,,,
zwiespalt,zwiespalt,NOUN,114,,,
perlen,perlen,NOUN,114,,,
kurfürst,kurfürst,NOUN,114,,,
erwartet,erwartet,VERB,114,,,
product,product,NOUN,114,,,
dient,dient,VERB,114,,,
lesestück,lesestück,NOUN,114,Lesen,Lehrmedien,
wolfram,wolfram,PROPN,114,Person,Schriftsteller,
einteilung,einteilung,NOUN,114,,,
teuer,teür,PROPN,114,,,
unterweisung,unterweisung,NOUN,114,,,
boxberger,boxberger,NOUN,114,Person,Didaktik,
jmmer,jmmer,NOUN,114,,,
erzeugt,erzeugt,VERB,113,,,
worüber,worüber,SCONJ,113,,,
bange,bange,ADV,113,,,
gewißheit,gewißheit,NOUN,113,,,
begründet,begründet,VERB,113,,,
gewidmet,gewidmet,VERB,113,,,
lippe,lippe,NOUN,113,,,
versäumen,versäumen,VERB,113,,,
besorgen,besorgen,VERB,113,,,
individuum,individuum,NOUN,113,,,
geschenk,geschenk,NOUN,113,,,
jugendliteratur,jugendliteratur,NOUN,113,,,
jsabella,jsabella,PROPN,113,,,
völker,völker,NOUN,112,Nation,,
gehoben,gehoben,VERB,112,,,
dialekt,dialekt,NOUN,112,,,
reizend,reizend,ADV,112,,,
scherz,scherz,NOUN,112,,,
ehrfurcht,ehrfurcht,ADV,112,,,
rastlos,rastlos,ADV,112,,,
adler,adler,NOUN,112,,,
italienisch,italienisch,NOUN,112,Nation,,
auseinandersetzung,auseinandersetzung,NOUN,112,,,
mühsam,mühsam,ADV,112,,,
eigner,eigner,NOUN,112,,,
relativ,relativ,ADV,112,,,
umfangreich,umfangreich,ADV,112,,,
schal,schal,ADV,112,,,
fremdwort,fremdwort,NOUN,112,,,
fortsetzen,fortsetzen,VERB,112,,,
subjekt,subjekt,NOUN,112,,,
fü,fü,X,112,,,
bemerkungen,bemerkungen,NOUN,112,,,
rüstung,rüstung,NOUN,112,,,
entwurf,entwurf,NOUN,112,,,
versucht,versucht,VERB,111,,,
fallend,fallend,ADV,111,,,
schneiden,schneiden,VERB,111,,,
deutung,deutung,NOUN,111,,,
befestigen,befestigen,VERB,111,,,
aufweisen,aufweisen,VERB,111,,,
reifen,reifen,VERB,111,,,
nebensatz,nebensatz,PROPN,111,,,
mitglied,mitglied,NOUN,111,,,
meyer,meyer,PROPN,111,,,
strophen,strophen,VERB,111,Poetologie,Lyrik,Unterteilung
pfeil,pfeil,NOUN,111,,,
stechen,stechen,VERB,111,,,
verlegenheit,verlegenheit,NOUN,111,,,
campen,campen,VERB,111,,,
legend,legend,ADV,111,,,
martin,martin,PROPN,111,,,
barbarossa,barbarossa,PROPN,111,Person,Literatur,
reproduktion,reproduktion,NOUN,111,,,
fürsten,fürsten,VERB,111,Typ,Politik,
zerreißen,zerreißen,VERB,111,,,
brunhild,brunhild,NOUN,111,,,
bethätigung,bethätigung,NOUN,111,,,
beatrice,beatrice,PROPN,111,Person,Literatur,
manül,manül,NOUN,111,,,
ungleich,ungleich,ADV,110,,,
seinig,seinig,PROPN,110,,,
verherrlichen,verherrlichen,VERB,110,,,
bilder,bilder,NOUN,110,,,
gewandt,gewandt,VERB,110,,,
gefaßt,gefaßt,VERB,110,,,
unangenehm,unangenehm,ADV,110,,,
gedichtes,gedichtes,ADJ,110,Gattung ,Poetologie,
stürmen,stürmen,VERB,110,,,
verschließen,verschließen,VERB,110,,,
gesellig,gesellig,ADV,110,,,
später,später,ADV,110,,,
hielt,hielt,VERB,110,,,
hört,hört,VERB,110,,,
schmidt,schmidt,PROPN,110,Person,Schriftsteller,
erachten,erachten,VERB,110,,,
formenlehre,formenlehre,NOUN,110,,,
planen,planen,VERB,110,,,
sexta,sexta,PROPN,110,Schule,,
kleinod,kleinod,PROPN,109,,,
hervortritt,hervortritt,VERB,109,,,
überlegen,überlegen,VERB,109,,,
lande,lande,NOUN,109,,,
befriedigend,befriedigend,ADV,109,,,
stoffe,stoffe,NOUN,109,,,
eintritt,eintritt,VERB,109,,,
lesung,lesung,NOUN,109,,,
existenz,existenz,NOUN,109,,,
druckfehler,druckfehler,NOUN,109,,,
abgeschlossen,abgeschlossen,VERB,109,,,
anleiten,anleiten,VERB,109,,,
entschuldigen,entschuldigen,VERB,109,,,
zurückführen,zurückführen,VERB,109,,,
aufheben,aufheben,VERB,109,,,
thatsache,thatsache,NOUN,109,,,
offizier,offizier,NOUN,109,,,
barnhelm,barnhelm,PROPN,109,Person,Literatur,
mitgetheilen,mitgetheilen,NOUN,108,,,
hülfsmittel,hülfsmittel,PROPN,108,Praktik,,
etzels,etzels,NOUN,108,,,
gemüthe,gemüthe,NOUN,108,,,
gewußt,gewußt,VERB,108,,,
verachtung,verachtung,NOUN,108,,,
räthsel,räthsel,PROPN,108,,,
gedrängt,gedrängt,VERB,108,,,
truppe,truppe,NOUN,108,,,
kaufmann,kaufmann,NOUN,108,,,
erhebend,erhebend,ADV,108,,,
naturgeschichte,naturgeschichte,AUX,108,,,
vorstehend,vorstehend,ADV,108,,,
maßgebend,maßgebend,ADV,108,,,
niederdeutsch,niederdeutsch,ADV,108,Beschreibung ,Poetologie,Sprache
überblick,überblick,NOUN,108,,,
erhebt,erhebt,VERB,107,,,
besonnen,besonnen,ADV,107,,,
anmuth,anmuth,PROPN,107,,,
stande,stande,NOUN,107,,,
unerwartet,unerwartet,ADV,107,,,
christi,christi,PROPN,107,Person,Theologie,
erlaubt,erlaubt,VERB,107,,,
us,us,X,107,,,
dämonisch,dämonisch,ADV,107,,,
verlegen,verlegen,ADV,107,,,
apfel,apfel,NOUN,107,,,
zwerg,zwerg,NOUN,107,Typ,Narrativ,
pathos,pathos,NOUN,107,,,
konflikt,konflikt,NOUN,107,,,
verschiedenartig,verschiedenartig,ADV,107,,,
malerei,malerei,NOUN,107,,,
stilistik,stilistik,NOUN,107,,,
zwölf,zwölf,NUM,107,,,
urteilen,urteilen,VERB,107,,,
lernend,lernend,ADV,107,,,
gesichtskreis,gesichtskreis,NOUN,107,,,
beantwortung,beantwortung,NOUN,106,,,
küssen,küssen,VERB,106,,,
stiften,stiften,VERB,106,,,
griechen,griechen,NOUN,106,,,
altar,altar,NOUN,106,,,
angelegt,angelegt,VERB,106,,,
glücken,glücken,VERB,106,,,
sorgsam,sorgsam,ADV,106,,,
draußen,draußen,ADV,106,,,
angehört,angehört,VERB,106,,,
schwimmen,schwimmen,VERB,106,,,
stirn,stirn,NOUN,106,,,
brennen,brennen,VERB,106,,,
thronen,thronen,VERB,106,,,
innigkeit,innigkeit,NOUN,106,,,
blüthen,blüthen,VERB,106,,,
unklar,unklar,ADV,106,,,
jahre,jahre,NOUN,106,,,
übertrieben,übertrieben,ADV,106,,,
freiligrath,freiligrath,PROPN,106,Person,Schriftsteller,
dürr,dürr,ADV,106,Beschreibung,,
untergeordnet,untergeordnet,VERB,106,,,
kreuzzug,kreuzzug,NOUN,106,,,
verwerflich,verwerflich,ADV,106,,,
förderlich,förderlich,ADV,106,,,
entsetzen,entsetzen,NOUN,106,,,
gräfin,gräfin,PROPN,106,Typ,Narrativ,
einübung,einübung,NOUN,106,,,
führung,führung,NOUN,106,,,
gedruckt,gedruckt,VERB,106,,,
gleichnis,gleichnis,NOUN,106,,,
gelehrtenschul,gelehrtenschul,PROPN,106,,,
unverständlich,unverständlich,ADV,106,negative Bewertung,,
jugendschrift,jugendschrift,NOUN,106,,,
österreich,österreich,PROPN,106,Nation,,
vielseitig,vielseitig,ADV,105,,,
stimme,stimme,VERB,105,,,
wiese,wiese,NOUN,105,,,
vertrieben,vertrieben,VERB,105,,,
vereinzelt,vereinzelt,ADV,105,,,
bräutigam,bräutigam,PROPN,105,Typ,Gender,Mask
ihrig,ihrig,ADV,105,,,
dünken,dünken,VERB,105,,,
beruht,beruht,VERB,105,,,
sprachgebrauch,sprachgebrauch,NOUN,105,,,
gegründet,gegründet,VERB,105,,,
freundin,freundin,NOUN,105,,,
befolgen,befolgen,VERB,105,,,
wußte,wußte,VERB,105,,,
aufklärung,aufklärung,NOUN,105,,,
organ,organ,NOUN,105,,,
ungeheuer,ungeheür,PROPN,105,,,
mantel,mantel,NOUN,105,,,
lehrt,lehrt,VERB,105,,,
sprichwort,sprichwort,NOUN,105,,,
imstande,imstande,ADV,105,,,
gefällig,gefällig,ADV,104,,,
zusammentreffen,zusammentreffen,VERB,104,,,
subjektiv,subjektiv,ADV,104,,,
epos,epos,NOUN,104,,,
keimen,keimen,VERB,104,,,
trachten,trachten,VERB,104,,,
große,große,ADJ,104,,,
wahrnehmung,wahrnehmung,NOUN,104,,,
abends,abends,ADV,104,,,
hübsch,hübsch,ADV,104,,,
wofür,wofür,ADV,104,,,
analytisch,analytisch,ADV,104,,,
befähigung,befähigung,NOUN,104,,,
verstorben,verstorben,VERB,104,,,
brausen,brausen,VERB,104,,,
link,link,NOUN,104,,,
saladin,saladin,PROPN,104,Person,Literatur,
ersparen,ersparen,VERB,104,,,
themata,themata,PROPN,104,,,
geschichtsunterricht,geschichtsunterricht,VERB,104,,,
fahne,fahne,NOUN,104,,,
schien,schien,VERB,104,,,
eichen,eichen,VERB,104,,,
nachtigall,nachtigall,PROPN,104,,,
bürgschaft,bürgschaft,NOUN,104,,,
erheblich,erheblich,ADV,104,,,
vilmar,vilmar,PROPN,104,,,
leuchtend,leuchtend,ADV,103,,,
leiblich,leiblich,ADV,103,,,
schwankend,schwankend,ADV,103,,,
schweigend,schweigend,ADV,103,,,
entlassen,entlassen,VERB,103,,,
spanisch,spanisch,ADV,103,Nation,,
verbrechen,verbrechen,NOUN,103,,,
gebrochen,gebrochen,VERB,103,,,
nächtlich,nächtlich,ADV,103,,,
versinken,versinken,VERB,103,,,
schlachten,schlachten,VERB,103,,,
symbolisch,symbolisch,ADV,103,,,
erfinden,erfinden,VERB,103,,,
wiederkehrend,wiederkehrend,ADV,103,,,
wetter,wetter,NOUN,103,,,
habsburg,habsburg,PROPN,103,Typ,Nation,
alte,alte,ADJ,103,Alter,,
stuttgart,stuttgart,PROPN,103,Ort,,
verborgen,verborgen,VERB,103,,,
ebensowenig,ebensowenig,ADV,103,,,
behaglich,behaglich,ADV,103,,,
begehren,begehren,VERB,103,,,
gebäude,gebäude,NOUN,103,,,
abfassung,abfassung,NOUN,103,,,
gymnasiast,gymnasiast,PROPN,103,Schule,Typ,
gewohnheit,gewohnheit,NOUN,103,,,
cursu,cursu,PROPN,103,,,
ganze,ganze,ADJ,102,Höhe ,,
bescheidenheit,bescheidenheit,NOUN,102,,,
unwürdig,unwürdig,ADV,102,,,
verändern,verändern,VERB,102,,,
untersuchen,untersuchen,VERB,102,,,
verbreitet,verbreitet,VERB,102,,,
bedeckt,bedeckt,ADV,102,,,
störend,störend,ADV,102,,,
götzinger,götzinger,NOUN,102,,,
gehend,gehend,ADV,102,,,
bedeutungsvoll,bedeutungsvoll,ADV,102,,,
geneigt,geneigt,VERB,102,,,
kunstvoll,kunstvoll,ADV,102,,,
handel,handel,NOUN,102,,,
bezeugen,bezeugen,VERB,102,,,
durchführung,durchführung,NOUN,102,,,
namens,namens,ADP,102,,,
müde,müde,ADV,102,,,
lasse,lasse,VERB,102,,,
ausgedehnt,ausgedehnt,VERB,102,,,
mark,mark,NOUN,102,,,
schaft,schaft,NOUN,102,,,
kleider,kleider,NOUN,102,,,
herzens,herzens,NOUN,102,,,
rest,rest,NOUN,102,,,
ohnehin,ohnehin,ADV,102,,,
aufgehen,aufgehen,VERB,102,,,
altersstufe,altersstufe,PROPN,102,,,
einblick,einblick,PROPN,102,,,
komma,komma,NOUN,102,,,
verirrung,verirrung,NOUN,102,,,
vorgetragen,vorgetragen,VERB,102,,,
etzel,etzel,NOUN,102,Person,Literatur,
unterrichtseite,unterrichtseite,PROPN,102,,,
practisch,practisch,ADV,102,Praxis,,
vorgeführt,vorgeführt,VERB,101,,,
wohlgefallen,wohlgefallen,VERB,101,,,
vorherrschend,vorherrschend,ADV,101,,,
auskunft,auskunft,NOUN,101,,,
schlagend,schlagend,ADV,101,,,
vorzeit,vorzeit,NOUN,101,,,
eingeführt,eingeführt,VERB,101,,,
segnen,segnen,VERB,101,,,
or,or,X,101,,,
hervorgeht,hervorgeht,VERB,101,,,
nachdrücklich,nachdrücklich,ADV,101,,,
gespannt,gespannt,ADV,101,,,
zuversicht,zuversicht,NOUN,101,,,
hause,hause,PROPN,101,,,
vorsichtig,vorsichtig,ADV,101,,,
sentenz,sentenz,NOUN,101,,,
bekämpfen,bekämpfen,VERB,101,,,
rubrik,rubrik,NOUN,101,,,
hinweisung,hinweisung,NOUN,101,,,
überwiegend,überwiegend,ADV,101,,,
entdeckung,entdeckung,NOUN,101,,,
thekla,thekla,PROPN,101,,,
wörterbuch,wörterbuch,NOUN,101,,,
späterhin,späterhin,ADV,101,,,
wirkt,wirkt,VERB,100,,,
blüthe,blüthe,PROPN,100,,,
beugen,beugen,VERB,100,,,
einfalt,einfalt,VERB,100,,,
färbung,färbung,NOUN,100,,,
gesungen,gesungen,VERB,100,,,
maler,maler,NOUN,100,,,
classen,classen,VERB,100,,,
zurückweisen,zurückweisen,VERB,100,,,
gebührend,gebührend,ADV,100,,,
urtheils,urtheils,PROPN,100,,,
bar,bar,ADV,100,,,
aufrecht,aufrecht,ADV,100,,,
gereift,gereift,VERB,100,,,
gram,gram,X,100,,,
vollbringen,vollbringen,VERB,100,,,
glaubte,glaubte,VERB,100,,,
gewünscht,gewünscht,VERB,100,,,
verachten,verachten,VERB,100,,,
sachen,sachen,NOUN,100,,,
ungestüm,ungestüm,ADV,100,,,
wanderung,wanderung,NOUN,100,,,
edelstein,edelstein,PROPN,100,,,
stoffes,stoffes,PROPN,100,,,
pilger,pilger,NOUN,100,,,
beibringen,beibringen,VERB,100,,,
einrichten,einrichten,VERB,100,,,
lässt,lässt,VERB,100,,,
schlufs,schlufs,PROPN,100,,,
handschuh,handschuh,PROPN,100,,,
werbung,werbung,NOUN,100,,,
geheimnisvoll,geheimnisvoll,ADV,100,,,
ergriffen,ergriffen,VERB,99,,,
germane,germane,ADJ,99,,,
erkennt,erkennt,VERB,99,,,
aufhören,aufhören,VERB,99,,,
öfters,öfters,ADV,99,,,
dürfe,dürfe,AUX,99,,,
überschreiten,überschreiten,VERB,99,,,
regiment,regiment,NOUN,99,,,
gipfel,gipfel,NOUN,99,,,
lehre,lehre,VERB,99,,,
weber,weber,PROPN,99,,,
begierde,begierde,NOUN,99,,,
ableiten,ableiten,VERB,99,,,
treibt,treibt,VERB,99,,,
heranziehen,heranziehen,VERB,99,,,
außügen,außügen,NOUN,99,,,
fertigen,fertigen,VERB,99,,,
stundenzahl,stundenzahl,NOUN,99,,,
bereichern,bereichern,VERB,99,,,
mitteilen,mitteilen,VERB,99,,,
hoffentlich,hoffentlich,ADV,98,,,
gezeigt,gezeigt,VERB,98,,,
zuneigung,zuneigung,NOUN,98,,,
wirth,wirth,PROPN,98,,,
gefühle,gefühle,NOUN,98,Emotion ,,
anzunehmen,anzunehmen,VERB,98,,,
metrum,metrum,PROPN,98,Poetologie,Lyrik,
verwirren,verwirren,VERB,98,,,
mauern,maürn,PROPN,98,,,
fußen,fußen,VERB,98,,,
tropfen,tropfen,VERB,98,,,
zerlegen,zerlegen,VERB,98,,,
schülern,schülern,NOUN,98,Schule,Typ,
schäfer,schäfer,PROPN,98,,,
besuch,besuch,NOUN,98,,,
fürstlich,fürstlich,ADV,98,,,
ler,ler,X,98,,,
vorausgesetzt,vorausgesetzt,VERB,98,,,
unnütz,unnütz,ADV,98,,,
vaterlandslieben,vaterlandslieben,NOUN,98,,,
werben,werben,VERB,98,,,
sol,sol,X,98,,,
erweckung,erweckung,NOUN,98,,,
äufsern,äufsern,VERB,98,,,
wahrnehmen,wahrnehmen,VERB,97,,,
rüdiger,rüdiger,PROPN,97,,,
dichtungsart,dichtungsart,NOUN,97,,,
ausbruch,ausbruch,NOUN,97,,,
unterhalten,unterhalten,VERB,97,,,
zerstreuen,zerstreün,PROPN,97,,,
beste,beste,ADJ,97,Höhe ,,
wehren,wehren,VERB,97,,,
hügel,hügel,PROPN,97,,,
beschäftigt,beschäftigt,VERB,97,,,
schloß,schloß,VERB,97,,,
beuten,beuten,VERB,97,,,
landmann,landmann,NOUN,97,,,
einzuführen,einzuführen,VERB,97,,,
hiernach,hiernach,ADV,97,,,
begeistern,begeistern,VERB,97,,,
hoheit,hoheit,NOUN,97,,,
ausrufen,ausrufen,VERB,97,,,
ermordung,ermordung,NOUN,97,,,
feldherr,feldherr,NOUN,97,,,
tertianer,tertianer,NOUN,97,,,
formel,formel,NOUN,96,,,
mager,mager,ADV,96,,,
besonnenheit,besonnenheit,NOUN,96,,,
entschluss,entschluss,NOUN,96,,,
beleuchtung,beleuchtung,NOUN,96,,,
unwiderstehlich,unwiderstehlich,ADV,96,,,
besinnen,besinnen,VERB,96,,,
dauern,daürn,PROPN,96,,,
spätern,spätern,NOUN,96,Zeit,,
schwinden,schwinden,VERB,96,,,
rose,rose,NOUN,96,,,
kummer,kummer,PROPN,96,,,
jahrbuch,jahrbuch,NOUN,96,,,
bücher,bücher,NOUN,96,Poetologie,Lehrmedien,
wonach,wonach,ADV,96,,,
blättern,blättern,VERB,96,,,
unwahrheit,unwahrheit,NOUN,96,,,
capitel,capitel,PROPN,96,Unterteilung ,Gattung,
autorität,autorität,NOUN,96,,,
manier,manier,NOUN,96,,,
außeichnen,außeichnen,NOUN,96,,,
nimmermehr,nimmermehr,ADV,96,,,
erleiden,erleiden,VERB,96,,,
nachhaltig,nachhaltig,ADV,96,,,
schillers,schillers,PROPN,96,,,
syntax,syntax,VERB,96,,,
abgeben,abgeben,VERB,96,,,
verhandlung,verhandlung,NOUN,96,,,
pflug,pflug,PROPN,96,,,
obertertia,obertertia,PROPN,96,,,
gelassen,gelassen,VERB,95,,,
bluten,bluten,VERB,95,,,
nüchtern,nüchtern,ADV,95,,,
eingreifen,eingreifen,VERB,95,,,
verse,verse,VERB,95,,,
zweierlei,zweierlei,DET,95,,,
hemmen,hemmen,VERB,95,,,
blitz,blitz,PROPN,95,,,
schmach,schmach,NOUN,95,,,
entsetzlich,entsetzlich,ADV,95,,,
general,general,X,95,,,
kömmen,kömmen,NOUN,95,,,
eindringlich,eindringlich,ADV,95,,,
verstecken,verstecken,VERB,95,,,
ausgebildet,ausgebildet,VERB,95,,,
nochmals,nochmals,ADV,95,,,
überzeugt,überzeugt,VERB,95,,,
volke,volke,NOUN,95,,,
nu,nu,X,95,,,
dreimal,dreimal,ADV,95,,,
verfolgt,verfolgt,VERB,95,,,
heilung,heilung,NOUN,95,,,
erkannt,erkannt,VERB,95,,,
gesammelt,gesammelt,VERB,95,,,
einwirken,einwirken,VERB,94,,,
vorurtheil,vorurtheil,NOUN,94,,,
geistesbildung,geistesbildung,NOUN,94,,,
anschaulichkeit,anschaulichkeit,NOUN,94,,,
ahnungsvoll,ahnungsvoll,ADV,94,,,
bedacht,bedacht,ADV,94,,,
gezeichnet,gezeichnet,VERB,94,,,
motivirt,motivirt,NOUN,94,,,
subjecen,subjecen,NOUN,94,,,
darlegen,darlegen,VERB,94,,,
höchster,höchster,ADJ,94,,,
stumpf,stumpf,ADV,94,,,
bahnen,bahnen,VERB,94,,,
opfern,opfern,VERB,94,,,
zweig,zweig,NOUN,94,,,
he,he,X,94,,,
durchführen,durchführen,VERB,94,,,
herrscht,herrscht,VERB,94,,,
denkbar,denkbar,ADV,94,,,
faden,faden,ADJ,94,,,
wehen,wehen,VERB,94,,,
vorlegen,vorlegen,VERB,94,,,
buttler,buttler,PROPN,94,,,
pedantisch,pedantisch,ADV,93,,,
entgegentreten,entgegentreten,VERB,93,,,
gründlichkeit,gründlichkeit,NOUN,93,,,
scheren,scheren,VERB,93,,,
bewahrt,bewahrt,VERB,93,,,
kriegerisch,kriegerisch,ADV,93,,,
erschöpfen,erschöpfen,VERB,93,,,
hauptgedanke,hauptgedanke,VERB,93,,,
frühzeitig,frühzeitig,ADV,93,,,
unterstützung,unterstützung,NOUN,93,,,
os,os,X,93,,,
vorgänger,vorgänger,NOUN,93,,,
hassen,hassen,VERB,93,,,
satzbau,satzbau,NOUN,93,,,
liebt,liebt,VERB,93,,,
angenommen,angenommen,VERB,93,,,
liebling,liebling,X,93,,,
oheim,oheim,PROPN,93,,,
gestattet,gestattet,VERB,93,,,
schichten,schichten,NOUN,93,,,
vorkommt,vorkommt,VERB,93,,,
bezweifeln,bezweifeln,VERB,93,,,
rechtfertigung,rechtfertigung,NOUN,93,,,
begriffen,begriffen,VERB,93,,,
ausüben,ausüben,VERB,93,,,
redekunst,redekunst,PROPN,93,Poetologie,Rhetorik,
heutzutage,heutzutage,ADV,93,,,
hingewiesen,hingewiesen,VERB,93,,,
beurteilen,beurteilen,VERB,93,,,
hartmut,hartmut,PROPN,93,,,
fehlerhaft,fehlerhaft,ADV,92,,,
kluft,kluft,NOUN,92,,,
gemüthes,gemüthes,ADJ,92,Emotion ,,
spiegeln,spiegeln,VERB,92,,,
lehnen,lehnen,VERB,92,,,
hinstellen,hinstellen,VERB,92,,,
gewohnt,gewohnt,VERB,92,,,
besingen,besingen,VERB,92,,,
anhalten,anhalten,VERB,92,,,
wallen,wallen,VERB,92,,,
arion,arion,NOUN,92,,,
jambisch,jambisch,ADV,92,,,
haften,haften,VERB,92,,,
lauschen,lauschen,VERB,92,,,
lüften,lüften,VERB,92,,,
rosen,rosen,PROPN,92,,,
versöhnen,versöhnen,VERB,92,,,
verdrängen,verdrängen,VERB,92,,,
herodot,herodot,NOUN,92,Person,Schriftsteller,Historisch 
mildern,mildern,VERB,92,,,
ter,ter,X,92,,,
mährchen,mährchen,NOUN,92,,,
erschrecken,erschrecken,VERB,92,,,
dasjenige,dasjenige,PRON,92,,,
christus,christus,PROPN,92,,,
rüsten,rüsten,VERB,92,,,
erschien,erschien,VERB,92,,,
religionsunterricht,religionsunterricht,NOUN,92,,,
gervinu,gervinu,NOUN,92,,,
beeinträchtigen,beeinträchtigen,VERB,92,,,
mittelbar,mittelbar,ADV,92,,,
jhnen,jhnen,NOUN,92,,,
sowol,sowol,NOUN,92,,,
abt,abt,PROPN,92,,,
rudenz,rudenz,NOUN,92,,,
dionys,dionys,PROPN,92,,,
verwundern,verwundern,VERB,91,,,
thöricht,thöricht,PROPN,91,,,
ankommen,ankommen,VERB,91,,,
harren,harren,VERB,91,,,
rührung,rührung,PROPN,91,,,
lebenseite,lebenseite,VERB,91,,,
schande,schande,NOUN,91,,,
endung,endung,NOUN,91,,,
wohlthätig,wohlthätig,ADV,91,,,
festlich,festlich,ADV,91,,,
beherrscht,beherrscht,VERB,91,,,
kleidung,kleidung,NOUN,91,,,
aufgeführt,aufgeführt,VERB,91,,,
erwacht,erwacht,VERB,91,,,
ausfallen,ausfallen,VERB,91,,,
ausdrückt,ausdrückt,VERB,91,,,
herbeifgeführt,herbeifgeführt,VERB,91,,,
meiden,meiden,VERB,91,,,
buches,buches,NOUN,91,Medium,,
aufrichtig,aufrichtig,ADV,91,,,
aufbau,aufbau,NOUN,91,,,
rechtschreibung,rechtschreibung,NOUN,91,,,
sinden,sinden,VERB,91,,,
kanon,kanon,PROPN,91,,,
prät,prät,NOUN,91,,,
gewifs,gewifs,NOUN,91,,,
beschreibend,beschreibend,ADV,90,,,
gothisch,gothisch,ADV,90,,,
zustimmung,zustimmung,NOUN,90,,,
stetig,stetig,ADV,90,,,
klippe,klippe,NOUN,90,,,
thaten,thaten,VERB,90,,,
apollo,apollo,PROPN,90,,,
ausgedrückt,ausgedrückt,VERB,90,,,
schlange,schlange,NOUN,90,,,
unabhängig,unabhängig,ADV,90,,,
viehoff,viehoff,NOUN,90,Person,Didaktik ,
suchte,suchte,VERB,90,,,
begraben,begraben,VERB,90,,,
wünscht,wünscht,VERB,90,,,
empfindungen,empfindungen,NOUN,90,,,
sonderbar,sonderbar,ADV,90,,,
auswählen,auswählen,VERB,90,,,
ausführlichkeit,ausführlichkeit,NOUN,90,,,
versichern,versichern,VERB,90,,,
rechenschaft,rechenschaft,NOUN,90,,,
veranschaulichung,veranschaulichung,NOUN,90,,,
vernachlässigen,vernachlässigen,VERB,90,,,
thiersch,thiersch,NOUN,90,,,
beispiele,beispiele,NOUN,90,,,
sinnlichkeit,sinnlichkeit,NOUN,89,,,
gefeiert,gefeiert,VERB,89,,,
wortes,wortes,NOUN,89,Sprache ,,
symbol,symbol,NOUN,89,,,
saite,saite,NOUN,89,,,
fremdling,fremdling,X,89,,,
verein,verein,NOUN,89,,,
vokal,vokal,ADV,89,,,
staunen,staunen,VERB,89,,,
adjektiv,adjektiv,ADV,89,,,
verführen,verführen,VERB,89,,,
skizze,skizze,NOUN,89,,,
idyllisch,idyllisch,ADV,89,,,
herde,herde,NOUN,89,,,
verpflichten,verpflichten,VERB,89,,,
verknüpfung,verknüpfung,NOUN,89,,,
entfernen,entfernen,VERB,89,,,
unpassend,unpassend,ADV,89,,,
entsagen,entsagen,VERB,89,,,
unbegreiflich,unbegreiflich,ADV,89,,,
plural,plural,ADV,89,,,
verletzt,verletzt,VERB,89,,,
abschnitte,abschnitte,NOUN,89,,,
einschlagen,einschlagen,VERB,89,,,
bestreiten,bestreiten,VERB,89,,,
vorliegt,vorliegt,VERB,89,,,
themen,themen,NOUN,89,,,
mutig,mutig,ADV,88,,,
energie,energie,NOUN,88,,,
charaktere,charaktere,NOUN,88,,,
heldin,heldin,PROPN,88,,,
gewöhnung,gewöhnung,NOUN,88,,,
linden,linden,VERB,88,,,
vorziehen,vorziehen,VERB,88,,,
grundgedanke,grundgedanke,NOUN,88,,,
begonnen,begonnen,VERB,88,,,
heiligtum,heiligtum,NOUN,88,,,
elegisch,elegisch,ADV,88,,,
verehren,verehren,VERB,88,,,
mauer,maür,PROPN,88,,,
sächsisch,sächsisch,ADV,88,,,
flach,flach,ADV,88,,,
lesend,lesend,ADV,88,Praktik,Lesen,
erbarmen,erbarmen,VERB,88,,,
ausg,ausg,NOUN,88,,,
werdend,werdend,AUX,88,,,
schwierigkeiten,schwierigkeiten,NOUN,88,,,
entschiedener,entschiedener,ADJ,88,,,
ersatz,ersatz,NOUN,88,,,
genial,genial,ADV,88,,,
verwechseln,verwechseln,VERB,88,,,
heldensagen,heldensagen,VERB,88,,,
unheil,unheil,NOUN,88,,,
benennung,benennung,NOUN,88,,,
befürchten,befürchten,VERB,88,,,
ideen,ideen,NOUN,88,,,
förmlich,förmlich,ADV,88,,,
hauses,hauses,NOUN,88,,,
päd,päd,PROPN,88,,,
januar,januar,NOUN,88,,,
verständig,verständig,ADV,87,positive Bewertung,,
sieger,sieger,NOUN,87,,,
hallen,hallen,VERB,87,,,
mode,mode,NOUN,87,,,
südlich,südlich,ADV,87,,,
schleichen,schleichen,VERB,87,,,
hinüber,hinüber,ADV,87,,,
besorgt,besorgt,ADV,87,,,
vergegenwärtigen,vergegenwärtigen,NOUN,87,,,
unerläßlich,unerläßlich,ADV,87,,,
berührung,berührung,NOUN,87,,,
sa,sa,X,87,,,
we,we,X,87,,,
schauspieler,schauspieler,NOUN,87,,,
humoristisch,humoristisch,ADV,87,,,
lohnen,lohnen,VERB,87,,,
nachweis,nachweis,NOUN,87,,,
berührt,berührt,VERB,87,,,
angesehen,angesehen,VERB,87,,,
schülerin,schülerin,NOUN,87,,,
schreibt,schreibt,VERB,87,,,
ansprechend,ansprechend,ADV,87,,,
feststellen,feststellen,VERB,87,,,
lessingsch,lessingsch,ADV,87,Beschreibung,Poetologie,Person 
pforte,pforte,VERB,86,,,
tiefe,tiefe,ADJ,86,Höhe ,,
gestaltet,gestaltet,VERB,86,,,
vermittelung,vermittelung,NOUN,86,,,
spielend,spielend,ADV,86,,,
erwünscht,erwünscht,ADV,86,,,
stube,stube,NOUN,86,,,
einwenden,einwenden,VERB,86,,,
katze,katze,NOUN,86,,,
horchen,horchen,VERB,86,,,
retter,retter,PROPN,86,,,
aufschwung,aufschwung,NOUN,86,,,
herkules,herkules,PROPN,86,,,
tauchen,tauchen,VERB,86,,,
triumph,triumph,PROPN,86,,,
palast,palast,NOUN,86,,,
gleichheit,gleichheit,NOUN,86,,,
ersehen,ersehen,VERB,86,,,
empfehlung,empfehlung,NOUN,86,,,
hauptinhalt,hauptinhalt,PROPN,86,,,
beibehalten,beibehalten,VERB,86,,,
stofflich,stofflich,ADV,86,,,
frankfurt,frankfurt,PROPN,86,,,
belebung,belebung,NOUN,86,,,
auffordern,auffordern,VERB,86,,,
jubel,jubel,NOUN,86,,,
verzeichnis,verzeichnis,NOUN,86,,,
dramen,dramen,VERB,86,,,
scherer,scherer,NOUN,86,,,
müßen,müßen,AUX,86,,,
einflussen,einflussen,VERB,86,,,
bertha,bertha,VERB,86,,,
stauffach,stauffach,NOUN,86,,,
verfügung,verfügung,NOUN,86,,,
preufsisch,preufsisch,ADV,86,,,
übertreffen,übertreffen,VERB,85,,,
steigend,steigend,ADV,85,,,
unermüdlich,unermüdlich,ADV,85,,,
bezahlen,bezahlen,VERB,85,,,
gemüther,gemüther,ADV,85,,,
hervorzuheben,hervorzuheben,VERB,85,,,
entlehnt,entlehnt,VERB,85,,,
knieen,knieen,PROPN,85,,,
dichtern,dichtern,VERB,85,,,
flügel,flügel,NOUN,85,,,
größern,größern,VERB,85,,,
dialektisch,dialektisch,ADV,85,,,
repräsentant,repräsentant,PROPN,85,,,
diesmal,diesmal,ADV,85,,,
behagen,behagen,VERB,85,,,
ungern,ungern,ADV,85,,,
einsehen,einsehen,VERB,85,,,
liebenswürdig,liebenswürdig,ADV,85,,,
versuchung,versuchung,NOUN,85,,,
abfall,abfall,NOUN,85,,,
täuschung,täuschung,NOUN,85,,,
genussen,genussen,VERB,85,,,
beleuchten,beleuchten,VERB,85,,,
bildungsstufe,bildungsstufe,NOUN,85,,,
interpunktion,interpunktion,NOUN,85,,,
angabe,angabe,NOUN,85,,,
dienend,dienend,ADV,85,,,
ehrgeiz,ehrgeiz,PROPN,85,,,
niedern,niedern,PRON,85,,,
altklassisch,altklassisch,ADV,85,,,
jährig,jährig,ADV,85,,,
concret,concret,PROPN,85,,,
paragraph,paragraph,PROPN,85,,,
galotti,galotti,NOUN,85,,,
anfänger,anfänger,NOUN,85,,,
eigenart,eigenart,X,85,,,
hinzuweisen,hinzuweisen,VERB,85,,,
à,à,X,85,,,
ehrwürdig,ehrwürdig,ADV,84,,,
widerlegen,widerlegen,VERB,84,,,
spannen,spannen,VERB,84,,,
allmählig,allmählig,ADV,84,,,
äußerst,äußerst,ADV,84,,,
befindet,befindet,VERB,84,,,
empfänglichkeit,empfänglichkeit,NOUN,84,,,
erläuternd,erläuternd,ADV,84,Methode,,
produktion,produktion,NOUN,84,,,
armen,armen,NOUN,84,,,
protestantisch,protestantisch,ADV,84,Theologie,,
sprach,sprach,VERB,84,,,
wiederkehr,wiederkehr,ADV,84,,,
schlummern,schlummern,VERB,84,,,
strudel,strudel,NOUN,84,,,
refrain,refrain,NOUN,84,,,
gerettet,gerettet,VERB,84,,,
beschränktheit,beschränktheit,NOUN,84,,,
philologe,philologe,NOUN,84,,,
spinnen,spinnen,VERB,84,,,
principien,principien,NOUN,84,,,
mönch,mönch,NOUN,84,,,
vermittelt,vermittelt,VERB,84,,,
rahmen,rahmen,NOUN,84,,,
eigenartig,eigenartig,ADV,84,,,
begabung,begabung,NOUN,84,,,
lanze,lanze,NOUN,84,,,
dankbarkeit,dankbarkeit,NOUN,83,,,
grüßen,grüßen,VERB,83,,,
heitern,heitern,VERB,83,,,
desgleichen,desgleichen,ADV,83,,,
genitiv,genitiv,ADV,83,,,
vertheilung,vertheilung,NOUN,83,,,
flammen,flammen,NOUN,83,,,
lenau,lenau,NOUN,83,,,
geheimnißvoll,geheimnißvoll,NOUN,83,,,
grauen,graün,NOUN,83,,,
erhellen,erhellen,VERB,83,,,
geschwister,geschwister,X,83,,,
spanien,spanien,PROPN,83,,,
spenden,spenden,VERB,83,,,
zierde,zierde,NOUN,83,,,
heller,heller,PROPN,83,,,
franken,franken,PROPN,83,,,
vertraut,vertraut,ADV,83,,,
schildert,schildert,VERB,83,,,
beilegen,beilegen,VERB,83,,,
erlassen,erlassen,VERB,83,,,
manne,manne,NOUN,83,,,
naturwissenschaft,naturwissenschaft,NOUN,83,Wissenschaft,,
verschlingen,verschlingen,VERB,83,,,
entbehrlich,entbehrlich,ADV,83,,,
ausstattung,ausstattung,NOUN,83,,,
vertreiben,vertreiben,VERB,83,,,
erstreben,erstreben,VERB,83,,,
seminar,seminar,PROPN,83,,,
politik,politik,NOUN,83,,,
lachmann,lachmann,PROPN,83,,,
athen,athen,PROPN,83,,,
technisch,technisch,ADV,83,,,
rednerisch,rednerisch,ADV,83,Beschreibung,Rhetorik,Poetologie
problem,problem,NOUN,83,,,
landgraf,landgraf,PROPN,83,,,
breiten,breiten,ADJ,82,Höhe ,,
studiren,studiren,VERB,82,,,
feinheit,feinheit,NOUN,82,,,
beistehen,beistehen,VERB,82,,,
berechnet,berechnet,VERB,82,,,
schämen,schämen,VERB,82,,,
schreiber,schreiber,NOUN,82,,,
erscheinungen,erscheinungen,NOUN,82,,,
höhlen,höhlen,VERB,82,,,
än,än,X,82,,,
alpen,alpen,NOUN,82,Raum,,
weben,weben,VERB,82,,,
haufen,haufen,NOUN,82,,,
verschweigen,verschweigen,VERB,82,,,
ausstellung,ausstellung,NOUN,82,,,
angeregt,angeregt,VERB,82,,,
königl,königl,PROPN,82,,,
bemächtigen,bemächtigen,VERB,82,,,
geschwind,geschwind,ADV,82,,,
bannen,bannen,VERB,82,,,
wahrend,wahrend,ADV,82,Zeit,Logik,
hervortretend,hervortretend,ADV,82,,,
schweden,schweden,PROPN,82,,,
gesellschaftlich,gesellschaftlich,ADV,82,,,
accent,accent,NOUN,82,,,
spielraum,spielraum,NOUN,82,,,
technik,technik,NOUN,82,,,
aufkommen,aufkommen,VERB,82,,,
nummer,nummer,NOUN,82,,,
reineken,reineken,NOUN,82,,,
chronologisch,chronologisch,ADV,82,,,
bewirkt,bewirkt,VERB,82,,,
besten,besten,ADV,82,,,
kaufen,kaufen,VERB,82,,,
edenhall,edenhall,NOUN,82,,,
wachtmeister,wachtmeister,PROPN,82,,,
hoffmann,hoffmann,PROPN,82,,,
balladen,balladen,ADJ,82,,,
verherrlichung,verherrlichung,NOUN,82,,,
schulwesen,schulwesen,NOUN,82,,,
zwecke,zwecke,NOUN,81,,,
erschüttern,erschüttern,VERB,81,,,
korn,korn,NOUN,81,,,
heiterkeit,heiterkeit,NOUN,81,,,
väterlich,väterlich,ADV,81,Gender,Mask,
verhindern,verhindern,VERB,81,,,
construction,construction,X,81,,,
miene,miene,NOUN,81,,,
trümmer,trümmer,NOUN,81,,,
ro,ro,X,81,,,
schlechthin,schlechthin,ADV,81,,,
julius,julius,PROPN,81,,,
stürmisch,stürmisch,ADV,81,,,
evangelium,evangelium,NOUN,81,,,
jahrh,jahrh,PROPN,81,,,
peter,peter,PROPN,81,,,
verkehrt,verkehrt,ADV,81,,,
drehen,drehen,VERB,81,,,
ableitung,ableitung,NOUN,81,,,
platzen,platzen,VERB,81,,,
satzlehre,satzlehre,VERB,81,,,
vorbildung,vorbildung,NOUN,81,,,
analogie,analogie,NOUN,81,,,
linde,linde,NOUN,81,Narrativ,,
berichtigen,berichtigen,VERB,81,,,
aufstellung,aufstellung,NOUN,81,,,
vorwiegend,vorwiegend,ADV,81,,,
sam,sam,PROPN,81,,,
sturz,sturz,NOUN,81,,,
dingen,dingen,NOUN,81,,,
einüben,einüben,VERB,81,,,
schulzeit,schulzeit,NOUN,81,,,
hohenstaufen,hohenstaufen,VERB,81,,,
anfertigen,anfertigen,VERB,81,,,
behörde,behörde,NOUN,81,,,
österreichisch,österreichisch,ADV,81,Nation,,
oktavio,oktavio,PROPN,81,,,
genauigkeit,genauigkeit,NOUN,80,,,
zuschreiben,zuschreiben,VERB,80,,,
vollenden,vollenden,VERB,80,,,
verbannen,verbannen,VERB,80,,,
dä,dä,X,80,,,
siebent,siebent,PROPN,80,,,
entschiedenheit,entschiedenheit,NOUN,80,,,
volksmäßig,volksmäßig,ADV,80,,,
schullektüre,schullektüre,VERB,80,,,
übereinstimmen,übereinstimmen,VERB,80,,,
basis,basis,NOUN,80,,,
sonett,sonett,NOUN,80,,,
wehmuth,wehmuth,PROPN,80,,,
muthig,muthig,ADV,80,,,
wirkend,wirkend,ADV,80,,,
samen,samen,NOUN,80,,,
bearbeitet,bearbeitet,VERB,80,,,
märz,märz,PROPN,80,,,
dramatiker,dramatiker,PROPN,80,,,
rad,rad,NOUN,80,,,
halte,halte,VERB,80,,,
fressen,fressen,VERB,80,,,
sätzen,sätzen,NOUN,80,,,
anspielung,anspielung,NOUN,80,,,
proserpina,proserpina,PROPN,80,,,
anzürkennen,anzürkennen,NOUN,80,,,
zurecht,zurecht,ADV,80,,,
alexander,alexander,PROPN,80,,,
nachahmen,nachahmen,VERB,80,,,
wohlthünd,wohlthünd,NOUN,80,,,
einzugehen,einzugehen,VERB,80,,,
abgrund,abgrund,NOUN,80,,,
empfindet,empfindet,VERB,80,,,
schwören,schwören,VERB,80,,,
erklärend,erklärend,ADV,80,,,
lesestückes,lesestückes,PROPN,80,Lehrmedien,,
mil,mil,X,80,,,
schulausgabe,schulausgabe,NOUN,80,,,
antreiben,antreiben,VERB,80,,,
mitgeteilt,mitgeteilt,VERB,80,,,
widerstreben,widerstreben,VERB,80,,,
freytag,freytag,PROPN,80,,,
verhängnisvoll,verhängnisvoll,ADV,80,,,
wortschatz,wortschatz,NOUN,80,,,
gottfried,gottfried,PROPN,80,,,
volkspoesie,volkspösie,NOUN,79,,,
reinigen,reinigen,VERB,79,,,
hochachtung,hochachtung,NOUN,79,,,
citat,citat,NOUN,79,,,
sammen,sammen,VERB,79,,,
alltäglich,alltäglich,ADV,79,,,
eilig,eilig,ADV,79,,,
heroisch,heroisch,ADV,79,,,
wange,wange,NOUN,79,,,
meisterschaft,meisterschaft,NOUN,79,,,
geschmackvoll,geschmackvoll,ADV,79,,,
trotzig,trotzig,ADV,79,,,
romanisch,romanisch,ADV,79,Sprache,,
auftrag,auftrag,NOUN,79,,,
schwur,schwur,NOUN,79,,,
munter,munter,ADV,79,,,
führte,führte,VERB,79,,,
wahnsinn,wahnsinn,NOUN,79,,,
erwägen,erwägen,VERB,79,,,
platt,platt,ADV,79,,,
vorbereitend,vorbereitend,ADV,79,,,
anfänglich,anfänglich,ADV,79,,,
spielt,spielt,VERB,79,,,
thü,thü,X,79,,,
maaß,maaß,ADV,79,,,
abgeleitet,abgeleitet,VERB,79,,,
erscheinend,erscheinend,ADV,79,,,
sprachwissenschaft,sprachwissenschaft,NOUN,79,,,
handhaben,handhaben,VERB,79,,,
mißtrauen,mißtraün,PROPN,79,,,
prof,prof,PROPN,79,,,
allgemeinheit,allgemeinheit,NOUN,79,,,
landvogt,landvogt,NOUN,79,,,
tüchtigkeit,tüchtigkeit,NOUN,79,,,
befördern,befördern,VERB,79,,,
rechte,rechte,ADJ,79,,,
erklingen,erklingen,VERB,79,,,
besiegen,besiegen,VERB,79,,,
ulrich,ulrich,PROPN,79,,,
niederschreiben,niederschreiben,VERB,79,,,
tempo,tempo,NOUN,79,,,
lustspiel,lustspiel,X,79,,,
erteilen,erteilen,VERB,79,,,
bischof,bischof,NOUN,79,,,
ahnlich,ahnlich,ADV,79,,,
ausgeht,ausgeht,VERB,79,,,
nachwelt,nachwelt,VERB,78,,,
versenken,versenken,VERB,78,,,
fragment,fragment,NOUN,78,,,
züge,züge,NOUN,78,,,
mythisch,mythisch,ADV,78,,,
schallen,schallen,VERB,78,,,
auftretend,auftretend,ADV,78,,,
nachträglich,nachträglich,ADV,78,,,
malerisch,malerisch,ADV,78,,,
schaffend,schaffend,ADV,78,,,
leier,leier,NOUN,78,,,
annimmt,annimmt,VERB,78,,,
natürlichkeit,natürlichkeit,NOUN,78,,,
bank,bank,NOUN,78,,,
morgens,morgens,ADV,78,,,
nahen,nahen,ADJ,78,,,
anmuthig,anmuthig,ADV,78,,,
blitzen,blitzen,VERB,78,,,
ewigkeit,ewigkeit,NOUN,78,,,
verliehen,verliehen,VERB,78,,,
überein,überein,ADP,78,,,
unwesentlich,unwesentlich,ADV,78,,,
einleiten,einleiten,VERB,78,,,
bildungsmittel,bildungsmittel,NOUN,78,Lehrmedien,,
stehn,stehn,VERB,78,,,
freitag,freitag,NOUN,78,,,
regieren,regieren,VERB,78,,,
unheimlich,unheimlich,ADV,78,,,
hauptmann,hauptmann,PROPN,78,,,
gemüthlich,gemüthlich,ADV,78,,,
erwiesen,erwiesen,VERB,78,,,
außuführen,außuführen,NOUN,78,,,
selbstthätigkeit,selbstthätigkeit,NOUN,78,,,
vorführt,vorführt,VERB,78,,,
erhaltung,erhaltung,NOUN,78,,,
braut,braut,VERB,78,,,
wiedersehen,wiedersehen,VERB,78,,,
einräumen,einräumen,VERB,78,,,
einnimmt,einnimmt,VERB,78,,,
negativ,negativ,ADV,78,,,
geschicklichkeit,geschicklichkeit,NOUN,78,,,
schenkendorf,schenkendorf,PROPN,78,,,
unbeachtet,unbeachtet,ADV,77,,,
jahrb,jahrb,PROPN,77,,,
buße,buße,NOUN,77,,,
festigkeit,festigkeit,NOUN,77,,,
kamen,kamen,VERB,77,,,
verächtlich,verächtlich,ADV,77,,,
verklärt,verklärt,VERB,77,,,
knoten,knoten,NOUN,77,,,
heiland,heiland,VERB,77,,,
harmlos,harmlos,ADV,77,,,
voraussetzt,voraussetzt,VERB,77,,,
gruß,gruß,PROPN,77,,,
mühen,mühen,VERB,77,,,
klagend,klagend,ADV,77,,,
laster,laster,NOUN,77,,,
belebt,belebt,VERB,77,,,
komödie,komödie,NOUN,77,,,
stilübung,stilübung,NOUN,77,,,
gründe,gründe,NOUN,77,,,
gebiete,gebiete,NOUN,77,,,
evangelisch,evangelisch,ADV,77,Theologie,,
mundartlich,mundartlich,ADV,77,,,
erstrecken,erstrecken,VERB,77,,,
jahrzehnt,jahrzehnt,ADV,77,,,
rector,rector,X,77,,,
prädikat,prädikat,NOUN,77,,,
repetition,repetition,NOUN,77,,,
direct,direct,PROPN,77,,,
überlegung,überlegung,NOUN,77,,,
blasen,blasen,VERB,77,,,
bedeutet,bedeutet,VERB,77,,,
einzelne,einzelne,PRON,77,,,
claudiu,claudiu,PROPN,77,,,
beanspruchen,beanspruchen,VERB,77,,,
hilfsmittel,hilfsmittel,NOUN,77,,,
tells,tells,ADV,77,,,
getrost,getrost,ADV,76,,,
stolberg,stolberg,PROPN,76,,,
hartmann,hartmann,PROPN,76,,,
auflösung,auflösung,NOUN,76,,,
grell,grell,ADV,76,,,
ruhend,ruhend,ADV,76,,,
kühnheit,kühnheit,NOUN,76,,,
wende,wende,VERB,76,,,
erschließen,erschließen,VERB,76,,,
griech,griech,PROPN,76,,,
brand,brand,NOUN,76,,,
aberglaube,aberglaube,NOUN,76,,,
selbstsucht,selbstsucht,NOUN,76,,,
hunger,hunger,NOUN,76,,,
büßen,büßen,VERB,76,,,
steif,steif,ADV,76,,,
beschaffen,beschaffen,VERB,76,,,
ergiebt,ergiebt,VERB,76,,,
geschöpf,geschöpf,PROPN,76,,,
läutern,läutern,VERB,76,,,
erschweren,erschweren,VERB,76,,,
mäßig,mäßig,ADV,76,,,
schö,schö,ADV,76,,,
anhänger,anhänger,NOUN,76,,,
nibelungen,nibelungen,PROPN,76,,,
rousseau,rousseau,PROPN,76,,,
verdacht,verdacht,NOUN,76,,,
dankenswert,dankenswert,VERB,76,,,
ausmachen,ausmachen,VERB,76,,,
aufsätzen,aufsätzen,VERB,76,Methode,,
declamation,declamation,NOUN,76,,,
jahrgang,jahrgang,NOUN,76,,,
terzky,terzky,PROPN,76,,,
waffen,waffen,NOUN,76,,,
werkzeug,werkzeug,NOUN,76,,,
stattfindet,stattfindet,VERB,76,,,
trostlos,trostlos,ADV,76,,,
teilweise,teilweise,ADV,76,,,
kinderfreund,kinderfreund,PROPN,76,,,
bedient,bedient,VERB,76,,,
mortimer,mortimer,NOUN,76,,,
gröfst,gröfst,PROPN,76,,,
verschwunden,verschwunden,VERB,75,,,
werken,werken,NOUN,75,,,
flamme,flamme,NOUN,75,,,
dreifach,dreifach,ADV,75,,,
dativ,dativ,NOUN,75,,,
genossen,genossen,VERB,75,,,
baden,baden,VERB,75,,,
herauf,herauf,ADV,75,,,
ergänzend,ergänzend,ADV,75,,,
unvergleichlich,unvergleichlich,ADV,75,,,
ex,ex,X,75,,,
schall,schall,NOUN,75,,,
busch,busch,NOUN,75,,,
unsicher,unsicher,ADV,75,,,
beweist,beweist,VERB,75,,,
vorausgehen,vorausgehen,VERB,75,,,
thaler,thaler,PROPN,75,,,
ermüden,ermüden,VERB,75,,,
april,april,NOUN,75,,,
verschmähen,verschmähen,VERB,75,,,
studien,studien,NOUN,75,,,
concreten,concreten,ADJ,75,,,
fremdartig,fremdartig,ADV,75,,,
straßburg,straßburg,PROPN,75,,,
hinausgehen,hinausgehen,VERB,75,,,
bereitet,bereitet,VERB,75,,,
vorschlagen,vorschlagen,VERB,75,,,
unterdrücken,unterdrücken,VERB,75,,,
sühne,sühne,VERB,75,,,
armee,armee,NOUN,75,,,
erziehend,erziehend,ADV,75,,,
bestimmend,bestimmend,ADV,75,,,
verwertung,verwertung,NOUN,75,,,
getreten,getreten,VERB,75,,,
ackerbau,ackerbau,NOUN,75,,,
mär,mär,PROPN,75,,,
vaters,vaters,NOUN,75,,,
ehedem,ehedem,ADV,75,,,
galgen,galgen,VERB,75,,,
haller,haller,PROPN,74,,,
carlos,carlos,PROPN,74,,,
seligkeit,seligkeit,NOUN,74,,,
gelehrten,gelehrten,ADJ,74,,,
schließt,schließt,VERB,74,,,
trüben,trüben,VERB,74,,,
beabsichtigen,beabsichtigen,VERB,74,,,
fühlbar,fühlbar,ADV,74,,,
gesichtspunct,gesichtspunct,PROPN,74,,,
gesetze,gesetze,NOUN,74,,,
schieben,schieben,VERB,74,,,
genus,genus,X,74,Gender,Sprache,
jesus,jesus,PROPN,74,,,
sterblich,sterblich,ADV,74,,,
lebte,lebte,VERB,74,,,
zweikampf,zweikampf,NOUN,74,,,
strecken,strecken,VERB,74,,,
zuvörderst,zuvörderst,ADV,74,,,
schüchtern,schüchtern,ADV,74,,,
markt,markt,NOUN,74,,,
begangen,begangen,VERB,74,,,
schwelle,schwelle,NOUN,74,,,
materie,materie,NOUN,74,,,
anschauungsweise,anschauungsweise,NOUN,74,,,
historiker,historiker,NOUN,74,,,
früher,früher,ADV,74,Zeit ,,
langweilig,langweilig,ADV,74,,,
jacob,jacob,PROPN,74,,,
geschweige,geschweige,ADV,74,Logik ,,
uberhaupt,uberhaupt,ADV,74,,,
scheidung,scheidung,NOUN,74,,,
reform,reform,NOUN,74,,,
erreichbar,erreichbar,ADV,74,,,
ausgeschlossen,ausgeschlossen,VERB,74,,,
hervorgegangen,hervorgegangen,VERB,74,,,
winckelmann,winckelmann,PROPN,74,,,
zeitlich,zeitlich,ADV,74,,,
hochzeit,hochzeit,NOUN,74,,,
prägen,prägen,VERB,74,,,
denker,denker,NOUN,74,,,
geistesleben,geistesleben,NOUN,74,Welt,Idealismus,
mußten,mußten,AUX,74,,,
gustav,gustav,PROPN,74,,,
mustern,mustern,NOUN,74,,,
studieren,studieren,VERB,74,,,
bestandteil,bestandteil,NOUN,74,,,
kirchenlied,kirchenlied,NOUN,74,,,
abschließen,abschließen,VERB,73,,,
bewiesen,bewiesen,VERB,73,,,
durchgängig,durchgängig,ADV,73,,,
phantastisch,phantastisch,ADV,73,Phantasie,Ästhetik,Idealismus
rüstig,rüstig,ADV,73,,,
umwandlung,umwandlung,NOUN,73,,,
begleiter,begleiter,NOUN,73,,,
geheimniß,geheimniß,NOUN,73,,,
nachsatz,nachsatz,NOUN,73,,,
beistimmen,beistimmen,VERB,73,,,
weglassen,weglassen,VERB,73,,,
gaben,gaben,VERB,73,,,
uralt,uralt,ADV,73,,,
schweifen,schweifen,VERB,73,,,
nachfolger,nachfolger,NOUN,73,,,
droben,droben,VERB,73,,,
vollbracht,vollbracht,VERB,73,,,
durchgeführt,durchgeführt,VERB,73,,,
lehrling,lehrling,PROPN,73,,,
vorübergehend,vorübergehend,ADV,73,,,
zuführen,zuführen,VERB,73,,,
menschlichkeit,menschlichkeit,NOUN,73,,,
kräfte,kräfte,NOUN,73,,,
kundig,kundig,ADV,73,,,
recha,recha,NOUN,73,,,
unwahr,unwahr,ADV,73,,,
jahreßeit,jahreßeit,NOUN,73,,,
mitschüler,mitschüler,NOUN,73,Schule,Typ,
belebend,belebend,ADV,73,,,
abscheu,abscheu,NOUN,73,,,
fingerzeig,fingerzeig,NOUN,73,,,
fortlaufend,fortlaufend,ADV,73,,,
schülers,schülers,PROPN,73,Schule,Typ,
speziell,speziell,ADV,73,,,
begleitung,begleitung,NOUN,73,,,
demgemäß,demgemäß,ADV,73,,,
schlachtfeld,schlachtfeld,NOUN,73,,,
übersetzer,übersetzer,NOUN,73,,,
mittelschule,mittelschule,NOUN,73,,,
hexamet,hexamet,PROPN,73,,,
übertreibung,übertreibung,NOUN,73,,,
siebenjährig,siebenjährig,ADV,73,Ereignis,,
wächter,wächter,PROPN,73,,,
verrat,verrat,NOUN,73,,,
einwand,einwand,NOUN,73,,,
verfall,verfall,NOUN,73,,,
polykrat,polykrat,NOUN,73,,,
thematisch,thematisch,ADV,73,,,
rüdeger,rüdeger,NOUN,73,,,
unsterblichkeit,unsterblichkeit,NOUN,72,,,
niederlegen,niederlegen,VERB,72,,,
erweckt,erweckt,VERB,72,,,
detail,detail,NOUN,72,,,
deutlichkeit,deutlichkeit,NOUN,72,,,
besorgniß,besorgniß,NOUN,72,,,
entsteht,entsteht,VERB,72,,,
thränen,thränen,NOUN,72,,,
mehrmals,mehrmals,ADV,72,,,
finstern,finstern,NOUN,72,,,
syntaktisch,syntaktisch,ADV,72,,,
geweiht,geweiht,VERB,72,,,
orakel,orakel,NOUN,72,,,
mittelalters,mittelalters,NOUN,72,,,
eroberer,eroberer,NOUN,72,,,
sprengen,sprengen,VERB,72,,,
blank,blank,ADV,72,,,
forscher,forscher,NOUN,72,,,
schütteln,schütteln,VERB,72,,,
studirt,studirt,PROPN,72,,,
anklage,anklage,NOUN,72,,,
schärfen,schärfen,VERB,72,,,
stehlen,stehlen,VERB,72,,,
na,na,PROPN,72,,,
schrieb,schrieb,VERB,72,,,
einfluss,einfluss,NOUN,72,,,
beqüm,beqüm,VERB,72,,,
umgestaltung,umgestaltung,NOUN,72,,,
sicht,sicht,NOUN,72,,,
jünglinge,jünglinge,PROPN,72,Typ,,
rügen,rügen,PROPN,72,,,
bekunden,bekunden,VERB,72,,,
entwickelnd,entwickelnd,ADV,72,,,
auswendiglern,auswendiglern,VERB,72,,,
hieran,hieran,ADV,72,,,
homburg,homburg,PROPN,72,,,
zutrauen,zutraün,PROPN,72,,,
ließen,ließen,VERB,72,,,
nachzuweisen,nachzuweisen,VERB,72,,,
vorliegen,vorliegen,VERB,72,,,
gräßlich,gräßlich,ADV,72,,,
beredsamkei,beredsamkei,PROPN,72,,,
widerwille,widerwille,PROPN,72,,,
erfordernis,erfordernis,PROPN,72,,,
voltaire,voltaire,PROPN,72,,,
staatlich,staatlich,ADV,72,,,
niederlage,niederlage,NOUN,72,,,
anfertigung,anfertigung,NOUN,72,,,
sat,sat,PROPN,72,,,
giselher,giselher,ADJ,72,,,
freiheitskrieg,freiheitskrieg,PROPN,72,,,
hamburg,hamburg,PROPN,72,,,
vorsehung,vorsehung,NOUN,72,,,
hurra,hurra,NOUN,72,,,
johannes,johannes,PROPN,71,,,
ausgehend,ausgehend,ADV,71,,,
waschen,waschen,VERB,71,,,
schlechterdings,schlechterdings,ADV,71,,,
angreifen,angreifen,VERB,71,,,
ereigniß,ereigniß,NOUN,71,,,
zerstörung,zerstörung,NOUN,71,,,
jupiter,jupiter,NOUN,71,,,
gefährt,gefährt,VERB,71,,,
hervorhebt,hervorhebt,VERB,71,,,
franzosen,franzosen,NOUN,71,Nation,,
glatt,glatt,ADV,71,,,
angeht,angeht,VERB,71,,,
erlangt,erlangt,VERB,71,,,
zierlich,zierlich,ADV,71,,,
stattlich,stattlich,ADV,71,,,
trieb,trieb,VERB,71,,,
zweite,zweite,ADJ,71,,,
betrügen,betrügen,NOUN,71,,,
student,student,NOUN,71,,,
eintretend,eintretend,ADV,71,,,
bedingen,bedingen,VERB,71,,,
anstehen,anstehen,VERB,71,,,
beseelen,beseelen,VERB,71,,,
fächern,fächern,NOUN,71,,,
übereinstimmend,übereinstimmend,ADV,71,,,
versicherung,versicherung,NOUN,71,,,
kapelle,kapelle,NOUN,71,,,
weitläufig,weitläufig,ADV,71,,,
konrad,konrad,PROPN,71,,,
referent,referent,NOUN,71,,,
geleistet,geleistet,VERB,71,,,
plattdeutsch,plattdeutsch,ADV,71,,,
unvergänglich,unvergänglich,ADV,71,,,
anhänglichkeit,anhänglichkeit,NOUN,71,,,
abhelfen,abhelfen,VERB,71,,,
beliebig,beliebig,ADV,71,,,
engl,engl,PROPN,71,,,
naturleben,naturleben,NOUN,71,Welt,Natur,
anschlagen,anschlagen,VERB,71,,,
lehrgang,lehrgang,NOUN,71,,,
heldenthat,heldenthat,VERB,71,,,
psychisch,psychisch,ADV,71,,,
troja,troja,PROPN,71,,,
jugendlektüre,jugendlektüre,PROPN,71,,,
ebenbürtig,ebenbürtig,ADV,71,,,
artus,artus,NOUN,71,,,
eugen,eugen,NOUN,71,,,
gluck,gluck,NOUN,71,,,
herwig,herwig,PROPN,71,,,
gebühren,gebühren,NOUN,70,,,
einheimisch,einheimisch,ADV,70,,,
asche,asche,NOUN,70,,,
majestät,majestät,NOUN,70,,,
dorotheens,dorotheens,PROPN,70,,,
verrathen,verrathen,VERB,70,,,
städtchen,städtchen,NOUN,70,,,
subject,subject,PROPN,70,,,
unterdessen,unterdessen,ADV,70,,,
ausruf,ausruf,NOUN,70,,,
kümmern,kümmern,VERB,70,,,
landes,landes,NOUN,70,,,
verzeihen,verzeihen,VERB,70,,,
unterthanen,unterthanen,NOUN,70,,,
überraschend,überraschend,ADV,70,,,
haupttheil,haupttheil,NOUN,70,,,
näher,näher,ADV,70,Beschreibung,,
gewerbe,gewerbe,NOUN,70,,,
vorspiel,vorspiel,NOUN,70,,,
abhalten,abhalten,VERB,70,,,
zusammensetzen,zusammensetzen,VERB,70,,,
erstaunen,erstaunen,VERB,70,,,
individü,individü,PROPN,70,,,
unvermeidlich,unvermeidlich,ADV,70,,,
erkennbar,erkennbar,ADV,70,,,
vermehrung,vermehrung,NOUN,70,,,
einleuchtend,einleuchtend,ADV,70,,,
episode,episode,NOUN,70,,,
wortbildung,wortbildung,NOUN,70,,,
handlungsweise,handlungsweise,NOUN,70,,,
raten,raten,VERB,70,,,
panzer,panzer,NOUN,70,,,
geburtstag,geburtstag,NOUN,70,,,
verbessert,verbessert,VERB,70,,,
lebensvoll,lebensvoll,VERB,70,Welt,positive Bewertung,
zusammenfassend,zusammenfassend,ADV,70,,,
zuweisen,zuweisen,VERB,70,,,
volksleben,volksleben,VERB,70,Welt,Nation,
gemach,gemach,VERB,70,,,
anmut,anmut,NOUN,70,,,
genusses,genusses,VERB,70,Emotion ,,
außern,außern,VERB,70,,,
untertertia,untertertia,PROPN,70,,,
kehrreim,kehrreim,PROPN,70,,,
qülle,qülle,PROPN,69,Ästhetik,Wörtlich,Provenienz
ungeachtet,ungeachtet,ADP,69,Logik,,
egoismus,egoismus,NOUN,69,,,
ehrenvoll,ehrenvoll,ADV,69,,,
contrast,contrast,X,69,,,
charakterisiert,charakterisiert,VERB,69,,,
verlobung,verlobung,NOUN,69,,,
harfe,harfe,VERB,69,,,
hauchen,hauchen,VERB,69,,,
verworren,verworren,ADV,69,,,
schaf,schaf,NOUN,69,,,
belohnung,belohnung,NOUN,69,,,
hervorhebung,hervorhebung,NOUN,69,,,
absatz,absatz,NOUN,69,,,
fortgang,fortgang,NOUN,69,,,
falle,falle,VERB,69,,,
erregend,erregend,ADV,69,,,
freud,freud,PROPN,69,,,
prolog,prolog,VERB,69,,,
theologe,theologe,NOUN,69,,,
adelung,adelung,NOUN,69,,,
handwerk,handwerk,NOUN,69,,,
erfunden,erfunden,VERB,69,,,
häßlich,häßlich,ADV,69,,,
namhaft,namhaft,ADV,69,,,
kursus,kursus,PROPN,69,Schule,,
größtentheils,größtentheils,ADV,69,,,
gefürchtet,gefürchtet,VERB,69,,,
aufzufassen,aufzufassen,VERB,69,,,
empfindlich,empfindlich,ADV,69,,,
botschaft,botschaft,NOUN,69,,,
süden,süden,NOUN,69,,,
kugel,kugel,NOUN,69,,,
humanistisch,humanistisch,ADV,69,,,
durchmachen,durchmachen,VERB,69,,,
sprichwört,sprichwört,VERB,69,,,
modification,modification,NOUN,69,,,
ausschliefslich,ausschliefslich,ADV,69,,,
schülerbibliothek,schülerbibliothek,PROPN,69,,,
ausgeprägt,ausgeprägt,ADV,68,,,
lateinischen,lateinischen,ADJ,68,Sprache,Klassik,
stufenfolge,stufenfolge,NOUN,68,,,
feinde,feinde,NOUN,68,,,
warnend,warnend,ADV,68,,,
traulich,traulich,ADV,68,,,
überblicken,überblicken,VERB,68,,,
bestandtheil,bestandtheil,NOUN,68,,,
wälzen,wälzen,VERB,68,,,
verhängnis,verhängnis,NOUN,68,,,
berichtet,berichtet,VERB,68,,,
anschauungen,anschauungen,NOUN,68,,,
hauptaufgabe,hauptaufgabe,NOUN,68,,,
gießen,gießen,VERB,68,,,
anklingen,anklingen,VERB,68,,,
versuche,versuche,VERB,68,,,
genügt,genügt,VERB,68,,,
antigone,antigone,PROPN,68,,,
achill,achill,VERB,68,,,
beschrieben,beschrieben,VERB,68,,,
vortheilhaft,vortheilhaft,ADV,68,,,
fließend,fließend,ADV,68,,,
breslau,breslau,PROPN,68,,,
populär,populär,ADV,68,,,
verschmelzen,verschmelzen,VERB,68,,,
verhelfen,verhelfen,VERB,68,,,
dichterseite,dichterseite,PROPN,68,,,
verwirklichen,verwirklichen,VERB,68,,,
acker,acker,NOUN,68,,,
verhüten,verhüten,VERB,68,,,
stock,stock,PROPN,68,,,
verräth,verräth,VERB,68,,,
erklärlich,erklärlich,ADV,68,,,
akademisch,akademisch,ADV,68,,,
ersichtlich,ersichtlich,ADV,68,,,
werkstatt,werkstatt,NOUN,68,,,
verbindet,verbindet,VERB,68,,,
ermöglichen,ermöglichen,VERB,68,,,
verwunden,verwunden,VERB,68,,,
nibelungenstrophe,nibelungenstrophe,NOUN,68,,,
betont,betont,VERB,68,,,
kämmerer,kämmerer,NOUN,68,,,
rudolf,rudolf,PROPN,68,,,
anteil,anteil,NOUN,68,,,
tonwort,tonwort,NOUN,68,,,
tacitu,tacitu,PROPN,67,,,
füglich,füglich,ADV,67,,,
antrag,antrag,NOUN,67,,,
ferne,ferne,ADJ,67,Höhe ,,
herunter,herunter,ADV,67,,,
entschlossen,entschlossen,VERB,67,,,
gewöhnt,gewöhnt,VERB,67,,,
kammer,kammer,NOUN,67,,,
vorbehalten,vorbehalten,VERB,67,,,
verstummen,verstummen,VERB,67,,,
genuss,genuss,NOUN,67,,,
abwechselnd,abwechselnd,ADV,67,,,
geräusch,geräusch,ADV,67,,,
wanken,wanken,VERB,67,,,
hafen,hafen,PROPN,67,,,
benennen,benennen,VERB,67,,,
daheim,daheim,ADV,67,,,
stuck,stuck,NOUN,67,,,
aufgegeben,aufgegeben,VERB,67,,,
hinterlassen,hinterlassen,VERB,67,,,
fürchterlich,fürchterlich,ADV,67,,,
unreif,unreif,ADV,67,,,
müßig,müßig,ADV,67,,,
testament,testament,NOUN,67,,,
zulässig,zulässig,ADV,67,,,
gleichartig,gleichartig,ADV,67,,,
hegel,hegel,PROPN,67,,,
überzeugend,überzeugend,ADV,67,,,
hö,hö,X,67,,,
gären,gären,VERB,67,,,
zusammengestellt,zusammengestellt,VERB,67,,,
unvollkommen,unvollkommen,ADV,67,,,
publicum,publicum,VERB,67,,,
jünger,jünger,ADV,67,Alter,Zeit ,
unterrichtsstunde,unterrichtsstunde,ADJ,67,Praktik,Zeit ,Schule
schief,schief,ADV,67,,,
redet,redet,VERB,67,,,
abstufung,abstufung,NOUN,67,,,
schmieden,schmieden,VERB,67,,,
anzugeben,anzugeben,VERB,67,,,
ethik,ethik,NOUN,67,,,
lebensverhältnis,lebensverhältnis,NOUN,67,Welt,,
hinweist,hinweist,VERB,67,,,
zusammenfassung,zusammenfassung,NOUN,67,,,
scharen,scharen,VERB,67,,,
kennzeichnen,kennzeichnen,VERB,67,,,
erlebnis,erlebnis,NOUN,67,,,
beachtenswert,beachtenswert,ADV,67,,,
schulleben,schulleben,NOUN,67,Welt,Schule,
bertran,bertran,PROPN,67,,,
grundriß,grundriß,PROPN,66,,,
scharfsinn,scharfsinn,NOUN,66,,,
säule,säule,NOUN,66,,,
griechischen,griechischen,ADJ,66,Klassik,Sprache,
schilderungen,schilderungen,NOUN,66,,,
entzünden,entzünden,VERB,66,,,
luise,luise,PROPN,66,,,
bewegend,bewegend,ADV,66,,,
einfallen,einfallen,VERB,66,,,
unterscheidet,unterscheidet,VERB,66,,,
bezieht,bezieht,VERB,66,,,
grimmig,grimmig,ADV,66,,,
strebend,strebend,ADV,66,,,
sitz,sitz,NOUN,66,,,
durst,durst,NOUN,66,,,
jäh,jäh,ADV,66,,,
erz,erz,PROPN,66,,,
zieren,zieren,VERB,66,,,
gläubig,gläubig,ADV,66,,,
umgehen,umgehen,VERB,66,,,
gedenkt,gedenkt,VERB,66,,,
düstern,düstern,ADV,66,,,
eifersucht,eifersucht,NOUN,66,,,
selbstthätig,selbstthätig,ADV,66,,,
scham,scham,NOUN,66,,,
silbern,silbern,NOUN,66,,,
heerd,heerd,PROPN,66,,,
sprachgefühl,sprachgefühl,ADV,66,,,
erschöpfend,erschöpfend,ADV,66,,,
durchgreifend,durchgreifend,ADV,66,,,
bevorstehend,bevorstehend,ADV,66,,,
mythu,mythu,X,66,,,
verwandlung,verwandlung,NOUN,66,,,
gönnen,gönnen,VERB,66,,,
ergötzen,ergötzen,VERB,66,,,
gütig,gütig,ADV,66,,,
ibyku,ibyku,VERB,66,,,
sagte,sagte,VERB,66,,,
organisation,organisation,NOUN,66,,,
fördernd,fördernd,ADV,66,,,
einlassen,einlassen,VERB,66,,,
conseqünz,conseqünz,NOUN,66,,,
allmälig,allmälig,ADV,66,,,
zeitung,zeitung,NOUN,66,,,
aussehen,aussehen,VERB,66,,,
berechnung,berechnung,NOUN,66,,,
mädchenschule,mädchenschule,PROPN,66,,,
wehmut,wehmut,NOUN,66,,,
volksepos,volksepos,PROPN,66,,,
normann,normann,PROPN,66,,,
beigefügt,beigefügt,VERB,65,,,
reichhaltig,reichhaltig,ADV,65,,,
erblickt,erblickt,VERB,65,,,
erfordert,erfordert,VERB,65,,,
auflösen,auflösen,VERB,65,,,
überraschen,überraschen,VERB,65,,,
mitgefühl,mitgefühl,NOUN,65,,,
gestorben,gestorben,VERB,65,,,
sonnen,sonnen,VERB,65,,,
umgebend,umgebend,ADV,65,,,
mythologisch,mythologisch,ADV,65,,,
abwechselung,abwechselung,NOUN,65,,,
minnesänger,minnesänger,PROPN,65,Mediävistik ,,
angehörige,angehörige,ADJ,65,,,
gefahren,gefahren,VERB,65,,,
leidend,leidend,ADV,65,,,
eigenschaften,eigenschaften,NOUN,65,,,
zittern,zittern,VERB,65,,,
durchgehen,durchgehen,VERB,65,,,
satire,satire,PROPN,65,,,
zulassen,zulassen,VERB,65,,,
mannichfaltigkeit,mannichfaltigkeit,NOUN,65,,,
irrtum,irrtum,NOUN,65,,,
lenore,lenore,NOUN,65,,,
peinlich,peinlich,ADV,65,,,
folgendermaßen,folgendermaßen,ADV,65,,,
apostel,apostel,NOUN,65,,,
mö,mö,X,65,,,
kraut,kraut,PART,65,,,
gesichert,gesichert,VERB,65,,,
entschuldigung,entschuldigung,NOUN,65,,,
anderntheils,anderntheils,NOUN,65,,,
lerche,lerche,ADJ,65,,,
wendungen,wendungen,NOUN,65,,,
wohlthat,wohlthat,VERB,65,,,
mitbringen,mitbringen,VERB,65,,,
eschenbach,eschenbach,PROPN,65,,,
schenk,schenk,NOUN,65,,,
erbauen,erbaün,NOUN,65,Theologie,Narrativ,
synonym,synonym,ADV,65,,,
ausdehnen,ausdehnen,VERB,65,,,
anzüignen,anzüignen,NOUN,65,,,
rhetor,rhetor,NOUN,65,,,
leseunterricht,leseunterricht,VERB,65,,,
absprechen,absprechen,VERB,65,,,
überwunden,überwunden,VERB,65,,,
eingetreten,eingetreten,VERB,65,,,
königstochter,königstochter,NOUN,65,,,
gewils,gewils,PROPN,65,,,
beiwört,beiwört,VERB,65,,,
herön,herön,PROPN,64,,,
schleiermacher,schleiermacher,NOUN,64,,,
unsichtbar,unsichtbar,ADV,64,,,
demuth,demuth,PROPN,64,,,
vorhaben,vorhaben,VERB,64,,,
herausgegeben,herausgegeben,VERB,64,,,
trunk,trunk,NOUN,64,,,
scherzen,scherzen,VERB,64,,,
bangen,bangen,VERB,64,,,
beginnend,beginnend,ADV,64,,,
verkürzen,verkürzen,VERB,64,,,
sorglos,sorglos,ADV,64,,,
menschengeschlecht,menschengeschlecht,NOUN,64,,,
entworfen,entworfen,VERB,64,,,
zurücktreten,zurücktreten,VERB,64,,,
kleinigkeit,kleinigkeit,NOUN,64,,,
verehrt,verehrt,VERB,64,,,
fehlend,fehlend,ADV,64,,,
stillen,stillen,VERB,64,,,
vermochte,vermochte,VERB,64,,,
zärtlich,zärtlich,ADV,64,,,
auslassung,auslassung,NOUN,64,,,
piccolomini,piccolomini,PROPN,64,,,
angethan,angethan,VERB,64,,,
gelingt,gelingt,VERB,64,,,
befangen,befangen,ADV,64,,,
einklang,einklang,NOUN,64,,,
anziehen,anziehen,VERB,64,,,
theologisch,theologisch,ADV,64,Theologie,,
ind,ind,X,64,,,
fraglich,fraglich,ADV,64,,,
abhängigkeit,abhängigkeit,NOUN,64,,,
anheim,anheim,ADV,64,,,
schreibweise,schreibweise,NOUN,64,,,
schreibung,schreibung,NOUN,64,,,
einigung,einigung,NOUN,64,,,
ausdrücke,ausdrücke,VERB,64,,,
biene,biene,NOUN,64,,,
denjenigen,denjenigen,PRON,64,,,
joseph,joseph,PROPN,64,,,
vorenthalten,vorenthalten,VERB,64,,,
dichtwerk,dichtwerk,NOUN,64,,,
zergliederung,zergliederung,NOUN,64,,,
hierfür,hierfür,ADV,64,,,
schuß,schuß,NOUN,64,,,
idealismus,idealismus,NOUN,64,,,
lehmann,lehmann,PROPN,64,,,
unterzeichnen,unterzeichnen,VERB,64,,,
wegweiser,wegweiser,PROPN,64,,,
ieder,ieder,ADV,64,,,
gellert,gellert,VERB,63,,,
stille,stille,ADJ,63,Tiefe,,
buche,buche,VERB,63,,,
schein,schein,NOUN,63,,,
erquickend,erquickend,ADV,63,,,
einzige,einzige,ADJ,63,Höhe,,
wähnen,wähnen,VERB,63,,,
lerne,lerne,VERB,63,,,
jüngst,jüngst,ADV,63,,,
gefilde,gefilde,NOUN,63,,,
faßlich,faßlich,ADV,63,,,
sympathie,sympathie,ADV,63,,,
hoffmeister,hoffmeister,NOUN,63,,,
vorsatz,vorsatz,NOUN,63,,,
agamemnon,agamemnon,PROPN,63,,,
gesandt,gesandt,VERB,63,,,
rauchen,rauchen,VERB,63,,,
briefwechsel,briefwechsel,PROPN,63,,,
unruhe,unruhe,NOUN,63,,,
objektivität,objektivität,NOUN,63,,,
sinnbild,sinnbild,NOUN,63,,,
schlüssel,schlüssel,NOUN,63,,,
nebenbei,nebenbei,ADV,63,,,
verklären,verklären,VERB,63,,,
ausreichen,ausreichen,VERB,63,,,
genöthigen,genöthigen,NOUN,63,,,
auffallen,auffallen,VERB,63,,,
landschaftlich,landschaftlich,ADV,63,,,
schier,schier,ADV,63,,,
nachlesen,nachlesen,VERB,63,Praktik,Lesen,
ausgangspunkt,ausgangspunkt,NOUN,63,,,
präposition,präposition,NOUN,63,,,
abneigung,abneigung,NOUN,63,,,
handlungen,handlungen,NOUN,63,,,
errichten,errichten,VERB,63,,,
zweckmässig,zweckmässig,ADV,63,Bewertung,,
etwaig,etwaig,NOUN,63,,,
realistisch,realistisch,ADV,63,,,
grausig,grausig,ADV,63,,,
wartburg,wartburg,PROPN,63,,,
ähnl,ähnl,ADV,63,,,
zurückbleiben,zurückbleiben,VERB,62,,,
ergebung,ergebung,NOUN,62,,,
hände,hände,NOUN,62,,,
grundton,grundton,PROPN,62,,,
unbedenklich,unbedenklich,ADV,62,,,
mannichfach,mannichfach,NOUN,62,,,
verwunderung,verwunderung,NOUN,62,,,
beobachtet,beobachtet,VERB,62,,,
erlösung,erlösung,NOUN,62,,,
frech,frech,ADV,62,,,
grade,grade,ADV,62,,,
geliebten,geliebten,ADJ,62,Emotion ,,
ländlich,ländlich,ADV,62,,,
tonlos,tonlos,ADV,62,,,
schulden,schulden,VERB,62,,,
bedeutsamkei,bedeutsamkei,PROPN,62,,,
braun,braun,PROPN,62,,,
kräftigen,kräftigen,ADJ,62,,,
beigeben,beigeben,VERB,62,,,
widerlegung,widerlegung,NOUN,62,,,
vergleicht,vergleicht,VERB,62,,,
scherzhaft,scherzhaft,ADV,62,,,
tiefsinnig,tiefsinnig,ADV,62,,,
at,at,X,62,,,
tuch,tuch,NOUN,62,,,
vergeben,vergeben,VERB,62,,,
november,november,NOUN,62,,,
bewältigen,bewältigen,VERB,62,,,
ausdrucks,ausdrucks,NOUN,62,,,
erforschen,erforschen,VERB,62,,,
erstenmal,erstenmal,ADV,62,,,
theologie,theologie,NOUN,62,,,
toten,toten,NOUN,62,,,
spalten,spalten,VERB,62,,,
erstaunt,erstaunt,ADV,62,,,
darstellungsweise,darstellungsweise,VERB,62,,,
trocknen,trocknen,VERB,62,,,
verkümmern,verkümmern,VERB,62,,,
übt,übt,VERB,62,,,
unnöthig,unnöthig,ADV,62,,,
stände,stände,VERB,62,,,
erhabenheit,erhabenheit,ADV,62,,,
fremde,fremde,ADJ,62,Alterität,,
abweichen,abweichen,VERB,62,,,
satzgefüge,satzgefüge,NOUN,62,,,
anlangt,anlangt,VERB,62,,,
fügung,fügung,NOUN,62,,,
seitens,seitens,ADP,62,,,
zweifellos,zweifellos,ADV,62,,,
feldzug,feldzug,NOUN,62,,,
schulz,schulz,PROPN,62,,,
eichendorff,eichendorff,PROPN,62,,,
leicest,leicest,NOUN,62,,,
schlau,schlau,ADV,62,,,
grofser,grofser,VERB,62,,,
verklärung,verklärung,NOUN,61,,,
vergessenheit,vergessenheit,NOUN,61,,,
versammeln,versammeln,VERB,61,,,
anbetrifft,anbetrifft,VERB,61,,,
gebet,gebet,VERB,61,,,
fremden,fremden,ADJ,61,,,
kuß,kuß,PROPN,61,,,
vorder,vorder,ADJ,61,,,
abbild,abbild,NOUN,61,,,
begabt,begabt,ADV,61,,,
staunend,staunend,ADV,61,,,
verstärken,verstärken,VERB,61,,,
unfruchtbar,unfruchtbar,ADV,61,,,
ausnehmen,ausnehmen,VERB,61,,,
erläutert,erläutert,VERB,61,,,
irrig,irrig,ADV,61,,,
hieher,hieher,ADV,61,,,
götter,götter,NOUN,61,Typ,Theologie,
leichtsinn,leichtsinn,NOUN,61,,,
nebeneinander,nebeneinander,ADV,61,,,
geistern,geistern,NOUN,61,,,
streuen,streün,PROPN,61,,,
anvertrauen,anvertraün,PROPN,61,,,
hochherzig,hochherzig,PROPN,61,,,
ersticken,ersticken,VERB,61,,,
langen,langen,ADJ,61,Höhe,,
fläche,fläche,NOUN,61,,,
analog,analog,ADV,61,,,
spannend,spannend,ADV,61,,,
bilde,bilde,VERB,61,,,
anwesend,anwesend,ADV,61,,,
sonntag,sonntag,NOUN,61,,,
zerrissen,zerrissen,VERB,61,,,
liege,liege,VERB,61,,,
sonderlich,sonderlich,ADV,61,,,
literarhistorisch,literarhistorisch,NOUN,61,Geschichte ,Literatur,
frische,frische,ADJ,61,Bewertung,,
hiecke,hiecke,NOUN,61,Person,Didaktik ,
aussetzen,aussetzen,VERB,61,,,
mißbrauch,mißbrauch,NOUN,61,,,
vertragen,vertragen,VERB,61,,,
loch,loch,NOUN,61,,,
musterhaft,musterhaft,ADV,61,,,
wisse,wisse,VERB,61,,,
heranwachsend,heranwachsend,ADV,61,,,
gymnasialunterrichts,gymnasialunterrichts,ADV,61,,,
meisterstück,meisterstück,NOUN,61,,,
sprachform,sprachform,NOUN,61,,,
leipziger,leipziger,ADJ,61,Ort,,
kindern,kindern,NOUN,61,,,
begünstigen,begünstigen,VERB,61,,,
hexameter,hexameter,NOUN,61,,,
literaturgeschichtlich,literaturgeschichtlich,ADV,61,,,
gerechtfertigt,gerechtfertigt,VERB,61,,,
berücksichtigt,berücksichtigt,VERB,61,,,
bayern,bayern,PROPN,61,,,
zweckmäfsig,zweckmäfsig,ADV,61,,,
klaucken,klaucken,VERB,61,,,
hettel,hettel,NOUN,61,,,
etymologisch,etymologisch,ADV,60,,,
mythos,mythos,NOUN,60,,,
geschäftig,geschäftig,ADV,60,,,
wesens,wesens,PROPN,60,,,
mannichfaltig,mannichfaltig,ADV,60,,,
durcheinander,durcheinander,ADV,60,,,
ungebildet,ungebildet,ADV,60,,,
olymp,olymp,X,60,,,
dereinst,dereinst,ADV,60,,,
küste,küste,NOUN,60,,,
anhalt,anhalt,NOUN,60,,,
brennend,brennend,ADV,60,,,
allegorie,allegorie,NOUN,60,,,
offenbart,offenbart,VERB,60,,,
spotten,spotten,VERB,60,,,
blumen,blumen,PROPN,60,,,
gepriesen,gepriesen,VERB,60,,,
forschen,forschen,VERB,60,,,
bestellen,bestellen,VERB,60,,,
untergehen,untergehen,VERB,60,,,
erwärmen,erwärmen,VERB,60,,,
hirsch,hirsch,PROPN,60,,,
empfehlenswert,empfehlenswert,ADV,60,,,
zornig,zornig,ADV,60,,,
erfährt,erfährt,VERB,60,,,
büchern,büchern,NOUN,60,,,
gemischt,gemischt,VERB,60,,,
sparsam,sparsam,ADV,60,,,
ausgestattet,ausgestattet,VERB,60,,,
minister,minister,NOUN,60,,,
grausen,grausen,PROPN,60,,,
enkel,enkel,NOUN,60,,,
geknüpft,geknüpft,VERB,60,,,
unermeßlich,unermeßlich,ADV,60,,,
stehe,stehe,VERB,60,,,
unumgänglich,unumgänglich,ADV,60,,,
ermessen,ermessen,VERB,60,,,
uhlandsch,uhlandsch,ADV,60,Beschreibung,Poetologie,Person 
lebensanschauung,lebensanschauung,NOUN,60,Welt,Idealismus,
geistvoll,geistvoll,ADV,60,,,
anzusehen,anzusehen,VERB,60,,,
etlich,etlich,ADV,60,,,
verkündigen,verkündigen,VERB,60,,,
verglichen,verglichen,VERB,60,,,
bettler,bettler,NOUN,60,,,
declamator,declamator,NOUN,60,,,
festgehalten,festgehalten,VERB,60,,,
ausdauer,ausdaür,ADV,60,,,
kindes,kindes,NOUN,60,Alter,,
spüren,spüren,VERB,60,,,
anbringen,anbringen,VERB,60,,,
hektor,hektor,NOUN,60,,,
unmöglichkeit,unmöglichkeit,NOUN,60,,,
vorgeschlagen,vorgeschlagen,VERB,60,,,
seicht,seicht,ADV,60,,,
vermutung,vermutung,NOUN,60,,,
chrie,chrie,PROPN,60,,,
tanne,tanne,NOUN,60,,,
momentan,momentan,ADV,60,,,
bürgen,bürgen,NOUN,60,,,
jährlich,jährlich,ADV,59,,,
dichterwerk,dichterwerk,NOUN,59,,,
schlafend,schlafend,ADV,59,,,
gepflegt,gepflegt,VERB,59,,,
stärke,stärke,NOUN,59,,,
übergewicht,übergewicht,NOUN,59,,,
hinziehen,hinziehen,VERB,59,,,
aufgeregt,aufgeregt,ADV,59,,,
betrachtungen,betrachtungen,NOUN,59,,,
volksbuch,volksbuch,NOUN,59,,,
verzeichnen,verzeichnen,VERB,59,,,
ahnend,ahnend,ADV,59,,,
errungen,errungen,VERB,59,,,
erobern,erobern,VERB,59,,,
brüder,brüder,NOUN,59,,,
verwendet,verwendet,VERB,59,,,
gedichtet,gedichtet,VERB,59,Gattung ,Poetologie,
übelstehen,übelstehen,VERB,59,,,
bereicherung,bereicherung,NOUN,59,,,
gastlich,gastlich,ADV,59,,,
mahnend,mahnend,ADV,59,,,
zurückhalten,zurückhalten,VERB,59,,,
september,september,NOUN,59,,,
wortstellung,wortstellung,NOUN,59,,,
kämpfer,kämpfer,NOUN,59,,,
leder,leder,NOUN,59,,,
ungerecht,ungerecht,ADV,59,,,
wachsend,wachsend,ADV,59,,,
mindest,mindest,ADV,59,,,
maße,maße,VERB,59,,,
veredeln,veredeln,VERB,59,,,
fortan,fortan,ADV,59,,,
heimkehr,heimkehr,NOUN,59,,,
unklarheit,unklarheit,NOUN,59,,,
selbstbewußtsein,selbstbewußtsein,NOUN,59,,,
petrus,petrus,NOUN,59,,,
klingend,klingend,ADV,59,,,
inhalts,inhalts,PROPN,59,,,
walde,walde,PROPN,59,,,
beqümen,beqümen,NOUN,59,,,
einestheils,einestheils,PROPN,59,,,
überhebung,überhebung,NOUN,59,,,
vorgelesen,vorgelesen,VERB,59,Praktik,Lesen,
segel,segel,NOUN,59,,,
fischen,fischen,VERB,59,,,
prüfend,prüfend,ADV,59,,,
herstellung,herstellung,NOUN,59,,,
altertümlich,altertümlich,ADV,59,,,
ersehnt,ersehnt,VERB,59,,,
kenntnisse,kenntnisse,NOUN,59,,,
angehend,angehend,ADV,59,,,
fundament,fundament,NOUN,59,,,
lesevortrag,lesevortrag,X,59,,,
herzustellen,herzustellen,VERB,59,,,
examen,examen,NOUN,59,,,
tropus,tropus,NOUN,59,,,
fränkisch,fränkisch,ADV,59,Nation,,
intention,intention,NOUN,59,,,
staatsmann,staatsmann,NOUN,59,,,
söb,söb,X,59,,,
horen,horen,VERB,59,,,
horizont,horizont,NOUN,58,,,
ergreift,ergreift,VERB,58,,,
scheitern,scheitern,VERB,58,,,
anschlag,anschlag,NOUN,58,,,
wendet,wendet,VERB,58,,,
charakterbild,charakterbild,PROPN,58,,,
begleitet,begleitet,VERB,58,,,
specifisch,specifisch,ADV,58,,,
einfachen,einfachen,ADJ,58,,,
drückend,drückend,ADV,58,,,
vernichtung,vernichtung,NOUN,58,,,
kreuzen,kreuzen,VERB,58,,,
rasen,rasen,VERB,58,,,
kassandra,kassandra,NOUN,58,,,
repräsentirt,repräsentirt,NOUN,58,,,
erquicken,erquicken,VERB,58,,,
gezwungen,gezwungen,VERB,58,,,
vo,vo,X,58,,,
nachkommen,nachkommen,VERB,58,,,
schlank,schlank,ADV,58,,,
vorzuführen,vorzuführen,VERB,58,,,
intensiv,intensiv,ADV,58,,,
differenz,differenz,NOUN,58,,,
wirt,wirt,NOUN,58,,,
aufsteigen,aufsteigen,VERB,58,,,
trifft,trifft,VERB,58,,,
leichnam,leichnam,PROPN,58,,,
quälen,quälen,VERB,58,,,
rennen,rennen,VERB,58,,,
idyll,idyll,PROPN,58,,,
goldne,goldne,NOUN,58,,,
ör,ör,X,58,,,
liedern,liedern,NOUN,58,,,
verschlossen,verschlossen,VERB,58,,,
aussage,aussage,NOUN,58,,,
bäumlein,bäumlein,PROPN,58,,,
sahen,sahen,VERB,58,,,
direktor,direktor,NOUN,58,,,
auslegung,auslegung,NOUN,58,,,
überfallen,überfallen,VERB,58,,,
geringschätzung,geringschätzung,NOUN,58,,,
verknüpft,verknüpft,VERB,58,,,
abwesenheit,abwesenheit,NOUN,58,,,
einsilbig,einsilbig,ADV,58,,,
bedrohen,bedrohen,VERB,58,,,
mischung,mischung,NOUN,58,,,
hüter,hüter,NOUN,58,,,
studirend,studirend,ADV,58,,,
besorgnis,besorgnis,NOUN,58,,,
hagedorn,hagedorn,PROPN,58,,,
verfassung,verfassung,NOUN,58,,,
kürzen,kürzen,VERB,58,,,
fragt,fragt,VERB,58,,,
widerfahren,widerfahren,VERB,58,,,
ausgebreitet,ausgebreitet,VERB,58,,,
gedankenkreis,gedankenkreis,NOUN,58,,,
beleidigen,beleidigen,VERB,58,,,
herbart,herbart,NOUN,58,,,
leetüren,leetüren,NOUN,58,,,
berufung,berufung,NOUN,58,,,
punkte,punkte,NOUN,58,,,
zustehen,zustehen,VERB,58,,,
schneider,schneider,PROPN,58,,,
verstoßen,verstoßen,VERB,58,,,
aristotelisch,aristotelisch,ADV,58,,,
är,är,ADP,58,,,
aufsicht,aufsicht,NOUN,58,,,
gödeken,gödeken,NOUN,58,,,
schauer,schaür,NOUN,57,,,
ergiebig,ergiebig,ADV,57,,,
vaterlandes,vaterlandes,ADJ,57,Nation ,Patriotisch,
unruhig,unruhig,ADV,57,,,
wandrer,wandrer,NOUN,57,,,
vertraulich,vertraulich,ADV,57,,,
gefäß,gefäß,NOUN,57,,,
durchlaufen,durchlaufen,VERB,57,,,
sentimentalität,sentimentalität,NOUN,57,,,
vertheilen,vertheilen,NOUN,57,,,
neunt,neunt,ADV,57,,,
präsens,präsens,PROPN,57,,,
aneinander,aneinander,ADV,57,,,
empfang,empfang,NOUN,57,,,
oberfläche,oberfläche,NOUN,57,,,
enthüllen,enthüllen,VERB,57,,,
denke,denke,VERB,57,,,
zehnt,zehnt,ADV,57,,,
theure,theure,NOUN,57,,,
kraftvoll,kraftvoll,ADV,57,,,
ernsthaft,ernsthaft,ADV,57,,,
schade,schade,ADV,57,,,
frommen,frommen,VERB,57,,,
ausübung,ausübung,NOUN,57,,,
unstreitig,unstreitig,ADV,57,,,
zitternd,zitternd,ADV,57,,,
produktiv,produktiv,ADV,57,,,
bruch,bruch,NOUN,57,,,
beschreibungen,beschreibungen,NOUN,57,,,
steil,steil,ADV,57,,,
ernte,ernte,VERB,57,,,
hausfrau,hausfrau,NOUN,57,,,
andeutet,andeutet,VERB,57,,,
huldigen,huldigen,VERB,57,,,
dichtend,dichtend,ADV,57,,,
örtlichkeit,örtlichkeit,NOUN,57,,,
münster,münster,PROPN,57,,,
neugierde,neugierde,NOUN,57,,,
epheu,epheu,NOUN,57,,,
umbildung,umbildung,NOUN,57,,,
erklärer,erklärer,NOUN,57,,,
arten,arten,NOUN,57,,,
vorbilden,vorbilden,ADJ,57,,,
beredt,beredt,ADV,57,,,
könige,könige,PROPN,57,Narrativ,Politik,
dresden,dresden,PROPN,57,,,
hiervon,hiervon,ADV,57,,,
kriegslied,kriegslied,NOUN,57,,,
schulmäßig,schulmäßig,ADV,57,,,
verstandesmäßig,verstandesmäßig,ADV,57,,,
deinhardt,deinhardt,PROPN,57,,,
durchsicht,durchsicht,NOUN,57,,,
thüringer,thüringer,PROPN,57,,,
naturkunde,naturkunde,ADJ,57,Natur,Wissenschaft,
schullesebuch,schullesebuch,NOUN,57,Lehrmedien,,
synthetisch,synthetisch,ADV,57,,,
einflus,einflus,NOUN,57,,,
stuhl,stuhl,VERB,57,,,
hinblick,hinblick,NOUN,57,,,
barbar,barbar,ADV,57,,,
thüringen,thüringen,PROPN,57,,,
otfried,otfried,NOUN,57,,,
welsch,welsch,ADV,57,,,
gymnasiums,gymnasiums,PROPN,57,,,
vorgeschrieben,vorgeschrieben,VERB,57,,,
schliefsen,schliefsen,NOUN,57,,,
üppig,üppig,ADV,56,,,
charakters,charakters,PROPN,56,,,
volksdichtung,volksdichtung,NOUN,56,,,
hinan,hinan,ADV,56,,,
sinnvoll,sinnvoll,ADV,56,,,
umsicht,umsicht,ADV,56,,,
zuversichtlich,zuversichtlich,ADV,56,,,
versammelt,versammelt,VERB,56,,,
bittet,bittet,VERB,56,,,
unglaublich,unglaublich,ADV,56,,,
wünsche,wünsche,VERB,56,,,
stückes,stückes,PROPN,56,Gattung ,Poetologie,
rückblick,rückblick,PROPN,56,,,
umschreibung,umschreibung,NOUN,56,,,
lyriker,lyriker,NOUN,56,,,
gasse,gasse,NOUN,56,,,
räumlich,räumlich,ADV,56,,,
anknüpfung,anknüpfung,NOUN,56,,,
streifen,streifen,NOUN,56,,,
ungestört,ungestört,ADV,56,,,
pronomen,pronomen,PROPN,56,,,
allerhand,allerhand,DET,56,,,
weithin,weithin,ADV,56,,,
vorangehen,vorangehen,VERB,56,,,
ließe,ließe,VERB,56,,,
fluss,fluss,NOUN,56,,,
schlesisch,schlesisch,ADV,56,,,
gipfeln,gipfeln,VERB,56,,,
begann,begann,VERB,56,,,
annähernd,annähernd,ADV,56,,,
theodor,theodor,PROPN,56,,,
berichtigung,berichtigung,NOUN,56,,,
gefühlt,gefühlt,VERB,56,Emotion ,,
begrifflich,begrifflich,ADV,56,,,
erholung,erholung,NOUN,56,,,
einfache,einfache,ADJ,56,Bewertung,,
sonnenschein,sonnenschein,NOUN,56,,,
losen,losen,PRON,56,,,
altertums,altertums,NOUN,56,,,
verßeilen,verßeilen,NOUN,56,,,
stufen,stufen,NOUN,56,,,
auswanderer,auswanderer,NOUN,56,,,
bezwecken,bezwecken,VERB,56,,,
landsleute,landsleute,NOUN,56,,,
eingerichtet,eingerichtet,VERB,56,,,
gesammtbildung,gesammtbildung,NOUN,56,,,
wahrhaftig,wahrhaftig,ADV,56,,,
wirkungsvoll,wirkungsvoll,ADV,56,,,
vorzutragen,vorzutragen,VERB,56,,,
tempelherr,tempelherr,NOUN,56,,,
frevelhaft,frevelhaft,NOUN,56,,,
ablegen,ablegen,VERB,56,,,
februar,februar,NOUN,56,,,
brauchbarkei,brauchbarkei,VERB,56,,,
aufbewahren,aufbewahren,VERB,56,,,
veranstalten,veranstalten,VERB,56,,,
verfehlt,verfehlt,VERB,56,,,
iphigeniens,iphigeniens,PROPN,56,,,
erzogen,erzogen,VERB,56,,,
mainz,mainz,PROPN,56,,,
herberge,herberge,NOUN,56,,,
gröst,gröst,PROPN,56,,,
social,social,X,56,,,
schwedisch,schwedisch,ADV,56,,,
empirisch,empirisch,ADV,56,,,
jerusalem,jerusalem,PROPN,55,,,
beziehungen,beziehungen,NOUN,55,,,
abdruck,abdruck,NOUN,55,,,
abweisen,abweisen,VERB,55,,,
getreide,getreide,ADV,55,,,
productiv,productiv,ADV,55,,,
zuwider,zuwider,ADV,55,,,
dienstbar,dienstbar,ADV,55,,,
artig,artig,ADV,55,,,
ausbleiben,ausbleiben,VERB,55,,,
aufgefaßt,aufgefaßt,VERB,55,,,
fliegend,fliegend,ADV,55,,,
nacken,nacken,PROPN,55,,,
schicklich,schicklich,ADV,55,,,
hinderniß,hinderniß,NOUN,55,,,
beherrschung,beherrschung,NOUN,55,,,
trochäisch,trochäisch,ADV,55,Beschreibung,Poetologie,
novelle,novelle,NOUN,55,,,
bemerkbar,bemerkbar,ADV,55,,,
ausprägen,ausprägen,VERB,55,,,
unerträglich,unerträglich,ADV,55,,,
steuern,steürn,PROPN,55,,,
theilt,theilt,VERB,55,,,
töne,töne,NOUN,55,,,
besteigen,besteigen,VERB,55,,,
strahlend,strahlend,ADV,55,,,
casus,casus,PROPN,55,,,
physik,physik,NOUN,55,,,
araber,araber,NOUN,55,,,
vertauschen,vertauschen,VERB,55,,,
flüchten,flüchten,VERB,55,,,
nachts,nachts,ADV,55,,,
sür,sür,X,55,,,
gesch,gesch,ADV,55,,,
krankhaft,krankhaft,ADV,55,negative Bewertung,,
zerstreut,zerstreut,VERB,55,,,
beißen,beißen,VERB,55,,,
plagen,plagen,VERB,55,,,
beglücken,beglücken,VERB,55,,,
bekommt,bekommt,VERB,55,,,
abbrechen,abbrechen,VERB,55,,,
schuh,schuh,NOUN,55,,,
thieren,thieren,NOUN,55,,,
funken,funken,VERB,55,,,
recensent,recensent,NOUN,55,,,
großmutter,großmutter,NOUN,55,,,
zerbrechen,zerbrechen,VERB,55,,,
zukommen,zukommen,VERB,55,,,
satan,satan,PROPN,55,,,
schriftwerk,schriftwerk,PROPN,55,,,
koberstein,koberstein,NOUN,55,,,
volksepo,volksepo,PROPN,55,,,
sammthei,sammthei,NOUN,55,,,
insoweit,insoweit,ADV,55,,,
machend,machend,ADV,55,,,
primanern,primanern,NOUN,55,,,
anzuwenden,anzuwenden,VERB,55,,,
treibend,treibend,ADV,55,,,
elemente,elemente,NOUN,55,,,
geschlagen,geschlagen,VERB,55,,,
einschließen,einschließen,VERB,55,,,
gelobt,gelobt,VERB,55,,,
abgerundet,abgerundet,ADV,55,,,
nachbilden,nachbilden,VERB,55,,,
vorrath,vorrath,PROPN,55,,,
germania,germania,PROPN,55,,,
geweckt,geweckt,VERB,55,,,
achilles,achilles,ADJ,55,Klassik ,,
nebensätzen,nebensätzen,NOUN,55,,,
banner,banner,NOUN,55,,,
vermeintlich,vermeintlich,ADV,55,,,
tauri,tauri,X,55,,,
gleichgiltig,gleichgiltig,ADV,55,,,
landleute,landleute,NOUN,55,,,
vermittlung,vermittlung,NOUN,55,,,
liviu,liviu,NOUN,55,,,
verzeihung,verzeihung,NOUN,55,,,
erzbischof,erzbischof,PROPN,55,,,
ünd,ünd,X,55,,,
gewohnlich,gewohnlich,ADV,55,,,
europäisch,europäisch,ADV,54,,,
heimatlich,heimatlich,ADV,54,,,
hernieder,hernieder,NOUN,54,,,
entrückt,entrückt,ADV,54,,,
bleibe,bleibe,VERB,54,,,
fehlte,fehlte,VERB,54,,,
gestimmt,gestimmt,VERB,54,,,
übermaß,übermaß,VERB,54,,,
neutrum,neutrum,PROPN,54,,,
standen,standen,VERB,54,,,
wandernd,wandernd,ADV,54,,,
wechselwirkung,wechselwirkung,NOUN,54,,,
anthologie,anthologie,NOUN,54,,,
ohnmacht,ohnmacht,PROPN,54,,,
gestade,gestade,NOUN,54,,,
alliteration,alliteration,NOUN,54,,,
gereimt,gereimt,VERB,54,,,
vertheidigung,vertheidigung,NOUN,54,,,
schaum,schaum,NOUN,54,,,
prosastück,prosastück,NOUN,54,,,
mitarbeiter,mitarbeiter,NOUN,54,,,
gegenstandes,gegenstandes,PROPN,54,,,
abdrucken,abdrucken,VERB,54,,,
beifügen,beifügen,VERB,54,,,
monde,monde,PROPN,54,,,
erfolgreich,erfolgreich,ADV,54,,,
statten,statten,VERB,54,,,
unzufriedenheit,unzufriedenheit,NOUN,54,,,
einschränkung,einschränkung,NOUN,54,,,
verliert,verliert,VERB,54,,,
hofft,hofft,VERB,54,,,
geworfen,geworfen,VERB,54,,,
grauenvoll,graünvoll,PROPN,54,,,
inschrift,inschrift,NOUN,54,,,
elementarschul,elementarschul,PROPN,54,,,
unmittelbarkeit,unmittelbarkeit,NOUN,54,,,
wipfel,wipfel,NOUN,54,,,
allezeien,allezeien,NOUN,54,,,
einladung,einladung,NOUN,54,,,
katechismus,katechismus,NOUN,54,,,
waltend,waltend,ADV,54,,,
geliefert,geliefert,VERB,54,,,
freien,freien,ADJ,54,,,
bekenntnis,bekenntnis,PROPN,54,,,
geschmacklos,geschmacklos,ADV,54,,,
träumerisch,träumerisch,ADV,54,,,
auffindung,auffindung,NOUN,54,,,
leistet,leistet,VERB,54,,,
propädeutisch,propädeutisch,ADV,54,,,
anvertraut,anvertraut,VERB,54,,,
schuljahr,schuljahr,NOUN,54,,,
nötigen,nötigen,ADJ,54,,,
gefangenschaft,gefangenschaft,NOUN,54,,,
geständnis,geständnis,NOUN,54,,,
disponieren,disponieren,VERB,54,,,
erwerb,erwerb,NOUN,54,,,
keinesweges,keinesweges,ADJ,54,,,
actes,actes,ADJ,54,Poetologie,Drama,
abgethan,abgethan,PROPN,54,,,
civilisation,civilisation,PROPN,54,,,
privat,privat,ADV,54,,,
ziege,ziege,NOUN,54,,,
hunne,hunne,VERB,54,,,
schliefslich,schliefslich,NOUN,54,,,
klären,klären,VERB,53,,,
veralten,veralten,VERB,53,,,
anzuführen,anzuführen,VERB,53,,,
wahre,wahre,ADJ,53,,,
hellenisch,hellenisch,ADV,53,Klassik,,
erfaßt,erfaßt,VERB,53,,,
absondern,absondern,VERB,53,,,
charakterzug,charakterzug,X,53,,,
ungeduld,ungeduld,NOUN,53,,,
ununterbrochen,ununterbrochen,ADV,53,,,
schranke,schranke,NOUN,53,,,
krönen,krönen,VERB,53,,,
herold,herold,PROPN,53,,,
glühen,glühen,VERB,53,,,
anhaltend,anhaltend,ADV,53,,,
feucht,feucht,ADV,53,,,
durchdrungen,durchdrungen,VERB,53,Praxis ,,
fahrend,fahrend,ADV,53,,,
paradies,paradies,PROPN,53,,,
schreibend,schreibend,ADV,53,,,
isolirt,isolirt,AUX,53,,,
schweißen,schweißen,VERB,53,,,
richtet,richtet,VERB,53,,,
mitzutheilen,mitzutheilen,VERB,53,,,
heulen,heulen,VERB,53,,,
inmitten,inmitten,ADP,53,,,
entfliehen,entfliehen,VERB,53,,,
anforderungen,anforderungen,NOUN,53,,,
erproben,erproben,VERB,53,,,
mitternacht,mitternacht,NOUN,53,,,
hauptzweck,hauptzweck,NOUN,53,,,
sauer,saür,PROPN,53,,,
verkaufen,verkaufen,VERB,53,,,
reicht,reicht,VERB,53,,,
ziele,ziele,NOUN,53,,,
gesichtspunkte,gesichtspunkte,NOUN,53,,,
folgerung,folgerung,NOUN,53,,,
schmid,schmid,PROPN,53,,,
intelligenz,intelligenz,NOUN,53,,,
unsicherheit,unsicherheit,NOUN,53,,,
aufstehen,aufstehen,VERB,53,,,
verfolgung,verfolgung,NOUN,53,,,
