word_original,word_normalized,pos,count,tag1,tag2,tag3
deutsch,deutsch,ADV,13682,Nation ,Deutsch,
schüler,schüler,NOUN,8975,Schule,Typ,
wort,wort,NOUN,8313,Sprache,,
groß,groß,ADV,7558,,,
dichter,dichter,ADV,7462,Künstler,,
zeit,zeit,NOUN,7213,Zeit,,
leben,leben,VERB,6867,Welt,,
stehen,stehen,VERB,6540,Position,,
alt,alt,ADV,6540,Alter,,
gedicht,gedicht,NOUN,5507,Poetologie,Gattung,
sprechen,sprechen,VERB,5466,Sprache,,
sprache,sprache,NOUN,5361,Sprache,,
lehrer,lehrer,NOUN,5354,Schule,Typ,
unterricht,unterricht,NOUN,5343,Schule,Praxis,
stellen,stellen,VERB,5057,Position,,
weisen,weisen,VERB,4898,Disziplin,,
mensch,mensch,NOUN,4798,Anthropologie,,
einzeln,einzeln,ADV,4500,,,
schön,schön,ADV,4321,Ästhetik,positive Bewertung,
wissen,wissen,VERB,4094,Wissen,,
lesen,lesen,VERB,4035,Praktik,Poetologie,
lieben,lieben,VERB,3894,Emotion ,,
volk,volk,NOUN,3837,Nation,,
schiller,schiller,PROPN,3788,Person,Schriftsteller,
geist,geist,NOUN,3513,Idealismus,,
gott,gott,NOUN,3497,Theologie,,
art,art,NOUN,3380,,,
gedanke,gedanke,NOUN,3351,Idealismus,,
fragen,fragen,VERB,3261,Diskurs,,
denken,denken,VERB,3240,Idealismus,Praktik,
natur,natur,NOUN,3221,Natur,,
sinn,sinn,NOUN,3169,Poetologie,,
schule,schule,NOUN,3160,Schule,,
jahr,jahr,NOUN,3135,Zeit,,
form,form,NOUN,3120,Poetologie,,
bilden,bilden,VERB,3106,Pädagogik,,
geschichte,geschichte,NOUN,3073,Geschichte ,,
liegen,liegen,VERB,3025,,,
hand,hand,NOUN,2980,Ästhetik,Sinnlich,
literatur,literatur,NOUN,2911,Poetologie,,
zweit,zweit,ADV,2882,,,
inhalt,inhalt,NOUN,2859,Poetologie,,
führen,führen,VERB,2781,Disziplin,,
verstehen,verstehen,VERB,2745,Idealismus,Praktik,
kurz,kurz,ADV,2720,,,
stück,stück,NOUN,2711,Lehrmedien,Poetologie,
göthe,göthe,PROPN,2680,Person,Schriftsteller,
stoff,stoff,NOUN,2667,Poetologie,,
glauben,glauben,VERB,2665,Theologie,,
klasse,klasse,NOUN,2653,Schule,,
nennen,nennen,VERB,2648,Praktik,,
herr,herr,NOUN,2644,Gender,Mask,
dichtung,dichtung,NOUN,2603,Poetologie,,
aufsatz,aufsatz,NOUN,2595,Praktik,Prüfung,
zeigen,zeigen,VERB,2590,Position,,
auge,auge,NOUN,2564,Ästhetik,Sinnlich,
lernen,lernen,VERB,2561,Pädagogik,,
kraft,kraft,NOUN,2556,Idealismus,Anthropologie,
früh,früh,ADV,2551,Zeit,,
gewiß,gewiß,ADV,2534,,,
poesie,pösie,NOUN,2520,Poetologie,Gattung,
letzt,letzt,ADV,2491,,,
vater,vater,NOUN,2475,Gender,Mask,
satz,satz,NOUN,2474,Sprache,,
treten,treten,VERB,2447,Position,,
heißen,heißen,VERB,2441,,,
zweck,zweck,NOUN,2420,Logik,,
jugend,jugend,NOUN,2405,Alter,,
gehören,gehören,VERB,2392,,,
gegenstand,gegenstand,NOUN,2360,Lehrmedien,,
bildung,bildung,NOUN,2349,Pädagogik,,
grund,grund,NOUN,2345,Logik,,
darstellung,darstellung,NOUN,2321,Poetologie,,
welt,welt,NOUN,2300,Welt,,
n,n,X,2291,,,
gieben,gieben,VERB,2270,,,
bild,bild,NOUN,2253,Ästhetik ,,
lektüre,lektüre,NOUN,2188,Praktik,Methode ,Poetologie
tag,tag,NOUN,2180,Zeit,,
charakter,charakter,NOUN,2176,Anthropologie,,
richtig,richtig,ADV,2151,positive Bewertung,,
poetisch,pötisch,ADV,2148,Beschreibung,Poetologie,
ausdruck,ausdruck,NOUN,2124,Sprache,,
fallen,fallen,VERB,2120,,,
inner,inner,NOUN,2107,Idealismus ,,
sache,sache,NOUN,2097,,,
lang,lang,ADV,2096,Höhe ,,
kunst,kunst,NOUN,2085,Ästhetik,,
verschieden,verschieden,ADV,2079,Position,,
fremd,fremd,ADV,2061,Alterität,,
endlich,endlich,ADV,2026,,,
bezeichnen,bezeichnen,VERB,2018,Praktik,Sprache,
wesen,wesen,NOUN,2008,Idealismus,,
könig,könig,NOUN,2005,Narrativ,,
folgen,folgen,VERB,1987,Disziplin,,
bedeutung,bedeutung,NOUN,1978,Poetologie,,
begreifen,begreifen,VERB,1973,Praktik,Idealismus,
besonder,besonder,ADV,1972,,,
übung,übung,NOUN,1929,Praktik,,
gewinnen,gewinnen,VERB,1928,,,
strophe,strophe,NOUN,1927,Poetologie,,
gymnasium,gymnasium,NOUN,1912,Schule,,
gefühl,gefühl,NOUN,1894,Emotion ,,
name,name,NOUN,1887,,,
wahr,wahr,ADV,1847,Höhe,Idealismus,positive Bewertung
haus,haus,NOUN,1847,Haus,,
lehren,lehren,VERB,1846,Pädagogik,,
bieten,bieten,VERB,1825,,,
geschehen,geschehen,VERB,1815,,,
lessing,lessing,X,1808,Person,Schriftsteller,
seele,seele,NOUN,1807,Idealismus,,
freund,freund,NOUN,1803,Typ,,
spät,spät,ADV,1799,Zeit,,
erkennen,erkennen,VERB,1799,Praktik,Idealismus,
lesebuch,lesebuch,NOUN,1791,Lehrmedien,,
geistig,geistig,ADV,1781,Idealismus ,,
erzählung,erzählung,NOUN,1778,Poetologie,Narrativ,
enthalten,enthalten,VERB,1774,Beschreibung,,
beziehung,beziehung,NOUN,1769,,,
handlung,handlung,NOUN,1763,Poetologie,Narrativ,
thema,thema,NOUN,1762,Praxis,,
namentlich,namentlich,ADV,1760,,,
held,held,NOUN,1735,Narrativ,,
historisch,historisch,ADV,1727,Geschichte ,,
sohn,sohn,NOUN,1724,Alter,Gender,Mask
schwer,schwer,ADV,1721,Bewertung,,
schrift,schrift,NOUN,1690,Poetologie,Sprache,
wesentlich,wesentlich,ADV,1680,positive Bewertung,,
kennen,kennen,VERB,1676,Idealismus,,
mutter,mutter,NOUN,1648,Gender,Form,
aufgabe,aufgabe,NOUN,1630,Praktik,,
fehlen,fehlen,VERB,1623,,,
lateinisch,lateinisch,ADV,1595,Sprachen,Klassik,
schließen,schließen,VERB,1593,Praktik,Logik ,
entwicklung,entwicklung,NOUN,1586,,,
lange,lange,ADV,1584,Zeit ,,
wert,wert,ADV,1582,positive Bewertung,,
verfasser,verfasser,NOUN,1568,Poetologie,,
reichen,reichen,VERB,1559,,,
schulen,schulen,NOUN,1548,Schule,,
kampf,kampf,NOUN,1548,Alterität,Agonalität,
verhältnis,verhältnis,NOUN,1530,Beschreibung,,
wahrheit,wahrheit,NOUN,1527,Höhe,Idealismus,
knabe,knabe,NOUN,1526,Alter,Gender,Mask
notwendig,notwendig,ADV,1521,Logik,,
erklären,erklären,VERB,1519,Praktik,Methode ,
reden,reden,VERB,1518,Praktik,Sprache,
arbeit,arbeit,NOUN,1504,Disziplin ,,
vielmehr,vielmehr,ADV,1501,Logik,,
freude,freude,NOUN,1496,Emotion ,,
treiben,treiben,VERB,1493,Disziplin,Praktik,
reich,reich,ADV,1487,Bewertung,Politik,
person,person,NOUN,1486,Person,,
hören,hören,VERB,1475,Ästhetik,Sinnlich,
schluß,schluß,NOUN,1468,,,
stunde,stunde,NOUN,1466,Schule,Zeit ,
drama,drama,NOUN,1439,Poetologie,Gattung,
aussprechen,aussprechen,VERB,1426,Sprache,Praktik,
fühlen,fühlen,VERB,1426,Emotion ,,
griechisch,griechisch,ADV,1413,Sprachen,Klassik,
menschlich,menschlich,ADV,1396,Anthropologie,,
verlangen,verlangen,VERB,1379,Disziplin,,
jahrhundert,jahrhundert,NOUN,1371,Zeit,,
sittlich,sittlich,ADV,1353,Moral,,
jüngling,jüngling,X,1350,Typ,Gender,Mask
stufe,stufe,NOUN,1337,Schule,Disziplin,
aufgeben,aufgeben,VERB,1320,Disziplin,Pädagogik,Schule
anschauung,anschauung,NOUN,1314,Idealismus,Ästhetik,
bestimmen,bestimmen,VERB,1312,Disziplin,,
mittel,mittel,NOUN,1295,Praktik,,
erreichen,erreichen,VERB,1290,,,
betrachten,betrachten,VERB,1283,Ästhetik,Körper,
lebendig,lebendig,ADV,1282,Welt,,
dienen,dienen,VERB,1282,Disziplin,,
kaiser,kaiser,NOUN,1280,Nation,Person,Narrativ
interesse,interesse,NOUN,1280,,,
dritt,dritt,NOUN,1278,,,
stimmen,stimmen,VERB,1277,Wissen,,
darstellen,darstellen,VERB,1275,Poetologie,Praktik,
ernst,ernst,ADV,1271,Bewertung,,
stark,stark,ADV,1262,Höhe ,,
urteil,urteil,NOUN,1255,Bewertung,,
behandlung,behandlung,NOUN,1237,Praktik ,,
wirken,wirken,VERB,1234,Ästhetik,Wirkung,
behandeln,behandeln,VERB,1233,Praktik ,,
erscheinung,erscheinung,NOUN,1231,Idealismus,Ästhetik,
phantasie,phantasie,NOUN,1225,Phantasie,Ästhetik,Idealismus
erheben,erheben,VERB,1218,Höhe,,
gewöhnlich,gewöhnlich,ADV,1215,Bewertung,,
bemerken,bemerken,VERB,1209,Praktik ,,
gegensatz,gegensatz,NOUN,1209,Logik,,
gesang,gesang,NOUN,1206,Poetologie,Gattung,
licht,licht,NOUN,1206,,,
gesetz,gesetz,NOUN,1202,Politik,,
klassisch,klassisch,ADV,1199,Klassik,Bewertung,
äußern,äußern,VERB,1198,,,
schlagen,schlagen,VERB,1194,Agonalität,,
beispiel,beispiel,NOUN,1189,Methode ,,
erklärung,erklärung,NOUN,1189,Methode,Praktik,
verständnis,verständnis,NOUN,1178,Idealismus,Praktik,
fassen,fassen,VERB,1174,Idealismus,,
vorstellung,vorstellung,NOUN,1169,Idealismus,,
grammatik,grammatik,NOUN,1167,Sprache,,
glück,glück,NOUN,1162,positive Bewertung,,
muttersprache,muttersprache,NOUN,1154,Sprache ,,
leser,leser,NOUN,1153,Poetologie,Rezeption,Lesen
idee,idee,NOUN,1144,Idealismus,,
methode,methode,NOUN,1140,Methode,,
himmel,himmel,NOUN,1134,Theologie,,
freiheit,freiheit,NOUN,1127,Idealismus,Politik,
wirkung,wirkung,NOUN,1121,Ästhetik,Wirkung,
still,still,ADV,1120,Tiefe,,
unmittelbar,unmittelbar,ADV,1119,Beschreibung,,
zürst,zürst,VERB,1118,,,
glücklich,glücklich,ADV,1118,Emotion ,,
empfindung,empfindung,NOUN,1113,Emotion ,,
handeln,handeln,VERB,1111,,,
theilen,theilen,VERB,1109,,,
deutschland,deutschland,PROPN,1103,Nation,Deutsch,
bemerkung,bemerkung,NOUN,1102,Praktik ,,
streng,streng,ADV,1098,Bewertung,,
zusammenhang,zusammenhang,NOUN,1098,,,
verlieren,verlieren,VERB,1094,,,
hervor,hervor,ADV,1088,Beschreibung ,,
pflegen,pflegen,VERB,1086,,,
betrachtung,betrachtung,NOUN,1084,Ästhetik,Sinnlich,
erzählen,erzählen,VERB,1079,Poetologie,Narrativ,
wünschen,wünschen,VERB,1068,,,
grammatisch,grammatisch,ADV,1055,Sprache,,
ästhetisch,ästhetisch,ADV,1040,Ästhetik ,,
fabel,fabel,NOUN,1036,Gattung ,Poetologie,
erde,erde,NOUN,1035,Welt,,
stadt,stadt,NOUN,1034,Ort,,
dramatisch,dramatisch,ADV,1029,Gattung ,,
national,national,ADV,1024,Nation ,,
bewußtsein,bewußtsein,NOUN,1016,Idealismus,,
uhland,uhland,VERB,1013,Person,Schriftsteller,
schaffen,schaffen,VERB,1011,positive Bewertung,Praktik,
wissenschaft,wissenschaft,NOUN,1008,Wissenschaft,,
heilig,heilig,ADV,1006,Theologie,,
scharf,scharf,ADV,1002,Beschreibung,,
theils,theils,ADV,1000,,,
gebieten,gebieten,NOUN,997,Disziplin ,,
verdienen,verdienen,VERB,986,,,
hermann,hermann,PROPN,984,Person,Literatur,
helfen,helfen,VERB,984,Praktik,,
gering,gering,ADV,982,Tiefe,,
selten,selten,ADV,980,Bewertung,,
wissenschaftlich,wissenschaftlich,ADV,976,Wissenschaft,,
bedeutend,bedeutend,ADV,967,Bewertung ,,
praktisch,praktisch,ADV,962,,,
ritter,ritter,PROPN,960,Typ,Narrativ,
dichten,dichten,VERB,953,Poetologie,Praktik,
verbinden,verbinden,VERB,951,Praktik,,
aufnehmen,aufnehmen,VERB,948,,,
kenntnis,kenntnis,NOUN,948,Ziel,,
schönheit,schönheit,NOUN,944,Ästhetik,,
üben,üben,VERB,941,Praktik ,,
schwert,schwert,NOUN,938,Narrativ,,
erfahren,erfahren,VERB,937,Sinnlich,Welt,
gebrauch,gebrauch,NOUN,936,,,
eignen,eignen,VERB,936,positive Bewertung,,
anfang,anfang,NOUN,932,,,
tätigkeit,tätigkeit,NOUN,932,,,
vaterland,vaterland,NOUN,930,Nation,Patriotisch,
auswahl,auswahl,NOUN,929,Praktik,,
vortragen,vortragen,VERB,926,Praktik ,Methode ,
gründen,gründen,VERB,925,,,
schriftlich,schriftlich,ADV,922,Praktik,,
erinnern,erinnern,VERB,922,Idealismus,,
ruhen,ruhen,VERB,921,,,
fahren,fahren,VERB,921,,,
kreis,kreis,NOUN,920,,,
not,not,X,919,Narrativ,,
formen,formen,NOUN,916,Poetologie,,
wenden,wenden,VERB,914,,,
gebildet,gebildet,VERB,912,Pädagogik,,
sänger,sänger,NOUN,912,Poetologie,Typ,
außer,außer,ADP,911,,,
auftreten,auftreten,VERB,909,Poetologie,,
mädchen,mädchen,NOUN,908,Gender ,Femd,
versuchen,versuchen,VERB,908,,,
blick,blick,NOUN,901,Ästhetik,Körper,
verbindung,verbindung,NOUN,899,,,
erfahrung,erfahrung,NOUN,898,Ästhetik,Welt,
französisch,französisch,ADV,895,Nation,Sprache,
richten,richten,VERB,892,,,
richtung,richtung,NOUN,891,,,
ansicht,ansicht,NOUN,887,,,
schriftsteller,schriftsteller,NOUN,885,Poetologie,Typ,
auffassung,auffassung,NOUN,884,Praktik,Idealismus,
gestalt,gestalt,NOUN,877,Beschreibung,,
gelegenheit,gelegenheit,NOUN,867,,,
entstehen,entstehen,VERB,865,,,
streben,streben,VERB,862,Disziplin,,
bruder,bruder,NOUN,862,Familie,Typ,
besitzen,besitzen,VERB,855,Idealismus,,
ideal,ideal,ADV,855,Idealismus,Moral ,
schilderung,schilderung,NOUN,853,Poetologie,Praktik,
sammlung,sammlung,NOUN,853,Lehrmedien,,
abhandlung,abhandlung,NOUN,852,Poetologie,Gattung,
gelehrt,gelehrt,VERB,846,positive Bewertung,,
deutlich,deutlich,ADV,846,Beschreibung,,
element,element,NOUN,845,Medium,,
erfüllen,erfüllen,VERB,843,,,
jungfrau,jungfrau,NOUN,841,Gender,Fem,
höhe,höhe,NOUN,841,Höhe,,
willen,willen,ADP,840,Idealismus,,
stolz,stolz,ADV,838,Narrativ,Bewertung,
karl,karl,PROPN,835,Person,Literatur,Historisch 
frisch,frisch,ADV,834,Höhe ,,
forderung,forderung,NOUN,832,,,
geeignet,geeignet,ADV,831,positive Bewertung,,
geschichtlich,geschichtlich,ADV,828,Geschichte ,,
entwickeln,entwickeln,VERB,828,,,
betreffen,betreffen,VERB,827,,,
trotz,trotz,ADP,827,Logik,,
beweisen,beweisen,VERB,825,Logik ,,
punkt,punkt,NOUN,824,Sprache,,
rücksicht,rücksicht,NOUN,820,,,
gestalten,gestalten,VERB,819,Poetologie,Praktik,
herrlich,herrlich,ADV,818,positive Bewertung,,
unterschied,unterschied,NOUN,817,,,
iphigenie,iphigenie,NOUN,816,Person,Literatur ,
ursprünglich,ursprünglich,ADV,814,Zeit,Sprache,
klopstock,klopstock,NOUN,812,Person,Schriftsteller,
fürst,fürst,NOUN,811,,,
vergleichen,vergleichen,VERB,810,Methode,Praktik ,
brechen,brechen,VERB,808,,,
reihe,reihe,NOUN,807,,,
ver,ver,PROPN,804,,,
bewegung,bewegung,NOUN,800,,,
grad,grad,ADV,800,,,
unterscheiden,unterscheiden,VERB,799,Praktik ,,
religiös,religiös,ADV,798,Theologie,,
un,un,X,797,,,
bedenken,bedenken,NOUN,795,,,
vorhanden,vorhanden,ADV,792,,,
einleitung,einleitung,NOUN,791,Poetologie,,
fehler,fehler,NOUN,789,Disziplin,negative Bewertung,
ansehen,ansehen,VERB,786,Sinnlich,Praktik,
vorliegend,vorliegend,ADV,785,,,
prosa,prosa,PROPN,785,Gattung ,,
treffen,treffen,VERB,782,,,
stellung,stellung,NOUN,779,,,
vergessen,vergessen,VERB,778,Idealismus,,
mündlich,mündlich,ADV,778,Praktik,,
tochter,tochter,NOUN,778,Gender,Form,
meister,meister,NOUN,778,Höhe,Typ,
wählen,wählen,VERB,772,,,
empfehlen,empfehlen,VERB,769,,,
angeben,angeben,VERB,766,,,
göthes,göthes,PROPN,765,,,
sitzen,sitzen,VERB,763,,,
beschränken,beschränken,VERB,763,,,
stil,stil,NOUN,762,Poetologie,Sprache,
studium,studium,NOUN,761,Praktik,,
haupt,haupt,NOUN,761,Beschreibung,,
sorgen,sorgen,VERB,760,,,
boden,boden,NOUN,759,,,
empfinden,empfinden,VERB,759,Emotion ,,
leiden,leiden,VERB,755,Negation,,
augenblick,augenblick,NOUN,751,Zeit,,
bewegen,bewegen,VERB,749,,,
zeichen,zeichen,NOUN,748,Poetologie,,
lust,lust,NOUN,743,positive Bewertung,,
besprechung,besprechung,NOUN,743,Praktik,,
nation,nation,NOUN,742,Nation,,
sterben,sterben,VERB,741,Negation,,
gewalt,gewalt,NOUN,738,Agonalität,,
antik,antik,NOUN,736,Zeit,Klassik,
sprachlich,sprachlich,ADV,732,Sprache ,,
verlassen,verlassen,VERB,731,,,
entsprechen,entsprechen,VERB,730,,,
ruhig,ruhig,ADV,728,Beschreibung,,
vorzugsweise,vorzugsweise,ADV,727,,,
sonne,sonne,NOUN,726,Welt,,
abschneiden,abschneiden,VERB,725,,,
meer,meer,NOUN,724,Welt,,
schicksal,schicksal,NOUN,721,Disziplin,,
erläuterung,erläuterung,NOUN,721,Praktik,Methode ,
gefahr,gefahr,NOUN,721,Agonalität,,
raum,raum,NOUN,719,Raum,,
stimmung,stimmung,NOUN,719,Emotion ,,
en,en,X,717,,,
angemessen,angemessen,ADV,713,positive Bewertung,,
gelingen,gelingen,VERB,712,,,
quelle,qülle,PROPN,710,Ästhetik,Wörtlich,Provenienz
mächtig,mächtig,ADV,710,Höhe,Bewertung,
philosophisch,philosophisch,ADV,709,Philsophie,,
ergreifen,ergreifen,VERB,708,Ästhetik,Wirkung,
wallenstein,wallenstein,PROPN,707,Person,Literatur,Historisch 
meinung,meinung,NOUN,707,Praktik,Bewertung,
eng,eng,ADV,707,Beschreibung,,
eintreten,eintreten,VERB,706,,,
leisten,leisten,VERB,706,,,
absicht,absicht,NOUN,705,,,
scene,scene,NOUN,705,Poetologie,Unterteilung,
regel,regel,NOUN,705,Disziplin,,
genügen,genügen,VERB,704,,,
christlich,christlich,ADV,704,Theologie,,
vollkommen,vollkommen,ADV,703,Ästhetik,positive Bewertung ,
annehmen,annehmen,VERB,703,,,
graf,graf,PROPN,703,Typ,Narrativ,
verfahren,verfahren,NOUN,702,Praktik,,
dringen,dringen,VERB,700,,,
ballade,ballade,NOUN,697,Gattung ,Lyrik,
pädagogisch,pädagogisch,ADV,691,Pädagogik,,
vertrauen,vertraün,NOUN,690,positive Bewertung,,
geschlecht,geschlecht,NOUN,687,Gender,,
erziehung,erziehung,NOUN,687,Pädagogik,Disziplin,
brief,brief,NOUN,684,Gattung ,,
friedrich,friedrich,PROPN,680,Person,Literatur,Historisch 
folge,folge,VERB,678,,,
gesichtspunkt,gesichtspunkt,VERB,677,,,
benutzen,benutzen,VERB,677,,,
regeln,regeln,VERB,677,Disziplin,,
übersetzung,übersetzung,NOUN,675,Nation,Poetologie,
gethan,gethan,VERB,675,,,
kräftig,kräftig,ADV,673,positive Bewertung,,
schauen,schaün,PROPN,673,,,
logisch,logisch,ADV,673,Beschreibung,Logik,
gegenwart,gegenwart,NOUN,673,Zeit,,
anspruch,anspruch,NOUN,671,,,
lieber,lieber,ADV,669,Beschreibung,,
falsch,falsch,ADV,665,negative Bewertung,,
vorzüglich,vorzüglich,ADV,664,positive Bewertung,,
episch,episch,ADV,664,Beschreibung,Poetologie,Gattung
sinnlich,sinnlich,ADV,663,Beschreibung,Ästhetik,
nibelungenlied,nibelungenlied,NOUN,660,Literatur ,,
nächst,nächst,ADV,659,,,
gebiet,gebiet,NOUN,658,Raum,,
modern,modern,ADV,657,Beschreibung,Ästhetik,
frieden,frieden,NOUN,656,Politik,,
kopf,kopf,NOUN,656,Körper,,
schlecht,schlecht,ADV,655,negative Bewertung,,
schwierigkeit,schwierigkeit,NOUN,655,,,
verwenden,verwenden,VERB,652,,,
gen,gen,ADP,651,,,
hart,hart,ADV,650,,,
behaupten,behaupten,VERB,649,,,
dunkel,dunkel,ADV,649,Tiefe,Beschreibung ,
einheit,einheit,NOUN,648,Idealismus,,
unterrichten,unterrichten,VERB,648,Schule,Praktik,
lieb,lieb,ADV,647,postive Bewertung,,
moment,moment,NOUN,647,,,
gewaltig,gewaltig,ADV,646,positive Bewertung,Höhe,
leiten,leiten,VERB,645,,,
eindruck,eindruck,NOUN,642,Ästhetik,Körper,
periode,periode,NOUN,641,Gattung ,,
vortrag,vortrag,NOUN,641,Methode,Praktik,
erfolg,erfolg,NOUN,640,positive Bewertung,,
hoffnung,hoffnung,NOUN,640,Theologie,,
innig,innig,ADV,639,Idealismus,,
greifen,greifen,VERB,637,,,
gelangen,gelangen,VERB,636,,,
klingen,klingen,VERB,636,,,
bestimmung,bestimmung,NOUN,636,Disziplin,,
grimm,grimm,PROPN,635,Person,Schriftsteller,
grundsatz,grundsatz,NOUN,634,,,
religion,religion,NOUN,631,Theologie,,
würdig,würdig,ADV,630,positive Bewertung,,
königs,königs,PROPN,630,Narrativ,,
grundlage,grundlage,NOUN,629,,,
zeile,zeile,NOUN,628,Poetologie,Unterteilung,
lyrisch,lyrisch,ADV,628,Beschreibung,Poetologie,Gattung
tasso,tasso,PRON,628,Person,Literatur,Historisch 
grieche,grieche,ADJ,627,Klassik,,
werfen,werfen,VERB,627,,,
leute,leute,NOUN,627,,,
erwarten,erwarten,VERB,626,,,
abschnitt,abschnitt,NOUN,626,Unterteilung ,Poetologie,
krieg,krieg,NOUN,625,Negation,Alterität,
rasch,rasch,ADV,625,,,
schildern,schildern,VERB,625,Praktik,,
hervorheben,hervorheben,VERB,624,,,
mangel,mangel,NOUN,618,negative Bewertung,,
hagen,hagen,PROPN,616,Person,Literatur,
luther,luther,PROPN,614,Person,Historisch,
literaturgeschichte,literaturgeschichte,VERB,614,Geschichte ,,
schmerz,schmerz,NOUN,612,negative Bewertung,,
messen,messen,VERB,612,,,
genießen,genießen,VERB,611,,,
weib,weib,NOUN,611,Typ,Gender,Fem
fromm,fromm,ADV,610,Theologie,Beschreibung ,
entscheiden,entscheiden,VERB,604,,,
baum,baum,NOUN,603,,,
prima,prima,ADV,603,Schule,,
frucht,frucht,NOUN,602,,,
politisch,politisch,ADV,602,Politik,,
bürger,bürger,NOUN,601,Typ,,
ausführlich,ausführlich,ADV,601,Beschreibung,Methode ,
gegenwärtig,gegenwärtig,ADV,600,,,
tot,tot,ADV,599,Negation,,
gemüth,gemüth,NOUN,597,,,
aufmerksam,aufmerksam,ADV,596,Praktik,,
minder,minder,ADV,596,negative Bewertung,,
anwendung,anwendung,NOUN,596,Praktik,,
vergleichung,vergleichung,NOUN,594,Methode,Praktik,
zweifel,zweifel,NOUN,594,negative Bewertung,,
schuld,schuld,NOUN,593,negative Bewertung,,
siegfried,siegfried,PROPN,588,Person,Literatur,
kühn,kühn,ADV,587,Person,Bewertung,
maria,maria,PROPN,586,Person,Literatur,Historisch 
wunsch,wunsch,NOUN,586,,,
wunderbar,wunderbar,ADV,585,positive Bewertung,,
dienst,dienst,NOUN,584,Disziplin,,
absehen,absehen,VERB,584,,,
menge,menge,NOUN,581,,,
anwenden,anwenden,VERB,580,,,
vielfach,vielfach,ADV,580,,,
volkslied,volkslied,NOUN,580,Gattung ,Lyrik,
herder,herder,PROPN,579,Person,Schriftsteller,
eltern,eltern,NOUN,579,Alter,Typ,Familie
dichterisch,dichterisch,ADV,579,Beschreibung,Poetologie,
ausführung,ausführung,NOUN,578,Praktik,,
ordnung,ordnung,NOUN,577,Disziplin,,
sitte,sitte,NOUN,576,Disziplin,Moral ,
gewähren,gewähren,VERB,576,,,
echt,echt,ADV,575,Höhe,Beschreibung ,
beziehen,beziehen,VERB,574,,,
wasser,wasser,NOUN,573,Welt,Narrativ,
blicken,blicken,VERB,573,Sinnlich,Ästhetik,
geliebt,geliebt,VERB,569,,,
beschreibung,beschreibung,NOUN,569,Praktik,,
staat,staat,NOUN,569,Politik,,
dorothea,dorothea,X,568,Literatur ,Person ,
erwähnen,erwähnen,VERB,567,,,
schiff,schiff,NOUN,567,,,
göttlich,göttlich,ADV,566,Theologie,Beschreibung ,
breit,breit,ADV,566,,,
erwerben,erwerben,VERB,566,,,
buchen,buchen,VERB,566,,,
andeuten,andeuten,VERB,565,,,
standpunkt,standpunkt,NOUN,565,,,
einsicht,einsicht,NOUN,563,Idealismus,,
kämpfen,kämpfen,VERB,562,Agonalität,,
material,material,NOUN,562,Lehrmedien,,
bedeuten,bedeuten,VERB,561,,,
hinsicht,hinsicht,NOUN,561,,,
fülle,fülle,VERB,560,,,
aufmerksamkeit,aufmerksamkeit,NOUN,560,Disziplin,,
gesund,gesund,ADV,559,positive Bewertung,,
menschheit,menschheit,NOUN,558,Anthropologie,,
hoffen,hoffen,VERB,558,,,
vorzug,vorzug,NOUN,557,,,
wagen,wagen,VERB,554,,,
wirklichkeit,wirklichkeit,NOUN,550,Welt,,
schwach,schwach,ADV,550,negative Bewertung,,
jugendlich,jugendlich,ADV,550,Alter,Beschreibung ,
zustand,zustand,NOUN,549,,,
trefflich,trefflich,ADV,548,positive Bewertung,,
tugend,tugend,NOUN,548,Disziplin,Moral ,
blut,blut,NOUN,545,Körper,Narrativ,
verhalten,verhalten,VERB,545,,,
homer,homer,PROPN,544,Person,Schriftsteller,
hinaus,hinaus,ADP,544,Raum,,
offenbar,offenbar,ADV,543,,,
gelten,gelten,VERB,541,,,
prosaisch,prosaisch,ADV,540,Beschreibung,Poetologie,Gattung
fuß,fuß,PROPN,540,,,
wecken,wecken,VERB,539,,,
geschick,geschick,PROPN,537,positive Bewertung,,
wachsen,wachsen,VERB,536,,,
brust,brust,NOUN,535,Körper,,
ausgabe,ausgabe,NOUN,534,,,
pflicht,pflicht,NOUN,532,Disziplin,Moral ,
sogenannt,sogenannt,VERB,532,,,
eigenthümlich,eigenthümlich,ADV,529,Bewertung,,
fällen,fällen,VERB,525,,,
kirche,kirche,NOUN,525,Theologie,,
hinweisen,hinweisen,VERB,525,,,
lösen,lösen,VERB,524,,,
einfluß,einfluß,NOUN,521,,,
empfangen,empfangen,VERB,521,,,
schritt,schritt,NOUN,520,,,
literarisch,literarisch,ADV,519,Beschreibung,Poetologie,
ausbildung,ausbildung,NOUN,518,Schule,Institution,
umstand,umstand,NOUN,518,,,
passend,passend,ADV,518,positive Bewertung,,
hängen,hängen,VERB,517,,,
plan,plan,NOUN,517,,,
auflage,auflage,NOUN,513,,,
walther,walther,PROPN,513,Person,Literatur,
proben,proben,VERB,513,Praxis,,
familie,familie,NOUN,512,Typ,Haus,
moralisch,moralisch,ADV,511,Moral,Beschreibung ,
tragödie,tragödie,NOUN,511,Gatung,Poetologie,
reichtum,reichtum,NOUN,510,,,
geschmack,geschmack,NOUN,510,Ästhetik,postive Bewertung,
wendung,wendung,NOUN,510,,,
vollendet,vollendet,VERB,509,,,
grün,grün,ADV,509,Beschreibung,,
wahrhaft,wahrhaft,ADV,508,Höhe,Beschreibung ,Ästhetik
gesinnung,gesinnung,NOUN,508,Nation,,
notwendigkeit,notwendigkeit,NOUN,506,Logik,,
dieß,dieß,ADV,505,,,
scheiden,scheiden,VERB,505,,,
zukunft,zukunft,NOUN,504,Zeit,,
viert,viert,ADV,502,,,
heinrich,heinrich,PROPN,499,Person,Literatur,
bergen,bergen,VERB,499,,,
thatsach,thatsach,PROPN,499,,,
landen,landen,VERB,498,,,
geradezu,geradezu,ADV,497,,,
begründen,begründen,VERB,496,,,
nieder,nieder,ADV,495,,,
erinnerung,erinnerung,NOUN,495,Idealismus,,
herausgeber,herausgeber,NOUN,492,,,
kritik,kritik,NOUN,492,negative Bewertung,,
feinden,feinden,NOUN,492,Agonalität,,
vorgang,vorgang,NOUN,492,,,
reisen,reisen,VERB,490,,,
heben,heben,VERB,489,,,
märchen,märchen,NOUN,489,Beschreibung,Poetologie,Gattung
klassiker,klassiker,NOUN,488,Typ,Ästhetik,
versetzen,versetzen,VERB,488,Schule,,
wilhelm,wilhelm,PROPN,488,Person,Literatur,Historisch 
begeisterung,begeisterung,NOUN,486,,,
altertum,altertum,NOUN,486,Klassik,,
volksschule,volksschule,NOUN,485,Schule,,
dramas,dramas,NOUN,484,Gattung ,Poetologie,
leidenschaft,leidenschaft,NOUN,483,Emotion ,,
lebhaft,lebhaft,ADV,482,Beschreibung,,
fördern,fördern,VERB,482,,,
bitten,bitten,VERB,481,,,
charakteristikum,charakteristikum,PROPN,481,Beschreibung,,
erhaben,erhaben,ADV,480,Höhe,Beschreibung ,Ästhetik
retten,retten,VERB,480,,,
brauen,braün,NOUN,479,,,
öffentlich,öffentlich,ADV,479,,,
beschäftigung,beschäftigung,NOUN,478,Praktik,,
herzen,herzen,NOUN,478,Körper,,
schweigen,schweigen,VERB,477,,,
römisch,römisch,ADV,477,Klassik,,
minna,minna,PROPN,477,Person,Literatur,Historisch 
antwort,antwort,NOUN,476,,,
erregen,erregen,VERB,474,,,
neigung,neigung,NOUN,474,,,
berlin,berlin,PROPN,473,Ort,,
blume,blume,PROPN,473,Narrativ,Natur,
beruhen,beruhen,VERB,473,,,
prüfung,prüfung,NOUN,472,Praktik,Schule,
voraussetzen,voraussetzen,VERB,472,,,
befinden,befinden,VERB,471,,,
ansichten,ansichten,NOUN,471,,,
bekommen,bekommen,VERB,470,,,
vorig,vorig,ADV,469,,,
gespräch,gespräch,NOUN,469,Praktik,,
bearbeitung,bearbeitung,NOUN,469,Praktik,,
laufen,laufen,VERB,469,,,
rechnen,rechnen,VERB,468,,,
bedürfnis,bedürfnis,NOUN,468,,,
liefern,liefern,VERB,467,,,
zielen,zielen,VERB,467,,,
sodann,sodann,ADV,467,,,
mittler,mittler,NOUN,466,,,
außerdem,außerdem,ADV,466,,,
vorkommen,vorkommen,VERB,464,,,
zeichnen,zeichnen,VERB,463,,,
unrecht,unrecht,NOUN,463,,,
auffassen,auffassen,VERB,462,Praktik,,
spiel,spiel,NOUN,462,Narrativ,,
eigenschaft,eigenschaft,NOUN,461,,,
verfolgen,verfolgen,VERB,461,,,
feind,feind,NOUN,461,Agonalität,Alterität,
tellheim,tellheim,PROPN,460,Person,Literatur,
gattung,gattung,NOUN,459,Gattung ,,
genannt,genannt,VERB,459,,,
prinz,prinz,NOUN,459,Narrativ,,
schaden,schaden,VERB,458,negative Bewertung,,
gemeinsam,gemeinsam,ADV,458,,,
ausführen,ausführen,VERB,457,,,
wiederholt,wiederholt,ADV,456,,,
gebrauchen,gebrauchen,VERB,456,,,
besprechen,besprechen,VERB,455,,,
voraus,voraus,ADV,455,Zeit,Raum ,
bewahren,bewahren,VERB,454,,,
freudig,freudig,ADV,454,positive Bewertung,,
ach,ach,X,454,,,
anstalt,anstalt,NOUN,453,Schule,,
kehren,kehren,VERB,452,,,
faust,faust,PROPN,452,Person,Literatur,
wohnen,wohnen,VERB,452,Haus,,
nachweisen,nachweisen,VERB,451,,,
kenntniß,kenntniß,NOUN,450,,,
unendlich,unendlich,ADV,450,Höhe,Beschreibung ,Ästhetik
gudrun,gudrun,PROPN,450,Person,Literatur,
christentum,christentum,NOUN,449,Theologie,,
furcht,furcht,NOUN,449,Emotion ,,
kunstwerk,kunstwerk,NOUN,448,Ästhetik,,
anordnung,anordnung,NOUN,448,Praxis,,
disposition,disposition,NOUN,448,Praktik,Methode ,
muster,muster,NOUN,446,Lehrmedien,,
unglück,unglück,NOUN,445,negative Bewertung ,,
anschaulich,anschaulich,ADV,445,Beschreibung,Ästhetik,
frühling,frühling,NOUN,445,Zeit,,
gehörig,gehörig,ADV,444,,,
sturm,sturm,NOUN,444,Narrativ,,
thrän,thrän,PROPN,443,,,
entfernt,entfernt,ADV,441,,,
zögling,zögling,PROPN,441,Disziplin,Typ,Schule
studie,studie,NOUN,441,Wissenschaft ,,
weichen,weichen,VERB,440,,,
anmerkung,anmerkung,NOUN,440,,,
fortschreiten,fortschreiten,VERB,440,,,
beschäftigen,beschäftigen,VERB,439,Praktik,,
burg,burg,PROPN,438,Ort,Literatur,
zwingen,zwingen,VERB,438,Disziplin,,
herzog,herzog,PROPN,438,Typ,Literatur,
vernehmen,vernehmen,VERB,437,,,
frankreich,frankreich,PROPN,437,Nation,,
vorbereitung,vorbereitung,NOUN,437,Praktik,Methode ,
wolf,wolf,PROPN,436,Narrativ,Person,
farbe,farbe,NOUN,436,,,
fertigkeit,fertigkeit,NOUN,435,,,
zart,zart,ADV,434,,,
freundlich,freundlich,ADV,434,positive Bewertung,,
erlauben,erlauben,VERB,434,,,
vorführen,vorführen,VERB,433,,,
genuß,genuß,NOUN,433,,,
pferd,pferd,NOUN,432,Narrativ,Tier,
vergl,vergl,VERB,432,,,
herrschen,herrschen,VERB,431,,,
schwester,schwester,NOUN,431,Typ,Familie,
kultur,kultur,NOUN,430,Welt,,
knüpfen,knüpfen,VERB,430,,,
fürchten,fürchten,VERB,430,,,
mild,mild,ADV,430,,,
klagen,klagen,VERB,429,,,
stein,stein,NOUN,426,,,
bezug,bezug,NOUN,426,,,
eingehend,eingehend,ADV,426,,,
realschule,realschule,NOUN,425,Schule ,,
richter,richter,NOUN,423,Typ,Politik,
mittelhochdeutsch,mittelhochdeutsch,ADV,423,Beschreibung,Poetologie,Sprache
bewußt,bewußt,ADV,422,,,
vorwurf,vorwurf,NOUN,422,,,
schicken,schicken,VERB,421,,,
mühe,mühe,NOUN,420,,,
königin,königin,NOUN,420,Narrativ,Typ,
verwandt,verwandt,VERB,419,,,
platz,platz,NOUN,419,,,
erörterung,erörterung,NOUN,418,Praktik,Methode ,
glänzend,glänzend,ADV,417,positive Bewertung,,
universität,universität,NOUN,415,Wissenschaft,,
festhalten,festhalten,VERB,415,,,
übergehen,übergehen,VERB,414,,,
klarheit,klarheit,NOUN,412,positive Bewertung,,
überlassen,überlassen,VERB,412,,,
teils,teils,ADV,412,,,
trennen,trennen,VERB,411,,,
gelesen,gelesen,VERB,411,Praktik,Lesen,
bezeichnung,bezeichnung,NOUN,410,Beschreibung,,
stärken,stärken,VERB,410,,,
angeführt,angeführt,VERB,409,,,
offen,offen,ADV,408,,,
zweckmäßig,zweckmäßig,ADV,408,Bewertung,,
ei,ei,X,408,,,
maß,maß,NOUN,407,,,
persönlichkeit,persönlichkeit,NOUN,407,positive Bewertung,,
glanz,glanz,NOUN,406,,,
ereignis,ereignis,NOUN,406,,,
is,is,X,406,,,
hervortreten,hervortreten,VERB,405,,,
tüchtig,tüchtig,ADV,405,positive Bewertung,,
hüten,hüten,VERB,405,,,
anzahl,anzahl,NOUN,404,,,
verständniß,verständniß,NOUN,403,,,
größe,größe,NOUN,402,Beschreibung,positive Bewertung,
worauf,worauf,SCONJ,402,,,
beurteilung,beurteilung,NOUN,402,,,
tertia,tertia,PROPN,402,Schule,,
deuten,deuten,VERB,401,Praktik ,,
rücken,rücken,VERB,401,,,
resultat,resultat,NOUN,401,,,
vorbereiten,vorbereiten,VERB,400,,,
vermeiden,vermeiden,VERB,400,,,
furchtbar,furchtbar,ADV,399,negative Bewertung,,
hervorgehen,hervorgehen,VERB,399,,,
versuch,versuch,NOUN,399,,,
fähigkeit,fähigkeit,NOUN,399,,,
anleitung,anleitung,NOUN,399,Praktik,,
ludwig,ludwig,PROPN,398,Person,,
erwecken,erwecken,VERB,398,,,
stürzen,stürzen,VERB,398,,,
gebären,gebären,VERB,397,,,
dergleichen,dergleichen,PRON,397,,,
luft,luft,NOUN,397,,,
stehend,stehend,ADV,397,,,
widmen,widmen,VERB,395,,,
waffe,waffe,NOUN,395,Welt,,
veranlassen,veranlassen,VERB,395,,,
ergeben,ergeben,VERB,395,,,
sprachunterricht,sprachunterricht,NOUN,394,Schule,,
antworten,antworten,NOUN,394,,,
tragisch,tragisch,ADV,394,Beschreibung,Poetologie,Gattung
heiter,heiter,PROPN,392,,,
äußerlich,äußerlich,ADV,392,,,
schlacht,schlacht,NOUN,391,Welt,,
verhältniß,verhältniß,NOUN,390,,,
preis,preis,NOUN,390,,,
rhetorisch,rhetorisch,ADV,390,Beschreibung,Poetologie,
kriemhild,kriemhild,NOUN,390,Person,Literatur,
formal,formal,ADV,388,Beschreibung,Poetologie,
lieblich,lieblich,ADV,387,,,
heutig,heutig,ADV,387,,,
süß,süß,ADV,386,,,
wiedergeben,wiedergeben,VERB,386,,,
stern,stern,PROPN,385,Welt,,
häuslich,häuslich,ADV,385,Haus,,
freuen,freün,NOUN,383,,,
individuell,individüll,NOUN,383,,,
nathan,nathan,PROPN,383,Person,Literatur,
darbieten,darbieten,VERB,382,,,
schrecken,schrecken,VERB,382,,,
begegnen,begegnen,VERB,382,,,
belehrung,belehrung,NOUN,382,Praktik,Wissen,
irdisch,irdisch,ADV,381,Säkular,,
poetik,pötik,NOUN,381,Poetologie,,
weiblich,weiblich,ADV,378,Gender,Fem,
sehnsucht,sehnsucht,NOUN,378,Bewertung,,
abtheilung,abtheilung,NOUN,378,,,
verderben,verderben,VERB,377,,,
franzose,franzose,NOUN,377,Nation,Typ,
philosophie,philosophie,NOUN,377,Idealismus,,
reißen,reißen,VERB,376,,,
besitz,besitz,NOUN,376,,,
cäsar,cäsar,PROPN,376,Person,Literatur,Historisch 
gliedern,gliedern,VERB,375,,,
tier,tier,NOUN,375,Tier,Alterität,Anthropologie
ausgehen,ausgehen,VERB,374,,,
gemüt,gemüt,NOUN,374,Emotion ,,
beweis,beweis,NOUN,373,,,
shakespeare,shakespeare,PROPN,373,Person,Schriftsteller,
feiern,feiern,VERB,372,,,
drängen,drängen,VERB,372,,,
theorie,theorie,NOUN,372,Wissenschaft ,,
vertreten,vertreten,VERB,372,,,
bildend,bildend,ADV,371,Pädagogik,,
künstlerisch,künstlerisch,ADV,371,Beschreibung,Ästhetik,
vorlesen,vorlesen,VERB,371,Praktik,Lesen,
rhetorik,rhetorik,ADV,371,Rhetorik,,
mitte,mitte,NOUN,370,,,
hälfte,hälfte,NOUN,370,,,
weinen,weinen,VERB,369,,,
vorschlag,vorschlag,NOUN,369,,,
gesellschaft,gesellschaft,NOUN,369,Welt,,
widerspruch,widerspruch,NOUN,368,,,
eingehen,eingehen,VERB,368,,,
erzeugen,erzeugen,VERB,367,,,
steigern,steigern,VERB,367,,,
gehalt,gehalt,NOUN,367,,,
rechtfertigen,rechtfertigen,VERB,366,,,
streit,streit,NOUN,366,Agonalität,,
ordnen,ordnen,VERB,365,,,
schlafen,schlafen,VERB,365,,,
sicherheit,sicherheit,NOUN,365,,,
wichtigkeit,wichtigkeit,NOUN,365,,,
spruch,spruch,NOUN,365,,,
begebenheit,begebenheit,NOUN,364,,,
verschwinden,verschwinden,VERB,364,,,
trinken,trinken,VERB,364,,,
vermitteln,vermitteln,VERB,364,,,
berühren,berühren,VERB,363,,,
nützlich,nützlich,ADV,363,,,
reimen,reimen,VERB,362,Poetologie,,
berücksichtigen,berücksichtigen,VERB,362,,,
gestatten,gestatten,VERB,361,,,
wunder,wunder,NOUN,361,Theologie,,
sammeln,sammeln,VERB,361,,,
leise,leise,ADV,359,Tiefe,Metapher,
fesseln,fesseln,VERB,359,,,
schlimm,schlimm,ADV,359,,,
jäger,jäger,NOUN,358,,,
rückert,rückert,VERB,358,Person,Schriftsteller,
hauptsächlich,hauptsächlich,ADV,357,,,
winter,winter,PROPN,357,Zeit,,
stilistisch,stilistisch,ADV,357,Beschreibung,Sprache,Ästhetik
reflexion,reflexion,NOUN,356,Idealismus,,
verleihen,verleihen,VERB,356,,,
erwachen,erwachen,VERB,355,,,
ringen,ringen,VERB,355,,,
selbständig,selbständig,ADV,355,,,
traurig,traurig,ADV,353,Emotion ,,
unglücklich,unglücklich,ADV,353,Emotion ,,
lösung,lösung,NOUN,353,,,
andre,andre,ADV,352,,,
anfangs,anfangs,ADV,352,,,
gemäß,gemäß,ADV,352,Bewertung,,
ausschließen,ausschließen,VERB,352,,,
graben,graben,VERB,351,,,
rache,rache,NOUN,351,,,
bereiten,bereiten,VERB,351,,,
preisen,preisen,VERB,351,,,
aufnahme,aufnahme,NOUN,351,,,
rhein,rhein,PROPN,350,Welt,,
geistlich,geistlich,ADV,350,Theologie,,
herrschaft,herrschaft,NOUN,350,,,
einführung,einführung,NOUN,349,,,
wirksam,wirksam,ADV,349,,,
walten,walten,VERB,349,,,
überzeugung,überzeugung,NOUN,349,,,
gemein,gemein,ADV,348,,,
verständlich,verständlich,ADV,348,positive Bewertung,,
glocke,glocke,NOUN,348,Literatur ,,
vaterländisch,vaterländisch,NOUN,347,Nation,Patriotisch ,
unternehmen,unternehmen,NOUN,347,,,
feuer,feür,PROPN,347,,,
männlich,männlich,ADV,347,Gender,Mask,
englisch,englisch,ADV,346,Sprache,Nation,
lesestücken,lesestücken,NOUN,346,Lehrmedien,Lesen,
neigen,neigen,VERB,345,,,
anerkennen,anerkennen,VERB,345,,,
strom,strom,NOUN,344,,,
fuchs,fuchs,PROPN,344,,,
liegend,liegend,ADV,343,,,
unbekannt,unbekannt,ADV,343,,,
billig,billig,ADV,342,,,
ausnahme,ausnahme,NOUN,342,,,
übersetzen,übersetzen,VERB,342,,,
schenken,schenken,VERB,341,,,
spitz,spitz,ADV,341,,,
bedingung,bedingung,NOUN,339,,,
begleiten,begleiten,VERB,339,,,
objektiv,objektiv,ADV,339,positive Bewertung,Wissen,
entbehren,entbehren,VERB,339,,,
übersicht,übersicht,NOUN,338,,,
bescheiden,bescheiden,ADV,338,,,
segen,segen,NOUN,337,positive Bewertung,Höhe,
anlage,anlage,NOUN,337,,,
sanft,sanft,ADV,337,,,
überzeugen,überzeugen,VERB,337,,,
vereinigen,vereinigen,VERB,337,,,
gerecht,gerecht,ADV,336,,,
anführen,anführen,VERB,335,,,
verschiedenheit,verschiedenheit,NOUN,335,,,
merken,merken,VERB,335,,,
charakteristisch,charakteristisch,ADV,335,,,
hinzu,hinzu,ADV,334,,,
erweisen,erweisen,VERB,334,,,
springen,springen,VERB,334,,,
anregen,anregen,VERB,334,,,
umgekehrt,umgekehrt,ADV,334,,,
umfang,umfang,NOUN,334,,,
bau,bau,NOUN,333,,,
vortrefflich,vortrefflich,ADV,333,,,
behauptung,behauptung,NOUN,333,,,
romantisch,romantisch,ADV,332,Beschreibung,Poetologie,
freundschaft,freundschaft,NOUN,332,,,
wiederholung,wiederholung,NOUN,332,Praktik,Methode ,
enden,enden,VERB,331,,,
thier,thier,PROPN,331,,,
fassung,fassung,NOUN,331,,,
veranlassung,veranlassung,NOUN,331,,,
bauer,baür,ADV,331,Welt,,
altdeutsch,altdeutsch,ADV,330,Beschreibung,Poetologie,Sprache 
gedenken,gedenken,VERB,329,,,
anforderung,anforderung,NOUN,329,,,
entnehmen,entnehmen,VERB,328,,,
schwarz,schwarz,ADV,328,Farbe,,
berufen,berufen,VERB,327,,,
ehren,ehren,VERB,326,,,
leipzig,leipzig,PROPN,326,Ort,,
sorgfältig,sorgfältig,ADV,326,positive Bewertung,,
römer,römer,PROPN,326,Typ,Historisch,Klassik
hauptsache,hauptsache,ADV,326,,,
theoretisch,theoretisch,ADV,326,Wissenschaft,,
as,as,X,326,,,
fröhlich,fröhlich,ADV,325,,,
vorreden,vorreden,VERB,325,,,
don,don,X,324,,,
fügen,fügen,VERB,324,,,
gewöhnen,gewöhnen,VERB,323,,,
golden,golden,ADV,323,,,
gestaltung,gestaltung,NOUN,322,,,
schild,schild,NOUN,322,,,
gegend,gegend,ADV,322,,,
erfreuen,erfreün,PROPN,321,,,
weisheit,weisheit,NOUN,321,positive Bewertung,Höhe,
greis,greis,VERB,321,Zeit,Alterität,
vornehmen,vornehmen,VERB,321,,,
leistung,leistung,NOUN,321,,,
schöpfung,schöpfung,NOUN,320,Theologie,,
gewinn,gewinn,NOUN,320,,,
grenze,grenze,NOUN,320,,,
verscheiden,verscheiden,VERB,319,,,
vogel,vogel,PROPN,319,Welt,,
andeutung,andeutung,NOUN,318,,,
dicht,dicht,ADV,318,,,
streichen,streichen,VERB,318,,,
wechsel,wechsel,PROPN,318,,,
erlangen,erlangen,VERB,318,,,
verweisen,verweisen,VERB,317,,,
kalt,kalt,ADV,316,Emotion ,,
vergangenheit,vergangenheit,NOUN,316,Zeit,,
fluch,fluch,NOUN,316,,,
betreiben,betreiben,VERB,315,,,
blatt,blatt,NOUN,315,,,
lehrbuch,lehrbuch,NOUN,315,Lehrmedien,,
didaktisch,didaktisch,ADV,315,Pädagogik,Didaktik,
zeugen,zeugen,VERB,315,,,
geltend,geltend,ADV,315,,,
silbe,silbe,DET,315,,,
ursache,ursache,NOUN,314,,,
hervorbringen,hervorbringen,VERB,314,,,
anerkennung,anerkennung,NOUN,314,,,
abteilung,abteilung,NOUN,314,Unterteilung ,Poetologie,
kindlich,kindlich,ADV,313,,,
tendenz,tendenz,NOUN,313,,,
wurzel,wurzel,NOUN,313,Tiefe,,
welch,welch,ADV,313,,,
lehranstalt,lehranstalt,NOUN,313,,,
ergieben,ergieben,NOUN,313,,,
robinson,robinson,PROPN,313,Person,Literatur,
bereit,bereit,ADV,312,,,
lachen,lachen,VERB,312,,,
scenen,scenen,NOUN,312,Unterteilung ,Poetologie,
opfer,opfer,NOUN,312,Disziplin,,
psychologisch,psychologisch,ADV,311,Wissenschaft,,
logik,logik,NOUN,311,Logik,,
schulmann,schulmann,PROPN,311,Typ,Schule,Gender
anschließen,anschließen,VERB,310,,,
dichtkunst,dichtkunst,PROPN,310,Ästhetik,Poetologie,
methodisch,methodisch,ADV,310,Methode,,
urteilen,urteilen,VERB,310,,,
gebot,gebot,NOUN,309,,,
dietrich,dietrich,PROPN,309,Literatur ,Person,
nibelunge,nibelunge,ADJ,308,Literatur ,Person ,
sichern,sichern,VERB,308,,,
gegner,gegner,NOUN,308,Agonalität,,
überschrift,überschrift,NOUN,308,,,
treffend,treffend,ADV,307,,,
übergang,übergang,NOUN,307,,,
wiegen,wiegen,VERB,307,,,
zugeben,zugeben,VERB,307,,,
gefangen,gefangen,VERB,306,Narrativ ,,
mundart,mundart,X,305,Sprache ,,
kritisch,kritisch,ADV,305,,,
angenehm,angenehm,ADV,305,,,
erweitern,erweitern,VERB,304,,,
gast,gast,NOUN,304,Haus ,,
schöpfen,schöpfen,VERB,303,,,
zorn,zorn,NOUN,303,Emotion ,,
herab,herab,ADV,303,,,
drücken,drücken,VERB,303,,,
beruf,beruf,NOUN,303,Welt,,
körper,körper,NOUN,303,Welt ,,
heimat,heimat,NOUN,303,Nation,Patriotisch,
hebel,hebel,NOUN,303,Person,Schriftsteller,
fruchtbar,fruchtbar,ADV,303,,,
pflanzen,pflanzen,NOUN,302,,,
löwe,löwe,PROPN,302,,,
empor,empor,ADV,301,,,
zeitschrift,zeitschrift,NOUN,301,,,
gewand,gewand,ADV,301,,,
untergang,untergang,NOUN,300,,,
gelegentlich,gelegentlich,ADV,300,,,
gedächtnis,gedächtnis,NOUN,299,Idealismus,,
erforderlich,erforderlich,ADV,299,,,
schatten,schatten,NOUN,298,,,
günstig,günstig,ADV,298,,,
wertvoll,wertvoll,ADV,298,positive Bewertung,Höhe,
ne,ne,NOUN,298,,,
bekanntschaft,bekanntschaft,NOUN,298,,,
programm,programm,NOUN,298,Unterteilung ,,
einnehmen,einnehmen,VERB,298,,,
beachten,beachten,VERB,297,,,
ring,ring,PROPN,297,,,
versprechen,versprechen,VERB,297,,,
klage,klage,NOUN,297,,,
dasein,dasein,NOUN,296,,,
angehören,angehören,VERB,296,,,
original,original,NOUN,296,,,
lat,lat,X,296,,,
rufen,rufen,VERB,295,,,
mittheilung,mittheilung,NOUN,294,,,
praxis,praxis,NOUN,294,Praktik,,
wiederholen,wiederholen,VERB,293,,,
fleiß,fleiß,NOUN,292,positive Bewertung,Disziplin,
auszug,auszug,NOUN,292,,,
bedingt,bedingt,ADV,292,,,
beurteilen,beurteilen,VERB,291,,,
ahnung,ahnung,NOUN,291,,,
hund,hund,NOUN,291,,,
kürze,kürze,NOUN,291,,,
interessant,interessant,ADV,291,,,
erkenntnis,erkenntnis,NOUN,291,Idealismus,,
aufstellen,aufstellen,VERB,290,,,
schlegel,schlegel,NOUN,290,Person,Schriftsteller,
umstehen,umstehen,VERB,290,,,
möglichkeit,möglichkeit,NOUN,290,,,
aussicht,aussicht,NOUN,290,,,
roland,roland,PROPN,290,Person,Literatur,Historisch 
christ,christ,PROPN,289,Person,Historisch,Beschreibung 
berechtigt,berechtigt,VERB,289,,,
indes,indes,ADV,289,,,
schutz,schutz,NOUN,288,,,
einrichtung,einrichtung,NOUN,288,,,
lyrik,lyrik,NOUN,288,Gattung ,Lyrik,Poetologie
lesebücher,lesebücher,NOUN,288,Lesen,Lehrmedien,
lichen,lichen,ADJ,288,,,
erziehen,erziehen,VERB,287,,,
ankommen,ankommen,VERB,287,,,
bürgerschule,bürgerschule,X,286,Schule ,,
bisherig,bisherig,ADV,286,,,
loben,loben,VERB,286,,,
musik,musik,NOUN,286,,,
knapp,knapp,ADV,286,,,
tagen,tagen,NOUN,285,,,
übersehen,übersehen,VERB,285,,,
diener,diener,NOUN,285,,,
gliederung,gliederung,NOUN,285,,,
verfallen,verfallen,VERB,285,,,
überwinden,überwinden,VERB,285,,,
zusammenhängend,zusammenhängend,ADV,284,,,
anblick,anblick,PROPN,284,Ästhetik,Sinnlich,
masse,masse,NOUN,284,,,
passen,passen,VERB,284,,,
situation,situation,NOUN,284,,,
systematisch,systematisch,ADV,284,Wissen,Unterteilung ,
preußisch,preußisch,ADV,284,Nation,Deutsch,
metrisch,metrisch,ADV,283,Beschreibung,Poetologie,
rettung,rettung,NOUN,283,,,
reizen,reizen,VERB,283,,,
binden,binden,VERB,283,,,
lehrplan,lehrplan,NOUN,283,Schule,Unterteilung,
stoßen,stoßen,VERB,282,,,
motiv,motiv,NOUN,282,Poetologie,,
einsam,einsam,ADV,281,,,
knecht,knecht,NOUN,281,,,
gesicht,gesicht,NOUN,281,,,
beobachten,beobachten,VERB,281,,,
durchdringen,durchdringen,VERB,281,,,
flucht,flucht,NOUN,281,,,
rhythmus,rhythmus,NOUN,281,Poetologie,,
umfassend,umfassend,ADV,281,,,
aufzug,aufzug,NOUN,281,Poetologie,,
romanze,romanze,NOUN,280,Prosa,Gattung ,Lyrik 
vortheil,vortheil,NOUN,280,,,
erhöhen,erhöhen,VERB,280,,,
schützen,schützen,VERB,280,,,
hiecke,hiecke,NOUN,280,Person,Didaktik ,
warten,warten,VERB,279,,,
befreien,befreien,VERB,279,,,
sinken,sinken,VERB,278,,,
verständigen,verständigen,VERB,277,,,
erblicken,erblicken,VERB,277,,,
entziehen,entziehen,VERB,277,,,
sommer,sommer,NOUN,277,Zeit ,,
zeugnis,zeugnis,NOUN,277,,,
schatz,schatz,NOUN,276,,,
strahlen,strahlen,VERB,276,,,
roman,roman,PROPN,276,Poetologie,Gattung,
mittelalter,mittelalter,NOUN,276,Mediävistik ,,
bezeichnend,bezeichnend,ADV,276,,,
kriegen,kriegen,VERB,275,,,
traum,traum,NOUN,275,Welt ,Phantasie,
wind,wind,NOUN,275,,,
nachahmung,nachahmung,NOUN,275,,,
untersuchung,untersuchung,NOUN,274,,,
elend,elend,ADV,274,,,
vernunft,vernunft,NOUN,274,Idealismus,,
beobachtung,beobachtung,NOUN,274,,,
verbergen,verbergen,VERB,273,,,
berücksichtigung,berücksichtigung,NOUN,273,,,
betonen,betonen,VERB,273,,,
reiten,reiten,VERB,272,,,
pfarrer,pfarrer,NOUN,272,Theologie,Typ ,
ahnen,ahnen,VERB,272,,,
lager,lager,NOUN,272,,,
eigentum,eigentum,NOUN,272,,,
metrik,metrik,NOUN,272,Poetologie,Lyrik,
stützen,stützen,VERB,272,,,
bemühen,bemühen,VERB,271,,,
buchstabe,buchstabe,NOUN,271,Sprache ,,
johanna,johanna,PROPN,271,Person,Literatur,Historisch 
erden,erden,AUX,270,,,
feierlich,feierlich,ADV,270,,,
versehen,versehen,VERB,270,,,
redner,redner,NOUN,270,,,
system,system,NOUN,270,,,
max,max,PROPN,270,Person,Schriftsteller,
hintergrund,hintergrund,NOUN,269,,,
verschaffen,verschaffen,VERB,269,,,
verbreiten,verbreiten,VERB,269,,,
bewirken,bewirken,VERB,269,,,
träumen,träumen,VERB,269,,,
essen,essen,VERB,268,,,
artikel,artikel,NOUN,268,,,
eigenthümlichkeit,eigenthümlichkeit,NOUN,267,,,
kunde,kunde,NOUN,267,,,
prüfen,prüfen,VERB,267,Praktik,Schule ,
bedienen,bedienen,VERB,267,,,
rühmen,rühmen,VERB,267,,,
wider,wider,ADP,267,Negation,,
ausbilden,ausbilden,VERB,266,,,
umgebung,umgebung,NOUN,266,,,
fluß,fluß,NOUN,266,,,
bedürfniß,bedürfniß,NOUN,266,,,
wünschenswert,wünschenswert,ADV,266,,,
begnügen,begnügen,VERB,265,,,
beleben,beleben,VERB,265,Welt,,
achtung,achtung,NOUN,265,,,
wolke,wolke,NOUN,265,,,
druck,druck,NOUN,265,,,
gesammt,gesammt,VERB,265,,,
anregung,anregung,NOUN,264,,,
soldat,soldat,NOUN,264,,,
aufsuchen,aufsuchen,VERB,263,,,
stamm,stamm,NOUN,263,Sprache,Geschichte ,
beschreiben,beschreiben,VERB,263,Praktik,,
erfordern,erfordern,VERB,263,,,
bedenklich,bedenklich,ADV,263,,,
bauen,baün,PROPN,263,,,
berühmt,berühmt,ADV,263,,,
vergnügen,vergnügen,NOUN,263,,,
jetzig,jetzig,ADV,263,,,
vorhergehend,vorhergehend,ADV,262,,,
wahrscheinlich,wahrscheinlich,ADV,262,,,
talent,talent,NOUN,262,,,
bös,bös,ADV,262,,,
hebung,hebung,NOUN,262,,,
figur,figur,NOUN,261,,,
geschäft,geschäft,NOUN,261,Welt ,,
schießen,schießen,VERB,261,,,
erkenntniß,erkenntniß,NOUN,261,,,
nachdenken,nachdenken,VERB,261,,,
elisabeth,elisabeth,PROPN,261,,,
germanisch,germanisch,ADV,260,Nation ,,
re,re,X,260,,,
lebend,lebend,ADV,260,,,
eindringen,eindringen,VERB,260,Agonalität,,
königlich,königlich,ADV,260,,,
zeitalter,zeitalter,NOUN,259,,,
genügend,genügend,ADV,259,,,
ausschließlich,ausschließlich,ADV,259,,,
orthographie,orthographie,NOUN,259,Sprache ,,
aristoteles,aristoteles,PROPN,259,Person,Schriftsteller,
blau,blau,ADV,258,,,
nahrung,nahrung,NOUN,258,,,
anlegen,anlegen,VERB,258,,,
zweigen,zweigen,VERB,257,,,
hervorrufen,hervorrufen,VERB,257,,,
haß,haß,X,257,,,
überflüssig,überflüssig,ADV,256,,,
äußer,äußer,PROPN,256,,,
ergreifend,ergreifend,ADV,256,,,
beispielen,beispielen,NOUN,256,,,
täglich,täglich,ADV,256,,,
abend,abend,ADV,255,,,
gottheit,gottheit,NOUN,255,Theologie,,
welle,welle,NOUN,254,,,
fortwährend,fortwährend,ADV,254,,,
semester,semester,NOUN,254,,,
preußen,preußen,NOUN,253,,,
ethisch,ethisch,ADV,253,Moral ,,
trüb,trüb,ADV,253,,,
geltung,geltung,NOUN,253,,,
befriedigen,befriedigen,VERB,251,,,
rolle,rolle,NOUN,251,,,
steigerung,steigerung,NOUN,251,,,
verwandeln,verwandeln,VERB,251,,,
siegen,siegen,VERB,251,,,
rühren,rühren,VERB,251,,,
pädagogik,pädagogik,NOUN,251,Pädagogik,,
wandeln,wandeln,VERB,250,,,
hierin,hierin,ADV,250,,,
schillersch,schillersch,ADV,250,Beschreibung,Poetologie,Person 
ursprung,ursprung,NOUN,249,,,
locken,locken,VERB,249,,,
zauber,zauber,NOUN,249,,,
voraussetzung,voraussetzung,NOUN,249,,,
tadeln,tadeln,VERB,248,,,
vermissen,vermissen,VERB,248,,,
lenken,lenken,VERB,248,,,
gemälde,gemälde,NOUN,247,,,
parzival,parzival,NOUN,247,Person,Literatur,
gesellen,gesellen,VERB,247,,,
antonio,antonio,PROPN,247,Person,,
eingang,eingang,NOUN,246,,,
nachricht,nachricht,NOUN,246,,,
messina,messina,PROPN,246,Ort,,
müller,müller,PROPN,245,Person,Schriftsteller,Narrativ
bibel,bibel,NOUN,245,Theologie,,
öffnen,öffnen,VERB,245,,,
fünft,fünft,ADV,244,,,
schauspiel,schauspiel,NOUN,244,,,
gunst,gunst,NOUN,244,,,
erläutern,erläutern,VERB,244,,,
stammen,stammen,VERB,244,,,
streiten,streiten,VERB,244,,,
willkommen,willkommen,ADV,244,,,
vorbild,vorbild,NOUN,243,,,
senden,senden,VERB,243,,,
blind,blind,ADV,243,,,
zufällig,zufällig,ADV,243,,,
liebend,liebend,ADV,242,,,
ersetzen,ersetzen,VERB,242,,,
erfassen,erfassen,VERB,242,,,
entwerfen,entwerfen,VERB,242,,,
bericht,bericht,NOUN,242,,,
fähig,fähig,ADV,242,,,
begeben,begeben,VERB,242,,,
krone,krone,NOUN,242,,,
sachlich,sachlich,ADV,242,,,
eifer,eifer,NOUN,241,,,
tätig,tätig,ADV,241,,,
theilnahmen,theilnahmen,NOUN,241,,,
außerordentlich,außerordentlich,ADV,241,,,
verlauf,verlauf,NOUN,241,,,
werten,werten,VERB,241,,,
niedrig,niedrig,ADV,241,,,
halt,halt,ADV,241,,,
engel,engel,PROPN,241,Typ,Theologie,
zerfallen,zerfallen,VERB,241,,,
ändern,ändern,VERB,241,,,
kleist,kleist,PROPN,241,Person,Schriftsteller,
hervorragend,hervorragend,ADV,241,,,
veränderung,veränderung,NOUN,240,,,
gruppe,gruppe,NOUN,240,,,
beherrschen,beherrschen,VERB,240,,,
vergleich,vergleich,NOUN,240,Methode,Praktik,
disziplin,disziplin,NOUN,240,,,
prinzessin,prinzessin,NOUN,240,Typ,Gender,Fem 
körner,körner,NOUN,240,Person,Schriftsteller ,
felsen,felsen,PROPN,239,,,
beschränkung,beschränkung,NOUN,239,,,
hildebrand,hildebrand,NOUN,239,Person,Literatur,
übertragen,übertragen,VERB,239,,,
herzlich,herzlich,ADV,239,,,
heftig,heftig,ADV,239,,,
mitleid,mitleid,NOUN,239,,,
fließen,fließen,VERB,238,,,
riese,riese,NOUN,238,,,
bedeutsam,bedeutsam,ADV,238,,,
heimath,heimath,PROPN,238,Patriotisch ,Welt ,
sünde,sünde,NOUN,238,,,
mittelalt,mittelalt,NOUN,237,,,
warnen,warnen,VERB,237,,,
üblich,üblich,ADV,237,,,
gellern,gellern,AUX,236,Person,Schriftsteller,
speisen,speisen,VERB,236,,,
anstrengung,anstrengung,NOUN,236,,,
dankbar,dankbar,ADV,236,,,
dasjenig,dasjenig,NOUN,236,,,
philipp,philipp,PROPN,236,Person,,
entspringen,entspringen,VERB,235,,,
weihen,weihen,VERB,235,,,
winken,winken,VERB,235,,,
göttin,göttin,NOUN,235,Theologie ,,
nähe,nähe,NOUN,235,,,
andrerseits,andrerseits,ADV,235,,,
selbstverständlich,selbstverständlich,ADV,235,,,
schreiten,schreiten,VERB,234,,,
spannung,spannung,NOUN,234,,,
auffallend,auffallend,ADV,234,,,
zählen,zählen,VERB,234,,,
quarta,quarta,PROPN,234,Schule,,
zuschauer,zuschaür,ADV,234,,,
erzeugnis,erzeugnis,PROPN,233,,,
hingeben,hingeben,VERB,233,,,
bitter,bitter,ADV,233,,,
werner,werner,PROPN,233,Person,,
handbuch,handbuch,NOUN,232,Wissen,Lehrmedien,
beliebt,beliebt,ADV,232,,,
gattin,gattin,NOUN,232,Gender,Fem,
bestimmtheit,bestimmtheit,NOUN,232,,,
äußerung,äußerung,NOUN,232,,,
cicero,cicero,PROPN,232,Person,Schriftsteller,Klassik
minne,minne,NOUN,231,,,
decken,decken,VERB,231,,,
schweben,schweben,VERB,231,,,
leidenschaftlich,leidenschaftlich,ADV,231,,,
erleben,erleben,VERB,231,Welt,,
ent,ent,X,231,,,
krank,krank,ADV,231,negative Bewertung,,
patriotisch,patriotisch,ADV,231,Nation,Patriotisch,
eigentümlich,eigentümlich,ADV,231,,,
schrecklich,schrecklich,ADV,230,,,
erfüllung,erfüllung,NOUN,230,,,
kosten,kosten,VERB,230,,,
stattfinden,stattfinden,VERB,230,,,
himmlisch,himmlisch,ADV,229,Höhe,Beschreibung ,Theologie
stören,stören,VERB,229,,,
schwingen,schwingen,VERB,229,,,
lauten,lauten,VERB,229,,,
lügen,lügen,VERB,229,,,
hochdeutsch,hochdeutsch,ADV,229,Beschreibung,Poetologie,Sprache
ritterlich,ritterlich,ADV,228,positive Bewertung,Höhe,
tönen,tönen,VERB,228,,,
leuchten,leuchten,VERB,228,,,
biegen,biegen,VERB,228,,,
vollziehen,vollziehen,VERB,228,,,
malen,malen,VERB,227,,,
stecken,stecken,VERB,227,,,
mathematik,mathematik,NOUN,227,,,
egmont,egmont,PROPN,226,Person,Literatur,
verwerfen,verwerfen,VERB,226,,,
bessern,bessern,VERB,226,,,
speciell,speciell,ADV,226,,,
anstellen,anstellen,VERB,226,,,
erfolgen,erfolgen,VERB,226,,,
großartig,großartig,ADV,225,,,
nähern,nähern,VERB,225,,,
strafe,strafe,NOUN,225,,,
verkünden,verkünden,VERB,225,,,
verdanken,verdanken,VERB,225,,,
mittelpunkt,mittelpunkt,NOUN,225,,,
reihen,reihen,VERB,224,,,
handelnd,handelnd,ADV,224,,,
privatlektüren,privatlektüren,VERB,224,Praxis,Schule ,
positiv,positiv,ADV,224,,,
laokoon,laokoon,X,224,Person,Literatur,
benutzung,benutzung,NOUN,223,,,
sachs,sachs,PROPN,223,Person,schriftsteller ,
reiter,reiter,NOUN,223,,,
herstellen,herstellen,VERB,223,,,
dringend,dringend,ADV,223,,,
hierher,hierher,ADV,222,,,
verweilen,verweilen,VERB,222,,,
zerstören,zerstören,VERB,222,,,
zuwenden,zuwenden,VERB,222,,,
füllen,füllen,VERB,222,,,
gras,gras,NOUN,222,,,
zusammenstellen,zusammenstellen,VERB,222,,,
denkmal,denkmal,NOUN,221,,,
wüst,wüst,ADV,221,,,
absichtlich,absichtlich,ADV,221,,,
holen,holen,VERB,221,,,
italien,italien,PROPN,221,Nation,,
teufel,teufel,PROPN,221,Theologie,Typ,
befriedigung,befriedigung,NOUN,220,positive Bewertung ,,
zugänglich,zugänglich,ADV,220,,,
vollendung,vollendung,NOUN,220,positive Bewertung,Höhe,
ästhetik,ästhetik,NOUN,220,Ästhetik ,,
gegenseitig,gegenseitig,ADV,220,,,
partie,partie,NOUN,220,,,
zusammenstellung,zusammenstellung,NOUN,219,,,
gefährlich,gefährlich,ADV,219,,,
rauben,rauben,VERB,219,,,
sichtbar,sichtbar,ADV,219,,,
selbstständig,selbstständig,ADV,219,,,
künstler,künstler,NOUN,219,Ästhetik,Typ ,
notiz,notiz,NOUN,219,,,
erlernen,erlernen,VERB,219,,,
sin,sin,NOUN,219,,,
schmücken,schmücken,VERB,218,,,
unterliegen,unterliegen,VERB,218,,,
mannigfaltig,mannigfaltig,ADV,218,,,
begeistert,begeistert,ADV,217,,,
abschied,abschied,NOUN,217,,,
hierzu,hierzu,ADV,217,,,
drucken,drucken,VERB,217,,,
latein,latein,PROPN,217,Sprache,Klassik ,
garten,garten,NOUN,216,,,
moral,moral,X,216,Moral ,,
entdecken,entdecken,VERB,216,,,
führer,führer,NOUN,216,,,
gnade,gnade,NOUN,216,,,
betonung,betonung,NOUN,216,,,
quinta,quinta,NOUN,216,Schule ,,
wieland,wieland,PROPN,215,,,
zurücckehren,zurücckehren,VERB,215,,,
weilen,weilen,VERB,215,,,
trauen,traün,VERB,215,,,
hierauf,hierauf,ADV,215,,,
gleim,gleim,NOUN,215,Person,Schriftsteller,
entgehen,entgehen,VERB,214,,,
trost,trost,NOUN,214,,,
schmerzlich,schmerzlich,ADV,214,,,
gleichfalls,gleichfalls,ADV,214,,,
england,england,PROPN,214,Nation,,
bühne,bühne,NOUN,214,,,
mechanisch,mechanisch,ADV,214,,,
götz,götz,PROPN,214,Person,Literatur,
gerne,gerne,ADV,213,,,
rücckehr,rücckehr,NOUN,213,,,
nunmehr,nunmehr,ADV,213,,,
straße,straße,NOUN,213,,,
sinnig,sinnig,ADV,213,,,
primaner,primaner,NOUN,213,Schule,,
geographisch,geographisch,ADV,213,,,
apotheker,apotheker,NOUN,212,Typ,,
unterwerfen,unterwerfen,VERB,212,,,
drohen,drohen,VERB,212,,,
besuchen,besuchen,VERB,212,,,
eitel,eitel,ADV,212,,,
schrank,schrank,NOUN,212,,,
heft,heft,NOUN,211,,,
wirksamkeit,wirksamkeit,NOUN,211,,,
kreisen,kreisen,VERB,211,,,
wechseln,wechseln,VERB,211,,,
stumm,stumm,ADV,211,,,
vernünftig,vernünftig,ADV,211,,,
redensart,redensart,VERB,211,Poetologie,,
günther,günther,PROPN,210,Person,Didaktik,
verkennen,verkennen,VERB,210,,,
rauschen,rauschen,VERB,210,Narrativ,,
einprägen,einprägen,VERB,209,,,
verlust,verlust,NOUN,209,,,
befehlen,befehlen,VERB,209,,,
entstehung,entstehung,NOUN,209,,,
erwachsen,erwachsen,ADV,209,,,
sorgfalt,sorgfalt,NOUN,209,,,
humor,humor,NOUN,209,,,
heuen,heün,PROPN,209,,,
teutsch,teutsch,ADV,208,Nation ,,
ausgesprochen,ausgesprochen,VERB,208,,,
verkehren,verkehren,VERB,208,,,
hilfe,hilfe,NOUN,208,,,
lesebüchern,lesebüchern,NOUN,208,Lesen,Lehrmedien,
beitrag,beitrag,NOUN,207,,,
heran,heran,ADV,207,,,
geographie,geographie,NOUN,207,Wissenschaft ,,
untern,untern,VERB,207,,,
unterhaltung,unterhaltung,NOUN,207,,,
eberhard,eberhard,PROPN,207,Person,,
geßler,geßler,PROPN,207,Person,,
gericht,gericht,NOUN,206,,,
linie,linie,NOUN,206,,,
andenken,andenken,VERB,206,,,
entlehnen,entlehnen,VERB,206,,,
gedeihen,gedeihen,VERB,206,,,
nähren,nähren,VERB,206,,,
vornherein,vornherein,ADV,206,,,
gottsched,gottsched,PROPN,205,Person,Schriftsteller,
fliehen,fliehen,VERB,205,,,
sachsen,sachsen,PROPN,205,Nation,Deutsch,
hinzufügen,hinzufügen,VERB,205,,,
gewonnen,gewonnen,VERB,205,,,
abstract,abstract,PROPN,205,,,
gunther,gunther,ADJ,205,Mediävistik ,,
individualität,individualität,NOUN,204,,,
erzielen,erzielen,VERB,204,,,
mehrzahl,mehrzahl,NOUN,204,,,
ausspruch,ausspruch,NOUN,204,,,
geraten,geraten,VERB,204,,,
burgund,burgund,PROPN,204,,,
verstand,verstand,VERB,203,,,
zufrieden,zufrieden,ADV,203,,,
blutig,blutig,ADV,203,,,
nebst,nebst,ADP,203,,,
la,la,X,203,,,
verknüpfen,verknüpfen,VERB,203,,,
vergebens,vergebens,ADV,202,,,
korrektur,korrektur,NOUN,202,Praktik ,Schule,
brauchbar,brauchbar,ADV,202,,,
fenster,fenster,NOUN,202,,,
neuhochdeutsch,neuhochdeutsch,ADV,202,Beschreibung,Poetologie,Sprache 
insel,insel,NOUN,202,,,
bibliothek,bibliothek,NOUN,202,Schule,,
wackernagel,wackernagel,PROPN,202,Person,Didaktik,
object,object,PROPN,202,,,
harmonie,harmonie,NOUN,201,,,
erleichtern,erleichtern,VERB,201,,,
liebevoll,liebevoll,ADV,201,,,
sinnen,sinnen,NOUN,201,,,
nachbildung,nachbildung,NOUN,201,,,
roß,roß,X,201,,,
schonen,schonen,VERB,201,,,
köstlich,köstlich,ADV,201,,,
pädagoge,pädagoge,NOUN,201,Pädagogik,Typ ,
beifall,beifall,NOUN,200,,,
drache,drache,NOUN,200,,,
wovon,wovon,ADV,200,,,
haltung,haltung,NOUN,200,,,
pause,pause,NOUN,200,,,
beten,beten,VERB,200,Theologie ,,
selig,selig,ADV,200,,,
bestehend,bestehend,ADV,200,,,
herbst,herbst,PROPN,200,Zeit,,
berechtigung,berechtigung,NOUN,200,Schule,Unterteilung ,
bande,bande,NOUN,199,,,
bestrebung,bestrebung,NOUN,199,,,
unentbehrlich,unentbehrlich,ADV,199,,,
mitteilen,mitteilen,VERB,199,,,
jagd,jagd,NOUN,198,,,
schuldig,schuldig,ADV,198,,,
damalig,damalig,ADV,198,,,
fischer,fischer,PROPN,198,,,
gewicht,gewicht,NOUN,198,,,
umfangen,umfangen,VERB,198,relat. Höhe,,
leitung,leitung,NOUN,198,,,
woche,woche,NOUN,198,,,
orestes,orestes,ADJ,198,Person,Klassik,Literatur
konnen,konnen,NOUN,198,,,
erörtern,erörtern,VERB,197,Praktik,,
fangen,fangen,VERB,197,,,
vernichten,vernichten,VERB,197,,,
wandthei,wandthei,NOUN,197,,,
hörer,hörer,NOUN,197,,,
kreuz,kreuz,ADV,197,,,
sehnen,sehnen,VERB,197,,,
entwickelt,entwickelt,VERB,197,,,
gehorsam,gehorsam,ADV,197,Disziplin ,,
entschließen,entschließen,VERB,196,,,
veranschaulichen,veranschaulichen,VERB,196,,,
genius,genius,NOUN,196,positive Bewertung,Höhe,
predigen,predigen,VERB,196,,,
angegeben,angegeben,VERB,196,,,
chamisso,chamisso,PROPN,196,Person,Schriftsteller,
ausgang,ausgang,NOUN,196,,,
pylades,pylades,ADJ,196,Person,Klassik,Literatur
volker,volker,PROPN,196,Person,,
secunda,secunda,PROPN,195,Schule ,,
literarhistorisch,literarhistorisch,NOUN,195,Geschichte ,Literatur,
heften,heften,VERB,194,,,
schmerzen,schmerzen,NOUN,194,,,
fortschritt,fortschritt,NOUN,194,,,
besprochen,besprochen,VERB,194,,,
herrscher,herrscher,NOUN,194,,,
auswendig,auswendig,ADV,194,Praktik,Methode ,Beschreibung 
orleans,orleans,PROPN,193,Person,,
entschieden,entschieden,VERB,193,,,
schwanken,schwanken,VERB,193,,,
seltsam,seltsam,ADV,193,,,
substantiv,substantiv,ADV,193,Sprache,,
fleißig,fleißig,ADV,193,,,
bequem,beqüm,VERB,193,,,
abstrakt,abstrakt,ADV,193,,,
vorlieben,vorlieben,NOUN,193,,,
leitfaden,leitfaden,NOUN,193,Methode ,,
berechnen,berechnen,VERB,192,,,
forschung,forschung,NOUN,192,Wissenschaft,Wissen ,
einwirkung,einwirkung,NOUN,192,,,
tempel,tempel,NOUN,192,Theologie,Ort,
benehmen,benehmen,VERB,192,,,
eintheilung,eintheilung,NOUN,192,,,
umfassen,umfassen,VERB,192,,,
aufheben,aufheben,VERB,192,,,
tapfer,tapfer,ADV,192,,,
reinheit,reinheit,NOUN,191,,,
herrlichkeit,herrlichkeit,NOUN,191,,,
bewundern,bewundern,VERB,191,,,
eilen,eilen,VERB,191,,,
zusammenfassen,zusammenfassen,VERB,191,,,
rührend,rührend,ADV,191,,,
pracht,pracht,NOUN,191,,,
aufführen,aufführen,VERB,191,,,
mahnung,mahnung,NOUN,191,,,
auszeichnen,auszeichnen,VERB,191,,,
begründung,begründung,NOUN,191,,,
künstlich,künstlich,ADV,190,Beschreibung,,
schlaf,schlaf,NOUN,190,,,
schreien,schreien,VERB,190,,,
geordnet,geordnet,VERB,190,,,
bewähren,bewähren,VERB,190,,,
herrschend,herrschend,ADV,190,,,
ergebnis,ergebnis,NOUN,190,,,
fechten,fechten,VERB,189,,,
versagen,versagen,VERB,189,,,
parallel,parallel,ADV,189,,,
erwartung,erwartung,NOUN,189,,,
gerechtigkeit,gerechtigkeit,NOUN,189,,,
vergeblich,vergeblich,ADV,189,,,
heimisch,heimisch,ADV,189,,,
anschauen,anschaün,NOUN,189,,,
anhang,anhang,NOUN,189,,,
offenbaren,offenbaren,VERB,188,Theologie ,Ästhetik ,
hirte,hirte,VERB,188,,,
entscheidung,entscheidung,NOUN,188,,,
wohnung,wohnung,NOUN,188,Wohnen ,,
zusatz,zusatz,NOUN,188,,,
bewohner,bewohner,NOUN,188,,,
musikalisch,musikalisch,ADV,188,Ästhetik,,
ertheilen,ertheilen,VERB,188,,,
theater,theater,NOUN,188,Poetologie,Welt ,
aufforderung,aufforderung,NOUN,188,,,
definition,definition,NOUN,188,,,
dramaturgie,dramaturgie,NOUN,188,,,
major,major,X,188,Typ,,
archiv,archiv,NOUN,187,,,
böse,böse,ADV,187,negative Bewertung,Moral ,
tadel,tadel,NOUN,187,negative Bewertung ,,
heimlich,heimlich,ADV,187,,,
energisch,energisch,ADV,187,,,
entgegengesetzt,entgegengesetzt,VERB,187,,,
schriftsprache,schriftsprache,ADJ,187,Sprache ,,
ausüben,ausüben,VERB,187,,,
arndt,arndt,PROPN,187,Person,Schriftsteller ,
hinweg,hinweg,ADP,186,,,
befreiung,befreiung,NOUN,186,,,
einzelheit,einzelheit,NOUN,186,,,
bürgerlich,bürgerlich,ADV,186,,,
erhebung,erhebung,NOUN,185,,,
scheu,scheu,ADV,185,,,
beantworten,beantworten,VERB,185,,,
charakterisieren,charakterisieren,VERB,185,Praktik,,
zunge,zunge,NOUN,185,,,
fliegen,fliegen,VERB,185,,,
abenteuer,abenteür,PROPN,185,,,
verkehr,verkehr,NOUN,185,,,
erwähnt,erwähnt,VERB,185,,,
einfachheit,einfachheit,NOUN,185,,,
entscheidend,entscheidend,ADV,185,,,
unterrichtsgegenstand,unterrichtsgegenstand,ADV,185,Lehrmedien,Schule ,
anknüpfen,anknüpfen,VERB,185,,,
vorliegen,vorliegen,VERB,185,,,
grenzen,grenzen,NOUN,184,Agonalität,,
harmonisch,harmonisch,ADV,184,,,
echten,echten,ADJ,184,,,
unterstützen,unterstützen,VERB,184,,,
kommentar,kommentar,NOUN,184,Praktik,Poetologie,
begrüßen,begrüßen,VERB,184,,,
nationalliteratur,nationalliteratur,NOUN,184,Nation,Literatur ,
erfindung,erfindung,NOUN,184,,,
professor,professor,NOUN,184,Wissenschaft,Typ,
gewählt,gewählt,VERB,183,,,
entgegentreten,entgegentreten,VERB,183,,,
körperlich,körperlich,ADV,183,,,
trennung,trennung,NOUN,183,,,
versmaß,versmaß,NOUN,183,,,
angst,angst,NOUN,183,,,
weltlich,weltlich,ADV,183,,,
erzählend,erzählend,ADV,183,,,
ausdehnung,ausdehnung,NOUN,183,,,
dauernd,daürnd,ADV,182,,,
trauerspiel,traürspiel,NOUN,182,Drama,Gattung,
scheuen,scheün,PROPN,182,,,
anlaß,anlaß,NOUN,182,,,
krieger,krieger,NOUN,182,,,
partei,partei,NOUN,182,,,
naturgemäß,naturgemäß,ADV,182,,,
abiturient,abiturient,NOUN,182,Schule,Typ,
ergehen,ergehen,VERB,181,,,
homerisch,homerisch,ADV,181,,,
subjectiv,subjectiv,ADV,181,,,
vorwärts,vorwärts,ADV,181,,,
umgang,umgang,NOUN,181,,,
durchnehmen,durchnehmen,VERB,181,Praktik,,
hinreichend,hinreichend,ADV,180,,,
princip,princip,PROPN,180,Idealismus ,,
erwachsene,erwachsene,ADJ,180,Alter,,
angriff,angriff,NOUN,180,Agonalität,,
thatsächlich,thatsächlich,ADV,180,,,
ehrlich,ehrlich,ADV,180,,,
vertreter,vertreter,NOUN,180,,,
hinauf,hinauf,ADV,179,,,
indeß,indeß,ADV,179,,,
verletzen,verletzen,VERB,179,,,
hüllen,hüllen,VERB,179,,,
flüchtig,flüchtig,ADV,179,,,
monolog,monolog,NOUN,179,Drama,Poetologie,
no,no,X,178,,,
ertragen,ertragen,VERB,178,,,
entschluß,entschluß,NOUN,178,,,
stätte,stätte,VERB,178,,,
schwächen,schwächen,VERB,178,,,
ausgezeichnet,ausgezeichnet,VERB,178,,,
arg,arg,ADV,178,,,
änderung,änderung,NOUN,178,,,
bestreben,bestreben,NOUN,178,,,
unterscheidung,unterscheidung,NOUN,178,,,
ß,ß,X,177,,,
lustig,lustig,ADV,177,,,
humboldt,humboldt,PROPN,177,Person,Schriftsteller,
auffordern,auffordern,VERB,177,,,
bestätigen,bestätigen,VERB,177,,,
zucht,zucht,NOUN,177,,,
griechenland,griechenland,PROPN,177,Nation,,
widerstehen,widerstehen,VERB,177,,,
zuhörer,zuhörer,NOUN,177,,,
laden,laden,VERB,176,,,
kranz,kranz,NOUN,176,,,
mannigfaltigkeit,mannigfaltigkeit,NOUN,176,,,
gegentheil,gegentheil,NOUN,176,,,
wahrlich,wahrlich,ADV,176,,,
heine,heine,PROPN,176,Person,Schriftsteller,
bewunderung,bewunderung,NOUN,176,,,
vorwort,vorwort,NOUN,176,,,
übereinstimmung,übereinstimmung,NOUN,176,,,
biblisch,biblisch,ADV,176,Theologie,Beschreibung ,
höfisch,höfisch,ADV,176,,,
entfalten,entfalten,VERB,175,,,
freiwillig,freiwillig,ADV,175,,,
herausgeben,herausgeben,VERB,175,,,
hinsichtlich,hinsichtlich,ADP,175,,,
verehrung,verehrung,NOUN,175,,,
amt,amt,NOUN,175,,,
erschlagen,erschlagen,VERB,175,,,
zurückführen,zurückführen,VERB,175,,,
vorkommend,vorkommend,ADV,175,,,
ausdrucken,ausdrucken,VERB,175,,,
aneignen,aneignen,VERB,174,,,
zimmer,zimmer,NOUN,174,,,
auffinden,auffinden,VERB,174,,,
dach,dach,NOUN,174,,,
vergleichend,vergleichend,ADV,174,,,
kostbar,kostbar,ADV,173,,,
nordisch,nordisch,ADV,173,Nation,Deutsch,
sämmtlich,sämmtlich,ADV,173,,,
schema,schema,NOUN,173,,,
einbildungskraft,einbildungskraft,NOUN,173,Phantasie,Ästhetik,Idealismus 
ergänzung,ergänzung,NOUN,173,,,
erstens,erstens,ADV,173,,,
erwidern,erwidern,VERB,173,,,
beachtung,beachtung,NOUN,173,,,
zusammengesetzt,zusammengesetzt,VERB,173,,,
einheitlich,einheitlich,ADV,173,,,
rat,rat,X,173,,,
ur,ur,X,172,,,
vorstellen,vorstellen,VERB,172,,,
heiß,heiß,ADV,172,,,
absolut,absolut,ADV,172,,,
meisterwerk,meisterwerk,NOUN,172,positive Bewertung,Poetologie,
prinzip,prinzip,NOUN,172,Idealismus,,
unbedeutend,unbedeutend,ADV,171,,,
beseitigen,beseitigen,VERB,171,,,
hinstellen,hinstellen,VERB,171,,,
winden,winden,VERB,171,,,
trocken,trocken,ADV,171,,,
eifrig,eifrig,ADV,171,,,
blüte,blüte,NOUN,171,,,
ausreichend,ausreichend,ADV,171,,,
erschütternd,erschütternd,ADV,170,,,
erweiterung,erweiterung,NOUN,170,,,
sphäre,sphäre,NOUN,170,,,
becher,becher,NOUN,170,,,
menschenleben,menschenleben,NOUN,170,Welt,Anthropologie,
starr,starr,ADV,169,,,
anziehend,anziehend,ADV,169,,,
kleid,kleid,NOUN,169,,,
einrichten,einrichten,VERB,169,,,
feindlich,feindlich,ADV,169,Agonalität ,,
monat,monat,NOUN,169,,,
regierung,regierung,NOUN,169,Politik,,
zufall,zufall,NOUN,169,,,
verarbeiten,verarbeiten,VERB,169,,,
darlegung,darlegung,NOUN,169,,,
schwaben,schwaben,PROPN,169,Nation,Deutsch,
napoleon,napoleon,PROPN,169,Person,Historisch ,
schweizer,schweizer,ADJ,169,Nation,,
selbständigkeit,selbständigkeit,NOUN,168,,,
aufgestellt,aufgestellt,VERB,168,,,
on,on,X,168,,,
merkwürdig,merkwürdig,ADV,168,,,
täuschen,täuschen,VERB,168,,,
hinab,hinab,ADV,168,,,
betreten,betreten,VERB,168,,,
feurig,feurig,ADV,168,,,
vorläufig,vorläufig,ADV,168,,,
eisern,eisern,ADV,168,,,
hierüber,hierüber,ADV,168,,,
komisch,komisch,ADV,168,,,
parabel,parabel,ADV,168,Gattung ,Prosa,
schulbuch,schulbuch,NOUN,168,Lehrmedien,,
kö,kö,X,168,,,
schwab,schwab,PROPN,168,Person,Schriftsteller,
degen,degen,VERB,168,,,
voß,voß,X,167,Person,Schriftsteller ,
andrer,andrer,PRON,167,,,
beschließen,beschließen,VERB,167,,,
auseinander,auseinander,ADV,167,,,
beschaffenheit,beschaffenheit,NOUN,167,,,
darlegen,darlegen,VERB,167,,,
allseitig,allseitig,ADV,167,,,
finster,finster,ADV,167,,,
engländer,engländer,NOUN,167,Nation,Typ,
zurückweisen,zurückweisen,VERB,167,,,
aufenthalt,aufenthalt,NOUN,167,,,
becker,becker,PROPN,167,,,
förderung,förderung,NOUN,167,,,
franziska,franziska,PROPN,167,Person,Literatur,
wundern,wundern,VERB,166,,,
organisch,organisch,ADV,166,,,
krankheit,krankheit,NOUN,166,,,
verderblich,verderblich,ADV,166,,,
vornehm,vornehm,ADV,166,,,
trauer,traür,PROPN,166,,,
kleiden,kleiden,VERB,166,,,
publikum,publikum,NOUN,166,,,
begehen,begehen,VERB,166,,,
hindern,hindern,VERB,166,,,
beibringen,beibringen,VERB,166,,,
erringen,erringen,VERB,165,,,
verwirrung,verwirrung,NOUN,165,negative Bewertung,,
befehl,befehl,NOUN,165,,,
blühen,blühen,VERB,165,,,
beklagen,beklagen,VERB,165,,,
zweifeln,zweifeln,VERB,165,,,
anregend,anregend,ADV,165,,,
gedankengang,gedankengang,NOUN,165,,,
spott,spott,NOUN,164,,,
punct,punct,PROPN,164,,,
unsterblich,unsterblich,ADV,164,,,
schmuck,schmuck,NOUN,164,,,
abweichung,abweichung,NOUN,164,,,
leiche,leiche,ADJ,164,Narrativ ,,
einsehen,einsehen,VERB,164,,,
zerreißen,zerreißen,VERB,164,,,
materiell,materiell,ADV,164,,,
verbieten,verbieten,VERB,163,,,
wärmen,wärmen,VERB,163,,,
abschluß,abschluß,NOUN,163,,,
belegen,belegen,VERB,163,,,
durchführen,durchführen,VERB,163,,,
unbefangen,unbefangen,ADV,163,,,
unschuldig,unschuldig,ADV,163,,,
geschrieben,geschrieben,VERB,163,,,
exposition,exposition,NOUN,163,,,
unbewußt,unbewußt,ADV,163,Idealismus,,
eindrücken,eindrücken,VERB,163,,,
hindernis,hindernis,NOUN,162,,,
grundzug,grundzug,NOUN,162,,,
bus,bus,NOUN,162,,,
blühend,blühend,ADV,162,,,
epoche,epoche,NOUN,162,Literatur ,Geschichte ,
hauptsatz,hauptsatz,PROPN,162,Sprache,,
glied,glied,NOUN,162,,,
rächen,rächen,VERB,162,,,
aneignung,aneignung,NOUN,162,,,
schädlich,schädlich,ADV,162,,,
zeitraum,zeitraum,NOUN,162,,,
göthech,göthech,VERB,162,,,
wacker,wacker,PROPN,161,positive Bewertung,,
zusammensetzung,zusammensetzung,NOUN,161,,,
auswählen,auswählen,VERB,161,,,
flehen,flehen,VERB,161,,,
aufweisen,aufweisen,VERB,161,,,
fahrt,fahrt,NOUN,161,,,
übernehmen,übernehmen,VERB,161,,,
friedlich,friedlich,ADV,161,,,
thron,thron,NOUN,161,,,
schwäbisch,schwäbisch,ADV,161,Nation ,,
lehrstoff,lehrstoff,PROPN,161,Praktik,Lehrmedien,
hinweis,hinweis,NOUN,161,,,
warnung,warnung,NOUN,160,,,
mitgetheilen,mitgetheilen,NOUN,160,,,
wille,wille,NOUN,160,,,
gepräge,gepräge,NOUN,160,,,
gatte,gatte,PROPN,160,Gender,Mask,
verfehlen,verfehlen,VERB,160,,,
horaz,horaz,PROPN,160,Person,Schriftsteller,Klassik
verbesserung,verbesserung,NOUN,160,,,
gemeinschaftlich,gemeinschaftlich,ADV,160,,,
vorlesung,vorlesung,NOUN,160,Praktik,,
emilia,emilia,PROPN,160,Person,Literatur,
sämtlich,sämtlich,ADV,160,,,
fleisch,fleisch,NOUN,159,,,
schauplatz,schauplatz,NOUN,159,,,
kategorie,kategorie,NOUN,159,,,
kirchlich,kirchlich,ADV,159,,,
versammlung,versammlung,NOUN,159,,,
melden,melden,VERB,159,,,
mitteilung,mitteilung,NOUN,159,,,
ähnlichkeit,ähnlichkeit,NOUN,158,,,
recken,recken,VERB,158,,,
finger,finger,NOUN,158,,,
unterredung,unterredung,NOUN,158,,,
mahnen,mahnen,VERB,158,,,
leihen,leihen,VERB,158,,,
august,august,PROPN,158,Person,,
vereinen,vereinen,VERB,158,,,
lauf,lauf,NOUN,158,,,
bleibend,bleibend,ADV,158,,,
mischen,mischen,VERB,158,,,
einverstanden,einverstanden,ADV,158,,,
vorlegen,vorlegen,VERB,158,,,
vollständigkeit,vollständigkeit,NOUN,158,,,
beständig,beständig,ADV,158,,,
möro,möro,ADV,158,,,
umsonst,umsonst,ADV,157,,,
lebendigkeit,lebendigkeit,NOUN,157,Welt,Anthropologie,
katastrophe,katastrophe,NOUN,157,,,
gesamt,gesamt,ADV,157,,,
gröfsern,gröfsern,NOUN,157,,,
zeitwort,zeitwort,NOUN,156,,,
prediger,prediger,NOUN,156,,,
schulunterricht,schulunterricht,PROPN,156,Schule ,,
räuber,räuber,NOUN,156,,,
gangen,gangen,VERB,156,,,
befähigen,befähigen,VERB,156,,,
umgeben,umgeben,VERB,156,,,
leugnen,leugnen,VERB,156,,,
oberflächlich,oberflächlich,ADV,156,,,
heranziehen,heranziehen,VERB,156,,,
verbessern,verbessern,VERB,156,,,
tyrann,tyrann,PROPN,156,,,
wöchentlich,wöchentlich,ADV,156,,,
teilnahme,teilnahme,NOUN,156,,,
sacherklärung,sacherklärung,NOUN,156,Praktik,,
erwähnung,erwähnung,NOUN,155,,,
ankunft,ankunft,NOUN,155,,,
weltanschauung,weltanschauung,NOUN,155,,,
dulden,dulden,VERB,155,,,
mathematisch,mathematisch,ADV,155,,,
vorschrift,vorschrift,NOUN,155,Disziplin,,
phrase,phrase,X,155,,,
aufgehen,aufgehen,VERB,155,,,
geistreich,geistreich,ADV,155,,,
grundgedanken,grundgedanken,NOUN,155,,,
geibel,geibel,ADV,155,,,
erfreulich,erfreulich,ADV,154,,,
ängstlich,ängstlich,ADV,154,,,
glänzen,glänzen,VERB,154,,,
beredtsamkei,beredtsamkei,PROPN,154,,,
lesart,lesart,NOUN,154,,,
entreißen,entreißen,VERB,154,,,
tisch,tisch,NOUN,154,,,
einseitigkeit,einseitigkeit,NOUN,154,,,
weiden,weiden,VERB,154,,,
genie,genie,NOUN,154,Poetologie,Typ,
willkürlich,willkürlich,ADV,154,,,
europa,europa,PROPN,153,Nation,,
verdienst,verdienst,NOUN,153,,,
zustande,zustande,ADV,153,,,
verleiten,verleiten,VERB,153,,,
gleichgültig,gleichgültig,ADV,153,,,
anleiten,anleiten,VERB,153,,,
geschickt,geschickt,ADV,153,,,
sophokle,sophokle,NOUN,153,,,
richtigkeit,richtigkeit,NOUN,153,,,
verzichten,verzichten,VERB,153,,,
grofse,grofse,NOUN,153,,,
wahrnehmen,wahrnehmen,VERB,152,,,
lücke,lücke,NOUN,152,,,
unnatürlich,unnatürlich,ADV,152,,,
brücke,brücke,NOUN,152,,,
heide,heide,PROPN,152,,,
vergehen,vergehen,VERB,152,,,
daselbst,daselbst,ADV,152,,,
spaziergang,spaziergang,NOUN,152,,,
inhaltsangabe,inhaltsangabe,NOUN,152,Praktik ,,
vornehmlich,vornehmlich,ADV,152,,,
lehrstunde,lehrstunde,NOUN,152,Zeit,Schule,
lehrgegenstand,lehrgegenstand,NOUN,152,Lehrmedien,,
merkmal,merkmal,NOUN,152,,,
philologisch,philologisch,ADV,152,Wissenschaft,Literatur ,
taucher,taucher,NOUN,152,Narrativ,,
orest,orest,NOUN,152,Person,Literatur ,
do,do,X,152,,,
mittelalterlich,mittelalterlich,ADV,151,Literatur ,Geschichte ,
vordergrund,vordergrund,NOUN,151,,,
klang,klang,VERB,151,,,
mörder,mörder,NOUN,151,,,
unschuld,unschuld,NOUN,151,,,
paris,paris,PROPN,151,Ort,Nation,
kapitel,kapitel,NOUN,151,,,
töten,töten,VERB,151,,,
überlieferung,überlieferung,NOUN,150,,,
methodik,methodik,NOUN,150,Didaktik,,
versöhnung,versöhnung,NOUN,150,,,
zweifelhaft,zweifelhaft,ADV,150,,,
kindheit,kindheit,NOUN,150,Zeit,Alter,
hieraus,hieraus,ADV,150,,,
stechen,stechen,VERB,150,,,
tieck,tieck,PROPN,150,Person,Schriftsteller,
vertiefen,vertiefen,VERB,150,,,
legend,legend,ADV,150,,,
unterwelt,unterwelt,VERB,150,,,
träger,träger,NOUN,150,,,
willkür,willkür,NOUN,150,,,
geburt,geburt,NOUN,150,,,
feststellen,feststellen,VERB,150,,,
erzieher,erzieher,PROPN,149,Typ,Schule,Disziplin
anweisung,anweisung,NOUN,149,,,
analyse,analyse,NOUN,149,Praktik,,
anreden,anreden,VERB,149,,,
anf,anf,X,149,,,
verbreitung,verbreitung,NOUN,149,,,
revolution,revolution,NOUN,149,,,
vollbringen,vollbringen,VERB,149,,,
gemahlin,gemahlin,PROPN,149,Gender,Typ,Fem
anzeigen,anzeigen,VERB,149,,,
musterstück,musterstück,NOUN,149,Lehrmedien,,
säen,säen,VERB,149,,,
plastisch,plastisch,ADV,148,,,
glühend,glühend,ADV,148,,,
gleichmäßig,gleichmäßig,ADV,148,,,
dauer,daür,AUX,148,,,
korrekt,korrekt,ADV,148,,,
landschaft,landschaft,NOUN,148,,,
meisterhaft,meisterhaft,ADV,148,positive Bewertung,Höhe ,
maßstab,maßstab,NOUN,148,,,
läßen,läßen,VERB,148,,,
schnee,schnee,NOUN,147,,,
mittheilen,mittheilen,VERB,147,,,
gewaltsam,gewaltsam,ADV,147,,,
laune,laune,NOUN,147,,,
kühl,kühl,ADV,147,,,
thür,thür,NOUN,147,,,
vorziehen,vorziehen,VERB,147,,,
irren,irren,VERB,147,negative Bewertung,,
begreiflich,begreiflich,ADV,147,,,
herbei,herbei,ADV,147,,,
belehren,belehren,VERB,147,,,
gefolge,gefolge,PROPN,147,,,
ableiten,ableiten,VERB,147,,,
kommend,kommend,ADV,147,,,
ausarbeitung,ausarbeitung,NOUN,147,Praktik ,,
gestellt,gestellt,VERB,147,,,
aufführung,aufführung,NOUN,147,,,
lächerlich,lächerlich,ADV,147,,,
elementar,elementar,NOUN,147,,,
vorteil,vorteil,NOUN,147,,,
rechnung,rechnung,NOUN,146,,,
verzweiflung,verzweiflung,NOUN,146,,,
kette,kette,NOUN,146,,,
verschließen,verschließen,VERB,146,,,
priester,priester,NOUN,146,,,
handschrift,handschrift,NOUN,146,,,
nützen,nützen,VERB,146,,,
vorsicht,vorsicht,NOUN,146,,,
gebräuchlich,gebräuchlich,ADV,146,,,
tanzen,tanzen,VERB,146,,,
campen,campen,VERB,146,,,
erschienen,erschienen,VERB,146,,,
sprachlehre,sprachlehre,VERB,146,Sprache,,
philologie,philologie,NOUN,146,Wissenschaft,Literatur,
johann,johann,PROPN,145,Person,Schriftsteller,
nachfolgend,nachfolgend,ADV,145,,,
zahlen,zahlen,VERB,145,,,
verwandtschaft,verwandtschaft,NOUN,145,,,
weich,weich,ADV,145,,,
siegreich,siegreich,ADV,145,,,
zuvor,zuvor,ADV,145,,,
augenblicklich,augenblicklich,ADV,145,,,
takt,takt,NOUN,145,,,
philosoph,philosoph,NOUN,145,,,
stuart,stuart,NOUN,145,,,
kloster,kloster,NOUN,145,,,
epigramm,epigramm,NOUN,145,,,
biographisch,biographisch,ADV,145,,,
höhepunkt,höhepunkt,NOUN,145,,,
tapferkeit,tapferkeit,PROPN,144,positive Bewertung,,
erregung,erregung,NOUN,144,,,
lächeln,lächeln,VERB,144,,,
wunderlich,wunderlich,ADV,144,,,
verbum,verbum,VERB,144,Sprache,,
heilen,heilen,VERB,144,,,
brennen,brennen,VERB,144,,,
heidnisch,heidnisch,ADV,144,,,
romantiker,romantiker,NOUN,144,Typ,Literatur,Geschichte
nachtheil,nachtheil,PROPN,144,,,
erfinden,erfinden,VERB,144,,,
darnach,darnach,ADV,144,Zeit,Logik,
tischen,tischen,ADJ,144,Beschreibung,,
hierdurch,hierdurch,ADV,144,,,
bereich,bereich,NOUN,144,,,
eigentümlichkeit,eigentümlichkeit,NOUN,144,,,
spiegel,spiegel,PROPN,143,,,
gesundheit,gesundheit,NOUN,143,,,
gewitter,gewitter,NOUN,143,,,
jammern,jammern,VERB,143,,,
theilweise,theilweise,ADV,143,,,
versinken,versinken,VERB,143,,,
verlegen,verlegen,ADV,143,,,
rhythmisch,rhythmisch,ADV,143,Beschreibung,Poetologie ,
beginn,beginn,NOUN,143,,,
getreu,getreu,ADV,143,,,
simrock,simrock,NOUN,143,Person,Schriftsteller ,
mi,mi,X,143,,,
norden,norden,NOUN,142,,,
unwillkürlich,unwillkürlich,ADV,142,,,
fräulein,fräulein,NOUN,142,Typ,Gender,Fem
hegen,hegen,VERB,142,,,
annahme,annahme,NOUN,142,,,
erachten,erachten,VERB,142,,,
gebirge,gebirge,PROPN,142,,,
fortsetzung,fortsetzung,NOUN,142,,,
versäumen,versäumen,VERB,142,,,
wanderer,wanderer,NOUN,142,,,
dialog,dialog,NOUN,142,,,
denkend,denkend,ADV,142,,,
ausmachen,ausmachen,VERB,142,,,
gelehrsamkeit,gelehrsamkeit,NOUN,142,,,
willens,willens,ADV,142,,,
halle,halle,PROPN,141,,,
seinig,seinig,PROPN,141,,,
eingreifen,eingreifen,VERB,141,,,
heim,heim,PROPN,141,,,
verherrlichen,verherrlichen,VERB,141,,,
unbestimmt,unbestimmt,ADV,141,,,
dünken,dünken,VERB,141,,,
wandern,wandern,VERB,141,,,
mannigfach,mannigfach,ADV,141,,,
formell,formell,ADV,141,,,
erlernung,erlernung,NOUN,141,,,
rollen,rollen,VERB,141,,,
lesestoff,lesestoff,PROPN,141,Lesen,Lehrmedien,
senkung,senkung,NOUN,141,,,
einwirken,einwirken,VERB,140,,,
quell,qüll,PROPN,140,,,
ertönen,ertönen,VERB,140,,,
schwung,schwung,NOUN,140,,,
lippe,lippe,NOUN,140,,,
würdigung,würdigung,NOUN,140,,,
einschlagen,einschlagen,VERB,140,,,
widersprechen,widersprechen,VERB,140,,,
zeitgenosse,zeitgenosse,NOUN,140,,,
biographie,biographie,NOUN,140,,,
geläufig,geläufig,ADV,140,,,
erleiden,erleiden,VERB,140,,,
eichen,eichen,VERB,140,,,
schar,schar,PROPN,140,,,
angelegenheit,angelegenheit,NOUN,139,,,
sittlichkeit,sittlichkeit,NOUN,139,,,
betragen,betragen,VERB,139,,,
düster,düster,ADV,139,,,
jedesmalig,jedesmalig,PROPN,139,,,
anhalten,anhalten,VERB,139,,,
befestigen,befestigen,VERB,139,,,
abhängig,abhängig,ADV,139,,,
althochdeutsch,althochdeutsch,ADV,139,Beschreibung,Poetologie,Sprache 
fremdwort,fremdwort,NOUN,139,,,
prächtig,prächtig,ADV,139,,,
beilegen,beilegen,VERB,139,,,
begehren,begehren,VERB,139,,,
pflichten,pflichten,NOUN,139,,,
bildlich,bildlich,ADV,139,,,
verwerten,verwerten,VERB,139,,,
messias,messias,ADV,138,Religion,,
vorfahren,vorfahren,NOUN,138,,,
physisch,physisch,ADV,138,,,
umreißen,umreißen,VERB,138,,,
leichtigkeit,leichtigkeit,NOUN,138,,,
abweichend,abweichend,ADV,138,,,
angehen,angehen,VERB,138,,,
hölle,hölle,NOUN,138,,,
strömen,strömen,VERB,138,,,
bruchstück,bruchstück,PROPN,138,,,
achten,achten,VERB,138,,,
angedeutet,angedeutet,VERB,138,,,
gnädig,gnädig,ADV,138,,,
odysseus,odysseus,NOUN,138,Person,Literatur,
verlaufen,verlaufen,VERB,138,,,
staub,staub,NOUN,137,,,
verändern,verändern,VERB,137,,,
geheimnis,geheimnis,NOUN,137,,,
vollkommenheit,vollkommenheit,NOUN,137,,,
nachahmen,nachahmen,VERB,137,,,
übergeben,übergeben,VERB,137,,,
schal,schal,ADV,137,,,
übersichtlich,übersichtlich,ADV,137,,,
les,les,X,137,,,
volksgeist,volksgeist,NOUN,137,Nation,Patriotisch,
nemlich,nemlich,ADV,137,,,
zeichnung,zeichnung,NOUN,136,,,
bemühung,bemühung,VERB,136,,,
sprechend,sprechend,ADV,136,,,
alsdann,alsdann,ADV,136,,,
elegie,elegie,NOUN,136,,,
alters,alters,ADV,136,,,
zweimal,zweimal,ADV,136,,,
melodie,melodie,NOUN,136,,,
offenbarung,offenbarung,NOUN,135,,,
räumen,räumen,VERB,135,,,
geheim,geheim,ADV,135,,,
einsamkeit,einsamkeit,NOUN,135,,,
beruhigen,beruhigen,VERB,135,,,
nachbar,nachbar,ADV,135,,,
vocal,vocal,PROPN,135,,,
befolgen,befolgen,VERB,135,,,
nachdruck,nachdruck,NOUN,135,,,
wörtlich,wörtlich,ADV,135,,,
geduld,geduld,NOUN,135,,,
vertiefung,vertiefung,NOUN,135,,,
pensum,pensum,PROPN,135,,,
richard,richard,PROPN,135,Person,,
vorurteil,vorurteil,NOUN,134,,,
bedauern,bedaürn,PROPN,134,,,
production,production,NOUN,134,,,
glücken,glücken,VERB,134,,,
erwägung,erwägung,NOUN,134,,,
rings,rings,ADV,134,,,
mitteln,mitteln,NOUN,134,,,
summe,summe,NOUN,134,,,
sterbend,sterbend,ADV,134,,,
überliefert,überliefert,VERB,134,,,
strafen,strafen,VERB,134,,,
orthographisch,orthographisch,ADV,134,Sprache,,
ordentlich,ordentlich,ADV,134,,,
planen,planen,VERB,134,,,
hauptwort,hauptwort,PROPN,133,,,
interpretation,interpretation,NOUN,133,Praktik,Poetologie,
ältern,ältern,ADV,133,Typ,Familie,
thronen,thronen,VERB,133,,,
saale,saale,NOUN,133,Narrativ ,,
drohend,drohend,ADV,133,,,
erhellen,erhellen,VERB,133,,,
duft,duft,NOUN,133,,,
ausdrucksweise,ausdrucksweise,NOUN,133,,,
speer,speer,NOUN,133,,,
ersparen,ersparen,VERB,133,,,
trösten,trösten,VERB,133,,,
vereinigung,vereinigung,NOUN,132,,,
grausam,grausam,ADV,132,,,
öde,öde,ADV,132,,,
schneiden,schneiden,VERB,132,,,
entzücken,entzücken,VERB,132,,,
untreu,untreu,ADV,132,,,
bier,bier,NOUN,132,,,
vaterlandslieben,vaterlandslieben,NOUN,132,,,
volksthümlich,volksthümlich,PROPN,132,,,
fortschreitend,fortschreitend,ADV,131,,,
dumpf,dumpf,ADV,131,,,
donner,donner,NOUN,131,,,
bisweilen,bisweilen,ADV,131,,,
redend,redend,ADV,131,,,
segnen,segnen,VERB,131,,,
wand,wand,NOUN,131,,,
lehrreich,lehrreich,ADV,131,,,
opfern,opfern,VERB,131,,,
tafel,tafel,NOUN,131,Schule,,
weimar,weimar,PROPN,131,Ort,,
schweiz,schweiz,PROPN,131,Nation,,
belehrend,belehrend,ADV,131,,,
sentimental,sentimental,ADV,131,Emotion ,,
reihenfolge,reihenfolge,NOUN,131,,,
aussetzen,aussetzen,VERB,131,,,
franz,franz,PROPN,131,Person,,
gelehrtenschul,gelehrtenschul,PROPN,131,,,
reproduction,reproduction,X,131,,,
zuschreiben,zuschreiben,VERB,130,,,
gediegen,gediegen,ADV,130,,,
sechst,sechst,ADV,130,,,
dialekt,dialekt,NOUN,130,,,
composition,composition,NOUN,130,,,
einwenden,einwenden,VERB,130,,,
regung,regung,NOUN,130,,,
auseinandersetzung,auseinandersetzung,NOUN,130,,,
te,te,X,130,,,
hauptperson,hauptperson,PROPN,130,,,
ceres,ceres,PROPN,130,Person,Literatur,
papier,papier,NOUN,130,,,
gervinu,gervinu,NOUN,130,,,
abgeben,abgeben,VERB,130,,,
vermehren,vermehren,VERB,130,,,
sprachstudium,sprachstudium,NOUN,130,,,
plato,plato,PROPN,130,Person,Schriftsteller,
konig,konig,NOUN,130,,,
voraufgegangen,voraufgegangen,VERB,130,,,
einleiten,einleiten,VERB,129,,,
germane,germane,ADJ,129,,,
brunnen,brunnen,PROPN,129,,,
kenner,kenner,NOUN,129,,,
jeglich,jeglich,ADV,129,,,
ausfallen,ausfallen,VERB,129,,,
besingen,besingen,VERB,129,,,
leitend,leitend,ADV,129,,,
zwerg,zwerg,NOUN,129,Typ,Narrativ,
gemahl,gemahl,NOUN,129,,,
sekunda,sekunda,PROPN,129,Schule,,
unzählig,unzählig,ADV,129,,,
vorschlagen,vorschlagen,VERB,129,,,
fir,fir,X,129,,,
jeher,jeher,ADV,129,,,
papst,papst,NOUN,129,,,
anderseits,anderseits,ADV,129,,,
kranich,kranich,ADV,128,,,
wechselnd,wechselnd,ADV,128,,,
frühern,frühern,ADV,128,Zeit,,
antlitz,antlitz,PROPN,128,positive Bewertung,,
verwirren,verwirren,VERB,128,,,
unrichtig,unrichtig,ADV,128,,,
schaar,schaar,NOUN,128,,,
dergl,dergl,ADV,128,,,
ser,ser,X,128,,,
angesicht,angesicht,NOUN,128,,,
gleichnis,gleichnis,NOUN,128,,,
begriff,begriff,NOUN,128,Sprache ,Wissen ,
leonore,leonore,NOUN,128,Literatur ,Person,
aufregung,aufregung,NOUN,127,,,
dürftig,dürftig,ADV,127,,,
ihrig,ihrig,ADV,127,,,
gerathen,gerathen,VERB,127,,,
fürstin,fürstin,NOUN,127,,,
gymnasial,gymnasial,NOUN,127,,,
versichern,versichern,VERB,127,,,
gewissenhaft,gewissenhaft,ADV,127,,,
lection,lection,NOUN,127,,,
opitz,opitz,ADV,127,Person,Schriftsteller,
blücher,blücher,PROPN,127,,,
jugendschrift,jugendschrift,NOUN,127,,,
jrrtum,jrrtum,NOUN,127,,,
unterlassen,unterlassen,VERB,126,,,
produkt,produkt,NOUN,126,,,
mythologie,mythologie,NOUN,126,,,
hauch,hauch,NOUN,126,,,
jagen,jagen,VERB,126,,,
lauschen,lauschen,VERB,126,,,
bekämpfen,bekämpfen,VERB,126,,,
gebilde,gebilde,NOUN,126,,,
beabsichtigt,beabsichtigt,VERB,126,,,
gemeinschaft,gemeinschaft,NOUN,126,,,
individuum,individuum,NOUN,126,,,
büchlein,büchlein,PROPN,126,Lehrmedien,,
heilsam,heilsam,ADV,126,,,
zeitschr,zeitschr,VERB,126,,,
volkstümlich,volkstümlich,ADV,126,Nation,,
vogelweide,vogelweide,VERB,126,,,
objekt,objekt,NOUN,125,,,
eitelkeit,eitelkeit,NOUN,125,,,
entfernung,entfernung,NOUN,125,,,
beugen,beugen,VERB,125,,,
bewegt,bewegt,VERB,125,,,
reizend,reizend,ADV,125,,,
bleich,bleich,ADV,125,,,
em,em,X,125,,,
lüften,lüften,VERB,125,,,
schwinden,schwinden,VERB,125,,,
katholisch,katholisch,ADV,125,Theologie,,
trachten,trachten,VERB,125,,,
reifen,reifen,VERB,125,,,
provinz,provinz,NOUN,125,,,
truppe,truppe,NOUN,125,,,
sprung,sprung,NOUN,125,,,
armuth,armuth,PROPN,125,,,
verpflichten,verpflichten,VERB,125,,,
verachten,verachten,VERB,125,,,
dargelegt,dargelegt,VERB,125,,,
weltgeschichte,weltgeschichte,NOUN,125,,,
schreibart,schreibart,NOUN,125,Poetologie,,
blosz,blosz,PROPN,125,,,
offizier,offizier,NOUN,125,,,
antheil,antheil,NOUN,124,,,
umher,umher,ADP,124,,,
vergil,vergil,VERB,124,,,
schroff,schroff,ADV,124,,,
redlich,redlich,ADV,124,,,
kreuzzug,kreuzzug,NOUN,124,,,
gedächtniß,gedächtniß,NOUN,124,,,
besorgen,besorgen,VERB,124,,,
perlen,perlen,NOUN,124,,,
teuer,teür,PROPN,124,,,
kleinod,kleinod,PROPN,123,,,
abschließen,abschließen,VERB,123,,,
küssen,küssen,VERB,123,,,
dargeboten,dargeboten,VERB,123,,,
stiften,stiften,VERB,123,,,
edeln,edeln,VERB,123,,,
willig,willig,ADV,123,,,
kritiker,kritiker,NOUN,123,,,
inwiefern,inwiefern,VERB,123,,,
anstoß,anstoß,NOUN,123,,,
stürmen,stürmen,VERB,123,,,
wähnen,wähnen,VERB,123,,,
nackt,nackt,ADV,123,,,
einleitend,einleitend,ADV,123,,,
verführen,verführen,VERB,123,,,
pfeil,pfeil,NOUN,123,,,
kaiserlich,kaiserlich,ADV,123,,,
eisen,eisen,NOUN,123,,,
kurfürst,kurfürst,NOUN,123,,,
organismus,organismus,NOUN,123,,,
product,product,NOUN,123,,,
ausfüllen,ausfüllen,VERB,123,,,
entwurf,entwurf,NOUN,123,,,
nationalität,nationalität,NOUN,122,,,
ungeheur,ungeheur,PROPN,122,,,
entschluss,entschluss,NOUN,122,,,
überlegen,überlegen,VERB,122,,,
werben,werben,VERB,122,,,
priesterin,priesterin,NOUN,122,,,
italienisch,italienisch,NOUN,122,Nation,,
verstecken,verstecken,VERB,122,,,
prädicat,prädicat,NOUN,122,,,
link,link,NOUN,122,,,
empfänglich,empfänglich,ADV,122,,,
odyssee,odyssee,PROPN,122,Narrativ,,
ernstlich,ernstlich,ADV,122,,,
generation,generation,NOUN,122,,,
brausen,brausen,VERB,122,,,
propädeutik,propädeutik,NOUN,122,,,
konflikt,konflikt,NOUN,122,,,
worms,worms,PROPN,122,Ort,,
entschuldigen,entschuldigen,VERB,122,,,
patriotismus,patriotismus,NOUN,122,,,
gebühren,gebühren,NOUN,121,,,
schwäche,schwäche,NOUN,121,,,
unangenehm,unangenehm,ADV,121,,,
bereichern,bereichern,VERB,121,,,
kaufmann,kaufmann,NOUN,121,,,
jedermann,jedermann,PRON,121,,,
sentenz,sentenz,NOUN,121,,,
ablegen,ablegen,VERB,121,,,
ausgewählt,ausgewählt,VERB,121,,,
nebel,nebel,NOUN,121,,,
abweichen,abweichen,VERB,121,,,
standpunct,standpunct,PROPN,121,,,
frevel,frevel,NOUN,120,,,
zustehen,zustehen,VERB,120,,,
mangelhaft,mangelhaft,ADV,120,,,
gebäude,gebäude,NOUN,120,,,
aufgenommen,aufgenommen,VERB,120,,,
schöpfer,schöpfer,NOUN,120,,,
umfangreich,umfangreich,ADV,120,,,
komposition,komposition,NOUN,120,,,
gebraucht,gebraucht,VERB,120,,,
erschöpfen,erschöpfen,VERB,120,,,
beiläufig,beiläufig,ADV,120,,,
ausdehnen,ausdehnen,VERB,120,,,
director,director,X,120,,,
ausgeführt,ausgeführt,VERB,120,,,
cursu,cursu,PROPN,120,,,
feder,feder,NOUN,120,,,
dureh,dureh,PROPN,120,,,
entfaltung,entfaltung,NOUN,119,,,
hinausgehen,hinausgehen,VERB,119,,,
angreifen,angreifen,VERB,119,,,
zeugniß,zeugniß,NOUN,119,,,
nebensatz,nebensatz,PROPN,119,,,
kömmen,kömmen,NOUN,119,,,
zerlegen,zerlegen,VERB,119,,,
dämonisch,dämonisch,ADV,119,,,
erschrecken,erschrecken,VERB,119,,,
jahreszeit,jahreszeit,NOUN,119,,,
zuführen,zuführen,VERB,119,,,
zwiespalt,zwiespalt,NOUN,119,,,
lernend,lernend,ADV,119,,,
vermehrt,vermehrt,ADV,119,,,
einräumen,einräumen,VERB,119,,,
geschenk,geschenk,NOUN,119,,,
gegenteil,gegenteil,NOUN,119,,,
übertreffen,übertreffen,VERB,118,,,
selbstgefühl,selbstgefühl,NOUN,118,Emotion ,,
dichtungsart,dichtungsart,NOUN,118,,,
auflösen,auflösen,VERB,118,,,
bange,bange,ADV,118,,,
ausnehmen,ausnehmen,VERB,118,,,
überschreiten,überschreiten,VERB,118,,,
fluten,fluten,VERB,118,,,
mitglied,mitglied,NOUN,118,,,
verwendung,verwendung,NOUN,118,,,
verarbeitung,verarbeitung,NOUN,118,,,
unterweisung,unterweisung,NOUN,118,,,
übertragung,übertragung,NOUN,117,,,
fallend,fallend,ADV,117,,,
subjecen,subjecen,NOUN,117,,,
schöpferisch,schöpferisch,ADV,117,,,
schwimmen,schwimmen,VERB,117,,,
versöhnen,versöhnen,VERB,117,,,
unklar,unklar,ADV,117,,,
erreichung,erreichung,NOUN,117,,,
klugheit,klugheit,NOUN,117,,,
vorhin,vorhin,ADV,117,,,
organ,organ,NOUN,117,,,
einüben,einüben,VERB,117,,,
min,min,X,117,,,
einteilung,einteilung,NOUN,117,,,
humanität,humanität,NOUN,116,,,
altar,altar,NOUN,116,,,
schwankend,schwankend,ADV,116,,,
besonnen,besonnen,ADV,116,,,
gemeinde,gemeinde,NOUN,116,,,
wallen,wallen,VERB,116,,,
dauern,daürn,PROPN,116,,,
hemmen,hemmen,VERB,116,,,
erwägen,erwägen,VERB,116,,,
romantik,romantik,NOUN,116,,,
befriedigend,befriedigend,ADV,116,,,
subjekt,subjekt,NOUN,116,,,
dürr,dürr,ADV,116,Beschreibung,,
ausrufen,ausrufen,VERB,116,,,
apfel,apfel,NOUN,116,,,
angewiesen,angewiesen,ADV,116,,,
berliner,berliner,ADJ,116,Ort,,
psychologie,psychologie,NOUN,116,Wissenschaft,,
erteilen,erteilen,VERB,116,,,
neuzeit,neuzeit,NOUN,116,,,
bluten,bluten,VERB,115,,,
untersuchen,untersuchen,VERB,115,,,
besinnen,besinnen,VERB,115,,,
subjektiv,subjektiv,ADV,115,,,
unterhalten,unterhalten,VERB,115,,,
scherz,scherz,NOUN,115,,,
entlassen,entlassen,VERB,115,,,
rastlos,rastlos,ADV,115,,,
vergegenwärtigen,vergegenwärtigen,NOUN,115,,,
rüsten,rüsten,VERB,115,,,
frömmigkeit,frömmigkeit,NOUN,115,,,
schlummern,schlummern,VERB,115,,,
verschlingen,verschlingen,VERB,115,,,
relativ,relativ,ADV,115,,,
verdrängen,verdrängen,VERB,115,,,
beuten,beuten,VERB,115,,,
gymnasiast,gymnasiast,PROPN,115,Schule,Typ,
reformation,reformation,NOUN,115,,,
eduard,eduard,PROPN,115,Person,,
fahne,fahne,NOUN,115,,,
wolfram,wolfram,PROPN,115,Person,Schriftsteller,
vernachlässigen,vernachlässigen,VERB,115,,,
brunhild,brunhild,NOUN,115,,,
boxberger,boxberger,NOUN,115,Person,Didaktik,
niederlegen,niederlegen,VERB,114,,,
wonne,wonne,PROPN,114,,,
gefällig,gefällig,ADV,114,,,
zusammentreffen,zusammentreffen,VERB,114,,,
deßhalb,deßhalb,ADV,114,,,
deutung,deutung,NOUN,114,,,
unerwartet,unerwartet,ADV,114,,,
wehren,wehren,VERB,114,,,
stirn,stirn,NOUN,114,,,
adler,adler,NOUN,114,,,
erschließen,erschließen,VERB,114,,,
keimen,keimen,VERB,114,,,
rüstung,rüstung,NOUN,114,,,
bezeugen,bezeugen,VERB,114,,,
bäumen,bäumen,NOUN,114,,,
mildern,mildern,VERB,114,,,
erhebend,erhebend,ADV,114,,,
wahren,wahren,VERB,114,,,
herbeifgeführt,herbeifgeführt,VERB,114,,,
lesestück,lesestück,NOUN,114,Lesen,Lehrmedien,
feldherr,feldherr,NOUN,114,,,
jmmer,jmmer,NOUN,114,,,
worüber,worüber,SCONJ,113,,,
zulassen,zulassen,VERB,113,,,
anlangen,anlangen,VERB,113,,,
niederdeutsch,niederdeutsch,ADV,113,Beschreibung ,Poetologie,Sprache
gewißheit,gewißheit,NOUN,113,,,
störend,störend,ADV,113,,,
mühsam,mühsam,ADV,113,,,
fußen,fußen,VERB,113,,,
spenden,spenden,VERB,113,,,
wahrnehmung,wahrnehmung,NOUN,113,,,
mantel,mantel,NOUN,113,,,
jugendliteratur,jugendliteratur,NOUN,113,,,
jsabella,jsabella,PROPN,113,,,
hassen,hassen,VERB,112,,,
bräutigam,bräutigam,PROPN,112,Typ,Gender,Mask
sorgsam,sorgsam,ADV,112,,,
zerstreuen,zerstreün,PROPN,112,,,
ehrfurcht,ehrfurcht,ADV,112,,,
eigner,eigner,NOUN,112,,,
verehren,verehren,VERB,112,,,
förderlich,förderlich,ADV,112,,,
barbarossa,barbarossa,PROPN,112,Person,Literatur,
fü,fü,X,112,,,
reproduktion,reproduktion,NOUN,112,,,
genöthigen,genöthigen,NOUN,112,,,
schmidt,schmidt,PROPN,112,Person,Schriftsteller,
erweitert,erweitert,VERB,112,,,
sprichwort,sprichwort,NOUN,112,,,
vielseitig,vielseitig,ADV,111,,,
nüchtern,nüchtern,ADV,111,,,
leiblich,leiblich,ADV,111,,,
anschlagen,anschlagen,VERB,111,,,
harren,harren,VERB,111,,,
beabsichtigen,beabsichtigen,VERB,111,,,
weglassen,weglassen,VERB,111,,,
räthsel,räthsel,PROPN,111,,,
meyer,meyer,PROPN,111,,,
verwerflich,verwerflich,ADV,111,,,
gesellig,gesellig,ADV,111,,,
verlegenheit,verlegenheit,NOUN,111,,,
martin,martin,PROPN,111,,,
mitgetheilt,mitgetheilt,VERB,111,,,
verschiedenartig,verschiedenartig,ADV,111,,,
sinden,sinden,VERB,111,,,
unverständlich,unverständlich,ADV,111,negative Bewertung,,
betätigung,betätigung,NOUN,111,,,
beatrice,beatrice,PROPN,111,Person,Literatur,
manül,manül,NOUN,111,,,
versenken,versenken,VERB,110,,,
hülfsmittel,hülfsmittel,PROPN,110,Praktik,,
grüßen,grüßen,VERB,110,,,
vereinzelt,vereinzelt,ADV,110,,,
haften,haften,VERB,110,,,
lehnen,lehnen,VERB,110,,,
spanisch,spanisch,ADV,110,Nation,,
übereinstimmen,übereinstimmen,VERB,110,,,
übertrieben,übertrieben,ADV,110,,,
freiligrath,freiligrath,PROPN,110,Person,Schriftsteller,
bahnen,bahnen,VERB,110,,,
entsetzen,entsetzen,NOUN,110,,,
existenz,existenz,NOUN,110,,,
vorstehend,vorstehend,ADV,110,,,
formenlehre,formenlehre,NOUN,110,,,
nachtigall,nachtigall,PROPN,110,,,
ungeheuer,ungeheür,PROPN,109,,,
gothisch,gothisch,ADV,109,,,
sprachgebrauch,sprachgebrauch,NOUN,109,,,
bemächtigen,bemächtigen,VERB,109,,,
horchen,horchen,VERB,109,,,
edelstein,edelstein,PROPN,109,,,
wiederkehrend,wiederkehrend,ADV,109,,,
lesung,lesung,NOUN,109,,,
druckfehler,druckfehler,NOUN,109,,,
gewohnheit,gewohnheit,NOUN,109,,,
beibehalten,beibehalten,VERB,109,,,
heldensagen,heldensagen,VERB,109,,,
fertigen,fertigen,VERB,109,,,
verirrung,verirrung,NOUN,109,,,
überblick,überblick,NOUN,109,,,
geheimnisvoll,geheimnisvoll,ADV,109,,,
gesichtskreis,gesichtskreis,NOUN,109,,,
barnhelm,barnhelm,PROPN,109,Person,Literatur,
österreich,österreich,PROPN,109,Nation,,
etzels,etzels,NOUN,108,,,
dastehen,dastehen,VERB,108,,,
gemüthe,gemüthe,NOUN,108,,,
saite,saite,NOUN,108,,,
herbeiführen,herbeiführen,VERB,108,,,
verachtung,verachtung,NOUN,108,,,
gerichtet,gerichtet,VERB,108,,,
handel,handel,NOUN,108,,,
schwören,schwören,VERB,108,,,
stehlen,stehlen,VERB,108,,,
lohnen,lohnen,VERB,108,,,
abgehen,abgehen,VERB,108,,,
naturwissenschaft,naturwissenschaft,NOUN,108,Wissenschaft,,
beleuchten,beleuchten,VERB,108,,,
naturgeschichte,naturgeschichte,AUX,108,,,
maßgebend,maßgebend,ADV,108,,,
erstrecken,erstrecken,VERB,108,,,
ausbreiten,ausbreiten,VERB,108,,,
malerei,malerei,NOUN,108,,,
beeinträchtigen,beeinträchtigen,VERB,108,,,
niederschreiben,niederschreiben,VERB,108,,,
zuweisen,zuweisen,VERB,108,,,
stauffach,stauffach,NOUN,108,,,
beifügen,beifügen,VERB,107,,,
würdigen,würdigen,VERB,107,,,
leuchtend,leuchtend,ADV,107,,,
spiegeln,spiegeln,VERB,107,,,
anmuth,anmuth,PROPN,107,,,
christi,christi,PROPN,107,Person,Theologie,
nächtlich,nächtlich,ADV,107,,,
schlachten,schlachten,VERB,107,,,
us,us,X,107,,,
symbolisch,symbolisch,ADV,107,,,
behaglich,behaglich,ADV,107,,,
verstorben,verstorben,VERB,107,,,
pathos,pathos,NOUN,107,,,
saladin,saladin,PROPN,107,Person,Literatur,
altersstufe,altersstufe,PROPN,107,,,
anschluß,anschluß,NOUN,107,,,
geschichtsunterricht,geschichtsunterricht,VERB,107,,,
stilistik,stilistik,NOUN,107,,,
handschuh,handschuh,PROPN,107,,,
beantwortung,beantwortung,NOUN,106,,,
besiegen,besiegen,VERB,106,,,
vertrieben,vertrieben,VERB,106,,,
verhindern,verhindern,VERB,106,,,
draußen,draußen,ADV,106,,,
gehend,gehend,ADV,106,,,
höhlen,höhlen,VERB,106,,,
innigkeit,innigkeit,NOUN,106,,,
blüthen,blüthen,VERB,106,,,
freundin,freundin,NOUN,106,,,
general,general,X,106,,,
abends,abends,ADV,106,,,
gespannt,gespannt,ADV,106,,,
hübsch,hübsch,ADV,106,,,
schaft,schaft,NOUN,106,,,
aufklärung,aufklärung,NOUN,106,,,
gräfin,gräfin,PROPN,106,Typ,Narrativ,
begeistern,begeistern,VERB,106,,,
einübung,einübung,NOUN,106,,,
führung,führung,NOUN,106,,,
meiden,meiden,VERB,106,,,
unnütz,unnütz,ADV,106,,,
anziehen,anziehen,VERB,106,,,
abgeschlossen,abgeschlossen,VERB,106,,,
erheblich,erheblich,ADV,106,,,
wiese,wiese,NOUN,105,,,
erschüttern,erschüttern,VERB,105,,,
unwürdig,unwürdig,ADV,105,,,
wange,wange,NOUN,105,,,
vokal,vokal,ADV,105,,,
schlagend,schlagend,ADV,105,,,
kunstvoll,kunstvoll,ADV,105,,,
adjektiv,adjektiv,ADV,105,,,
tauchen,tauchen,VERB,105,,,
hauptgedanke,hauptgedanke,VERB,105,,,
nachdrücklich,nachdrücklich,ADV,105,,,
bar,bar,ADV,105,,,
begierde,begierde,NOUN,105,,,
analytisch,analytisch,ADV,105,,,
wetter,wetter,NOUN,105,,,
ungestüm,ungestüm,ADV,105,,,
ausreichen,ausreichen,VERB,105,,,
claudiu,claudiu,PROPN,105,,,
verwechseln,verwechseln,VERB,105,,,
bestreiten,bestreiten,VERB,105,,,
erklingen,erklingen,VERB,105,,,
bürgschaft,bürgschaft,NOUN,105,,,
vilmar,vilmar,PROPN,105,,,
imstande,imstande,ADV,105,,,
widerlegen,widerlegen,VERB,104,,,
wohlgefallen,wohlgefallen,VERB,104,,,
vorherrschend,vorherrschend,ADV,104,,,
verbrechen,verbrechen,NOUN,104,,,
fremdling,fremdling,X,104,,,
vertreiben,vertreiben,VERB,104,,,
verschweigen,verschweigen,VERB,104,,,
maler,maler,NOUN,104,,,
eindringlich,eindringlich,ADV,104,,,
müde,müde,ADV,104,,,
geschwind,geschwind,ADV,104,,,
gram,gram,X,104,,,
stuttgart,stuttgart,PROPN,104,Ort,,
gereift,gereift,VERB,104,,,
abhalten,abhalten,VERB,104,,,
befähigung,befähigung,NOUN,104,,,
entdeckung,entdeckung,NOUN,104,,,
spinnen,spinnen,VERB,104,,,
wörterbuch,wörterbuch,NOUN,104,,,
antreiben,antreiben,VERB,104,,,
practisch,practisch,ADV,104,Praxis,,
formel,formel,NOUN,103,,,
mutig,mutig,ADV,103,,,
verschmähen,verschmähen,VERB,103,,,
rüdiger,rüdiger,PROPN,103,,,
schweigend,schweigend,ADV,103,,,
bedeutungsvoll,bedeutungsvoll,ADV,103,,,
verbunden,verbunden,VERB,103,,,
regiment,regiment,NOUN,103,,,
durchführung,durchführung,NOUN,103,,,
mark,mark,NOUN,103,,,
landmann,landmann,NOUN,103,,,
habsburg,habsburg,PROPN,103,Typ,Nation,
ebensowenig,ebensowenig,ADV,103,,,
philologe,philologe,NOUN,103,,,
oheim,oheim,PROPN,103,,,
wanderung,wanderung,NOUN,103,,,
erschweren,erschweren,VERB,103,,,
ler,ler,X,103,,,
abfassung,abfassung,NOUN,103,,,
gelernt,gelernt,VERB,103,,,
komma,komma,NOUN,103,,,
durchmachen,durchmachen,VERB,103,,,
zurückbleiben,zurückbleiben,VERB,102,,,
bescheidenheit,bescheidenheit,NOUN,102,,,
bedeckt,bedeckt,ADV,102,,,
metrum,metrum,PROPN,102,Poetologie,Lyrik,
götzinger,götzinger,NOUN,102,,,
klippe,klippe,NOUN,102,,,
mauern,maürn,PROPN,102,,,
namens,namens,ADP,102,,,
befürchten,befürchten,VERB,102,,,
untergeordnet,untergeordnet,VERB,102,,,
bannen,bannen,VERB,102,,,
kleider,kleider,NOUN,102,,,
zusammensetzen,zusammensetzen,VERB,102,,,
autorität,autorität,NOUN,102,,,
platzen,platzen,VERB,102,,,
rest,rest,NOUN,102,,,
ohnehin,ohnehin,ADV,102,,,
schichten,schichten,NOUN,102,,,
hinweisung,hinweisung,NOUN,102,,,
bezweifeln,bezweifeln,VERB,102,,,
thekla,thekla,PROPN,102,,,
einblick,einblick,PROPN,102,,,
pilger,pilger,NOUN,102,,,
etzel,etzel,NOUN,102,Person,Literatur,
verhandlung,verhandlung,NOUN,102,,,
anfertigen,anfertigen,VERB,102,,,
verwundern,verwundern,VERB,101,,,
mager,mager,ADV,101,,,
verbannen,verbannen,VERB,101,,,
färbung,färbung,NOUN,101,,,
auskunft,auskunft,NOUN,101,,,
vorzeit,vorzeit,NOUN,101,,,
entwicklungsgang,entwicklungsgang,ADV,101,,,
schlange,schlange,NOUN,101,,,
or,or,X,101,,,
ausstellung,ausstellung,NOUN,101,,,
gelungen,gelungen,VERB,101,,,
satzbau,satzbau,NOUN,101,,,
gebührend,gebührend,ADV,101,,,
schäfer,schäfer,PROPN,101,,,
zuversicht,zuversicht,NOUN,101,,,
vorsichtig,vorsichtig,ADV,101,,,
capitel,capitel,PROPN,101,Unterteilung ,Gattung,
rubrik,rubrik,NOUN,101,,,
behandelt,behandelt,VERB,101,,,
überwiegend,überwiegend,ADV,101,,,
einlassen,einlassen,VERB,101,,,
späterhin,späterhin,ADV,101,,,
pflug,pflug,PROPN,101,,,
blüthe,blüthe,PROPN,100,,,
einfalt,einfalt,VERB,100,,,
jambisch,jambisch,ADV,100,,,
einsetzen,einsetzen,VERB,100,,,
entsetzlich,entsetzlich,ADV,100,,,
endung,endung,NOUN,100,,,
flach,flach,ADV,100,,,
einschließen,einschließen,VERB,100,,,
aufrecht,aufrecht,ADV,100,,,
besuch,besuch,NOUN,100,,,
drehen,drehen,VERB,100,,,
wehen,wehen,VERB,100,,,
ansprechend,ansprechend,ADV,100,,,
buttler,buttler,PROPN,100,,,
schlufs,schlufs,PROPN,100,,,
werbung,werbung,NOUN,100,,,
fortgesetzt,fortgesetzt,VERB,99,,,
spannen,spannen,VERB,99,,,
beistehen,beistehen,VERB,99,,,
ausbruch,ausbruch,NOUN,99,,,
jahrbuch,jahrbuch,NOUN,99,,,
stumpf,stumpf,ADV,99,,,
gipfel,gipfel,NOUN,99,,,
weber,weber,PROPN,99,,,
religionsunterricht,religionsunterricht,NOUN,99,,,
manier,manier,NOUN,99,,,
erstreben,erstreben,VERB,99,,,
stundenzahl,stundenzahl,NOUN,99,,,
problem,problem,NOUN,99,,,
ausprägen,ausprägen,VERB,98,,,
hoffentlich,hoffentlich,ADV,98,,,
schallen,schallen,VERB,98,,,
zuneigung,zuneigung,NOUN,98,,,
beschreibend,beschreibend,ADV,98,,,
hinziehen,hinziehen,VERB,98,,,
unwiderstehlich,unwiderstehlich,ADV,98,,,
wirth,wirth,PROPN,98,,,
hügel,hügel,PROPN,98,,,
scheren,scheren,VERB,98,,,
kummer,kummer,PROPN,98,,,
tropfen,tropfen,VERB,98,,,
liebenswürdig,liebenswürdig,ADV,98,,,
werdend,werdend,AUX,98,,,
fürstlich,fürstlich,ADV,98,,,
nachhaltig,nachhaltig,ADV,98,,,
gefordert,gefordert,VERB,98,,,
benennung,benennung,NOUN,98,,,
sol,sol,X,98,,,
erweckung,erweckung,NOUN,98,,,
äufsern,äufsern,VERB,98,,,
tonwort,tonwort,NOUN,98,,,
fehlerhaft,fehlerhaft,ADV,97,,,
pedantisch,pedantisch,ADV,97,,,
beleuchtung,beleuchtung,NOUN,97,,,
erworben,erworben,VERB,97,,,
schmach,schmach,NOUN,97,,,
sonett,sonett,NOUN,97,,,
wohltätig,wohltätig,ADV,97,,,
hiernach,hiernach,ADV,97,,,
beseelen,beseelen,VERB,97,,,
aufrichtig,aufrichtig,ADV,97,,,
hoheit,hoheit,NOUN,97,,,
ermordung,ermordung,NOUN,97,,,
tertianer,tertianer,NOUN,97,,,
hartmut,hartmut,PROPN,97,,,
thöricht,thöricht,PROPN,96,,,
reinigen,reinigen,VERB,96,,,
bezahlen,bezahlen,VERB,96,,,
schleichen,schleichen,VERB,96,,,
besonnenheit,besonnenheit,NOUN,96,,,
ahnungsvoll,ahnungsvoll,ADV,96,,,
spielend,spielend,ADV,96,,,
spätern,spätern,NOUN,96,Zeit,,
verstummen,verstummen,VERB,96,,,
anmuthig,anmuthig,ADV,96,,,
blitz,blitz,PROPN,96,,,
rose,rose,NOUN,96,,,
durchgehen,durchgehen,VERB,96,,,
vorschweben,vorschweben,VERB,96,,,
unabhängig,unabhängig,ADV,96,,,
skizze,skizze,NOUN,96,,,
wonach,wonach,ADV,96,,,
blättern,blättern,VERB,96,,,
unwahrheit,unwahrheit,NOUN,96,,,
handhaben,handhaben,VERB,96,,,
nimmermehr,nimmermehr,ADV,96,,,
zukommen,zukommen,VERB,96,,,
paragraph,paragraph,PROPN,96,,,
mittelbar,mittelbar,ADV,96,,,
syntax,syntax,VERB,96,,,
beredsamkei,beredsamkei,PROPN,96,,,
ausgedehnt,ausgedehnt,VERB,96,,,
kirchenlied,kirchenlied,NOUN,96,,,
obertertia,obertertia,PROPN,96,,,
stetig,stetig,ADV,95,,,
schämen,schämen,VERB,95,,,
zweierlei,zweierlei,DET,95,,,
knieen,knieen,PROPN,95,,,
katze,katze,NOUN,95,,,
kriegerisch,kriegerisch,ADV,95,,,
zurücktreten,zurücktreten,VERB,95,,,
vorausgehen,vorausgehen,VERB,95,,,
palast,palast,NOUN,95,,,
zweig,zweig,NOUN,95,,,
nochmals,nochmals,ADV,95,,,
vorgänger,vorgänger,NOUN,95,,,
unpassend,unpassend,ADV,95,,,
entsagen,entsagen,VERB,95,,,
unbegreiflich,unbegreiflich,ADV,95,,,
sonderbar,sonderbar,ADV,95,,,
nu,nu,X,95,,,
liebling,liebling,X,95,,,
dreimal,dreimal,ADV,95,,,
genussen,genussen,VERB,95,,,
stilübung,stilübung,NOUN,95,,,
individü,individü,PROPN,95,,,
anstehen,anstehen,VERB,95,,,
rechtfertigung,rechtfertigung,NOUN,95,,,
heilung,heilung,NOUN,95,,,
kriegslied,kriegslied,NOUN,95,,,
kaufen,kaufen,VERB,95,,,
sprichwört,sprichwört,VERB,95,,,
nötigen,nötigen,ADJ,95,,,
verloren,verloren,VERB,95,,,
beiwört,beiwört,VERB,95,,,
jacob,jacob,PROPN,94,,,
geistesbildung,geistesbildung,NOUN,94,,,
unheil,unheil,NOUN,94,,,
anschaulichkeit,anschaulichkeit,NOUN,94,,,
korn,korn,NOUN,94,,,
motivirt,motivirt,NOUN,94,,,
einfallen,einfallen,VERB,94,,,
knoten,knoten,NOUN,94,,,
blitzen,blitzen,VERB,94,,,
höchster,höchster,ADJ,94,,,
schande,schande,NOUN,94,,,
he,he,X,94,,,
behagen,behagen,VERB,94,,,
entfernen,entfernen,VERB,94,,,
verändert,verändert,VERB,94,,,
theologe,theologe,NOUN,94,,,
befördern,befördern,VERB,94,,,
mäßig,mäßig,ADV,94,,,
seminar,seminar,PROPN,94,,,
dienend,dienend,ADV,94,,,
verwunden,verwunden,VERB,94,,,
wiedersehen,wiedersehen,VERB,94,,,
berichtigen,berichtigen,VERB,94,,,
redekunst,redekunst,PROPN,94,Poetologie,Rhetorik,
anbringen,anbringen,VERB,94,,,
gründlichkeit,gründlichkeit,NOUN,93,,,
symbol,symbol,NOUN,93,,,
apollo,apollo,PROPN,93,,,
weben,weben,VERB,93,,,
staunen,staunen,VERB,93,,,
frühzeitig,frühzeitig,ADV,93,,,
unterstützung,unterstützung,NOUN,93,,,
os,os,X,93,,,
evangelium,evangelium,NOUN,93,,,
stofflich,stofflich,ADV,93,,,
heutzutage,heutzutage,ADV,93,,,
lustspiel,lustspiel,X,93,,,
abt,abt,PROPN,93,,,
behörde,behörde,NOUN,93,,,
stand,stand,VERB,92,,,
kluft,kluft,NOUN,92,,,
gemüthes,gemüthes,ADJ,92,Emotion ,,
hallen,hallen,VERB,92,,,
rührung,rührung,PROPN,92,,,
verklären,verklären,VERB,92,,,
arion,arion,NOUN,92,,,
verein,verein,NOUN,92,,,
heiligtum,heiligtum,NOUN,92,,,
aufschwung,aufschwung,NOUN,92,,,
rosen,rosen,PROPN,92,,,
elegisch,elegisch,ADV,92,,,
sächsisch,sächsisch,ADV,92,,,
herodot,herodot,NOUN,92,Person,Schriftsteller,Historisch 
lesend,lesend,ADV,92,Praktik,Lesen,
unwesentlich,unwesentlich,ADV,92,,,
ter,ter,X,92,,,
festlich,festlich,ADV,92,,,
idyllisch,idyllisch,ADV,92,,,
mährchen,mährchen,NOUN,92,,,
vorgehen,vorgehen,VERB,92,,,
kleidung,kleidung,NOUN,92,,,
christus,christus,PROPN,92,,,
aufkommen,aufkommen,VERB,92,,,
regieren,regieren,VERB,92,,,
widerstreben,widerstreben,VERB,92,,,
nummer,nummer,NOUN,92,,,
reineken,reineken,NOUN,92,,,
ehrgeiz,ehrgeiz,PROPN,92,,,
aufbau,aufbau,NOUN,92,,,
gelegen,gelegen,VERB,92,,,
concret,concret,PROPN,92,,,
jhnen,jhnen,NOUN,92,,,
kanon,kanon,PROPN,92,,,
eigenartig,eigenartig,ADV,92,,,
sowol,sowol,NOUN,92,,,
schulwesen,schulwesen,NOUN,92,,,
rudenz,rudenz,NOUN,92,,,
dionys,dionys,PROPN,92,,,
unermüdlich,unermüdlich,ADV,91,,,
überraschen,überraschen,VERB,91,,,
mode,mode,NOUN,91,,,
besorgt,besorgt,ADV,91,,,
dargestellt,dargestellt,VERB,91,,,
schaf,schaf,NOUN,91,,,
triumph,triumph,PROPN,91,,,
begraben,begraben,VERB,91,,,
schauspieler,schauspieler,NOUN,91,,,
fressen,fressen,VERB,91,,,
büßen,büßen,VERB,91,,,
entbehrlich,entbehrlich,ADV,91,,,
verschmelzen,verschmelzen,VERB,91,,,
läutern,läutern,VERB,91,,,
abhelfen,abhelfen,VERB,91,,,
gebunden,gebunden,VERB,91,,,
zutrauen,zutraün,PROPN,91,,,
rechtschreibung,rechtschreibung,NOUN,91,,,
schülerin,schülerin,NOUN,91,,,
errichten,errichten,VERB,91,,,
prät,prät,NOUN,91,,,
mär,mär,PROPN,91,,,
gewifs,gewifs,NOUN,91,,,
heldin,heldin,PROPN,90,,,
zustimmung,zustimmung,NOUN,90,,,
linden,linden,VERB,90,,,
schieben,schieben,VERB,90,,,
geheimnißvoll,geheimnißvoll,NOUN,90,,,
aberglaube,aberglaube,NOUN,90,,,
gefährt,gefährt,VERB,90,,,
dialektisch,dialektisch,ADV,90,,,
platt,platt,ADV,90,,,
ermüden,ermüden,VERB,90,,,
viehoff,viehoff,NOUN,90,Person,Didaktik ,
erbarmen,erbarmen,VERB,90,,,
herde,herde,NOUN,90,,,
versuchung,versuchung,NOUN,90,,,
anspielung,anspielung,NOUN,90,,,
ersehen,ersehen,VERB,90,,,
humoristisch,humoristisch,ADV,90,,,
plural,plural,ADV,90,,,
ausstatten,ausstatten,VERB,90,,,
ausführlichkeit,ausführlichkeit,NOUN,90,,,
verurteilen,verurteilen,VERB,90,,,
ersatz,ersatz,NOUN,90,,,
mönch,mönch,NOUN,90,,,
mitbringen,mitbringen,VERB,90,,,
rechenschaft,rechenschaft,NOUN,90,,,
gönnen,gönnen,VERB,90,,,
veranschaulichung,veranschaulichung,NOUN,90,,,
anfänger,anfänger,NOUN,90,,,
thiersch,thiersch,NOUN,90,,,
hexamet,hexamet,PROPN,90,,,
rednerisch,rednerisch,ADV,90,Beschreibung,Rhetorik,Poetologie
lessingsch,lessingsch,ADV,90,Beschreibung,Poetologie,Person 
landgraf,landgraf,PROPN,90,,,
aussehen,aussehen,VERB,90,,,
sinnlichkeit,sinnlichkeit,NOUN,89,,,
gewöhnung,gewöhnung,NOUN,89,,,
erwünscht,erwünscht,ADV,89,,,
faden,faden,ADJ,89,,,
erhöht,erhöht,VERB,89,,,
miene,miene,NOUN,89,,,
flügel,flügel,NOUN,89,,,
südlich,südlich,ADV,89,,,
geschwister,geschwister,X,89,,,
ausg,ausg,NOUN,89,,,
umgehen,umgehen,VERB,89,,,
erlassen,erlassen,VERB,89,,,
rad,rad,NOUN,89,,,
verknüpfung,verknüpfung,NOUN,89,,,
betrügen,betrügen,NOUN,89,,,
nachbilden,nachbilden,VERB,89,,,
accent,accent,NOUN,89,,,
bildungsstufe,bildungsstufe,NOUN,89,,,
genial,genial,ADV,89,,,
auslassen,auslassen,VERB,89,,,
nachweis,nachweis,NOUN,89,,,
verzeichnis,verzeichnis,NOUN,89,,,
einflussen,einflussen,VERB,89,,,
ehrwürdig,ehrwürdig,ADV,88,,,
abweisen,abweisen,VERB,88,,,
energie,energie,NOUN,88,,,
alltäglich,alltäglich,ADV,88,,,
gemüther,gemüther,ADV,88,,,
gesichtspunct,gesichtspunct,PROPN,88,,,
produktion,produktion,NOUN,88,,,
erläuternd,erläuternd,ADV,88,Methode,,
retter,retter,PROPN,88,,,
grundgedanke,grundgedanke,NOUN,88,,,
polykrat,polykrat,NOUN,88,,,
spanien,spanien,PROPN,88,,,
benennen,benennen,VERB,88,,,
mauer,maür,PROPN,88,,,
berührung,berührung,NOUN,88,,,
aufhalten,aufhalten,VERB,88,,,
erlebnis,erlebnis,NOUN,88,,,
geübt,geübt,VERB,88,,,
hauptinhalt,hauptinhalt,PROPN,88,,,
auffallen,auffallen,VERB,88,,,
entschiedener,entschiedener,ADJ,88,,,
vorschreiben,vorschreiben,VERB,88,,,
bekunden,bekunden,VERB,88,,,
wohlthünd,wohlthünd,NOUN,88,,,
unterdrücken,unterdrücken,VERB,88,,,
altklassisch,altklassisch,ADV,88,,,
förmlich,förmlich,ADV,88,,,
blasen,blasen,VERB,88,,,
abwenden,abwenden,VERB,88,,,
sühne,sühne,VERB,88,,,
päd,päd,PROPN,88,,,
scherer,scherer,NOUN,88,,,
januar,januar,NOUN,88,,,
preufsisch,preufsisch,ADV,88,,,
sieger,sieger,NOUN,87,,,
vermittelung,vermittelung,NOUN,87,,,
waschen,waschen,VERB,87,,,
feinheit,feinheit,NOUN,87,,,
genitiv,genitiv,ADV,87,,,
stube,stube,NOUN,87,,,
hinüber,hinüber,ADV,87,,,
refrain,refrain,NOUN,87,,,
sa,sa,X,87,,,
zurückhalten,zurückhalten,VERB,87,,,
we,we,X,87,,,
angabe,angabe,NOUN,87,,,
ibyku,ibyku,VERB,87,,,
zufallen,zufallen,VERB,87,,,
belebung,belebung,NOUN,87,,,
jubel,jubel,NOUN,87,,,
technisch,technisch,ADV,87,,,
freiheitskrieg,freiheitskrieg,PROPN,87,,,
verfügung,verfügung,NOUN,87,,,
munter,munter,ADV,86,,,
tacitu,tacitu,PROPN,86,,,
pforte,pforte,VERB,86,,,
sterblich,sterblich,ADV,86,,,
siebent,siebent,PROPN,86,,,
entzünden,entzünden,VERB,86,,,
beistimmen,beistimmen,VERB,86,,,
protestantisch,protestantisch,ADV,86,Theologie,,
zittern,zittern,VERB,86,,,
herkules,herkules,PROPN,86,,,
trümmer,trümmer,NOUN,86,,,
repräsentant,repräsentant,PROPN,86,,,
plagen,plagen,VERB,86,,,
gleichheit,gleichheit,NOUN,86,,,
stürmisch,stürmisch,ADV,86,,,
beschränkt,beschränkt,VERB,86,,,
täuschung,täuschung,NOUN,86,,,
huldigen,huldigen,VERB,86,,,
empfehlung,empfehlung,NOUN,86,,,
raten,raten,VERB,86,,,
geschöpf,geschöpf,PROPN,86,,,
unwahr,unwahr,ADV,86,,,
chronologisch,chronologisch,ADV,86,,,
geschildert,geschildert,VERB,86,,,
frankfurt,frankfurt,PROPN,86,,,
galotti,galotti,NOUN,86,,,
kennzeichnen,kennzeichnen,VERB,86,,,
bertha,bertha,VERB,86,,,
steigend,steigend,ADV,85,,,
citat,citat,NOUN,85,,,
rüstig,rüstig,ADV,85,,,
schaffend,schaffend,ADV,85,,,
gewandt,gewandt,VERB,85,,,
construction,construction,X,85,,,
empfänglichkeit,empfänglichkeit,NOUN,85,,,
bank,bank,NOUN,85,,,
heiland,heiland,VERB,85,,,
anvertrauen,anvertraün,PROPN,85,,,
wahnsinn,wahnsinn,NOUN,85,,,
menschengeschlecht,menschengeschlecht,NOUN,85,,,
heerd,heerd,PROPN,85,,,
wirkend,wirkend,ADV,85,,,
strecken,strecken,VERB,85,,,
zieren,zieren,VERB,85,,,
vorbereitend,vorbereitend,ADV,85,,,
wiederkehr,wiederkehr,ADV,85,,,
diesmal,diesmal,ADV,85,,,
strudel,strudel,NOUN,85,,,
ungern,ungern,ADV,85,,,
dramatiker,dramatiker,PROPN,85,,,
abfall,abfall,NOUN,85,,,
steif,steif,ADV,85,,,
student,student,NOUN,85,,,
interpunktion,interpunktion,NOUN,85,,,
landvogt,landvogt,NOUN,85,,,
auswendiglern,auswendiglern,VERB,85,,,
niedern,niedern,PRON,85,,,
absprechen,absprechen,VERB,85,,,
rahmen,rahmen,NOUN,85,,,
lachmann,lachmann,PROPN,85,,,
geburtstag,geburtstag,NOUN,85,,,
consequenz,conseqünz,NOUN,85,,,
schulausgabe,schulausgabe,NOUN,85,,,
eigenart,eigenart,X,85,,,
lanze,lanze,NOUN,85,,,
à,à,X,85,,,
oktavio,oktavio,PROPN,85,,,
allmählig,allmählig,ADV,84,,,
heitern,heitern,VERB,84,,,
flammen,flammen,NOUN,84,,,
geschmackvoll,geschmackvoll,ADV,84,,,
trotzig,trotzig,ADV,84,,,
muthig,muthig,ADV,84,,,
beschränktheit,beschränktheit,NOUN,84,,,
hervortretend,hervortretend,ADV,84,,,
studieren,studieren,VERB,84,,,
prägen,prägen,VERB,84,,,
gesellschaftlich,gesellschaftlich,ADV,84,,,
unheimlich,unheimlich,ADV,84,,,
bewährt,bewährt,VERB,84,,,
gemüthlich,gemüthlich,ADV,84,,,
principien,principien,NOUN,84,,,
volksepo,volksepo,PROPN,84,,,
analogie,analogie,NOUN,84,,,
abgrund,abgrund,NOUN,84,,,
athen,athen,PROPN,84,,,
wachtmeister,wachtmeister,PROPN,84,,,
negativ,negativ,ADV,84,,,
begabung,begabung,NOUN,84,,,
kinderfreund,kinderfreund,PROPN,84,,,
fragment,fragment,NOUN,83,,,
dankbarkeit,dankbarkeit,NOUN,83,,,
mythisch,mythisch,ADV,83,,,
hindeuten,hindeuten,VERB,83,,,
ruhend,ruhend,ADV,83,,,
desgleichen,desgleichen,ADV,83,,,
väterlich,väterlich,ADV,83,Gender,Mask,
vertheilung,vertheilung,NOUN,83,,,
lenau,lenau,NOUN,83,,,
baden,baden,VERB,83,,,
auftrag,auftrag,NOUN,83,,,
haufen,haufen,NOUN,83,,,
gesteigert,gesteigert,VERB,83,,,
bestellen,bestellen,VERB,83,,,
thaler,thaler,PROPN,83,,,
idyll,idyll,PROPN,83,,,
zierde,zierde,NOUN,83,,,
heller,heller,PROPN,83,,,
franken,franken,PROPN,83,,,
zierlich,zierlich,ADV,83,,,
schwelle,schwelle,NOUN,83,,,
schweden,schweden,PROPN,83,,,
ausstattung,ausstattung,NOUN,83,,,
rügen,rügen,PROPN,83,,,
fremdartig,fremdartig,ADV,83,,,
politik,politik,NOUN,83,,,
vorwiegend,vorwiegend,ADV,83,,,
sturz,sturz,NOUN,83,,,
schlachtfeld,schlachtfeld,NOUN,83,,,
trostlos,trostlos,ADV,83,,,
ackerbau,ackerbau,NOUN,83,,,
bischof,bischof,NOUN,83,,,
wortschatz,wortschatz,NOUN,83,,,
leicest,leicest,NOUN,83,,,
sammen,sammen,VERB,82,,,
phantastisch,phantastisch,ADV,82,Phantasie,Ästhetik,Idealismus
nachträglich,nachträglich,ADV,82,,,
studiren,studiren,VERB,82,,,
heroisch,heroisch,ADV,82,,,
än,än,X,82,,,
aufbauen,aufbaün,PROPN,82,,,
alpen,alpen,NOUN,82,Raum,,
uralt,uralt,ADV,82,,,
schweifen,schweifen,VERB,82,,,
schwur,schwur,NOUN,82,,,
zusammenhängen,zusammenhängen,VERB,82,,,
untergehen,untergehen,VERB,82,,,
sprengen,sprengen,VERB,82,,,
busch,busch,NOUN,82,,,
vorübergehend,vorübergehend,ADV,82,,,
königl,königl,PROPN,82,,,
schüchtern,schüchtern,ADV,82,,,
wahrend,wahrend,ADV,82,Zeit,Logik,
ableitung,ableitung,NOUN,82,,,
unterordnen,unterordnen,VERB,82,,,
mißtrauen,mißtraün,PROPN,82,,,
spielraum,spielraum,NOUN,82,,,
technik,technik,NOUN,82,,,
gären,gären,VERB,82,,,
gedrängt,gedrängt,VERB,82,,,
verborgen,verborgen,VERB,82,,,
bedrohen,bedrohen,VERB,82,,,
aufstellung,aufstellung,NOUN,82,,,
edenhall,edenhall,NOUN,82,,,
geistesleben,geistesleben,NOUN,82,Welt,Idealismus,
erklärend,erklärend,ADV,82,,,
hoffmann,hoffmann,PROPN,82,,,
lehrgang,lehrgang,NOUN,82,,,
beanspruchen,beanspruchen,VERB,82,,,
verherrlichung,verherrlichung,NOUN,82,,,
hohenstaufen,hohenstaufen,VERB,82,,,
abbrechen,abbrechen,VERB,81,,,
auftretend,auftretend,ADV,81,,,
malerisch,malerisch,ADV,81,,,
heiterkeit,heiterkeit,NOUN,81,,,
morgens,morgens,ADV,81,,,
harmlos,harmlos,ADV,81,,,
romanisch,romanisch,ADV,81,Sprache,,
mühen,mühen,VERB,81,,,
verzeihen,verzeihen,VERB,81,,,
ro,ro,X,81,,,
samen,samen,NOUN,81,,,
übelstehen,übelstehen,VERB,81,,,
schlechthin,schlechthin,ADV,81,,,
julius,julius,PROPN,81,,,
testament,testament,NOUN,81,,,
jahrh,jahrh,PROPN,81,,,
peter,peter,PROPN,81,,,
satzlehre,satzlehre,VERB,81,,,
hauptmann,hauptmann,PROPN,81,,,
vorbildung,vorbildung,NOUN,81,,,
alexander,alexander,PROPN,81,,,
linde,linde,NOUN,81,Narrativ,,
prädikat,prädikat,NOUN,81,,,
geboten,geboten,VERB,81,,,
schmieden,schmieden,VERB,81,,,
sam,sam,PROPN,81,,,
widerwille,widerwille,PROPN,81,,,
schulzeit,schulzeit,NOUN,81,,,
mil,mil,X,81,,,
ermöglichen,ermöglichen,VERB,81,,,
ankündigen,ankündigen,VERB,81,,,
verhängnisvoll,verhängnisvoll,ADV,81,,,
österreichisch,österreichisch,ADV,81,Nation,,
genauigkeit,genauigkeit,NOUN,80,,,
vollenden,vollenden,VERB,80,,,
dä,dä,X,80,,,
eilig,eilig,ADV,80,,,
entschiedenheit,entschiedenheit,NOUN,80,,,
äußerst,äußerst,ADV,80,,,
dreifach,dreifach,ADV,80,,,
schütteln,schütteln,VERB,80,,,
anklingen,anklingen,VERB,80,,,
kümmern,kümmern,VERB,80,,,
glühen,glühen,VERB,80,,,
schullektüre,schullektüre,VERB,80,,,
basis,basis,NOUN,80,,,
wehmuth,wehmuth,PROPN,80,,,
liviu,liviu,NOUN,80,,,
verdacht,verdacht,NOUN,80,,,
studirt,studirt,PROPN,80,,,
haupttheil,haupttheil,NOUN,80,,,
unerläßlich,unerläßlich,ADV,80,,,
anfänglich,anfänglich,ADV,80,,,
bildungsmittel,bildungsmittel,NOUN,80,Lehrmedien,,
märz,märz,PROPN,80,,,
markt,markt,NOUN,80,,,
materie,materie,NOUN,80,,,
allgemeinheit,allgemeinheit,NOUN,80,,,
aufklären,aufklären,VERB,80,,,
erscheinend,erscheinend,ADV,80,,,
proserpina,proserpina,PROPN,80,,,
anzürkennen,anzürkennen,NOUN,80,,,
evangelisch,evangelisch,ADV,80,Theologie,,
zurecht,zurecht,ADV,80,,,
vorbringen,vorbringen,VERB,80,,,
jahrzehnt,jahrzehnt,ADV,80,,,
mitschüler,mitschüler,NOUN,80,Schule,Typ,
unterrichtsstunde,unterrichtsstunde,ADJ,80,Praktik,Zeit ,Schule
repetition,repetition,NOUN,80,,,
direct,direct,PROPN,80,,,
ulrich,ulrich,PROPN,80,,,
declamation,declamation,NOUN,80,,,
bezwingen,bezwingen,VERB,80,,,
aufbewahren,aufbewahren,VERB,80,,,
begünstigen,begünstigen,VERB,80,,,
lesestückes,lesestückes,PROPN,80,Lehrmedien,,
bestimmend,bestimmend,ADV,80,,,
freytag,freytag,PROPN,80,,,
hilfsmittel,hilfsmittel,NOUN,80,,,
gottfried,gottfried,PROPN,80,,,
ahnlich,ahnlich,ADV,80,,,
volkspoesie,volkspösie,NOUN,79,,,
hochachtung,hochachtung,NOUN,79,,,
einflößen,einflößen,VERB,79,,,
leier,leier,NOUN,79,,,
verächtlich,verächtlich,ADV,79,,,
meisterschaft,meisterschaft,NOUN,79,,,
glatt,glatt,ADV,79,,,
volksmäßig,volksmäßig,ADV,79,,,
nachsatz,nachsatz,NOUN,79,,,
eroberer,eroberer,NOUN,79,,,
ewigkeit,ewigkeit,NOUN,79,,,
abhängen,abhängen,VERB,79,,,
klagend,klagend,ADV,79,,,
schulden,schulden,VERB,79,,,
unsicher,unsicher,ADV,79,,,
beigeben,beigeben,VERB,79,,,
berauben,berauben,VERB,79,,,
thü,thü,X,79,,,
sprachwissenschaft,sprachwissenschaft,NOUN,79,,,
mundartlich,mundartlich,ADV,79,,,
prof,prof,PROPN,79,,,
tüchtigkeit,tüchtigkeit,NOUN,79,,,
rousseau,rousseau,PROPN,79,,,
verwirklichen,verwirklichen,VERB,79,,,
lebensverhältnis,lebensverhältnis,NOUN,79,Welt,,
tempo,tempo,NOUN,79,,,
erfordernis,erfordernis,PROPN,79,,,
übertreibung,übertreibung,NOUN,79,,,
werkzeug,werkzeug,NOUN,79,,,
einwand,einwand,NOUN,79,,,
zusagen,zusagen,NOUN,78,,,
nachwelt,nachwelt,VERB,78,,,
buße,buße,NOUN,78,,,
grell,grell,ADV,78,,,
detail,detail,NOUN,78,,,
natürlichkeit,natürlichkeit,NOUN,78,,,
genus,genus,X,78,Gender,Sprache,
wiederkehren,wiederkehren,VERB,78,,,
wanken,wanken,VERB,78,,,
gruß,gruß,PROPN,78,,,
ergänzend,ergänzend,ADV,78,,,
überein,überein,ADP,78,,,
kleinigkeit,kleinigkeit,NOUN,78,,,
hinterlassen,hinterlassen,VERB,78,,,
laster,laster,NOUN,78,,,
herausstellen,herausstellen,VERB,78,,,
freitag,freitag,NOUN,78,,,
langweilig,langweilig,ADV,78,,,
veredeln,veredeln,VERB,78,,,
bedingen,bedingen,VERB,78,,,
komödie,komödie,NOUN,78,,,
mythu,mythu,X,78,,,
anhänger,anhänger,NOUN,78,,,
selbsttätigkeit,selbsttätigkeit,NOUN,78,,,
belebend,belebend,ADV,78,,,
erhaltung,erhaltung,NOUN,78,,,
dankenswert,dankenswert,VERB,78,,,
überlegung,überlegung,NOUN,78,,,
jahrgang,jahrgang,NOUN,78,,,
synonym,synonym,ADV,78,,,
gedruckt,gedruckt,VERB,78,,,
erziehend,erziehend,ADV,78,,,
auftragen,auftragen,VERB,78,,,
geschicklichkeit,geschicklichkeit,NOUN,78,,,
gesammelt,gesammelt,VERB,78,,,
volksleben,volksleben,VERB,78,Welt,Nation,
schenkendorf,schenkendorf,PROPN,78,,,
verständig,verständig,ADV,77,positive Bewertung,,
unbeachtet,unbeachtet,ADV,77,,,
auflösung,auflösung,NOUN,77,,,
festigkeit,festigkeit,NOUN,77,,,
bestandtheil,bestandtheil,NOUN,77,,,
vorbehalten,vorbehalten,VERB,77,,,
hauchen,hauchen,VERB,77,,,
zweikampf,zweikampf,NOUN,77,,,
unvergleichlich,unvergleichlich,ADV,77,,,
brand,brand,NOUN,77,,,
erbauen,erbaün,NOUN,77,Theologie,Narrativ,
gießen,gießen,VERB,77,,,
historiker,historiker,NOUN,77,,,
beschaffen,beschaffen,VERB,77,,,
eintretend,eintretend,ADV,77,,,
zurückgehen,zurückgehen,VERB,77,,,
übereinstimmend,übereinstimmend,ADV,77,,,
verhelfen,verhelfen,VERB,77,,,
fortlaufend,fortlaufend,ADV,77,,,
rector,rector,X,77,,,
acker,acker,NOUN,77,,,
verhüten,verhüten,VERB,77,,,
wortbildung,wortbildung,NOUN,77,,,
denker,denker,NOUN,77,,,
gemach,gemach,VERB,77,,,
verfall,verfall,NOUN,77,,,
tells,tells,ADV,77,,,
gröfst,gröfst,PROPN,77,,,
getrost,getrost,ADV,76,,,
stolberg,stolberg,PROPN,76,,,
hartmann,hartmann,PROPN,76,,,
durchgängig,durchgängig,ADV,76,,,
verstärken,verstärken,VERB,76,,,
fühlbar,fühlbar,ADV,76,,,
dativ,dativ,NOUN,76,,,
kühnheit,kühnheit,NOUN,76,,,
syntaktisch,syntaktisch,ADV,76,,,
orakel,orakel,NOUN,76,,,
wende,wende,VERB,76,,,
griech,griech,PROPN,76,,,
nachfolger,nachfolger,NOUN,76,,,
mitzutheil,mitzutheil,NOUN,76,,,
schall,schall,NOUN,76,,,
lehrling,lehrling,PROPN,76,,,
einleuchtend,einleuchtend,ADV,76,,,
vorsatz,vorsatz,NOUN,76,,,
april,april,NOUN,76,,,
selbstsucht,selbstsucht,NOUN,76,,,
hunger,hunger,NOUN,76,,,
geschlossen,geschlossen,VERB,76,,,
spalten,spalten,VERB,76,,,
umgestaltung,umgestaltung,NOUN,76,,,
erreichbar,erreichbar,ADV,76,,,
schö,schö,ADV,76,,,
kapelle,kapelle,NOUN,76,,,
häßlich,häßlich,ADV,76,,,
nachlesen,nachlesen,VERB,76,Praktik,Lesen,
erwartet,erwartet,VERB,76,,,
vertragen,vertragen,VERB,76,,,
schief,schief,ADV,76,,,
episode,episode,NOUN,76,,,
naturleben,naturleben,NOUN,76,Welt,Natur,
übersetzer,übersetzer,NOUN,76,,,
vertheidig,vertheidig,NOUN,76,,,
terzky,terzky,PROPN,76,,,
armee,armee,NOUN,76,,,
mittelschule,mittelschule,NOUN,76,,,
mustern,mustern,NOUN,76,,,
heldenthat,heldenthat,VERB,76,,,
teilweise,teilweise,ADV,76,,,
bestandteil,bestandteil,NOUN,76,,,
wächter,wächter,PROPN,76,,,
modification,modification,NOUN,76,,,
mädchenschule,mädchenschule,PROPN,76,,,
mortimer,mortimer,NOUN,76,,,
galgen,galgen,VERB,76,,,
haller,haller,PROPN,75,,,
bestrafen,bestrafen,VERB,75,,,
flamme,flamme,NOUN,75,,,
unsichtbar,unsichtbar,ADV,75,,,
begleiter,begleiter,NOUN,75,,,
entgegensetzen,entgegensetzen,VERB,75,,,
vertheilen,vertheilen,NOUN,75,,,
städtchen,städtchen,NOUN,75,,,
angelegt,angelegt,VERB,75,,,
verworren,verworren,ADV,75,,,
herauf,herauf,ADV,75,,,
wälzen,wälzen,VERB,75,,,
verhängnis,verhängnis,NOUN,75,,,
ex,ex,X,75,,,
blank,blank,ADV,75,,,
vorangehen,vorangehen,VERB,75,,,
erstaunen,erstaunen,VERB,75,,,
reform,reform,NOUN,75,,,
concreten,concreten,ADJ,75,,,
konrad,konrad,PROPN,75,,,
fingerzeig,fingerzeig,NOUN,75,,,
lebensvoll,lebensvoll,VERB,75,Welt,positive Bewertung,
winckelmann,winckelmann,PROPN,75,,,
zeitlich,zeitlich,ADV,75,,,
zeitung,zeitung,NOUN,75,,,
speziell,speziell,ADV,75,,,
hochzeit,hochzeit,NOUN,75,,,
werkstatt,werkstatt,NOUN,75,,,
verwertung,verwertung,NOUN,75,,,
verrat,verrat,NOUN,75,,,
staatlich,staatlich,ADV,75,,,
hunne,hunne,VERB,75,,,
niederlage,niederlage,NOUN,75,,,
ebenbürtig,ebenbürtig,ADV,75,,,
ehedem,ehedem,ADV,75,,,
carlos,carlos,PROPN,74,,,
seligkeit,seligkeit,NOUN,74,,,
angewandt,angewandt,VERB,74,,,
aufregen,aufregen,VERB,74,,,
jesus,jesus,PROPN,74,,,
scherzen,scherzen,VERB,74,,,
erquicken,erquicken,VERB,74,,,
einladen,einladen,VERB,74,,,
größern,größern,VERB,74,,,
süden,süden,NOUN,74,,,
streuen,streün,PROPN,74,,,
leidend,leidend,ADV,74,,,
präposition,präposition,NOUN,74,,,
forscher,forscher,NOUN,74,,,
vertauschen,vertauschen,VERB,74,,,
stuck,stuck,NOUN,74,,,
zuvörderst,zuvörderst,ADV,74,,,
überraschend,überraschend,ADV,74,,,
abdrucken,abdrucken,VERB,74,,,
ausgebildet,ausgebildet,VERB,74,,,
gewerbe,gewerbe,NOUN,74,,,
stattlich,stattlich,ADV,74,,,
anschauungsweise,anschauungsweise,NOUN,74,,,
kundig,kundig,ADV,74,,,
unterzeichnen,unterzeichnen,VERB,74,,,
verkümmern,verkümmern,VERB,74,,,
geschweige,geschweige,ADV,74,Logik ,,
uberhaupt,uberhaupt,ADV,74,,,
scheidung,scheidung,NOUN,74,,,
kraut,kraut,PART,74,,,
einfügen,einfügen,VERB,74,,,
entwickelnd,entwickelnd,ADV,74,,,
abscheu,abscheu,NOUN,74,,,
plattdeutsch,plattdeutsch,ADV,74,,,
unvergänglich,unvergänglich,ADV,74,,,
ausziehen,ausziehen,VERB,74,,,
anhängen,anhängen,VERB,74,,,
ergötzen,ergötzen,VERB,74,,,
wohlthat,wohlthat,VERB,74,,,
beliebig,beliebig,ADV,74,,,
psychisch,psychisch,ADV,74,,,
ausarbeiten,ausarbeiten,VERB,74,,,
vorausschicken,vorausschicken,VERB,74,,,
gustav,gustav,PROPN,74,,,
außern,außern,VERB,74,,,
veranstalten,veranstalten,VERB,74,,,
dichtwerk,dichtwerk,NOUN,74,,,
troja,troja,PROPN,74,,,
tropus,tropus,NOUN,74,,,
siebenjährig,siebenjährig,ADV,74,Ereignis,,
voltaire,voltaire,PROPN,74,,,
einheimisch,einheimisch,ADV,73,,,
ausgehend,ausgehend,ADV,73,,,
reichhaltig,reichhaltig,ADV,73,,,
umwandlung,umwandlung,NOUN,73,,,
geheimniß,geheimniß,NOUN,73,,,
angehörige,angehörige,ADJ,73,,,
ersticken,ersticken,VERB,73,,,
strebend,strebend,ADV,73,,,
droben,droben,VERB,73,,,
absatz,absatz,NOUN,73,,,
anklage,anklage,NOUN,73,,,
erregend,erregend,ADV,73,,,
aufsteigen,aufsteigen,VERB,73,,,
quälen,quälen,VERB,73,,,
verzehren,verzehren,VERB,73,,,
vorspiel,vorspiel,NOUN,73,,,
menschlichkeit,menschlichkeit,NOUN,73,,,
weitläufig,weitläufig,ADV,73,,,
recha,recha,NOUN,73,,,
referent,referent,NOUN,73,,,
herausheben,herausheben,VERB,73,,,
fördernd,fördernd,ADV,73,,,
begleitung,begleitung,NOUN,73,,,
humanistisch,humanistisch,ADV,73,,,
eugen,eugen,NOUN,73,,,
normann,normann,PROPN,73,,,
thematisch,thematisch,ADV,73,,,
rüdeger,rüdeger,NOUN,73,,,
unsterblichkeit,unsterblichkeit,NOUN,72,,,
versammeln,versammeln,VERB,72,,,
asche,asche,NOUN,72,,,
ehrenvoll,ehrenvoll,ADV,72,,,
mythos,mythos,NOUN,72,,,
gräßlich,gräßlich,ADV,72,,,
überblicken,überblicken,VERB,72,,,
kammer,kammer,NOUN,72,,,
deutlichkeit,deutlichkeit,NOUN,72,,,
besorgniß,besorgniß,NOUN,72,,,
vorhaben,vorhaben,VERB,72,,,
zerstörung,zerstörung,NOUN,72,,,
ausruf,ausruf,NOUN,72,,,
mehrmals,mehrmals,ADV,72,,,
finstern,finstern,NOUN,72,,,
krönen,krönen,VERB,72,,,
genuss,genuss,NOUN,72,,,
jupiter,jupiter,NOUN,72,,,
handwerk,handwerk,NOUN,72,,,
nachkommen,nachkommen,VERB,72,,,
braun,braun,PROPN,72,,,
entfliehen,entfliehen,VERB,72,,,
na,na,PROPN,72,,,
beglücken,beglücken,VERB,72,,,
gleichartig,gleichartig,ADV,72,,,
sprachgefühl,sprachgefühl,ADV,72,,,
sicht,sicht,NOUN,72,,,
versicherung,versicherung,NOUN,72,,,
erkennbar,erkennbar,ADV,72,,,
empfohlen,empfohlen,VERB,72,,,
populär,populär,ADV,72,,,
hieran,hieran,ADV,72,,,
homburg,homburg,PROPN,72,,,
abstufung,abstufung,NOUN,72,,,
widerfahren,widerfahren,VERB,72,,,
sprachform,sprachform,NOUN,72,,,
kugel,kugel,NOUN,72,,,
anfertigung,anfertigung,NOUN,72,,,
sat,sat,PROPN,72,,,
giselher,giselher,ADJ,72,,,
hamburg,hamburg,PROPN,72,,,
schülerbibliothek,schülerbibliothek,PROPN,72,,,
vorsehung,vorsehung,NOUN,72,,,
hurra,hurra,NOUN,72,,,
johannes,johannes,PROPN,71,,,
antrag,antrag,NOUN,71,,,
schlechterdings,schlechterdings,ADV,71,,,
ereigniß,ereigniß,NOUN,71,,,
ausbleiben,ausbleiben,VERB,71,,,
abgewinnen,abgewinnen,VERB,71,,,
erobern,erobern,VERB,71,,,
sonnen,sonnen,VERB,71,,,
rasen,rasen,VERB,71,,,
verzeichnen,verzeichnen,VERB,71,,,
verkündigen,verkündigen,VERB,71,,,
einfluss,einfluss,NOUN,71,,,
unbestimmen,unbestimmen,NOUN,71,,,
selbsttätig,selbsttätig,ADV,71,,,
achill,achill,VERB,71,,,
unvermeidlich,unvermeidlich,ADV,71,,,
fächern,fächern,NOUN,71,,,
fließend,fließend,ADV,71,,,
vermehrung,vermehrung,NOUN,71,,,
unvollkommen,unvollkommen,ADV,71,,,
publicum,publicum,VERB,71,,,
anhänglichkeit,anhänglichkeit,NOUN,71,,,
empfindlich,empfindlich,ADV,71,,,
botschaft,botschaft,NOUN,71,,,
engl,engl,PROPN,71,,,
erklärlich,erklärlich,ADV,71,,,
beleidigen,beleidigen,VERB,71,,,
zusammenfassend,zusammenfassend,ADV,71,,,
jugendlektüre,jugendlektüre,PROPN,71,,,
kämmerer,kämmerer,NOUN,71,,,
artus,artus,NOUN,71,,,
gödeken,gödeken,NOUN,71,,,
gluck,gluck,NOUN,71,,,
klaucken,klaucken,VERB,71,,,
kehrreim,kehrreim,PROPN,71,,,
herwig,herwig,PROPN,71,,,
breiten,breiten,ADJ,70,Höhe ,,
majestät,majestät,NOUN,70,,,
säule,säule,NOUN,70,,,
dorotheens,dorotheens,PROPN,70,,,
traulich,traulich,ADV,70,,,
verrathen,verrathen,VERB,70,,,
unterdessen,unterdessen,ADV,70,,,
verlobung,verlobung,NOUN,70,,,
mitgefühl,mitgefühl,NOUN,70,,,
ansprechen,ansprechen,VERB,70,,,
grauen,graün,NOUN,70,,,
bangen,bangen,VERB,70,,,
belohnung,belohnung,NOUN,70,,,
schlank,schlank,ADV,70,,,
unterthanen,unterthanen,NOUN,70,,,
hervorhebung,hervorhebung,NOUN,70,,,
prosastück,prosastück,NOUN,70,,,
fortgang,fortgang,NOUN,70,,,
unreif,unreif,ADV,70,,,
prolog,prolog,VERB,70,,,
peinlich,peinlich,ADV,70,,,
abgeleitet,abgeleitet,VERB,70,,,
überzeugend,überzeugend,ADV,70,,,
zerbrechen,zerbrechen,VERB,70,,,
losen,losen,PRON,70,,,
aufstehen,aufstehen,VERB,70,,,
namhaft,namhaft,ADV,70,,,
biene,biene,NOUN,70,,,
handlungsweise,handlungsweise,NOUN,70,,,
panzer,panzer,NOUN,70,,,
anlehnen,anlehnen,VERB,70,,,
gehoben,gehoben,VERB,70,,,
festsetzen,festsetzen,VERB,70,,,
rhetor,rhetor,NOUN,70,,,
feldzug,feldzug,NOUN,70,,,
weisz,weisz,PROPN,70,,,
anmut,anmut,NOUN,70,,,
genusses,genusses,VERB,70,Emotion ,,
schlau,schlau,ADV,70,,,
anteil,anteil,NOUN,70,,,
untertertia,untertertia,PROPN,70,,,
ungeachtet,ungeachtet,ADP,69,Logik,,
egoismus,egoismus,NOUN,69,,,
scheitern,scheitern,VERB,69,,,
warnend,warnend,ADV,69,,,
hinfügen,hinfügen,VERB,69,,,
absondern,absondern,VERB,69,,,
contrast,contrast,X,69,,,
harfe,harfe,VERB,69,,,
spotten,spotten,VERB,69,,,
mythologisch,mythologisch,ADV,69,,,
stranden,stranden,VERB,69,,,
streifen,streifen,NOUN,69,,,
durst,durst,NOUN,69,,,
jäh,jäh,ADV,69,,,
abnehmen,abnehmen,VERB,69,,,
fürchterlich,fürchterlich,ADV,69,,,
tuch,tuch,NOUN,69,,,
freud,freud,PROPN,69,,,
auslassung,auslassung,NOUN,69,,,
zulässig,zulässig,ADV,69,,,
adelung,adelung,NOUN,69,,,
scham,scham,NOUN,69,,,
verirren,verirren,VERB,69,,,
vorbilden,vorbilden,ADJ,69,,,
vortheilhaft,vortheilhaft,ADV,69,,,
breslau,breslau,PROPN,69,,,
kursus,kursus,PROPN,69,Schule,,
größtentheils,größtentheils,ADV,69,,,
aufrichten,aufrichten,VERB,69,,,
gütig,gütig,ADV,69,,,
stock,stock,PROPN,69,,,
gesprochen,gesprochen,VERB,69,,,
akademisch,akademisch,ADV,69,,,
zergliederung,zergliederung,NOUN,69,,,
oberklasse,oberklasse,NOUN,69,,,
aussagen,aussagen,VERB,69,,,
scharen,scharen,VERB,69,,,
ausschliefslich,ausschliefslich,ADV,69,,,
verhüllen,verhüllen,VERB,68,,,
abspiegeln,abspiegeln,VERB,68,,,
stufenfolge,stufenfolge,NOUN,68,,,
kamerad,kamerad,PROPN,68,,,
irrtum,irrtum,NOUN,68,,,
dichterwerk,dichterwerk,NOUN,68,,,
füglich,füglich,ADV,68,,,
trüben,trüben,VERB,68,,,
vergönnen,vergönnen,VERB,68,,,
ungebildet,ungebildet,ADV,68,,,
unfruchtbar,unfruchtbar,ADV,68,,,
minnesänger,minnesänger,PROPN,68,Mediävistik ,,
geräusch,geräusch,ADV,68,,,
hochherzig,hochherzig,PROPN,68,,,
satire,satire,PROPN,68,,,
rennen,rennen,VERB,68,,,
aufzählen,aufzählen,VERB,68,,,
gläubig,gläubig,ADV,68,,,
hauptaufgabe,hauptaufgabe,NOUN,68,,,
bewältigen,bewältigen,VERB,68,,,
erforschen,erforschen,VERB,68,,,
antigone,antigone,PROPN,68,,,
hegel,hegel,PROPN,68,,,
erschöpfend,erschöpfend,ADV,68,,,
belohnen,belohnen,VERB,68,,,
entschuldigung,entschuldigung,NOUN,68,,,
fischen,fischen,VERB,68,,,
schulmäßig,schulmäßig,ADV,68,,,
verräth,verräth,VERB,68,,,
anzeige,anzeige,NOUN,68,,,
altertümlich,altertümlich,ADV,68,,,
vorenthalten,vorenthalten,VERB,68,,,
allmälig,allmälig,ADV,68,,,
ersichtlich,ersichtlich,ADV,68,,,
satzgefüge,satzgefüge,NOUN,68,,,
literaturgeschichtlich,literaturgeschichtlich,ADV,68,,,
nibelungenstrophe,nibelungenstrophe,NOUN,68,,,
zusammenfassung,zusammenfassung,NOUN,68,,,
barbar,barbar,ADV,68,,,
bürgen,bürgen,NOUN,68,,,
rudolf,rudolf,PROPN,68,,,
beachtenswert,beachtenswert,ADV,68,,,
schulleben,schulleben,NOUN,68,Welt,Schule,
mufst,mufst,PROPN,68,,,
herunter,herunter,ADV,67,,,
charakterzug,charakterzug,X,67,,,
bewegend,bewegend,ADV,67,,,
allegorie,allegorie,NOUN,67,,,
abwechselnd,abwechselnd,ADV,67,,,
besteigen,besteigen,VERB,67,,,
verkürzen,verkürzen,VERB,67,,,
hafen,hafen,PROPN,67,,,
daheim,daheim,ADV,67,,,
bedeutsamkei,bedeutsamkei,PROPN,67,,,
erz,erz,PROPN,67,,,
agamemnon,agamemnon,PROPN,67,,,
vergeben,vergeben,VERB,67,,,
rauchen,rauchen,VERB,67,,,
fluss,fluss,NOUN,67,,,
müßig,müßig,ADV,67,,,
betätigen,betätigen,VERB,67,,,
anwesend,anwesend,ADV,67,,,
zärtlich,zärtlich,ADV,67,,,
gesetzt,gesetzt,VERB,67,,,
silbern,silbern,NOUN,67,,,
antreten,antreten,VERB,67,,,
jünger,jünger,ADV,67,Alter,Zeit ,
ausbeuten,ausbeuten,VERB,67,,,
hö,hö,X,67,,,
bevorstehend,bevorstehend,ADV,67,,,
schier,schier,ADV,67,,,
theologisch,theologisch,ADV,67,Theologie,,
ausrüsten,ausrüsten,VERB,67,,,
verwandlung,verwandlung,NOUN,67,,,
straßburg,straßburg,PROPN,67,,,
zurufen,zurufen,VERB,67,,,
organisation,organisation,NOUN,67,,,
joseph,joseph,PROPN,67,,,
nebensätzen,nebensätzen,NOUN,67,,,
ethik,ethik,NOUN,67,,,
anbahnen,anbahnen,VERB,67,,,
tanne,tanne,NOUN,67,,,
seicht,seicht,ADV,67,,,
realistisch,realistisch,ADV,67,,,
grausig,grausig,ADV,67,,,
vorfinden,vorfinden,VERB,67,,,
staatsmann,staatsmann,NOUN,67,,,
königstochter,königstochter,NOUN,67,,,
wehmut,wehmut,NOUN,67,,,
bertran,bertran,PROPN,67,,,
veralten,veralten,VERB,66,,,
scharfsinn,scharfsinn,NOUN,66,,,
luise,luise,PROPN,66,,,
trochäisch,trochäisch,ADV,66,Beschreibung,Poetologie,
trunk,trunk,NOUN,66,,,
grimmig,grimmig,ADV,66,,,
beginnend,beginnend,ADV,66,,,
sitz,sitz,NOUN,66,,,
tonlos,tonlos,ADV,66,,,
fläche,fläche,NOUN,66,,,
flüchten,flüchten,VERB,66,,,
faßlich,faßlich,ADV,66,,,
tiefsinnig,tiefsinnig,ADV,66,,,
fehlend,fehlend,ADV,66,,,
piccolomini,piccolomini,PROPN,66,,,
düstern,düstern,ADV,66,,,
eifersucht,eifersucht,NOUN,66,,,
spüren,spüren,VERB,66,,,
trocknen,trocknen,VERB,66,,,
apostel,apostel,NOUN,66,,,
durchgreifend,durchgreifend,ADV,66,,,
lerche,lerche,ADJ,66,,,
zurückziehen,zurückziehen,VERB,66,,,
abneigung,abneigung,NOUN,66,,,
bezwecken,bezwecken,VERB,66,,,
mitwirken,mitwirken,VERB,66,,,
lebensbild,lebensbild,NOUN,66,,,
tempelherr,tempelherr,NOUN,66,,,
schuljahr,schuljahr,NOUN,66,,,
verstoßen,verstoßen,VERB,66,,,
berechnung,berechnung,NOUN,66,,,
wegweiser,wegweiser,PROPN,66,,,
abschreiben,abschreiben,VERB,65,,,
fügung,fügung,NOUN,65,,,
mannichfaltig,mannichfaltig,ADV,65,,,
gewohnt,gewohnt,VERB,65,,,
erquickend,erquickend,ADV,65,,,
monde,monde,PROPN,65,,,
nacken,nacken,PROPN,65,,,
enthüllen,enthüllen,VERB,65,,,
volksbuch,volksbuch,NOUN,65,,,
lasten,lasten,NOUN,65,,,
frech,frech,ADV,65,,,
umgebend,umgebend,ADV,65,,,
abwechselung,abwechselung,NOUN,65,,,
forschen,forschen,VERB,65,,,
sorglos,sorglos,ADV,65,,,
erwärmen,erwärmen,VERB,65,,,
analog,analog,ADV,65,,,
hirsch,hirsch,PROPN,65,,,
gefilde,gefilde,NOUN,65,,,
verwischen,verwischen,VERB,65,,,
mannichfaltigkeit,mannichfaltigkeit,NOUN,65,,,
wiederfinden,wiederfinden,VERB,65,,,
lenore,lenore,NOUN,65,,,
loch,loch,NOUN,65,,,
aussprüch,aussprüch,PROPN,65,,,
befangen,befangen,ADV,65,,,
folgendermaßen,folgendermaßen,ADV,65,,,
selbstbewußtsein,selbstbewußtsein,NOUN,65,,,
unermeßlich,unermeßlich,ADV,65,,,
anweisen,anweisen,VERB,65,,,
mö,mö,X,65,,,
etlich,etlich,ADV,65,,,
fraglich,fraglich,ADV,65,,,
anderntheils,anderntheils,NOUN,65,,,
eschenbach,eschenbach,PROPN,65,,,
unterziehen,unterziehen,VERB,65,,,
demgemäß,demgemäß,ADV,65,,,
schenk,schenk,NOUN,65,,,
anzüignen,anzüignen,NOUN,65,,,
leseunterricht,leseunterricht,VERB,65,,,
durchbrechen,durchbrechen,VERB,65,,,
gewils,gewils,PROPN,65,,,
herön,herön,PROPN,64,,,
schleiermacher,schleiermacher,NOUN,64,,,
etymologisch,etymologisch,ADV,64,,,
grundton,grundton,PROPN,64,,,
erliegen,erliegen,VERB,64,,,
demuth,demuth,PROPN,64,,,
mannichfach,mannichfach,NOUN,64,,,
durchlaufen,durchlaufen,VERB,64,,,
mitmensch,mitmensch,NOUN,64,,,
kreuzen,kreuzen,VERB,64,,,
leichtsinn,leichtsinn,NOUN,64,,,
erstehen,erstehen,VERB,64,,,
überwiegen,überwiegen,VERB,64,,,
widerlegung,widerlegung,NOUN,64,,,
scherzhaft,scherzhaft,ADV,64,,,
unruhe,unruhe,NOUN,64,,,
sinnbild,sinnbild,NOUN,64,,,
schlüssel,schlüssel,NOUN,64,,,
erstenmal,erstenmal,ADV,64,,,
angethan,angethan,VERB,64,,,
einklang,einklang,NOUN,64,,,
elementarschul,elementarschul,PROPN,64,,,
unnöthig,unnöthig,ADV,64,,,
landschaftlich,landschaftlich,ADV,64,,,
stuhl,stuhl,VERB,64,,,
geistvoll,geistvoll,ADV,64,,,
ind,ind,X,64,,,
abhängigkeit,abhängigkeit,NOUN,64,,,
ausgangspunkt,ausgangspunkt,NOUN,64,,,
anheim,anheim,ADV,64,,,
schreibweise,schreibweise,NOUN,64,,,
mißbrauch,mißbrauch,NOUN,64,,,
schreibung,schreibung,NOUN,64,,,
einigung,einigung,NOUN,64,,,
bettler,bettler,NOUN,64,,,
verstandesmäßig,verstandesmäßig,ADV,64,,,
studirend,studirend,ADV,64,,,
gedankenkreis,gedankenkreis,NOUN,64,,,
einflus,einflus,NOUN,64,,,
etwaig,etwaig,NOUN,64,,,
hierfür,hierfür,ADV,64,,,
tauri,tauri,X,64,,,
idealismus,idealismus,NOUN,64,,,
lehmann,lehmann,PROPN,64,,,
herausfordern,herausfordern,VERB,64,,,
ieder,ieder,ADV,64,,,
einziehen,einziehen,VERB,64,,,
anbetreffen,anbetreffen,VERB,63,,,
zubringen,zubringen,VERB,63,,,
unruhig,unruhig,ADV,63,,,
neunt,neunt,ADV,63,,,
küste,küste,NOUN,63,,,
trochäu,trochäu,PROPN,63,,,
irrig,irrig,ADV,63,,,
nahen,nahen,ADJ,63,,,
emporheben,emporheben,VERB,63,,,
zusammenziehen,zusammenziehen,VERB,63,,,
jüngst,jüngst,ADV,63,,,
sympathie,sympathie,ADV,63,,,
hoffmeister,hoffmeister,NOUN,63,,,
erproben,erproben,VERB,63,,,
empfehlenswert,empfehlenswert,ADV,63,,,
briefwechsel,briefwechsel,PROPN,63,,,
objektivität,objektivität,NOUN,63,,,
verkaufen,verkaufen,VERB,63,,,
sonntag,sonntag,NOUN,63,,,
nebenbei,nebenbei,ADV,63,,,
musterhaft,musterhaft,ADV,63,,,
gymnasialklassen,gymnasialklassen,NOUN,63,,,
klingend,klingend,ADV,63,,,
lebensanschauung,lebensanschauung,NOUN,63,Welt,Idealismus,
direktor,direktor,NOUN,63,,,
fortfahren,fortfahren,VERB,63,,,
vorherrschen,vorherrschen,VERB,63,,,
verdecken,verdecken,VERB,63,,,
herantreten,herantreten,VERB,63,,,
brauchbarkei,brauchbarkei,VERB,63,,,
leetüren,leetüren,NOUN,63,,,
synthetisch,synthetisch,ADV,63,,,
unmöglichkeit,unmöglichkeit,NOUN,63,,,
attribut,attribut,NOUN,63,,,
wartburg,wartburg,PROPN,63,,,
fränkisch,fränkisch,ADV,63,Nation,,
welsch,welsch,ADV,63,,,
eichendorff,eichendorff,PROPN,63,,,
bayern,bayern,PROPN,63,,,
bär,bär,NOUN,63,,,
schuß,schuß,NOUN,63,,,
ähnl,ähnl,ADV,63,,,
wilmann,wilmann,PROPN,63,,,
ergebung,ergebung,NOUN,62,,,
ergiebig,ergiebig,ADV,62,,,
kuß,kuß,PROPN,62,,,
schlafend,schlafend,ADV,62,,,
geschäftig,geschäftig,ADV,62,,,
unbedenklich,unbedenklich,ADV,62,,,
ausmalen,ausmalen,VERB,62,,,
verwunderung,verwunderung,NOUN,62,,,
drückend,drückend,ADV,62,,,
unglaublich,unglaublich,ADV,62,,,
vorarbeiten,vorarbeiten,VERB,62,,,
erlösung,erlösung,NOUN,62,,,
brennend,brennend,ADV,62,,,
schärfen,schärfen,VERB,62,,,
umschreibung,umschreibung,NOUN,62,,,
blenden,blenden,VERB,62,,,
paradies,paradies,PROPN,62,,,
gasse,gasse,NOUN,62,,,
steil,steil,ADV,62,,,
ländlich,ländlich,ADV,62,,,
kraftvoll,kraftvoll,ADV,62,,,
schweißen,schweißen,VERB,62,,,
produktiv,produktiv,ADV,62,,,
intensiv,intensiv,ADV,62,,,
spannend,spannend,ADV,62,,,
at,at,X,62,,,
krankhaft,krankhaft,ADV,62,negative Bewertung,,
umwandeln,umwandeln,VERB,62,,,
färben,färben,VERB,62,,,
beißen,beißen,VERB,62,,,
november,november,NOUN,62,,,
zornig,zornig,ADV,62,,,
kämpfer,kämpfer,NOUN,62,,,
theologie,theologie,NOUN,62,,,
sparsam,sparsam,ADV,62,,,
maaß,maaß,ADV,62,,,
minister,minister,NOUN,62,,,
erstaunt,erstaunt,ADV,62,,,
darstellungsweise,darstellungsweise,VERB,62,,,
anstreben,anstreben,VERB,62,,,
erhabenheit,erhabenheit,ADV,62,,,
berechtigen,berechtigen,VERB,62,,,
besorgnis,besorgnis,NOUN,62,,,
aufschreiben,aufschreiben,VERB,62,,,
heranwachsend,heranwachsend,ADV,62,,,
kürzen,kürzen,VERB,62,,,
gegenüberstellen,gegenüberstellen,VERB,62,,,
hinzukommen,hinzukommen,VERB,62,,,
ersehnt,ersehnt,VERB,62,,,
meisterstück,meisterstück,NOUN,62,,,
euripide,euripide,VERB,62,,,
seitens,seitens,ADP,62,,,
mitgeteilt,mitgeteilt,VERB,62,,,
zweifellos,zweifellos,ADV,62,,,
beherrscht,beherrscht,VERB,62,,,
schulz,schulz,PROPN,62,,,
momentan,momentan,ADV,62,,,
schwedisch,schwedisch,ADV,62,,,
zweckmäfsig,zweckmäfsig,ADV,62,,,
grofser,grofser,VERB,62,,,
üppig,üppig,ADV,61,,,
verklärung,verklärung,NOUN,61,,,
vergessenheit,vergessenheit,NOUN,61,,,
abziehen,abziehen,VERB,61,,,
vorder,vorder,ADJ,61,,,
abbild,abbild,NOUN,61,,,
charakterbild,charakterbild,PROPN,61,,,
verrichten,verrichten,VERB,61,,,
gefäß,gefäß,NOUN,61,,,
staunend,staunend,ADV,61,,,
olymp,olymp,X,61,,,
hieher,hieher,ADV,61,,,
schwanen,schwanen,NOUN,61,,,
nebeneinander,nebeneinander,ADV,61,,,
geistern,geistern,NOUN,61,,,
allmächtig,allmächtig,ADV,61,,,
ernsthaft,ernsthaft,ADV,61,,,
differenz,differenz,NOUN,61,,,
bildungsgang,bildungsgang,VERB,61,,,
schwellen,schwellen,VERB,61,,,
mahnend,mahnend,ADV,61,,,
redewendung,redewendung,NOUN,61,,,
schuh,schuh,NOUN,61,,,
anordnen,anordnen,VERB,61,,,
consonant,consonant,PROPN,61,,,
einschränkung,einschränkung,NOUN,61,,,
erregt,erregt,ADV,61,,,
sokrate,sokrate,NOUN,61,,,
leder,leder,NOUN,61,,,
wachsend,wachsend,ADV,61,,,
verkehrt,verkehrt,ADV,61,,,
mindest,mindest,ADV,61,,,
örtlichkeit,örtlichkeit,NOUN,61,,,
gipfeln,gipfeln,VERB,61,,,
enkel,enkel,NOUN,61,,,
unklarheit,unklarheit,NOUN,61,,,
sonderlich,sonderlich,ADV,61,,,
erklärer,erklärer,NOUN,61,,,
anekdote,anekdote,NOUN,61,,,
antreffen,antreffen,VERB,61,,,
sammthei,sammthei,NOUN,61,,,
landsleute,landsleute,NOUN,61,,,
unterrichtsfach,unterrichtsfach,NOUN,61,,,
überfallen,überfallen,VERB,61,,,
auswanderer,auswanderer,NOUN,61,,,
preisgeben,preisgeben,VERB,61,,,
prüfend,prüfend,ADV,61,,,
gymnasialunterrichts,gymnasialunterrichts,ADV,61,,,
leipziger,leipziger,ADJ,61,Ort,,
eigenschaftswort,eigenschaftswort,NOUN,61,,,
erlegen,erlegen,VERB,61,,,
lesevortrag,lesevortrag,X,61,,,
rind,rind,NOUN,61,,,
vermutung,vermutung,NOUN,61,,,
verteidigen,verteidigen,VERB,61,,,
vorgetragen,vorgetragen,VERB,61,,,
äufserlich,äufserlich,ADV,61,,,
hettel,hettel,NOUN,61,,,
grundriß,grundriß,PROPN,60,,,
sausen,sausen,VERB,60,,,
anschlag,anschlag,NOUN,60,,,
durcheinander,durcheinander,ADV,60,,,
schicklich,schicklich,ADV,60,,,
dereinst,dereinst,ADV,60,,,
anhalt,anhalt,NOUN,60,,,
steuern,steürn,PROPN,60,,,
repräsentirt,repräsentirt,NOUN,60,,,
verheißen,verheißen,VERB,60,,,
verfassen,verfassen,VERB,60,,,
prophet,prophet,PROPN,60,,,
heulen,heulen,VERB,60,,,
bereicherung,bereicherung,NOUN,60,,,
charact,charact,PROPN,60,,,
gegründet,gegründet,VERB,60,,,
gastlich,gastlich,ADV,60,,,
wurzeln,wurzeln,VERB,60,,,
neugierig,neugierig,ADV,60,,,
grausen,grausen,PROPN,60,,,
münster,münster,PROPN,60,,,
unterrichtszweig,unterrichtszweig,NOUN,60,,,
unumgänglich,unumgänglich,ADV,60,,,
ermessen,ermessen,VERB,60,,,
uhlandsch,uhlandsch,ADV,60,Beschreibung,Poetologie,Person 
verszeile,verszeile,NOUN,60,,,
familienleben,familienleben,NOUN,60,,,
bekenntnis,bekenntnis,PROPN,60,,,
auslegung,auslegung,NOUN,60,,,
befindlich,befindlich,ADV,60,,,
geisteskraft,geisteskraft,NOUN,60,,,
einsilbig,einsilbig,ADV,60,,,
declamator,declamator,NOUN,60,,,
zurückgeben,zurückgeben,VERB,60,,,
ausdauer,ausdaür,ADV,60,,,
angehend,angehend,ADV,60,,,
fundament,fundament,NOUN,60,,,
hektor,hektor,NOUN,60,,,
examen,examen,NOUN,60,,,
aristotelisch,aristotelisch,ADV,60,,,
chrie,chrie,PROPN,60,,,
solo,solo,ADV,60,,,
disponieren,disponieren,VERB,60,,,
ziege,ziege,NOUN,60,,,
jährlich,jährlich,ADV,59,,,
horizont,horizont,NOUN,59,,,
ermahnung,ermahnung,NOUN,59,,,
billigen,billigen,VERB,59,,,
übergewicht,übergewicht,NOUN,59,,,
stocken,stocken,VERB,59,,,
rückblick,rückblick,PROPN,59,,,
überschauen,überschaün,PROPN,59,,,
anthologie,anthologie,NOUN,59,,,
zehnt,zehnt,ADV,59,,,
verbreitet,verbreitet,VERB,59,,,
ahnend,ahnend,ADV,59,,,
ungestört,ungestört,ADV,59,,,
instrument,instrument,NOUN,59,,,
rinnen,rinnen,NOUN,59,,,
gesch,gesch,ADV,59,,,
verehrt,verehrt,VERB,59,,,
leichnam,leichnam,PROPN,59,,,
bruch,bruch,NOUN,59,,,
september,september,NOUN,59,,,
wortstellung,wortstellung,NOUN,59,,,
funken,funken,VERB,59,,,
recensent,recensent,NOUN,59,,,
kleinlich,kleinlich,ADV,59,,,
fortan,fortan,ADV,59,,,
heimkehr,heimkehr,NOUN,59,,,
umbildung,umbildung,NOUN,59,,,
petrus,petrus,NOUN,59,,,
begrifflich,begrifflich,ADV,59,,,
allezeien,allezeien,NOUN,59,,,
bäumlein,bäumlein,PROPN,59,,,
schriftwerk,schriftwerk,PROPN,59,,,
einestheils,einestheils,PROPN,59,,,
überhebung,überhebung,NOUN,59,,,
machend,machend,ADV,59,,,
segel,segel,NOUN,59,,,
herleiten,herleiten,VERB,59,,,
träumerisch,träumerisch,ADV,59,,,
herstellung,herstellung,NOUN,59,,,
wirkungsvoll,wirkungsvoll,ADV,59,,,
hüter,hüter,NOUN,59,,,
hagedorn,hagedorn,PROPN,59,,,
schullesebuch,schullesebuch,NOUN,59,Lehrmedien,,
packen,packen,VERB,59,,,
vermählen,vermählen,VERB,59,,,
schneider,schneider,PROPN,59,,,
herberge,herberge,NOUN,59,,,
otfried,otfried,NOUN,59,,,
intention,intention,NOUN,59,,,
söb,söb,X,59,,,
erzbischof,erzbischof,PROPN,59,,,
horen,horen,VERB,59,,,
aroß,aroß,NOUN,59,,,
schauer,schaür,NOUN,58,,,
ranken,ranken,VERB,58,,,
getreide,getreide,ADV,58,,,
anapäst,anapäst,PROPN,58,,,
zinne,zinne,PROPN,58,,,
heraustreten,heraustreten,VERB,58,,,
treuherzig,treuherzig,ADV,58,,,
specifisch,specifisch,ADV,58,,,
gefunden,gefunden,VERB,58,,,
auseinandersetzen,auseinandersetzen,VERB,58,,,
vernichtung,vernichtung,NOUN,58,,,
oberfläche,oberfläche,NOUN,58,,,
novelle,novelle,NOUN,58,,,
seufzen,seufzen,VERB,58,,,
kassandra,kassandra,NOUN,58,,,
dunkelheit,dunkelheit,NOUN,58,,,
alliteration,alliteration,NOUN,58,,,
strahlend,strahlend,ADV,58,,,
schreibend,schreibend,ADV,58,,,
abfallen,abfallen,VERB,58,,,
meile,meile,NOUN,58,,,
vo,vo,X,58,,,
mahlen,mahlen,VERB,58,,,
entgegenstellen,entgegenstellen,VERB,58,,,
zitternd,zitternd,ADV,58,,,
mangeln,mangeln,VERB,58,,,
durchlesen,durchlesen,VERB,58,,,
metall,metall,NOUN,58,,,
februar,februar,NOUN,58,,,
hausfrau,hausfrau,NOUN,58,,,
jurist,jurist,NOUN,58,,,
goldne,goldne,NOUN,58,,,
ör,ör,X,58,,,
schlesisch,schlesisch,ADV,58,,,
grauenvoll,graünvoll,PROPN,58,,,
ausscheiden,ausscheiden,VERB,58,,,
wegfallen,wegfallen,VERB,58,,,
folgerung,folgerung,NOUN,58,,,
berichtigung,berichtigung,NOUN,58,,,
ausgleichen,ausgleichen,VERB,58,,,
aufwerfen,aufwerfen,VERB,58,,,
getheilen,getheilen,NOUN,58,,,
aussage,aussage,NOUN,58,,,
beredt,beredt,ADV,58,,,
leichtsinnig,leichtsinnig,ADV,58,,,
eroberung,eroberung,NOUN,58,,,
combination,combination,NOUN,58,,,
heldendichtung,heldendichtung,NOUN,58,,,
gefürchtet,gefürchtet,VERB,58,,,
geringschätzung,geringschätzung,NOUN,58,,,
gefährden,gefährden,VERB,58,,,
abwesenheit,abwesenheit,NOUN,58,,,
mischung,mischung,NOUN,58,,,
verfassung,verfassung,NOUN,58,,,
frevelhaft,frevelhaft,NOUN,58,,,
naturgeschichtlich,naturgeschichtlich,ADV,58,,,
thüringer,thüringer,PROPN,58,,,
herbart,herbart,NOUN,58,,,
berufung,berufung,NOUN,58,,,
verteilen,verteilen,VERB,58,,,
vermuten,vermuten,VERB,58,,,
landleute,landleute,NOUN,58,,,
thüringen,thüringen,PROPN,58,,,
är,är,ADP,58,,,
aufsicht,aufsicht,NOUN,58,,,
social,social,X,58,,,
empirisch,empirisch,ADV,58,,,
einschränken,einschränken,VERB,58,,,
türke,türke,NOUN,58,,,
jerusalem,jerusalem,PROPN,57,,,
volksdichtung,volksdichtung,NOUN,57,,,
klären,klären,VERB,57,,,
einfältig,einfältig,ADV,57,,,
einwendung,einwendung,NOUN,57,,,
hinan,hinan,ADV,57,,,
sinnvoll,sinnvoll,ADV,57,,,
wandrer,wandrer,NOUN,57,,,
entrückt,entrückt,ADV,57,,,
verursachen,verursachen,VERB,57,,,
vertraulich,vertraulich,ADV,57,,,
einbüßen,einbüßen,VERB,57,,,
sentimentalität,sentimentalität,NOUN,57,,,
präsens,präsens,PROPN,57,,,
aneinander,aneinander,ADV,57,,,
artig,artig,ADV,57,,,
empfang,empfang,NOUN,57,,,
alterthümlich,alterthümlich,ADV,57,,,
neutrum,neutrum,PROPN,57,,,
anhaltend,anhaltend,ADV,57,,,
lyriker,lyriker,NOUN,57,,,
theure,theure,NOUN,57,,,
verscheuchen,verscheuchen,VERB,57,,,
räumlich,räumlich,ADV,57,,,
anknüpfung,anknüpfung,NOUN,57,,,
erben,erben,VERB,57,,,
araber,araber,NOUN,57,,,
ergießen,ergießen,VERB,57,,,
schade,schade,ADV,57,,,
ausübung,ausübung,NOUN,57,,,
abreden,abreden,VERB,57,,,
zusammenhalten,zusammenhalten,VERB,57,,,
jakob,jakob,PROPN,57,,,
abreißen,abreißen,VERB,57,,,
statten,statten,VERB,57,,,
ernte,ernte,VERB,57,,,
schleudern,schleudern,VERB,57,,,
gewünscht,gewünscht,VERB,57,,,
spießen,spießen,VERB,57,,,
dichtend,dichtend,ADV,57,,,
herkömmlich,herkömmlich,ADV,57,,,
neugierde,neugierde,NOUN,57,,,
epheu,epheu,NOUN,57,,,
taugen,taugen,VERB,57,,,
dresden,dresden,PROPN,57,,,
hiervon,hiervon,ADV,57,,,
waltend,waltend,ADV,57,,,
verwahren,verwahren,VERB,57,,,
anrichten,anrichten,VERB,57,,,
vasall,vasall,NOUN,57,,,
anpassen,anpassen,VERB,57,,,
schloß,schloß,VERB,57,,,
treibend,treibend,ADV,57,,,
gewichtig,gewichtig,ADV,57,,,
wahrhaftig,wahrhaftig,ADV,57,,,
deinhardt,deinhardt,PROPN,57,,,
entstanden,entstanden,VERB,57,,,
propädeutisch,propädeutisch,ADV,57,,,
durchsicht,durchsicht,NOUN,57,,,
ungebunden,ungebunden,ADV,57,,,
naturkunde,naturkunde,ADJ,57,Natur,Wissenschaft,
eindringend,eindringend,ADV,57,,,
vermeintlich,vermeintlich,ADV,57,,,
hinblick,hinblick,NOUN,57,,,
gleichgiltig,gleichgiltig,ADV,57,,,
freiherr,freiherr,NOUN,57,,,
hauptwerk,hauptwerk,NOUN,57,,,
erwerb,erwerb,NOUN,57,,,
beweggrund,beweggrund,NOUN,57,,,
schliefsen,schliefsen,NOUN,57,,,
europäisch,europäisch,ADV,56,,,
heimatlich,heimatlich,ADV,56,,,
herkommen,herkommen,VERB,56,,,
umsicht,umsicht,ADV,56,,,
zuversichtlich,zuversichtlich,ADV,56,,,
productiv,productiv,ADV,56,,,
subject,subject,PROPN,56,,,
herold,herold,PROPN,56,,,
mißverstehen,mißverstehen,VERB,56,,,
wandernd,wandernd,ADV,56,,,
palme,palme,NOUN,56,,,
pronomen,pronomen,PROPN,56,,,
schaum,schaum,NOUN,56,,,
allerhand,allerhand,DET,56,,,
weithin,weithin,ADV,56,,,
beweglich,beweglich,ADV,56,,,
bequemlichkeit,beqümlichkeit,NOUN,56,,,
schlinge,schlinge,NOUN,56,,,
erfolgreich,erfolgreich,ADV,56,,,
durcharbeiten,durcharbeiten,VERB,56,,,
entfremden,entfremden,VERB,56,,,
gültig,gültig,ADV,56,,,
inschrift,inschrift,NOUN,56,,,
annähernd,annähernd,ADV,56,,,
vorwerfen,vorwerfen,VERB,56,,,
theodor,theodor,PROPN,56,,,
erzahlung,erzahlung,NOUN,56,,,
gesangbuch,gesangbuch,NOUN,56,,,
erholung,erholung,NOUN,56,,,
großmutter,großmutter,NOUN,56,,,
sonnenschein,sonnenschein,NOUN,56,,,
satan,satan,PROPN,56,,,
stall,stall,NOUN,56,,,
wachstum,wachstum,NOUN,56,,,
vorübergehen,vorübergehen,VERB,56,,,
gesammtbildung,gesammtbildung,NOUN,56,,,
neuerung,neürung,NOUN,56,,,
reglement,reglement,NOUN,56,,,
antithese,antithese,NOUN,56,,,
iphigenies,iphigenies,PROPN,56,,,
mainz,mainz,PROPN,56,,,
zusehen,zusehen,VERB,56,,,
gröst,gröst,PROPN,56,,,
geständnis,geständnis,NOUN,56,,,
ministerium,ministerium,NOUN,56,,,
bedecken,bedecken,VERB,56,,,
gewohnlich,gewohnlich,ADV,56,,,
meditation,meditation,NOUN,56,,,
abdruck,abdruck,NOUN,55,,,
novali,novali,PROPN,55,,,
hellenisch,hellenisch,ADV,55,Klassik,,
rohhei,rohhei,NOUN,55,,,
zuwider,zuwider,ADV,55,,,
dienstbar,dienstbar,ADV,55,,,
ununterbrochen,ununterbrochen,ADV,55,,,
fliegend,fliegend,ADV,55,,,
hinderniß,hinderniß,NOUN,55,,,
beherrschung,beherrschung,NOUN,55,,,
bemerkbar,bemerkbar,ADV,55,,,
unerträglich,unerträglich,ADV,55,,,
fahrend,fahrend,ADV,55,,,
gebein,gebein,VERB,55,,,
casus,casus,PROPN,55,,,
physik,physik,NOUN,55,,,
ausbrechen,ausbrechen,VERB,55,,,
gestade,gestade,NOUN,55,,,
schauerlich,schaürlich,ADV,55,,,
nachts,nachts,ADV,55,,,
sür,sür,X,55,,,
feige,feige,ADV,55,,,
thieren,thieren,NOUN,55,,,
extrem,extrem,ADV,55,,,
listig,listig,ADV,55,,,
auftauchen,auftauchen,VERB,55,,,
schwebend,schwebend,ADV,55,,,
hausen,hausen,PROPN,55,,,
fortreißen,fortreißen,VERB,55,,,
lilie,lilie,NOUN,55,,,
gesandt,gesandt,VERB,55,,,
geleitet,geleitet,VERB,55,,,
gedeihlich,gedeihlich,ADV,55,,,
wipfel,wipfel,NOUN,55,,,
verklärt,verklärt,VERB,55,,,
schmid,schmid,PROPN,55,,,
kindisch,kindisch,ADV,55,,,
erschallen,erschallen,VERB,55,,,
feiertag,feiertag,NOUN,55,,,
verfolgung,verfolgung,NOUN,55,,,
abstraction,abstraction,NOUN,55,,,
koberstein,koberstein,NOUN,55,,,
insoweit,insoweit,ADV,55,,,
lektion,lektion,NOUN,55,,,
primanern,primanern,NOUN,55,,,
planmäßig,planmäßig,ADV,55,,,
halbjahr,halbjahr,NOUN,55,,,
anhören,anhören,VERB,55,,,
schmied,schmied,NOUN,55,,,
gestehen,gestehen,VERB,55,,,
vorrath,vorrath,PROPN,55,,,
germania,germania,PROPN,55,,,
achilles,achilles,ADJ,55,Klassik ,,
hernehmen,hernehmen,VERB,55,,,
vorhalten,vorhalten,VERB,55,,,
chronik,chronik,NOUN,55,,,
unbrauchbar,unbrauchbar,ADV,55,,,
banner,banner,NOUN,55,,,
erledigen,erledigen,VERB,55,,,
vermittlung,vermittlung,NOUN,55,,,
turnier,turnier,NOUN,55,,,
klassenlektüre,klassenlektüre,NOUN,55,,,
wagnis,wagnis,NOUN,55,,,
zweisilbig,zweisilbig,NOUN,55,,,
verzeihung,verzeihung,NOUN,55,,,
gedik,gedik,NOUN,55,,,
masiu,masiu,PROPN,55,,,
talbot,talbot,PROPN,55,,,
ünd,ünd,X,55,,,
kinderreim,kinderreim,PROPN,55,,,
verweben,verweben,VERB,55,,,
patriot,patriot,PROPN,54,,,
erlösen,erlösen,VERB,54,,,
hernieder,hernieder,NOUN,54,,,
regen,regen,NOUN,54,,,
verloben,verloben,VERB,54,,,
böhmen,böhmen,PROPN,54,,,
mißbrauchen,mißbrauchen,VERB,54,,,
geweiht,geweiht,VERB,54,,,
wechselwirkung,wechselwirkung,NOUN,54,,,
feucht,feucht,ADV,54,,,
ohnmacht,ohnmacht,PROPN,54,,,
risch,risch,PROPN,54,,,
schalten,schalten,VERB,54,,,
isolirt,isolirt,AUX,54,,,
geberde,geberde,PROPN,54,,,
vertheidigung,vertheidigung,NOUN,54,,,
mitarbeiter,mitarbeiter,NOUN,54,,,
abfassen,abfassen,VERB,54,,,
wohlwollen,wohlwollen,VERB,54,,,
erlöschen,erlöschen,VERB,54,,,
mitternacht,mitternacht,NOUN,54,,,
nichtig,nichtig,ADV,54,,,
entgegnen,entgegnen,VERB,54,,,
unzufriedenheit,unzufriedenheit,NOUN,54,,,
hauptzweck,hauptzweck,NOUN,54,,,
überreichen,überreichen,VERB,54,,,
schalkhaft,schalkhaft,ADV,54,,,
sauer,saür,PROPN,54,,,
beharren,beharren,VERB,54,,,
ermorden,ermorden,VERB,54,,,
zürnen,zürnen,VERB,54,,,
unmittelbarkeit,unmittelbarkeit,NOUN,54,,,
beruhend,beruhend,ADV,54,,,
einladung,einladung,NOUN,54,,,
katechismus,katechismus,NOUN,54,,,
ideell,ideell,ADV,54,,,
ungenügend,ungenügend,ADV,54,,,
vorschulen,vorschulen,VERB,54,,,
oratorisch,oratorisch,ADV,54,,,
geschmacklos,geschmacklos,ADV,54,,,
aufsteigend,aufsteigend,ADV,54,,,
auffindung,auffindung,NOUN,54,,,
wundervoll,wundervoll,ADV,54,,,
wortform,wortform,NOUN,54,,,
aufzählung,aufzählung,NOUN,54,,,
ebenda,ebenda,ADV,54,,,
niemeyer,niemeyer,PROPN,54,,,
storch,storch,PROPN,54,,,
conjugation,conjugation,NOUN,54,,,
naturwissenschaftlich,naturwissenschaftlich,ADV,54,,,
seelenleben,seelenleben,NOUN,54,,,
abwarten,abwarten,VERB,54,,,
russisch,russisch,ADV,54,,,
gefangenschaft,gefangenschaft,NOUN,54,,,
leiter,leiter,NOUN,54,,,
müst,müst,NOUN,54,,,
abschluss,abschluss,NOUN,54,,,
keinesweges,keinesweges,ADJ,54,,,
auftakt,auftakt,NOUN,54,,,
actes,actes,ADJ,54,Poetologie,Drama,
abgethan,abgethan,PROPN,54,,,
civilisation,civilisation,PROPN,54,,,
privat,privat,ADV,54,,,
schliefslich,schliefslich,NOUN,54,,,
nacherzählung,nacherzählung,NOUN,54,,,
psalm,psalm,PROPN,53,,,
schwärmerisch,schwärmerisch,ADV,53,,,
darstellend,darstellend,ADV,53,,,
übermaß,übermaß,VERB,53,,,
ungeduld,ungeduld,NOUN,53,,,
umarmen,umarmen,VERB,53,,,
einkleidung,einkleidung,NOUN,53,,,
schranke,schranke,NOUN,53,,,
mißverständnis,mißverständnis,X,53,,,
vorbemerkung,vorbemerkung,NOUN,53,,,
toben,toben,VERB,53,,,
wohllauen,wohllaün,PROPN,53,,,
bearbeiter,bearbeiter,NOUN,53,,,
häufen,häufen,VERB,53,,,
huldigung,huldigung,NOUN,53,,,
keule,keule,NOUN,53,,,
inmitten,inmitten,ADP,53,,,
vermischen,vermischen,VERB,53,,,
auslegen,auslegen,VERB,53,,,
verwegen,verwegen,VERB,53,,,
umsehen,umsehen,VERB,53,,,
zurücckomm,zurücckomm,NOUN,53,,,
geduldig,geduldig,ADV,53,,,
ka,ka,X,53,,,
schmal,schmal,ADV,53,,,
katholik,katholik,PROPN,53,,,
scheidend,scheidend,ADV,53,,,
abscheiden,abscheiden,VERB,53,,,
bildungsanstalt,bildungsanstalt,CCONJ,53,,,
besitzer,besitzer,NOUN,53,,,
gränzen,gränzen,NOUN,53,,,
intelligenz,intelligenz,NOUN,53,,,
unsicherheit,unsicherheit,NOUN,53,,,
einzelnheit,einzelnheit,NOUN,53,,,
beschluß,beschluß,NOUN,53,,,
thorhei,thorhei,NOUN,53,,,
andres,andres,ADJ,53,,,
herrin,herrin,NOUN,53,,,
consequent,conseqünt,PROPN,53,,,
aufwachsen,aufwachsen,VERB,53,,,
vereinigt,vereinigt,VERB,53,,,
abgerundet,abgerundet,ADV,53,,,
declamiren,declamiren,NOUN,53,,,
durchschnittlich,durchschnittlich,ADV,53,,,
behandelnd,behandelnd,ADV,53,,,
vorbeugen,vorbeugen,VERB,53,,,
solehen,solehen,VERB,53,,,
befreiungskrieg,befreiungskrieg,NOUN,53,,,
kulturgeschichtlich,kulturgeschichtlich,ADV,53,,,
geschaffen,geschaffen,VERB,53,,,
letter,letter,PROPN,53,,,
verteilung,verteilung,NOUN,53,,,
kopisch,kopisch,ADV,53,,,
demnächst,demnächst,ADV,53,,,
allitteration,allitteration,NOUN,53,,,
zurückschrecken,zurückschrecken,VERB,53,,,
hinrichtung,hinrichtung,NOUN,53,,,
obersekunda,obersekunda,NOUN,53,,,
atmen,atmen,VERB,53,,,
zöllner,zöllner,NOUN,53,,,
warwick,warwick,PROPN,53,,,
ausland,ausland,NOUN,52,,,
vortrefflichkeit,vortrefflichkeit,NOUN,52,,,
bursche,bursche,PROPN,52,,,
beseitigung,beseitigung,NOUN,52,,,
anderswo,anderswo,ADV,52,,,
weinend,weinend,ADV,52,,,
falten,falten,VERB,52,,,
apfelbaum,apfelbaum,NOUN,52,,,
concentrirt,concentrirt,PROPN,52,,,
gleichgewicht,gleichgewicht,NOUN,52,,,
lebenserfahrung,lebenserfahrung,NOUN,52,,,
human,human,ADV,52,,,
daktylisch,daktylisch,ADV,52,,,
erwählen,erwählen,VERB,52,,,
überkommen,überkommen,VERB,52,,,
verpflichtung,verpflichtung,NOUN,52,,,
unterirdisch,unterirdisch,ADV,52,,,
hölty,hölty,PROPN,52,,,
aufschlagen,aufschlagen,VERB,52,,,
hammer,hammer,NOUN,52,,,
klopfen,klopfen,VERB,52,,,
geregelt,geregelt,VERB,52,,,
zweckmäßigkeit,zweckmäßigkeit,NOUN,52,,,
darstellungsform,darstellungsform,NOUN,52,,,
satirisch,satirisch,ADV,52,,,
erzähler,erzähler,NOUN,52,,,
obrigkeit,obrigkeit,NOUN,52,,,
umgestalten,umgestalten,VERB,52,,,
beladen,beladen,VERB,52,,,
zugemuthet,zugemuthet,PROPN,52,,,
überwältigen,überwältigen,VERB,52,,,
wagner,wagner,PROPN,52,,,
verbrennen,verbrennen,VERB,52,,,
zufriedenheit,zufriedenheit,NOUN,52,,,
macbeth,macbeth,PROPN,52,,,
hingebung,hingebung,NOUN,52,,,
beglückend,beglückend,ADV,52,,,
währen,währen,VERB,52,,,
mütterlich,mütterlich,ADV,52,,,
unverändert,unverändert,ADV,52,,,
sendung,sendung,NOUN,52,,,
markgraf,markgraf,PROPN,52,,,
veilchen,veilchen,VERB,52,,,
brutus,brutus,NOUN,52,,,
wiederholend,wiederholend,ADV,52,,,
kunstform,kunstform,ADV,52,,,
deklamiren,deklamiren,VERB,52,,,
begegnung,begegnung,NOUN,52,,,
zunehmend,zunehmend,ADV,52,,,
sonnig,sonnig,ADV,52,,,
redeübung,redeübung,NOUN,52,,,
historie,historie,NOUN,52,,,
polemik,polemik,NOUN,52,,,
hinführen,hinführen,VERB,52,,,
aufeinanderfolgen,aufeinanderfolgen,NOUN,52,,,
harnisch,harnisch,ADV,52,,,
indirekt,indirekt,ADV,52,,,
verkörpern,verkörpern,VERB,52,,,
bekleiden,bekleiden,VERB,52,,,
giesebrechen,giesebrechen,VERB,52,,,
schubert,schubert,PROPN,52,,,
ehemalig,ehemalig,ADV,52,,,
bevorzugt,bevorzugt,VERB,52,,,
verschonen,verschonen,VERB,52,,,
feindschaft,feindschaft,NOUN,52,,,
türmen,türmen,VERB,52,,,
burgundisch,burgundisch,ADV,52,,,
division,division,NOUN,52,,,
donau,donau,PROPN,52,,,
aufsatzthema,aufsatzthema,NOUN,52,,,
jauchzen,jauchzen,VERB,51,,,
stärkung,stärkung,NOUN,51,,,
augenmerk,augenmerk,NOUN,51,,,
thatkrafen,thatkrafen,PROPN,51,,,
passiv,passiv,ADV,51,,,
lebhaftigkei,lebhaftigkei,PROPN,51,,,
schwächlich,schwächlich,ADV,51,,,
verwicklung,verwicklung,NOUN,51,,,
fühlend,fühlend,ADV,51,,,
unverkennbar,unverkennbar,ADV,51,,,
ausgeprägt,ausgeprägt,ADV,51,,,
anwendbar,anwendbar,ADV,51,,,
kränken,kränken,VERB,51,,,
beschwören,beschwören,VERB,51,,,
region,region,NOUN,51,,,
strand,strand,NOUN,51,,,
declination,declination,NOUN,51,,,
allegorisch,allegorisch,ADV,51,,,
college,college,PROPN,51,,,
einleuchten,einleuchten,VERB,51,,,
progr,progr,NOUN,51,,,
prangen,prangen,VERB,51,,,
einstellen,einstellen,VERB,51,,,
schimmer,schimmer,NOUN,51,,,
belieben,belieben,NOUN,51,,,
schleier,schleier,NOUN,51,,,
silber,silber,NOUN,51,,,
zügel,zügel,PROPN,51,,,
bestärken,bestärken,VERB,51,,,
verneinen,verneinen,VERB,51,,,
chorgesang,chorgesang,PROPN,51,,,
theile,theile,NOUN,51,,,
verfluchen,verfluchen,VERB,51,,,
fragend,fragend,ADV,51,,,
ungerecht,ungerecht,ADV,51,,,
mitnehmen,mitnehmen,VERB,51,,,
gehort,gehort,NOUN,51,,,
erdbeere,erdbeere,NOUN,51,,,
abwechslung,abwechslung,NOUN,51,,,
göttingen,göttingen,PROPN,51,,,
hineinziehen,hineinziehen,VERB,51,,,
blendend,blendend,ADV,51,,,
anfangsbuchstabe,anfangsbuchstabe,NOUN,51,,,
ernten,ernten,VERB,51,,,
vorzeichnen,vorzeichnen,VERB,51,,,
unternehmung,unternehmung,NOUN,51,,,
intellectüll,intellectüll,PROPN,51,,,
gymnasialunterricht,gymnasialunterricht,NOUN,51,,,
vorschub,vorschub,NOUN,51,,,
schweizerisch,schweizerisch,ADV,51,,,
dafur,dafur,PRON,51,,,
bereitwillig,bereitwillig,ADV,51,,,
vergänglich,vergänglich,ADV,51,,,
segensreich,segensreich,ADV,51,,,
hexameter,hexameter,NOUN,51,,,
suchend,suchend,ADV,51,,,
ehrgefühl,ehrgefühl,NOUN,51,,,
schwärmen,schwärmen,VERB,51,,,
verbessert,verbessert,VERB,51,,,
ermahnen,ermahnen,VERB,51,,,
sprüchwört,sprüchwört,ADV,51,,,
diess,diess,PRON,51,,,
bändchen,bändchen,NOUN,51,,,
albrecht,albrecht,PROPN,51,,,
rauschebart,rauschebart,PROPN,51,,,
baumgart,baumgart,NOUN,51,,,
herakles,herakles,PROPN,51,,,
buschmann,buschmann,PROPN,51,,,
deklamation,deklamation,NOUN,50,,,
unrein,unrein,ADV,50,,,
recensio,recensio,NOUN,50,,,
versammelt,versammelt,VERB,50,,,
umhin,umhin,ADV,50,,,
begabt,begabt,ADV,50,,,
charakterschilderung,charakterschilderung,PROPN,50,,,
kälte,kälte,NOUN,50,,,
fortführen,fortführen,VERB,50,,,
ungewiß,ungewiß,ADV,50,,,
gebietend,gebietend,ADV,50,,,
zeitlang,zeitlang,ADV,50,,,
verzweifelnd,verzweifelnd,ADV,50,,,
volkssprache,volkssprache,ADJ,50,,,
gestirn,gestirn,PROPN,50,,,
thatkräftig,thatkräftig,ADV,50,,,
herüber,herüber,ADV,50,,,
lächelnd,lächelnd,ADV,50,,,
minute,minute,NOUN,50,,,
vergelten,vergelten,VERB,50,,,
beamte,beamte,NOUN,50,,,
zahllos,zahllos,ADV,50,,,
schonung,schonung,NOUN,50,,,
versfuß,versfuß,PROPN,50,,,
hi,hi,X,50,,,
mühle,mühle,NOUN,50,,,
athmen,athmen,NOUN,50,,,
zerstreuung,zerstreuung,NOUN,50,,,
gegenüberstehen,gegenüberstehen,VERB,50,,,
unbefangenheit,unbefangenheit,ADV,50,,,
gretch,gretch,PROPN,50,,,
getroffen,getroffen,VERB,50,,,
nirgend,nirgend,ADV,50,,,
entzweien,entzweien,VERB,50,,,
wundersam,wundersam,ADV,50,,,
hülsmann,hülsmann,PROPN,50,,,
veredlung,veredlung,NOUN,50,,,
enthaltend,enthaltend,ADV,50,,,
vollbracht,vollbracht,VERB,50,,,
hinwirken,hinwirken,VERB,50,,,
missen,missen,VERB,50,,,
fassungskraft,fassungskraft,NOUN,50,,,
leichtfertig,leichtfertig,ADV,50,,,
führend,führend,ADV,50,,,
urbild,urbild,PROPN,50,,,
aufruhr,aufruhr,NOUN,50,,,
ablehnen,ablehnen,VERB,50,,,
unzugänglich,unzugänglich,ADV,50,,,
sammler,sammler,NOUN,50,,,
hinreichen,hinreichen,VERB,50,,,
abhandeln,abhandeln,VERB,50,,,
rückerts,rückerts,PROPN,50,,,
messiaden,messiaden,VERB,50,,,
darbringen,darbringen,VERB,50,,,
diana,diana,PROPN,50,,,
satzton,satzton,PROPN,50,,,
welehen,welehen,VERB,50,,,
modulation,modulation,NOUN,50,,,
abraham,abraham,PROPN,50,,,
wahrhaftigkeit,wahrhaftigkeit,NOUN,50,,,
rücksichtslos,rücksichtslos,ADV,50,,,
protestantismus,protestantismus,PROPN,50,,,
schlusz,schlusz,NOUN,50,,,
verskunst,verskunst,NOUN,50,,,
fahrzeug,fahrzeug,NOUN,50,,,
vorgeschrieben,vorgeschrieben,VERB,50,,,
schulmeister,schulmeister,NOUN,50,,,
dö,dö,X,50,,,
armut,armut,NOUN,50,,,
lionel,lionel,NOUN,50,,,
sicilien,sicilien,NOUN,50,,,
bedient,bedient,VERB,50,,,
commission,commission,PROPN,50,,,
elementarisch,elementarisch,ADV,50,,,
orden,orden,NOUN,50,,,
verlobt,verlobt,VERB,50,,,
grenadier,grenadier,NOUN,50,,,
ausländisch,ausländisch,ADV,49,,,
selbstsüchtig,selbstsüchtig,ADV,49,,,
süddeutsch,süddeutsch,ADV,49,,,
ahnherr,ahnherr,NOUN,49,,,
befreundet,befreundet,ADV,49,,,
behüten,behüten,VERB,49,,,
bemerkenswert,bemerkenswert,ADV,49,,,
schultern,schultern,VERB,49,,,
anstreichen,anstreichen,VERB,49,,,
fürwort,fürwort,NOUN,49,,,
sparen,sparen,VERB,49,,,
schooß,schooß,NOUN,49,,,
trauern,traürn,PROPN,49,,,
hauptgegenstand,hauptgegenstand,NOUN,49,,,
schmeicheln,schmeicheln,VERB,49,,,
marie,marie,PROPN,49,,,
beleg,beleg,NOUN,49,,,
osten,osten,NOUN,49,,,
reisend,reisend,ADV,49,,,
rücksichtlich,rücksichtlich,ADV,49,,,
anreihen,anreihen,VERB,49,,,
demosthenes,demosthenes,PROPN,49,,,
dänisch,dänisch,ADV,49,,,
tilgen,tilgen,VERB,49,,,
ma,ma,X,49,,,
vöglei,vöglei,ADV,49,,,
tonne,tonne,NOUN,49,,,
matth,matth,PROPN,49,,,
knospe,knospe,PROPN,49,,,
dünkel,dünkel,PROPN,49,,,
zimmermann,zimmermann,PROPN,49,,,
aufdrängen,aufdrängen,VERB,49,,,
verlorn,verlorn,NOUN,49,,,
widerwärtig,widerwärtig,ADV,49,,,
leitf,leitf,PROPN,49,,,
höhenpunkt,höhenpunkt,PROPN,49,,,
innerlichkeit,innerlichkeit,NOUN,49,,,
prosaik,prosaik,PROPN,49,,,
sprachbildung,sprachbildung,NOUN,49,,,
gedankenlos,gedankenlos,ADV,49,,,
wohlklang,wohlklang,NOUN,49,,,
exemplar,exemplar,NOUN,49,,,
hauen,haün,PROPN,49,,,
empört,empört,ADV,49,,,
umschließen,umschließen,VERB,49,,,
rückwärts,rückwärts,ADV,49,,,
unedel,unedel,PROPN,49,,,
ferdinand,ferdinand,PROPN,49,,,
verwirklichung,verwirklichung,NOUN,49,,,
patriarch,patriarch,NOUN,49,,,
herkunft,herkunft,NOUN,49,,,
abstammung,abstammung,NOUN,49,,,
krummacher,krummacher,ADV,49,,,
sinnlos,sinnlos,ADV,49,,,
gymnasiallehrer,gymnasiallehrer,NOUN,49,,,
gross,gross,ADV,49,,,
kämpfend,kämpfend,ADV,49,,,
schulung,schulung,NOUN,49,,,
nachsprechen,nachsprechen,VERB,49,,,
hamburgisch,hamburgisch,ADV,49,,,
zeitgeist,zeitgeist,NOUN,49,,,
pfand,pfand,NOUN,49,,,
angesehen,angesehen,VERB,49,,,
anmutig,anmutig,ADV,49,,,
reformator,reformator,NOUN,49,,,
