word,pos,count,tag1,tag2,tag3
nicht,PART,45830,Negation,,
deutsch,ADV,13682,Nation ,Deutsch,
ganz,ADV,12994,Höhe,positive Bewertung,
schüler,NOUN,8975,Schule,Typ,
wort,NOUN,8313,Sprache,,
groß,ADV,7558,Höhe,positive Bewertung,
dichter,ADV,7462,Künstler,,
zeit,NOUN,7213,Zeit,,
leben,VERB,6867,Welt,,
stehen,VERB,6540,Position,,
alt,ADV,6540,Alter,,
gedicht,NOUN,5507,Poetologie,Gattung,
sprechen,VERB,5466,Sprache,,
sprache,NOUN,5361,Sprache,,
lehrer,NOUN,5354,Schule,Typ,
unterricht,NOUN,5343,Schule,Praxis,
stellen,VERB,5057,Position,,
weisen,VERB,4898,Disziplin,,
mensch,NOUN,4798,Anthropologie,,
schön,ADV,4321,Ästhetik,positive Bewertung,
wissen,VERB,4094,Wissen,,
sagen,VERB,4071,Praktik,,
lesen,VERB,4035,Praktik,Poetologie,
lieben,VERB,3894,Emotion ,,
volk,NOUN,3837,Nation,,
schiller,PROPN,3788,Person,Schriftsteller,
geist,NOUN,3513,Idealismus,,
gott,NOUN,3497,Theologie,,
art,NOUN,3380,,,
gedanke,NOUN,3351,Idealismus,,
fragen,VERB,3261,Diskurs,,
denken,VERB,3240,Idealismus,Praktik,
nichts,PRON,3236,Negation,,
natur,NOUN,3221,Natur,,
erscheinen,VERB,3214,Idealismus,Ästhetik,
mögen,AUX,3189,,,
sinn,NOUN,3169,Poetologie,,
schule,NOUN,3160,Schule,,
jahr,NOUN,3135,Zeit,,
form,NOUN,3120,Poetologie,,
bilden,VERB,3106,Pädagogik,,
geschichte,NOUN,3073,Geschichte ,,
hand,NOUN,2980,Ästhetik,Sinnlich,
literatur,NOUN,2911,Poetologie,,
zweit,ADV,2882,,,
inhalt,NOUN,2859,Poetologie,,
führen,VERB,2781,Disziplin,,
verstehen,VERB,2745,Idealismus,Praktik,
stück,NOUN,2711,Lehrmedien,Poetologie,
göthe,PROPN,2680,Person,Schriftsteller,
stoff,NOUN,2667,Poetologie,,
glauben,VERB,2665,Theologie,,
klasse,NOUN,2653,Schule,,
nennen,VERB,2648,Praktik,,
herr,NOUN,2644,Gender,Mask,
dichtung,NOUN,2603,Poetologie,,
aufsatz,NOUN,2595,Praktik,Prüfung,
zeigen,VERB,2590,Position,,
auge,NOUN,2564,Ästhetik,Sinnlich,
lernen,VERB,2561,Pädagogik,,
kraft,NOUN,2556,Idealismus,Anthropologie,
früh,ADV,2551,Zeit,,
gewiß,ADV,2534,,,
poesie,PROPN,2520,Poetologie,Gattung,
letzt,ADV,2491,,,
vater,NOUN,2475,Gender,Mask,
satz,NOUN,2474,Sprache,,
treten,VERB,2447,Position,,
zweck,NOUN,2420,Logik,,
jugend,NOUN,2405,Alter,,
gehören,VERB,2392,,,
überhaupt,ADV,2380,,,
gegenstand,NOUN,2360,Lehrmedien,,
suchen,VERB,2353,,,
bildung,NOUN,2349,Pädagogik,,
grund,NOUN,2345,Logik,,
schreiben,VERB,2338,,,
darstellung,NOUN,2321,Poetologie,,
welt,NOUN,2300,Welt,,
gieben,VERB,2270,,,
bild,NOUN,2253,Ästhetik ,,
lektüre,NOUN,2188,Praktik,Methode ,Poetologie
tag,NOUN,2180,Zeit,,
charakter,NOUN,2176,Anthropologie,,
richtig,ADV,2151,positive Bewertung,,
poetisch,ADV,2148,Poetologie,Beschreibung ,
ausdruck,NOUN,2124,Sprache,,
fallen,VERB,2120,,,
inner,NOUN,2107,Idealismus ,,
sache,NOUN,2097,,,
lang,ADV,2096,Höhe ,,
kunst,NOUN,2085,Ästhetik,,
verschieden,ADV,2079,Position,,
natürlich,ADV,2078,,,
während,SCONJ,2070,,,
fremd,ADV,2061,Alterität,,
endlich,ADV,2026,,,
bezeichnen,VERB,2018,Praktik,Sprache,
wesen,NOUN,2008,Idealismus,,
könig,NOUN,2005,Narrativ,,
folgen,VERB,1987,Disziplin,,
bedeutung,NOUN,1978,Poetologie,,
jung,ADV,1974,,,
begreifen,VERB,1973,Praktik,Idealismus,
übung,NOUN,1929,Praktik,,
gewinnen,VERB,1928,,,
strophe,NOUN,1927,Poetologie,,
möchten,AUX,1924,,,
gymnasium,NOUN,1912,Schule,,
gefühl,NOUN,1894,Emotion ,,
name,NOUN,1887,,,
erhalten,VERB,1855,,,
wahr,ADV,1847,Höhe,Idealismus,positive Bewertung
haus,NOUN,1847,Haus,,
lehren,VERB,1846,Pädagogik,,
bieten,VERB,1825,,,
geschehen,VERB,1815,,,
lessing,X,1808,Person,Schriftsteller,
seele,NOUN,1807,Idealismus,,
freund,NOUN,1803,Typ,,
spät,ADV,1799,Zeit,,
erkennen,VERB,1799,Praktik,Idealismus,
lesebuch,NOUN,1791,Lehrmedien,,
geistig,ADV,1781,Idealismus ,,
erzählung,NOUN,1778,Poetologie,Narrativ,
enthalten,VERB,1774,Beschreibung,,
beziehung,NOUN,1769,,,
handlung,NOUN,1763,Poetologie,Narrativ,
thema,NOUN,1762,Praxis,,
namentlich,ADV,1760,,,
held,NOUN,1735,Narrativ,,
historisch,ADV,1727,Geschichte ,,
sohn,NOUN,1724,Alter,Gender,Mask
schwer,ADV,1721,Bewertung,,
schrift,NOUN,1690,Poetologie,Sprache,
wesentlich,ADV,1680,positive Bewertung,,
kennen,VERB,1676,Idealismus,,
mutter,NOUN,1648,Gender,Form,
aufgabe,NOUN,1630,Praktik,,
fehlen,VERB,1623,negative Bewertung,,
lateinisch,ADV,1595,Sprachen,Klassik,
schließen,VERB,1593,Praktik,Logik ,
entwicklung,NOUN,1586,,,
lange,ADV,1584,Zeit ,,
wert,ADV,1582,positive Bewertung,,
verfasser,NOUN,1568,Poetologie,,
reichen,VERB,1559,,,
schulen,NOUN,1548,Schule,,
kampf,NOUN,1548,Alterität,Agonalität,
verhältnis,NOUN,1530,Beschreibung,,
wahrheit,NOUN,1527,Höhe,Idealismus,
knabe,NOUN,1526,Alter,Gender,Mask
notwendig,ADV,1521,Logik,,
erklären,VERB,1519,Praktik,Methode ,
reden,VERB,1518,Praktik,Sprache,
arbeit,NOUN,1504,Disziplin ,,
vielmehr,ADV,1501,Logik,,
freude,NOUN,1496,Emotion ,,
treiben,VERB,1493,Disziplin,Praktik,
reich,ADV,1487,Bewertung,Politik,
person,NOUN,1486,Person,,
vermögen,VERB,1477,,,
übrig,ADP,1476,,,
hören,VERB,1475,Ästhetik,Sinnlich,
schluß,NOUN,1468,,,
stunde,NOUN,1466,Schule,Zeit ,
nämlich,ADV,1446,,,
drama,NOUN,1439,Poetologie,Gattung,
aussprechen,VERB,1426,Sprache,Praktik,
fühlen,VERB,1426,Emotion ,,
griechisch,ADV,1413,Sprachen,Klassik,
menschlich,ADV,1396,Anthropologie,,
ähnlich,ADV,1381,,,
verlangen,VERB,1379,Disziplin,,
jahrhundert,NOUN,1371,Zeit,,
sittlich,ADV,1353,Moral,,
jüngling,X,1350,Typ,Gender,Mask
stufe,NOUN,1337,Schule,Disziplin,
aufgeben,VERB,1320,Disziplin,Pädagogik,Schule
anschauung,NOUN,1314,Idealismus,Ästhetik,
bestimmen,VERB,1312,Disziplin,,
mittel,NOUN,1295,Praktik,,
erreichen,VERB,1290,,,
beginnen,VERB,1288,,,
betrachten,VERB,1283,Ästhetik,Körper,
lebendig,ADV,1282,Welt,,
dienen,VERB,1282,Disziplin,,
kaiser,NOUN,1280,Nation,Person,Narrativ
interesse,NOUN,1280,,,
dritt,NOUN,1278,,,
stimmen,VERB,1277,Wissen,,
darstellen,VERB,1275,Poetologie,Praktik,
ernst,ADV,1271,Bewertung,,
stark,ADV,1262,Höhe ,,
urteil,NOUN,1255,Bewertung,,
behandlung,NOUN,1237,Praktik ,,
wirken,VERB,1234,Ästhetik,Wirkung,
behandeln,VERB,1233,Praktik ,,
erscheinung,NOUN,1231,Idealismus,Ästhetik,
phantasie,NOUN,1225,Phantasie,Ästhetik,Idealismus
erheben,VERB,1218,Höhe,,
gewöhnlich,ADV,1215,Bewertung,,
bemerken,VERB,1209,Praktik ,,
gegensatz,NOUN,1209,Logik,,
gesang,NOUN,1206,Poetologie,Gattung,
licht,NOUN,1206,,,
gesetz,NOUN,1202,Politik,,
klassisch,ADV,1199,Klassik,Bewertung,
äußern,VERB,1198,,,
zurück,ADV,1195,,,
schlagen,VERB,1194,Agonalität,,
beispiel,NOUN,1189,Methode ,,
erklärung,NOUN,1189,Methode,Praktik,
verständnis,NOUN,1178,Idealismus,Praktik,
fassen,VERB,1174,Idealismus,,
vorstellung,NOUN,1169,Idealismus,,
grammatik,NOUN,1167,Sprache,,
glück,NOUN,1162,positive Bewertung,,
muttersprache,NOUN,1154,Sprache ,,
leser,NOUN,1153,Poetologie,Rezeption,Lesen
idee,NOUN,1144,Idealismus,,
methode,NOUN,1140,Methode,,
himmel,NOUN,1134,Theologie,,
freiheit,NOUN,1127,Idealismus,Politik,
wirkung,NOUN,1121,Ästhetik,Wirkung,
still,ADV,1120,Tiefe,,
unmittelbar,ADV,1119,Beschreibung,,
zürst,VERB,1118,,,
glücklich,ADV,1118,Emotion ,,
empfindung,NOUN,1113,Emotion ,,
handeln,VERB,1111,,,
theilen,VERB,1109,,,
deutschland,PROPN,1103,Nation,Deutsch,
bemerkung,NOUN,1102,Praktik ,,
streng,ADV,1098,Bewertung,,
zusammenhang,NOUN,1098,,,
verlieren,VERB,1094,negative Bewertung,,
hervor,ADV,1088,Beschreibung ,,
pflegen,VERB,1086,,,
fordern,VERB,1086,,,
betrachtung,NOUN,1084,Ästhetik,Sinnlich,
erzählen,VERB,1079,Poetologie,Narrativ,
gegenüber,ADP,1072,,,
wünschen,VERB,1068,,,
ausdrücken,VERB,1064,,,
grammatisch,ADV,1055,Sprache,,
ästhetisch,ADV,1040,Ästhetik ,,
bedürfen,VERB,1039,,,
fabel,NOUN,1036,Gattung ,Poetologie,
erde,NOUN,1035,Welt,,
stadt,NOUN,1034,Ort,,
dramatisch,ADV,1029,Gattung ,,
national,ADV,1024,Nation ,,
bewußtsein,NOUN,1016,Idealismus,,
uhland,VERB,1013,Person,Schriftsteller,
schaffen,VERB,1011,positive Bewertung,Praktik,
wissenschaft,NOUN,1008,Wissenschaft,,
heilig,ADV,1006,Theologie,,
scharf,ADV,1002,Beschreibung,,
theils,ADV,1000,,,
gebieten,NOUN,997,Disziplin ,,
keiner,PRON,993,,,
verdienen,VERB,986,,,
hermann,PROPN,984,Person,Literatur,
helfen,VERB,984,Praktik,,
singen,VERB,983,,,
gering,ADV,982,Tiefe,,
selten,ADV,980,Bewertung,,
wissenschaftlich,ADV,976,Wissenschaft,,
bedeutend,ADV,967,Bewertung ,,
praktisch,ADV,962,,,
ritter,PROPN,960,Typ,Narrativ,
dichten,VERB,953,Poetologie,Praktik,
verbinden,VERB,951,Praktik,,
aufnehmen,VERB,948,,,
kenntnis,NOUN,948,Ziel,,
schönheit,NOUN,944,Ästhetik,,
üben,VERB,941,Praktik ,,
schwert,NOUN,938,Narrativ,,
erfahren,VERB,937,Sinnlich,Welt,
gebrauch,NOUN,936,,,
eignen,VERB,936,positive Bewertung,,
anfang,NOUN,932,,,
tätigkeit,NOUN,932,,,
vaterland,NOUN,930,Nation,Patriotisch,
auswahl,NOUN,929,Praktik,,
vortragen,VERB,926,Praktik ,Methode ,
gründen,VERB,925,,,
schriftlich,ADV,922,Praktik,,
erinnern,VERB,922,Idealismus,,
ruhen,VERB,921,,,
fahren,VERB,921,,,
kreis,NOUN,920,,,
not,X,919,Narrativ,,
formen,NOUN,916,Poetologie,,
wenden,VERB,914,,,
gebildet,VERB,912,Pädagogik,,
sänger,NOUN,912,Poetologie,Typ,
außer,ADP,911,,,
auftreten,VERB,909,Poetologie,,
mädchen,NOUN,908,Gender ,Femd,
versuchen,VERB,908,,,
dafür,ADV,905,,,
blick,NOUN,901,Ästhetik,Körper,
verbindung,NOUN,899,,,
erfahrung,NOUN,898,Ästhetik,Welt,
französisch,ADV,895,Nation,Sprache,
richten,VERB,892,,,
richtung,NOUN,891,,,
ansicht,NOUN,887,,,
schriftsteller,NOUN,885,Poetologie,Typ,
auffassung,NOUN,884,Praktik,Idealismus,
gestalt,NOUN,877,Beschreibung,,
gelegenheit,NOUN,867,,,
entstehen,VERB,865,,,
streben,VERB,862,Disziplin,,
bruder,NOUN,862,Familie,Typ,
besitzen,VERB,855,Idealismus,,
ideal,ADV,855,Idealismus,Moral ,
schilderung,NOUN,853,Poetologie,Praktik,
sammlung,NOUN,853,Lehrmedien,,
abhandlung,NOUN,852,Poetologie,Gattung,
gelehrt,VERB,846,positive Bewertung,,
deutlich,ADV,846,Beschreibung,,
element,NOUN,845,Medium,,
erfüllen,VERB,843,,,
jungfrau,NOUN,841,Gender,Fem,
höhe,NOUN,841,Höhe,,
willen,ADP,840,Idealismus,,
stolz,ADV,838,Narrativ,Bewertung,
karl,PROPN,835,Person,Literatur,Historisch 
frisch,ADV,834,Höhe ,,
forderung,NOUN,832,,,
geeignet,ADV,831,positive Bewertung,,
geschichtlich,ADV,828,Geschichte ,,
entwickeln,VERB,828,,,
betreffen,VERB,827,,,
trotz,ADP,827,Logik,,
beweisen,VERB,825,Logik ,,
punkt,NOUN,824,Sprache,,
rücksicht,NOUN,820,,,
vollständig,ADV,820,positive Bewertung,Höhe,
gestalten,VERB,819,Poetologie,Praktik,
häufig,ADV,819,,,
herrlich,ADV,818,positive Bewertung,,
unterschied,NOUN,817,,,
iphigenie,NOUN,816,Person,Literatur ,
ursprünglich,ADV,814,Zeit,Sprache,
klopstock,NOUN,812,Person,Schriftsteller,
fürst,NOUN,811,,,
vergleichen,VERB,810,Methode,Praktik ,
brechen,VERB,808,,,
reihe,NOUN,807,,,
ver,PROPN,804,,,
bewegung,NOUN,800,,,
grad,ADV,800,,,
unterscheiden,VERB,799,Praktik ,,
religiös,ADV,798,Theologie,,
un,X,797,,,
bedenken,NOUN,795,,,
vorhanden,ADV,792,,,
einleitung,NOUN,791,Poetologie,,
fehler,NOUN,789,Disziplin,negative Bewertung,
ansehen,VERB,786,Sinnlich,Praktik,
vorliegend,ADV,785,,,
prosa,PROPN,785,Gattung ,Poetologie,Prosa
treffen,VERB,782,,,
stellung,NOUN,779,,,
vergessen,VERB,778,Idealismus,,
mündlich,ADV,778,Praktik,,
tochter,NOUN,778,Gender,Form,
meister,NOUN,778,Höhe,Typ,
wählen,VERB,772,,,
empfehlen,VERB,769,,,
angeben,VERB,766,,,
göthes,PROPN,765,,,
sitzen,VERB,763,,,
beschränken,VERB,763,,,
stil,NOUN,762,Poetologie,Sprache,
studium,NOUN,761,Praktik,,
haupt,NOUN,761,Beschreibung,,
sorgen,VERB,760,,,
boden,NOUN,759,,,
gründlich,ADV,759,,,
empfinden,VERB,759,Emotion ,,
leiden,VERB,755,Negation,,
augenblick,NOUN,751,Zeit,,
bewegen,VERB,749,,,
zeichen,NOUN,748,Poetologie,,
lust,NOUN,743,positive Bewertung,,
besprechung,NOUN,743,Praktik,,
nation,NOUN,742,Nation,,
sterben,VERB,741,Negation,,
gewalt,NOUN,738,Agonalität,,
antik,NOUN,736,Zeit,Klassik,
sprachlich,ADV,732,Sprache ,,
verlassen,VERB,731,,,
entsprechen,VERB,730,,,
ruhig,ADV,728,Beschreibung,,
vorzugsweise,ADV,727,,,
sonne,NOUN,726,Welt,,
abschneiden,VERB,725,,,
meer,NOUN,724,Welt,,
spielen,VERB,722,,,
schicksal,NOUN,721,Disziplin,,
erläuterung,NOUN,721,Praktik,Methode ,
gefahr,NOUN,721,Agonalität,,
raum,NOUN,719,Raum,,
stimmung,NOUN,719,Emotion ,,
en,X,717,,,
angemessen,ADV,713,positive Bewertung,,
gelingen,VERB,712,,,
quelle,PROPN,710,,,
mächtig,ADV,710,Höhe,Bewertung,
philosophisch,ADV,709,Philsophie,,
ergreifen,VERB,708,Ästhetik,Wirkung,
wallenstein,PROPN,707,Person,Literatur,Historisch 
meinung,NOUN,707,Praktik,Bewertung,
eng,ADV,707,Beschreibung,,
tier,NOUN,706,Tier,Alterität,Anthropologie
eintreten,VERB,706,,,
leisten,VERB,706,,,
absicht,NOUN,705,,,
scene,NOUN,705,Poetologie,Unterteilung,
regel,NOUN,705,Disziplin,,
genügen,VERB,704,,,
christlich,ADV,704,Theologie,,
vollkommen,ADV,703,Ästhetik,positive Bewertung ,
annehmen,VERB,703,,,
graf,PROPN,703,Typ,Narrativ,
verfahren,NOUN,702,Praktik,,
dringen,VERB,700,,,
ballade,NOUN,697,Gattung ,Lyrik,
pädagogisch,ADV,691,Pädagogik,,
vertrauen,VERB,690,,,
geschlecht,NOUN,687,Gender,,
erziehung,NOUN,687,Pädagogik,Disziplin,
brief,NOUN,684,Gattung ,,
friedrich,PROPN,680,Person,Literatur,Historisch 
folge,VERB,678,,,
gesichtspunkt,VERB,677,,,
benutzen,VERB,677,,,
regeln,VERB,677,Disziplin,,
übersetzung,NOUN,675,Nation,Poetologie,
gethan,VERB,675,,,
kräftig,ADV,673,positive Bewertung,,
schauen,VERB,673,,,
logisch,ADV,673,Beschreibung,Logik,
gegenwart,NOUN,673,Zeit,,
anspruch,NOUN,671,,,
lieber,ADV,669,Beschreibung,,
falsch,ADV,665,negative Bewertung,,
vorzüglich,ADV,664,positive Bewertung,,
episch,ADV,664,Beschreibung,Poetologie,Gattung
sinnlich,ADV,663,Beschreibung,Ästhetik,
nibelungenlied,NOUN,660,Literatur ,,
nächst,ADV,659,,,
gebiet,NOUN,658,Raum,,
modern,ADV,657,Beschreibung,Ästhetik,
frieden,NOUN,656,Politik,,
kopf,NOUN,656,Körper,,
schlecht,ADV,655,negative Bewertung,,
schwierigkeit,NOUN,655,,,
verwenden,VERB,652,,,
gen,ADP,651,,,
völlig,ADV,650,,,
hart,ADV,650,,,
behaupten,VERB,649,,,
dunkel,ADV,649,Tiefe,Beschreibung ,
einheit,NOUN,648,Idealismus,,
unterrichten,VERB,648,Schule,Praktik,
lieb,ADV,647,postive Bewertung,,
moment,NOUN,647,,,
gewaltig,ADV,646,positive Bewertung,Höhe,
leiten,VERB,645,,,
eindruck,NOUN,642,Ästhetik,Körper,
periode,NOUN,641,Gattung ,,
vortrag,NOUN,641,Methode,Praktik,
erfolg,NOUN,640,positive Bewertung,,
hoffnung,NOUN,640,Theologie,,
innig,ADV,639,Idealismus,,
greifen,VERB,637,,,
gelangen,VERB,636,,,
klingen,VERB,636,,,
bestimmung,NOUN,636,Disziplin,,
grimm,PROPN,635,Person,Schriftsteller,
grundsatz,NOUN,634,,,
religion,NOUN,631,Theologie,,
würdig,ADV,630,positive Bewertung,,
königs,PROPN,630,Narrativ,,
grundlage,NOUN,629,,,
zeile,NOUN,628,Poetologie,Unterteilung,
lyrisch,ADV,628,Beschreibung,Poetologie,Gattung
tasso,PRON,628,Person,Literatur,Historisch 
grieche,ADJ,627,Klassik,,
werfen,VERB,627,,,
leute,NOUN,627,,,
erwarten,VERB,626,,,
abschnitt,NOUN,626,Unterteilung ,Poetologie,
krieg,NOUN,625,Negation,Alterität,
rasch,ADV,625,,,
schildern,VERB,625,Praktik,,
hervorheben,VERB,624,,,
mangel,NOUN,618,negative Bewertung,,
hagen,PROPN,616,Person,Literatur,
luther,PROPN,614,Person,Historisch,
literaturgeschichte,VERB,614,Geschichte ,,
schmerz,NOUN,612,negative Bewertung,,
messen,VERB,612,,,
genießen,VERB,611,,,
weib,NOUN,611,Typ,Gender,Fem
fromm,ADV,610,Theologie,Beschreibung ,
entscheiden,VERB,604,,,
baum,NOUN,603,,,
prima,ADV,603,Schule,,
frucht,NOUN,602,,,
politisch,ADV,602,Politik,,
bürger,NOUN,601,Typ,,
ausführlich,ADV,601,Beschreibung,Methode ,
gegenwärtig,ADV,600,,,
tot,ADV,599,Negation,,
gemüth,NOUN,597,,,
aufmerksam,ADV,596,Praktik,,
minder,ADV,596,negative Bewertung,,
anwendung,NOUN,596,Praktik,,
vergleichung,NOUN,594,Methode,Praktik,
zweifel,NOUN,594,negative Bewertung,,
übrigens,ADV,593,,,
schuld,NOUN,593,negative Bewertung,,
siegfried,PROPN,588,Person,Literatur,
kühn,ADV,587,Person,Bewertung,
maria,PROPN,586,Person,Literatur,Historisch 
wunsch,NOUN,586,,,
wunderbar,ADV,585,positive Bewertung,,
dienst,NOUN,584,Disziplin,,
absehen,VERB,584,,,
menge,NOUN,581,,,
anwenden,VERB,580,,,
vielfach,ADV,580,,,
volkslied,NOUN,580,Gattung ,Lyrik,
herder,PROPN,579,Person,Schriftsteller,
eltern,NOUN,579,Alter,Typ,Familie
dichterisch,ADV,579,Beschreibung,Poetologie,
ausführung,NOUN,578,Praktik,,
ordnung,NOUN,577,Disziplin,,
sitte,NOUN,576,Disziplin,Moral ,
gewähren,VERB,576,,,
echt,ADV,575,Höhe,Beschreibung ,
beziehen,VERB,574,,,
wasser,NOUN,573,Welt,Narrativ,
blicken,VERB,573,Sinnlich,Ästhetik,
geliebt,VERB,569,,,
beschreibung,NOUN,569,Praktik,,
möglichst,ADV,569,,,
staat,NOUN,569,Politik,,
dorothea,X,568,Literatur ,Person ,
erwähnen,VERB,567,,,
schiff,NOUN,567,,,
göttlich,ADV,566,Theologie,Beschreibung ,
breit,ADV,566,,,
erwerben,VERB,566,,,
buchen,VERB,566,,,
andeuten,VERB,565,,,
standpunkt,NOUN,565,,,
einsicht,NOUN,563,Idealismus,,
kämpfen,VERB,562,Agonalität,,
material,NOUN,562,Lehrmedien,,
bedeuten,VERB,561,,,
hinsicht,NOUN,561,,,
fülle,VERB,560,,,
aufmerksamkeit,NOUN,560,Disziplin,,
gesund,ADV,559,positive Bewertung,,
menschheit,NOUN,558,Anthropologie,,
hoffen,VERB,558,,,
vorzug,NOUN,557,,,
wagen,VERB,554,,,
wirklichkeit,NOUN,550,Welt,,
schwach,ADV,550,negative Bewertung,,
jugendlich,ADV,550,Alter,Beschreibung ,
zustand,NOUN,549,,,
trefflich,ADV,548,positive Bewertung,,
tugend,NOUN,548,Disziplin,Moral ,
blut,NOUN,545,Körper,Narrativ,
verhalten,VERB,545,,,
homer,PROPN,544,Person,Schriftsteller,
hinaus,ADP,544,Raum,,
offenbar,ADV,543,,,
gelten,VERB,541,,,
prosaisch,ADV,540,Beschreibung,Poetologie,Gattung
fuß,PROPN,540,,,
wecken,VERB,539,,,
steigen,VERB,537,,,
geschick,PROPN,537,positive Bewertung,,
wachsen,VERB,536,,,
brust,NOUN,535,Körper,,
ausgabe,NOUN,534,,,
pflicht,NOUN,532,Disziplin,Moral ,
sogenannt,VERB,532,,,
eigenthümlich,ADV,529,Bewertung,,
fällen,VERB,525,,,
kirche,NOUN,525,Theologie,,
hinweisen,VERB,525,,,
lösen,VERB,524,,,
plötzlich,ADV,522,,,
einfluß,NOUN,521,,,
empfangen,VERB,521,,,
einführen,VERB,520,,,
schritt,NOUN,520,,,
persönlich,ADV,519,,,
literarisch,ADV,519,Beschreibung,Poetologie,
ausbildung,NOUN,518,Schule,Institution,
umstand,NOUN,518,,,
passend,ADV,518,positive Bewertung,,
hängen,VERB,517,,,
plan,NOUN,517,,,
auflage,NOUN,513,,,
walther,PROPN,513,Person,Literatur,
proben,VERB,513,Praxis,,
familie,NOUN,512,Typ,Haus,
moralisch,ADV,511,Moral,Beschreibung ,
tragödie,NOUN,511,Gatung,Poetologie,
reichtum,NOUN,510,,,
geschmack,NOUN,510,Ästhetik,postive Bewertung,
wendung,NOUN,510,,,
vollendet,VERB,509,,,
grün,ADV,509,Beschreibung,,
wahrhaft,ADV,508,Höhe,Beschreibung ,Ästhetik
gesinnung,NOUN,508,Nation,,
notwendigkeit,NOUN,506,Logik,,
dieß,ADV,505,,,
scheiden,VERB,505,,,
zukunft,NOUN,504,Zeit,,
viert,ADV,502,,,
heinrich,PROPN,499,Person,Literatur,
bergen,VERB,499,,,
thatsach,PROPN,499,,,
landen,VERB,498,,,
geradezu,ADV,497,,,
begründen,VERB,496,,,
nieder,ADV,495,,,
erinnerung,NOUN,495,Idealismus,,
herausgeber,NOUN,492,,,
kritik,NOUN,492,negative Bewertung,,
feinden,NOUN,492,Agonalität,,
vorgang,NOUN,492,,,
reisen,VERB,490,,,
heben,VERB,489,,,
märchen,NOUN,489,Beschreibung,Poetologie,Gattung
klassiker,NOUN,488,Typ,Ästhetik,
versetzen,VERB,488,Schule,,
wilhelm,PROPN,488,Person,Literatur,Historisch 
begeisterung,NOUN,486,,,
altertum,NOUN,486,Klassik,,
höchst,ADV,485,,,
volksschule,NOUN,485,Schule,,
dramas,NOUN,484,Gattung ,Poetologie,
leidenschaft,NOUN,483,Emotion ,,
lebhaft,ADV,482,Beschreibung,,
fördern,VERB,482,,,
bitten,VERB,481,,,
charakteristikum,PROPN,481,Beschreibung,,
erhaben,ADV,480,Höhe,Beschreibung ,Ästhetik
retten,VERB,480,,,
unmöglich,ADV,479,,,
brauen,VERB,479,,,
öffentlich,ADV,479,,,
beschäftigung,NOUN,478,Praktik,,
herzen,NOUN,478,Körper,,
schweigen,VERB,477,,,
römisch,ADV,477,Klassik,,
minna,PROPN,477,Person,Literatur,Historisch 
antwort,NOUN,476,,,
erregen,VERB,474,,,
neigung,NOUN,474,,,
berlin,PROPN,473,Ort,,
blume,PROPN,473,Narrativ,Natur,
beruhen,VERB,473,,,
prüfung,NOUN,472,Praktik,Schule,
voraussetzen,VERB,472,,,
befinden,VERB,471,,,
ansichten,NOUN,471,,,
bekommen,VERB,470,,,
vorig,ADV,469,,,
gespräch,NOUN,469,Praktik,,
bearbeitung,NOUN,469,Praktik,,
laufen,VERB,469,,,
rechnen,VERB,468,,,
bedürfnis,NOUN,468,,,
liefern,VERB,467,,,
zielen,VERB,467,,,
sodann,ADV,467,,,
mittler,NOUN,466,,,
außerdem,ADV,466,,,
vorkommen,VERB,464,,,
zeichnen,VERB,463,,,
unrecht,NOUN,463,,,
auffassen,VERB,462,Praktik,,
spiel,NOUN,462,Narrativ,,
schätzen,VERB,461,,,
eigenschaft,NOUN,461,,,
verfolgen,VERB,461,,,
feind,NOUN,461,Agonalität,Alterität,
tellheim,PROPN,460,Person,Literatur,
gattung,NOUN,459,Gattung ,,
genannt,VERB,459,,,
prinz,NOUN,459,Narrativ,,
schaden,VERB,458,negative Bewertung,,
gemeinsam,ADV,458,,,
ausführen,VERB,457,,,
wiederholt,ADV,456,,,
gebrauchen,VERB,456,,,
besprechen,VERB,455,,,
voraus,ADV,455,Zeit,Raum ,
bewahren,VERB,454,,,
freudig,ADV,454,positive Bewertung,,
ach,X,454,,,
anstalt,NOUN,453,Schule,,
kehren,VERB,452,,,
faust,PROPN,452,Person,Literatur,
wohnen,VERB,452,Haus,,
nachweisen,VERB,451,,,
allmählich,ADV,451,,,
kenntniß,NOUN,450,,,
unendlich,ADV,450,Höhe,Beschreibung ,Ästhetik
gudrun,PROPN,450,Person,Literatur,
christentum,NOUN,449,Theologie,,
furcht,NOUN,449,Emotion ,,
kunstwerk,NOUN,448,Ästhetik,,
anordnung,NOUN,448,Praxis,,
disposition,NOUN,448,Praktik,Methode ,
muster,NOUN,446,Lehrmedien,,
unglück,NOUN,445,negative Bewertung ,,
anschaulich,ADV,445,Beschreibung,Ästhetik,
frühling,NOUN,445,Zeit,,
gehörig,ADV,444,,,
sturm,NOUN,444,Narrativ,,
thrän,PROPN,443,,,
entfernt,ADV,441,,,
zögling,PROPN,441,Disziplin,Typ,Schule
studie,NOUN,441,Wissenschaft ,,
weichen,VERB,440,,,
anmerkung,NOUN,440,,,
fortschreiten,VERB,440,,,
beschäftigen,VERB,439,Praktik,,
burg,PROPN,438,Ort,Literatur,
zwingen,VERB,438,Disziplin,,
herzog,PROPN,438,Typ,Literatur,
vernehmen,VERB,437,,,
frankreich,PROPN,437,Nation,,
vorbereitung,NOUN,437,Praktik,Methode ,
wolf,PROPN,436,Narrativ,Person,
farbe,NOUN,436,,,
fertigkeit,NOUN,435,,,
zart,ADV,434,,,
freundlich,ADV,434,positive Bewertung,,
erlauben,VERB,434,,,
vorführen,VERB,433,,,
genuß,NOUN,433,,,
pferd,NOUN,432,Narrativ,Tier,
vergl,VERB,432,,,
herrschen,VERB,431,,,
schwester,NOUN,431,Typ,Familie,
kultur,NOUN,430,Welt,,
knüpfen,VERB,430,,,
fürchten,VERB,430,,,
mild,ADV,430,,,
klagen,VERB,429,,,
stein,NOUN,426,,,
bezug,NOUN,426,,,
eingehend,ADV,426,,,
realschule,NOUN,425,Schule ,,
richter,NOUN,423,Typ,Politik,
mittelhochdeutsch,ADV,423,Beschreibung,Poetologie,Sprache
bewußt,ADV,422,,,
vorwurf,NOUN,422,,,
schicken,VERB,421,,,
mühe,NOUN,420,,,
königin,NOUN,420,Narrativ,Typ,
verwandt,VERB,419,,,
platz,NOUN,419,,,
erörterung,NOUN,418,Praktik,Methode ,
glänzend,ADV,417,positive Bewertung,,
universität,NOUN,415,Wissenschaft,,
festhalten,VERB,415,,,
übergehen,VERB,414,,,
klarheit,NOUN,412,positive Bewertung,,
überlassen,VERB,412,,,
teils,ADV,412,,,
trennen,VERB,411,,,
gelesen,VERB,411,Praktik,Lesen,
bezeichnung,NOUN,410,Beschreibung,,
stärken,VERB,410,,,
angeführt,VERB,409,,,
offen,ADV,408,,,
zweckmäßig,ADV,408,Bewertung,,
ei,X,408,,,
maß,NOUN,407,,,
persönlichkeit,NOUN,407,positive Bewertung,,
glanz,NOUN,406,,,
ereignis,NOUN,406,,,
is,X,406,,,
hervortreten,VERB,405,,,
tüchtig,ADV,405,positive Bewertung,,
hüten,VERB,405,,,
anzahl,NOUN,404,,,
verständniß,NOUN,403,,,
größe,NOUN,402,Beschreibung,positive Bewertung,
worauf,SCONJ,402,,,
beurteilung,NOUN,402,,,
tertia,PROPN,402,Schule,,
deuten,VERB,401,Praktik ,,
rücken,VERB,401,,,
resultat,NOUN,401,,,
vorbereiten,VERB,400,,,
vermeiden,VERB,400,,,
furchtbar,ADV,399,negative Bewertung,,
hervorgehen,VERB,399,,,
versuch,NOUN,399,,,
fähigkeit,NOUN,399,,,
anleitung,NOUN,399,Praktik,,
ludwig,PROPN,398,Person,,
erwecken,VERB,398,,,
stürzen,VERB,398,,,
gebären,VERB,397,,,
dergleichen,PRON,397,,,
luft,NOUN,397,,,
stehend,ADV,397,,,
widmen,VERB,395,,,
waffe,NOUN,395,Welt,,
veranlassen,VERB,395,,,
ergeben,VERB,395,,,
sprachunterricht,NOUN,394,Schule,,
antworten,NOUN,394,,,
tragisch,ADV,394,Beschreibung,Poetologie,Gattung
heiter,PROPN,392,,,
äußerlich,ADV,392,,,
schlacht,NOUN,391,Welt,,
verhältniß,NOUN,390,,,
preis,NOUN,390,,,
rhetorisch,ADV,390,Beschreibung,Poetologie,
kriemhild,NOUN,390,Person,Literatur,
formal,ADV,388,Beschreibung,Poetologie,
lieblich,ADV,387,,,
heutig,ADV,387,,,
ausdrücklich,ADV,387,,,
süß,ADV,386,,,
wiedergeben,VERB,386,,,
stern,PROPN,385,Welt,,
häuslich,ADV,385,Haus,,
freuen,VERB,383,,,
individuell,ADV,383,,,
nathan,PROPN,383,Person,Literatur,
darbieten,VERB,382,,,
schrecken,VERB,382,,,
begegnen,VERB,382,,,
belehrung,NOUN,382,Praktik,Wissen,
irdisch,ADV,381,Säkular,,
poetik,NOUN,381,,,
behalten,VERB,380,,,
weiblich,ADV,378,Gender,Fem,
sehnsucht,NOUN,378,Bewertung,,
abtheilung,NOUN,378,,,
verderben,VERB,377,,,
franzose,NOUN,377,Nation,Typ,
philosophie,NOUN,377,Idealismus,,
reißen,VERB,376,,,
besitz,NOUN,376,,,
cäsar,PROPN,376,Person,Literatur,Historisch 
gliedern,VERB,375,,,
ausgehen,VERB,374,,,
gemüt,NOUN,374,Emotion ,,
beweis,NOUN,373,,,
künftig,ADV,373,,,
shakespeare,PROPN,373,Person,Schriftsteller,
feiern,VERB,372,,,
drängen,VERB,372,,,
theorie,NOUN,372,Wissenschaft ,,
vertreten,VERB,372,,,
bildend,ADV,371,Pädagogik,,
künstlerisch,ADV,371,Beschreibung,Ästhetik,
vorlesen,VERB,371,Praktik,Lesen,
rhetorik,ADV,371,Rhetorik,,
mitte,NOUN,370,,,
hälfte,NOUN,370,,,
weinen,VERB,369,,,
vorschlag,NOUN,369,,,
gesellschaft,NOUN,369,Welt,,
widerspruch,NOUN,368,,,
eingehen,VERB,368,,,
erzeugen,VERB,367,,,
steigern,VERB,367,,,
gehalt,NOUN,367,,,
rechtfertigen,VERB,366,,,
streit,NOUN,366,Agonalität,,
ordnen,VERB,365,,,
schlafen,VERB,365,,,
sicherheit,NOUN,365,,,
wichtigkeit,NOUN,365,,,
spruch,NOUN,365,,,
begebenheit,NOUN,364,,,
verschwinden,VERB,364,,,
trinken,VERB,364,,,
vermitteln,VERB,364,,,
berühren,VERB,363,,,
nützlich,ADV,363,,,
reimen,VERB,362,Poetologie,,
berücksichtigen,VERB,362,,,
gestatten,VERB,361,,,
wunder,NOUN,361,Theologie,,
sammeln,VERB,361,,,
leise,ADV,359,Tiefe,Metapher,
fesseln,VERB,359,,,
schlimm,ADV,359,,,
jäger,NOUN,358,,,
rückert,VERB,358,Person,Schriftsteller,
hauptsächlich,ADV,357,,,
winter,PROPN,357,Zeit,,
stilistisch,ADV,357,Beschreibung,Sprache,Ästhetik
reflexion,NOUN,356,Idealismus,,
verleihen,VERB,356,,,
erwachen,VERB,355,,,
ringen,VERB,355,,,
selbständig,ADV,355,,,
traurig,ADV,353,Emotion ,,
unglücklich,ADV,353,Emotion ,,
lösung,NOUN,353,,,
andre,ADV,352,,,
übel,ADV,352,,,
anfangs,ADV,352,,,
gemäß,ADV,352,Bewertung,,
ausschließen,VERB,352,,,
graben,VERB,351,,,
rache,NOUN,351,,,
bereiten,VERB,351,,,
preisen,VERB,351,,,
aufnahme,NOUN,351,,,
rhein,PROPN,350,Welt,,
geistlich,ADV,350,Theologie,,
herrschaft,NOUN,350,,,
einführung,NOUN,349,,,
wirksam,ADV,349,,,
walten,VERB,349,,,
überzeugung,NOUN,349,,,
gemein,ADV,348,,,
verständlich,ADV,348,positive Bewertung,,
glocke,NOUN,348,Literatur ,,
vaterländisch,NOUN,347,Nation,Patriotisch ,
niemals,ADV,347,,,
unternehmen,NOUN,347,,,
feuer,NOUN,347,,,
männlich,ADV,347,Gender,Mask,
englisch,ADV,346,Sprache,Nation,
lesestücken,NOUN,346,Lehrmedien,Lesen,
neigen,VERB,345,,,
anerkennen,VERB,345,,,
strom,NOUN,344,,,
fuchs,PROPN,344,,,
liegend,ADV,343,,,
unbekannt,ADV,343,,,
billig,ADV,342,,,
ausnahme,NOUN,342,,,
übersetzen,VERB,342,,,
schenken,VERB,341,,,
spitz,ADV,341,,,
bedingung,NOUN,339,,,
begleiten,VERB,339,,,
objektiv,ADV,339,positive Bewertung,Wissen,
entbehren,VERB,339,,,
übersicht,NOUN,338,,,
bescheiden,ADV,338,,,
segen,NOUN,337,positive Bewertung,Höhe,
anlage,NOUN,337,,,
sanft,ADV,337,,,
überzeugen,VERB,337,,,
vereinigen,VERB,337,,,
gerecht,ADV,336,,,
titel,NOUN,336,,,
anführen,VERB,335,,,
verschiedenheit,NOUN,335,,,
merken,VERB,335,,,
charakteristisch,ADV,335,,,
hinzu,ADV,334,,,
erweisen,VERB,334,,,
springen,VERB,334,,,
anregen,VERB,334,,,
umgekehrt,ADV,334,,,
umfang,NOUN,334,,,
bau,NOUN,333,,,
vortrefflich,ADV,333,,,
behauptung,NOUN,333,,,
romantisch,ADV,332,Beschreibung,Poetologie,
freundschaft,NOUN,332,,,
wiederholung,NOUN,332,Praktik,Methode ,
längst,ADV,331,,,
enden,VERB,331,,,
fassung,NOUN,331,,,
veranlassung,NOUN,331,,,
bauer,PROPN,331,,,
altdeutsch,ADV,330,Beschreibung,Poetologie,Sprache 
gedenken,VERB,329,,,
anforderung,NOUN,329,,,
entnehmen,VERB,328,,,
schwarz,ADV,328,Farbe,,
berufen,VERB,327,,,
ehren,VERB,326,,,
leipzig,PROPN,326,Ort,,
sorgfältig,ADV,326,positive Bewertung,,
römer,PROPN,326,Typ,Historisch,Klassik
hauptsache,ADV,326,,,
theoretisch,ADV,326,Wissenschaft,,
as,X,326,,,
fröhlich,ADV,325,,,
vorreden,VERB,325,,,
don,X,324,,,
fügen,VERB,324,,,
gewöhnen,VERB,323,,,
golden,ADV,323,,,
gestaltung,NOUN,322,,,
schild,NOUN,322,,,
gegend,ADV,322,,,
erfreuen,VERB,321,,,
weisheit,NOUN,321,positive Bewertung,Höhe,
greis,VERB,321,Zeit,Alterität,
vornehmen,VERB,321,,,
leistung,NOUN,321,,,
schöpfung,NOUN,320,Theologie,,
gewinn,NOUN,320,,,
grenze,NOUN,320,,,
verscheiden,VERB,319,,,
vogel,PROPN,319,Welt,,
andeutung,NOUN,318,,,
dicht,ADV,318,,,
streichen,VERB,318,,,
wechsel,PROPN,318,,,
erlangen,VERB,318,,,
verweisen,VERB,317,,,
kalt,ADV,316,Emotion ,,
vergangenheit,NOUN,316,Zeit,,
fluch,NOUN,316,,,
betreiben,VERB,315,,,
blatt,NOUN,315,,,
lehrbuch,NOUN,315,Lehrmedien,,
didaktisch,ADV,315,Pädagogik,Didaktik,
zeugen,VERB,315,,,
geltend,ADV,315,,,
silbe,DET,315,,,
ursache,NOUN,314,,,
hervorbringen,VERB,314,,,
anerkennung,NOUN,314,,,
abteilung,NOUN,314,Unterteilung ,Poetologie,
kindlich,ADV,313,,,
tendenz,NOUN,313,,,
wurzel,NOUN,313,Tiefe,,
welch,ADV,313,,,
lehranstalt,NOUN,313,,,
ergieben,NOUN,313,,,
robinson,PROPN,313,Person,Literatur,
bereit,ADV,312,,,
lachen,VERB,312,,,
scenen,NOUN,312,Unterteilung ,Poetologie,
opfer,NOUN,312,Disziplin,,
psychologisch,ADV,311,Wissenschaft,,
logik,NOUN,311,Logik,,
schulmann,PROPN,311,Typ,Schule,Gender
anschließen,VERB,310,,,
dichtkunst,PROPN,310,Ästhetik,Poetologie,
methodisch,ADV,310,Methode,,
urteilen,VERB,310,,,
gebot,NOUN,309,,,
dietrich,PROPN,309,Literatur ,Person,
nibelunge,ADJ,308,Literatur ,Person ,
sichern,VERB,308,,,
gegner,NOUN,308,Agonalität,,
überschrift,NOUN,308,,,
treffend,ADV,307,,,
übergang,NOUN,307,,,
wiegen,VERB,307,,,
zugeben,VERB,307,,,
gefangen,VERB,306,Narrativ ,,
mundart,X,305,Sprache ,,
kritisch,ADV,305,,,
angenehm,ADV,305,,,
erweitern,VERB,304,,,
unbedingt,ADV,304,,,
gast,NOUN,304,Haus ,,
schöpfen,VERB,303,,,
zorn,NOUN,303,Emotion ,,
herab,ADV,303,,,
drücken,VERB,303,,,
beruf,NOUN,303,Welt,,
körper,NOUN,303,Welt ,,
heimat,NOUN,303,Nation,Patriotisch,
hebel,NOUN,303,Person,Schriftsteller,
fruchtbar,ADV,303,,,
pflanzen,NOUN,302,,,
löwe,PROPN,302,,,
empor,ADV,301,,,
zeitschrift,NOUN,301,,,
gewand,ADV,301,,,
untergang,NOUN,300,,,
gelegentlich,ADV,300,,,
gedächtnis,NOUN,299,Idealismus,,
erforderlich,ADV,299,,,
schatten,NOUN,298,,,
günstig,ADV,298,,,
bearbeiten,VERB,298,,,
wertvoll,ADV,298,positive Bewertung,Höhe,
ne,NOUN,298,,,
bekanntschaft,NOUN,298,,,
programm,NOUN,298,Unterteilung ,,
einnehmen,VERB,298,,,
beachten,VERB,297,,,
ring,PROPN,297,,,
versprechen,VERB,297,,,
klage,NOUN,297,,,
dasein,NOUN,296,,,
angehören,VERB,296,,,
original,NOUN,296,,,
lat,X,296,,,
rufen,VERB,295,,,
mittheilung,NOUN,294,,,
praxis,NOUN,294,Praktik,,
wiederholen,VERB,293,,,
fleiß,NOUN,292,positive Bewertung,Disziplin,
auszug,NOUN,292,,,
bedingt,ADV,292,,,
beurteilen,VERB,291,,,
ahnung,NOUN,291,,,
berichten,VERB,291,,,
hund,NOUN,291,,,
kürze,NOUN,291,,,
interessant,ADV,291,,,
erkenntnis,NOUN,291,Idealismus,,
aufstellen,VERB,290,,,
schlegel,NOUN,290,Person,Schriftsteller,
umstehen,VERB,290,,,
möglichkeit,NOUN,290,,,
aussicht,NOUN,290,,,
roland,PROPN,290,Person,Literatur,Historisch 
christ,PROPN,289,Person,Historisch,Beschreibung 
berechtigt,VERB,289,,,
indes,ADV,289,,,
schutz,NOUN,288,,,
einrichtung,NOUN,288,,,
lyrik,NOUN,288,Gattung ,Lyrik,Poetologie
lesebücher,NOUN,288,Lesen,Lehrmedien,
lichen,ADJ,288,,,
erziehen,VERB,287,,,
ankommen,VERB,287,,,
bürgerschule,X,286,Schule ,,
loben,VERB,286,,,
musik,NOUN,286,,,
knapp,ADV,286,,,
tagen,NOUN,285,,,
übersehen,VERB,285,,,
diener,NOUN,285,,,
gliederung,NOUN,285,,,
verfallen,VERB,285,,,
überwinden,VERB,285,,,
zusammenhängend,ADV,284,,,
anblick,PROPN,284,Ästhetik,Sinnlich,
masse,NOUN,284,,,
passen,VERB,284,,,
situation,NOUN,284,,,
systematisch,ADV,284,Wissen,Unterteilung ,
preußisch,ADV,284,Nation,Deutsch,
metrisch,ADV,283,Beschreibung,Poetologie,
rettung,NOUN,283,,,
reizen,VERB,283,,,
binden,VERB,283,,,
lehrplan,NOUN,283,Schule,Unterteilung,
stoßen,VERB,282,,,
motiv,NOUN,282,Poetologie,,
fünf,NUM,282,,,
einsam,ADV,281,,,
knecht,NOUN,281,,,
gesicht,NOUN,281,,,
beobachten,VERB,281,,,
durchdringen,VERB,281,,,
flucht,NOUN,281,,,
rhythmus,NOUN,281,Poetologie,,
umfassend,ADV,281,,,
aufzug,NOUN,281,Poetologie,,
romanze,NOUN,280,Prosa,Gattung ,Lyrik 
vortheil,NOUN,280,,,
erhöhen,VERB,280,,,
schützen,VERB,280,,,
hiecke,NOUN,280,Person,Didaktik ,
warten,VERB,279,,,
befreien,VERB,279,,,
sinken,VERB,278,,,
verständigen,VERB,277,,,
erblicken,VERB,277,,,
entziehen,VERB,277,,,
sommer,NOUN,277,Zeit ,,
zeugnis,NOUN,277,,,
schatz,NOUN,276,,,
strahlen,VERB,276,,,
roman,PROPN,276,Poetologie,Gattung,
mittelalter,NOUN,276,Mediävistik ,,
bezeichnend,ADV,276,,,
kriegen,VERB,275,,,
traum,NOUN,275,Welt ,Phantasie,
wind,NOUN,275,,,
nachahmung,NOUN,275,,,
untersuchung,NOUN,274,,,
elend,ADV,274,,,
vernunft,NOUN,274,Idealismus,,
beobachtung,NOUN,274,,,
verbergen,VERB,273,,,
berücksichtigung,NOUN,273,,,
betonen,VERB,273,,,
reiten,VERB,272,,,
pfarrer,NOUN,272,Theologie,Typ ,
ahnen,VERB,272,,,
lager,NOUN,272,,,
eigentum,NOUN,272,,,
metrik,NOUN,272,Poetologie,Lyrik,
stützen,VERB,272,,,
gänzlich,ADV,271,,,
bemühen,VERB,271,,,
buchstabe,NOUN,271,Sprache ,,
johanna,PROPN,271,Person,Literatur,Historisch 
erden,AUX,270,,,
feierlich,ADV,270,,,
versehen,VERB,270,,,
redner,NOUN,270,,,
system,NOUN,270,,,
max,PROPN,270,Person,Schriftsteller,
hintergrund,NOUN,269,,,
verschaffen,VERB,269,,,
verbreiten,VERB,269,,,
bewirken,VERB,269,,,
träumen,VERB,269,,,
essen,VERB,268,,,
artikel,NOUN,268,,,
eigenthümlichkeit,NOUN,267,,,
kunde,NOUN,267,,,
prüfen,VERB,267,Praktik,Schule ,
bedienen,VERB,267,,,
rühmen,VERB,267,,,
wider,ADP,267,Negation,,
ausbilden,VERB,266,,,
umgebung,NOUN,266,,,
fluß,NOUN,266,,,
bedürfniß,NOUN,266,,,
wünschenswert,ADV,266,,,
begnügen,VERB,265,,,
beleben,VERB,265,Welt,,
achtung,NOUN,265,,,
wolke,NOUN,265,,,
druck,NOUN,265,,,
gesammt,VERB,265,,,
anregung,NOUN,264,,,
soldat,NOUN,264,,,
aufsuchen,VERB,263,,,
stamm,NOUN,263,Sprache,Geschichte ,
beschreiben,VERB,263,Praktik,,
erfordern,VERB,263,,,
bedenklich,ADV,263,,,
bauen,VERB,263,,,
berühmt,ADV,263,,,
vergnügen,NOUN,263,,,
jetzig,ADV,263,,,
vorhergehend,ADV,262,,,
wahrscheinlich,ADV,262,,,
talent,NOUN,262,,,
bös,ADV,262,,,
hebung,NOUN,262,,,
figur,NOUN,261,,,
geschäft,NOUN,261,Welt ,,
schießen,VERB,261,,,
erkenntniß,NOUN,261,,,
nachdenken,VERB,261,,,
elisabeth,PROPN,261,,,
germanisch,ADV,260,Nation ,,
re,X,260,,,
lebend,ADV,260,,,
eindringen,VERB,260,Agonalität,,
königlich,ADV,260,,,
zeitalter,NOUN,259,,,
eröffnen,VERB,259,,,
genügend,ADV,259,,,
ausschließlich,ADV,259,,,
orthographie,NOUN,259,Sprache ,,
aristoteles,PROPN,259,Person,Schriftsteller,
blau,ADV,258,,,
nahrung,NOUN,258,,,
anlegen,VERB,258,,,
zweigen,VERB,257,,,
hervorrufen,VERB,257,,,
haß,X,257,,,
überflüssig,ADV,256,,,
äußer,PROPN,256,,,
ergreifend,ADV,256,,,
beispielen,NOUN,256,,,
täglich,ADV,256,,,
abend,ADV,255,,,
gottheit,NOUN,255,Theologie,,
welle,NOUN,254,,,
fortwährend,ADV,254,,,
semester,NOUN,254,,,
preußen,NOUN,253,,,
ethisch,ADV,253,Moral ,,
trüb,ADV,253,,,
geltung,NOUN,253,,,
befriedigen,VERB,251,,,
rolle,NOUN,251,,,
steigerung,NOUN,251,,,
verwandeln,VERB,251,,,
siegen,VERB,251,,,
rühren,VERB,251,,,
pädagogik,NOUN,251,Pädagogik,,
wandeln,VERB,250,,,
hierin,ADV,250,,,
schillersch,ADV,250,Beschreibung,Poetologie,Person 
ursprung,NOUN,249,,,
locken,VERB,249,,,
zauber,NOUN,249,,,
voraussetzung,NOUN,249,,,
tadeln,VERB,248,,,
vermissen,VERB,248,,,
lenken,VERB,248,,,
gemälde,NOUN,247,,,
parzival,NOUN,247,Person,Literatur,
gesellen,VERB,247,,,
antonio,PROPN,247,Person,,
eingang,NOUN,246,,,
nachricht,NOUN,246,,,
messina,PROPN,246,Ort,,
müller,PROPN,245,Person,Schriftsteller,Narrativ
bibel,NOUN,245,Theologie,,
öffnen,VERB,245,,,
fünft,ADV,244,,,
schauspiel,NOUN,244,,,
gunst,NOUN,244,,,
erläutern,VERB,244,,,
stammen,VERB,244,,,
streiten,VERB,244,,,
willkommen,ADV,244,,,
vorbild,NOUN,243,,,
senden,VERB,243,,,
blind,ADV,243,,,
zufällig,ADV,243,,,
liebend,ADV,242,,,
ersetzen,VERB,242,,,
erfassen,VERB,242,,,
entwerfen,VERB,242,,,
bericht,NOUN,242,,,
fähig,ADV,242,,,
begeben,VERB,242,,,
krone,NOUN,242,,,
sachlich,ADV,242,,,
eifer,NOUN,241,,,
tätig,ADV,241,,,
theilnahmen,NOUN,241,,,
außerordentlich,ADV,241,,,
verlauf,NOUN,241,,,
werten,VERB,241,,,
niedrig,ADV,241,,,
halt,ADV,241,,,
engel,PROPN,241,Typ,Theologie,
zerfallen,VERB,241,,,
ändern,VERB,241,,,
kleist,PROPN,241,Person,Schriftsteller,
hervorragend,ADV,241,,,
veränderung,NOUN,240,,,
gruppe,NOUN,240,,,
beherrschen,VERB,240,,,
vergleich,NOUN,240,Methode,Praktik,
disziplin,NOUN,240,,,
prinzessin,NOUN,240,Typ,Gender,Fem 
körner,NOUN,240,Person,Schriftsteller ,
felsen,PROPN,239,,,
beschränkung,NOUN,239,,,
hildebrand,NOUN,239,Person,Literatur,
übertragen,VERB,239,,,
herzlich,ADV,239,,,
heftig,ADV,239,,,
mitleid,NOUN,239,,,
fließen,VERB,238,,,
riese,NOUN,238,,,
bedeutsam,ADV,238,,,
heimath,PROPN,238,Patriotisch ,Welt ,
sünde,NOUN,238,,,
mittelalt,NOUN,237,,,
warnen,VERB,237,,,
üblich,ADV,237,,,
gellern,AUX,236,Person,Schriftsteller,
speisen,VERB,236,,,
anstrengung,NOUN,236,,,
dankbar,ADV,236,,,
dasjenig,NOUN,236,,,
philipp,PROPN,236,Person,,
entspringen,VERB,235,,,
weihen,VERB,235,,,
winken,VERB,235,,,
göttin,NOUN,235,Theologie ,,
nähe,NOUN,235,,,
andrerseits,ADV,235,,,
selbstverständlich,ADV,235,,,
schreiten,VERB,234,,,
spannung,NOUN,234,,,
auffallend,ADV,234,,,
zählen,VERB,234,,,
quarta,PROPN,234,Schule,,
zuschauer,NOUN,234,,,
erzeugnis,PROPN,233,,,
hingeben,VERB,233,,,
bitter,ADV,233,,,
werner,PROPN,233,Person,,
handbuch,NOUN,232,Wissen,Lehrmedien,
beliebt,ADV,232,,,
gattin,NOUN,232,Gender,Fem,
bestimmtheit,NOUN,232,,,
äußerung,NOUN,232,,,
cicero,PROPN,232,Person,Schriftsteller,Klassik
minne,NOUN,231,,,
decken,VERB,231,,,
schweben,VERB,231,,,
leidenschaftlich,ADV,231,,,
ergänzen,VERB,231,,,
erleben,VERB,231,Welt,,
ent,X,231,,,
krank,ADV,231,negative Bewertung,,
patriotisch,ADV,231,Nation,Patriotisch,
eigentümlich,ADV,231,,,
schrecklich,ADV,230,,,
erfüllung,NOUN,230,,,
kosten,VERB,230,,,
stattfinden,VERB,230,,,
himmlisch,ADV,229,Höhe,Beschreibung ,Theologie
stören,VERB,229,,,
schwingen,VERB,229,,,
lauten,VERB,229,,,
lügen,VERB,229,,,
hochdeutsch,ADV,229,Beschreibung,Poetologie,Sprache
ritterlich,ADV,228,positive Bewertung,Höhe,
tönen,VERB,228,,,
leuchten,VERB,228,,,
biegen,VERB,228,,,
vollziehen,VERB,228,,,
malen,VERB,227,,,
stecken,VERB,227,,,
mathematik,NOUN,227,,,
hinlänglich,ADV,227,,,
egmont,PROPN,226,Person,Literatur,
verwerfen,VERB,226,,,
bessern,VERB,226,,,
speciell,ADV,226,,,
anstellen,VERB,226,,,
erfolgen,VERB,226,,,
höchstens,ADV,225,,,
großartig,ADV,225,,,
nähern,VERB,225,,,
strafe,NOUN,225,,,
verkünden,VERB,225,,,
verdanken,VERB,225,,,
mittelpunkt,NOUN,225,,,
reihen,VERB,224,,,
handelnd,ADV,224,,,
privatlektüren,VERB,224,Praxis,Schule ,
positiv,ADV,224,,,
laokoon,X,224,Person,Literatur,
benutzung,NOUN,223,,,
sachs,PROPN,223,Person,schriftsteller ,
reiter,NOUN,223,,,
herstellen,VERB,223,,,
dringend,ADV,223,,,
hierher,ADV,222,,,
verweilen,VERB,222,,,
zerstören,VERB,222,,,
zuwenden,VERB,222,,,
füllen,VERB,222,,,
gras,NOUN,222,,,
zusammenstellen,VERB,222,,,
denkmal,NOUN,221,,,
wüst,ADV,221,,,
absichtlich,ADV,221,,,
holen,VERB,221,,,
italien,PROPN,221,Nation,,
teufel,PROPN,221,Theologie,Typ,
befriedigung,NOUN,220,positive Bewertung ,,
zugänglich,ADV,220,,,
vollendung,NOUN,220,positive Bewertung,Höhe,
ästhetik,NOUN,220,Ästhetik ,,
gegenseitig,ADV,220,,,
partie,NOUN,220,,,
zusammenstellung,NOUN,219,,,
gefährlich,ADV,219,,,
rauben,VERB,219,,,
sichtbar,ADV,219,,,
selbstständig,ADV,219,,,
künstler,NOUN,219,Ästhetik,Typ ,
notiz,NOUN,219,,,
erlernen,VERB,219,,,
sin,NOUN,219,,,
schmücken,VERB,218,,,
unterliegen,VERB,218,,,
mannigfaltig,ADV,218,,,
begeistert,ADV,217,,,
abschied,NOUN,217,,,
hierzu,ADV,217,,,
drucken,VERB,217,,,
latein,PROPN,217,Sprache,Klassik ,
garten,NOUN,216,,,
moral,X,216,Moral ,,
entdecken,VERB,216,,,
führer,NOUN,216,,,
gnade,NOUN,216,,,
betonung,NOUN,216,,,
quinta,NOUN,216,Schule ,,
wieland,PROPN,215,,,
zurücckehren,VERB,215,,,
weilen,VERB,215,,,
trauen,VERB,215,,,
hierauf,ADV,215,,,
gleim,NOUN,215,Person,Schriftsteller,
entgehen,VERB,214,,,
trost,NOUN,214,,,
schmerzlich,ADV,214,,,
gleichfalls,ADV,214,,,
england,PROPN,214,Nation,,
bühne,NOUN,214,,,
mechanisch,ADV,214,,,
götz,PROPN,214,Person,Literatur,
gerne,ADV,213,,,
rücckehr,NOUN,213,,,
nunmehr,ADV,213,,,
straße,NOUN,213,,,
sinnig,ADV,213,,,
primaner,NOUN,213,Schule,,
geographisch,ADV,213,,,
apotheker,NOUN,212,Typ,,
unterwerfen,VERB,212,,,
drohen,VERB,212,,,
besuchen,VERB,212,,,
eitel,ADV,212,,,
schrank,NOUN,212,,,
heft,NOUN,211,,,
wirksamkeit,NOUN,211,,,
kreisen,VERB,211,,,
wechseln,VERB,211,,,
stumm,ADV,211,,,
vernünftig,ADV,211,,,
redensart,VERB,211,Poetologie,,
günther,PROPN,210,Person,Didaktik,
verkennen,VERB,210,,,
rauschen,VERB,210,Narrativ,,
einprägen,VERB,209,,,
verlust,NOUN,209,,,
befehlen,VERB,209,,,
entstehung,NOUN,209,,,
erwachsen,ADV,209,,,
sorgfalt,NOUN,209,,,
humor,NOUN,209,,,
heuen,VERB,209,,,
teutsch,ADV,208,Nation ,,
ausgesprochen,VERB,208,,,
verkehren,VERB,208,,,
hilfe,NOUN,208,,,
lesebüchern,NOUN,208,Lesen,Lehrmedien,
beitrag,NOUN,207,,,
heran,ADV,207,,,
geographie,NOUN,207,Wissenschaft ,,
untern,VERB,207,,,
unterhaltung,NOUN,207,,,
eberhard,PROPN,207,Person,,
geßler,PROPN,207,Person,,
gericht,NOUN,206,,,
linie,NOUN,206,,,
andenken,VERB,206,,,
entlehnen,VERB,206,,,
gedeihen,VERB,206,,,
nähren,VERB,206,,,
vornherein,ADV,206,,,
gottsched,PROPN,205,Person,Schriftsteller,
fliehen,VERB,205,,,
sachsen,PROPN,205,Nation,Deutsch,
hinzufügen,VERB,205,,,
gewonnen,VERB,205,,,
abstract,PROPN,205,,,
gunther,ADJ,205,Mediävistik ,,
individualität,NOUN,204,,,
erzielen,VERB,204,,,
mehrzahl,NOUN,204,,,
ausspruch,NOUN,204,,,
reichlich,ADV,204,,,
geraten,VERB,204,,,
burgund,PROPN,204,,,
verstand,VERB,203,,,
zufrieden,ADV,203,,,
blutig,ADV,203,,,
nebst,ADP,203,,,
la,X,203,,,
verknüpfen,VERB,203,,,
vergebens,ADV,202,,,
korrektur,NOUN,202,Praktik ,Schule,
brauchbar,ADV,202,,,
fenster,NOUN,202,,,
neuhochdeutsch,ADV,202,Beschreibung,Poetologie,Sprache 
insel,NOUN,202,,,
bibliothek,NOUN,202,Schule,,
wackernagel,PROPN,202,Person,Didaktik,
object,PROPN,202,,,
harmonie,NOUN,201,,,
erleichtern,VERB,201,,,
liebevoll,ADV,201,,,
sinnen,NOUN,201,,,
nachbildung,NOUN,201,,,
roß,X,201,,,
schonen,VERB,201,,,
köstlich,ADV,201,,,
pädagoge,NOUN,201,Pädagogik,Typ ,
beifall,NOUN,200,,,
drache,NOUN,200,,,
wovon,ADV,200,,,
haltung,NOUN,200,,,
pause,NOUN,200,,,
beten,VERB,200,Theologie ,,
selig,ADV,200,,,
bestehend,ADV,200,,,
herbst,PROPN,200,Zeit,,
berechtigung,NOUN,200,Schule,Unterteilung ,
bande,NOUN,199,,,
bestrebung,NOUN,199,,,
öfter,ADV,199,,,
unentbehrlich,ADV,199,,,
mitteilen,VERB,199,,,
jagd,NOUN,198,,,
schuldig,ADV,198,,,
damalig,ADV,198,,,
fischer,PROPN,198,,,
gewicht,NOUN,198,,,
umfangen,VERB,198,relat. Höhe,,
leitung,NOUN,198,,,
woche,NOUN,198,,,
orestes,ADJ,198,Person,Klassik,Literatur
konnen,NOUN,198,,,
erörtern,VERB,197,Praktik,,
fangen,VERB,197,,,
vernichten,VERB,197,,,
wandthei,NOUN,197,,,
ungewöhnlich,ADV,197,,,
hörer,NOUN,197,,,
kreuz,ADV,197,,,
sehnen,VERB,197,,,
entwickelt,VERB,197,,,
gehorsam,ADV,197,Disziplin ,,
entschließen,VERB,196,,,
veranschaulichen,VERB,196,,,
genius,NOUN,196,positive Bewertung,Höhe,
predigen,VERB,196,,,
angegeben,VERB,196,,,
chamisso,PROPN,196,Person,Schriftsteller,
ausgang,NOUN,196,,,
pylades,ADJ,196,Person,Klassik,Literatur
volker,PROPN,196,Person,,
secunda,PROPN,195,Schule ,,
literarhistorisch,NOUN,195,Geschichte ,Literatur,
heften,VERB,194,,,
schmerzen,NOUN,194,,,
fortschritt,NOUN,194,,,
besprochen,VERB,194,,,
herrscher,NOUN,194,,,
auswendig,ADV,194,Praktik,Methode ,Beschreibung 
orleans,PROPN,193,Person,,
entschieden,VERB,193,,,
schwanken,VERB,193,,,
seltsam,ADV,193,,,
substantiv,ADV,193,Sprache,,
fleißig,ADV,193,,,
bequem,ADV,193,,,
abstrakt,ADV,193,,,
vorlieben,NOUN,193,,,
leitfaden,NOUN,193,Methode ,,
berechnen,VERB,192,,,
forschung,NOUN,192,Wissenschaft,Wissen ,
einwirkung,NOUN,192,,,
tempel,NOUN,192,Theologie,Ort,
benehmen,VERB,192,,,
eintheilung,NOUN,192,,,
umfassen,VERB,192,,,
aufheben,VERB,192,,,
tapfer,ADV,192,,,
reinheit,NOUN,191,,,
herrlichkeit,NOUN,191,,,
bewundern,VERB,191,,,
eilen,VERB,191,,,
zusammenfassen,VERB,191,,,
rührend,ADV,191,,,
pracht,NOUN,191,,,
aufführen,VERB,191,,,
mahnung,NOUN,191,,,
auszeichnen,VERB,191,,,
begründung,NOUN,191,,,
künstlich,ADV,190,Beschreibung,,
schlaf,NOUN,190,,,
schreien,VERB,190,,,
geordnet,VERB,190,,,
bewähren,VERB,190,,,
herrschend,ADV,190,,,
ergebnis,NOUN,190,,,
fechten,VERB,189,,,
versagen,VERB,189,,,
parallel,ADV,189,,,
erwartung,NOUN,189,,,
gerechtigkeit,NOUN,189,,,
vergeblich,ADV,189,,,
heimisch,ADV,189,,,
anschauen,VERB,189,,,
anhang,NOUN,189,,,
offenbaren,VERB,188,Theologie ,Ästhetik ,
hirte,VERB,188,,,
entscheidung,NOUN,188,,,
wohnung,NOUN,188,Wohnen ,,
zusatz,NOUN,188,,,
bewohner,NOUN,188,,,
musikalisch,ADV,188,Ästhetik,,
ertheilen,VERB,188,,,
theater,NOUN,188,Poetologie,Welt ,
aufforderung,NOUN,188,,,
definition,NOUN,188,,,
dramaturgie,NOUN,188,,,
major,X,188,Typ,,
archiv,NOUN,187,,,
böse,ADV,187,negative Bewertung,Moral ,
tadel,NOUN,187,negative Bewertung ,,
heimlich,ADV,187,,,
energisch,ADV,187,,,
entgegengesetzt,VERB,187,,,
schriftsprache,ADJ,187,Sprache ,,
ausüben,VERB,187,,,
arndt,PROPN,187,Person,Schriftsteller ,
hinweg,ADP,186,,,
befreiung,NOUN,186,,,
einzelheit,NOUN,186,,,
bürgerlich,ADV,186,,,
erhebung,NOUN,185,,,
scheu,ADV,185,,,
beantworten,VERB,185,,,
charakterisieren,VERB,185,Praktik,,
zunge,NOUN,185,,,
fliegen,VERB,185,,,
abenteuer,NOUN,185,,,
verkehr,NOUN,185,,,
erwähnt,VERB,185,,,
einfachheit,NOUN,185,,,
entscheidend,ADV,185,,,
unterrichtsgegenstand,ADV,185,Lehrmedien,Schule ,
anknüpfen,VERB,185,,,
vorliegen,VERB,185,,,
grenzen,NOUN,184,Agonalität,,
harmonisch,ADV,184,,,
echten,ADJ,184,,,
unterstützen,VERB,184,,,
kommentar,NOUN,184,Praktik,Poetologie,
begrüßen,VERB,184,,,
nationalliteratur,NOUN,184,Nation,Literatur ,
erfindung,NOUN,184,,,
professor,NOUN,184,Wissenschaft,Typ,
gewählt,VERB,183,,,
entgegentreten,VERB,183,,,
körperlich,ADV,183,,,
trennung,NOUN,183,,,
versmaß,NOUN,183,,,
angst,NOUN,183,,,
weltlich,ADV,183,,,
erzählend,ADV,183,,,
ausdehnung,NOUN,183,,,
dauernd,ADV,182,,,
trauerspiel,NOUN,182,,,
scheuen,VERB,182,,,
anlaß,NOUN,182,,,
krieger,NOUN,182,,,
partei,NOUN,182,,,
naturgemäß,ADV,182,,,
abiturient,NOUN,182,Schule,Typ,
ergehen,VERB,181,,,
homerisch,ADV,181,,,
subjectiv,ADV,181,,,
vorwärts,ADV,181,,,
umgang,NOUN,181,,,
durchnehmen,VERB,181,Praktik,,
hinreichend,ADV,180,,,
princip,PROPN,180,Idealismus ,,
erwachsene,ADJ,180,Alter,,
angriff,NOUN,180,Agonalität,,
thatsächlich,ADV,180,,,
ehrlich,ADV,180,,,
vertreter,NOUN,180,,,
hinauf,ADV,179,,,
indeß,ADV,179,,,
verletzen,VERB,179,,,
hüllen,VERB,179,,,
flüchtig,ADV,179,,,
monolog,NOUN,179,Drama,Poetologie,
no,X,178,,,
ertragen,VERB,178,,,
entschluß,NOUN,178,,,
stätte,VERB,178,,,
schwächen,VERB,178,,,
ausgezeichnet,VERB,178,,,
arg,ADV,178,,,
änderung,NOUN,178,,,
bestreben,NOUN,178,,,
unterscheidung,NOUN,178,,,
ß,X,177,,,
lustig,ADV,177,,,
humboldt,PROPN,177,Person,Schriftsteller,
auffordern,VERB,177,,,
bestätigen,VERB,177,,,
zucht,NOUN,177,,,
griechenland,PROPN,177,Nation,,
widerstehen,VERB,177,,,
zuhörer,NOUN,177,,,
laden,VERB,176,,,
kranz,NOUN,176,,,
mannigfaltigkeit,NOUN,176,,,
gegentheil,NOUN,176,,,
wahrlich,ADV,176,,,
heine,PROPN,176,Person,Schriftsteller,
bewunderung,NOUN,176,,,
vorwort,NOUN,176,,,
übereinstimmung,NOUN,176,,,
biblisch,ADV,176,Theologie,Beschreibung ,
höfisch,ADV,176,,,
entfalten,VERB,175,,,
freiwillig,ADV,175,,,
herausgeben,VERB,175,,,
hinsichtlich,ADP,175,,,
verehrung,NOUN,175,,,
amt,NOUN,175,,,
erschlagen,VERB,175,,,
zurückführen,VERB,175,,,
vorkommend,ADV,175,,,
ausdrucken,VERB,175,,,
aneignen,VERB,174,,,
zimmer,NOUN,174,,,
auffinden,VERB,174,,,
dach,NOUN,174,,,
vergleichend,ADV,174,,,
kostbar,ADV,173,,,
nordisch,ADV,173,Nation,Deutsch,
sämmtlich,ADV,173,,,
schema,NOUN,173,,,
einbildungskraft,NOUN,173,Phantasie,Ästhetik,Idealismus 
ergänzung,NOUN,173,,,
erstens,ADV,173,,,
erwidern,VERB,173,,,
beachtung,NOUN,173,,,
fortsetzen,VERB,173,,,
zusammengesetzt,VERB,173,,,
einheitlich,ADV,173,,,
rat,X,173,,,
ur,X,172,,,
vorstellen,VERB,172,,,
heiß,ADV,172,,,
absolut,ADV,172,,,
meisterwerk,NOUN,172,positive Bewertung,Poetologie,
prinzip,NOUN,172,Idealismus,,
unbedeutend,ADV,171,,,
beseitigen,VERB,171,,,
hinstellen,VERB,171,,,
winden,VERB,171,,,
trocken,ADV,171,,,
eifrig,ADV,171,,,
blüte,NOUN,171,,,
ausreichend,ADV,171,,,
erschütternd,ADV,170,,,
erweiterung,NOUN,170,,,
sphäre,NOUN,170,,,
becher,NOUN,170,,,
menschenleben,NOUN,170,Welt,Anthropologie,
starr,ADV,169,,,
anziehend,ADV,169,,,
kleid,NOUN,169,,,
einrichten,VERB,169,,,
feindlich,ADV,169,Agonalität ,,
monat,NOUN,169,,,
regierung,NOUN,169,Politik,,
zufall,NOUN,169,,,
verarbeiten,VERB,169,,,
darlegung,NOUN,169,,,
schwaben,PROPN,169,Nation,Deutsch,
napoleon,PROPN,169,Person,Historisch ,
schweizer,ADJ,169,Nation,,
selbständigkeit,NOUN,168,,,
aufgestellt,VERB,168,,,
on,X,168,,,
merkwürdig,ADV,168,,,
täuschen,VERB,168,,,
hinab,ADV,168,,,
betreten,VERB,168,,,
feurig,ADV,168,,,
regelmäßig,ADV,168,,,
vorläufig,ADV,168,,,
eisern,ADV,168,,,
hierüber,ADV,168,,,
komisch,ADV,168,,,
parabel,ADV,168,Gattung ,Prosa,
schulbuch,NOUN,168,Lehrmedien,,
kö,X,168,,,
schwab,PROPN,168,Person,Schriftsteller,
degen,VERB,168,,,
voß,X,167,Person,Schriftsteller ,
andrer,PRON,167,,,
beschließen,VERB,167,,,
auseinander,ADV,167,,,
beschaffenheit,NOUN,167,,,
darlegen,VERB,167,,,
allseitig,ADV,167,,,
finster,ADV,167,,,
engländer,NOUN,167,Nation,Typ,
zurückweisen,VERB,167,,,
aufenthalt,NOUN,167,,,
becker,PROPN,167,,,
förderung,NOUN,167,,,
franziska,PROPN,167,Person,Literatur,
wundern,VERB,166,,,
organisch,ADV,166,,,
krankheit,NOUN,166,,,
verderblich,ADV,166,,,
vornehm,ADV,166,,,
trauer,NOUN,166,,,
kleiden,VERB,166,,,
publikum,NOUN,166,,,
begehen,VERB,166,,,
hindern,VERB,166,,,
beibringen,VERB,166,,,
erringen,VERB,165,,,
verwirrung,NOUN,165,negative Bewertung,,
befehl,NOUN,165,,,
blühen,VERB,165,,,
beklagen,VERB,165,,,
zweifeln,VERB,165,,,
anregend,ADV,165,,,
gedankengang,NOUN,165,,,
spott,NOUN,164,,,
punct,PROPN,164,,,
unsterblich,ADV,164,,,
schmuck,NOUN,164,,,
abweichung,NOUN,164,,,
leiche,ADJ,164,Narrativ ,,
einsehen,VERB,164,,,
zerreißen,VERB,164,,,
materiell,ADV,164,,,
verbieten,VERB,163,,,
wärmen,VERB,163,,,
abschluß,NOUN,163,,,
belegen,VERB,163,,,
durchführen,VERB,163,,,
unbefangen,ADV,163,,,
unschuldig,ADV,163,,,
geschrieben,VERB,163,,,
exposition,NOUN,163,,,
unbewußt,ADV,163,Idealismus,,
eindrücken,VERB,163,,,
hindernis,NOUN,162,,,
grundzug,NOUN,162,,,
bus,NOUN,162,,,
blühend,ADV,162,,,
epoche,NOUN,162,Literatur ,Geschichte ,
hauptsatz,PROPN,162,Sprache,,
glied,NOUN,162,,,
rächen,VERB,162,,,
aneignung,NOUN,162,,,
schädlich,ADV,162,,,
zeitraum,NOUN,162,,,
göthech,VERB,162,,,
wacker,PROPN,161,positive Bewertung,,
zusammensetzung,NOUN,161,,,
auswählen,VERB,161,,,
flehen,VERB,161,,,
aufweisen,VERB,161,,,
fahrt,NOUN,161,,,
übernehmen,VERB,161,,,
friedlich,ADV,161,,,
thron,NOUN,161,,,
schwäbisch,ADV,161,Nation ,,
lehrstoff,PROPN,161,Praktik,Lehrmedien,
hinweis,NOUN,161,,,
warnung,NOUN,160,,,
mitgetheilen,NOUN,160,,,
wille,NOUN,160,,,
gepräge,NOUN,160,,,
gatte,PROPN,160,Gender,Mask,
verfehlen,VERB,160,,,
horaz,PROPN,160,Person,Schriftsteller,Klassik
verbesserung,NOUN,160,,,
gemeinschaftlich,ADV,160,,,
vorlesung,NOUN,160,Praktik,,
emilia,PROPN,160,Person,Literatur,
sämtlich,ADV,160,,,
fleisch,NOUN,159,,,
schauplatz,NOUN,159,,,
kategorie,NOUN,159,,,
kirchlich,ADV,159,,,
versammlung,NOUN,159,,,
melden,VERB,159,,,
mitteilung,NOUN,159,,,
ähnlichkeit,NOUN,158,,,
recken,VERB,158,,,
finger,NOUN,158,,,
unterredung,NOUN,158,,,
mahnen,VERB,158,,,
leihen,VERB,158,,,
august,PROPN,158,Person,,
vereinen,VERB,158,,,
lauf,NOUN,158,,,
bleibend,ADV,158,,,
mischen,VERB,158,,,
einverstanden,ADV,158,,,
vorlegen,VERB,158,,,
vollständigkeit,NOUN,158,,,
beständig,ADV,158,,,
möro,ADV,158,,,
umsonst,ADV,157,,,
lebendigkeit,NOUN,157,Welt,Anthropologie,
katastrophe,NOUN,157,,,
gesamt,ADV,157,,,
gröfsern,NOUN,157,,,
zeitwort,NOUN,156,,,
prediger,NOUN,156,,,
schulunterricht,PROPN,156,Schule ,,
räuber,NOUN,156,,,
gangen,VERB,156,,,
bezüglich,ADP,156,,,
befähigen,VERB,156,,,
umgeben,VERB,156,,,
leugnen,VERB,156,,,
oberflächlich,ADV,156,,,
heranziehen,VERB,156,,,
verbessern,VERB,156,,,
tyrann,PROPN,156,,,
wöchentlich,ADV,156,,,
teilnahme,NOUN,156,,,
sacherklärung,NOUN,156,Praktik,,
erwähnung,NOUN,155,,,
vorüber,ADV,155,,,
ankunft,NOUN,155,,,
weltanschauung,NOUN,155,,,
dulden,VERB,155,,,
mathematisch,ADV,155,,,
vorschrift,NOUN,155,Disziplin,,
phrase,X,155,,,
aufgehen,VERB,155,,,
geistreich,ADV,155,,,
grundgedanken,NOUN,155,,,
geibel,ADV,155,,,
erfreulich,ADV,154,,,
ängstlich,ADV,154,,,
glänzen,VERB,154,,,
beredtsamkei,PROPN,154,,,
lesart,NOUN,154,,,
entreißen,VERB,154,,,
tisch,NOUN,154,,,
einseitigkeit,NOUN,154,,,
weiden,VERB,154,,,
genie,NOUN,154,Poetologie,Typ,
willkürlich,ADV,154,,,
europa,PROPN,153,Nation,,
verdienst,NOUN,153,,,
zustande,ADV,153,,,
verleiten,VERB,153,,,
gleichgültig,ADV,153,,,
anleiten,VERB,153,,,
geschickt,ADV,153,,,
sophokle,NOUN,153,,,
richtigkeit,NOUN,153,,,
verzichten,VERB,153,,,
grofse,NOUN,153,,,
wahrnehmen,VERB,152,,,
lücke,NOUN,152,,,
unnatürlich,ADV,152,,,
brücke,NOUN,152,,,
heide,PROPN,152,,,
vergehen,VERB,152,,,
daselbst,ADV,152,,,
spaziergang,NOUN,152,,,
inhaltsangabe,NOUN,152,Praktik ,,
vornehmlich,ADV,152,,,
lehrstunde,NOUN,152,Zeit,Schule,
lehrgegenstand,NOUN,152,Lehrmedien,,
merkmal,NOUN,152,,,
vergangen,VERB,152,,,
philologisch,ADV,152,Wissenschaft,Literatur ,
taucher,NOUN,152,Narrativ,,
orest,NOUN,152,Person,Literatur ,
do,X,152,,,
mittelalterlich,ADV,151,Literatur ,Geschichte ,
vordergrund,NOUN,151,,,
klang,VERB,151,,,
mörder,NOUN,151,,,
unschuld,NOUN,151,,,
paris,PROPN,151,Ort,Nation,
kapitel,NOUN,151,,,
töten,VERB,151,,,
überlieferung,NOUN,150,,,
methodik,NOUN,150,Didaktik,,
versöhnung,NOUN,150,,,
zweifelhaft,ADV,150,,,
kindheit,NOUN,150,Zeit,Alter,
hieraus,ADV,150,,,
stechen,VERB,150,,,
tieck,PROPN,150,Person,Schriftsteller,
vertiefen,VERB,150,,,
legend,ADV,150,,,
unterwelt,VERB,150,,,
träger,NOUN,150,,,
willkür,NOUN,150,,,
geburt,NOUN,150,,,
feststellen,VERB,150,,,
erzieher,PROPN,149,Typ,Schule,Disziplin
anweisung,NOUN,149,,,
analyse,NOUN,149,Praktik,,
anreden,VERB,149,,,
anf,X,149,,,
verbreitung,NOUN,149,,,
revolution,NOUN,149,,,
vollbringen,VERB,149,,,
gemahlin,PROPN,149,Gender,Typ,Fem
anzeigen,VERB,149,,,
musterstück,NOUN,149,Lehrmedien,,
säen,VERB,149,,,
plastisch,ADV,148,,,
glühend,ADV,148,,,
gleichmäßig,ADV,148,,,
dauer,NOUN,148,,,
korrekt,ADV,148,,,
landschaft,NOUN,148,,,
meisterhaft,ADV,148,positive Bewertung,Höhe ,
maßstab,NOUN,148,,,
läßen,VERB,148,,,
schnee,NOUN,147,,,
mittheilen,VERB,147,,,
gewaltsam,ADV,147,,,
laune,NOUN,147,,,
kühl,ADV,147,,,
thür,NOUN,147,,,
vorziehen,VERB,147,,,
irren,VERB,147,negative Bewertung,,
begreiflich,ADV,147,,,
herbei,ADV,147,,,
belehren,VERB,147,,,
gefolge,PROPN,147,,,
ableiten,VERB,147,,,
kommend,ADV,147,,,
ausarbeitung,NOUN,147,Praktik ,,
gestellt,VERB,147,,,
aufführung,NOUN,147,,,
lächerlich,ADV,147,,,
elementar,NOUN,147,,,
vorteil,NOUN,147,,,
rechnung,NOUN,146,,,
verzweiflung,NOUN,146,,,
kette,NOUN,146,,,
aufhören,VERB,146,,,
verschließen,VERB,146,,,
priester,NOUN,146,,,
handschrift,NOUN,146,,,
nützen,VERB,146,,,
vorsicht,NOUN,146,,,
gebräuchlich,ADV,146,,,
tanzen,VERB,146,,,
campen,VERB,146,,,
erschienen,VERB,146,,,
sprachlehre,VERB,146,Sprache,,
philologie,NOUN,146,Wissenschaft,Literatur,
johann,PROPN,145,Person,Schriftsteller,
nachfolgend,ADV,145,,,
zahlen,VERB,145,,,
verwandtschaft,NOUN,145,,,
weich,ADV,145,,,
siegreich,ADV,145,,,
zuvor,ADV,145,,,
augenblicklich,ADV,145,,,
takt,NOUN,145,,,
philosoph,NOUN,145,,,
stuart,NOUN,145,,,
kloster,NOUN,145,,,
epigramm,NOUN,145,,,
überdies,ADV,145,,,
biographisch,ADV,145,,,
höhepunkt,NOUN,145,,,
tapferkeit,PROPN,144,positive Bewertung,,
erregung,NOUN,144,,,
lächeln,VERB,144,,,
wunderlich,ADV,144,,,
verbum,VERB,144,Sprache,,
heilen,VERB,144,,,
ungefähr,ADV,144,,,
brennen,VERB,144,,,
heidnisch,ADV,144,,,
romantiker,NOUN,144,Typ,Literatur,Geschichte
nachtheil,PROPN,144,,,
erfinden,VERB,144,,,
darnach,ADV,144,Zeit,Logik,
tischen,ADJ,144,Beschreibung,,
hierdurch,ADV,144,,,
bereich,NOUN,144,,,
eigentümlichkeit,NOUN,144,,,
spiegel,PROPN,143,,,
gesundheit,NOUN,143,,,
gewitter,NOUN,143,,,
jammern,VERB,143,,,
theilweise,ADV,143,,,
versinken,VERB,143,,,
verlegen,ADV,143,,,
rhythmisch,ADV,143,Beschreibung,Poetologie ,
beginn,NOUN,143,,,
getreu,ADV,143,,,
simrock,NOUN,143,Person,Schriftsteller ,
mi,X,143,,,
norden,NOUN,142,,,
unwillkürlich,ADV,142,,,
fräulein,NOUN,142,Typ,Gender,Fem
hegen,VERB,142,,,
annahme,NOUN,142,,,
erachten,VERB,142,,,
gebirge,PROPN,142,,,
fortsetzung,NOUN,142,,,
versäumen,VERB,142,,,
wanderer,NOUN,142,,,
dialog,NOUN,142,,,
denkend,ADV,142,,,
ausmachen,VERB,142,,,
gelehrsamkeit,NOUN,142,,,
willens,ADV,142,,,
halle,PROPN,141,,,
seinig,PROPN,141,,,
eingreifen,VERB,141,,,
heim,PROPN,141,,,
verherrlichen,VERB,141,,,
unbestimmt,ADV,141,,,
dünken,VERB,141,,,
unzweifelhaft,ADV,141,,,
wandern,VERB,141,,,
mannigfach,ADV,141,,,
formell,ADV,141,,,
erlernung,NOUN,141,,,
rollen,VERB,141,,,
lesestoff,PROPN,141,Lesen,Lehrmedien,
senkung,NOUN,141,,,
einwirken,VERB,140,,,
quell,NOUN,140,,,
ertönen,VERB,140,,,
schwung,NOUN,140,,,
lippe,NOUN,140,,,
würdigung,NOUN,140,,,
einschlagen,VERB,140,,,
widersprechen,VERB,140,,,
zeitgenosse,NOUN,140,,,
biographie,NOUN,140,,,
geläufig,ADV,140,,,
erleiden,VERB,140,,,
eichen,VERB,140,,,
schar,PROPN,140,,,
angelegenheit,NOUN,139,,,
sittlichkeit,NOUN,139,,,
betragen,VERB,139,,,
düster,ADV,139,,,
jedesmalig,PROPN,139,,,
anhalten,VERB,139,,,
befestigen,VERB,139,,,
abhängig,ADV,139,,,
althochdeutsch,ADV,139,Beschreibung,Poetologie,Sprache 
fremdwort,NOUN,139,,,
prächtig,ADV,139,,,
beilegen,VERB,139,,,
begehren,VERB,139,,,
pflichten,NOUN,139,,,
bildlich,ADV,139,,,
verwerten,VERB,139,,,
messias,ADV,138,Religion,,
vorfahren,NOUN,138,,,
physisch,ADV,138,,,
umreißen,VERB,138,,,
leichtigkeit,NOUN,138,,,
abweichend,ADV,138,,,
angehen,VERB,138,,,
hölle,NOUN,138,,,
strömen,VERB,138,,,
bruchstück,PROPN,138,,,
achten,VERB,138,,,
angedeutet,VERB,138,,,
gnädig,ADV,138,,,
odysseus,NOUN,138,Person,Literatur,
verlaufen,VERB,138,,,
staub,NOUN,137,,,
verändern,VERB,137,,,
geheimnis,NOUN,137,,,
vollkommenheit,NOUN,137,,,
nachahmen,VERB,137,,,
übergeben,VERB,137,,,
schal,ADV,137,,,
übersichtlich,ADV,137,,,
les,X,137,,,
volksgeist,NOUN,137,Nation,Patriotisch,
überaus,ADV,137,,,
nemlich,ADV,137,,,
zeichnung,NOUN,136,,,
bemühung,VERB,136,,,
sprechend,ADV,136,,,
alsdann,ADV,136,,,
elegie,NOUN,136,,,
alters,ADV,136,,,
zweimal,ADV,136,,,
melodie,NOUN,136,,,
offenbarung,NOUN,135,,,
räumen,VERB,135,,,
geheim,ADV,135,,,
einsamkeit,NOUN,135,,,
beruhigen,VERB,135,,,
nachbar,ADV,135,,,
vocal,PROPN,135,,,
befolgen,VERB,135,,,
nachdruck,NOUN,135,,,
wörtlich,ADV,135,,,
geduld,NOUN,135,,,
vertiefung,NOUN,135,,,
pensum,PROPN,135,,,
richard,PROPN,135,Person,,
vorurteil,NOUN,134,,,
bedauern,VERB,134,,,
production,NOUN,134,,,
glücken,VERB,134,,,
erwägung,NOUN,134,,,
rings,ADV,134,,,
mitteln,NOUN,134,,,
summe,NOUN,134,,,
sterbend,ADV,134,,,
überliefert,VERB,134,,,
strafen,VERB,134,,,
orthographisch,ADV,134,Sprache,,
ordentlich,ADV,134,,,
planen,VERB,134,,,
hauptwort,PROPN,133,,,
interpretation,NOUN,133,Praktik,Poetologie,
ältern,ADV,133,Typ,Familie,
thronen,VERB,133,,,
saale,NOUN,133,Narrativ ,,
drohend,ADV,133,,,
erhellen,VERB,133,,,
duft,NOUN,133,,,
ausdrucksweise,NOUN,133,,,
speer,NOUN,133,,,
ersparen,VERB,133,,,
trösten,VERB,133,,,
vereinigung,NOUN,132,,,
grausam,ADV,132,,,
öde,ADV,132,,,
schneiden,VERB,132,,,
entzücken,VERB,132,,,
untreu,ADV,132,,,
bier,NOUN,132,,,
vaterlandslieben,NOUN,132,,,
volksthümlich,PROPN,132,,,
fortschreitend,ADV,131,,,
dumpf,ADV,131,,,
donner,NOUN,131,,,
bisweilen,ADV,131,,,
redend,ADV,131,,,
segnen,VERB,131,,,
wand,NOUN,131,,,
lehrreich,ADV,131,,,
opfern,VERB,131,,,
tafel,NOUN,131,Schule,,
weimar,PROPN,131,Ort,,
schweiz,PROPN,131,Nation,,
belehrend,ADV,131,,,
sentimental,ADV,131,Emotion ,,
reihenfolge,NOUN,131,,,
aussetzen,VERB,131,,,
franz,PROPN,131,Person,,
gelehrtenschul,PROPN,131,,,
reproduction,X,131,,,
zuschreiben,VERB,130,,,
gediegen,ADV,130,,,
sechst,ADV,130,,,
dialekt,NOUN,130,,,
composition,NOUN,130,,,
einwenden,VERB,130,,,
regung,NOUN,130,,,
auseinandersetzung,NOUN,130,,,
te,X,130,,,
hauptperson,PROPN,130,,,
ceres,PROPN,130,Person,Literatur,
papier,NOUN,130,,,
gervinu,NOUN,130,,,
abgeben,VERB,130,,,
vermehren,VERB,130,,,
sprachstudium,NOUN,130,,,
plato,PROPN,130,Person,Schriftsteller,
konig,NOUN,130,,,
voraufgegangen,VERB,130,,,
einleiten,VERB,129,,,
germane,ADJ,129,,,
brunnen,PROPN,129,,,
kenner,NOUN,129,,,
jeglich,ADV,129,,,
ausfallen,VERB,129,,,
besingen,VERB,129,,,
leitend,ADV,129,,,
zwerg,NOUN,129,Typ,Narrativ,
gemahl,NOUN,129,,,
sekunda,PROPN,129,Schule,,
unzählig,ADV,129,,,
vorschlagen,VERB,129,,,
fir,X,129,,,
jeher,ADV,129,,,
papst,NOUN,129,,,
anderseits,ADV,129,,,
kranich,ADV,128,,,
wechselnd,ADV,128,,,
frühern,ADV,128,Zeit,,
antlitz,PROPN,128,positive Bewertung,,
verwirren,VERB,128,,,
unrichtig,ADV,128,,,
schaar,NOUN,128,,,
dergl,ADV,128,,,
ser,X,128,,,
angesicht,NOUN,128,,,
gleichnis,NOUN,128,,,
begriff,NOUN,128,Sprache ,Wissen ,
leonore,NOUN,128,Literatur ,Person,
aufregung,NOUN,127,,,
dürftig,ADV,127,,,
ihrig,ADV,127,,,
gerathen,VERB,127,,,
fürstin,NOUN,127,,,
gymnasial,NOUN,127,,,
versichern,VERB,127,,,
gewissenhaft,ADV,127,,,
lection,NOUN,127,,,
opitz,ADV,127,Person,Schriftsteller,
blücher,PROPN,127,,,
jugendschrift,NOUN,127,,,
jrrtum,NOUN,127,,,
unterlassen,VERB,126,,,
produkt,NOUN,126,,,
mythologie,NOUN,126,,,
hauch,NOUN,126,,,
jagen,VERB,126,,,
lauschen,VERB,126,,,
bekämpfen,VERB,126,,,
gebilde,NOUN,126,,,
beabsichtigt,VERB,126,,,
gemeinschaft,NOUN,126,,,
individuum,NOUN,126,,,
büchlein,PROPN,126,Lehrmedien,,
heilsam,ADV,126,,,
zeitschr,VERB,126,,,
volkstümlich,ADV,126,Nation,,
vogelweide,VERB,126,,,
objekt,NOUN,125,,,
eitelkeit,NOUN,125,,,
entfernung,NOUN,125,,,
beugen,VERB,125,,,
bewegt,VERB,125,,,
reizend,ADV,125,,,
bleich,ADV,125,,,
em,X,125,,,
lüften,VERB,125,,,
schwinden,VERB,125,,,
katholisch,ADV,125,Theologie,,
trachten,VERB,125,,,
reifen,VERB,125,,,
provinz,NOUN,125,,,
truppe,NOUN,125,,,
sprung,NOUN,125,,,
armuth,PROPN,125,,,
verpflichten,VERB,125,,,
verachten,VERB,125,,,
dargelegt,VERB,125,,,
weltgeschichte,NOUN,125,,,
schreibart,NOUN,125,Poetologie,,
blosz,PROPN,125,,,
offizier,NOUN,125,,,
antheil,NOUN,124,,,
umher,ADP,124,,,
vergil,VERB,124,,,
schroff,ADV,124,,,
redlich,ADV,124,,,
kreuzzug,NOUN,124,,,
gedächtniß,NOUN,124,,,
besorgen,VERB,124,,,
perlen,NOUN,124,,,
teuer,ADV,124,,,
kleinod,PROPN,123,,,
abschließen,VERB,123,,,
küssen,VERB,123,,,
dargeboten,VERB,123,,,
stiften,VERB,123,,,
edeln,VERB,123,,,
willig,ADV,123,,,
kritiker,NOUN,123,,,
inwiefern,VERB,123,,,
anstoß,NOUN,123,,,
stürmen,VERB,123,,,
wähnen,VERB,123,,,
nackt,ADV,123,,,
einleitend,ADV,123,,,
verführen,VERB,123,,,
pfeil,NOUN,123,,,
kaiserlich,ADV,123,,,
eisen,NOUN,123,,,
kurfürst,NOUN,123,,,
organismus,NOUN,123,,,
product,NOUN,123,,,
ausfüllen,VERB,123,,,
entwurf,NOUN,123,,,
nationalität,NOUN,122,,,
ungeheur,PROPN,122,,,
entschluss,NOUN,122,,,
überlegen,VERB,122,,,
werben,VERB,122,,,
priesterin,NOUN,122,,,
italienisch,NOUN,122,Nation,,
verstecken,VERB,122,,,
prädicat,NOUN,122,,,
link,NOUN,122,,,
empfänglich,ADV,122,,,
odyssee,PROPN,122,Narrativ,,
ernstlich,ADV,122,,,
generation,NOUN,122,,,
brausen,VERB,122,,,
propädeutik,NOUN,122,,,
konflikt,NOUN,122,,,
worms,PROPN,122,Ort,,
entschuldigen,VERB,122,,,
patriotismus,NOUN,122,,,
gebühren,NOUN,121,,,
schwäche,NOUN,121,,,
unangenehm,ADV,121,,,
bereichern,VERB,121,,,
kaufmann,NOUN,121,,,
jedermann,PRON,121,,,
sentenz,NOUN,121,,,
ablegen,VERB,121,,,
ausgewählt,VERB,121,,,
nebel,NOUN,121,,,
abweichen,VERB,121,,,
standpunct,PROPN,121,,,
frevel,NOUN,120,,,
zustehen,VERB,120,,,
mangelhaft,ADV,120,,,
gebäude,NOUN,120,,,
aufgenommen,VERB,120,,,
schöpfer,NOUN,120,,,
umfangreich,ADV,120,,,
komposition,NOUN,120,,,
gebraucht,VERB,120,,,
erschöpfen,VERB,120,,,
beiläufig,ADV,120,,,
ausdehnen,VERB,120,,,
director,X,120,,,
ausgeführt,VERB,120,,,
cursu,PROPN,120,,,
feder,NOUN,120,,,
dureh,PROPN,120,,,
entfaltung,NOUN,119,,,
hinausgehen,VERB,119,,,
angreifen,VERB,119,,,
zeugniß,NOUN,119,,,
nebensatz,PROPN,119,,,
kömmen,NOUN,119,,,
zerlegen,VERB,119,,,
dämonisch,ADV,119,,,
erschrecken,VERB,119,,,
jahreszeit,NOUN,119,,,
zuführen,VERB,119,,,
zwiespalt,NOUN,119,,,
lernend,ADV,119,,,
vermehrt,ADV,119,,,
einräumen,VERB,119,,,
geschenk,NOUN,119,,,
gegenteil,NOUN,119,,,
übertreffen,VERB,118,,,
selbstgefühl,NOUN,118,Emotion ,,
dichtungsart,NOUN,118,,,
auflösen,VERB,118,,,
bange,ADV,118,,,
ausnehmen,VERB,118,,,
überschreiten,VERB,118,,,
fluten,VERB,118,,,
mitglied,NOUN,118,,,
verwendung,NOUN,118,,,
verarbeitung,NOUN,118,,,
unterweisung,NOUN,118,,,
übertragung,NOUN,117,,,
fallend,ADV,117,,,
subjecen,NOUN,117,,,
schöpferisch,ADV,117,,,
schwimmen,VERB,117,,,
versöhnen,VERB,117,,,
unklar,ADV,117,,,
erreichung,NOUN,117,,,
klugheit,NOUN,117,,,
vorhin,ADV,117,,,
organ,NOUN,117,,,
einüben,VERB,117,,,
min,X,117,,,
einteilung,NOUN,117,,,
humanität,NOUN,116,,,
altar,NOUN,116,,,
schwankend,ADV,116,,,
besonnen,ADV,116,,,
gemeinde,NOUN,116,,,
wallen,VERB,116,,,
dauern,VERB,116,,,
hemmen,VERB,116,,,
erwägen,VERB,116,,,
romantik,NOUN,116,,,
befriedigend,ADV,116,,,
subjekt,NOUN,116,,,
dürr,ADV,116,Beschreibung,,
ausrufen,VERB,116,,,
apfel,NOUN,116,,,
angewiesen,ADV,116,,,
berliner,ADJ,116,Ort,,
psychologie,NOUN,116,Wissenschaft,,
erteilen,VERB,116,,,
neuzeit,NOUN,116,,,
ungleich,ADV,115,,,
bluten,VERB,115,,,
untersuchen,VERB,115,,,
besinnen,VERB,115,,,
subjektiv,ADV,115,,,
unterhalten,VERB,115,,,
scherz,NOUN,115,,,
entlassen,VERB,115,,,
rastlos,ADV,115,,,
vergegenwärtigen,NOUN,115,,,
rüsten,VERB,115,,,
frömmigkeit,NOUN,115,,,
schlummern,VERB,115,,,
verschlingen,VERB,115,,,
relativ,ADV,115,,,
verdrängen,VERB,115,,,
beuten,VERB,115,,,
gymnasiast,PROPN,115,Schule,Typ,
reformation,NOUN,115,,,
eduard,PROPN,115,Person,,
fahne,NOUN,115,,,
wolfram,PROPN,115,Person,Schriftsteller,
vernachlässigen,VERB,115,,,
brunhild,NOUN,115,,,
boxberger,NOUN,115,Person,Didaktik,
niederlegen,VERB,114,,,
wonne,PROPN,114,,,
gefällig,ADV,114,,,
zusammentreffen,VERB,114,,,
deßhalb,ADV,114,,,
deutung,NOUN,114,,,
unerwartet,ADV,114,,,
wehren,VERB,114,,,
stirn,NOUN,114,,,
adler,NOUN,114,,,
erschließen,VERB,114,,,
keimen,VERB,114,,,
rüstung,NOUN,114,,,
bezeugen,VERB,114,,,
bäumen,NOUN,114,,,
mildern,VERB,114,,,
erhebend,ADV,114,,,
wahren,VERB,114,,,
herbeifgeführt,VERB,114,,,
lesestück,NOUN,114,Lesen,Lehrmedien,
feldherr,NOUN,114,,,
jmmer,NOUN,114,,,
worüber,SCONJ,113,,,
zulassen,VERB,113,,,
anlangen,VERB,113,,,
niederdeutsch,ADV,113,Beschreibung ,Poetologie,Sprache
gewißheit,NOUN,113,,,
störend,ADV,113,,,
mühsam,ADV,113,,,
fußen,VERB,113,,,
spenden,VERB,113,,,
wahrnehmung,NOUN,113,,,
mantel,NOUN,113,,,
jugendliteratur,NOUN,113,,,
jsabella,PROPN,113,,,
hassen,VERB,112,,,
bräutigam,PROPN,112,Typ,Gender,Mask
sorgsam,ADV,112,,,
zerstreuen,VERB,112,,,
ehrfurcht,ADV,112,,,
eigner,NOUN,112,,,
verehren,VERB,112,,,
förderlich,ADV,112,,,
barbarossa,PROPN,112,Person,Literatur,
fü,X,112,,,
reproduktion,NOUN,112,,,
genöthigen,NOUN,112,,,
schmidt,PROPN,112,Person,Schriftsteller,
erweitert,VERB,112,,,
sprichwort,NOUN,112,,,
vielseitig,ADV,111,,,
nüchtern,ADV,111,,,
leiblich,ADV,111,,,
anschlagen,VERB,111,,,
harren,VERB,111,,,
beabsichtigen,VERB,111,,,
weglassen,VERB,111,,,
räthsel,PROPN,111,,,
meyer,PROPN,111,,,
verwerflich,ADV,111,,,
gesellig,ADV,111,,,
verlegenheit,NOUN,111,,,
martin,PROPN,111,,,
mitgetheilt,VERB,111,,,
verschiedenartig,ADV,111,,,
sinden,VERB,111,,,
unverständlich,ADV,111,negative Bewertung,,
betätigung,NOUN,111,,,
beatrice,PROPN,111,Person,Literatur,
manül,NOUN,111,,,
versenken,VERB,110,,,
hülfsmittel,PROPN,110,Praktik,,
grüßen,VERB,110,,,
vereinzelt,ADV,110,,,
haften,VERB,110,,,
lehnen,VERB,110,,,
spanisch,ADV,110,Nation,,
übereinstimmen,VERB,110,,,
übertrieben,ADV,110,,,
freiligrath,PROPN,110,Person,Schriftsteller,
bahnen,VERB,110,,,
entsetzen,NOUN,110,,,
existenz,NOUN,110,,,
vorstehend,ADV,110,,,
formenlehre,NOUN,110,,,
nachtigall,PROPN,110,,,
ungeheuer,ADV,109,,,
gothisch,ADV,109,,,
sprachgebrauch,NOUN,109,,,
bemächtigen,VERB,109,,,
horchen,VERB,109,,,
edelstein,PROPN,109,,,
wiederkehrend,ADV,109,,,
lesung,NOUN,109,,,
druckfehler,NOUN,109,,,
gewohnheit,NOUN,109,,,
beibehalten,VERB,109,,,
heldensagen,VERB,109,,,
fertigen,VERB,109,,,
verirrung,NOUN,109,,,
überblick,NOUN,109,,,
geheimnisvoll,ADV,109,,,
gesichtskreis,NOUN,109,,,
barnhelm,PROPN,109,Person,Literatur,
österreich,PROPN,109,Nation,,
etzels,NOUN,108,,,
dastehen,VERB,108,,,
gemüthe,NOUN,108,,,
saite,NOUN,108,,,
herbeiführen,VERB,108,,,
verachtung,NOUN,108,,,
gerichtet,VERB,108,,,
handel,NOUN,108,,,
schwören,VERB,108,,,
stehlen,VERB,108,,,
lohnen,VERB,108,,,
abgehen,VERB,108,,,
naturwissenschaft,NOUN,108,Wissenschaft,,
beleuchten,VERB,108,,,
naturgeschichte,AUX,108,,,
maßgebend,ADV,108,,,
erstrecken,VERB,108,,,
ausbreiten,VERB,108,,,
malerei,NOUN,108,,,
beeinträchtigen,VERB,108,,,
niederschreiben,VERB,108,,,
zuweisen,VERB,108,,,
stauffach,NOUN,108,,,
beifügen,VERB,107,,,
würdigen,VERB,107,,,
leuchtend,ADV,107,,,
spiegeln,VERB,107,,,
anmuth,PROPN,107,,,
christi,PROPN,107,Person,Theologie,
nächtlich,ADV,107,,,
schlachten,VERB,107,,,
us,X,107,,,
symbolisch,ADV,107,,,
behaglich,ADV,107,,,
verstorben,VERB,107,,,
pathos,NOUN,107,,,
saladin,PROPN,107,Person,Literatur,
altersstufe,PROPN,107,,,
anschluß,NOUN,107,,,
geschichtsunterricht,VERB,107,,,
stilistik,NOUN,107,,,
zwölf,NUM,107,,,
handschuh,PROPN,107,,,
beantwortung,NOUN,106,,,
besiegen,VERB,106,,,
vertrieben,VERB,106,,,
verhindern,VERB,106,,,
draußen,ADV,106,,,
gehend,ADV,106,,,
höhlen,VERB,106,,,
innigkeit,NOUN,106,,,
blüthen,VERB,106,,,
freundin,NOUN,106,,,
general,X,106,,,
abends,ADV,106,,,
gespannt,ADV,106,,,
hübsch,ADV,106,,,
schaft,NOUN,106,,,
aufklärung,NOUN,106,,,
gräfin,PROPN,106,Typ,Narrativ,
begeistern,VERB,106,,,
einübung,NOUN,106,,,
führung,NOUN,106,,,
meiden,VERB,106,,,
unnütz,ADV,106,,,
anziehen,VERB,106,,,
abgeschlossen,VERB,106,,,
erheblich,ADV,106,,,
wiese,NOUN,105,,,
erschüttern,VERB,105,,,
unwürdig,ADV,105,,,
wange,NOUN,105,,,
vokal,ADV,105,,,
schlagend,ADV,105,,,
kunstvoll,ADV,105,,,
adjektiv,ADV,105,,,
tauchen,VERB,105,,,
hauptgedanke,VERB,105,,,
nachdrücklich,ADV,105,,,
bar,ADV,105,,,
begierde,NOUN,105,,,
analytisch,ADV,105,,,
wetter,NOUN,105,,,
ungestüm,ADV,105,,,
ausreichen,VERB,105,,,
claudiu,PROPN,105,,,
verwechseln,VERB,105,,,
bestreiten,VERB,105,,,
erklingen,VERB,105,,,
bürgschaft,NOUN,105,,,
vilmar,PROPN,105,,,
imstande,ADV,105,,,
widerlegen,VERB,104,,,
wohlgefallen,VERB,104,,,
vorherrschend,ADV,104,,,
verbrechen,NOUN,104,,,
fremdling,X,104,,,
vertreiben,VERB,104,,,
verschweigen,VERB,104,,,
maler,NOUN,104,,,
eindringlich,ADV,104,,,
müde,ADV,104,,,
geschwind,ADV,104,,,
wofür,ADV,104,,,
gram,X,104,,,
stuttgart,PROPN,104,Ort,,
gereift,VERB,104,,,
abhalten,VERB,104,,,
befähigung,NOUN,104,,,
entdeckung,NOUN,104,,,
spinnen,VERB,104,,,
wörterbuch,NOUN,104,,,
antreiben,VERB,104,,,
practisch,ADV,104,Praxis,,
formel,NOUN,103,,,
mutig,ADV,103,,,
verschmähen,VERB,103,,,
rüdiger,PROPN,103,,,
schweigend,ADV,103,,,
bedeutungsvoll,ADV,103,,,
verbunden,VERB,103,,,
regiment,NOUN,103,,,
durchführung,NOUN,103,,,
mark,NOUN,103,,,
landmann,NOUN,103,,,
habsburg,PROPN,103,Typ,Nation,
ebensowenig,ADV,103,,,
philologe,NOUN,103,,,
oheim,PROPN,103,,,
wanderung,NOUN,103,,,
erschweren,VERB,103,,,
ler,X,103,,,
abfassung,NOUN,103,,,
gelernt,VERB,103,,,
komma,NOUN,103,,,
durchmachen,VERB,103,,,
zurückbleiben,VERB,102,,,
bescheidenheit,NOUN,102,,,
bedeckt,ADV,102,,,
metrum,PROPN,102,Poetologie,Lyrik,
götzinger,NOUN,102,,,
klippe,NOUN,102,,,
mauern,VERB,102,,,
namens,ADP,102,,,
befürchten,VERB,102,,,
untergeordnet,VERB,102,,,
bannen,VERB,102,,,
kleider,NOUN,102,,,
zusammensetzen,VERB,102,,,
autorität,NOUN,102,,,
platzen,VERB,102,,,
rest,NOUN,102,,,
ohnehin,ADV,102,,,
schichten,NOUN,102,,,
hinweisung,NOUN,102,,,
bezweifeln,VERB,102,,,
thekla,PROPN,102,,,
einblick,PROPN,102,,,
pilger,NOUN,102,,,
etzel,NOUN,102,Person,Literatur,
verhandlung,NOUN,102,,,
anfertigen,VERB,102,,,
verwundern,VERB,101,,,
mager,ADV,101,,,
verbannen,VERB,101,,,
färbung,NOUN,101,,,
auskunft,NOUN,101,,,
vorzeit,NOUN,101,,,
entwicklungsgang,ADV,101,,,
schlange,NOUN,101,,,
or,X,101,,,
ausstellung,NOUN,101,,,
gelungen,VERB,101,,,
satzbau,NOUN,101,,,
gebührend,ADV,101,,,
schäfer,PROPN,101,,,
zuversicht,NOUN,101,,,
vorsichtig,ADV,101,,,
capitel,PROPN,101,Unterteilung ,Gattung,
rubrik,NOUN,101,,,
behandelt,VERB,101,,,
überwiegend,ADV,101,,,
einlassen,VERB,101,,,
späterhin,ADV,101,,,
pflug,PROPN,101,,,
blüthe,PROPN,100,,,
einfalt,VERB,100,,,
jambisch,ADV,100,,,
einsetzen,VERB,100,,,
entsetzlich,ADV,100,,,
endung,NOUN,100,,,
flach,ADV,100,,,
einschließen,VERB,100,,,
aufrecht,ADV,100,,,
besuch,NOUN,100,,,
drehen,VERB,100,,,
wehen,VERB,100,,,
ansprechend,ADV,100,,,
buttler,PROPN,100,,,
schlufs,PROPN,100,,,
werbung,NOUN,100,,,
fortgesetzt,VERB,99,,,
spannen,VERB,99,,,
beistehen,VERB,99,,,
ausbruch,NOUN,99,,,
öfters,ADV,99,,,
jahrbuch,NOUN,99,,,
stumpf,ADV,99,,,
gipfel,NOUN,99,,,
weber,PROPN,99,,,
religionsunterricht,NOUN,99,,,
manier,NOUN,99,,,
erstreben,VERB,99,,,
stundenzahl,NOUN,99,,,
problem,NOUN,99,,,
ausprägen,VERB,98,,,
hoffentlich,ADV,98,,,
schallen,VERB,98,,,
zuneigung,NOUN,98,,,
beschreibend,ADV,98,,,
hinziehen,VERB,98,,,
unwiderstehlich,ADV,98,,,
wirth,PROPN,98,,,
hügel,PROPN,98,,,
scheren,VERB,98,,,
kummer,PROPN,98,,,
tropfen,VERB,98,,,
liebenswürdig,ADV,98,,,
werdend,AUX,98,,,
fürstlich,ADV,98,,,
nachhaltig,ADV,98,,,
gefordert,VERB,98,,,
benennung,NOUN,98,,,
sol,X,98,,,
erweckung,NOUN,98,,,
äufsern,VERB,98,,,
tonwort,NOUN,98,,,
fehlerhaft,ADV,97,,,
pedantisch,ADV,97,,,
beleuchtung,NOUN,97,,,
erworben,VERB,97,,,
schmach,NOUN,97,,,
sonett,NOUN,97,,,
wohltätig,ADV,97,,,
hiernach,ADV,97,,,
beseelen,VERB,97,,,
aufrichtig,ADV,97,,,
hoheit,NOUN,97,,,
ermordung,NOUN,97,,,
tertianer,NOUN,97,,,
hartmut,PROPN,97,,,
thöricht,PROPN,96,,,
reinigen,VERB,96,,,
bezahlen,VERB,96,,,
schleichen,VERB,96,,,
besonnenheit,NOUN,96,,,
ahnungsvoll,ADV,96,,,
spielend,ADV,96,,,
spätern,NOUN,96,Zeit,,
verstummen,VERB,96,,,
anmuthig,ADV,96,,,
blitz,PROPN,96,,,
rose,NOUN,96,,,
durchgehen,VERB,96,,,
vorschweben,VERB,96,,,
unabhängig,ADV,96,,,
skizze,NOUN,96,,,
wonach,ADV,96,,,
blättern,VERB,96,,,
unwahrheit,NOUN,96,,,
handhaben,VERB,96,,,
denkbar,ADV,96,,,
nimmermehr,ADV,96,,,
zukommen,VERB,96,,,
paragraph,PROPN,96,,,
mittelbar,ADV,96,,,
syntax,VERB,96,,,
beredsamkei,PROPN,96,,,
ausgedehnt,VERB,96,,,
kirchenlied,NOUN,96,,,
obertertia,PROPN,96,,,
stetig,ADV,95,,,
schämen,VERB,95,,,
zweierlei,DET,95,,,
knieen,PROPN,95,,,
katze,NOUN,95,,,
kriegerisch,ADV,95,,,
zurücktreten,VERB,95,,,
vorausgehen,VERB,95,,,
palast,NOUN,95,,,
zweig,NOUN,95,,,
nochmals,ADV,95,,,
vorgänger,NOUN,95,,,
unpassend,ADV,95,,,
entsagen,VERB,95,,,
unbegreiflich,ADV,95,,,
sonderbar,ADV,95,,,
nu,X,95,,,
liebling,X,95,,,
dreimal,ADV,95,,,
genussen,VERB,95,,,
stilübung,NOUN,95,,,
individü,PROPN,95,,,
anstehen,VERB,95,,,
rechtfertigung,NOUN,95,,,
heilung,NOUN,95,,,
kriegslied,NOUN,95,,,
kaufen,VERB,95,,,
sprichwört,VERB,95,,,
nötigen,ADJ,95,,,
verloren,VERB,95,,,
beiwört,VERB,95,,,
jacob,PROPN,94,,,
geistesbildung,NOUN,94,,,
unheil,NOUN,94,,,
anschaulichkeit,NOUN,94,,,
korn,NOUN,94,,,
motivirt,NOUN,94,,,
einfallen,VERB,94,,,
knoten,NOUN,94,,,
blitzen,VERB,94,,,
höchster,ADJ,94,,,
schande,NOUN,94,,,
he,X,94,,,
behagen,VERB,94,,,
entfernen,VERB,94,,,
verändert,VERB,94,,,
theologe,NOUN,94,,,
befördern,VERB,94,,,
mäßig,ADV,94,,,
seminar,PROPN,94,,,
dienend,ADV,94,,,
verwunden,VERB,94,,,
wiedersehen,VERB,94,,,
berichtigen,VERB,94,,,
redekunst,PROPN,94,Poetologie,Rhetorik,
anbringen,VERB,94,,,
gründlichkeit,NOUN,93,,,
symbol,NOUN,93,,,
apollo,PROPN,93,,,
weben,VERB,93,,,
staunen,VERB,93,,,
frühzeitig,ADV,93,,,
unterstützung,NOUN,93,,,
os,X,93,,,
evangelium,NOUN,93,,,
stofflich,ADV,93,,,
heutzutage,ADV,93,,,
lustspiel,X,93,,,
abt,PROPN,93,,,
behörde,NOUN,93,,,
stand,VERB,92,,,
kluft,NOUN,92,,,
gemüthes,ADJ,92,Emotion ,,
hallen,VERB,92,,,
rührung,PROPN,92,,,
verklären,VERB,92,,,
arion,NOUN,92,,,
verein,NOUN,92,,,
heiligtum,NOUN,92,,,
aufschwung,NOUN,92,,,
rosen,PROPN,92,,,
elegisch,ADV,92,,,
sächsisch,ADV,92,,,
herodot,NOUN,92,Person,Schriftsteller,Historisch 
lesend,ADV,92,Praktik,Lesen,
unwesentlich,ADV,92,,,
ter,X,92,,,
festlich,ADV,92,,,
idyllisch,ADV,92,,,
mährchen,NOUN,92,,,
vorgehen,VERB,92,,,
kleidung,NOUN,92,,,
christus,PROPN,92,,,
aufkommen,VERB,92,,,
regieren,VERB,92,,,
widerstreben,VERB,92,,,
nummer,NOUN,92,,,
reineken,NOUN,92,,,
ehrgeiz,PROPN,92,,,
aufbau,NOUN,92,,,
gelegen,VERB,92,,,
concret,PROPN,92,,,
jhnen,NOUN,92,,,
kanon,PROPN,92,,,
eigenartig,ADV,92,,,
sowol,NOUN,92,,,
schulwesen,NOUN,92,,,
rudenz,NOUN,92,,,
dionys,PROPN,92,,,
unermüdlich,ADV,91,,,
überraschen,VERB,91,,,
mode,NOUN,91,,,
besorgt,ADV,91,,,
dargestellt,VERB,91,,,
schaf,NOUN,91,,,
triumph,PROPN,91,,,
begraben,VERB,91,,,
schauspieler,NOUN,91,,,
fressen,VERB,91,,,
büßen,VERB,91,,,
entbehrlich,ADV,91,,,
verschmelzen,VERB,91,,,
läutern,VERB,91,,,
abhelfen,VERB,91,,,
gebunden,VERB,91,,,
zutrauen,VERB,91,,,
rechtschreibung,NOUN,91,,,
schülerin,NOUN,91,,,
errichten,VERB,91,,,
prät,NOUN,91,,,
mär,PROPN,91,,,
gewifs,NOUN,91,,,
heldin,PROPN,90,,,
zustimmung,NOUN,90,,,
linden,VERB,90,,,
schieben,VERB,90,,,
geheimnißvoll,NOUN,90,,,
aberglaube,NOUN,90,,,
gefährt,VERB,90,,,
dialektisch,ADV,90,,,
platt,ADV,90,,,
ermüden,VERB,90,,,
viehoff,NOUN,90,Person,Didaktik ,
erbarmen,VERB,90,,,
herde,NOUN,90,,,
versuchung,NOUN,90,,,
anspielung,NOUN,90,,,
ersehen,VERB,90,,,
humoristisch,ADV,90,,,
plural,ADV,90,,,
ausstatten,VERB,90,,,
ausführlichkeit,NOUN,90,,,
verurteilen,VERB,90,,,
ersatz,NOUN,90,,,
mönch,NOUN,90,,,
mitbringen,VERB,90,,,
rechenschaft,NOUN,90,,,
gönnen,VERB,90,,,
veranschaulichung,NOUN,90,,,
anfänger,NOUN,90,,,
thiersch,NOUN,90,,,
hexamet,PROPN,90,,,
rednerisch,ADV,90,Beschreibung,Rhetorik,Poetologie
lessingsch,ADV,90,Beschreibung,Poetologie,Person 
landgraf,PROPN,90,,,
aussehen,VERB,90,,,
sinnlichkeit,NOUN,89,,,
gewöhnung,NOUN,89,,,
erwünscht,ADV,89,,,
faden,ADJ,89,,,
erhöht,VERB,89,,,
miene,NOUN,89,,,
flügel,NOUN,89,,,
südlich,ADV,89,,,
geschwister,X,89,,,
ausg,NOUN,89,,,
umgehen,VERB,89,,,
erlassen,VERB,89,,,
rad,NOUN,89,,,
verknüpfung,NOUN,89,,,
betrügen,NOUN,89,,,
nachbilden,VERB,89,,,
accent,NOUN,89,,,
bildungsstufe,NOUN,89,,,
genial,ADV,89,,,
auslassen,VERB,89,,,
nachweis,NOUN,89,,,
verzeichnis,NOUN,89,,,
einflussen,VERB,89,,,
ehrwürdig,ADV,88,,,
abweisen,VERB,88,,,
energie,NOUN,88,,,
alltäglich,ADV,88,,,
gemüther,ADV,88,,,
gesichtspunct,PROPN,88,,,
produktion,NOUN,88,,,
erläuternd,ADV,88,Methode,,
retter,PROPN,88,,,
grundgedanke,NOUN,88,,,
polykrat,NOUN,88,,,
spanien,PROPN,88,,,
benennen,VERB,88,,,
mauer,NOUN,88,,,
berührung,NOUN,88,,,
aufhalten,VERB,88,,,
erlebnis,NOUN,88,,,
geübt,VERB,88,,,
hauptinhalt,PROPN,88,,,
auffallen,VERB,88,,,
entschiedener,ADJ,88,,,
vorschreiben,VERB,88,,,
bekunden,VERB,88,,,
wohlthünd,NOUN,88,,,
unterdrücken,VERB,88,,,
altklassisch,ADV,88,,,
förmlich,ADV,88,,,
blasen,VERB,88,,,
abwenden,VERB,88,,,
sühne,VERB,88,,,
päd,PROPN,88,,,
scherer,NOUN,88,,,
januar,NOUN,88,,,
preufsisch,ADV,88,,,
sieger,NOUN,87,,,
vermittelung,NOUN,87,,,
waschen,VERB,87,,,
feinheit,NOUN,87,,,
genitiv,ADV,87,,,
stube,NOUN,87,,,
hinüber,ADV,87,,,
refrain,NOUN,87,,,
sa,X,87,,,
zurückhalten,VERB,87,,,
we,X,87,,,
angabe,NOUN,87,,,
ibyku,VERB,87,,,
zufallen,VERB,87,,,
belebung,NOUN,87,,,
jubel,NOUN,87,,,
technisch,ADV,87,,,
freiheitskrieg,PROPN,87,,,
verfügung,NOUN,87,,,
munter,ADV,86,,,
tacitu,PROPN,86,,,
pforte,VERB,86,,,
sterblich,ADV,86,,,
siebent,PROPN,86,,,
entzünden,VERB,86,,,
beistimmen,VERB,86,,,
protestantisch,ADV,86,Theologie,,
zittern,VERB,86,,,
herkules,PROPN,86,,,
trümmer,NOUN,86,,,
repräsentant,PROPN,86,,,
plagen,VERB,86,,,
gleichheit,NOUN,86,,,
stürmisch,ADV,86,,,
beschränkt,VERB,86,,,
täuschung,NOUN,86,,,
huldigen,VERB,86,,,
empfehlung,NOUN,86,,,
raten,VERB,86,,,
geschöpf,PROPN,86,,,
unwahr,ADV,86,,,
chronologisch,ADV,86,,,
geschildert,VERB,86,,,
frankfurt,PROPN,86,,,
galotti,NOUN,86,,,
kennzeichnen,VERB,86,,,
bertha,VERB,86,,,
steigend,ADV,85,,,
citat,NOUN,85,,,
rüstig,ADV,85,,,
schaffend,ADV,85,,,
gewandt,VERB,85,,,
construction,X,85,,,
empfänglichkeit,NOUN,85,,,
bank,NOUN,85,,,
heiland,VERB,85,,,
anvertrauen,VERB,85,,,
wahnsinn,NOUN,85,,,
menschengeschlecht,NOUN,85,,,
heerd,PROPN,85,,,
wirkend,ADV,85,,,
strecken,VERB,85,,,
zieren,VERB,85,,,
vorbereitend,ADV,85,,,
wiederkehr,ADV,85,,,
diesmal,ADV,85,,,
strudel,NOUN,85,,,
ungern,ADV,85,,,
dramatiker,PROPN,85,,,
abfall,NOUN,85,,,
steif,ADV,85,,,
student,NOUN,85,,,
interpunktion,NOUN,85,,,
landvogt,NOUN,85,,,
auswendiglern,VERB,85,,,
niedern,PRON,85,,,
absprechen,VERB,85,,,
jährig,ADV,85,,,
rahmen,NOUN,85,,,
lachmann,PROPN,85,,,
geburtstag,NOUN,85,,,
consequenz,NOUN,85,,,
schulausgabe,NOUN,85,,,
eigenart,X,85,,,
lanze,NOUN,85,,,
à,X,85,,,
oktavio,PROPN,85,,,
allmählig,ADV,84,,,
heitern,VERB,84,,,
flammen,NOUN,84,,,
geschmackvoll,ADV,84,,,
trotzig,ADV,84,,,
muthig,ADV,84,,,
beschränktheit,NOUN,84,,,
hervortretend,ADV,84,,,
studieren,VERB,84,,,
prägen,VERB,84,,,
gesellschaftlich,ADV,84,,,
unheimlich,ADV,84,,,
bewährt,VERB,84,,,
gemüthlich,ADV,84,,,
principien,NOUN,84,,,
volksepo,PROPN,84,,,
analogie,NOUN,84,,,
abgrund,NOUN,84,,,
athen,PROPN,84,,,
wachtmeister,PROPN,84,,,
negativ,ADV,84,,,
begabung,NOUN,84,,,
kinderfreund,PROPN,84,,,
fragment,NOUN,83,,,
dankbarkeit,NOUN,83,,,
mythisch,ADV,83,,,
hindeuten,VERB,83,,,
ruhend,ADV,83,,,
desgleichen,ADV,83,,,
väterlich,ADV,83,Gender,Mask,
vertheilung,NOUN,83,,,
schreiber,NOUN,83,,,
lenau,NOUN,83,,,
baden,VERB,83,,,
auftrag,NOUN,83,,,
haufen,NOUN,83,,,
gesteigert,VERB,83,,,
bestellen,VERB,83,,,
thaler,PROPN,83,,,
idyll,PROPN,83,,,
zierde,NOUN,83,,,
heller,PROPN,83,,,
franken,PROPN,83,,,
zierlich,ADV,83,,,
schwelle,NOUN,83,,,
schweden,PROPN,83,,,
ausstattung,NOUN,83,,,
rügen,PROPN,83,,,
fremdartig,ADV,83,,,
politik,NOUN,83,,,
vorwiegend,ADV,83,,,
sturz,NOUN,83,,,
schlachtfeld,NOUN,83,,,
trostlos,ADV,83,,,
ackerbau,NOUN,83,,,
bischof,NOUN,83,,,
wortschatz,NOUN,83,,,
leicest,NOUN,83,,,
sammen,VERB,82,,,
phantastisch,ADV,82,Phantasie,Ästhetik,Idealismus
nachträglich,ADV,82,,,
studiren,VERB,82,,,
heroisch,ADV,82,,,
än,X,82,,,
aufbauen,VERB,82,,,
alpen,NOUN,82,Raum,,
uralt,ADV,82,,,
schweifen,VERB,82,,,
schwur,NOUN,82,,,
zusammenhängen,VERB,82,,,
untergehen,VERB,82,,,
sprengen,VERB,82,,,
busch,NOUN,82,,,
vorübergehend,ADV,82,,,
königl,PROPN,82,,,
schüchtern,ADV,82,,,
wahrend,ADV,82,Zeit,Logik,
ableitung,NOUN,82,,,
unterordnen,VERB,82,,,
mißtrauen,VERB,82,,,
spielraum,NOUN,82,,,
technik,NOUN,82,,,
gären,VERB,82,,,
gedrängt,VERB,82,,,
verborgen,VERB,82,,,
bedrohen,VERB,82,,,
aufstellung,NOUN,82,,,
edenhall,NOUN,82,,,
geistesleben,NOUN,82,Welt,Idealismus,
erklärend,ADV,82,,,
hoffmann,PROPN,82,,,
lehrgang,NOUN,82,,,
beanspruchen,VERB,82,,,
verherrlichung,NOUN,82,,,
hohenstaufen,VERB,82,,,
abbrechen,VERB,81,,,
auftretend,ADV,81,,,
malerisch,ADV,81,,,
heiterkeit,NOUN,81,,,
morgens,ADV,81,,,
harmlos,ADV,81,,,
romanisch,ADV,81,Sprache,,
mühen,VERB,81,,,
verzeihen,VERB,81,,,
ro,X,81,,,
samen,NOUN,81,,,
übelstehen,VERB,81,,,
schlechthin,ADV,81,,,
julius,PROPN,81,,,
testament,NOUN,81,,,
jahrh,PROPN,81,,,
peter,PROPN,81,,,
satzlehre,VERB,81,,,
hauptmann,PROPN,81,,,
vorbildung,NOUN,81,,,
alexander,PROPN,81,,,
linde,NOUN,81,Narrativ,,
prädikat,NOUN,81,,,
geboten,VERB,81,,,
schmieden,VERB,81,,,
sam,PROPN,81,,,
widerwille,PROPN,81,,,
schulzeit,NOUN,81,,,
mil,X,81,,,
ermöglichen,VERB,81,,,
ankündigen,VERB,81,,,
verhängnisvoll,ADV,81,,,
österreichisch,ADV,81,Nation,,
genauigkeit,NOUN,80,,,
vollenden,VERB,80,,,
dä,X,80,,,
eilig,ADV,80,,,
entschiedenheit,NOUN,80,,,
äußerst,ADV,80,,,
dreifach,ADV,80,,,
schütteln,VERB,80,,,
anklingen,VERB,80,,,
kümmern,VERB,80,,,
glühen,VERB,80,,,
schullektüre,VERB,80,,,
basis,NOUN,80,,,
wehmuth,PROPN,80,,,
liviu,NOUN,80,,,
verdacht,NOUN,80,,,
studirt,PROPN,80,,,
haupttheil,NOUN,80,,,
unerläßlich,ADV,80,,,
anfänglich,ADV,80,,,
bildungsmittel,NOUN,80,Lehrmedien,,
märz,PROPN,80,,,
markt,NOUN,80,,,
materie,NOUN,80,,,
allgemeinheit,NOUN,80,,,
aufklären,VERB,80,,,
erscheinend,ADV,80,,,
proserpina,PROPN,80,,,
anzürkennen,NOUN,80,,,
evangelisch,ADV,80,Theologie,,
zurecht,ADV,80,,,
vorbringen,VERB,80,,,
jahrzehnt,ADV,80,,,
mitschüler,NOUN,80,Schule,Typ,
unterrichtsstunde,ADJ,80,Praktik,Zeit ,Schule
repetition,NOUN,80,,,
direct,PROPN,80,,,
ulrich,PROPN,80,,,
declamation,NOUN,80,,,
bezwingen,VERB,80,,,
aufbewahren,VERB,80,,,
begünstigen,VERB,80,,,
lesestückes,PROPN,80,Lehrmedien,,
bestimmend,ADV,80,,,
freytag,PROPN,80,,,
hilfsmittel,NOUN,80,,,
gottfried,PROPN,80,,,
ahnlich,ADV,80,,,
volkspoesie,NOUN,79,,,
hochachtung,NOUN,79,,,
einflößen,VERB,79,,,
leier,NOUN,79,,,
verächtlich,ADV,79,,,
meisterschaft,NOUN,79,,,
glatt,ADV,79,,,
volksmäßig,ADV,79,,,
nachsatz,NOUN,79,,,
eroberer,NOUN,79,,,
ewigkeit,NOUN,79,,,
abhängen,VERB,79,,,
klagend,ADV,79,,,
schulden,VERB,79,,,
unsicher,ADV,79,,,
beigeben,VERB,79,,,
berauben,VERB,79,,,
thü,X,79,,,
sprachwissenschaft,NOUN,79,,,
mundartlich,ADV,79,,,
prof,PROPN,79,,,
tüchtigkeit,NOUN,79,,,
rousseau,PROPN,79,,,
verwirklichen,VERB,79,,,
lebensverhältnis,NOUN,79,Welt,,
tempo,NOUN,79,,,
erfordernis,PROPN,79,,,
übertreibung,NOUN,79,,,
werkzeug,NOUN,79,,,
einwand,NOUN,79,,,
zusagen,NOUN,78,,,
nachwelt,VERB,78,,,
buße,NOUN,78,,,
grell,ADV,78,,,
detail,NOUN,78,,,
natürlichkeit,NOUN,78,,,
genus,X,78,Gender,Sprache,
wiederkehren,VERB,78,,,
wanken,VERB,78,,,
gruß,PROPN,78,,,
ergänzend,ADV,78,,,
überein,ADP,78,,,
kleinigkeit,NOUN,78,,,
hinterlassen,VERB,78,,,
laster,NOUN,78,,,
herausstellen,VERB,78,,,
freitag,NOUN,78,,,
langweilig,ADV,78,,,
veredeln,VERB,78,,,
bedingen,VERB,78,,,
komödie,NOUN,78,,,
mythu,X,78,,,
anhänger,NOUN,78,,,
selbsttätigkeit,NOUN,78,,,
belebend,ADV,78,,,
erhaltung,NOUN,78,,,
dankenswert,VERB,78,,,
überlegung,NOUN,78,,,
jahrgang,NOUN,78,,,
synonym,ADV,78,,,
gedruckt,VERB,78,,,
erziehend,ADV,78,,,
auftragen,VERB,78,,,
geschicklichkeit,NOUN,78,,,
gesammelt,VERB,78,,,
volksleben,VERB,78,Welt,Nation,
heißen,VERB,78,,,
schenkendorf,PROPN,78,,,
verständig,ADV,77,positive Bewertung,,
unbeachtet,ADV,77,,,
auflösung,NOUN,77,,,
festigkeit,NOUN,77,,,
bestandtheil,NOUN,77,,,
vorbehalten,VERB,77,,,
hauchen,VERB,77,,,
zweikampf,NOUN,77,,,
unvergleichlich,ADV,77,,,
brand,NOUN,77,,,
erbauen,VERB,77,,,
gießen,VERB,77,,,
historiker,NOUN,77,,,
beschaffen,VERB,77,,,
eintretend,ADV,77,,,
zurückgehen,VERB,77,,,
übereinstimmend,ADV,77,,,
verhelfen,VERB,77,,,
fortlaufend,ADV,77,,,
rector,X,77,,,
acker,NOUN,77,,,
verhüten,VERB,77,,,
wortbildung,NOUN,77,,,
denker,NOUN,77,,,
gemach,VERB,77,,,
verfall,NOUN,77,,,
tells,ADV,77,,,
gröfst,PROPN,77,,,
getrost,ADV,76,,,
stolberg,PROPN,76,,,
hartmann,PROPN,76,,,
durchgängig,ADV,76,,,
verstärken,VERB,76,,,
fühlbar,ADV,76,,,
dativ,NOUN,76,,,
kühnheit,NOUN,76,,,
syntaktisch,ADV,76,,,
orakel,NOUN,76,,,
wende,VERB,76,,,
griech,PROPN,76,,,
nachfolger,NOUN,76,,,
mitzutheil,NOUN,76,,,
schall,NOUN,76,,,
lehrling,PROPN,76,,,
einleuchtend,ADV,76,,,
vorsatz,NOUN,76,,,
april,NOUN,76,,,
selbstsucht,NOUN,76,,,
hunger,NOUN,76,,,
geschlossen,VERB,76,,,
spalten,VERB,76,,,
umgestaltung,NOUN,76,,,
erreichbar,ADV,76,,,
schö,ADV,76,,,
kapelle,NOUN,76,,,
häßlich,ADV,76,,,
nachlesen,VERB,76,Praktik,Lesen,
erwartet,VERB,76,,,
vertragen,VERB,76,,,
schief,ADV,76,,,
episode,NOUN,76,,,
naturleben,NOUN,76,Welt,Natur,
übersetzer,NOUN,76,,,
vertheidig,NOUN,76,,,
terzky,PROPN,76,,,
armee,NOUN,76,,,
mittelschule,NOUN,76,,,
mustern,NOUN,76,,,
heldenthat,VERB,76,,,
teilweise,ADV,76,,,
bestandteil,NOUN,76,,,
wächter,PROPN,76,,,
modification,NOUN,76,,,
mädchenschule,PROPN,76,,,
mortimer,NOUN,76,,,
galgen,VERB,76,,,
haller,PROPN,75,,,
bestrafen,VERB,75,,,
flamme,NOUN,75,,,
unsichtbar,ADV,75,,,
begleiter,NOUN,75,,,
entgegensetzen,VERB,75,,,
vertheilen,NOUN,75,,,
städtchen,NOUN,75,,,
angelegt,VERB,75,,,
verworren,ADV,75,,,
herauf,ADV,75,,,
wälzen,VERB,75,,,
verhängnis,NOUN,75,,,
ex,X,75,,,
blank,ADV,75,,,
vorangehen,VERB,75,,,
erstaunen,VERB,75,,,
reform,NOUN,75,,,
concreten,ADJ,75,,,
konrad,PROPN,75,,,
fingerzeig,NOUN,75,,,
lebensvoll,VERB,75,Welt,positive Bewertung,
winckelmann,PROPN,75,,,
zeitlich,ADV,75,,,
zeitung,NOUN,75,,,
speziell,ADV,75,,,
hochzeit,NOUN,75,,,
werkstatt,NOUN,75,,,
verwertung,NOUN,75,,,
verrat,NOUN,75,,,
staatlich,ADV,75,,,
hunne,VERB,75,,,
niederlage,NOUN,75,,,
ebenbürtig,ADV,75,,,
ehedem,ADV,75,,,
carlos,PROPN,74,,,
seligkeit,NOUN,74,,,
angewandt,VERB,74,,,
aufregen,VERB,74,,,
jesus,PROPN,74,,,
scherzen,VERB,74,,,
erquicken,VERB,74,,,
einladen,VERB,74,,,
größern,VERB,74,,,
süden,NOUN,74,,,
streuen,VERB,74,,,
leidend,ADV,74,,,
präposition,NOUN,74,,,
forscher,NOUN,74,,,
vertauschen,VERB,74,,,
stuck,NOUN,74,,,
zuvörderst,ADV,74,,,
überraschend,ADV,74,,,
abdrucken,VERB,74,,,
ausgebildet,VERB,74,,,
gewerbe,NOUN,74,,,
stattlich,ADV,74,,,
anschauungsweise,NOUN,74,,,
kundig,ADV,74,,,
unterzeichnen,VERB,74,,,
verkümmern,VERB,74,,,
geschweige,ADV,74,Logik ,,
uberhaupt,ADV,74,,,
scheidung,NOUN,74,,,
kraut,PART,74,,,
einfügen,VERB,74,,,
entwickelnd,ADV,74,,,
abscheu,NOUN,74,,,
plattdeutsch,ADV,74,,,
unvergänglich,ADV,74,,,
ausziehen,VERB,74,,,
anhängen,VERB,74,,,
ergötzen,VERB,74,,,
wohlthat,VERB,74,,,
beliebig,ADV,74,,,
psychisch,ADV,74,,,
ausarbeiten,VERB,74,,,
vorausschicken,VERB,74,,,
gustav,PROPN,74,,,
außern,VERB,74,,,
veranstalten,VERB,74,,,
dichtwerk,NOUN,74,,,
troja,PROPN,74,,,
tropus,NOUN,74,,,
siebenjährig,ADV,74,Ereignis,,
voltaire,PROPN,74,,,
einheimisch,ADV,73,,,
ausgehend,ADV,73,,,
reichhaltig,ADV,73,,,
umwandlung,NOUN,73,,,
geheimniß,NOUN,73,,,
angehörige,ADJ,73,,,
ersticken,VERB,73,,,
strebend,ADV,73,,,
droben,VERB,73,,,
absatz,NOUN,73,,,
anklage,NOUN,73,,,
erregend,ADV,73,,,
aufsteigen,VERB,73,,,
quälen,VERB,73,,,
verzehren,VERB,73,,,
vorspiel,NOUN,73,,,
menschlichkeit,NOUN,73,,,
weitläufig,ADV,73,,,
recha,NOUN,73,,,
referent,NOUN,73,,,
herausheben,VERB,73,,,
fördernd,ADV,73,,,
begleitung,NOUN,73,,,
humanistisch,ADV,73,,,
eugen,NOUN,73,,,
normann,PROPN,73,,,
thematisch,ADV,73,,,
rüdeger,NOUN,73,,,
unsterblichkeit,NOUN,72,,,
versammeln,VERB,72,,,
asche,NOUN,72,,,
ehrenvoll,ADV,72,,,
mythos,NOUN,72,,,
gräßlich,ADV,72,,,
überblicken,VERB,72,,,
kammer,NOUN,72,,,
deutlichkeit,NOUN,72,,,
besorgniß,NOUN,72,,,
vorhaben,VERB,72,,,
zerstörung,NOUN,72,,,
ausruf,NOUN,72,,,
mehrmals,ADV,72,,,
finstern,NOUN,72,,,
krönen,VERB,72,,,
genuss,NOUN,72,,,
jupiter,NOUN,72,,,
handwerk,NOUN,72,,,
nachkommen,VERB,72,,,
braun,PROPN,72,,,
entfliehen,VERB,72,,,
na,PROPN,72,,,
beglücken,VERB,72,,,
gleichartig,ADV,72,,,
sprachgefühl,ADV,72,,,
sicht,NOUN,72,,,
versicherung,NOUN,72,,,
erkennbar,ADV,72,,,
empfohlen,VERB,72,,,
populär,ADV,72,,,
hieran,ADV,72,,,
homburg,PROPN,72,,,
abstufung,NOUN,72,,,
widerfahren,VERB,72,,,
sprachform,NOUN,72,,,
kugel,NOUN,72,,,
anfertigung,NOUN,72,,,
sat,PROPN,72,,,
giselher,ADJ,72,,,
hamburg,PROPN,72,,,
schülerbibliothek,PROPN,72,,,
vorsehung,NOUN,72,,,
hurra,NOUN,72,,,
johannes,PROPN,71,,,
antrag,NOUN,71,,,
schlechterdings,ADV,71,,,
ereigniß,NOUN,71,,,
ausbleiben,VERB,71,,,
abgewinnen,VERB,71,,,
erobern,VERB,71,,,
sonnen,VERB,71,,,
rasen,VERB,71,,,
verzeichnen,VERB,71,,,
verkündigen,VERB,71,,,
einfluss,NOUN,71,,,
unbestimmen,NOUN,71,,,
selbsttätig,ADV,71,,,
achill,VERB,71,,,
unvermeidlich,ADV,71,,,
fächern,NOUN,71,,,
fließend,ADV,71,,,
vermehrung,NOUN,71,,,
unvollkommen,ADV,71,,,
publicum,VERB,71,,,
anhänglichkeit,NOUN,71,,,
empfindlich,ADV,71,,,
botschaft,NOUN,71,,,
engl,PROPN,71,,,
erklärlich,ADV,71,,,
beleidigen,VERB,71,,,
zusammenfassend,ADV,71,,,
jugendlektüre,PROPN,71,,,
kämmerer,NOUN,71,,,
artus,NOUN,71,,,
gödeken,NOUN,71,,,
gluck,NOUN,71,,,
klaucken,VERB,71,,,
kehrreim,PROPN,71,,,
herwig,PROPN,71,,,
breiten,ADJ,70,Höhe ,,
majestät,NOUN,70,,,
säule,NOUN,70,,,
dorotheens,PROPN,70,,,
traulich,ADV,70,,,
verrathen,VERB,70,,,
unterdessen,ADV,70,,,
verlobung,NOUN,70,,,
mitgefühl,NOUN,70,,,
ansprechen,VERB,70,,,
grauen,ADJ,70,,,
bangen,VERB,70,,,
belohnung,NOUN,70,,,
schlank,ADV,70,,,
unterthanen,NOUN,70,,,
hervorhebung,NOUN,70,,,
prosastück,NOUN,70,,,
fortgang,NOUN,70,,,
unreif,ADV,70,,,
prolog,VERB,70,,,
peinlich,ADV,70,,,
abgeleitet,VERB,70,,,
überzeugend,ADV,70,,,
zerbrechen,VERB,70,,,
losen,PRON,70,,,
aufstehen,VERB,70,,,
namhaft,ADV,70,,,
biene,NOUN,70,,,
handlungsweise,NOUN,70,,,
panzer,NOUN,70,,,
anlehnen,VERB,70,,,
gehoben,VERB,70,,,
festsetzen,VERB,70,,,
rhetor,NOUN,70,,,
feldzug,NOUN,70,,,
weisz,PROPN,70,,,
anmut,NOUN,70,,,
genusses,VERB,70,Emotion ,,
schlau,ADV,70,,,
anteil,NOUN,70,,,
untertertia,PROPN,70,,,
ungeachtet,ADP,69,Logik,,
egoismus,NOUN,69,,,
scheitern,VERB,69,,,
warnend,ADV,69,,,
hinfügen,VERB,69,,,
absondern,VERB,69,,,
contrast,X,69,,,
harfe,VERB,69,,,
spotten,VERB,69,,,
mythologisch,ADV,69,,,
stranden,VERB,69,,,
streifen,NOUN,69,,,
durst,NOUN,69,,,
jäh,ADV,69,,,
abnehmen,VERB,69,,,
fürchterlich,ADV,69,,,
tuch,NOUN,69,,,
freud,PROPN,69,,,
auslassung,NOUN,69,,,
zulässig,ADV,69,,,
adelung,NOUN,69,,,
scham,NOUN,69,,,
verirren,VERB,69,,,
vorbilden,ADJ,69,,,
vortheilhaft,ADV,69,,,
breslau,PROPN,69,,,
kursus,PROPN,69,Schule,,
größtentheils,ADV,69,,,
aufrichten,VERB,69,,,
gütig,ADV,69,,,
stock,PROPN,69,,,
gesprochen,VERB,69,,,
akademisch,ADV,69,,,
zergliederung,NOUN,69,,,
oberklasse,NOUN,69,,,
aussagen,VERB,69,,,
scharen,VERB,69,,,
ausschliefslich,ADV,69,,,
verhüllen,VERB,68,,,
abspiegeln,VERB,68,,,
stufenfolge,NOUN,68,,,
kamerad,PROPN,68,,,
irrtum,NOUN,68,,,
dichterwerk,NOUN,68,,,
füglich,ADV,68,,,
trüben,VERB,68,,,
vergönnen,VERB,68,,,
ungebildet,ADV,68,,,
unfruchtbar,ADV,68,,,
minnesänger,PROPN,68,Mediävistik ,,
geräusch,ADV,68,,,
hochherzig,PROPN,68,,,
satire,PROPN,68,,,
rennen,VERB,68,,,
aufzählen,VERB,68,,,
gläubig,ADV,68,,,
hauptaufgabe,NOUN,68,,,
bewältigen,VERB,68,,,
erforschen,VERB,68,,,
antigone,PROPN,68,,,
hegel,PROPN,68,,,
erschöpfend,ADV,68,,,
belohnen,VERB,68,,,
entschuldigung,NOUN,68,,,
fischen,VERB,68,,,
schulmäßig,ADV,68,,,
verräth,VERB,68,,,
anzeige,NOUN,68,,,
altertümlich,ADV,68,,,
vorenthalten,VERB,68,,,
allmälig,ADV,68,,,
ersichtlich,ADV,68,,,
satzgefüge,NOUN,68,,,
literaturgeschichtlich,ADV,68,,,
nibelungenstrophe,NOUN,68,,,
zusammenfassung,NOUN,68,,,
barbar,ADV,68,,,
bürgen,NOUN,68,,,
rudolf,PROPN,68,,,
beachtenswert,ADV,68,,,
schulleben,NOUN,68,Welt,Schule,
mufst,PROPN,68,,,
herunter,ADV,67,,,
charakterzug,X,67,,,
bewegend,ADV,67,,,
allegorie,NOUN,67,,,
abwechselnd,ADV,67,,,
besteigen,VERB,67,,,
verkürzen,VERB,67,,,
hafen,PROPN,67,,,
daheim,ADV,67,,,
bedeutsamkei,PROPN,67,,,
erz,PROPN,67,,,
agamemnon,PROPN,67,,,
vergeben,VERB,67,,,
rauchen,VERB,67,,,
fluss,NOUN,67,,,
müßig,ADV,67,,,
betätigen,VERB,67,,,
anwesend,ADV,67,,,
zärtlich,ADV,67,,,
gesetzt,VERB,67,,,
silbern,NOUN,67,,,
antreten,VERB,67,,,
jünger,ADV,67,Alter,Zeit ,
ausbeuten,VERB,67,,,
hö,X,67,,,
bevorstehend,ADV,67,,,
schier,ADV,67,,,
theologisch,ADV,67,Theologie,,
ausrüsten,VERB,67,,,
verwandlung,NOUN,67,,,
straßburg,PROPN,67,,,
zurufen,VERB,67,,,
organisation,NOUN,67,,,
joseph,PROPN,67,,,
nebensätzen,NOUN,67,,,
ethik,NOUN,67,,,
anbahnen,VERB,67,,,
tanne,NOUN,67,,,
seicht,ADV,67,,,
realistisch,ADV,67,,,
grausig,ADV,67,,,
vorfinden,VERB,67,,,
staatsmann,NOUN,67,,,
königstochter,NOUN,67,,,
wehmut,NOUN,67,,,
bertran,PROPN,67,,,
veralten,VERB,66,,,
scharfsinn,NOUN,66,,,
luise,PROPN,66,,,
trochäisch,ADV,66,Beschreibung,Poetologie,
trunk,NOUN,66,,,
grimmig,ADV,66,,,
beginnend,ADV,66,,,
sitz,NOUN,66,,,
tonlos,ADV,66,,,
fläche,NOUN,66,,,
flüchten,VERB,66,,,
faßlich,ADV,66,,,
tiefsinnig,ADV,66,,,
fehlend,ADV,66,,,
piccolomini,PROPN,66,,,
düstern,ADV,66,,,
eifersucht,NOUN,66,,,
spüren,VERB,66,,,
trocknen,VERB,66,,,
apostel,NOUN,66,,,
durchgreifend,ADV,66,,,
lerche,ADJ,66,,,
zurückziehen,VERB,66,,,
abneigung,NOUN,66,,,
bezwecken,VERB,66,,,
mitwirken,VERB,66,,,
lebensbild,NOUN,66,,,
tempelherr,NOUN,66,,,
schuljahr,NOUN,66,,,
verstoßen,VERB,66,,,
berechnung,NOUN,66,,,
wegweiser,PROPN,66,,,
abschreiben,VERB,65,,,
fügung,NOUN,65,,,
mannichfaltig,ADV,65,,,
gewohnt,VERB,65,,,
erquickend,ADV,65,,,
monde,PROPN,65,,,
nacken,PROPN,65,,,
enthüllen,VERB,65,,,
volksbuch,NOUN,65,,,
lasten,NOUN,65,,,
frech,ADV,65,,,
umgebend,ADV,65,,,
abwechselung,NOUN,65,,,
forschen,VERB,65,,,
sorglos,ADV,65,,,
erwärmen,VERB,65,,,
analog,ADV,65,,,
hirsch,PROPN,65,,,
gefilde,NOUN,65,,,
verwischen,VERB,65,,,
mannichfaltigkeit,NOUN,65,,,
wiederfinden,VERB,65,,,
lenore,NOUN,65,,,
loch,NOUN,65,,,
aussprüch,PROPN,65,,,
befangen,ADV,65,,,
folgendermaßen,ADV,65,,,
selbstbewußtsein,NOUN,65,,,
unermeßlich,ADV,65,,,
anweisen,VERB,65,,,
mö,X,65,,,
etlich,ADV,65,,,
fraglich,ADV,65,,,
anderntheils,NOUN,65,,,
eschenbach,PROPN,65,,,
unterziehen,VERB,65,,,
demgemäß,ADV,65,,,
schenk,NOUN,65,,,
anzüignen,NOUN,65,,,
leseunterricht,VERB,65,,,
durchbrechen,VERB,65,,,
gewils,PROPN,65,,,
herön,PROPN,64,,,
schleiermacher,NOUN,64,,,
etymologisch,ADV,64,,,
grundton,PROPN,64,,,
erliegen,VERB,64,,,
demuth,PROPN,64,,,
mannichfach,NOUN,64,,,
durchlaufen,VERB,64,,,
mitmensch,NOUN,64,,,
kreuzen,VERB,64,,,
leichtsinn,NOUN,64,,,
erstehen,VERB,64,,,
überwiegen,VERB,64,,,
widerlegung,NOUN,64,,,
scherzhaft,ADV,64,,,
unruhe,NOUN,64,,,
sinnbild,NOUN,64,,,
schlüssel,NOUN,64,,,
erstenmal,ADV,64,,,
angethan,VERB,64,,,
einklang,NOUN,64,,,
elementarschul,PROPN,64,,,
unnöthig,ADV,64,,,
landschaftlich,ADV,64,,,
stuhl,VERB,64,,,
geistvoll,ADV,64,,,
ind,X,64,,,
abhängigkeit,NOUN,64,,,
ausgangspunkt,NOUN,64,,,
anheim,ADV,64,,,
schreibweise,NOUN,64,,,
mißbrauch,NOUN,64,,,
schreibung,NOUN,64,,,
einigung,NOUN,64,,,
bettler,NOUN,64,,,
verstandesmäßig,ADV,64,,,
studirend,ADV,64,,,
gedankenkreis,NOUN,64,,,
einflus,NOUN,64,,,
etwaig,NOUN,64,,,
hierfür,ADV,64,,,
tauri,X,64,,,
idealismus,NOUN,64,,,
lehmann,PROPN,64,,,
herausfordern,VERB,64,,,
ieder,ADV,64,,,
einziehen,VERB,64,,,
anbetreffen,VERB,63,,,
zubringen,VERB,63,,,
unruhig,ADV,63,,,
neunt,ADV,63,,,
küste,NOUN,63,,,
trochäu,PROPN,63,,,
irrig,ADV,63,,,
nahen,ADJ,63,,,
emporheben,VERB,63,,,
zusammenziehen,VERB,63,,,
jüngst,ADV,63,,,
sympathie,ADV,63,,,
hoffmeister,NOUN,63,,,
erproben,VERB,63,,,
empfehlenswert,ADV,63,,,
briefwechsel,PROPN,63,,,
objektivität,NOUN,63,,,
verkaufen,VERB,63,,,
sonntag,NOUN,63,,,
nebenbei,ADV,63,,,
musterhaft,ADV,63,,,
gymnasialklassen,NOUN,63,,,
klingend,ADV,63,,,
lebensanschauung,NOUN,63,Welt,Idealismus,
direktor,NOUN,63,,,
fortfahren,VERB,63,,,
vorherrschen,VERB,63,,,
verdecken,VERB,63,,,
herantreten,VERB,63,,,
brauchbarkei,VERB,63,,,
leetüren,NOUN,63,,,
synthetisch,ADV,63,,,
unmöglichkeit,NOUN,63,,,
attribut,NOUN,63,,,
wartburg,PROPN,63,,,
fränkisch,ADV,63,Nation,,
welsch,ADV,63,,,
eichendorff,PROPN,63,,,
bayern,PROPN,63,,,
bär,NOUN,63,,,
schuß,NOUN,63,,,
ähnl,ADV,63,,,
wilmann,PROPN,63,,,
ergebung,NOUN,62,,,
ergiebig,ADV,62,,,
kuß,PROPN,62,,,
schlafend,ADV,62,,,
geschäftig,ADV,62,,,
unbedenklich,ADV,62,,,
ausmalen,VERB,62,,,
verwunderung,NOUN,62,,,
drückend,ADV,62,,,
unglaublich,ADV,62,,,
vorarbeiten,VERB,62,,,
erlösung,NOUN,62,,,
brennend,ADV,62,,,
schärfen,VERB,62,,,
umschreibung,NOUN,62,,,
blenden,VERB,62,,,
paradies,PROPN,62,,,
gasse,NOUN,62,,,
steil,ADV,62,,,
ländlich,ADV,62,,,
kraftvoll,ADV,62,,,
schweißen,VERB,62,,,
produktiv,ADV,62,,,
intensiv,ADV,62,,,
spannend,ADV,62,,,
at,X,62,,,
krankhaft,ADV,62,negative Bewertung,,
umwandeln,VERB,62,,,
färben,VERB,62,,,
beißen,VERB,62,,,
november,NOUN,62,,,
zornig,ADV,62,,,
kämpfer,NOUN,62,,,
theologie,NOUN,62,,,
sparsam,ADV,62,,,
maaß,ADV,62,,,
minister,NOUN,62,,,
erstaunt,ADV,62,,,
darstellungsweise,VERB,62,,,
anstreben,VERB,62,,,
erhabenheit,ADV,62,,,
berechtigen,VERB,62,,,
besorgnis,NOUN,62,,,
aufschreiben,VERB,62,,,
heranwachsend,ADV,62,,,
kürzen,VERB,62,,,
gegenüberstellen,VERB,62,,,
hinzukommen,VERB,62,,,
ersehnt,VERB,62,,,
meisterstück,NOUN,62,,,
euripide,VERB,62,,,
seitens,ADP,62,,,
mitgeteilt,VERB,62,,,
zweifellos,ADV,62,,,
beherrscht,VERB,62,,,
schulz,PROPN,62,,,
momentan,ADV,62,,,
schwedisch,ADV,62,,,
zweckmäfsig,ADV,62,,,
grofser,VERB,62,,,
üppig,ADV,61,,,
verklärung,NOUN,61,,,
vergessenheit,NOUN,61,,,
abziehen,VERB,61,,,
vorder,ADJ,61,,,
abbild,NOUN,61,,,
charakterbild,PROPN,61,,,
verrichten,VERB,61,,,
gefäß,NOUN,61,,,
staunend,ADV,61,,,
olymp,X,61,,,
hieher,ADV,61,,,
schwanen,NOUN,61,,,
nebeneinander,ADV,61,,,
geistern,NOUN,61,,,
allmächtig,ADV,61,,,
ernsthaft,ADV,61,,,
differenz,NOUN,61,,,
bildungsgang,VERB,61,,,
schwellen,VERB,61,,,
mahnend,ADV,61,,,
redewendung,NOUN,61,,,
schuh,NOUN,61,,,
anordnen,VERB,61,,,
consonant,PROPN,61,,,
einschränkung,NOUN,61,,,
erregt,ADV,61,,,
sokrate,NOUN,61,,,
leder,NOUN,61,,,
wachsend,ADV,61,,,
verkehrt,ADV,61,,,
mindest,ADV,61,,,
örtlichkeit,NOUN,61,,,
gipfeln,VERB,61,,,
enkel,NOUN,61,,,
unklarheit,NOUN,61,,,
sonderlich,ADV,61,,,
erklärer,NOUN,61,,,
anekdote,NOUN,61,,,
antreffen,VERB,61,,,
sammthei,NOUN,61,,,
landsleute,NOUN,61,,,
unterrichtsfach,NOUN,61,,,
überfallen,VERB,61,,,
auswanderer,NOUN,61,,,
preisgeben,VERB,61,,,
prüfend,ADV,61,,,
gymnasialunterrichts,ADV,61,,,
leipziger,ADJ,61,Ort,,
eigenschaftswort,NOUN,61,,,
erlegen,VERB,61,,,
lesevortrag,X,61,,,
rind,NOUN,61,,,
vermutung,NOUN,61,,,
verteidigen,VERB,61,,,
vorgetragen,VERB,61,,,
äufserlich,ADV,61,,,
hettel,NOUN,61,,,
grundriß,PROPN,60,,,
sausen,VERB,60,,,
anschlag,NOUN,60,,,
durcheinander,ADV,60,,,
schicklich,ADV,60,,,
dereinst,ADV,60,,,
anhalt,NOUN,60,,,
steuern,VERB,60,,,
repräsentirt,NOUN,60,,,
verheißen,VERB,60,,,
verfassen,VERB,60,,,
prophet,PROPN,60,,,
heulen,VERB,60,,,
bereicherung,NOUN,60,,,
charact,PROPN,60,,,
gegründet,VERB,60,,,
gastlich,ADV,60,,,
wurzeln,VERB,60,,,
neugierig,ADV,60,,,
grausen,PROPN,60,,,
münster,PROPN,60,,,
unterrichtszweig,NOUN,60,,,
unumgänglich,ADV,60,,,
ermessen,VERB,60,,,
uhlandsch,ADV,60,Beschreibung,Poetologie,Person 
verszeile,NOUN,60,,,
familienleben,NOUN,60,,,
bekenntnis,PROPN,60,,,
auslegung,NOUN,60,,,
befindlich,ADV,60,,,
geisteskraft,NOUN,60,,,
einsilbig,ADV,60,,,
declamator,NOUN,60,,,
zurückgeben,VERB,60,,,
ausdauer,NOUN,60,,,
angehend,ADV,60,,,
fundament,NOUN,60,,,
hektor,NOUN,60,,,
examen,NOUN,60,,,
aristotelisch,ADV,60,,,
chrie,PROPN,60,,,
solo,ADV,60,,,
disponieren,VERB,60,,,
ziege,NOUN,60,,,
jährlich,ADV,59,,,
horizont,NOUN,59,,,
ermahnung,NOUN,59,,,
billigen,VERB,59,,,
übergewicht,NOUN,59,,,
stocken,VERB,59,,,
rückblick,PROPN,59,,,
überschauen,VERB,59,,,
anthologie,NOUN,59,,,
zehnt,ADV,59,,,
verbreitet,VERB,59,,,
ahnend,ADV,59,,,
ungestört,ADV,59,,,
instrument,NOUN,59,,,
rinnen,NOUN,59,,,
gesch,ADV,59,,,
verehrt,VERB,59,,,
leichnam,PROPN,59,,,
bruch,NOUN,59,,,
september,NOUN,59,,,
wortstellung,NOUN,59,,,
funken,VERB,59,,,
recensent,NOUN,59,,,
kleinlich,ADV,59,,,
fortan,ADV,59,,,
heimkehr,NOUN,59,,,
umbildung,NOUN,59,,,
petrus,NOUN,59,,,
begrifflich,ADV,59,,,
allezeien,NOUN,59,,,
bäumlein,PROPN,59,,,
schriftwerk,PROPN,59,,,
einestheils,PROPN,59,,,
überhebung,NOUN,59,,,
machend,ADV,59,,,
segel,NOUN,59,,,
herleiten,VERB,59,,,
träumerisch,ADV,59,,,
herstellung,NOUN,59,,,
wirkungsvoll,ADV,59,,,
hüter,NOUN,59,,,
hagedorn,PROPN,59,,,
schullesebuch,NOUN,59,Lehrmedien,,
packen,VERB,59,,,
vermählen,VERB,59,,,
schneider,PROPN,59,,,
herberge,NOUN,59,,,
otfried,NOUN,59,,,
intention,NOUN,59,,,
söb,X,59,,,
erzbischof,PROPN,59,,,
horen,VERB,59,,,
aroß,NOUN,59,,,
schauer,NOUN,58,,,
ranken,VERB,58,,,
getreide,ADV,58,,,
anapäst,PROPN,58,,,
zinne,PROPN,58,,,
heraustreten,VERB,58,,,
treuherzig,ADV,58,,,
specifisch,ADV,58,,,
gefunden,VERB,58,,,
auseinandersetzen,VERB,58,,,
vernichtung,NOUN,58,,,
oberfläche,NOUN,58,,,
novelle,NOUN,58,,,
seufzen,VERB,58,,,
kassandra,NOUN,58,,,
dunkelheit,NOUN,58,,,
alliteration,NOUN,58,,,
strahlend,ADV,58,,,
schreibend,ADV,58,,,
abfallen,VERB,58,,,
meile,NOUN,58,,,
vo,X,58,,,
mahlen,VERB,58,,,
entgegenstellen,VERB,58,,,
zitternd,ADV,58,,,
mangeln,VERB,58,,,
durchlesen,VERB,58,,,
metall,NOUN,58,,,
februar,NOUN,58,,,
hausfrau,NOUN,58,,,
jurist,NOUN,58,,,
goldne,NOUN,58,,,
ör,X,58,,,
schlesisch,ADV,58,,,
grauenvoll,ADV,58,,,
ausscheiden,VERB,58,,,
wegfallen,VERB,58,,,
folgerung,NOUN,58,,,
berichtigung,NOUN,58,,,
ausgleichen,VERB,58,,,
aufwerfen,VERB,58,,,
getheilen,NOUN,58,,,
aussage,NOUN,58,,,
beredt,ADV,58,,,
leichtsinnig,ADV,58,,,
eroberung,NOUN,58,,,
combination,NOUN,58,,,
heldendichtung,NOUN,58,,,
gefürchtet,VERB,58,,,
geringschätzung,NOUN,58,,,
gefährden,VERB,58,,,
abwesenheit,NOUN,58,,,
mischung,NOUN,58,,,
verfassung,NOUN,58,,,
frevelhaft,NOUN,58,,,
naturgeschichtlich,ADV,58,,,
thüringer,PROPN,58,,,
herbart,NOUN,58,,,
berufung,NOUN,58,,,
verteilen,VERB,58,,,
vermuten,VERB,58,,,
landleute,NOUN,58,,,
thüringen,PROPN,58,,,
är,ADP,58,,,
aufsicht,NOUN,58,,,
veröffentlichen,VERB,58,,,
social,X,58,,,
empirisch,ADV,58,,,
einschränken,VERB,58,,,
türke,NOUN,58,,,
jerusalem,PROPN,57,,,
volksdichtung,NOUN,57,,,
klären,VERB,57,,,
einfältig,ADV,57,,,
einwendung,NOUN,57,,,
hinan,ADV,57,,,
sinnvoll,ADV,57,,,
wandrer,NOUN,57,,,
entrückt,ADV,57,,,
verursachen,VERB,57,,,
vertraulich,ADV,57,,,
einbüßen,VERB,57,,,
sentimentalität,NOUN,57,,,
präsens,PROPN,57,,,
aneinander,ADV,57,,,
artig,ADV,57,,,
empfang,NOUN,57,,,
alterthümlich,ADV,57,,,
neutrum,PROPN,57,,,
anhaltend,ADV,57,,,
lyriker,NOUN,57,,,
theure,NOUN,57,,,
verscheuchen,VERB,57,,,
räumlich,ADV,57,,,
anknüpfung,NOUN,57,,,
erben,VERB,57,,,
araber,NOUN,57,,,
ergießen,VERB,57,,,
schade,ADV,57,,,
ausübung,NOUN,57,,,
unstreitig,ADV,57,,,
abreden,VERB,57,,,
zusammenhalten,VERB,57,,,
jakob,PROPN,57,,,
abreißen,VERB,57,,,
statten,VERB,57,,,
ernte,VERB,57,,,
schleudern,VERB,57,,,
gewünscht,VERB,57,,,
spießen,VERB,57,,,
dichtend,ADV,57,,,
herkömmlich,ADV,57,,,
neugierde,NOUN,57,,,
epheu,NOUN,57,,,
taugen,VERB,57,,,
dresden,PROPN,57,,,
hiervon,ADV,57,,,
waltend,ADV,57,,,
verwahren,VERB,57,,,
anrichten,VERB,57,,,
vasall,NOUN,57,,,
anpassen,VERB,57,,,
schloß,VERB,57,,,
treibend,ADV,57,,,
gewichtig,ADV,57,,,
wahrhaftig,ADV,57,,,
deinhardt,PROPN,57,,,
entstanden,VERB,57,,,
propädeutisch,ADV,57,,,
durchsicht,NOUN,57,,,
ungebunden,ADV,57,,,
naturkunde,ADJ,57,Natur,Wissenschaft,
eindringend,ADV,57,,,
vermeintlich,ADV,57,,,
hinblick,NOUN,57,,,
gleichgiltig,ADV,57,,,
freiherr,NOUN,57,,,
hauptwerk,NOUN,57,,,
erwerb,NOUN,57,,,
beweggrund,NOUN,57,,,
schliefsen,NOUN,57,,,
europäisch,ADV,56,,,
heimatlich,ADV,56,,,
herkommen,VERB,56,,,
umsicht,ADV,56,,,
zuversichtlich,ADV,56,,,
productiv,ADV,56,,,
subject,PROPN,56,,,
herold,PROPN,56,,,
mißverstehen,VERB,56,,,
wandernd,ADV,56,,,
palme,NOUN,56,,,
pronomen,PROPN,56,,,
schaum,NOUN,56,,,
allerhand,DET,56,,,
weithin,ADV,56,,,
beweglich,ADV,56,,,
bequemlichkeit,NOUN,56,,,
schlinge,NOUN,56,,,
erfolgreich,ADV,56,,,
durcharbeiten,VERB,56,,,
entfremden,VERB,56,,,
gültig,ADV,56,,,
inschrift,NOUN,56,,,
annähernd,ADV,56,,,
vorwerfen,VERB,56,,,
theodor,PROPN,56,,,
erzahlung,NOUN,56,,,
gesangbuch,NOUN,56,,,
erholung,NOUN,56,,,
großmutter,NOUN,56,,,
sonnenschein,NOUN,56,,,
satan,PROPN,56,,,
stall,NOUN,56,,,
wachstum,NOUN,56,,,
vorübergehen,VERB,56,,,
gesammtbildung,NOUN,56,,,
neuerung,NOUN,56,,,
reglement,NOUN,56,,,
antithese,NOUN,56,,,
iphigenies,PROPN,56,,,
mainz,PROPN,56,,,
zusehen,VERB,56,,,
gröst,PROPN,56,,,
geständnis,NOUN,56,,,
ministerium,NOUN,56,,,
bedecken,VERB,56,,,
gewohnlich,ADV,56,,,
meditation,NOUN,56,,,
abdruck,NOUN,55,,,
novali,PROPN,55,,,
hellenisch,ADV,55,Klassik,,
rohhei,NOUN,55,,,
zuwider,ADV,55,,,
dienstbar,ADV,55,,,
ununterbrochen,ADV,55,,,
fliegend,ADV,55,,,
hinderniß,NOUN,55,,,
beherrschung,NOUN,55,,,
bemerkbar,ADV,55,,,
unerträglich,ADV,55,,,
fahrend,ADV,55,,,
gebein,VERB,55,,,
casus,PROPN,55,,,
physik,NOUN,55,,,
ausbrechen,VERB,55,,,
gestade,NOUN,55,,,
schauerlich,ADV,55,,,
nachts,ADV,55,,,
sür,X,55,,,
feige,ADV,55,,,
thieren,NOUN,55,,,
extrem,ADV,55,,,
listig,ADV,55,,,
auftauchen,VERB,55,,,
schwebend,ADV,55,,,
hausen,PROPN,55,,,
fortreißen,VERB,55,,,
lilie,NOUN,55,,,
gesandt,VERB,55,,,
geleitet,VERB,55,,,
gedeihlich,ADV,55,,,
wipfel,NOUN,55,,,
verklärt,VERB,55,,,
schmid,PROPN,55,,,
kindisch,ADV,55,,,
erschallen,VERB,55,,,
feiertag,NOUN,55,,,
verfolgung,NOUN,55,,,
abstraction,NOUN,55,,,
koberstein,NOUN,55,,,
insoweit,ADV,55,,,
lektion,NOUN,55,,,
primanern,NOUN,55,,,
planmäßig,ADV,55,,,
halbjahr,NOUN,55,,,
anhören,VERB,55,,,
schmied,NOUN,55,,,
gestehen,VERB,55,,,
vorrath,PROPN,55,,,
germania,PROPN,55,,,
achilles,ADJ,55,Klassik ,,
hernehmen,VERB,55,,,
vorhalten,VERB,55,,,
chronik,NOUN,55,,,
unbrauchbar,ADV,55,,,
banner,NOUN,55,,,
erledigen,VERB,55,,,
vermittlung,NOUN,55,,,
turnier,NOUN,55,,,
klassenlektüre,NOUN,55,,,
wagnis,NOUN,55,,,
zweisilbig,NOUN,55,,,
verzeihung,NOUN,55,,,
gedik,NOUN,55,,,
masiu,PROPN,55,,,
talbot,PROPN,55,,,
ünd,X,55,,,
kinderreim,PROPN,55,,,
verweben,VERB,55,,,
patriot,PROPN,54,,,
erlösen,VERB,54,,,
hernieder,NOUN,54,,,
regen,NOUN,54,,,
verloben,VERB,54,,,
böhmen,PROPN,54,,,
mißbrauchen,VERB,54,,,
geweiht,VERB,54,,,
wechselwirkung,NOUN,54,,,
feucht,ADV,54,,,
ohnmacht,PROPN,54,,,
risch,PROPN,54,,,
schalten,VERB,54,,,
isolirt,AUX,54,,,
geberde,PROPN,54,,,
vertheidigung,NOUN,54,,,
mitarbeiter,NOUN,54,,,
abfassen,VERB,54,,,
wohlwollen,VERB,54,,,
erlöschen,VERB,54,,,
mitternacht,NOUN,54,,,
nichtig,ADV,54,,,
entgegnen,VERB,54,,,
unzufriedenheit,NOUN,54,,,
hauptzweck,NOUN,54,,,
überreichen,VERB,54,,,
schalkhaft,ADV,54,,,
sauer,ADV,54,,,
beharren,VERB,54,,,
ermorden,VERB,54,,,
zürnen,VERB,54,,,
unmittelbarkeit,NOUN,54,,,
beruhend,ADV,54,,,
einladung,NOUN,54,,,
katechismus,NOUN,54,,,
ideell,ADV,54,,,
ungenügend,ADV,54,,,
vorschulen,VERB,54,,,
oratorisch,ADV,54,,,
geschmacklos,ADV,54,,,
aufsteigend,ADV,54,,,
auffindung,NOUN,54,,,
wundervoll,ADV,54,,,
wortform,NOUN,54,,,
aufzählung,NOUN,54,,,
ebenda,ADV,54,,,
niemeyer,PROPN,54,,,
storch,PROPN,54,,,
conjugation,NOUN,54,,,
naturwissenschaftlich,ADV,54,,,
seelenleben,NOUN,54,,,
abwarten,VERB,54,,,
russisch,ADV,54,,,
gefangenschaft,NOUN,54,,,
leiter,NOUN,54,,,
müst,NOUN,54,,,
abschluss,NOUN,54,,,
keinesweges,ADJ,54,,,
auftakt,NOUN,54,,,
actes,ADJ,54,Poetologie,Drama,
abgethan,PROPN,54,,,
civilisation,PROPN,54,,,
privat,ADV,54,,,
schliefslich,NOUN,54,,,
nacherzählung,NOUN,54,,,
psalm,PROPN,53,,,
schwärmerisch,ADV,53,,,
darstellend,ADV,53,,,
übermaß,VERB,53,,,
ungeduld,NOUN,53,,,
umarmen,VERB,53,,,
einkleidung,NOUN,53,,,
schranke,NOUN,53,,,
mißverständnis,X,53,,,
vorbemerkung,NOUN,53,,,
toben,VERB,53,,,
wohllauen,NOUN,53,,,
bearbeiter,NOUN,53,,,
häufen,VERB,53,,,
huldigung,NOUN,53,,,
keule,NOUN,53,,,
inmitten,ADP,53,,,
vermischen,VERB,53,,,
auslegen,VERB,53,,,
verwegen,VERB,53,,,
umsehen,VERB,53,,,
zurücckomm,NOUN,53,,,
geduldig,ADV,53,,,
ka,X,53,,,
schmal,ADV,53,,,
katholik,PROPN,53,,,
scheidend,ADV,53,,,
abscheiden,VERB,53,,,
bildungsanstalt,CCONJ,53,,,
besitzer,NOUN,53,,,
gränzen,NOUN,53,,,
intelligenz,NOUN,53,,,
unsicherheit,NOUN,53,,,
einzelnheit,NOUN,53,,,
beschluß,NOUN,53,,,
thorhei,NOUN,53,,,
andres,ADJ,53,,,
herrin,NOUN,53,,,
consequent,NOUN,53,,,
aufwachsen,VERB,53,,,
vereinigt,VERB,53,,,
abgerundet,ADV,53,,,
declamiren,NOUN,53,,,
durchschnittlich,ADV,53,,,
behandelnd,ADV,53,,,
vorbeugen,VERB,53,,,
solehen,VERB,53,,,
befreiungskrieg,NOUN,53,,,
kulturgeschichtlich,ADV,53,,,
geschaffen,VERB,53,,,
letter,PROPN,53,,,
verteilung,NOUN,53,,,
kopisch,ADV,53,,,
demnächst,ADV,53,,,
allitteration,NOUN,53,,,
zurückschrecken,VERB,53,,,
hinrichtung,NOUN,53,,,
obersekunda,NOUN,53,,,
atmen,VERB,53,,,
zöllner,NOUN,53,,,
warwick,PROPN,53,,,
ausland,NOUN,52,,,
vortrefflichkeit,NOUN,52,,,
bursche,PROPN,52,,,
beseitigung,NOUN,52,,,
anderswo,ADV,52,,,
weinend,ADV,52,,,
falten,VERB,52,,,
apfelbaum,NOUN,52,,,
concentrirt,PROPN,52,,,
gleichgewicht,NOUN,52,,,
lebenserfahrung,NOUN,52,,,
human,ADV,52,,,
daktylisch,ADV,52,,,
erwählen,VERB,52,,,
überkommen,VERB,52,,,
verpflichtung,NOUN,52,,,
unterirdisch,ADV,52,,,
hölty,PROPN,52,,,
aufschlagen,VERB,52,,,
hammer,NOUN,52,,,
klopfen,VERB,52,,,
geregelt,VERB,52,,,
zweckmäßigkeit,NOUN,52,,,
darstellungsform,NOUN,52,,,
satirisch,ADV,52,,,
erzähler,NOUN,52,,,
obrigkeit,NOUN,52,,,
umgestalten,VERB,52,,,
beladen,VERB,52,,,
zugemuthet,PROPN,52,,,
überwältigen,VERB,52,,,
wagner,PROPN,52,,,
verbrennen,VERB,52,,,
zufriedenheit,NOUN,52,,,
macbeth,PROPN,52,,,
hingebung,NOUN,52,,,
beglückend,ADV,52,,,
währen,VERB,52,,,
mütterlich,ADV,52,,,
unsäglich,ADV,52,,,
unverändert,ADV,52,,,
sendung,NOUN,52,,,
markgraf,PROPN,52,,,
veilchen,VERB,52,,,
brutus,NOUN,52,,,
wiederholend,ADV,52,,,
kunstform,ADV,52,,,
deklamiren,VERB,52,,,
begegnung,NOUN,52,,,
zunehmend,ADV,52,,,
sonnig,ADV,52,,,
redeübung,NOUN,52,,,
historie,NOUN,52,,,
polemik,NOUN,52,,,
hinführen,VERB,52,,,
aufeinanderfolgen,NOUN,52,,,
harnisch,ADV,52,,,
indirekt,ADV,52,,,
verkörpern,VERB,52,,,
bekleiden,VERB,52,,,
giesebrechen,VERB,52,,,
schubert,PROPN,52,,,
ehemalig,ADV,52,,,
bevorzugt,VERB,52,,,
verschonen,VERB,52,,,
feindschaft,NOUN,52,,,
türmen,VERB,52,,,
burgundisch,ADV,52,,,
division,NOUN,52,,,
donau,PROPN,52,,,
aufsatzthema,NOUN,52,,,
jauchzen,VERB,51,,,
stärkung,NOUN,51,,,
augenmerk,NOUN,51,,,
thatkrafen,PROPN,51,,,
passiv,ADV,51,,,
lebhaftigkei,PROPN,51,,,
schwächlich,ADV,51,,,
verwicklung,NOUN,51,,,
fühlend,ADV,51,,,
unverkennbar,ADV,51,,,
ausgeprägt,ADV,51,,,
anwendbar,ADV,51,,,
kränken,VERB,51,,,
beschwören,VERB,51,,,
region,NOUN,51,,,
strand,NOUN,51,,,
declination,NOUN,51,,,
allegorisch,ADV,51,,,
college,PROPN,51,,,
einleuchten,VERB,51,,,
progr,NOUN,51,,,
prangen,VERB,51,,,
einstellen,VERB,51,,,
schimmer,NOUN,51,,,
belieben,NOUN,51,,,
schleier,NOUN,51,,,
silber,NOUN,51,,,
zügel,PROPN,51,,,
bestärken,VERB,51,,,
verneinen,VERB,51,,,
chorgesang,PROPN,51,,,
theile,NOUN,51,,,
verfluchen,VERB,51,,,
fragend,ADV,51,,,
ungerecht,ADV,51,,,
mitnehmen,VERB,51,,,
gehort,NOUN,51,,,
erdbeere,NOUN,51,,,
abwechslung,NOUN,51,,,
göttingen,PROPN,51,,,
hineinziehen,VERB,51,,,
blendend,ADV,51,,,
anfangsbuchstabe,NOUN,51,,,
ernten,VERB,51,,,
vorzeichnen,VERB,51,,,
unternehmung,NOUN,51,,,
intellectüll,PROPN,51,,,
gymnasialunterricht,NOUN,51,,,
vorschub,NOUN,51,,,
schweizerisch,ADV,51,,,
dafur,PRON,51,,,
bereitwillig,ADV,51,,,
vergänglich,ADV,51,,,
segensreich,ADV,51,,,
hexameter,NOUN,51,,,
suchend,ADV,51,,,
ehrgefühl,NOUN,51,,,
schwärmen,VERB,51,,,
verbessert,VERB,51,,,
ermahnen,VERB,51,,,
sprüchwört,ADV,51,,,
bändchen,NOUN,51,,,
albrecht,PROPN,51,,,
rauschebart,PROPN,51,,,
baumgart,NOUN,51,,,
herakles,PROPN,51,,,
buschmann,PROPN,51,,,
deklamation,NOUN,50,,,
unrein,ADV,50,,,
recensio,NOUN,50,,,
versammelt,VERB,50,,,
umhin,ADV,50,,,
begabt,ADV,50,,,
charakterschilderung,PROPN,50,,,
kälte,NOUN,50,,,
fortführen,VERB,50,,,
ungewiß,ADV,50,,,
gebietend,ADV,50,,,
zeitlang,ADV,50,,,
verzweifelnd,ADV,50,,,
volkssprache,ADJ,50,,,
gestirn,PROPN,50,,,
thatkräftig,ADV,50,,,
herüber,ADV,50,,,
lächelnd,ADV,50,,,
minute,NOUN,50,,,
vergelten,VERB,50,,,
beamte,NOUN,50,,,
zahllos,ADV,50,,,
schonung,NOUN,50,,,
versfuß,PROPN,50,,,
hi,X,50,,,
mühle,NOUN,50,,,
athmen,NOUN,50,,,
zerstreuung,NOUN,50,,,
gegenüberstehen,VERB,50,,,
unbefangenheit,ADV,50,,,
gretch,PROPN,50,,,
getroffen,VERB,50,,,
nirgend,ADV,50,,,
entzweien,VERB,50,,,
wundersam,ADV,50,,,
hülsmann,PROPN,50,,,
veredlung,NOUN,50,,,
enthaltend,ADV,50,,,
vollbracht,VERB,50,,,
hinwirken,VERB,50,,,
missen,VERB,50,,,
fassungskraft,NOUN,50,,,
leichtfertig,ADV,50,,,
führend,ADV,50,,,
urbild,PROPN,50,,,
aufruhr,NOUN,50,,,
ablehnen,VERB,50,,,
unzugänglich,ADV,50,,,
sammler,NOUN,50,,,
hinreichen,VERB,50,,,
abhandeln,VERB,50,,,
rückerts,PROPN,50,,,
messiaden,VERB,50,,,
darbringen,VERB,50,,,
diana,PROPN,50,,,
satzton,PROPN,50,,,
welehen,VERB,50,,,
modulation,NOUN,50,,,
abraham,PROPN,50,,,
wahrhaftigkeit,NOUN,50,,,
rücksichtslos,ADV,50,,,
protestantismus,PROPN,50,,,
schlusz,NOUN,50,,,
verskunst,NOUN,50,,,
fahrzeug,NOUN,50,,,
vorgeschrieben,VERB,50,,,
schulmeister,NOUN,50,,,
dö,X,50,,,
armut,NOUN,50,,,
