word,pos,count,tag1,tag2,tag3
nicht,PART,45850,Negation,,
deutsch,ADV,13291,Nation ,Deutsch,
ganz,ADV,12610,Höhe ,,
schueler,NOUN,7288,Schule,Typ,
dichter,ADV,7201,Künstler,,
zeit,NOUN,7049,Zeit,,
wort,NOUN,6662,Sprache,,
leben,VERB,6349,Welt,,
sprache,NOUN,5354,Sprache,,
lehrer,NOUN,5149,Schule,Typ,
alt,ADV,5136,Alter,,
unterricht,NOUN,5090,Schule,Praxis,
gedicht,NOUN,4851,Poetologie,Gattung,
stehen,VERB,4766,Position,,
sprechen,VERB,4521,Sprache,,
weisen,VERB,4502,Disziplin,,
stellen,VERB,4363,Position,,
mensch,NOUN,4122,Anthropologie,,
schiller,PROPN,3700,Person,Schriftsteller,
sagen,VERB,3631,Nennen,,
goethe,PROPN,3412,Person,Schriftsteller,
art,NOUN,3350,,,
lieben,VERB,3249,Emotion ,,
nichts,PRON,3234,Negation,,
geist,NOUN,3208,Idealismus,,
natur,NOUN,3167,Natur,,
schule,NOUN,3152,Schule,,
form,NOUN,3110,Poetologie,,
geschichte,NOUN,3043,Geschichte ,,
literatur,NOUN,2925,Poetologie,,
sinn,NOUN,2900,Poetologie,,
gedanke,NOUN,2811,Idealismus,,
jahr,NOUN,2795,Zeit,,
fragen,VERB,2792,Diskurs,,
gott,NOUN,2767,Theologie,,
zweit,ADV,2731,,,
inhalt,NOUN,2704,Poetologie,,
denken,VERB,2644,Idealismus,Praktik,
bilden,VERB,2585,Pädagogik,,
poesie,NOUN,2505,Poetologie,Gattung,
erscheinen,VERB,2481,Idealismus,,
herr,NOUN,2463,Gender,Mask,
dichtung,NOUN,2458,Poetologie,,
hoeher,ADV,2414,Höhe ,,
stoff,NOUN,2408,Poetologie,,
jugend,NOUN,2404,Alter,,
letzt,ADV,2372,,,
bildung,NOUN,2352,Pädagogik,,
auge,NOUN,2347,Ästhetik,Sinnlich,
darstellung,NOUN,2306,Poetologie,,
zweck,NOUN,2292,Logik,,
welt,NOUN,2256,Welt,,
lectuere,NOUN,2252,Praxis,Methode ,Poetologie
hand,NOUN,2202,Ästhetik,Sinnlich,
lernen,VERB,2161,Pädagogik,,
grund,NOUN,2155,Logik,,
treten,VERB,2151,Position,,
vater,NOUN,2142,Gender,Mask,
verschieden,ADV,2135,Position,,
heissen,VERB,2134,,,
zeigen,VERB,2110,Position,,
verstehen,VERB,2098,Idealismus,Praktik,
poetisch,ADV,2089,Beschreibung,Poetologie,
bild,NOUN,2074,Ästhetik ,,
richtig,ADV,2072,positive Bewertung,,
ausdruck,NOUN,2031,Sprache,,
glauben,VERB,2025,Theologie,,
endlich,ADV,2021,,,
wissen,VERB,2018,Wissen,,
charakter,NOUN,2013,Anthropologie,,
sache,NOUN,1999,,,
bedeutung,NOUN,1984,Poetologie,,
nennen,VERB,1975,Praktik,,
kraft,NOUN,1971,Idealismus,Anthropologie,
tag,NOUN,1948,Zeit,,
koenig,NOUN,1937,Narrativ,,
natuerlich,ADV,1923,Natur,,
fremd,ADV,1911,Alterität,,
schreiben,VERB,1908,Praktik,Sprache,
wesen,NOUN,1907,Idealismus,,
suchen,VERB,1831,Praktik,,
frueher,ADV,1798,Zeit ,,
kunst,NOUN,1785,Ästhetik,,
lessing,X,1783,Person,Schriftsteller,
uebung,NOUN,1775,Praktik,,
namentlich,ADV,1772,,,
seele,NOUN,1763,Idealismus,,
geistig,ADV,1738,Idealismus ,,
beziehung,NOUN,1730,,,
name,NOUN,1723,,,
handlung,NOUN,1710,Poetologie,Narrativ,
folgen,VERB,1698,Disziplin,,
wahr,ADV,1680,,,
bezeichnen,VERB,1668,Praktik,Sprache,
historisch,ADV,1664,Geschichte ,,
fuehren,VERB,1658,Disziplin,,
wesentlich,ADV,1640,positive Bewertung,,
aufgabe,NOUN,1636,Praktik,,
begreifen,VERB,1633,Praktik,Idealismus,
erzaehlung,NOUN,1633,Poetologie,Narrativ,
schwer,ADV,1615,Bewertung,,
gewis,PROPN,1608,,,
schuelern,NOUN,1599,Schule,Typ,
entwicklung,NOUN,1592,,,
freund,NOUN,1586,Typ,,
lange,ADV,1584,Zeit ,,
mutter,NOUN,1575,Gender,Form,
klasse,NOUN,1559,Schule,,
erkennen,VERB,1551,Praktik,Idealismus,
wert,ADV,1550,positive Bewertung,,
gehoert,VERB,1545,Disziplin,,
lehren,VERB,1535,Pädagogik,,
haus,NOUN,1530,Haus,,
verfasser,NOUN,1530,Poetologie,,
schrift,NOUN,1528,Poetologie,Sprache,
schulen,NOUN,1521,Schule,,
wahrheit,NOUN,1519,Höhe,Idealismus,
gewinnen,VERB,1516,,,
vielmehr,ADV,1512,Logik,,
gegenstand,NOUN,1504,Lehrmedien,,
arbeit,NOUN,1503,Disziplin ,,
held,NOUN,1496,Narrativ,,
lateinisch,ADV,1485,Sprachen,Klassik,
notwendig,ADV,1483,Logik,,
jung,ADV,1482,Alter,,
kampf,NOUN,1464,Alterität,Agonalität,
inner,NOUN,1455,Idealismus ,,
freude,NOUN,1445,Emotion ,,
geschehen,VERB,1416,,,
reichen,VERB,1397,,,
knabe,NOUN,1392,Alter,Gender,Mask
sohn,NOUN,1390,Alter,Gender,Mask
reden,VERB,1387,Praktik,Sprache,
strophe,NOUN,1386,Poetologie,,
bieten,VERB,1376,,,
teils,ADV,1375,,,
erhalten,VERB,1369,,,
moecht,AUX,1362,,,
schoene,ADJ,1360,Ästhetik ,,
kennen,VERB,1347,Idealismus,,
menschlich,ADV,1346,Anthropologie,,
lesebuch,NOUN,1346,Lehrmedien,,
drama,NOUN,1345,Poetologie,Gattung,
stunde,NOUN,1338,Schule,Zeit ,
reich,ADV,1333,Bewertung,Politik,
kenntnis,NOUN,1315,Ziel,,
griechisch,ADV,1313,Sprachen,Klassik,
sittlich,ADV,1312,Moral,,
satz,NOUN,1307,Sprache,,
gefuehl,NOUN,1291,Emotion ,,
stufe,NOUN,1279,Schule,Disziplin,
anschauung,NOUN,1264,Idealismus,Ästhetik,
person,NOUN,1264,Person,,
stuecken,NOUN,1262,Lehrmedien,,
aufsatz,NOUN,1260,Praktik,Prüfung,
fallen,VERB,1257,,,
lang,ADV,1252,Höhe ,,
interesse,NOUN,1248,,,
behandlung,NOUN,1246,Praktik ,,
mittel,NOUN,1246,Praktik,,
fehlen,VERB,1235,,,
kaiser,NOUN,1224,Nation,Person,Narrativ
phantasie,NOUN,1220,Phantasie,Ästhetik,Idealismus
verstaendni,VERB,1219,Idealismus,Praktik,
schliesen,VERB,1218,Zeit,,
lebendig,ADV,1217,Welt,,
jahrhundert,NOUN,1210,Zeit,,
dritt,NOUN,1200,,,
urteil,NOUN,1194,Bewertung,,
schoenen,ADJ,1190,Höhe,Bewertung,Ästhetik
treiben,VERB,1188,Disziplin,Praktik,
gewoehnlich,ADV,1168,Bewertung,,
erklaerung,NOUN,1168,Methode,,
erscheinung,NOUN,1166,Idealismus,Ästhetik,
muttersprache,NOUN,1166,Sprache ,,
ernst,ADV,1162,Bewertung,,
grammatik,NOUN,1152,Sprache,,
spaet,ADV,1138,Zeit,,
leser,NOUN,1132,Poetologie,Rezeption,Lesen
licht,NOUN,1122,,,
freiheit,NOUN,1122,Idealismus,Politik,
methode,NOUN,1120,Methode,,
aufsaetzen,VERB,1113,Methode,,
unmittelbar,ADV,1108,Beschreibung,,
wirkung,NOUN,1105,Ästhetik,Wirkung,
beispiel,NOUN,1103,Methode ,,
himmel,NOUN,1101,Theologie,,
naeher,ADV,1098,Beschreibung,,
gesetz,NOUN,1098,Politik,,
verlangen,VERB,1097,Disziplin,,
stimmen,VERB,1085,Wissen,,
dienen,VERB,1083,Disziplin,,
hervor,ADV,1075,Beschreibung ,,
erreichen,VERB,1066,,,
deutschland,PROPN,1065,Nation,Deutsch,
wirken,VERB,1060,Ästhetik,Wirkung,
bestimmen,VERB,1050,Disziplin,,
vorstellung,NOUN,1049,Idealismus,,
idee,NOUN,1048,Idealismus,,
aufgeben,VERB,1047,Disziplin,Pädagogik,Schule
streng,ADV,1045,Bewertung,,
betrachten,VERB,1042,Ästhetik,Körper,
beginnen,VERB,1041,Praktik,Zeit ,
empfindung,NOUN,1037,Emotion ,,
erde,NOUN,1033,Welt,,
betrachtung,NOUN,1031,Ästhetik,Sinnlich,
practisch,ADV,1028,Praxis,,
zusammenhang,NOUN,1022,,,
grammatisch,ADV,1014,Sprache,,
gluecklich,ADV,1011,Emotion ,,
dramatisch,ADV,1005,Gattung ,,
aesthetisch,ADV,1004,Ästhetik ,,
national,ADV,998,Nation ,,
bemerkung,NOUN,996,Praktik ,,
gegensatz,NOUN,994,Logik,,
behandeln,VERB,992,Praktik ,,
uhland,VERB,988,Person,Schriftsteller,
erheben,VERB,976,Höhe,,
gebildet,VERB,975,Pädagogik,,
still,ADV,975,Tiefe,,
aeusern,NOUN,968,Beschreibung,Raum ,
selten,ADV,964,Bewertung,,
keiner,PRON,962,Negation ,,
hermann,PROPN,962,Person,Literatur,
glueck,NOUN,962,Bewertung,,
wissenschaft,NOUN,955,Wissenschaft,,
wissenschaftlich,ADV,947,Wissenschaft,,
gymnasien,NOUN,940,Schule,,
heilig,ADV,935,Theologie,,
anfang,NOUN,935,,,
gering,ADV,934,Tiefe,,
bedeutend,ADV,934,Bewertung ,,
auswahl,NOUN,934,Praktik,,
taetigkeit,NOUN,922,Praktik,,
schriftlich,ADV,918,Praktik,,
ritter,PROPN,906,Typ,Narrativ,
gymnasium,NOUN,902,Schule,,
formen,NOUN,901,Poetologie,,
franzoesisch,ADV,897,Nation,,
verbindung,NOUN,892,,,
stark,ADV,890,Höhe ,,
gebieten,NOUN,889,Disziplin ,,
ansicht,NOUN,888,,,
auffassung,NOUN,887,Praktik,Idealismus,
blick,NOUN,885,Ästhetik,Körper,
schwert,NOUN,885,Narrativ,,
gestalt,NOUN,885,Beschreibung,,
kreis,NOUN,879,,,
saetzen,NOUN,872,,,
gebrauch,NOUN,871,,,
gemuet,NOUN,869,Emotion ,,
erfahrung,NOUN,865,Ästhetik,Welt,
gelegenheit,NOUN,863,,,
eignen,VERB,863,positive Bewertung,,
not,X,861,Narrativ,,
gesang,NOUN,860,Poetologie,Gattung,
enthalten,VERB,860,Beschreibung,,
richtung,NOUN,858,,,
aussprechen,VERB,854,Sprache,Praktik,
erklaert,VERB,852,Praktik,Methode ,
classe,X,849,,,
saenger,NOUN,846,Poetologie,Typ,
schriftsteller,NOUN,845,Poetologie,Typ,
willen,ADP,839,Idealismus,,
jungfrau,NOUN,837,Gender,Fem,
stueck,NOUN,835,Lehrmedien,Poetologie,
sammlung,NOUN,833,Lehrmedien,,
bemerken,VERB,827,Praktik ,,
karl,PROPN,827,Person,Literatur,Historisch 
vaterland,NOUN,826,Nation,Patriotisch,
trotz,ADP,822,Logik,,
fuehlen,VERB,821,Emotion ,,
schlus,NOUN,820,,,
deutlich,ADV,817,Beschreibung,,
fordern,VERB,817,Disziplin,,
singen,VERB,813,Praktik,Ästhetik,
verhaeltnissen,NOUN,813,,,
gelehrt,VERB,808,positive Bewertung,,
geeignet,ADV,808,Bewertung,,
reihe,NOUN,805,,,
urspruenglich,ADV,799,Zeit,Sprache,
handeln,VERB,796,,,
forderung,NOUN,796,,,
schilderung,NOUN,795,Poetologie,Praktik,
genannt,VERB,793,,,
schaffen,VERB,793,positive Bewertung,Praktik,
verlieren,VERB,792,,,
stolz,ADV,792,Narrativ,Bewertung,
klopstock,NOUN,791,Person,Schriftsteller,
geschichtlich,ADV,789,Geschichte ,,
ideal,ADV,788,Idealismus,Moral ,
bewusstsein,NOUN,787,,,
unterschied,NOUN,787,,,
vollstaendig,ADV,787,Höhe ,,
einleitung,NOUN,784,Poetologie,,
prosa,PROPN,783,Gattung ,,
erfahren,VERB,782,Sinnlich,Welt,
verdienen,VERB,782,,,
bewegung,NOUN,782,,,
vorhanden,ADV,781,,,
maedchen,NOUN,777,,,
pflegen,VERB,775,,,
streben,VERB,771,Disziplin,,
erinnern,VERB,770,Idealismus,,
herrlich,ADV,770,Bewertung,,
fehler,NOUN,766,Disziplin,negative Bewertung,
muendlich,ADV,765,Praktik,,
element,NOUN,765,Medium,,
verbinden,VERB,761,Praktik,,
verhaeltni,NOUN,758,,,
vorliegend,ADV,757,,,
studium,NOUN,752,Praktik,,
juengling,X,751,Typ,Gender,Mask
dichten,VERB,749,Poetologie,Praktik,
erzaehlen,VERB,748,Poetologie,Narrativ,
zeichen,NOUN,744,Poetologie,,
darstellen,VERB,742,Poetologie,Praktik,
boden,NOUN,741,,,
gewalt,NOUN,741,Agonalität,,
vorzugsweise,ADV,739,,,
ruhen,VERB,738,,,
meister,NOUN,737,Höhe,Typ,
stadt,NOUN,736,Ort,,
lust,NOUN,735,positive Bewertung,,
wenden,VERB,734,,,
besprechung,NOUN,734,Praktik,,
gestalten,VERB,733,Poetologie,Praktik,
punkt,NOUN,733,Sprache,,
abhandlung,NOUN,733,Poetologie,Gattung,
paedagogisch,ADV,732,Pädagogik,,
stellung,NOUN,731,,,
sonne,NOUN,726,,,
auftreten,VERB,723,Poetologie,,
grad,ADV,722,,,
gefahr,NOUN,722,Agonalität,,
augenblick,NOUN,719,Zeit,,
frisch,ADV,716,Höhe ,,
schoen,ADV,716,Ästhetik,positive Bewertung,
klassisch,ADV,716,Klassik,Bewertung,
nation,NOUN,714,Nation,,
unterscheiden,VERB,714,,,
en,X,713,,,
schlagen,VERB,710,Agonalität,,
groesern,NOUN,709,,,
antik,NOUN,707,Zeit,Klassik,
meinung,NOUN,706,Praktik,Bewertung,
stil,NOUN,705,Poetologie,Sprache,
scene,NOUN,704,Poetologie,Unterteilung,
sprachlich,ADV,704,Sprache ,,
buecher,NOUN,703,Poetologie,Lehrmedien,
groest,PROPN,701,,,
versuchen,VERB,701,,,
regel,NOUN,699,Disziplin,,
reisen,VERB,698,,,
vollkommen,ADV,697,Ästhetik,positive Bewertung ,
vergessen,VERB,693,Idealismus,,
erziehung,NOUN,693,Pädagogik,Disziplin,
absicht,NOUN,691,,,
stimmung,NOUN,691,Emotion ,,
angemessen,ADV,691,positive Bewertung,,
philosophisch,ADV,690,Philsophie,,
christlich,ADV,687,Theologie,,
schoenhei,NOUN,686,Ästhetik,Höhe,Beschreibung
gethan,VERB,686,,,
vergleichen,VERB,684,Methode,Praktik ,
wallenstein,PROPN,683,Person,Literatur,Historisch 
schicksal,NOUN,683,Disziplin,,
fassen,VERB,680,Idealismus,,
gegenwart,NOUN,678,Zeit,,
eng,ADV,676,Beschreibung,,
krieg,NOUN,675,Negation,Alterität,
menschen,NOUN,674,Anthropologie,,
folge,VERB,672,,,
richten,VERB,672,,,
lieber,ADV,671,Beschreibung,,
graf,PROPN,671,Typ,Narrativ,
maenner,NOUN,670,Gender,Mask,
ruecksichen,VERB,670,,,
friedrich,PROPN,670,Person,Literatur,Historisch 
regeln,VERB,669,Disziplin,,
meer,NOUN,668,,,
entstehen,VERB,665,,,
iphigenien,NOUN,663,Poetologie,Person,Klassik
empfehlen,VERB,660,,,
beweisen,VERB,659,Logik ,,
uebersetzung,NOUN,656,Nation,Poetologie,
haend,VERB,655,,,
entwickeln,VERB,655,,,
abteilung,NOUN,655,Unterteilung ,Poetologie,
brechen,VERB,654,,,
ruhig,ADV,654,Beschreibung,,
bedenken,NOUN,654,,,
schlu,PROPN,650,,,
steht,VERB,647,,,
tochter,NOUN,646,Gender,Form,
raum,NOUN,646,Raum,,
voellig,ADV,646,Höhe,,
haupt,NOUN,645,Beschreibung,,
sorgen,VERB,642,,,
einheit,NOUN,642,Idealismus,,
gegenstaend,VERB,642,Lehrmedien,,
tier,NOUN,640,Tier,Alterität,Anthropologie
quelle,PROPN,638,Ästhetik,Wörtlich,Provenienz
gebiet,NOUN,637,Raum,,
falsch,ADV,636,,,
hoeren,VERB,635,Ästhetik,Sinnlich,
logisch,ADV,635,Beschreibung,Logik,
sinnlich,ADV,634,Beschreibung,Ästhetik,
eindruck,NOUN,634,Ästhetik,Körper,
leiden,VERB,633,Negation,,
episch,ADV,632,Beschreibung,Poetologie,Gattung
verfahren,NOUN,629,Praktik,,
koenigs,PROPN,627,Narrativ,,
grimm,PROPN,625,Person,Schriftsteller,
bestimmung,NOUN,625,Disziplin,,
modern,ADV,625,Beschreibung,Ästhetik,
literaturgeschichte,VERB,625,Geschichte ,,
grundlage,NOUN,623,,,
abschnitt,NOUN,623,Unterteilung ,Poetologie,
lieb,ADV,621,postive Bewertung,,
vertrauen,NOUN,617,,,
gewaltig,ADV,616,positive Bewertung,Höhe,
treffen,VERB,616,,,
ballade,NOUN,615,Gattung ,Lyrik,
religion,NOUN,614,Theologie,,
geschlecht,NOUN,612,Gender,,
hoffnung,NOUN,611,Theologie,,
schlecht,ADV,610,negative Bewertung,,
fahren,VERB,610,,,
naechst,ADV,609,,,
brief,NOUN,608,Gattung ,,
gesichtspunkt,VERB,607,,,
periode,NOUN,607,Gattung ,,
vortrag,NOUN,606,Methode,Praktik,
maechtig,ADV,604,Höhe,Bewertung,
prima,ADV,604,Schule,,
un,X,603,,,
fabel,NOUN,603,Gattung ,Poetologie,
abschneiden,VERB,602,,,
aufnehmen,VERB,600,,,
minder,ADV,597,negative Bewertung,,
anwendung,NOUN,596,Praktik,,
innig,ADV,595,Idealismus,,
leute,NOUN,595,,,
luther,PROPN,594,Person,Historisch,
erfolg,NOUN,593,positive Bewertung,,
rasch,ADV,591,,,
ansehen,VERB,590,Sinnlich,Praktik,
aufmerksam,ADV,590,Praktik,,
ergeben,VERB,589,,,
genuegen,VERB,588,,,
enthael,ADV,588,,,
gegenwaertig,ADV,587,,,
zweifel,NOUN,587,negative Bewertung,,
ausdruecken,VERB,587,Praktik,Nennen,
hagen,PROPN,586,Person,Literatur,
maria,PROPN,586,Person,Literatur,Historisch 
moment,NOUN,586,,,
woert,VERB,585,,,
aeltern,ADV,585,Typ,Familie,
scharf,ADV,583,Beschreibung,,
schmerz,NOUN,582,negative Bewertung,,
lyrisch,ADV,582,Beschreibung,Poetologie,Gattung
sterben,VERB,582,Negation,,
politisch,ADV,582,Politik,,
ausfuehrlich,ADV,581,Beschreibung,Methode ,
hoert,VERB,581,,,
eltern,NOUN,580,Alter,Typ,Familie
leisten,VERB,580,,,
vergleichung,NOUN,579,Methode,Praktik,
zeile,NOUN,579,Poetologie,Unterteilung,
innere,ADJ,578,Idealismus ,,
menge,NOUN,577,,,
vielfach,ADV,577,,,
dichterisch,ADV,577,Beschreibung,Poetologie,
vorzueglich,ADV,576,positive Bewertung,,
empfinden,VERB,576,Emotion ,,
koenne,AUX,575,,,
aufmerksamkeit,NOUN,575,Disziplin,,
ordnung,NOUN,575,Disziplin,,
herder,PROPN,573,Person,Schriftsteller,
weise,NOUN,572,,,
schwierigkeit,NOUN,571,,,
ausfuehrung,NOUN,570,Praktik,,
moeglichsen,VERB,569,,,
unterrichten,VERB,569,Schule,Praktik,
dringen,VERB,567,,,
einsicht,NOUN,567,Idealismus,,
benutzen,VERB,567,,,
fuersten,VERB,566,Typ,Politik,
menschheit,NOUN,564,Anthropologie,,
bewegen,VERB,564,,,
dorotea,PROPN,564,,,
hinsicht,NOUN,563,,,
siegfried,PROPN,561,Person,Literatur,
wunderbar,ADV,560,positive Bewertung,,
buerger,NOUN,560,Typ,,
gehoer,NOUN,559,,,
fuell,VERB,559,,,
spielen,VERB,558,,,
erwarten,VERB,558,,,
angeben,VERB,558,,,
gefuehlen,NOUN,557,Emotion ,,
frieden,NOUN,556,Politik,,
entscheiden,VERB,553,,,
wirklichkeit,NOUN,552,Welt,,
kraeftig,ADV,551,positive Bewertung,,
erlaeuterung,NOUN,551,Praktik,Methode ,
standpunkt,NOUN,551,,,
schauen,PROPN,548,,,
hinaus,ADP,544,Raum,,
ergreifen,VERB,544,Ästhetik,Wirkung,
erkenntnis,NOUN,543,Idealismus,,
schuld,NOUN,539,negative Bewertung,,
gruend,NOUN,539,,,
wasser,NOUN,538,Welt,Narrativ,
genus,X,537,Gender,Sprache,
zuegen,NOUN,536,,,
sogenannt,VERB,536,,,
heimat,NOUN,536,Nation,Patriotisch,
fromm,ADV,535,Theologie,Beschreibung ,
dienst,NOUN,535,Disziplin,,
strophen,VERB,535,Poetologie,Lyrik,Unterteilung
material,NOUN,535,Lehrmedien,,
brust,NOUN,534,Körper,,
jugendlich,ADV,534,Alter,Beschreibung ,
spaetern,NOUN,534,Zeit,,
goettlich,ADV,533,Theologie,Beschreibung ,
gelesen,VERB,533,Praktik,Lesen,
homer,PROPN,532,,,
herzen,NOUN,532,Körper,,
tot,ADV,531,Negation,,
greifen,VERB,530,,,
sitte,NOUN,530,Disziplin,Moral ,
pflicht,NOUN,530,Disziplin,Moral ,
blut,NOUN,530,Körper,Narrativ,
tasso,PRON,530,Person,Literatur,Historisch 
ausbildung,NOUN,528,Schule,Institution,
besitzen,VERB,524,Idealismus,,
hoehen,NOUN,524,,,
gen,ADP,523,,,
schoenst,ADV,522,Bewertung,Ästhetik,
trefflich,ADV,520,positive Bewertung,,
tugend,NOUN,520,Disziplin,Moral ,
geschick,PROPN,520,positive Bewertung,,
grieche,ADJ,519,Klassik,,
prosaisch,ADV,519,Beschreibung,Poetologie,Gattung
faellen,VERB,519,,,
wunsch,NOUN,519,,,
klingen,VERB,518,,,
werfen,VERB,518,,,
erscheint,VERB,518,,,
duerft,VERB,517,,,
wuerdig,ADV,517,positive Bewertung,,
verwenden,VERB,516,,,
entsprechen,VERB,515,,,
beschreibung,NOUN,514,Praktik,,
gelangen,VERB,513,,,
ausgabe,NOUN,512,,,
blicken,VERB,512,,,
eintreten,VERB,512,,,
notwendigkeit,NOUN,510,Logik,,
literarisch,ADV,509,Beschreibung,Poetologie,
auflage,NOUN,507,,,
passend,ADV,507,positive Bewertung,,
muest,NOUN,506,,,
zukunft,NOUN,506,Zeit,,
kirche,NOUN,506,Theologie,,
anspruch,NOUN,505,,,
geliebt,VERB,504,,,
zuruecken,VERB,503,,,
helfen,VERB,503,,,
behaupten,VERB,501,,,
breit,ADV,501,,,
gelten,VERB,501,,,
eigenthuemlich,ADV,500,Bewertung,,
heinrich,PROPN,500,Person,Literatur,
walther,PROPN,500,Person,Literatur,
offenbar,ADV,500,,,
gelingen,VERB,499,,,
schritt,NOUN,499,,,
geradezu,ADV,499,,,
wagen,VERB,498,,,
buchen,VERB,498,,,
proben,VERB,495,,,
begeisterung,NOUN,493,,,
volkslied,NOUN,492,Gattung ,Lyrik,
leiten,VERB,491,,,
schiff,NOUN,491,,,
gedanken,NOUN,491,Idealismus,,
beschraenken,VERB,491,,,
vollendet,VERB,490,,,
gesinnung,NOUN,488,Nation,,
reichtum,NOUN,487,,,
kritik,NOUN,487,negative Bewertung,,
familie,NOUN,487,Typ,Haus,
wilhelm,PROPN,487,Person,Literatur,Historisch 
verlassen,VERB,486,,,
moralisch,ADV,486,Moral,Beschreibung ,
erinnerung,NOUN,486,Idealismus,,
echt,ADV,485,Höhe,Beschreibung ,
dramas,NOUN,485,Gattung ,Poetologie,
bruder,NOUN,484,Familie,Typ,
laessen,NOUN,484,,,
indes,ADV,483,,,
hart,ADV,483,,,
herausgeber,NOUN,482,,,
gesund,ADV,482,positive Bewertung,,
geschmack,NOUN,481,Ästhetik,postive Bewertung,
laenger,ADV,480,,,
antwort,NOUN,479,,,
staat,NOUN,479,Politik,,
viert,ADV,478,,,
liebe,VERB,477,Emotion ,,
nieder,ADV,476,,,
unmoeglich,ADV,476,,,
kopf,NOUN,473,Körper,,
ansichten,NOUN,473,,,
oeffentlich,ADV,473,,,
damessen,X,472,,,
berlin,PROPN,471,Ort,,
steigen,VERB,471,,,
beziehen,VERB,471,,,
bearbeitung,NOUN,471,Praktik,,
einflu,PROPN,469,,,
absehen,VERB,469,,,
scheint,VERB,469,,,
maerchen,NOUN,468,Beschreibung,Poetologie,Gattung
beschaeftigung,NOUN,468,Praktik,,
sodann,ADV,467,,,
charakteristik,NOUN,465,Praktik,,
classisch,ADV,464,,,
roemisch,ADV,464,Klassik,,
tatsache,NOUN,464,,,
kraeft,NOUN,463,,,
geniesen,VERB,463,,,
neigung,NOUN,463,,,
bedeuten,VERB,463,,,
dunkel,ADV,462,Tiefe,Beschreibung ,
zweckmaessig,ADV,460,Bewertung,,
erwerben,VERB,460,,,
lebhaft,ADV,459,Beschreibung,,
betrifft,VERB,459,,,
tragoedie,NOUN,459,Gatung,Poetologie,
wecken,VERB,458,,,
faell,PROPN,458,,,
vortragen,VERB,457,,,
volksschule,NOUN,455,Schule,,
voraus,ADV,453,Zeit,Raum ,
unrecht,NOUN,453,,,
gemeinsam,ADV,453,,,
mittler,NOUN,452,,,
tellheim,PROPN,452,Person,Literatur,
angefuehrt,VERB,449,,,
wiederholt,ADV,449,,,
vorig,ADV,448,,,
verwandt,VERB,448,,,
rat,X,447,,,
voelker,NOUN,446,Nation,,
gudrun,PROPN,446,Person,Literatur,
leidenschaft,NOUN,445,Emotion ,,
traegen,NOUN,445,,,
ach,X,445,,,
annehmen,VERB,444,,,
mangel,NOUN,444,,,
wendung,NOUN,444,,,
faust,PROPN,444,Person,Literatur,
minna,PROPN,444,Person,Literatur,Historisch 
goetter,NOUN,443,Typ,Theologie,
gattung,NOUN,443,Gattung ,,
feind,NOUN,443,Agonalität,Alterität,
muster,NOUN,443,Lehrmedien,,
anordnung,NOUN,442,,,
mitteilung,NOUN,442,,,
freudig,ADV,441,Bewertung,,
gehoerig,ADV,439,,,
furcht,NOUN,438,Emotion ,,
frankreich,PROPN,438,Nation,,
wahrhaft,ADV,437,Höhe,Beschreibung ,Ästhetik
disposition,NOUN,435,Praktik,Methode ,
schildern,VERB,434,,,
vorbereitung,NOUN,434,Praktik,Methode ,
vergl,VERB,432,,,
fabeln,NOUN,431,,,
kaempfen,VERB,431,Agonalität,,
entfernt,ADV,430,,,
erhaben,ADV,429,Höhe,Beschreibung ,Ästhetik
unendlich,ADV,428,Höhe,Beschreibung ,Ästhetik
anschaulich,ADV,428,Beschreibung,Ästhetik,
haengen,VERB,425,,,
sturm,NOUN,425,Narrativ,,
erfuellen,VERB,425,,,
pruefung,NOUN,423,Praktik,Schule,
fuehrt,VERB,421,,,
heben,VERB,421,,,
is,X,421,,,
feinden,NOUN,421,Agonalität,,
umstaend,VERB,420,,,
fertigkeit,NOUN,420,,,
schwester,NOUN,419,Typ,Familie,
christentum,NOUN,417,Theologie,,
freundlich,ADV,417,positive Bewertung,,
prinz,NOUN,417,Narrativ,,
herzog,PROPN,416,Typ,Literatur,
rechnen,VERB,414,,,
kunstwerk,NOUN,414,Ästhetik,,
muehen,VERB,414,,,
ring,PROPN,413,,,
vorteil,NOUN,413,,,
brauen,NOUN,413,,,
bezeichnung,NOUN,412,Beschreibung,,
richter,NOUN,412,Typ,Politik,
klarheit,NOUN,412,positive Bewertung,,
hoffen,VERB,411,,,
blume,PROPN,411,Narrativ,Natur,
zielen,VERB,411,,,
spiel,NOUN,409,Narrativ,,
bezug,NOUN,408,,,
eingehend,ADV,408,,,
burg,PROPN,407,Ort,Literatur,
kehren,VERB,407,,,
gewaehren,VERB,407,,,
ereignis,NOUN,405,,,
anzahl,NOUN,405,,,
schaden,VERB,405,,,
schwach,ADV,404,negative Bewertung,,
tertia,PROPN,403,Schule,,
dergleichen,PRON,402,,,
teilnahme,NOUN,402,,,
worauf,SCONJ,402,,,
retten,VERB,401,,,
gedichte,NOUN,401,Gattung ,Poetologie,
nathan,PROPN,401,Person,Literatur,
anstalt,NOUN,401,,,
anwenden,VERB,399,,,
eigenschaft,NOUN,399,,,
anleitung,NOUN,399,Praktik,,
bergen,VERB,398,,,
gefunden,VERB,397,,,
wuensch,VERB,397,,,
versuch,NOUN,397,,,
erwaehnt,VERB,397,,,
ludwig,PROPN,396,Person,,
gewonnen,VERB,396,,,
anmerkung,NOUN,396,,,
luft,NOUN,396,,,
mittelhochdeutsch,ADV,394,Beschreibung,Poetologie,Sprache
beurteilung,NOUN,393,,,
juenglingen,NOUN,392,Gender,Mask,
sitzen,VERB,392,,,
schweigen,VERB,392,,,
eroerterung,NOUN,392,Praktik,Methode ,
zart,ADV,391,,,
farbe,NOUN,391,,,
scheiden,VERB,391,,,
plan,NOUN,391,,,
ausdruecklich,ADV,391,,,
persoenlichkeit,NOUN,391,,,
bekommen,VERB,390,,,
schlacht,NOUN,390,,,
masse,NOUN,389,,,
platz,NOUN,389,,,
preussisch,NOUN,389,,,
muesse,AUX,388,,,
glanz,NOUN,387,,,
wolf,PROPN,387,Narrativ,Person,
offen,ADV,386,,,
koenigin,NOUN,386,,,
frueh,ADV,385,,,
ei,X,385,,,
weichen,VERB,384,,,
groese,ADJ,384,Höhe ,,
uber,ADV,384,,,
erklaer,VERB,383,,,
stein,NOUN,383,,,
furchtbar,ADV,383,negative Bewertung,,
bitten,VERB,382,,,
haeuslich,ADV,382,Haus,,
zeugnis,NOUN,382,,,
philosophie,NOUN,381,,,
universitaet,NOUN,381,,,
kriemhild,NOUN,381,,,
poetik,NOUN,380,,,
sehnsucht,NOUN,380,,,
rhetorisch,ADV,380,Beschreibung,Poetologie,
liefern,VERB,378,,,
heutig,ADV,378,,,
resultat,NOUN,377,,,
traenen,NOUN,376,,,
ausgesprochen,VERB,376,,,
preis,NOUN,376,,,
tragisch,ADV,376,Beschreibung,Poetologie,Gattung
landen,VERB,375,,,
waehlen,VERB,375,,,
fortschreiten,VERB,374,,,
stehend,ADV,374,,,
pferd,NOUN,373,Narrativ,Tier,
klagen,VERB,373,,,
realschule,NOUN,373,,,
unglueck,NOUN,372,,,
versetzen,VERB,371,,,
besprechen,VERB,371,,,
aeuserlich,ADV,371,,,
kuenstlerisch,ADV,371,Beschreibung,Ästhetik,
besitz,NOUN,371,,,
caesar,PROPN,371,Person,Literatur,Historisch 
schaetzen,VERB,371,,,
weib,NOUN,369,Typ,Gender,Fem
weiblich,ADV,368,Gender,Fem,
erregen,VERB,368,,,
wichtigkeit,NOUN,368,,,
rhetorik,ADV,368,,,
mitte,NOUN,367,,,
kuenftig,ADV,367,Zeit,,
gesellschaft,NOUN,367,,,
baum,NOUN,366,,,
religioesen,ADJ,366,,,
verfolgen,VERB,366,,,
lieblich,ADV,365,,,
sicherheit,NOUN,365,,,
studie,NOUN,365,,,
formal,ADV,365,Beschreibung,Poetologie,
as,X,364,,,
individuell,NOUN,363,,,
geschrieben,VERB,363,,,
bewahren,VERB,362,,,
belehrung,NOUN,362,,,
mild,ADV,360,,,
antworten,NOUN,360,,,
deuten,VERB,359,,,
glaenzend,ADV,358,positive Bewertung,,
irdisch,ADV,358,Säkular,,
tadeln,VERB,358,,,
hervorheben,VERB,358,,,
bildend,ADV,357,Pädagogik,,
teorie,PROPN,357,,,
hauptsaechlich,ADV,357,,,
laufen,VERB,357,,,
empfangen,VERB,356,,,
huelfen,VERB,356,,,
worte,NOUN,356,,,
schrecken,VERB,355,,,
ueben,VERB,355,,,
beduerfni,PROPN,355,,,
sprachunterricht,NOUN,354,Schule,,
beweis,NOUN,354,,,
zeichnen,VERB,354,,,
schoener,ADV,354,positive Bewertung,Ästhetik,
einfuehrung,NOUN,353,,,
anfangs,ADV,353,,,
tuechtig,ADV,353,positive Bewertung,,
herrschaft,NOUN,353,,,
ueberzeugung,NOUN,352,,,
andre,ADV,351,,,
loesung,NOUN,351,,,
streit,NOUN,351,Agonalität,,
aufnahme,NOUN,351,,,
reflexion,NOUN,350,Idealismus,,
verhalten,VERB,350,,,
mitteilen,VERB,349,,,
leise,ADV,349,Tiefe,Metapher,
stueckes,PROPN,349,Gattung ,Poetologie,
haelft,VERB,348,,,
stilistisch,ADV,348,Beschreibung,Sprache,Ästhetik
jaeger,NOUN,347,,,
gehalt,NOUN,347,,,
schicken,VERB,346,,,
heiter,PROPN,346,,,
wunder,NOUN,346,,,
bemerkt,VERB,346,,,
freuen,NOUN,344,,,
schlos,ADV,344,,,
rache,NOUN,343,,,
betreffen,VERB,343,,,
entwickelt,VERB,343,,,
auserd,NOUN,343,,,
grundsaetzen,VERB,342,,,
franzoesen,NOUN,341,Nation,,
gestellt,VERB,341,,,
beruhen,VERB,340,,,
verstaendlich,ADV,340,positive Bewertung,,
nuetzlich,ADV,340,,,
winter,PROPN,340,Zeit,,
vaterlaendisch,NOUN,339,Nation,Patriotisch ,
trennen,VERB,339,,,
frage,NOUN,339,,,
vermeiden,VERB,338,,,
umgekehrt,ADV,338,,,
groessern,NOUN,338,,,
traurig,ADV,337,Emotion ,,
greis,VERB,337,,,
erzaehlt,VERB,337,,,
gemaes,PROPN,337,,,
titel,NOUN,336,,,
freundschaft,NOUN,335,,,
niemas,PROPN,334,,,
feuer,PROPN,334,,,
stern,PROPN,333,,,
rhein,PROPN,333,,,
begegnen,VERB,333,,,
veranlassung,NOUN,333,,,
tiesst,PROPN,332,,,
verderben,VERB,332,,,
leipzig,PROPN,331,Ort,,
wirksam,ADV,331,,,
vertreten,VERB,331,,,
selbstaendig,ADV,331,,,
glocke,NOUN,331,,,
erwaehnen,VERB,330,,,
ungluecklich,ADV,330,Emotion ,,
noetig,ADV,330,,,
erwecken,VERB,329,,,
umfang,NOUN,329,,,
maennlich,ADV,328,Gender,Mask,
behauptung,NOUN,328,,,
schlimm,ADV,328,,,
charakteristisch,ADV,328,,,
segen,NOUN,327,,,
vergangenheit,NOUN,327,,,
romantisch,ADV,326,Beschreibung,Literaturgeschichte,Poetologie
nibelungenlied,NOUN,326,,,
bau,NOUN,326,,,
verschiedenheit,NOUN,326,,,
wohnen,VERB,326,,,
zwingen,VERB,326,,,
unbekannt,ADV,326,,,
strom,NOUN,325,,,
altdeutsch,ADV,325,Beschreibung,Poetologie,Sprache 
gerecht,ADV,325,,,
hinzu,ADV,325,,,
vernehmen,VERB,325,,,
vortrefflich,ADV,325,,,
vorwurf,NOUN,325,,,
gestaltung,NOUN,324,,,
bedingung,NOUN,324,,,
behandelt,VERB,324,,,
hauptsache,ADV,324,,,
uebersichen,NOUN,323,,,
sekunda,PROPN,323,Schule,,
widerspruch,NOUN,323,,,
don,X,322,,,
liegend,ADV,322,,,
weisheit,NOUN,321,,,
gliedern,VERB,321,,,
wachsen,VERB,321,,,
ausnahme,NOUN,321,,,
fassung,NOUN,320,,,
ueberlassen,VERB,320,,,
shakespeare,PROPN,320,Person,Schriftsteller,
anlage,NOUN,319,,,
vorkommen,VERB,319,,,
dichtkunst,PROPN,319,Ästhetik,Poetologie,
lesestuecken,NOUN,319,Lehrmedien,Lesen,
muste,AUX,318,,,
anerkennung,NOUN,318,,,
golden,ADV,317,,,
objectiv,ADV,317,,,
wiederholung,NOUN,317,Praktik,Methode ,
fuchs,PROPN,317,,,
verstand,VERB,316,,,
englisch,ADV,316,,,
geistlich,ADV,315,,,
wechsel,PROPN,314,,,
gewinn,NOUN,314,,,
grenze,NOUN,313,,,
bezeichnet,VERB,313,,,
welch,ADV,313,,,
verstaendig,ADV,312,positive Bewertung,,
nachweisen,VERB,312,,,
rechtfertigen,VERB,312,,,
waffe,NOUN,312,,,
geltend,ADV,312,,,
entschieden,VERB,311,,,
ruecken,VERB,311,,,
scenen,NOUN,311,Unterteilung ,Poetologie,
gemein,ADV,311,,,
theoretisch,ADV,311,,,
robinson,PROPN,311,Person,Literatur,
gewaehlt,VERB,310,,,
befinden,VERB,310,,,
tendenz,NOUN,309,,,
frucht,NOUN,309,,,
trinken,VERB,309,,,
froehlich,ADV,309,,,
logik,NOUN,309,Logik,,
sprachen,VERB,308,,,
gespraech,NOUN,307,Praktik,,
opfer,NOUN,307,,,
angedeutet,VERB,307,,,
entbehren,VERB,307,,,
verloren,VERB,306,,,
vermitteln,VERB,306,,,
bereit,ADV,305,,,
sanft,ADV,305,,,
angegeben,VERB,305,,,
methodisch,ADV,305,Methode,,
ursache,NOUN,304,,,
ehren,VERB,304,,,
weinen,VERB,304,,,
einteilung,NOUN,304,,,
unbedingt,ADV,303,,,
leistung,NOUN,303,,,
bringt,VERB,303,,,
psychologisch,ADV,303,Psychologie,,
bauer,ADV,303,,,
hebel,NOUN,302,Person,Schriftsteller,
beschraenkt,VERB,301,,,
nibelungenliede,NOUN,300,,,
herrschen,VERB,300,,,
schild,NOUN,300,,,
gegenteil,NOUN,300,,,
gegend,ADV,300,,,
bekanntschaft,NOUN,300,,,
herab,ADV,299,,,
wuenschen,VERB,298,,,
schoepfung,NOUN,298,,,
treffend,ADV,298,,,
gegner,NOUN,298,,,
springen,VERB,298,,,
berufen,VERB,298,,,
spitz,ADV,298,,,
erforderlich,ADV,298,,,
kindlich,ADV,297,,,
zeigt,VERB,297,,,
sorgfaeltig,ADV,297,,,
erlauben,VERB,297,,,
schatten,NOUN,296,,,
vorzug,NOUN,296,,,
empor,ADV,296,,,
dichtrich,ADV,296,Beschreibung,Poetologie ,
klage,NOUN,296,,,
kritisch,ADV,296,,,
lat,X,296,,,
schwarz,ADV,295,Farbe,,
reimen,VERB,294,,,
bescheiden,ADV,294,,,
gelegentlich,ADV,294,,,
zorn,NOUN,293,,,
sammeln,VERB,293,,,
uebergang,NOUN,292,,,
untergang,NOUN,292,,,
anerkennen,VERB,292,,,
vorreden,VERB,292,,,
schlaegen,NOUN,291,,,
moeglichkeit,NOUN,291,,,
ordnen,VERB,290,,,
andeuten,VERB,290,,,
beruf,NOUN,290,,,
wiedergeben,VERB,290,,,
wurzel,NOUN,289,,,
ringen,VERB,289,,,
erklaeren,VERB,288,,,
fesseln,VERB,288,,,
steigern,VERB,288,,,
brueder,NOUN,288,,,
aussicht,NOUN,288,,,
lesebuecher,NOUN,288,Lesen,Lehrmedien,
praxis,NOUN,288,Praktik,,
musik,NOUN,287,,,
ne,NOUN,287,,,
geschieht,VERB,287,,,
andeutung,NOUN,286,,,
gliederung,NOUN,286,,,
programm,NOUN,286,,,
vorlesen,VERB,286,Praktik,Lesen,
fruehling,NOUN,286,,,
fruchtbar,ADV,286,,,
lyrik,NOUN,286,,,
roland,PROPN,286,Person,Literatur,Historisch 
ahnung,NOUN,285,,,
object,PROPN,285,,,
teuer,PROPN,285,,,
kuerzen,VERB,285,,,
bedingt,ADV,285,,,
angenehm,ADV,285,,,
anblick,PROPN,284,,,
fuehlt,VERB,283,,,
walten,VERB,283,,,
berechtigt,VERB,283,,,
zeitschrift,NOUN,283,,,
behalten,VERB,283,,,
unternehmen,NOUN,282,,,
staerken,VERB,282,,,
gebot,NOUN,281,,,
tagen,NOUN,281,,,
interessant,ADV,281,,,
urteilen,VERB,281,,,
bereiten,VERB,280,,,
rettung,NOUN,280,,,
flucht,NOUN,280,,,
schutz,NOUN,280,,,
voraussetzen,VERB,280,,,
preisen,VERB,279,,,
mannigfaltig,ADV,279,,,
zustand,NOUN,279,,,
gefangen,VERB,278,Narrativ ,,
kalt,ADV,278,Emotion ,,
aufgenommen,VERB,278,,,
anforderung,NOUN,278,,,
systhematisch,ADV,278,,,
ver,PROPN,277,,,
vernunft,NOUN,277,,,
fluch,NOUN,277,,,
wiederholen,VERB,277,,,
gebrauchen,VERB,277,,,
mundart,X,276,,,
aeltest,NOUN,275,,,
spricht,VERB,275,,,
schenken,VERB,275,,,
einrichtung,NOUN,275,,,
original,NOUN,275,,,
sichern,VERB,274,,,
widmen,VERB,274,,,
beruecksichtigung,NOUN,274,,,
koerper,NOUN,274,,,
gefuehren,NOUN,273,,,
erzeugen,VERB,273,,,
stammen,VERB,273,,,
gaenzlich,ADV,273,,,
wertvoll,ADV,273,,,
sommer,NOUN,273,,,
zusammenhaengend,ADV,272,,,
haelt,VERB,272,,,
vorbereiten,VERB,272,,,
bezeichnend,ADV,272,,,
stand,VERB,272,,,
zeugen,VERB,272,,,
uebersetzen,VERB,271,,,
rhythmus,NOUN,271,,,
eigentum,NOUN,271,,,
nachahmung,NOUN,271,,,
silbe,DET,271,,,
metrisch,ADV,270,Beschreibung,Poetologie,
erden,AUX,270,,,
feiern,VERB,270,,,
kuehnen,VERB,270,,,
lachen,VERB,270,,,
kultur,NOUN,270,,,
max,PROPN,270,,,
gedenken,VERB,269,,,
diener,NOUN,269,,,
betreiben,VERB,269,,,
vortraegen,VERB,269,,,
enden,VERB,268,,,
enthaelt,VERB,268,,,
beurteilen,VERB,267,,,
dicht,ADV,267,,,
verweisen,VERB,267,,,
gebraucht,VERB,267,,,
paedagogik,NOUN,267,,,
unterrichts,CCONJ,267,,,
eigenthuemlichkeit,NOUN,266,,,
schatz,NOUN,266,,,
streichen,VERB,266,,,
wind,NOUN,266,,,
foerdern,VERB,266,,,
graben,VERB,265,,,
achtung,NOUN,265,,,
hervortreten,VERB,265,,,
lager,NOUN,265,,,
gesammt,VERB,265,,,
umgebung,NOUN,264,,,
tor,NOUN,264,,,
didaktisch,ADV,264,Pädagogik,Didaktik,
hinweisen,VERB,264,,,
anregung,NOUN,263,,,
beruehren,VERB,263,,,
untersuchung,NOUN,263,,,
dasein,NOUN,263,,,
beobachtung,NOUN,263,,,
umfassend,ADV,263,,,
gestatten,VERB,262,,,
wahrscheinlich,ADV,262,,,
metrik,NOUN,262,,,
beachten,VERB,261,,,
preussen,PROPN,260,,,
kunde,NOUN,260,,,
knuepfen,VERB,260,,,
merken,VERB,260,,,
erteilen,VERB,260,,,
jetzig,ADV,260,,,
aristoteles,PROPN,260,Person,Schriftsteller,
johanna,PROPN,260,Person,Literatur,Historisch 
elend,ADV,259,,,
nahrung,NOUN,259,,,
artikel,NOUN,259,,,
koeniglich,ADV,259,,,
begleiten,VERB,258,,,
einsam,ADV,258,,,
situation,NOUN,258,,,
wider,ADP,258,Negation,,
lebens,NOUN,257,Welt,,
ueberschrift,NOUN,257,,,
fortwaehrend,ADV,257,,,
baeumen,NOUN,257,,,
taeglich,ADV,257,,,
romanzen,VERB,256,,,
bildet,VERB,256,,,
rueckern,NOUN,256,,,
beispielen,NOUN,256,,,
sexta,PROPN,256,Schule,,
elisaben,NOUN,256,,,
erfreuen,PROPN,255,,,
germanisch,ADV,255,Nation ,,
wuest,ADV,255,,,
schlegel,NOUN,255,,,
erfuellt,VERB,255,,,
verschwinden,VERB,255,,,
genuegend,ADV,255,,,
erlangen,VERB,255,,,
neigen,VERB,254,,,
abend,ADV,254,,,
fehlt,VERB,254,,,
gesicht,NOUN,254,,,
parzival,NOUN,254,Person,Literatur,
schoenheit,NOUN,254,,,
redner,NOUN,254,,,
erwachen,VERB,254,,,
bande,NOUN,253,,,
pfarrer,NOUN,253,,,
system,NOUN,253,,,
wuenschenswert,ADV,253,,,
pflanzen,NOUN,252,,,
hund,NOUN,252,,,
deutschen,ADJ,252,,,
knapp,ADV,252,,,
hintergrund,NOUN,252,,,
geltung,NOUN,252,,,
aufzug,NOUN,252,,,
vorhergehend,ADV,251,,,
rolle,NOUN,251,,,
bedenklich,ADV,251,,,
altertums,NOUN,251,,,
versehen,VERB,251,,,
strahlen,VERB,250,,,
hierin,ADV,250,,,
festhalten,VERB,250,,,
vereinigen,VERB,250,,,
mannigfaltigkeit,NOUN,249,,,
guenstig,ADV,249,,,
motiv,NOUN,249,,,
alten,ADJ,248,,,
ueberfluessig,ADV,248,,,
besprochen,VERB,248,,,
blau,ADV,248,,,
ergreifend,ADV,248,,,
steigerung,NOUN,248,,,
christ,PROPN,248,Person,Historisch,
religioese,ADJ,248,Theologie,,
sucht,VERB,247,,,
rufen,VERB,247,,,
mittelalter,NOUN,247,Mediävistik ,,
talent,NOUN,247,,,
knecht,NOUN,247,,,
vergnuegen,NOUN,247,,,
kennt,VERB,247,,,
messina,PROPN,247,Ort,,
feierlich,ADV,246,,,
loben,VERB,246,,,
wiegen,VERB,246,,,
zeitalter,NOUN,245,,,
klassiker,NOUN,245,Typ,Ästhetik,
erzeugnis,PROPN,245,,,
traum,NOUN,245,,,
billig,ADV,245,,,
stuerzen,VERB,245,,,
semester,NOUN,245,,,
erweitern,VERB,244,,,
meint,VERB,244,,,
ahnen,VERB,244,,,
zugeben,VERB,244,,,
messen,VERB,244,,,
schillersch,ADV,244,Beschreibung,Poetologie,Person 
antonio,PROPN,244,Person,,
gunst,NOUN,243,,,
willkommen,ADV,243,,,
zoeglingen,NOUN,242,,,
bibel,NOUN,242,,,
ganzen,PRON,242,Höhe ,,
gesaengen,NOUN,242,,,
stelle,VERB,242,,,
verlauf,NOUN,242,,,
verschaffen,VERB,241,,,
erhael,VERB,241,,,
andrerseits,ADV,241,,,
bearbeiten,VERB,241,,,
lauten,VERB,241,,,
prinzessin,NOUN,241,,,
entnehmen,VERB,240,,,
bestimmtheit,NOUN,240,,,
loesen,VERB,240,,,
grundsatz,NOUN,239,,,
darbieten,VERB,239,,,
begruenden,VERB,239,,,
kriegen,VERB,239,,,
fuegen,VERB,239,,,
zauber,NOUN,239,,,
fruecht,NOUN,239,,,
kinder,NOUN,239,,,
erschienen,VERB,239,,,
vergleich,NOUN,239,Methode,Praktik,
vornehmen,VERB,239,,,
kleist,PROPN,239,Person,Schriftsteller,
hervorragend,ADV,239,,,
nachricht,NOUN,238,,,
eingehen,VERB,238,,,
voraussetzung,NOUN,238,,,
beschraenkung,NOUN,237,,,
hildebrand,NOUN,237,,,
teilweise,ADV,237,,,
eingang,NOUN,237,,,
gewand,ADV,237,,,
staend,NOUN,237,,,
reiten,VERB,236,,,
spannung,NOUN,236,,,
dargestellt,VERB,235,,,
lebend,ADV,235,,,
krone,NOUN,235,,,
druck,NOUN,235,,,
geordnet,VERB,234,,,
gesetzt,VERB,234,,,
zweigen,VERB,234,,,
versprechen,VERB,234,,,
gruenden,VERB,234,,,
engel,PROPN,234,Typ,Theologie,
quarta,PROPN,234,Schule,,
mitgeteilt,VERB,234,,,
mitleid,NOUN,234,,,
betonen,VERB,234,,,
eifer,NOUN,233,,,
erziehen,VERB,233,,,
bewegt,VERB,233,,,
nennt,VERB,233,,,
blind,ADV,233,,,
roemer,PROPN,233,Typ,Historisch,Klassik
nachdenken,VERB,233,,,
philipp,PROPN,233,Person,,
selbstverstaendlich,ADV,233,,,
verscheiden,VERB,232,,,
ethisch,ADV,232,,,
herzlich,ADV,232,,,
erfuellung,NOUN,232,,,
beduerfnissen,NOUN,232,,,
erweisen,VERB,232,,,
ausschlieslich,ADV,232,,,
schwaechen,VERB,231,,,
gattin,NOUN,231,,,
naehen,VERB,231,,,
hervorgehen,VERB,231,,,
halt,ADV,231,,,
befreien,VERB,231,,,
buchstabe,NOUN,231,,,
sinken,VERB,230,,,
vorbild,NOUN,230,,,
anstrengung,NOUN,230,,,
aeussern,VERB,230,,,
leidenschaftlich,ADV,229,,,
uebersehen,VERB,229,,,
soehnen,VERB,229,,,
handelt,VERB,229,,,
vorgang,NOUN,229,,,
hebung,NOUN,229,,,
begeben,VERB,229,,,
lehrplan,NOUN,229,Schule,Unterteilung,
cicero,PROPN,229,Person,Schriftsteller,Klassik
buergeschule,PROPN,228,,,
geueben,VERB,228,,,
begebenheit,NOUN,228,,,
helden,NOUN,228,Typ,Narrativ,
re,X,228,,,
beobachten,VERB,228,,,
gewoehnen,VERB,228,,,
mathematik,NOUN,228,,,
fuerst,NOUN,228,,,
werner,PROPN,228,Person,,
roman,PROPN,227,Poetologie,Gattung,
ritterlich,ADV,227,,,
reizen,VERB,227,,,
bericht,NOUN,227,,,
versteht,VERB,227,,,
toene,NOUN,227,,,
dankbar,ADV,227,,,
suend,VERB,227,,,
primaner,NOUN,227,,,
egmont,PROPN,226,Person,Literatur,
figur,NOUN,226,,,
auffallend,ADV,226,,,
aeuserung,NOUN,226,,,
verfallen,VERB,226,,,
vorgaengen,NOUN,226,,,
ausschliesen,VERB,226,,,
sachlich,ADV,226,,,
eigentuemlich,ADV,226,,,
befriedigung,NOUN,225,,,
studieren,VERB,225,,,
personen,NOUN,225,,,
strafe,NOUN,225,,,
herbst,PROPN,225,Zeit,,
gelernt,VERB,225,,,
zuschauer,ADV,225,,,
welle,NOUN,224,,,
vollendung,NOUN,224,,,
benutzung,NOUN,224,,,
laokoon,X,224,Person,Literatur,
soldat,NOUN,224,,,
verlangt,VERB,223,,,
begnuegen,VERB,223,,,
schrecklich,ADV,223,,,
dichters,PROPN,223,,,
heftig,ADV,223,,,
bedeutsam,ADV,223,,,
zweitens,ADV,223,,,
wolke,NOUN,223,,,
sachs,PROPN,223,,,
mittelpunkt,NOUN,223,,,
lesebuchen,VERB,223,Lesen,Lehrmedien,
hierher,ADV,222,,,
warten,VERB,222,,,
gruppe,NOUN,222,,,
patriotisch,ADV,222,Nation,Patriotisch,
beliebt,ADV,221,,,
gegenseitig,ADV,221,,,
anschliesen,VERB,221,,,
beleben,VERB,221,Welt,,
taetig,ADV,221,,,
veraenderung,NOUN,221,,,
handelnd,ADV,221,,,
bitter,ADV,220,,,
zusammenstellung,NOUN,220,,,
absichtlich,ADV,220,,,
gebaeren,VERB,220,,,
entziehen,VERB,220,,,
anregen,VERB,220,,,
edelst,X,220,,,
bauen,PROPN,219,,,
hiecken,VERB,219,,,
nibelunge,ADJ,218,,,
verbergen,VERB,218,,,
glaubt,VERB,218,,,
bessern,VERB,218,,,
positiv,ADV,218,,,
begriff,NOUN,218,,,
betonung,NOUN,218,,,
sinne,NOUN,217,,,
ursprung,NOUN,217,,,
hierzu,ADV,217,,,
speciell,ADV,217,,,
niedrig,ADV,217,,,
hierauf,ADV,217,,,
zufaellig,ADV,217,,,
ausgefuehrt,VERB,217,,,
ergebnis,NOUN,217,,,
sin,NOUN,217,,,
gleichfalls,ADV,216,,,
berichten,VERB,216,,,
solle,AUX,216,,,
ruecckehr,NOUN,216,,,
ueblich,ADV,216,,,
verleihen,VERB,216,,,
dringend,ADV,216,,,
quinta,NOUN,216,,,
locken,VERB,215,,,
nunmehr,ADV,215,,,
faehig,ADV,215,,,
gerichtet,VERB,215,,,
reiter,NOUN,215,,,
juenglings,NOUN,214,Typ,Gender,Mask
zugaenglich,ADV,214,,,
begeistert,ADV,214,,,
italien,PROPN,214,Nation,,
faehigkei,PROPN,214,,,
auffassen,VERB,213,,,
gerne,ADV,213,,,
wirksamkeit,NOUN,213,,,
gefast,ADV,213,,,
selbststaendig,ADV,213,,,
goettin,NOUN,213,,,
hochdeutsch,ADV,213,Beschreibung,Poetologie,Sprache
abschied,NOUN,212,,,
glaube,VERB,212,,,
erhoehen,VERB,212,,,
kuenst,NOUN,212,,,
guenther,PROPN,211,Person,Literatur,
liebend,ADV,211,,,
ersetzen,VERB,211,,,
vorzuegen,VERB,211,,,
himmlisch,ADV,211,Höhe,Beschreibung ,Theologie
ausgehen,VERB,211,,,
england,PROPN,211,Nation,,
entstehung,NOUN,211,,,
sorgfalt,NOUN,211,,,
latein,PROPN,211,,,
wieland,PROPN,210,,,
gnade,NOUN,210,,,
gedaechtni,NOUN,210,Idealismus,,
siegen,VERB,210,,,
garten,NOUN,209,,,
moral,X,209,,,
draengen,VERB,209,,,
kreisen,VERB,209,,,
verbreiten,VERB,209,,,
streiten,VERB,209,,,
lesebuechern,NOUN,209,Lesen,Lehrmedien,
vornherein,ADV,209,,,
schmerzlich,ADV,208,,,
princip,PROPN,208,,,
fortschritt,NOUN,208,,,
sichtbar,ADV,208,,,
hilfe,NOUN,208,,,
goethisch,ADV,208,,,
trost,NOUN,207,,,
schreiten,VERB,207,,,
geistes,PROPN,207,Idealismus ,,
bedienen,VERB,207,,,
geographie,NOUN,207,,,
untern,VERB,207,,,
teufel,PROPN,207,Theologie,Typ,
gueter,NOUN,207,,,
gruenen,ADJ,206,Narrativ ,,
beschreiben,VERB,206,,,
disciplin,NOUN,206,Disziplin,,
reihen,VERB,205,,,
linie,NOUN,205,,,
darstellt,VERB,205,,,
heft,NOUN,205,,,
hervorbringen,VERB,205,,,
geheimnis,NOUN,205,,,
mehrzahl,NOUN,205,,,
wandeln,VERB,205,,,
gesellen,VERB,205,,,
krank,ADV,205,,,
gleim,NOUN,205,Person,Schriftsteller,
vergebens,ADV,204,,,
gesprochen,VERB,204,,,
druecken,VERB,204,,,
zustaend,VERB,204,,,
zufrieden,ADV,204,,,
warnen,VERB,204,,,
schaerfen,VERB,204,,,
irrtum,NOUN,204,,,
woertern,NOUN,204,,,
unterhaltung,NOUN,204,,,
orthographi,PROPN,204,,,
verstaendnis,NOUN,204,,,
gottsched,PROPN,203,Person,Schriftsteller,
individualitaet,NOUN,203,,,
verbunden,VERB,203,,,
nebst,ADP,203,,,
durchdringen,VERB,203,,,
eberhard,PROPN,203,Person,,
aufgestellt,VERB,202,,,
sachsen,PROPN,202,Nation,Deutsch,
mannigfach,ADV,202,,,
privatlectuer,DET,202,,,
aufgaben,NOUN,202,,,
gunther,ADJ,202,Mediävistik ,,
gesler,NOUN,202,,,
beifall,NOUN,201,,,
reichlich,ADV,201,,,
beschaeftigen,VERB,201,,,
harmonie,NOUN,200,,,
fruehen,ADJ,200,Zeit ,,
leuchten,VERB,200,,,
wovon,ADV,200,,,
damalig,ADV,200,,,
ausgezeichnet,VERB,200,,,
beruehmt,ADV,200,,,
gras,NOUN,200,,,
humor,NOUN,200,,,
erlernen,VERB,200,,,
gefuehrt,VERB,199,,,
erblicken,VERB,199,,,
haltung,NOUN,199,,,
befriedigen,VERB,199,,,
werten,VERB,199,,,
altertum,NOUN,199,,,
regelmaessig,ADV,199,,,
vernuenftig,ADV,199,,,
berechtigung,NOUN,199,,,
teutsch,ADV,198,Nation ,,
winken,VERB,198,,,
heran,ADV,198,,,
blaetter,NOUN,198,,,
verlust,NOUN,198,,,
gewicht,NOUN,198,,,
stumm,ADV,198,,,
gelungen,VERB,198,,,
staedt,PROPN,198,Ort,Typ,
la,X,198,,,
schriftsprache,ADJ,198,Sprache ,,
orestes,ADJ,198,Person,Klassik,Poetologie
speisen,VERB,197,,,
anteil,NOUN,197,,,
geboten,VERB,197,,,
mittelalt,NOUN,197,,,
kosten,VERB,197,,,
lieder,NOUN,197,,,
heuen,PROPN,197,,,
beruecksichtigen,VERB,197,,,
pylades,ADJ,197,Person,Klassik,Poetologie
erreicht,VERB,196,,,
partie,NOUN,196,,,
genius,NOUN,196,,,
eitel,ADV,196,,,
lenken,VERB,196,,,
blutig,ADV,196,,,
entgegengesetzt,VERB,196,,,
augen,NOUN,196,,,
unentbehrlich,ADV,196,,,
mechanisch,ADV,196,,,
goetz,PROPN,196,Person,Literatur,
jagd,NOUN,195,,,
volkes,NOUN,195,,,
apoteker,PROPN,195,Typ,,
boesen,ADJ,195,,,
traeumen,VERB,195,,,
verwandeln,VERB,195,,,
aufsaetze,NOUN,195,,,
chamisso,PROPN,195,Person,Schriftsteller,
geographisch,ADV,195,,,
fischer,PROPN,195,,,
ausstellen,VERB,194,,,
hoeherer,ADJ,194,Höhe ,,
dichtungen,NOUN,194,,,
decken,VERB,194,,,
fenster,NOUN,194,,,
wechseln,VERB,194,,,
binden,VERB,194,,,
auswendig,ADV,194,Praktik,Methode ,Beschreibung 
riese,NOUN,193,,,
malen,VERB,193,,,
schwingen,VERB,193,,,
insel,NOUN,193,,,
leitung,NOUN,193,,,
schrank,NOUN,193,,,
ueberzeugen,VERB,193,,,
verdienst,NOUN,192,,,
gerechtigkeit,NOUN,192,,,
begruendet,VERB,192,,,
kuenstler,NOUN,192,,,
literarhistorisch,NOUN,192,Geschichte ,Literatur,
begruendung,NOUN,192,,,
reinheit,NOUN,191,,,
einwirkung,NOUN,191,,,
gericht,NOUN,191,,,
ausspricht,VERB,191,,,
gedichts,ADV,191,Gattung ,Poetologie,
gotthei,NOUN,191,,,
selig,ADV,191,,,
neuhochdeutsch,ADV,190,Beschreibung,Poetologie,Sprache 
nachbildung,NOUN,190,,,
einander,PRON,190,,,
herrlichkeit,NOUN,189,,,
quellen,NOUN,189,Produktionsästhetik,Wörtlich,Provenienz
zoegling,PROPN,189,Disziplin,Typ,Schule
biegen,VERB,189,,,
vergeblich,ADV,189,,,
bewirken,VERB,189,,,
gleichmaessig,ADV,189,,,
nationalliteratur,NOUN,189,,,
geheimnisvoll,ADV,189,,,
hinweg,ADP,189,,,
maennern,NOUN,189,,,
pflegt,VERB,189,,,
pracht,NOUN,189,,,
gehorsam,ADV,189,Disziplin ,,
liebevoll,ADV,189,,,
volker,PROPN,189,Person,,
erhebung,NOUN,188,,,
entscheidung,NOUN,188,,,
hindernis,NOUN,188,,,
schlafen,VERB,188,,,
verwerfen,VERB,188,,,
bewohner,NOUN,188,,,
notiz,NOUN,188,,,
folgt,VERB,188,,,
hinreichend,ADV,187,,,
tempel,NOUN,187,Theologie,Ort,
ausbilden,VERB,187,,,
brauchbar,ADV,187,,,
grosartig,ADV,187,,,
gemaelden,VERB,187,,,
fuehrer,NOUN,187,,,
beherrschen,VERB,187,,,
spruch,NOUN,187,,,
anfaengen,VERB,187,,,
gefaehrlich,ADV,187,,,
sinnig,ADV,187,,,
eindringen,VERB,187,,,
schuldig,ADV,187,,,
lehranstalt,NOUN,187,,,
erfolgen,VERB,187,,,
handbuch,NOUN,186,,,
andenken,VERB,186,,,
erlaeutern,VERB,186,,,
herrschend,ADV,186,,,
entscheidend,ADV,186,,,
unterliegen,VERB,186,,,
schmerzen,NOUN,185,,,
benehmen,VERB,185,,,
bestehend,ADV,185,,,
aufforderung,NOUN,185,,,
grenzen,NOUN,185,,,
abstrakt,ADV,185,,,
erfordern,VERB,185,,,
individuum,NOUN,185,,,
veranlassen,VERB,185,,,
abstract,PROPN,185,,,
erwartung,NOUN,184,,,
werke,NOUN,184,,,
auserordentlich,VERB,184,,,
schlaf,NOUN,184,,,
befreiung,NOUN,184,,,
mahnung,NOUN,184,,,
ausdehnung,NOUN,184,,,
arndt,PROPN,184,Person,Schriftsteller ,
uebergehen,VERB,183,,,
entgehen,VERB,183,,,
tritt,VERB,183,,,
gelegt,VERB,183,,,
trennung,NOUN,183,,,
hoerer,NOUN,183,,,
subjectiv,ADV,183,,,
holen,VERB,183,,,
bemuehen,VERB,183,,,
einflus,NOUN,183,,,
burgund,PROPN,183,,,
aesthetik,NOUN,182,,,
vorschlag,NOUN,182,,,
senden,VERB,182,,,
heimisch,ADV,182,,,
vorlieben,NOUN,182,,,
ausgang,NOUN,182,,,
anhang,NOUN,182,,,
major,X,182,,,
verweilen,VERB,181,,,
gewissermasen,VERB,181,,,
archiv,NOUN,181,,,
geboren,VERB,181,,,
vermissen,VERB,181,,,
verkehr,NOUN,181,,,
gehoeren,VERB,181,,,
ausspruch,NOUN,181,,,
herrscher,NOUN,181,,,
trueben,VERB,181,,,
zusammengesetzt,VERB,181,,,
vertreter,NOUN,181,,,
hingeben,VERB,180,,,
erzielen,VERB,180,,,
heimlich,ADV,180,,,
schauspiel,NOUN,180,,,
drucken,VERB,180,,,
weltlich,ADV,180,,,
professor,NOUN,180,,,
weihen,VERB,179,,,
uebertragen,VERB,179,,,
geschickt,ADV,179,,,
wohnung,NOUN,179,,,
anmut,NOUN,179,,,
buergerlich,ADV,179,,,
vorwaerts,ADV,179,,,
paedagogen,NOUN,179,,,
no,X,178,,,
scheu,ADV,178,,,
hinauf,ADV,178,,,
musikalisch,ADV,178,,,
pause,NOUN,178,,,
seltsam,ADV,178,,,
gedacht,VERB,178,,,
energisch,ADV,178,,,
bewunderung,NOUN,178,,,
stuecks,PROPN,178,,,
minnen,NOUN,177,,,
einbildungskraft,NOUN,177,,,
kreuz,ADV,177,,,
sinnen,NOUN,177,,,
angst,NOUN,177,,,
bewust,PROPN,177,,,
uebereinstimmung,NOUN,177,,,
auserdem,ADV,177,,,
verstaendniss,X,177,,,
eingefuehren,VERB,176,,,
schweben,VERB,176,,,
entdecken,VERB,176,,,
wahrlich,ADV,176,,,
verehrung,NOUN,176,,,
aecht,VERB,176,,,
schmuck,NOUN,176,,,
rauben,VERB,176,,,
abenteuer,PROPN,176,,,
verkennen,VERB,176,,,
erfindung,NOUN,176,,,
grossen,ADJ,176,Höhe ,,
zucht,NOUN,176,,,
buehnen,NOUN,176,,,
woche,NOUN,176,,,
muesen,NOUN,176,,,
forschung,NOUN,175,,,
classiker,NOUN,175,,,
harmonisch,ADV,175,,,
homerisch,ADV,175,,,
hinsichtlich,ADP,175,,,
kuerzer,ADV,175,,,
stecken,VERB,175,,,
schonen,VERB,175,,,
vaeter,NOUN,175,,,
armut,NOUN,175,,,
ehrlich,ADV,175,,,
hoefisch,ADV,175,,,
tage,NOUN,174,,,
beantworten,VERB,174,,,
humboldt,PROPN,174,Person,Schriftsteller,
erstens,ADV,174,,,
zunge,NOUN,174,,,
teater,PROPN,174,,,
rauschen,VERB,174,Narrativ,,
geschildert,VERB,174,,,
wackernagel,PROPN,174,Person,Didaktik,
vergleichend,ADV,174,,,
saemmtlich,ADV,173,,,
fuesen,NOUN,173,,,
fordert,VERB,173,,,
gellern,AUX,173,,,
angriff,NOUN,173,,,
beachtung,NOUN,173,,,
uebungen,NOUN,173,,,
vorwort,NOUN,173,,,
lehrbuch,NOUN,173,,,
definition,NOUN,173,,,
gewaehlen,VERB,172,,,
nordisch,ADV,172,Nation,,
groeser,NOUN,172,,,
bewundern,VERB,172,,,
auseinander,ADV,172,,,
beten,VERB,172,,,
heine,PROPN,172,Person,Schriftsteller,
aussug,ADJ,172,,,
verkehren,VERB,172,,,
unterscheidung,NOUN,172,,,
erlaeuterungen,NOUN,172,,,
vorkommend,ADV,172,,,
biblisch,ADV,172,Theologie,Beschreibung ,
konnen,NOUN,172,,,
ergaenzung,NOUN,171,,,
ungewoehnlich,ADV,171,,,
bewusen,NOUN,171,,,
worten,NOUN,171,,,
kuenstlich,ADV,171,,,
bestrebung,NOUN,171,,,
erleben,VERB,171,Welt,,
verdanken,VERB,171,,,
saetze,NOUN,171,,,
vorlaeufig,ADV,171,,,
fleisig,VERB,171,,,
erzaehlend,ADV,171,,,
redensart,VERB,171,Poetologie,,
partei,NOUN,170,,,
gegensaetzen,VERB,170,,,
faehigkeit,NOUN,170,,,
koerperlich,ADV,169,,,
ruehrend,ADV,169,,,
entwerfen,VERB,169,,,
sehnen,VERB,169,,,
loewen,NOUN,169,,,
schaedlich,ADV,169,,,
darlegung,NOUN,169,,,
vorschlaegen,NOUN,169,,,
ausreichend,ADV,169,,,
tapfer,ADV,169,,,
dauernd,ADV,168,,,
freiwillig,ADV,168,,,
zimmer,NOUN,168,,,
hinab,ADV,168,,,
besuchen,VERB,168,,,
gedeihen,VERB,168,,,
achten,VERB,168,,,
hierueber,ADV,168,,,
schwaben,PROPN,168,Nation,Deutsch,
aufsuchen,VERB,167,,,
on,X,167,,,
feindlich,ADV,167,,,
anlegen,VERB,167,,,
wandthei,NOUN,167,,,
eifrig,ADV,167,,,
trauen,VERB,167,,,
aufenthalt,NOUN,167,,,
bequem,VERB,167,,,
stuetzen,VERB,167,,,
anzeigen,VERB,167,,,
gewaehrt,VERB,167,,,
organisch,ADV,166,,,
erweiterung,NOUN,166,,,
juengst,ADV,166,,,
lustig,ADV,166,,,
umstehen,VERB,166,,,
bewustsein,NOUN,166,Idealismus,,
dunkeln,NOUN,166,,,
becher,NOUN,166,,,
einnehmen,VERB,166,,,
vollziehen,VERB,166,,,
foerderung,NOUN,166,,,
schwab,PROPN,166,,,
verwirrung,NOUN,165,,,
beschaffenheit,NOUN,165,,,
veranschaulichen,VERB,165,,,
allseitig,ADV,165,,,
ruehmen,VERB,165,,,
luegen,VERB,165,,,
meisterwerk,NOUN,165,,,
namen,NOUN,165,,,
napoleon,PROPN,165,Person,Historisch ,
kostbar,ADV,164,,,
parallel,ADV,164,,,
hervorrufen,VERB,164,,,
befehl,NOUN,164,,,
fleisch,NOUN,164,,,
absolut,ADV,164,,,
einfachhei,NOUN,164,,,
griechenland,PROPN,164,Nation,,
becker,PROPN,164,,,
koestlich,ADV,164,,,
treue,NOUN,164,,,
schweizer,ADJ,164,Nation,,
franziska,PROPN,164,Person,,
ausgefuehren,NOUN,163,,,
schwanken,VERB,163,,,
unterredung,NOUN,163,,,
woerter,NOUN,163,,,
ausstellung,NOUN,163,,,
zufall,NOUN,163,,,
aneignung,NOUN,163,,,
geraten,VERB,163,,,
degen,VERB,163,,,
erschuetternd,ADV,162,,,
betrachtet,VERB,162,,,
trauer,PROPN,162,,,
umfangen,VERB,162,relat. Höhe,,
bestreben,NOUN,162,,,
blossen,PRON,162,Bewertung,,
andrer,PRON,161,,,
juenger,ADV,161,,,
umsonst,ADV,161,,,
krankheit,NOUN,161,,,
eilen,VERB,161,,,
stellt,VERB,161,,,
unsterblich,ADV,161,,,
abweichung,NOUN,161,,,
schuetzen,VERB,161,,,
aenderung,NOUN,161,,,
exposition,NOUN,161,,,
prinzip,NOUN,161,,,
spott,NOUN,160,,,
epoche,NOUN,160,,,
einzelheit,NOUN,160,,,
horaz,PROPN,160,Person,Schriftsteller,Klassik
einheitlich,ADV,160,,,
vollstaendigkeit,NOUN,160,,,
abiturient,NOUN,160,,,
emilia,PROPN,160,Person,Literatur,
saemtlich,ADV,160,,,
entspringen,VERB,159,,,
ertragen,VERB,159,,,
finster,ADV,159,,,
blitzen,VERB,159,,,
wuenscht,VERB,159,,,
monat,NOUN,159,,,
umgang,NOUN,159,,,
materiell,ADV,159,,,
einverstanden,ADV,159,,,
schwaebisch,ADV,159,Nation ,,
menschenleben,NOUN,159,Welt,Anthropologie,
bestaendig,ADV,159,,,
offenbaren,VERB,158,,,
zusammensetzung,NOUN,158,,,
drache,NOUN,158,,,
groeserer,NOUN,158,Höhe ,,
grunde,NOUN,158,,,
erworben,VERB,158,,,
weilen,VERB,158,,,
publikum,NOUN,158,,,
anstellen,VERB,158,,,
eisern,ADV,158,,,
gemeinschaftlich,ADV,158,,,
leitfaden,NOUN,158,Methode ,,
geschaffen,VERB,158,,,
wille,NOUN,157,,,
verderblich,ADV,157,,,
aehnlichkeit,NOUN,157,,,
erwachsene,ADJ,157,Alter,,
ankunft,NOUN,157,,,
eroeffnen,VERB,157,,,
lebendigkeit,NOUN,157,Welt,Anthropologie,
fahrt,NOUN,157,,,
weltanschauung,NOUN,157,,,
fluechtig,ADV,157,,,
befehlen,VERB,157,,,
glied,NOUN,157,,,
entspricht,VERB,157,,,
abermas,PROPN,157,,,
erweitert,VERB,157,,,
lesebuche,ADJ,157,Lehrmedien,Lesen,
versammlung,NOUN,157,,,
groesst,NOUN,157,,,
cultur,NOUN,156,,,
schoepfen,VERB,156,,,
unbedeutend,ADV,156,,,
essen,VERB,156,,,
heften,VERB,156,,,
ergaenzen,VERB,156,,,
august,PROPN,156,Person,,
regierung,NOUN,156,,,
mitteln,NOUN,156,,,
nachteil,NOUN,156,,,
schriften,NOUN,156,,,
katastrophe,NOUN,156,,,
schulmann,PROPN,156,Typ,Schule,Gender
voegel,NOUN,156,,,
gesamt,ADV,156,,,
eroertern,VERB,155,,,
erwaehnung,NOUN,155,,,
besitzt,VERB,155,,,
gruen,ADV,155,,,
frauen,PROPN,155,Typ,Gender,Fem
einseitigkeit,NOUN,155,,,
moege,AUX,155,,,
leiche,ADJ,155,Narrativ ,,
stuecke,NOUN,155,,,
trocken,ADV,155,,,
umgeben,VERB,155,,,
geloest,VERB,155,,,
woechentlich,ADV,155,,,
hinweis,NOUN,155,,,
warnung,NOUN,154,,,
gedichten,NOUN,154,Gattung ,Poetologie,
versoehnung,NOUN,154,,,
zustande,ADV,154,,,
erleichtern,VERB,154,,,
finger,NOUN,154,,,
erhaelt,VERB,154,,,
vornehm,ADV,154,,,
beredtsamkeit,NOUN,154,,,
gast,NOUN,154,,,
lauf,NOUN,154,,,
unbefangen,ADV,154,,,
unschuld,NOUN,154,,,
denkt,VERB,154,,,
kirchlich,ADV,154,,,
faecher,NOUN,154,,,
unterwerfen,VERB,154,,,
geibel,ADV,154,,,
boese,ADV,153,negative Bewertung,Moral ,
vordergrund,NOUN,153,,,
fliegen,VERB,153,,,
iphigenie,NOUN,153,,,
verbesserung,NOUN,153,,,
vornehmlich,ADV,153,,,
aneignen,VERB,152,,,
kindheit,NOUN,152,,,
kuehn,ADV,152,,,
widerstehen,VERB,152,,,
anregend,ADV,152,,,
unterwelt,VERB,152,,,
traeger,NOUN,152,,,
grundgedanken,NOUN,152,,,
orest,NOUN,152,Person,Literatur ,
europa,PROPN,151,Nation,,
wacker,PROPN,151,Bewertung,,
wundern,VERB,151,,,
anziehend,ADV,151,,,
unbestimmt,ADV,151,,,
te,X,151,,,
erzaehlungen,NOUN,151,,,
vorschrift,NOUN,151,,,
lehrers,PROPN,151,Schule,Typ,
paris,PROPN,151,Ort,Nation,
philologisch,ADV,151,,,
taucher,NOUN,151,Narrativ,,
erfreulich,ADV,150,,,
tapferkeit,PROPN,150,,,
auftritt,VERB,150,,,
schreien,VERB,150,,,
hieraus,ADV,150,,,
tieck,PROPN,150,Person,Schriftsteller,
verbreitung,NOUN,150,,,
revolution,NOUN,150,,,
komisch,ADV,150,,,
geburt,NOUN,150,,,
ausdrucken,VERB,150,,,
beseitigen,VERB,149,,,
merkwuerdig,ADV,149,,,
zweifelhaft,ADV,149,,,
aengstlich,ADV,149,,,
anf,X,149,,,
verzweiflung,NOUN,149,,,
fliesen,NOUN,149,,,
sphaer,PROPN,149,,,
bluehend,ADV,149,,,
fliehen,VERB,149,,,
friedlich,ADV,149,,,
winden,VERB,149,,,
bewaehren,VERB,149,,,
gefordert,VERB,149,,,
gemahlin,PROPN,149,Gender,Typ,Fem
anspruechen,NOUN,149,,,
willkuer,NOUN,149,,,
gedankengang,NOUN,149,,,
kapitel,NOUN,149,,,
jahrhunderts,ADV,149,,,
sacherklaerung,NOUN,149,,,
ur,X,148,,,
starr,ADV,148,,,
recken,VERB,148,,,
toenen,VERB,148,,,
drohend,ADV,148,,,
bus,NOUN,148,,,
lesart,NOUN,148,,,
erwidern,VERB,148,,,
verhaeltnis,NOUN,148,,,
erregt,ADV,148,,,
mathematisch,ADV,148,,,
veranlasen,NOUN,148,,,
schauplatz,NOUN,148,,,
berechnen,VERB,148,,,
passen,VERB,148,,,
vorlesung,NOUN,148,,,
prediger,NOUN,147,,,
laune,NOUN,147,,,
zaehlen,VERB,147,,,
dauer,AUX,147,,,
darzustellen,VERB,147,,,
entlehnen,VERB,147,,,
gleichgueltig,ADV,147,,,
juengern,ADV,147,Alter,Zeit ,
anschauen,NOUN,147,,,
predigen,VERB,147,,,
dramaturgi,PROPN,147,,,
do,X,147,,,
faellt,VERB,146,,,
verstanden,VERB,146,,,
wehmut,NOUN,146,,,
betreten,VERB,146,,,
bluet,NOUN,146,,,
vorsicht,NOUN,146,,,
sprachlehre,VERB,146,,,
klassen,NOUN,146,,,
philologie,NOUN,146,,,
ueberlieferung,NOUN,145,,,
anweisung,NOUN,145,,,
verwandtschaft,NOUN,145,,,
analyse,NOUN,145,,,
plastisch,ADV,145,,,
wunderlich,ADV,145,,,
mittelalterlich,ADV,145,,,
freunde,NOUN,145,,,
unzweifelhaft,ADV,145,,,
feurig,ADV,145,,,
erschlagen,VERB,145,,,
darnach,ADV,145,Zeit,Logik,
unschuldig,ADV,145,,,
meisterhaft,ADV,145,,,
einzufuehren,VERB,145,,,
dasjenig,NOUN,145,,,
oberflaechlich,ADV,145,,,
willkuerlich,ADV,145,,,
johann,PROPN,144,Person,Schriftsteller,
fuercht,VERB,144,,,
schulunterricht,PROPN,144,,,
gesundheit,NOUN,144,,,
zuvor,ADV,144,,,
verbum,VERB,144,,,
herbei,ADV,144,,,
moerder,NOUN,144,,,
beginn,NOUN,144,,,
gefolge,PROPN,144,,,
bleibend,ADV,144,,,
hierdurch,ADV,144,,,
stuart,NOUN,144,,,
gebraeuchlich,ADV,144,,,
entstanden,VERB,144,,,
leugnen,VERB,144,,,
erzieher,PROPN,143,Typ,Schule,Disziplin
augenblicklich,ADV,143,,,
begreiflich,ADV,143,,,
vogel,PROPN,143,,,
annahme,NOUN,143,,,
simrock,NOUN,143,,,
gebunden,VERB,143,,,
genie,NOUN,143,,,
wahren,VERB,143,,,
zusammenstellen,VERB,143,,,
lehrstunde,NOUN,143,,,
verhael,ADV,143,,,
elementar,NOUN,143,,,
gelehrsamkeit,NOUN,143,,,
durchnehmen,VERB,143,,,
eigentuemlichkeit,NOUN,143,,,
nachfolgend,ADV,142,,,
schema,NOUN,142,,,
spiegel,PROPN,142,,,
gleichnis,NOUN,142,,,
rechnung,NOUN,142,,,
scheuen,PROPN,142,,,
bestandteil,NOUN,142,,,
hirte,VERB,142,,,
amt,NOUN,142,,,
bibliotek,NOUN,142,,,
beklagen,VERB,142,,,
fortsetzung,NOUN,142,,,
mi,X,142,,,
bereich,NOUN,142,,,
maengel,NOUN,142,,,
biographisch,ADV,142,,,
schnee,NOUN,141,,,
halle,PROPN,141,,,
sittlichkeit,NOUN,141,,,
siegreich,ADV,141,,,
herausgeben,VERB,141,,,
billigen,VERB,141,,,
erregung,NOUN,141,,,
angehoert,VERB,141,,,
regen,NOUN,141,,,
gewaltsam,ADV,141,,,
unwillkuerlich,ADV,141,,,
tisch,NOUN,141,,,
handschrift,NOUN,141,,,
verarbeiten,VERB,141,,,
unbewust,ADV,141,,,
erlernung,NOUN,141,,,
duestern,ADV,141,,,
vergangen,VERB,141,,,
lehrstoff,PROPN,141,Praktik,Lehrmedien,
zahlen,VERB,140,,,
versagen,VERB,140,,,
edeln,VERB,140,,,
vernichten,VERB,140,,,
jedesmalig,PROPN,140,,,
abschlu,X,140,,,
wuerdigung,NOUN,140,,,
les,X,140,,,
gangen,VERB,140,,,
waechst,VERB,140,,,
wanderer,NOUN,140,,,
inhaltsangabe,NOUN,140,,,
orlean,NOUN,140,Person,Ort,Literatur
temen,NOUN,140,,,
willens,ADV,140,,,
entfalten,VERB,139,,,
erinnert,VERB,139,,,
gewitter,NOUN,139,,,
scherzen,VERB,139,,,
heidnisch,ADV,139,,,
zerfaellen,VERB,139,,,
dach,NOUN,139,,,
kategorie,NOUN,139,,,
gewinnt,VERB,139,,,
merkmal,NOUN,139,,,
geistreich,ADV,139,,,
schar,PROPN,139,,,
moero,ADV,139,,,
kleider,NOUN,138,,,
leichtigkeit,NOUN,138,,,
unnatuerlich,ADV,138,,,
begriffe,NOUN,138,,,
fraeulein,NOUN,138,Typ,Gender,Fem
zeiten,NOUN,138,,,
gelegen,VERB,138,,,
deklamieren,VERB,138,,,
odysseus,NOUN,138,Person,Literatur,
gross,ADV,138,,,
punct,PROPN,137,,,
ausgewaehlt,VERB,137,,,
luecken,NOUN,137,,,
kette,NOUN,137,,,
alsdann,ADV,137,,,
vollkommenheit,NOUN,137,,,
landschaft,NOUN,137,,,
daselbsen,VERB,137,,,
rhythmisch,ADV,137,Beschreibung,Poetologie ,
zweimal,ADV,137,,,
erwachsen,ADV,137,,,
vorstellungen,NOUN,137,,,
kommend,ADV,137,,,
bildlich,ADV,137,,,
richtigkei,PROPN,137,,,
voelkern,NOUN,137,,,
gezogen,VERB,136,,,
einsamkeit,NOUN,136,,,
hervorgehoben,VERB,136,,,
verteilung,NOUN,136,,,
einigermasen,NOUN,136,,,
irren,VERB,136,,,
nachdruck,NOUN,136,,,
summe,NOUN,136,,,
aendern,VERB,136,,,
formell,ADV,136,,,
priester,NOUN,136,,,
woertlich,ADV,136,,,
lernt,VERB,136,,,
parabel,ADV,136,Gattung ,Prosa,
pflichten,NOUN,136,,,
verbessern,VERB,136,,,
senkung,NOUN,136,,,
correctur,NOUN,135,,,
offenbarung,NOUN,135,,,
staub,NOUN,135,,,
heim,PROPN,135,,,
gluehend,ADV,135,,,
staerker,ADV,135,,,
gesucht,VERB,135,,,
schwung,NOUN,135,,,
ausdrucksweise,NOUN,135,,,
geduld,NOUN,135,,,
zweifeln,VERB,135,,,
ergehen,VERB,135,,,
knaben,NOUN,135,,,
denkend,ADV,135,,,
ausarbeitung,NOUN,135,,,
auffuehrung,NOUN,135,,,
nemlich,ADV,135,,,
vorfahren,NOUN,134,,,
interpretation,NOUN,134,,,
methodik,NOUN,134,,,
fechten,VERB,134,,,
erringen,VERB,134,,,
zerstoert,VERB,134,,,
romantiker,NOUN,134,Typ,Literatur,Geschichte
uebersichtlich,ADV,134,,,
verknuepfen,VERB,134,,,
vertiefung,NOUN,134,,,
unterstuetzen,VERB,134,,,
verraet,VERB,134,,,
richard,PROPN,134,Person,,
vereinigung,NOUN,133,,,
wechselnd,ADV,133,,,
aufgefast,PROPN,133,,,
gatte,PROPN,133,,,
goettern,VERB,133,,,
geuebt,VERB,133,,,
heist,VERB,133,,,
loewe,PROPN,133,,,
norden,NOUN,133,,,
gnaedig,ADV,133,,,
laecherlich,ADV,133,,,
leitend,ADV,132,,,
gebirge,PROPN,132,,,
verdient,VERB,132,,,
eindruecken,VERB,132,,,
beabsichtigt,VERB,132,,,
gelaeufig,ADV,132,,,
ruecksicht,NOUN,132,,,
reihenfolge,NOUN,132,,,
verzichten,VERB,132,,,
denkmal,NOUN,131,,,
trauerspiel,NOUN,131,,,
physisch,ADV,131,,,
flehen,VERB,131,,,
gepraegen,VERB,131,,,
besorgnis,NOUN,131,,,
abweichend,ADV,131,,,
getroffen,VERB,131,,,
bisweilen,ADV,131,,,
erhoben,VERB,131,,,
dulden,VERB,131,,,
abhaengig,ADV,131,,,
vereinen,VERB,131,,,
mueste,NOUN,131,,,
substantiv,ADV,131,,,
weimar,PROPN,131,Ort,,
schweiz,PROPN,131,Nation,,
orthographisch,ADV,131,,,
gegangen,VERB,131,,,
franz,PROPN,131,Person,,
pensum,PROPN,131,,,
zeitschr,VERB,131,,,
reprodiction,NOUN,131,,,
angelegenheit,NOUN,130,,,
zuwenden,VERB,130,,,
staett,ADV,130,,,
anlesen,VERB,130,Praktik,Lesen,
gerathen,VERB,130,,,
bier,NOUN,130,,,
erfuell,NOUN,130,,,
ceres,PROPN,130,Person,Literatur,
phrase,X,130,,,
gefoerdern,NOUN,130,,,
ankommt,VERB,130,,,
volksthuemlich,PROPN,130,,,
jeher,ADV,130,,,
verhaengnisvoll,ADV,130,,,
weich,ADV,129,,,
geheim,ADV,129,,,
beginnt,VERB,129,,,
composition,NOUN,129,,,
heide,PROPN,129,,,
tafel,NOUN,129,Schule,,
hauptperson,PROPN,129,,,
hindern,VERB,129,,,
ordentlich,ADV,129,,,
anderseits,ADV,129,,,
jeglich,ADV,128,,,
bruecken,NOUN,128,,,
gottes,NOUN,128,Theologie,,
dergl,ADV,128,,,
herstellen,VERB,128,,,
ueberliefert,VERB,128,,,
erfassen,VERB,128,,,
gestehen,VERB,128,,,
papier,NOUN,128,,,
gemeinschaft,NOUN,128,,,
biographie,NOUN,128,,,
stunden,NOUN,128,,,
leonore,NOUN,128,,,
fir,X,128,,,
plato,PROPN,128,Person,Schriftsteller,
konig,NOUN,128,,,
mueller,PROPN,127,Person,Schriftsteller,Narrativ
laden,VERB,127,,,
darbietet,VERB,127,,,
spruechen,NOUN,127,,,
althochdeutsch,ADV,127,Beschreibung,Poetologie,Sprache 
belehren,VERB,127,,,
epigramm,NOUN,127,,,
gymnasial,NOUN,127,,,
weltgeschichte,NOUN,127,,,
lehranstalten,VERB,127,,,
opitz,ADV,127,Person,Schriftsteller,
vogelweide,VERB,127,,,
koerner,NOUN,127,,,
aufregung,NOUN,126,,,
fortschreitend,ADV,126,,,
deklamation,NOUN,126,,,
fuenften,ADJ,126,Unterteilung ,,
zeichnung,NOUN,126,,,
mythologie,NOUN,126,,,
eitelkeit,NOUN,126,,,
angewandt,VERB,126,,,
laecheln,VERB,126,,,
hauch,NOUN,126,,,
versetzt,VERB,126,,,
belegen,VERB,126,,,
beschaeftigt,VERB,126,,,
getreu,ADV,126,,,
fuerchten,VERB,126,,,
melodie,NOUN,126,,,
melden,VERB,126,,,
verbieten,VERB,125,,,
umher,ADP,125,,,
dumpf,ADV,125,,,
grausam,ADV,125,,,
entfernung,NOUN,125,,,
charakterisieren,VERB,125,,,
sechst,ADV,125,,,
erhoeht,VERB,125,,,
ruhe,NOUN,125,,,
jahren,NOUN,125,,,
donnern,VERB,125,,,
erwaegung,NOUN,125,,,
inwiefern,VERB,125,,,
unrichtig,ADV,125,,,
alters,ADV,125,,,
veraendert,VERB,125,,,
auffinden,VERB,125,,,
lehrreich,ADV,125,,,
ruehren,VERB,125,,,
rollen,VERB,125,,,
gewissenhaft,ADV,125,,,
brunnen,PROPN,124,,,
entschlu,PROPN,124,,,
saale,NOUN,124,Narrativ ,,
redend,ADV,124,,,
schaar,NOUN,124,,,
huett,NOUN,124,,,
sterbend,ADV,124,,,
kleid,NOUN,124,,,
aufzunehmen,VERB,124,,,
dargelegt,VERB,124,,,
unzaehlig,ADV,124,,,
eisen,NOUN,124,,,
vermehren,VERB,124,,,
patriotismus,NOUN,124,,,
schreibart,NOUN,124,Poetologie,,
bluecher,PROPN,124,,,
vorurteil,NOUN,123,,,
fortgesetzt,VERB,123,,,
gehoben,VERB,123,,,
kenner,NOUN,123,,,
kleiden,VERB,123,,,
vertiefen,VERB,123,,,
abhandlungen,NOUN,123,,,
deutsche,ADJ,123,Nation ,Deutsch,
getrieben,VERB,123,,,
vereinigt,VERB,123,,,
gebilde,NOUN,123,,,
gaest,PROPN,123,,,
dialog,NOUN,123,,,
sentimental,ADV,123,Emotion ,,
organismus,NOUN,123,,,
laengen,NOUN,123,,,
bemuebung,NOUN,123,,,
sprachstudium,NOUN,123,,,
kranich,ADV,122,,,
sprechend,ADV,122,,,
prodiction,NOUN,122,,,
gespraechen,NOUN,122,,,
wandern,VERB,122,,,
philosoph,NOUN,122,,,
speer,NOUN,122,,,
ernstlich,ADV,122,,,
tanzen,VERB,122,,,
vocal,PROPN,122,,,
belehrend,ADV,122,,,
propaedeutik,NOUN,122,,,
worms,PROPN,122,Ort,,
musterstuecken,VERB,122,Lehrmedien,,
bedauern,PROPN,121,,,
faden,ADJ,121,,,
anreden,VERB,121,,,
verhaeltnisse,NOUN,121,,,
commentar,PROPN,121,Praktik,Poetologie,
bleich,ADV,121,,,
katholisch,ADV,121,Theologie,,
weiden,VERB,121,,,
jedermann,PRON,121,,,
geschaeft,NOUN,121,,,
herrn,NOUN,121,,,
praechtig,ADV,121,,,
odyssee,PROPN,121,Narrativ,,
alter,ADJ,121,Alter,,
geleitet,VERB,121,,,
maecht,NOUN,121,,,
zeitraum,NOUN,121,,,
verwerten,VERB,121,,,
gediegen,ADV,120,,,
entfaltung,NOUN,120,,,
gelangt,VERB,120,,,
vergil,VERB,120,,,
waermen,VERB,120,,,
nachbar,ADV,120,,,
regung,NOUN,120,,,
klaengen,VERB,120,,,
faehren,NOUN,120,,,
ueberwinden,VERB,120,,,
spaziergang,NOUN,120,,,
zeitgenosse,NOUN,120,,,
mahnen,VERB,120,,,
feder,NOUN,120,,,
lection,NOUN,120,,,
stattfinden,VERB,120,,,
dureh,PROPN,120,,,
volkstuemlich,ADV,120,Nation,,
manuel,NOUN,120,,,
uebertragung,NOUN,119,,,
frevel,NOUN,119,,,
ungeheur,PROPN,119,,,
vorstellen,VERB,119,,,
zusatz,NOUN,119,,,
vorbereitet,VERB,119,,,
drohen,VERB,119,,,
verletzen,VERB,119,,,
kritiker,NOUN,119,,,
schroff,ADV,119,,,
gesteigert,VERB,119,,,
provinz,NOUN,119,,,
verfehlen,VERB,119,,,
redlich,ADV,119,,,
vergehen,VERB,119,,,
nackt,ADV,119,,,
komposition,NOUN,119,,,
beilaeufig,ADV,119,,,
verwendung,NOUN,119,,,
behauptet,VERB,119,,,
vorhin,ADV,119,,,
mannes,NOUN,119,,,
generation,NOUN,119,,,
fuerstin,NOUN,119,,,
kaiserlich,ADV,119,,,
umfassen,VERB,119,,,
buechlein,PROPN,119,Lehrmedien,,
nuetzen,VERB,119,,,
vermehrt,ADV,119,,,
lesestueck,NOUN,119,Lesen,Lehrmedien,
jagen,VERB,119,,,
maedchens,NOUN,118,,,
aechen,NOUN,118,,,
beruhigen,VERB,118,,,
entnommen,VERB,118,,,
verzeichnis,NOUN,118,,,
untreu,ADV,118,,,
hegen,VERB,118,,,
einleitend,ADV,118,,,
nebel,NOUN,118,,,
zuhoer,X,118,,,
volksgeist,NOUN,118,Nation,Patriotisch,
sophokle,NOUN,118,,,
verarbeitung,NOUN,118,,,
nationalitaet,NOUN,117,,,
muell,NOUN,117,,,
mangelhaft,ADV,117,,,
priesterin,NOUN,117,,,
willig,ADV,117,,,
gemeint,VERB,117,,,
ser,X,117,,,
raeuber,NOUN,117,,,
erreichung,NOUN,117,,,
vorgefuehren,VERB,117,,,
begehen,VERB,117,,,
empfohlen,VERB,117,,,
empfaenglich,ADV,117,,,
berliner,ADJ,117,Ort,,
abt,PROPN,117,,,
auserhalb,ADP,117,,,
kranz,NOUN,116,,,
produkt,NOUN,116,,,
selbstgefuehl,NOUN,116,,,
jammern,VERB,116,,,
gemeinde,NOUN,116,,,
gefuehle,NOUN,116,,,
verkuenden,VERB,116,,,
romantik,NOUN,116,,,
froemmigkeit,NOUN,116,,,
duft,NOUN,116,,,
fluten,VERB,116,,,
strafen,VERB,116,,,
director,X,116,,,
angewiesen,ADV,116,,,
lesestuecke,NOUN,116,Lesen,Lehrmedien,
reformation,NOUN,116,,,
mischen,VERB,116,,,
wolfram,PROPN,116,Person,Schriftsteller,
psychologie,NOUN,116,,,
betaetigung,NOUN,116,,,
beatrice,PROPN,116,Person,Literatur,
humanitaet,NOUN,115,,,
erfast,PROPN,115,,,
gegenstaende,NOUN,115,,,
schoepferisch,ADV,115,,,
rastlos,ADV,115,,,
verschliesen,NOUN,115,,,
gewidmet,VERB,115,,,
eduard,PROPN,115,Person,,
beruehrt,VERB,115,,,
aeusserlich,ADV,115,,,
neuzeit,NOUN,115,,,
oesterreich,PROPN,115,Nation,,
wonne,PROPN,114,,,
worueber,SCONJ,114,,,
dialekt,NOUN,114,,,
reizend,ADV,114,,,
antlitz,PROPN,114,positive Bewertung,,
entzuecken,VERB,114,,,
schoepfer,NOUN,114,,,
umstand,NOUN,114,,,
praedicat,NOUN,114,,,
besorgen,VERB,114,,,
zwiespalt,NOUN,114,,,
ausgedruecken,NOUN,114,,,
abgeschlossen,VERB,114,,,
perlen,NOUN,114,,,
laend,PROPN,114,,,
erwartet,VERB,114,,,
product,NOUN,114,,,
dient,VERB,114,,,
heilsam,ADV,114,,,
unterweisung,NOUN,114,,,
papst,NOUN,114,,,
boxberger,NOUN,114,Person,Didaktik,
jsabella,PROPN,114,,,
erzeugt,VERB,113,,,
gotisch,ADV,113,Beschreibung,Sprache,Ästhetik
bange,ADV,113,,,
verleiten,VERB,113,,,
italienisch,NOUN,113,Nation,,
eigner,NOUN,113,,,
relativ,ADV,113,,,
leihen,VERB,113,,,
lippe,NOUN,113,,,
widersprechen,VERB,113,,,
geschlossen,VERB,113,,,
koepfen,VERB,113,,,
reproduktion,NOUN,113,,,
bemerkungen,NOUN,113,,,
geschenk,NOUN,113,,,
jugendliteratur,NOUN,113,,,
voraufgegangen,VERB,113,,,
kuest,NOUN,112,,,
ehrfurcht,ADV,112,,,
unangenehm,ADV,112,,,
gedichtes,ADJ,112,Gattung ,Poetologie,
auseinandersetzung,NOUN,112,,,
us,X,112,,,
mitglied,NOUN,112,,,
umfangreich,ADV,112,,,
fortsetzen,VERB,112,,,
schiesen,VERB,112,,,
raechen,VERB,112,,,
verlegenheit,NOUN,112,,,
hoell,PROPN,112,,,
subjekt,NOUN,112,,,
barbarossa,PROPN,112,Person,Literatur,
entschuldigen,VERB,112,,,
hinzugefuegt,VERB,112,,,
beduerfnis,NOUN,112,,,
ausschliesslich,ADV,112,,,
min,X,112,,,
brunhild,NOUN,112,,,
ungleich,ADV,111,,,
hervortritt,VERB,111,,,
weibes,PROPN,111,,,
versucht,VERB,111,,,
verlaest,VERB,111,,,
befestigen,VERB,111,,,
aufweisen,VERB,111,,,
adler,NOUN,111,,,
reifen,VERB,111,,,
taken,NOUN,111,,,
gesellig,ADV,111,,,
begruest,PROPN,111,,,
campen,VERB,111,,,
martin,PROPN,111,,,
geschoepfen,NOUN,111,,,
erachten,VERB,111,,,
angehoeren,VERB,111,,,
aufheben,VERB,111,,,
messia,PROPN,110,Person,Theologie,
seinig,PROPN,110,,,
verherrlichen,VERB,110,,,
bilder,NOUN,110,,,
fallend,ADV,110,,,
grundzuegen,VERB,110,,,
schaerfer,ADV,110,,,
ueberlegen,VERB,110,,,
verklaert,VERB,110,,,
sprachgebrauch,NOUN,110,,,
befriedigend,ADV,110,,,
meyer,PROPN,110,,,
schal,ADV,110,,,
baend,NOUN,110,,,
wuste,VERB,110,,,
hielt,VERB,110,,,
stechen,VERB,110,,,
existenz,NOUN,110,,,
druckfehler,NOUN,110,,,
legend,ADV,110,,,
anleiten,VERB,110,,,
schmidt,PROPN,110,Person,Schriftsteller,
formenlehre,NOUN,110,,,
ruestung,NOUN,110,,,
planen,VERB,110,,,
koern,VERB,110,,,
barnhelm,PROPN,110,Person,Literatur,
kleinod,PROPN,109,,,
beschliesen,VERB,109,,,
demut,PROPN,109,,,
untersuchen,VERB,109,,,
duerftig,ADV,109,,,
pruef,PROPN,109,,,
stoffe,NOUN,109,,,
eintritt,VERB,109,,,
bewaehrt,VERB,109,,,
pfeil,NOUN,109,,,
einuebung,NOUN,109,,,
verschiedenartig,ADV,109,,,
naturgeschichte,AUX,109,,,
verrat,NOUN,109,,,
niederdeutsch,ADV,109,Beschreibung ,Poetologie,Sprache
hoeherem,ADJ,109,Höhe ,,
offizier,NOUN,109,,,
huelfsmittel,PROPN,108,Praktik,,
etzels,NOUN,108,,,
gemuethe,NOUN,108,,,
unerwartet,ADV,108,,,
verachtung,NOUN,108,,,
lande,NOUN,108,,,
raethsel,PROPN,108,,,
muehsam,ADV,108,,,
kaufmann,NOUN,108,,,
lesung,NOUN,108,,,
erhebend,ADV,108,,,
vorstehend,ADV,108,,,
verhaeltnismaessig,ADV,108,,,
schulmaessig,ADV,108,Schule,Praktik,
hoehepunken,VERB,108,,,
gesichtskreis,NOUN,108,,,
erhebt,VERB,107,,,
beitrag,NOUN,107,,,
besonnen,ADV,107,,,
braeutigam,PROPN,107,Typ,Gender,Mask
angelegt,VERB,107,,,
geschaef,PROPN,107,,,
christi,PROPN,107,Person,Theologie,
erlaubt,VERB,107,,,
gedraengt,VERB,107,,,
truppe,NOUN,107,,,
symbolisch,ADV,107,,,
hauptteil,NOUN,107,,,
verwerflich,ADV,107,,,
daemonisch,ADV,107,,,
fruehlings,PROPN,107,Zeit,,
wiederkehrend,ADV,107,,,
befaehigung,NOUN,107,,,
frueherer,ADJ,107,Zeit ,,
pathos,NOUN,107,,,
konflikt,NOUN,107,,,
gewohnheit,NOUN,107,,,
anschlu,PROPN,107,,,
malerei,NOUN,107,,,
unverstaendlich,ADV,107,negative Bewertung,,
lernend,ADV,107,,,
jugendschrift,NOUN,107,,,
beantwortung,NOUN,106,,,
griechen,NOUN,106,,,
betragen,VERB,106,,,
vertrieben,VERB,106,,,
zusammentreffen,VERB,106,,,
schneiden,VERB,106,,,
sorgsam,ADV,106,,,
drausen,PROPN,106,,,
verbrechen,NOUN,106,,,
stirn,NOUN,106,,,
naechtlich,ADV,106,,,
bluethen,VERB,106,,,
unklar,ADV,106,,,
jahre,NOUN,106,,,
untergeordnet,VERB,106,,,
entsetzen,NOUN,106,,,
verlegen,ADV,106,,,
ebensowenig,ADV,106,,,
graefin,PROPN,106,Typ,Narrativ,
zwerg,NOUN,106,Typ,Narrativ,
verstorben,VERB,106,,,
umfast,ADV,106,,,
schulbuch,NOUN,106,Lehrmedien,,
gedruckt,VERB,106,,,
geschichtsunterricht,VERB,106,,,
gelehrtenschul,PROPN,106,,,
tertianer,NOUN,106,,,
stimme,VERB,105,,,
wiese,NOUN,105,,,
vereinzelt,ADV,105,,,
glaenzen,VERB,105,,,
stande,NOUN,105,,,
ihrig,ADV,105,,,
schweigend,ADV,105,,,
beruht,VERB,105,,,
brennen,VERB,105,,,
gegruendet,VERB,105,,,
freundin,NOUN,105,,,
grose,NOUN,105,Höhe ,,
uebertrieben,ADV,105,,,
freiligrat,NOUN,105,Person,Schriftsteller,
befolgen,VERB,105,,,
erfinden,VERB,105,,,
analytisch,ADV,105,,,
blatt,NOUN,105,,,
verborgen,VERB,105,,,
monolog,NOUN,105,,,
aufklaerung,NOUN,105,,,
zusammenfassen,VERB,105,,,
ungeheuer,PROPN,105,,,
ersparen,VERB,105,,,
abfassung,NOUN,105,,,
entdeckung,NOUN,105,,,
tyrannen,NOUN,105,,,
verirrung,NOUN,105,,,
stilistik,NOUN,105,,,
vorgetragen,VERB,105,,,
lehrt,VERB,105,,,
imstande,ADV,105,,,
stiften,VERB,104,,,
leiblich,ADV,104,,,
gewandt,VERB,104,,,
subjektiv,ADV,104,,,
epos,NOUN,104,,,
entreisen,VERB,104,,,
keimen,VERB,104,,,
versinken,VERB,104,,,
schlachten,VERB,104,,,
nachteilig,ADV,104,,,
alliteration,NOUN,104,,,
wahrnehmung,NOUN,104,,,
abends,ADV,104,,,
tischen,ADJ,104,Beschreibung,,
alte,ADJ,104,Alter,,
behaglich,ADV,104,,,
fleis,PROPN,104,,,
brausen,VERB,104,,,
link,NOUN,104,,,
saladin,PROPN,104,Person,Literatur,
aufgehen,VERB,104,,,
fahne,NOUN,104,,,
ueberblick,NOUN,104,,,
ueberwund,PROPN,104,,,
nachtigall,PROPN,104,,,
buergschaft,NOUN,104,,,
erheblich,ADV,104,,,
vilmar,PROPN,104,,,
leuchtend,ADV,103,,,
german,PROPN,103,,,
bescheidenheit,NOUN,103,,,
schwankend,ADV,103,,,
gewust,ADV,103,,,
verbreitet,VERB,103,,,
auskunft,NOUN,103,,,
spanisch,ADV,103,Nation,,
schwimmen,VERB,103,,,
bedeutungsvoll,ADV,103,,,
schlagend,ADV,103,,,
geneigt,VERB,103,,,
suesen,NOUN,103,,,
bezeugen,VERB,103,,,
hervorgeht,VERB,103,,,
huebsch,ADV,103,,,
foerderlich,ADV,103,,,
ausgedehnt,VERB,103,,,
stuttgart,PROPN,103,Ort,,
begehren,VERB,103,,,
organ,NOUN,103,,,
hinweisung,NOUN,103,,,
gymnasiast,PROPN,103,Schule,Typ,
cursu,PROPN,103,,,
ruedeger,NOUN,103,,,
hoehe,NOUN,102,,,
unterlassen,VERB,102,,,
unterthan,PROPN,102,,,
ganze,ADJ,102,Höhe ,,
vorgefuehrt,VERB,102,,,
verteilen,VERB,102,,,
vorherrschend,ADV,102,,,
glueckes,NOUN,102,,,
bedeckt,ADV,102,,,
stoerend,ADV,102,,,
goetzinger,NOUN,102,,,
em,X,102,,,
gebrochen,VERB,102,,,
trachten,VERB,102,,,
kunstvoll,ADV,102,,,
gesungen,VERB,102,,,
eingefuehrt,VERB,102,,,
durchfuehrung,NOUN,102,,,
rueckert,VERB,102,,,
namens,ADP,102,,,
ausgebildet,VERB,102,,,
hause,PROPN,102,,,
habsburg,PROPN,102,Typ,Nation,
kloster,NOUN,102,,,
herzens,NOUN,102,,,
gemahl,NOUN,102,,,
ohnehin,ADV,102,,,
altersstufe,PROPN,102,,,
ueberwiegend,ADV,102,,,
principien,NOUN,102,,,
einblick,PROPN,102,,,
schien,VERB,102,,,
ausrufen,VERB,102,,,
etzel,NOUN,102,Person,Literatur,
veraendern,VERB,101,,,
deutung,NOUN,101,,,
stuermen,VERB,101,,,
vorzeit,NOUN,101,,,
haufen,NOUN,101,,,
segnen,VERB,101,,,
classen,VERB,101,,,
gespannt,ADV,101,,,
lasse,VERB,101,,,
aufrecht,ADV,101,,,
zuversicht,NOUN,101,,,
strasen,NOUN,101,,,
wetter,NOUN,101,,,
vorsichtig,ADV,101,,,
beitraegen,NOUN,101,,,
sentenz,NOUN,101,,,
rubrik,NOUN,101,,,
fuerstlich,ADV,101,,,
tekla,PROPN,101,Person,Literatur,
vaters,NOUN,101,,,
eichen,VERB,101,,,
woerterbuch,NOUN,101,,,
beibringen,VERB,101,,,
spaeterhin,ADV,101,,,
einrichten,VERB,101,,,
bestaetigen,VERB,101,,,
gefaellig,ADV,100,,,
bluethe,PROPN,100,,,
unwuerdig,ADV,100,,,
dichtungsart,NOUN,100,,,
faerbung,NOUN,100,,,
rose,NOUN,100,,,
maler,NOUN,100,,,
nachdruecklich,ADV,100,,,
gebuehrend,ADV,100,,,
gereift,VERB,100,,,
mark,NOUN,100,,,
vollbringen,VERB,100,,,
glaubte,VERB,100,,,
vorteilhaft,ADV,100,,,
gewuenscht,VERB,100,,,
verachten,VERB,100,,,
ableiten,VERB,100,,,
rest,NOUN,100,,,
stoffes,PROPN,100,,,
schuelers,PROPN,100,Schule,Typ,
vaterlandslieben,NOUN,100,,,
handschuh,PROPN,100,,,
wirkt,VERB,99,,,
ergriffen,VERB,99,,,
hoffentlich,ADV,99,,,
besonnenheit,NOUN,99,,,
zuneigung,NOUN,99,,,
beugen,VERB,99,,,
beleuchtung,NOUN,99,,,
erkennt,VERB,99,,,
einfalt,VERB,99,,,
unwiderstehlich,ADV,99,,,
anzunehmen,VERB,99,,,
duerfe,AUX,99,,,
entwicklungsgang,ADV,99,,,
uebergeben,VERB,99,,,
regiment,NOUN,99,,,
weber,PROPN,99,,,
begierde,NOUN,99,,,
treibt,VERB,99,,,
wanderung,NOUN,99,,,
heranziehen,VERB,99,,,
vorausgesetzt,VERB,99,,,
stundenzahl,NOUN,99,,,
bereichern,VERB,99,,,
anschlus,NOUN,99,,,
werbung,NOUN,99,,,
metrum,PROPN,98,Poetologie,Lyrik,
thronen,VERB,98,,,
or,X,98,,,
zerlegen,VERB,98,,,
gipfel,NOUN,98,,,
lehre,VERB,98,,,
fangen,VERB,98,,,
besuch,NOUN,98,,,
begebenhei,NOUN,98,,,
hiernach,ADV,98,,,
anfuehren,VERB,98,,,
ausseichnen,VERB,98,,,
schulmaenner,NOUN,98,,,
ermordung,NOUN,98,,,
abgeben,VERB,98,,,
feldherr,NOUN,98,,,
erweckung,NOUN,98,,,
tassos,PROPN,98,,,
wahrnehmen,VERB,97,,,
gezeigt,VERB,97,,,
umreisen,PRON,97,,,
zerstreuen,PROPN,97,,,
arion,NOUN,97,,,
beste,ADJ,97,Höhe ,,
verwirren,VERB,97,,,
huell,NOUN,97,,,
raeumen,VERB,97,,,
mauern,PROPN,97,,,
strase,NOUN,97,,,
entsetzlich,ADV,97,,,
eindringlich,ADV,97,,,
schaefer,PROPN,97,,,
unwahrheit,NOUN,97,,,
landmann,NOUN,97,,,
ueberzeugt,VERB,97,,,
beruecksichtig,ADV,97,,,
ungestuem,ADV,97,,,
capitel,PROPN,97,Unterteilung ,Gattung,
begeistern,VERB,97,,,
befaehigen,VERB,97,,,
nimmermehr,ADV,97,,,
auszuegen,NOUN,97,,,
aeusersten,VERB,97,,,
gesammelt,VERB,97,,,
beredsamkeit,NOUN,97,,,
hartmut,PROPN,97,,,
einwirken,VERB,96,,,
formel,NOUN,96,,,
mager,ADV,96,,,
eingreifen,VERB,96,,,
wohlgefallen,VERB,96,,,
anschaulichkeit,NOUN,96,,,
gezeichnet,VERB,96,,,
ausdrueckt,VERB,96,,,
subjecen,NOUN,96,,,
duenken,VERB,96,,,
kummer,PROPN,96,,,
loest,VERB,96,,,
tropfen,VERB,96,,,
beuten,VERB,96,,,
wonach,ADV,96,,,
hoeheres,ADJ,96,Höhe ,,
manier,NOUN,96,,,
erleiden,VERB,96,,,
hoheit,NOUN,96,,,
nachhaltig,ADV,96,,,
schillers,PROPN,96,,,
syntax,VERB,96,,,
verhandlung,NOUN,96,,,
werben,VERB,96,,,
pflug,PROPN,96,,,
obertertia,PROPN,96,,,
viesseitig,ADV,95,,,
gelassen,VERB,95,,,
geistesbildung,NOUN,95,,,
bluten,VERB,95,,,
gemuethes,ADJ,95,Emotion ,,
suese,NOUN,95,,,
ahnungsvoll,ADV,95,,,
bedacht,ADV,95,,,
verse,VERB,95,,,
zweierlei,DET,95,,,
hemmen,VERB,95,,,
gehend,ADV,95,,,
wehren,VERB,95,,,
schwinden,VERB,95,,,
koemmen,NOUN,95,,,
verstecken,VERB,95,,,
unterstuetzung,NOUN,95,,,
blaettern,VERB,95,,,
beherrscht,VERB,95,,,
os,X,95,,,
volke,NOUN,95,,,
nu,X,95,,,
autoritaet,NOUN,95,,,
dreimal,ADV,95,,,
gestattet,VERB,95,,,
verfolgt,VERB,95,,,
heilung,NOUN,95,,,
erkannt,VERB,95,,,
angesichen,NOUN,95,,,
mantel,NOUN,95,,,
heutzutage,ADV,95,,,
sol,X,95,,,
fuenfte,ADJ,94,,,
entgegentreten,VERB,94,,,
gruendlichkeit,NOUN,94,,,
gewohnt,VERB,94,,,
motivirt,NOUN,94,,,
darlegen,VERB,94,,,
hauptsatz,PROPN,94,,,
arg,ADV,94,,,
staemmen,VERB,94,,,
bahnen,VERB,94,,,
mildern,VERB,94,,,
fruehzeitig,ADV,94,,,
wohltaetig,ADV,94,,,
opfern,VERB,94,,,
zweig,NOUN,94,,,
dasjenige,PRON,94,,,
angenommen,VERB,94,,,
herrscht,VERB,94,,,
bruchstuecken,NOUN,94,,,
denkbar,ADV,94,,,
wehen,VERB,94,,,
apfel,NOUN,94,,,
bekaempfen,VERB,94,,,
beschaeftig,ADV,94,,,
deklamator,NOUN,94,,,
verlaufen,VERB,94,,,
buttler,PROPN,94,,,
obersekunda,NOUN,94,,,
fehlerhaft,ADV,93,,,
pedantisch,ADV,93,,,
nuechtern,ADV,93,,,
altar,NOUN,93,,,
hinstellen,VERB,93,,,
besinnen,VERB,93,,,
gluecken,VERB,93,,,
besingen,VERB,93,,,
anhalten,VERB,93,,,
dauern,PROPN,93,,,
kuehlen,ADJ,93,,,
ansto,PROPN,93,,,
bewahrt,VERB,93,,,
lauschen,VERB,93,,,
hoere,VERB,93,,,
angehoerig,ADV,93,,,
laengern,ADV,93,,,
englaend,PROPN,93,,,
kriegerisch,ADV,93,,,
stumpf,ADV,93,,,
unabhaengig,ADV,93,,,
diesmal,ADV,93,,,
satzbau,NOUN,93,,,
liebt,VERB,93,,,
oheim,PROPN,93,,,
religionsunterricht,NOUN,93,,,
bezweifeln,VERB,93,,,
rechtfertigung,NOUN,93,,,
fertigen,VERB,93,,,
begriffen,VERB,93,,,
rechtschreibung,NOUN,93,,,
vorlegen,VERB,93,,,
hingewiesen,VERB,93,,,
hettel,NOUN,93,,,
kluft,NOUN,92,,,
ankommen,VERB,92,,,
hinzufuegen,VERB,92,,,
zustimmung,NOUN,92,,,
ruehrung,PROPN,92,,,
wallen,VERB,92,,,
jambisch,ADV,92,,,
herodot,NOUN,92,Person,Schriftsteller,Historisch 
geraet,VERB,92,,,
he,X,92,,,
maehrchen,NOUN,92,,,
empfindungen,NOUN,92,,,
aufgefuehrt,VERB,92,,,
schauspieler,NOUN,92,,,
christus,PROPN,92,,,
erwacht,VERB,92,,,
liebling,X,92,,,
erschien,VERB,92,,,
gervinu,NOUN,92,,,
vorkommt,VERB,92,,,
aufrichtig,ADV,92,,,
rechenschaft,NOUN,92,,,
aufbau,NOUN,92,,,
einfuehren,VERB,92,,,
veranschaulichung,NOUN,92,,,
erfordernis,PROPN,92,,,
praet,NOUN,92,,,
sowol,NOUN,92,,,
rudenz,NOUN,92,,,
dionys,PROPN,92,,,
sinnlichkeit,NOUN,91,,,
verwundern,VERB,91,,,
spiegeln,VERB,91,,,
lehnen,VERB,91,,,
desgleichen,ADV,91,,,
stetig,ADV,91,,,
pruefen,VERB,91,,,
lebenseite,VERB,91,,,
ausgedrueckt,VERB,91,,,
rosen,PROPN,91,,,
schande,NOUN,91,,,
sprung,NOUN,91,,,
festlich,ADV,91,,,
entfernen,VERB,91,,,
kleidung,NOUN,91,,,
unbegreiflich,ADV,91,,,
sonderbar,ADV,91,,,
masstab,NOUN,91,,,
buches,NOUN,91,Medium,,
maessig,ADV,91,,,
versichern,VERB,91,,,
unterrichtsgegenstand,ADV,91,,,
begruend,NOUN,91,,,
unermuedlich,ADV,90,,,
beschreibend,ADV,90,,,
harren,VERB,90,,,
last,X,90,,,
fremdling,X,90,,,
klippe,NOUN,90,,,
taten,VERB,90,,,
oeffnen,VERB,90,,,
apollo,PROPN,90,,,
vokal,ADV,90,,,
tiere,NOUN,90,,,
erschoepfen,VERB,90,,,
ueberraschend,ADV,90,,,
roemern,NOUN,90,,,
viehoff,NOUN,90,Person,Didaktik ,
suchte,VERB,90,,,
begraben,VERB,90,,,
idyllisch,ADV,90,,,
erschrecken,VERB,90,,,
gruene,ADJ,90,Narrativ,Farbe,
verpflichten,VERB,90,,,
selbstaendigkeit,NOUN,90,,,
ergibt,VERB,90,,,
fuehrung,NOUN,90,,,
ausfuehrlichkeit,NOUN,90,,,
benennung,NOUN,90,,,
abreisen,VERB,90,,,
tiersch,ADV,90,,,
beispiele,NOUN,90,,,
naturgemae,PROPN,90,,,
abschluss,NOUN,90,,,
gefeiert,VERB,89,,,
wortes,NOUN,89,Sprache ,,
vorfuehren,VERB,89,,,
fuehre,VERB,89,,,
charaktere,NOUN,89,,,
heldin,PROPN,89,,,
heilen,VERB,89,,,
grundgedanke,NOUN,89,,,
begonnen,VERB,89,,,
aufschwung,NOUN,89,,,
adjektiv,ADV,89,,,
schmach,NOUN,89,,,
endung,NOUN,89,,,
lesend,ADV,89,Praktik,Lesen,
skizze,NOUN,89,,,
klughei,NOUN,89,,,
herde,NOUN,89,,,
nochmas,PROPN,89,,,
verknuepfung,NOUN,89,,,
unpassend,ADV,89,,,
entsagen,VERB,89,,,
taeuschung,NOUN,89,,,
meiden,VERB,89,,,
verletzt,VERB,89,,,
abschnitte,NOUN,89,,,
heldensagen,VERB,89,,,
bestreiten,VERB,89,,,
komma,NOUN,89,,,
redekunst,PROPN,89,Poetologie,Rhetorik,
vorliegt,VERB,89,,,
sinden,VERB,89,,,
sprichwort,NOUN,89,,,
vermittelung,NOUN,88,,,
gewoehnung,NOUN,88,,,
vorziehen,VERB,88,,,
schlange,NOUN,88,,,
staunen,VERB,88,,,
elegisch,ADV,88,,,
verehren,VERB,88,,,
mauer,PROPN,88,,,
flach,ADV,88,,,
ent,X,88,,,
erbarmen,VERB,88,,,
verba,X,88,,,
werdend,AUX,88,,,
sachen,NOUN,88,,,
schwierigkeiten,NOUN,88,,,
bildungsstufe,NOUN,88,,,
ersatz,NOUN,88,,,
genial,ADV,88,,,
verwechseln,VERB,88,,,
groestenteils,ADV,88,,,
einschlagen,VERB,88,,,
frankfurt,PROPN,88,,,
bekenntnis,PROPN,88,,,
ideen,NOUN,88,,,
angesehen,VERB,88,,,
foermlich,ADV,88,,,
lehrgegenstaend,PROPN,88,,,
feststellen,VERB,88,,,
einflussen,VERB,88,,,
januar,NOUN,88,,,
stauffach,NOUN,88,,,
leichter,ADV,87,,,
steigend,ADV,87,,,
breiten,ADJ,87,Höhe ,,
gestaltet,VERB,87,,,
energie,NOUN,87,,,
sieger,NOUN,87,,,
hallen,VERB,87,,,
symbol,NOUN,87,,,
hervorzuheben,VERB,87,,,
spielend,ADV,87,,,
linden,VERB,87,,,
verlies,VERB,87,,,
mode,NOUN,87,,,
einwenden,VERB,87,,,
dichtern,VERB,87,,,
verein,NOUN,87,,,
heiligtum,NOUN,87,,,
besorgt,ADV,87,,,
saechsisch,ADV,87,,,
repraesentant,PROPN,87,,,
beruehrung,NOUN,87,,,
humoristisch,ADV,87,,,
genussen,VERB,87,,,
edelstein,PROPN,87,,,
stofflich,ADV,87,,,
nachweis,NOUN,87,,,
schreibt,VERB,87,,,
ansprechend,ADV,87,,,
hauses,NOUN,87,,,
lessingsch,ADV,87,Beschreibung,Poetologie,Person 
tiefe,ADJ,86,Höhe ,,
empfaenglichkeit,NOUN,86,,,
katze,NOUN,86,,,
retter,PROPN,86,,,
protestantisch,ADV,86,Theologie,,
erschliesen,NOUN,86,,,
herkules,PROPN,86,,,
laendern,NOUN,86,,,
verdraengen,VERB,86,,,
schmuecken,VERB,86,,,
hauptgedanke,VERB,86,,,
franken,PROPN,86,,,
gleichheit,NOUN,86,,,
versuchung,NOUN,86,,,
ersehen,VERB,86,,,
empfehlung,NOUN,86,,,
hauptinhalt,PROPN,86,,,
inhalts,PROPN,86,,,
lohnen,VERB,86,,,
aussetzen,VERB,86,,,
angabe,NOUN,86,,,
dienend,ADV,86,,,
belebung,NOUN,86,,,
auffordern,VERB,86,,,
paragraph,PROPN,86,,,
jubel,NOUN,86,,,
dramen,VERB,86,,,
hinzuweisen,VERB,86,,,
scherer,NOUN,86,,,
begabung,NOUN,86,,,
bertha,VERB,86,,,
verfuegung,NOUN,86,,,
mutig,ADV,85,,,
bezahlen,VERB,85,,,
gewishei,NOUN,85,,,
entlehnt,VERB,85,,,
knieen,PROPN,85,,,
stube,NOUN,85,,,
horchen,VERB,85,,,
elegia,NOUN,85,,,
suedlich,ADV,85,,,
schleichen,VERB,85,,,
hinueber,ADV,85,,,
nebensatz,PROPN,85,,,
dialektisch,ADV,85,,,
tauchen,VERB,85,,,
mitzuteilen,VERB,85,,,
duerren,VERB,85,Tiefe,,
triumph,PROPN,85,,,
schlummern,VERB,85,,,
behagen,VERB,85,,,
ungern,ADV,85,,,
gerettet,VERB,85,,,
beschraenktheit,NOUN,85,,,
einsehen,VERB,85,,,
abfall,NOUN,85,,,
naturwissenschaft,NOUN,85,Wissenschaft,,
verschlingen,VERB,85,,,
plural,ADV,85,,,
beibehalten,VERB,85,,,
beleuchten,VERB,85,,,
interpunktion,NOUN,85,,,
aufgefuehren,VERB,85,,,
ehrgeiz,PROPN,85,,,
niedern,PRON,85,,,
fruehest,ADV,85,,,
vermittelt,VERB,85,,,
galotti,NOUN,85,,,
plaene,NOUN,85,,,
eigenart,X,85,,,
schus,NOUN,85,,,
à,X,85,,,
ehrwuerdig,ADV,84,,,
widerlegen,VERB,84,,,
spannen,VERB,84,,,
allmaehlig,ADV,84,,,
befindet,VERB,84,,,
erlaeuternd,ADV,84,Methode,,
haften,VERB,84,,,
armen,NOUN,84,,,
scheren,VERB,84,,,
gluecks,PROPN,84,,,
sprach,VERB,84,,,
handel,NOUN,84,,,
ausdrucks,NOUN,84,,,
wiederkehr,ADV,84,,,
gedaechtnissen,VERB,84,,,
genuegt,VERB,84,,,
sa,X,84,,,
spies,PROPN,84,,,
beilegen,VERB,84,,,
philologe,NOUN,84,,,
schichten,NOUN,84,,,
erstreben,VERB,84,,,
rahmen,NOUN,84,,,
technisch,ADV,84,,,
tells,ADV,84,,,
eigenartig,ADV,84,,,
entschluss,NOUN,84,,,
volkspoesie,NOUN,83,,,
dankbarkeit,NOUN,83,,,
feinheit,NOUN,83,,,
heitern,VERB,83,,,
vaeterlich,ADV,83,Gender,Mask,
gerueckt,VERB,83,,,
flammen,NOUN,83,,,
volksmaessig,ADV,83,,,
erscheinungen,NOUN,83,,,
lenau,NOUN,83,,,
grauen,NOUN,83,,,
erhellen,VERB,83,,,
geschwister,X,83,,,
correct,PROPN,83,,,
spanien,PROPN,83,,,
spenden,VERB,83,,,
zierde,NOUN,83,,,
refrain,NOUN,83,,,
vertraut,ADV,83,,,
schildert,VERB,83,,,
manne,NOUN,83,,,
hochmut,X,83,,,
gesellschaftlich,ADV,83,,,
ausstattung,NOUN,83,,,
vertreiben,VERB,83,,,
bluehen,VERB,83,,,
faeden,NOUN,83,,,
spinnen,VERB,83,,,
nummer,NOUN,83,,,
seminar,PROPN,83,,,
reineken,NOUN,83,,,
chronologisch,ADV,83,,,
wohlthuend,NOUN,83,,,
politik,NOUN,83,,,
edenhall,NOUN,83,,,
lachmann,PROPN,83,,,
athen,PROPN,83,,,
rednerisch,ADV,83,Beschreibung,Rhetorik,Poetologie
untersekunda,NOUN,83,,,
problem,NOUN,83,,,
verherrlichung,NOUN,83,,,
landgraf,PROPN,83,,,
oesterreichisch,ADV,83,Nation,,
mortimer,NOUN,83,,,
zuschreiben,VERB,82,,,
verbannen,VERB,82,,,
wesens,PROPN,82,,,
beistehen,VERB,82,,,
schluessen,VERB,82,,,
verhaeltnisses,ADJ,82,Beschreibung,,
kuehner,ADV,82,Person,Didaktik,
construction,X,82,,,
berechnet,VERB,82,,,
produktion,NOUN,82,,,
schreiber,NOUN,82,,,
verschweigen,VERB,82,,,
verfuehren,VERB,82,,,
angeregt,VERB,82,,,
schlechthin,ADV,82,,,
koenigl,PROPN,82,,,
stuerzt,VERB,82,,,
gram,X,82,,,
heller,PROPN,82,,,
segeln,VERB,82,,,
wahrend,ADV,82,Zeit,Logik,
hervortretend,ADV,82,,,
verkehrt,ADV,82,,,
schweden,PROPN,82,,,
entbehrlich,ADV,82,,,
naehren,VERB,82,,,
accent,NOUN,82,,,
spielraum,NOUN,82,,,
gemuethlich,ADV,82,,,
technik,NOUN,82,,,
vorbildung,NOUN,82,,,
bewirkt,VERB,82,,,
besten,ADV,82,,,
innigkei,PROPN,82,,,
mittelbar,ADV,82,,,
kaufen,VERB,82,,,
verben,VERB,82,,,
wachtmeister,PROPN,82,,,
hoffmann,PROPN,82,,,
groesserer,ADV,82,Höhe ,,
antreiben,VERB,82,,,
balladen,ADJ,82,,,
hohenstaufen,VERB,82,,,
anfertigen,VERB,82,,,
schulwesen,NOUN,82,,,
lanze,NOUN,82,,,
vollenden,VERB,81,,,
zwecke,NOUN,81,,,
uebermut,PROPN,81,,,
entschiedenheit,NOUN,81,,,
heiterkeit,NOUN,81,,,
verhindern,VERB,81,,,
morgens,ADV,81,,,
syntaktisch,ADV,81,,,
miene,NOUN,81,,,
lueft,PROPN,81,,,
basis,NOUN,81,,,
weben,VERB,81,,,
wirkend,ADV,81,,,
veranlast,NOUN,81,,,
julius,PROPN,81,,,
gedraengen,VERB,81,,,
dramatiker,PROPN,81,,,
erlassen,VERB,81,,,
ironie,NOUN,81,,,
stuermisch,ADV,81,,,
anspielung,NOUN,81,,,
jahrh,PROPN,81,,,
peter,PROPN,81,,,
angefuehren,VERB,81,,,
drehen,VERB,81,,,
platzen,VERB,81,,,
satzlehre,VERB,81,,,
aufkommen,VERB,81,,,
stoeren,VERB,81,,,
nachahmen,VERB,81,,,
analogie,NOUN,81,,,
vorfuehrt,VERB,81,,,
einzugehen,VERB,81,,,
haert,VERB,81,,,
berichtigen,VERB,81,,,
empfindet,VERB,81,,,
vorwiegend,ADV,81,,,
zerreisen,NOUN,81,,,
sturz,NOUN,81,,,
einnimmt,VERB,81,,,
schulzeit,NOUN,81,,,
aussehen,VERB,81,,,
schulausgabe,NOUN,81,,,
gottfried,PROPN,81,,,
oktavio,PROPN,81,,,
selbststaendigkeit,NOUN,80,,,
religioeser,ADJ,80,Theolgoie ,,
siebent,PROPN,80,,,
aeuserst,ADV,80,,,
zuruecckehren,VERB,80,,,
meisterschaft,NOUN,80,,,
hoehlen,VERB,80,,,
nahen,ADJ,80,,,
romanisch,ADV,80,Sprache,,
alpen,NOUN,80,Raum,,
munter,ADV,80,,,
erwaegen,VERB,80,,,
vorbereitend,ADV,80,,,
unerlaeslich,ADV,80,,,
unwesentlich,ADV,80,,,
bildungsmittel,NOUN,80,Lehrmedien,,
bearbeitet,VERB,80,,,
bannen,VERB,80,,,
abgeleitet,VERB,80,,,
proserpina,PROPN,80,,,
stiluebung,NOUN,80,,,
sprachwissenschaft,NOUN,80,,,
mistrauen,PROPN,80,,,
ler,X,80,,,
hinausgehen,VERB,80,,,
alexander,PROPN,80,,,
tuechtigkeit,NOUN,80,,,
abgrund,NOUN,80,,,
wiedersehen,VERB,80,,,
besiegen,VERB,80,,,
niederschreiben,VERB,80,,,
bruedern,NOUN,80,,,
erklaerend,ADV,80,,,
dingen,NOUN,80,,,
erfaehren,NOUN,80,,,
geschicklichkeit,NOUN,80,,,
widerstreben,VERB,80,,,
freytag,PROPN,80,,,
wortschatz,NOUN,80,,,
reinigen,VERB,79,,,
genauigkeit,NOUN,79,,,
versenken,VERB,79,,,
hochachtung,NOUN,79,,,
nachtraeglich,ADV,79,,,
staerkst,VERB,79,,,
eilig,ADV,79,,,
heroisch,ADV,79,,,
annimmt,VERB,79,,,
veraechtlich,ADV,79,,,
wange,NOUN,79,,,
trotzig,ADV,79,,,
sonett,NOUN,79,,,
muthig,ADV,79,,,
schwur,NOUN,79,,,
fuehrte,VERB,79,,,
wahnsinn,NOUN,79,,,
ro,X,79,,,
ueberein,ADP,79,,,
platt,ADV,79,,,
einleiten,VERB,79,,,
anfaenglich,ADV,79,,,
maerz,PROPN,79,,,
halte,VERB,79,,,
betruegen,NOUN,79,,,
unheimlich,ADV,79,,,
erscheinend,ADV,79,,,
handhaben,VERB,79,,,
geschwind,ADV,79,,,
prof,PROPN,79,,,
allgemeinheit,NOUN,79,,,
selbsttaetigkeit,NOUN,79,,,
unheil,NOUN,79,,,
linde,NOUN,79,Narrativ,,
erklingen,VERB,79,,,
ulrich,PROPN,79,,,
aussusprechen,VERB,79,,,
ueberlegung,NOUN,79,,,
drittens,ADV,79,,,
bestimmend,ADV,79,,,
ahnlich,ADV,79,,,
ausgeht,VERB,79,,,
nachwelt,VERB,78,,,
zeitwort,NOUN,78,,,
fragment,NOUN,78,,,
zuege,NOUN,78,,,
aufloesung,NOUN,78,,,
mythisch,ADV,78,,,
schallen,VERB,78,,,
auftretend,ADV,78,,,
malerisch,ADV,78,,,
alltaeglich,ADV,78,,,
gewoehnt,VERB,78,,,
unterhalten,VERB,78,,,
natuerlichkeit,NOUN,78,,,
fuese,NOUN,78,,,
geschmackvoll,ADV,78,,,
anmuthig,ADV,78,,,
ewigkeit,NOUN,78,,,
verliehen,VERB,78,,,
beweist,VERB,78,,,
stehn,VERB,78,,,
spielt,VERB,78,,,
belebt,VERB,78,,,
religioe,PROPN,78,,,
anschauungsweise,NOUN,78,,,
freitag,NOUN,78,,,
regieren,VERB,78,,,
ableitung,NOUN,78,,,
mundartlich,ADV,78,,,
erwiesen,VERB,78,,,
jahrzehnt,ADV,78,,,
befoerdern,VERB,78,,,
erhaltung,NOUN,78,,,
rechte,ADJ,78,,,
repetition,NOUN,78,,,
misbrauch,NOUN,78,,,
musten,NOUN,78,,,
suehnen,VERB,78,,,
tempo,NOUN,78,,,
negativ,ADV,78,,,
stattfindet,VERB,78,,,
schenkendorf,PROPN,78,,,
lesestoff,PROPN,78,Lesen,Lehrmedien,
unbeachtet,ADV,77,,,
faengen,NOUN,77,,,
jahrb,PROPN,77,,,
erschuettern,VERB,77,,,
korn,NOUN,77,,,
schaffend,ADV,77,,,
knoten,NOUN,77,,,
heiland,VERB,77,,,
harmlos,ADV,77,,,
voraussetzt,VERB,77,,,
huegel,PROPN,77,,,
klagend,ADV,77,,,
aberglaube,NOUN,77,,,
laster,NOUN,77,,,
vorzueglichst,PROPN,77,,,
laeufen,NOUN,77,,,
gruende,NOUN,77,,,
gebiete,NOUN,77,,,
evangelisch,ADV,77,Theologie,,
zurecht,ADV,77,,,
erstrecken,VERB,77,,,
juenglinge,PROPN,77,,,
nibelungen,PROPN,77,,,
rector,X,77,,,
verdacht,NOUN,77,,,
direct,PROPN,77,,,
ausmachen,VERB,77,,,
bedeutet,VERB,77,,,
einzelne,PRON,77,,,
mil,X,77,,,
gedaechtnis,NOUN,77,,,
claudiu,PROPN,77,,,
beanspruchen,VERB,77,,,
hilfsmittel,NOUN,77,,,
getrost,ADV,76,,,
geknuepfen,ADV,76,,,
mitteilt,VERB,76,,,
abschliesen,VERB,76,,,
hartmann,PROPN,76,,,
kamen,VERB,76,,,
grell,ADV,76,,,
ruhend,ADV,76,,,
ausbruch,NOUN,76,,,
uebereinstimmen,VERB,76,,,
griech,PROPN,76,,,
fuellen,VERB,76,,,
voruebergehend,ADV,76,,,
versaeumen,VERB,76,,,
begangen,VERB,76,,,
liebenswuerdig,ADV,76,,,
steif,ADV,76,,,
erschweren,VERB,76,,,
unterrichtsgegenstaend,NOUN,76,Lehrmedien,,
andernteils,NOUN,76,,,
ausgeschlossen,VERB,76,,,
masgebend,ADV,76,,,
hervorgegangen,VERB,76,,,
rousseau,PROPN,76,,,
bereitet,VERB,76,,,
anknuepfen,VERB,76,,,
unterdruecken,VERB,76,,,
dankenswert,VERB,76,,,
terzky,PROPN,76,,,
anfaenger,NOUN,76,,,
waffen,NOUN,76,,,
werkzeug,NOUN,76,,,
trostlos,ADV,76,,,
kinderfreund,PROPN,76,,,
bedient,VERB,76,,,
hauptmann,PROPN,76,,,
heros,NOUN,75,,,
verschwunden,VERB,75,,,
gebuehren,NOUN,75,,,
phantastisch,ADV,75,Phantasie,Ästhetik,Idealismus
leier,NOUN,75,,,
dreifach,ADV,75,,,
beteiligen,VERB,75,,,
genossen,VERB,75,,,
baden,VERB,75,,,
wand,NOUN,75,,,
ergaenzend,ADV,75,,,
unvergleichlich,ADV,75,,,
schall,NOUN,75,,,
unsicher,ADV,75,,,
gestoert,VERB,75,,,
vorausgehen,VERB,75,,,
grausen,PROPN,75,,,
april,NOUN,75,,,
glaeubig,ADV,75,,,
umgehen,VERB,75,,,
hassen,VERB,75,,,
historiker,NOUN,75,,,
beschaffen,VERB,75,,,
studien,NOUN,75,,,
belebend,ADV,75,,,
concreten,ADJ,75,,,
fremdartig,ADV,75,,,
voruebung,NOUN,75,,,
ausspruechen,VERB,75,,,
begleitung,NOUN,75,,,
geistesleben,NOUN,75,Welt,Idealismus,
ausdehnen,VERB,75,,,
armee,NOUN,75,,,
erziehend,ADV,75,,,
beispielweise,ADV,75,,,
verwertung,NOUN,75,,,
ehedem,ADV,75,,,
galgen,VERB,75,,,
haller,PROPN,74,,,
carlos,PROPN,74,,,
werken,NOUN,74,,,
bewiesen,VERB,74,,,
gelehrten,ADJ,74,,,
schimmern,VERB,74,,,
flamme,NOUN,74,,,
durchgaengig,ADV,74,,,
beabsichtigen,VERB,74,,,
fuehlbar,ADV,74,,,
waehlt,VERB,74,,,
gesichtspunct,PROPN,74,,,
gesetze,NOUN,74,,,
sueser,NOUN,74,,,
schieben,VERB,74,,,
jesus,PROPN,74,,,
wende,VERB,74,,,
schullectuer,VERB,74,,,
uralt,ADV,74,,,
schweifen,VERB,74,,,
versma,NOUN,74,,,
lehrbuecher,ADV,74,,,
erwuenscht,ADV,74,,,
herauf,ADV,74,,,
ex,X,74,,,
durchgefuehrt,VERB,74,,,
lehrling,PROPN,74,,,
schlingen,VERB,74,,,
palast,NOUN,74,,,
takt,NOUN,74,,,
materie,NOUN,74,,,
menschlichkeit,NOUN,74,,,
langweilig,ADV,74,,,
angethan,VERB,74,,,
vorwuerfen,VERB,74,,,
jacob,PROPN,74,,,
geschweige,ADV,74,Logik ,,
uberhaupt,ADV,74,,,
reform,NOUN,74,,,
erreichbar,ADV,74,,,
winckelmann,PROPN,74,,,
erlebnis,NOUN,74,,,
anhaenglichkeit,NOUN,74,,,
zeitlich,ADV,74,,,
speziell,ADV,74,,,
hochzeit,NOUN,74,,,
denker,NOUN,74,,,
gustav,PROPN,74,,,
mittelschule,NOUN,74,,,
mustern,NOUN,74,,,
ergaenzt,VERB,74,,,
uebertreibung,NOUN,74,,,
lustspiel,X,74,,,
hunnen,VERB,74,,,
ackerbau,NOUN,74,,,
ebenbuertig,ADV,74,,,
verfall,NOUN,74,,,
unsterblichkeit,NOUN,73,,,
anzufuehren,VERB,73,,,
ausgepraegt,ADV,73,,,
unmut,NOUN,73,,,
einheimisch,ADV,73,,,
pforten,ADJ,73,,,
schliest,NOUN,73,,,
sammen,VERB,73,,,
umwandlung,NOUN,73,,,
begleiter,NOUN,73,,,
angreifen,VERB,73,,,
finstern,NOUN,73,,,
nachsatz,NOUN,73,,,
beistimmen,VERB,73,,,
gaben,VERB,73,,,
mittelalters,NOUN,73,,,
lebte,VERB,73,,,
nachfolger,NOUN,73,,,
zweikampf,NOUN,73,,,
droben,VERB,73,,,
vollbracht,VERB,73,,,
strecken,VERB,73,,,
vorgaenger,NOUN,73,,,
schwaecher,ADV,73,,,
boehmen,PROPN,73,,,
schwelle,NOUN,73,,,
zusammensetzen,VERB,73,,,
gebaeud,ADV,73,,,
kraefte,NOUN,73,,,
recha,NOUN,73,,,
unwahr,ADV,73,,,
scheidung,NOUN,73,,,
schoe,ADV,73,,,
einesteils,ADV,73,,,
auswendiglern,VERB,73,,,
abscheu,NOUN,73,,,
fortlaufend,ADV,73,,,
wahrhaften,VERB,73,,,
homburg,PROPN,73,,,
praedikat,NOUN,73,,,
planmaessig,ADV,73,,,
blasen,VERB,73,,,
schlachtfeld,NOUN,73,,,
widerwille,PROPN,73,,,
hexamet,PROPN,73,,,
lebensverhaeltniss,PROPN,73,Welt,,
siebenjaehrig,ADV,73,Ereignis,,
getreten,VERB,73,,,
anfertigung,NOUN,73,,,
freiheitskrieg,PROPN,73,,,
sekundaner,NOUN,73,,,
polykrat,NOUN,73,,,
thematisch,ADV,73,,,
niederlegen,VERB,72,,,
erweckt,VERB,72,,,
wandrer,NOUN,72,,,
verrathen,VERB,72,,,
detail,NOUN,72,,,
deutlichkeit,NOUN,72,,,
entsteht,VERB,72,,,
entschliesen,NOUN,72,,,
dativ,NOUN,72,,,
geweiht,VERB,72,,,
sterblich,ADV,72,,,
eroberer,NOUN,72,,,
auftrag,NOUN,72,,,
samen,NOUN,72,,,
sprengen,VERB,72,,,
hervorhebt,VERB,72,,,
blank,ADV,72,,,
forscher,NOUN,72,,,
vorzufuehren,VERB,72,,,
erlangt,VERB,72,,,
stehlen,VERB,72,,,
teilung,NOUN,72,,,
schrieb,VERB,72,,,
entlassen,VERB,72,,,
ausfallen,VERB,72,,,
weglassen,VERB,72,,,
kundig,ADV,72,,,
umgestaltung,NOUN,72,,,
beseelen,VERB,72,,,
gluecklichst,PROPN,72,,,
bekunden,VERB,72,,,
entwickelnd,ADV,72,,,
hieran,ADV,72,,,
fingerzeig,NOUN,72,,,
unvergaenglich,ADV,72,,,
beeintraechtigen,VERB,72,,,
zutrauen,PROPN,72,,,
beliebig,ADV,72,,,
nachzuweisen,VERB,72,,,
verstandesmaessig,ADV,72,,,
vorliegen,VERB,72,,,
naturleben,NOUN,72,Welt,Natur,
uebersetzer,NOUN,72,,,
vorrat,NOUN,72,,,
tuermen,VERB,72,,,
voltaire,PROPN,72,,,
staatlich,ADV,72,,,
niederlage,NOUN,72,,,
giselher,ADJ,72,,,
artus,NOUN,72,,,
hamburg,PROPN,72,,,
behoerd,NOUN,72,,,
vorsehung,NOUN,72,,,
hurra,NOUN,72,,,
kehrreim,PROPN,72,,,
herwig,PROPN,72,,,
bewustseyn,NOUN,72,,,
johannes,PROPN,71,,,
ausgehend,ADV,71,,,
schlechterdings,ADV,71,,,
unterdessen,ADV,71,,,
verlobung,NOUN,71,,,
zerstoerung,NOUN,71,,,
jupiter,NOUN,71,,,
gefaehrt,VERB,71,,,
brand,NOUN,71,,,
zuvoerdern,NOUN,71,,,
hervorhebung,NOUN,71,,,
glatt,ADV,71,,,
anklage,NOUN,71,,,
schuechtern,ADV,71,,,
angeht,VERB,71,,,
sasen,NOUN,71,,,
zierlich,ADV,71,,,
we,X,71,,,
stattlich,ADV,71,,,
trieb,VERB,71,,,
eintretend,ADV,71,,,
bedingen,VERB,71,,,
beschrieben,VERB,71,,,
anstehen,VERB,71,,,
uebereinstimmend,ADV,71,,,
versicherung,NOUN,71,,,
erfunden,VERB,71,,,
kapelle,NOUN,71,,,
vermehrung,NOUN,71,,,
konrad,PROPN,71,,,
referent,NOUN,71,,,
geleistet,VERB,71,,,
plattdeutsch,ADV,71,,,
verschmelzen,VERB,71,,,
aufzufassen,VERB,71,,,
einleuchtend,ADV,71,,,
entwurf,NOUN,71,,,
handlungsweise,NOUN,71,,,
engl,PROPN,71,,,
geburtstag,NOUN,71,,,
verbessert,VERB,71,,,
heldenthat,VERB,71,,,
zusammenfassend,ADV,71,,,
psychisch,ADV,71,,,
troja,PROPN,71,,,
zuweisen,VERB,71,,,
volksleben,VERB,71,Welt,Nation,
sat,PROPN,71,,,
eugen,NOUN,71,,,
gluck,NOUN,71,,,
hauptwort,PROPN,70,,,
lateinischen,ADJ,70,Sprache,Klassik,
guetern,NOUN,70,,,
majestaet,NOUN,70,,,
ertoent,VERB,70,,,
ehrenvoll,ADV,70,,,
ausruf,NOUN,70,,,
verworren,ADV,70,,,
landes,NOUN,70,,,
schaf,NOUN,70,,,
belohnung,NOUN,70,,,
verzeihen,VERB,70,,,
fortgang,NOUN,70,,,
vergeben,VERB,70,,,
ausg,NOUN,70,,,
hauptaufgabe,NOUN,70,,,
auszudruecken,VERB,70,,,
abhalten,VERB,70,,,
zweite,ADJ,70,,,
zulaessig,ADV,70,,,
student,NOUN,70,,,
erstaunen,VERB,70,,,
unvermeidlich,ADV,70,,,
erkennbar,ADV,70,,,
vorschlagen,VERB,70,,,
episode,NOUN,70,,,
botschaft,NOUN,70,,,
wortbildung,NOUN,70,,,
lebensvoll,VERB,70,Welt,positive Bewertung,
genusses,VERB,70,Emotion ,,
untertertia,PROPN,70,,,
stufenfolge,NOUN,69,,,
ungeachtet,ADP,69,Logik,,
asche,NOUN,69,,,
egoismus,NOUN,69,,,
warnend,ADV,69,,,
doroteens,PROPN,69,,,
ruestig,ADV,69,,,
charakterisiert,VERB,69,,,
spater,PROPN,69,,,
frist,NOUN,69,,,
verstummen,VERB,69,,,
hauchen,VERB,69,,,
toecht,VERB,69,,,
klang,VERB,69,,,
wirt,NOUN,69,,,
erregend,ADV,69,,,
waelder,NOUN,69,,,
freud,PROPN,69,,,
einfluessen,NOUN,69,,,
gewerbe,NOUN,69,,,
adelung,NOUN,69,,,
selbsttaetig,ADV,69,,,
wachsend,ADV,69,,,
handwerk,NOUN,69,,,
nachlesen,VERB,69,Praktik,Lesen,
namhaft,ADV,69,,,
unterrichtsstunde,ADJ,69,Praktik,Zeit ,Schule
verhelfen,VERB,69,,,
pilgern,VERB,69,,,
verknuepft,VERB,69,,,
empfindlich,ADV,69,,,
panzer,NOUN,69,,,
vernachlaessigen,VERB,69,,,
kugel,NOUN,69,,,
dargeboten,VERB,69,,,
humanistisch,ADV,69,,,
durchmachen,VERB,69,,,
kennzeichnen,VERB,69,,,
modification,NOUN,69,,,
stoll,NOUN,69,,,
stolberg,PROPN,68,,,
feinde,NOUN,68,,,
festigkei,PROPN,68,,,
traulich,ADV,68,,,
entschlossen,VERB,68,,,
bewegend,ADV,68,,,
mehrmals,ADV,68,,,
erlaeutert,VERB,68,,,
unterscheidet,VERB,68,,,
fluegel,NOUN,68,,,
abwechselnd,ADV,68,,,
abwechselung,NOUN,68,,,
ermuedet,ADV,68,,,
benennen,VERB,68,,,
berichtet,VERB,68,,,
haeus,PROPN,68,,,
ueberlaest,PROPN,68,,,
anschauungen,NOUN,68,,,
falle,VERB,68,,,
fuerchterlich,ADV,68,,,
bar,ADV,68,,,
gaeben,VERB,68,,,
markt,NOUN,68,,,
anklingen,VERB,68,,,
gefaellen,VERB,68,,,
versuche,VERB,68,,,
testament,NOUN,68,,,
achill,VERB,68,,,
gleichartig,ADV,68,,,
zusammengestellt,VERB,68,,,
breslau,PROPN,68,,,
gefuerchtet,VERB,68,,,
verwirklichen,VERB,68,,,
erklaerlich,ADV,68,,,
akademisch,ADV,68,,,
ersichtlich,ADV,68,,,
verbindet,VERB,68,,,
corrigieren,PROPN,68,,,
hinweist,VERB,68,,,
betont,VERB,68,,,
ausbeuten,VERB,68,,,
rudolf,PROPN,68,,,
beiwoert,VERB,68,,,
tacitu,PROPN,67,,,
fueglich,ADV,67,,,
ferne,ADJ,67,Höhe ,,
herunter,ADV,67,,,
gestorben,VERB,67,,,
zweiten,ADJ,67,,,
wagnis,NOUN,67,,,
mythologisch,ADV,67,,,
beginnend,ADV,67,,,
uebersetzt,VERB,67,,,
geraeusch,ADV,67,,,
wanken,VERB,67,,,
langen,ADJ,67,Höhe,,
bedeutsamkeit,ADV,67,,,
aufgegeben,VERB,67,,,
strudel,NOUN,67,,,
traene,NOUN,67,,,
unreif,ADV,67,,,
verschmaehen,VERB,67,,,
hungern,VERB,67,,,
verurteilen,VERB,67,,,
durchgreifend,ADV,67,,,
bevorstehend,ADV,67,,,
mythu,X,67,,,
weitlaeufig,ADV,67,,,
unvollkommen,ADV,67,,,
publicum,VERB,67,,,
herbeigefuehren,NOUN,67,,,
korrektur,NOUN,67,,,
ausdruecke,VERB,67,,,
schief,ADV,67,,,
strasburg,NOUN,67,,,
wohlthat,VERB,67,,,
redet,VERB,67,,,
lasen,VERB,67,,,
liesen,VERB,67,,,
organisation,NOUN,67,,,
abstufung,NOUN,67,,,
schmieden,VERB,67,,,
anzugeben,VERB,67,,,
dichtwerk,NOUN,67,,,
ethik,NOUN,67,,,
verwunden,VERB,67,,,
zusammenfassung,NOUN,67,,,
scharen,VERB,67,,,
kaemmerer,NOUN,67,,,
beachtenswert,ADV,67,,,
schulleben,NOUN,67,Welt,Schule,
eingetreten,VERB,67,,,
volksepos,PROPN,67,,,
bertran,PROPN,67,,,
normann,PROPN,67,,,
griechischen,ADJ,66,Klassik,Sprache,
empfaengen,NOUN,66,,,
schilderungen,NOUN,66,,,
luise,PROPN,66,,,
vorbehalten,VERB,66,,,
bezieht,VERB,66,,,
grimmig,ADV,66,,,
genuessen,VERB,66,,,
umgebend,ADV,66,,,
gefahren,VERB,66,,,
tonlos,ADV,66,,,
busch,NOUN,66,,,
durchgehen,VERB,66,,,
zweckmaessigkeit,NOUN,66,,,
zieren,VERB,66,,,
vermochte,VERB,66,,,
zerfallen,VERB,66,,,
gedenkt,VERB,66,,,
auslassung,NOUN,66,,,
dreissig,NUM,66,,,
fuerchtet,VERB,66,,,
scham,NOUN,66,,,
silbern,NOUN,66,,,
heerd,PROPN,66,,,
verkuendet,VERB,66,,,
ebene,NOUN,66,,,
sprachgefuehl,ADV,66,,,
jahrbuch,NOUN,66,,,
verwandlung,NOUN,66,,,
mitbringen,VERB,66,,,
foerdernd,ADV,66,,,
erbauen,NOUN,66,Theologie,Narrativ,
jahrgang,NOUN,66,,,
anschlagen,VERB,66,,,
consequenz,NOUN,66,,,
allmaelig,ADV,66,,,
ausserordentlich,ADV,66,,,
leseunterricht,VERB,66,,,
zeitung,NOUN,66,,,
absprechen,VERB,66,,,
einwand,NOUN,66,,,
berechnung,NOUN,66,,,
kurfuersten,VERB,66,,,
beigefuegt,VERB,65,,,
unsichtbar,ADV,65,,,
erblickt,VERB,65,,,
erfordert,VERB,65,,,
eingepraegen,NOUN,65,,,
ueberblicken,VERB,65,,,
vorhaben,VERB,65,,,
erlaubnis,NOUN,65,,,
strebend,ADV,65,,,
menschengeschlecht,NOUN,65,,,
leidend,ADV,65,,,
eigenschaften,NOUN,65,,,
zittern,VERB,65,,,
vergegenwaertigen,NOUN,65,,,
durst,NOUN,65,,,
anlas,PROPN,65,,,
scherzhaft,ADV,65,,,
hoffmeister,NOUN,65,,,
schlaef,NOUN,65,,,
fehlend,ADV,65,,,
stillen,VERB,65,,,
objectivitaet,NOUN,65,,,
lenore,NOUN,65,,,
nebenbei,ADV,65,,,
peinlich,ADV,65,,,
einklang,NOUN,65,,,
ausreichen,VERB,65,,,
apostel,NOUN,65,,,
erschoepfend,ADV,65,,,
anziehen,VERB,65,,,
lebensanschauung,NOUN,65,Welt,Idealismus,
gesichert,VERB,65,,,
toent,VERB,65,,,
fliesend,ADV,65,,,
entschuldigung,NOUN,65,,,
ausgangspunkt,NOUN,65,,,
lerche,ADJ,65,,,
wendungen,NOUN,65,,,
braut,VERB,65,,,
sagte,VERB,65,,,
eschenbach,PROPN,65,,,
schenk,NOUN,65,,,
vorenthalten,VERB,65,,,
errichten,VERB,65,,,
rhetor,NOUN,65,,,
bischof,NOUN,65,,,
ueberwunden,VERB,65,,,
ieder,ADV,65,,,
schleiermacher,NOUN,64,,,
unbedenklich,ADV,64,,,
erquickend,ADV,64,,,
kammer,NOUN,64,,,
genitiv,ADV,64,,,
herausgegeben,VERB,64,,,
sonnen,VERB,64,,,
brennend,ADV,64,,,
bangen,VERB,64,,,
hafen,PROPN,64,,,
sorglos,ADV,64,,,
entworfen,VERB,64,,,
kleinigkeit,NOUN,64,,,
verehrt,VERB,64,,,
agamemvon,ADV,64,,,
anwesend,ADV,64,,,
piccolomini,PROPN,64,,,
evangelium,NOUN,64,,,
gelingt,VERB,64,,,
natuerlichst,PROPN,64,,,
hegel,PROPN,64,,,
landschaftlich,ADV,64,,,
schier,ADV,64,,,
theologisch,ADV,64,Theologie,,
ind,X,64,,,
anhaenger,NOUN,64,,,
fraglich,ADV,64,,,
abhaengigkeit,NOUN,64,,,
schreibweise,NOUN,64,,,
ausueben,VERB,64,,,
populaer,ADV,64,,,
demgemae,VERB,64,,,
denjenigen,PRON,64,,,
joseph,PROPN,64,,,
brauchbarkeit,NOUN,64,,,
zergliederung,NOUN,64,,,
hierfuer,ADV,64,,,
beruecksichtigt,VERB,64,,,
standpunct,PROPN,64,,,
confession,PROPN,64,,,
idealismus,NOUN,64,,,
lehmann,PROPN,64,,,
unterzeichnen,VERB,64,,,
wegweiser,PROPN,64,,,
grenadier,NOUN,64,,,
gellert,VERB,63,,,
ergebung,NOUN,63,,,
reichhaltig,ADV,63,,,
stille,ADJ,63,Tiefe,,
buche,VERB,63,,,
verwunderung,NOUN,63,,,
schein,NOUN,63,,,
stoert,VERB,63,,,
einzige,ADJ,63,Höhe,,
mitgefuehl,NOUN,63,,,
lerne,VERB,63,,,
gefilde,NOUN,63,,,
beigeben,VERB,63,,,
vergleicht,VERB,63,,,
sympathie,ADV,63,,,
at,X,63,,,
ter,X,63,,,
genaehren,NOUN,63,,,
aussteigen,VERB,63,,,
rauchen,VERB,63,,,
briefwechsel,PROPN,63,,,
unruhe,NOUN,63,,,
sinnbild,NOUN,63,,,
erstenmal,ADV,63,,,
befangen,ADV,63,,,
komoedie,NOUN,63,,,
erstaunt,ADV,63,,,
ueberzeugend,ADV,63,,,
ermessen,VERB,63,,,
unnoethig,ADV,63,,,
genoethigen,NOUN,63,,,
auffallen,VERB,63,,,
erhabenheit,ADV,63,,,
anheim,ADV,63,,,
praeposition,NOUN,63,,,
abneigung,NOUN,63,,,
literaturgeschichtlich,ADV,63,,,
etwaig,NOUN,63,,,
realistisch,ADV,63,,,
zweifellos,ADV,63,,,
grausig,ADV,63,,,
wartburg,PROPN,63,,,
eichendorff,PROPN,63,,,
leicest,NOUN,63,,,
aehnl,ADV,63,,,
versammeln,VERB,62,,,
anbetrifft,VERB,62,,,
haende,NOUN,62,,,
etymologisch,ADV,62,,,
recension,NOUN,62,,,
gemuether,ADV,62,,,
beobachtet,VERB,62,,,
unfruchtbar,ADV,62,,,
holde,ADV,62,,,
ausnehmen,VERB,62,,,
erloesung,NOUN,62,,,
irrig,ADV,62,,,
nebeneinander,ADV,62,,,
grade,ADV,62,,,
gepriesen,VERB,62,,,
anvertrauen,PROPN,62,,,
schos,NOUN,62,,,
hochherzig,PROPN,62,,,
geliebten,ADJ,62,Emotion ,,
ersticken,VERB,62,,,
laendlich,ADV,62,,,
general,X,62,,,
untergehen,VERB,62,,,
widerlegung,NOUN,62,,,
kreuzzuegen,NOUN,62,,,
erz,PROPN,62,,,
geschmuecken,ADJ,62,,,
gesandt,VERB,62,,,
november,NOUN,62,,,
erfaehrt,VERB,62,,,
erforschen,VERB,62,,,
zerrissen,VERB,62,,,
toten,NOUN,62,,,
spalten,VERB,62,,,
muehe,NOUN,62,,,
darstellungsweise,VERB,62,,,
trocknen,VERB,62,,,
gaert,VERB,62,,,
lehrbuechern,NOUN,62,,,
moench,NOUN,62,,,
eingeraeumt,VERB,62,,,
einigung,NOUN,62,,,
gefaehrdet,VERB,62,,,
guetig,ADV,62,,,
fremde,ADJ,62,Alterität,,
gymnasialunterrichts,ADV,62,,,
ausgeruestet,VERB,62,,,
abweichen,VERB,62,,,
handlungen,NOUN,62,,,
anlangt,VERB,62,,,
unmoeglichkeit,NOUN,62,,,
seitens,ADP,62,,,
ertoenen,VERB,62,,,
schulz,PROPN,62,,,
maedchenschul,PROPN,62,,,
abgethan,PROPN,62,,,
verklaerung,NOUN,61,,,
vergessenheit,NOUN,61,,,
gebet,VERB,61,,,
fremden,ADJ,61,,,
grundton,PROPN,61,,,
abbild,NOUN,61,,,
begabt,ADV,61,,,
durcheinander,ADV,61,,,
staunend,ADV,61,,,
verstaerken,VERB,61,,,
anhalt,NOUN,61,,,
frech,ADV,61,,,
hieher,ADV,61,,,
leichtsinn,NOUN,61,,,
geistern,NOUN,61,,,
versoehnen,VERB,61,,,
forschen,VERB,61,,,
sitz,NOUN,61,,,
daheim,ADV,61,,,
bestellen,VERB,61,,,
waelzen,VERB,61,,,
schulden,VERB,61,,,
analog,ADV,61,,,
faslich,ADV,61,,,
spannend,ADV,61,,,
zaertlich,ADV,61,,,
sonntag,NOUN,61,,,
teologie,NOUN,61,,,
mindest,ADV,61,,,
geknuepft,VERB,61,,,
liege,VERB,61,,,
sonderlich,ADV,61,,,
frische,ADJ,61,Bewertung,,
hiecke,NOUN,61,,,
staende,VERB,61,,,
kursu,PROPN,61,Schule,,
musterhaft,ADV,61,,,
wuerdigen,VERB,61,,,
wisse,VERB,61,,,
heranwachsend,ADV,61,,,
ausdauer,ADV,61,,,
graeslich,ADV,61,,,
kindes,NOUN,61,Alter,,
sprachform,NOUN,61,,,
leipziger,ADJ,61,Ort,,
kindern,NOUN,61,,,
hexameter,NOUN,61,,,
fuegung,NOUN,61,,,
sprichwoert,VERB,61,,,
gerechtfertigt,VERB,61,,,
intention,NOUN,61,,,
bayern,PROPN,61,,,
klaucken,VERB,61,,,
volksdichtung,NOUN,60,,,
horizont,NOUN,60,,,
dichterwerk,NOUN,60,,,
schlafend,ADV,60,,,
mythos,NOUN,60,,,
keusch,ADV,60,,,
geschaeftig,ADV,60,,,
begleitet,VERB,60,,,
weiber,PROPN,60,,,
ungebildet,ADV,60,,,
verteilt,VERB,60,,,
olymp,X,60,,,
aufgeregt,ADV,60,,,
dereinst,ADV,60,,,
betrachtungen,NOUN,60,,,
kuemmern,VERB,60,,,
allegorie,NOUN,60,,,
offenbart,VERB,60,,,
spotten,VERB,60,,,
krieger,NOUN,60,,,
errungen,VERB,60,,,
verwendet,VERB,60,,,
hirsch,PROPN,60,,,
empfehlenswert,ADV,60,,,
ueberschriften,NOUN,60,,,
september,NOUN,60,,,
bilde,VERB,60,,,
rad,NOUN,60,,,
grossenteils,ADV,60,,,
zornig,ADV,60,,,
gemischt,VERB,60,,,
draengt,VERB,60,,,
ausgestattet,VERB,60,,,
minister,NOUN,60,,,
enkel,NOUN,60,,,
unklarheit,NOUN,60,,,
unermeslich,PROPN,60,,,
stehe,VERB,60,,,
unumgaenglich,ADV,60,,,
uhlandsch,ADV,60,Beschreibung,Poetologie,Person 
gottheit,NOUN,60,,,
anzusehen,VERB,60,,,
etlich,ADV,60,,,
unnuetz,ADV,60,,,
schreibung,NOUN,60,,,
verglichen,VERB,60,,,
auslegung,NOUN,60,,,
eroertert,VERB,60,,,
herstellung,NOUN,60,,,
gesammtbildung,NOUN,60,,,
praegen,VERB,60,,,
altertuemlich,ADV,60,,,
festgehalten,VERB,60,,,
ersehnt,VERB,60,,,
anbringen,VERB,60,,,
gedankenkreis,NOUN,60,,,
lehrgang,NOUN,60,,,
hektor,NOUN,60,,,
examen,NOUN,60,,,
vorgeschlagen,VERB,60,,,
seicht,ADV,60,,,
vermutung,NOUN,60,,,
chrie,PROPN,60,,,
momentan,ADV,60,,,
schlau,ADV,60,,,
jaehrlich,ADV,59,,,
gewuerdigen,VERB,59,,,
stamm,NOUN,59,,,
ergreift,VERB,59,,,
antrag,NOUN,59,,,
gepflegt,VERB,59,,,
staerke,NOUN,59,,,
einpraegen,VERB,59,,,
hinziehen,VERB,59,,,
einfachen,ADJ,59,,,
empfang,NOUN,59,,,
vernichtung,NOUN,59,,,
erteilt,VERB,59,,,
verzeichnen,VERB,59,,,
blumen,PROPN,59,,,
ahnend,ADV,59,,,
erobern,VERB,59,,,
gedichtet,VERB,59,Gattung ,Poetologie,
nachkommen,VERB,59,,,
schlank,ADV,59,,,
schuetteln,VERB,59,,,
intensiv,ADV,59,,,
ausfuehren,VERB,59,,,
satire,PROPN,59,,,
bereicherung,NOUN,59,,,
leichnam,PROPN,59,,,
gastlich,ADV,59,,,
mahnend,ADV,59,,,
wortstellung,NOUN,59,,,
vorspiel,NOUN,59,,,
buechern,NOUN,59,,,
stroem,PROPN,59,,,
leder,NOUN,59,,,
sparsam,ADV,59,,,
ungerecht,ADV,59,,,
dichtend,ADV,59,,,
veredeln,VERB,59,,,
epheu,NOUN,59,,,
fortan,ADV,59,,,
heimkehr,NOUN,59,,,
selbstbewusstsein,NOUN,59,,,
petrus,NOUN,59,,,
klingend,ADV,59,,,
aussage,NOUN,59,,,
erholung,NOUN,59,,,
walde,PROPN,59,,,
baeumlein,PROPN,59,,,
geistvoll,ADV,59,,,
haeslich,ADV,59,,,
ruegen,PROPN,59,,,
ueberhebung,NOUN,59,,,
vorgelesen,VERB,59,Praktik,Lesen,
fischen,VERB,59,,,
abwesenheit,NOUN,59,,,
stock,PROPN,59,,,
pruefend,ADV,59,,,
einsilbig,ADV,59,,,
zusammengefast,NOUN,59,,,
beleidigen,VERB,59,,,
angehend,ADV,59,,,
berufung,NOUN,59,,,
fundament,NOUN,59,,,
herzustellen,VERB,59,,,
tropus,NOUN,59,,,
hinzuzufuegen,VERB,59,,,
aristotelisch,ADV,59,,,
fraenkisch,ADV,59,Nation,,
acker,NOUN,59,,,
raumer,NOUN,59,,,
tanne,NOUN,59,,,
gestaendni,VERB,59,,,
thema,NOUN,59,,,
horen,VERB,59,,,
kuessen,VERB,58,,,
seligkei,PROPN,58,,,
vorder,ADJ,58,,,
vaterlandes,ADJ,58,Nation ,Patriotisch,
unruhig,ADV,58,,,
charakterbild,PROPN,58,,,
specifisch,ADV,58,,,
dienstbar,ADV,58,,,
schicklich,ADV,58,,,
kreuzen,VERB,58,,,
rasen,VERB,58,,,
repraesentirt,NOUN,58,,,
erquicken,VERB,58,,,
streuen,PROPN,58,,,
gezwungen,VERB,58,,,
kraftvoll,ADV,58,,,
unstreitig,ADV,58,,,
braun,PROPN,58,,,
differenz,NOUN,58,,,
beschreibungen,NOUN,58,,,
idyll,PROPN,58,,,
hausfrau,NOUN,58,,,
goldne,NOUN,58,,,
andeutet,VERB,58,,,
liedern,NOUN,58,,,
verschlossen,VERB,58,,,
umbildung,NOUN,58,,,
kurfuerst,NOUN,58,,,
beredt,ADV,58,,,
sahen,VERB,58,,,
schriftwerk,PROPN,58,,,
hiervon,ADV,58,,,
direktor,NOUN,58,,,
hauptsaetzen,VERB,58,,,
geringschaetzung,NOUN,58,,,
bedrohen,VERB,58,,,
mischung,NOUN,58,,,
hagedorn,PROPN,58,,,
verfassung,NOUN,58,,,
fragt,VERB,58,,,
ausgebreitet,VERB,58,,,
herbart,NOUN,58,,,
kenntnisse,NOUN,58,,,
synthetisch,ADV,58,,,
stosen,PROPN,58,,,
punkte,NOUN,58,,,
schneider,PROPN,58,,,
barbar,ADV,58,,,
erzogen,VERB,58,,,
welsch,ADV,58,,,
aer,ADP,58,,,
aufsicht,NOUN,58,,,
goedeken,NOUN,58,,,
vorgeschrieben,VERB,58,,,
buergen,NOUN,58,,,
wisen,NOUN,58,,,
muese,NOUN,58,,,
jerusalem,PROPN,57,,,
charakters,PROPN,57,,,
eroeffnet,VERB,57,,,
ergiebig,ADV,57,,,
scheitern,VERB,57,,,
wendet,VERB,57,,,
stoest,PROPN,57,,,
vertraulich,ADV,57,,,
sentimentalitaet,NOUN,57,,,
neunt,ADV,57,,,
unglaublich,ADV,57,,,
praesens,PROPN,57,,,
aneinander,ADV,57,,,
bemueht,VERB,57,,,
denke,VERB,57,,,
kassandra,NOUN,57,,,
orakeln,VERB,57,,,
ernsthaft,ADV,57,,,
schade,ADV,57,,,
frommen,VERB,57,,,
ausuebung,NOUN,57,,,
erwaermen,VERB,57,,,
zitternd,ADV,57,,,
produktiv,ADV,57,,,
zusaetzen,VERB,57,,,
trifft,VERB,57,,,
liese,VERB,57,,,
rennen,VERB,57,,,
steil,ADV,57,,,
ernte,VERB,57,,,
huldigen,VERB,57,,,
oertlichkeit,NOUN,57,,,
berichtigung,NOUN,57,,,
vorbilden,ADJ,57,,,
durchgefuehren,NOUN,57,,,
grollen,VERB,57,,,
jahresseite,NOUN,57,,,
einladung,NOUN,57,,,
koenige,PROPN,57,Narrativ,Politik,
classikern,PROPN,57,,,
dresden,PROPN,57,,,
uebermaessig,ADV,57,,,
kriegslied,NOUN,57,,,
einschliesen,NOUN,57,,,
wirkungsvoll,ADV,57,,,
vorzutragen,VERB,57,,,
bettler,NOUN,57,,,
einlassen,VERB,57,,,
naturkunde,ADJ,57,Natur,Wissenschaft,
aelterer,ADJ,57,Alter,,
zustehen,VERB,57,,,
hinblick,NOUN,57,,,
vermittlung,NOUN,57,,,
otfried,NOUN,57,,,
aufsatzthema,NOUN,57,,,
gymnasiums,PROPN,57,,,
auftakt,NOUN,57,,,
tuerken,NOUN,57,,,
beziehungen,NOUN,56,,,
heimatlich,ADV,56,,,
dasehen,VERB,56,,,
hinan,ADV,56,,,
sinnvoll,ADV,56,,,
umsicht,ADV,56,,,
zuversichtlich,ADV,56,,,
versammelt,VERB,56,,,
productiv,ADV,56,,,
bittet,VERB,56,,,
wuensche,VERB,56,,,
contrasen,PRON,56,,,
unertraeglich,ADV,56,,,
umschreibung,NOUN,56,,,
lyriker,NOUN,56,,,
strahlend,ADV,56,,,
zehnt,ADV,56,,,
raeumlich,ADV,56,,,
denkmaeler,NOUN,56,,,
gewusen,VERB,56,,,
vo,X,56,,,
vertauschen,VERB,56,,,
pronomen,PROPN,56,,,
tiessinnig,PROPN,56,,,
allerhand,DET,56,,,
gesch,ADV,56,,,
geaeusert,VERB,56,,,
zerstreut,VERB,56,,,
weithin,ADV,56,,,
vorangehen,VERB,56,,,
bequemlichkeit,NOUN,56,,,
fluessen,NOUN,56,,,
bekommt,VERB,56,,,
teologe,NOUN,56,,,
schlesisch,ADV,56,,,
recensent,NOUN,56,,,
begann,VERB,56,,,
annaehernd,ADV,56,,,
begrifflich,ADV,56,,,
prufung,NOUN,56,,,
orthographie,NOUN,56,,,
einfache,ADJ,56,Bewertung,,
sonnenschein,NOUN,56,,,
ausstehen,VERB,56,,,
volksepo,PROPN,56,,,
waltend,ADV,56,,,
primanern,NOUN,56,,,
stufen,NOUN,56,,,
auslassen,VERB,56,,,
ergoetzen,VERB,56,,,
auswanderer,NOUN,56,,,
bezwecken,VERB,56,,,
geschmacklos,ADV,56,,,
knuepft,VERB,56,,,
treibend,ADV,56,,,
elemente,NOUN,56,,,
landsleute,NOUN,56,,,
boeses,ADJ,56,Moral,,
eingerichtet,VERB,56,,,
wahrhaftig,ADV,56,,,
sueden,NOUN,56,,,
sam,PROPN,56,,,
tempelherr,NOUN,56,,,
frevelhaft,NOUN,56,,,
ablegen,VERB,56,,,
nachbilden,VERB,56,,,
germania,PROPN,56,,,
februar,NOUN,56,,,
aufbewahren,VERB,56,,,
veranstalten,VERB,56,,,
verfehlt,VERB,56,,,
vermeintlich,ADV,56,,,
iphigeniens,PROPN,56,,,
mainz,PROPN,56,,,
gefangenschaft,NOUN,56,,,
herberge,NOUN,56,,,
social,X,56,,,
schwedisch,ADV,56,,,
civilisation,PROPN,56,,,
empirisch,ADV,56,,,
europaeisch,ADV,55,,,
toericht,ADV,55,,,
schauer,NOUN,55,,,
abweisen,VERB,55,,,
gefuehls,PROPN,55,,,
zuwider,ADV,55,,,
drueckend,ADV,55,,,
ausbleiben,VERB,55,,,
ununterbrochen,ADV,55,,,
nacken,PROPN,55,,,
trochaeisch,ADV,55,Beschreibung,Poetologie,
novelle,NOUN,55,,,
bemerkbar,ADV,55,,,
wandernd,ADV,55,,,
steuern,PROPN,55,,,
besteigen,VERB,55,,,
casus,PROPN,55,,,
gasse,NOUN,55,,,
physik,NOUN,55,,,
verkuerzen,VERB,55,,,
gestade,NOUN,55,,,
streifen,NOUN,55,,,
araber,NOUN,55,,,
vertheidigung,NOUN,55,,,
wirbeln,VERB,55,,,
mitarbeiter,NOUN,55,,,
nachts,ADV,55,,,
krankhaft,ADV,55,Disziplin ,,
hinterlassen,VERB,55,,,
plagen,VERB,55,,,
metall,NOUN,55,,,
erfolgreich,ADV,55,,,
muesig,ADV,55,,,
abbrechen,VERB,55,,,
jahresseit,NOUN,55,,,
moechen,AUX,55,,,
einschraenkung,NOUN,55,,,
funken,VERB,55,,,
schluessel,NOUN,55,,,
geworfen,VERB,55,,,
grauenvoll,PROPN,55,,,
gipfeln,VERB,55,,,
inschrift,NOUN,55,,,
folgendermasen,VERB,55,,,
elementarschul,PROPN,55,,,
unmittelbarkeit,NOUN,55,,,
teodor,PROPN,55,,,
gefuehlt,VERB,55,,,
arten,NOUN,55,,,
zerbrechen,VERB,55,,,
katechismus,NOUN,55,,,
verfolgung,NOUN,55,,,
koberstein,NOUN,55,,,
sammthei,NOUN,55,,,
insoweit,ADV,55,,,
mittelmaessig,ADV,55,,,
machend,ADV,55,,,
anzuwenden,VERB,55,,,
auffindung,NOUN,55,,,
mitschueler,NOUN,55,Schule,Typ,
abgerundet,ADV,55,,,
behael,VERB,55,,,
thueringer,PROPN,55,,,
geweckt,VERB,55,,,
achilles,ADJ,55,Klassik ,,
nebensaetzen,NOUN,55,,,
banner,NOUN,55,,,
tauri,X,55,,,
gleichgiltig,ADV,55,,,
landleute,NOUN,55,,,
keinesweges,ADJ,55,,,
liviu,NOUN,55,,,
verzeihung,NOUN,55,,,
ibiku,PROPN,55,,,
gewohnlich,ADV,55,,,
warwick,PROPN,55,,,
orleans,PROPN,54,,,
tauen,PROPN,54,,,
abdruck,NOUN,54,,,
getreide,ADV,54,,,
zerstoer,NOUN,54,,,
hernieder,NOUN,54,,,
hellenisch,ADV,54,Klassik,,
schwaermerisch,ADV,54,,,
bleibe,VERB,54,,,
fehlte,VERB,54,,,
absondern,VERB,54,,,
oeden,ADJ,54,,,
uebergewichen,VERB,54,,,
entschlus,X,54,,,
einkleidung,NOUN,54,,,
fliegend,ADV,54,,,
alterthuemlich,ADV,54,,,
neutrum,PROPN,54,,,
anhaltend,ADV,54,,,
wechselwirkung,NOUN,54,,,
durchdrungen,VERB,54,Praxis ,,
ohnmacht,PROPN,54,,,
stroemt,VERB,54,,,
ungestoert,ADV,54,,,
gereimt,VERB,54,,,
schaum,NOUN,54,,,
gegenstandes,PROPN,54,,,
abdrucken,VERB,54,,,
absatz,NOUN,54,,,
monde,PROPN,54,,,
staerkern,PROPN,54,,,
selbstsuchen,NOUN,54,,,
unzufriedenheit,NOUN,54,,,
kaempfer,NOUN,54,,,
monologen,NOUN,54,,,
neugierig,ADV,54,,,
verliert,VERB,54,,,
hofft,VERB,54,,,
briefe,NOUN,54,,,
unterrichtssweig,NOUN,54,,,
minnesaenger,PROPN,54,Mediävistik ,,
wipfel,NOUN,54,,,
intelligenz,NOUN,54,,,
unveraendert,ADV,54,,,
grosmutter,NOUN,54,,,
bemaechtigen,VERB,54,,,
allezeien,NOUN,54,,,
zukommen,VERB,54,,,
combination,NOUN,54,,,
heldendichtung,NOUN,54,,,
geliefert,VERB,54,,,
rasend,ADV,54,,,
ausbreiten,VERB,54,,,
berauben,VERB,54,,,
gewichtig,ADV,54,,,
traeumerisch,ADV,54,,,
aufschreiben,VERB,54,,,
verzehren,VERB,54,,,
geschlagen,VERB,54,,,
leistet,VERB,54,,,
studierende,ADJ,54,,,
propaedeutisch,ADV,54,,,
anvertraut,VERB,54,,,
allmaechtig,ADV,54,,,
schuljahr,NOUN,54,,,
behandelnd,ADV,54,,,
oedipu,NOUN,54,,,
feindschaft,NOUN,54,,,
nationalgefuehl,CCONJ,54,,,
waecht,NOUN,54,,,
standpuncen,VERB,54,,,
disponieren,VERB,54,,,
erwerb,NOUN,54,,,
ministerium,NOUN,54,,,
zweisilbig,NOUN,54,,,
actes,ADJ,54,Poetologie,Drama,
erzbischof,PROPN,54,,,
ziege,NOUN,54,,,
versunken,VERB,54,,,
meditation,NOUN,54,,,
dreissigjaehrig,ADV,53,,,
veralten,VERB,53,,,
