,0 Allgemeiner Diskurs der Literaturvermittlung (Institutionalisierung),1 Methodik,2 Unterstufe,3 Goethes und Lessings Dramen,4 Mittelalterliche Literatur,5 Oberstufe,6 Schiller Drama,7 Lyrik Drama Handlung (Religion Weltmodell),8 Lesebücher,9 Kanon Poetologie,10 Interdiskurs (Pädagogik Religion Nation Ästhetik),11 Sprachdidaktik,12 Mythos Fabel Phantastik ,13 Handlung (Religion Welt),14 Lyrik Epik (Form),15 Schillers Lyrik Dramen,16 Literaturvermittlung (Idealistische Poetologie),17 Literaturvermittlung (Praxis Methode),18 Drama Deklamation,19 Allgemeiner Diskurs der Literaturvermittlung (Verfächerung),20 Lyrik Drama Handlung (Figuren),21 Handlung (Dynamik Natur),22 rauschen_Nathan,23 Allgemeiner Diskurs der Literatuvermittlung (Institutionalisierung Verordnungen),24 Mittelalterliche Literatur (Nibelungen),25 Lyrik Handlung Autoren Gattung,26 Literaturvermittlung Patriotisch,27 Literaturvermittlung (Institutionalisierung Idealismus),28 Literarästhetik Genieästhetik,29 Jugendliteratur
A_L_1825_ARN_0912,0.031419729528814964,0.0007918572535769856,2.116993782083858e-05,2.6333011994565572e-05,1.669711034524012e-05,0.07668817584781193,3.890053247390201e-05,0.00026296776137354653,0.06877678082520182,7.674265562005752e-05,0.043901473819263515,3.7707840723309326e-05,4.202505959004511e-05,7.352828933130324e-05,0.008524421157882142,1.9073314312965458e-05,0.31104868716522605,0.11118068763461735,2.255539284669813e-05,1.6592277824251926e-05,0.00211299263280393,9.011339253581533e-05,2.2455761912981194e-05,0.13854480272676414,3.014051381507408e-05,0.0013894914006525225,0.0001420333276372189,0.12346052595604462,0.08118730462246249,3.403324871970055e-05
A_M_1787_BTT_0916,0.16689191639796247,0.0003362218089477214,8.988734721164145e-06,1.1180970923560666e-05,7.0895765860791606e-06,0.020643495316597597,1.6517127725134025e-05,0.05914846223860679,0.041397949935896426,0.002527097801800409,0.01974919490890328,1.601071198405209e-05,1.784379885727351e-05,3.1220039137266964e-05,0.0033422927118439585,0.0002852666155481565,0.0004161158946361695,0.2384532028439956,9.576997558823334e-06,0.15244950287022335,0.022516286785937936,0.0055816241596172095,0.011373427003494103,0.020022451892289222,1.2797632441631427e-05,0.0003128085733148888,0.04662454886777202,3.644570145483553e-05,0.04999346336229806,0.13776699871892478
A_M_1804_LEN_0927,0.18771094679482211,0.002103806264702911,1.3087848254909583e-05,1.627980525952892e-05,1.0322621083887874e-05,0.005036506395841508,2.40493982723207e-05,0.09661448600352217,0.046555376299805856,4.7444458265976654e-05,0.001312993168183325,0.007287472777068551,0.010518657684520205,4.545724703375933e-05,2.36975096935802e-05,1.1791656903241612e-05,0.005045085676623173,0.11231997822321962,1.3944375340435684e-05,0.2796804460784701,0.0009027467177511595,0.010548387238274788,1.3882780707847832e-05,0.10381267771563475,1.8633709483473086e-05,5.189351495957063e-05,0.015019694933339127,0.000860194927468345,0.0005538330320656475,0.11382622514342809
A_M_1833_BIS_0915,0.0808317024524001,0.00013234268265876475,2.0144261734875325e-05,2.5057186770004777e-05,1.588814118667487e-05,0.045020939167329826,3.7015815275987356e-05,0.0039771232482684596,0.0635811217485355,7.302450078611532e-05,0.036805267850941396,0.016806913732498478,3.998896014575385e-05,6.9965869420241e-05,0.04662267649070873,1.8149218902934894e-05,0.06739552113092395,0.1703935560284009,2.1462591949116252e-05,1.5788387764676893e-05,0.0007683201508265342,0.008160689159994176,2.136778809930483e-05,0.31941946335021937,2.8680216458492518e-05,7.987230042158528e-05,0.04672135415000093,0.08269454226326149,0.010169676804397693,3.238434971797199e-05
A_M_1834_NIE_0929,0.2944621471945015,6.687583148796936e-05,1.017936334798826e-05,1.266197848138025e-05,8.028646777523705e-06,0.030597156294905763,0.001274229755472452,0.041872645289198915,0.02365422519778353,0.00035078217745728655,0.051242201636068706,1.8131456740170502e-05,0.009122762181147749,3.5355378924287085e-05,1.8431262107805763e-05,9.17122186589255e-06,0.026837254607491402,0.13946362579447352,1.0845546226269487e-05,0.09825279417102402,0.024243221298689072,4.333016813299368e-05,1.0797639638938573e-05,0.15607409360975477,1.4492779535549222e-05,4.036132860721215e-05,0.03365358388883097,0.01510757087223408,0.044060242833166376,0.009432800595925927
A_T_1793_GED_0920,0.037851662007391505,5.4077502310729846e-05,8.231292721521101e-06,1.0238798611549694e-05,0.017011919044891816,0.002659966935738918,0.002299436373391067,0.007970429678510893,9.148394093719297e-05,2.9839070288330085e-05,0.009201583277280663,1.4661558173521273e-05,0.007630710421876515,2.858926076782778e-05,0.0015377780370718882,7.41608381698014e-06,0.026269910425382768,0.3764848661357175,8.769985180935268e-06,0.19696482836425622,0.0005677612043228505,3.503787863568928e-05,0.02234421729333522,0.24092866946287697,1.1719231019408726e-05,3.2637199305900044e-05,0.0028471611374959087,3.3374579006050126e-05,0.024206680286418262,0.022856343533265346
A_T_1820_BER_0914,0.010170018694185908,0.0010650373010617999,1.5607263093394077e-05,1.9413672809002462e-05,1.2309728836382186e-05,0.02621856792262318,2.8678914880689008e-05,0.01222513892157833,0.00017346168862324732,5.657753116161634e-05,0.04680331746891528,2.779961829992638e-05,3.098243212088077e-05,5.420778115234884e-05,0.0005095100611481886,1.4061554505485035e-05,0.24423539911606465,0.2552168037069275,1.6628671907895666e-05,1.223244241496455e-05,0.04246409226179142,6.643493417162303e-05,1.6555220289477113e-05,0.1300529103513926,2.2220704324359988e-05,0.0005431338061517998,0.00010471223539836102,0.17956981968807256,0.05022927573326753,2.5090572829573057e-05
A_T_1867_WEL_0932,0.09608464235486143,7.900162568987883e-05,1.2025065484587051e-05,1.4957823509966453e-05,9.484385216627667e-06,0.018717676902722833,2.2096496189210213e-05,0.023509364351688964,0.01793173765665388,0.008571842816570073,0.20847995248388793,2.1419016806645088e-05,0.002619425968022405,4.176594667690719e-05,2.1773182293738857e-05,1.0834129772254373e-05,0.1611102723242203,0.23446007837311894,1.2812039331789945e-05,0.031156080765019994,0.0071329301605701865,5.118670897629275e-05,1.2755446416289862e-05,0.01974081703418582,1.7120581809578954e-05,4.7679565308235284e-05,0.009721310155010321,0.0019027244153434378,0.15698372637818445,0.0015025058464570443
M_X_1782_MIE_0944,0.027539075010173462,1.9042140679652835e-05,2.8984591980223027e-06,3.605355928450092e-06,2.286066849611442e-06,4.290437566951104e-05,5.326024436687753e-06,0.1048718712420631,0.01352770923052372,1.0507137902108518e-05,0.0352360670054332,0.0017926455466565174,5.753815695967717e-06,0.009662474265359858,5.248094538062378e-06,2.6114022523376165e-06,0.00040230092280066164,0.21139842321375088,3.0881472782204415e-06,0.4200607340199941,0.00717110695731311,0.012256595083442656,3.07450641641521e-06,2.1394325111764457e-05,4.126655932566136e-06,1.1492434265949897e-05,0.023256722978037936,0.031024578983382917,0.10165167697338018,4.659625532442369e-06
M_X_1785_BAS_0936,0.1408905290298509,0.006284293525801272,2.4814568409401788e-05,3.086652087005805e-05,1.9571695977937397e-05,0.00036731707861894255,4.559767404161227e-05,0.12808971235887773,0.006397061308657731,0.0016202717509554037,0.04074736157765521,4.419964768523448e-05,4.926012182614207e-05,0.00850293062617129,4.493049307805184e-05,2.2356988802641435e-05,0.009565485572228902,0.418786388734757,2.6438544294843453e-05,0.136982822879989,0.016249620109026145,0.00010562737418539518,2.6321760833251145e-05,0.04226688144738116,3.5329524738729194e-05,9.83901365517075e-05,0.0001664858798781835,0.00010061308738484188,0.0041107018296352394,0.038297818151835986
M_X_1787_TRA_0955,0.07920807246100993,0.000623387267364212,1.666597057586946e-05,2.073058536069253e-05,1.3144750450891711e-05,0.001274489794616026,3.062432847381998e-05,0.0428603947367795,0.006865877300764847,6.0415427352790325e-05,0.02222779889381447,0.001571373607689726,3.308410315156556e-05,0.0015995731493023441,3.017623612242266e-05,1.5015409956060065e-05,0.05781398273735139,0.5053241738438573,1.7756665923705448e-05,0.03906916385166087,0.0032051353869671185,7.094150021618641e-05,1.767823176750597e-05,0.013484314042113294,2.3728029842825192e-05,6.608082371907212e-05,0.0001118153146800764,6.757380286605521e-05,0.11170679894827773,0.11257003279797165
M_X_1788_TRA_0954,0.02808748988239674,2.265661482173854e-05,3.4486287403750945e-06,4.289704710219298e-06,2.719995453228424e-06,0.0002637255427170511,6.3369810266206575e-06,0.05097905018024712,0.00014466727446518971,1.250154488047311e-05,0.01533972106647731,0.014680876046733925,6.845973263820605e-06,0.009050762956858303,6.244258904357434e-06,3.107084228143226e-06,0.03440069202452929,0.6820900900289522,3.6743223659828765e-06,0.05221497885039141,0.003428031856234154,0.014370397082112036,3.6580922710078967e-06,0.003747307941136884,4.90995500657638e-06,1.3673864767000734e-05,2.3137536818774775e-05,0.06328547807599394,0.027793982543539233,5.5440899570126385e-06
M_X_1793_MOR_0945,4.3808191644356395e-05,0.0023853355825191017,1.0724701038975223e-05,1.3340316985696158e-05,8.458764413148725e-06,0.00015875214066610012,1.9707029116962252e-05,0.015675965310750006,0.004748950132866912,3.8877867541584795e-05,8.382843469283163e-05,1.9102810882359432e-05,2.128991610947014e-05,0.003674913358004757,1.9418677683440237e-05,9.662550526133705e-06,0.11028778919559519,0.21175164882355768,1.1426573244790742e-05,0.08334397840951153,7.835296785536814e-05,0.050972945949872894,1.1376100164170907e-05,7.916197023262304e-05,0.0019994495029535737,4.252360074500484e-05,0.001064044306313919,4.348434617149691e-05,0.5133644412075958,1.7241260744025014e-05
M_X_1794_RAM_0947,0.09774711408796241,2.9162788733589688e-05,4.4389522515803225e-06,5.52155532403629e-06,3.501081400859438e-06,0.0004763334629937308,8.156736579676014e-06,0.13227670329808963,0.00018621057007354053,0.0008373434925089109,0.21479208113667378,7.90665073735846e-06,0.0002825625428171393,0.006174807164070268,8.037387961898484e-06,3.999328303708899e-06,0.067000651099494,0.17893981928431626,4.72945705884758e-06,0.12387564801401135,0.0055074432730528415,0.0004295211193919551,4.708566257878173e-06,0.025628450859764694,6.319919444048284e-06,0.0004282264866681755,2.9781814422433862e-05,0.005629886480209182,0.13966379723402925,7.136155396932746e-06
M_X_1796_NIE_0946,0.16719063960961947,0.02937181490170577,2.630394317963845e-05,0.0008438025981328412,2.074639262062565e-05,0.18207205927996903,0.0008594179177145552,0.046558498517979684,0.09356694462265065,9.535382059070179e-05,0.13484545674848766,0.0008579359815698239,0.0008633001862607277,9.135992561880863e-05,4.7627229192929795e-05,2.3698859211658977e-05,0.022305859651060213,0.15679847562353724,2.8025390383998287e-05,2.0616136750306686e-05,0.013980591319491765,0.00011196714780396311,2.7901597558454656e-05,0.07724708565220649,3.74500090414253e-05,0.00010429552989172351,0.005854062634409702,0.006595319608537897,0.05951110237833664,4.228678648551861e-05
M_X_1810_GLE_0959,0.0022108678482012623,0.0035558319714076724,0.0005412434482831605,0.0006732457287423401,0.00042688843283830746,0.04139028375811756,0.0009945545666884615,0.02341246303535335,0.006015468691317441,0.0019620491996589938,0.0042305693084068756,0.0009640614872428417,0.001074438118775746,0.0018798687648889875,0.0009800023359428519,0.0004876399022190921,0.15856996714043714,0.03871541318671573,0.0005766648303383939,0.00042420822113281933,0.003954238943457886,0.0023038935553494557,0.0005741176055625353,0.371159007448356,0.0007705906256483624,0.002146038403961142,0.0036313100525892394,0.2024657646589222,0.12303919408625429,0.0008701146431897985
M_X_1829_ARN_0935,0.07532174510496474,6.600567794620525e-05,1.0046914765696627e-05,0.0018712800800055936,7.924182200806001e-06,0.034845999140198904,0.00032825871423241475,0.02304978881986668,0.01746030302054734,3.6420840081493695e-05,0.019595750545893544,1.7895539654001032e-05,0.000329741564956147,3.4895353119644714e-05,0.00032798858621069796,9.05189069630034e-06,0.2730865873188391,0.1249473147950282,0.002798878708524175,7.874430358738485e-06,0.018661229694685786,4.2766378518311404e-05,0.0006302514305682666,0.15590212151979613,1.4304207024938522e-05,3.983616798854846e-05,6.740675143857723e-05,0.1598960615195409,0.09057611946543825,1.6151636909864142e-05
M_X_1829_KLU_0940,0.1756665405523839,0.0002611024929715717,6.98045451513531e-06,0.00043916825702694853,5.505609902378399e-06,0.0999759315122353,1.2826839636785513e-05,0.0698253377916403,0.005458648918048404,2.5304685420435714e-05,0.04310309793662936,1.2433568263669144e-05,1.3857103381541276e-05,2.424479861946708e-05,1.263915850154831e-05,6.289125841620479e-06,0.13484982145600505,0.22392121716843322,7.437286550856193e-06,5.471043025013992e-06,0.0013424541752142972,2.9713475926301778e-05,7.404434815201733e-06,0.14792324577860386,9.938361063197394e-06,2.7677607025271787e-05,0.02953508041163287,0.037265286564088076,0.030214121503337174,1.122192926123324e-05
M_X_1832_REI_0949,0.160719922330123,1.305927219647231e-05,1.9877895166370644e-06,2.472585683872455e-06,1.5678053087964077e-06,0.014985061065720666,0.0011682309155543582,0.0976653865592946,0.020248978532844897,0.00019108667117502526,0.07497760240245165,3.540645755276259e-06,0.024950438645173895,0.013736669054972294,0.010117042147303967,1.7909232686321877e-06,0.11667243600097671,0.15742154894734517,2.117879316592209e-06,0.006130917329526544,0.04126511101982979,0.010673546659340227,2.10852429026897e-06,0.0747928567069502,2.830097938628976e-06,0.023360740806068807,0.014539918176968999,0.013247475920570628,0.12310035897122583,3.195613307637139e-06
M_X_1833_TIT_0953,0.23535240199622284,8.191757840885316e-05,1.2468911064844753e-05,1.5509917289720313e-05,9.83445420088869e-06,0.0024914479172001894,2.2912078622863703e-05,0.013611669108458594,0.0005230610526964812,4.520076326651209e-05,0.057384911026789186,2.2209593453007632e-05,2.4752398186416436e-05,4.330752920396988e-05,2.257683120040035e-05,1.1234017874445328e-05,0.19397042473527631,0.17160081634370558,1.3284932143790964e-05,9.772708748825122e-06,0.001629013988634043,5.3076012163554755e-05,1.3226250381835054e-05,0.0785258594866386,1.775250307249114e-05,4.943941970219207e-05,8.365640681330476e-05,0.16537675200166674,0.07896146474650571,2.0045290407795734e-05
M_X_1841_GNT_0939,0.10076910483413326,3.816113962762478e-06,5.808617214916984e-07,7.225263866466568e-07,4.581360767874394e-07,0.04233205856060836,0.0014339394787800707,0.057608674713978576,0.011433610983127099,0.004246989336411547,0.09092027652113126,1.0346294571879194e-06,0.001487757914355093,0.0016139986122793866,0.007237055964324205,5.233344698573379e-07,0.053258089271141645,0.3941172052839214,0.0017558872280351583,0.004925953186587693,0.0069715843876593285,2.472535382994216e-06,0.0051410448877609255,0.12219245789072548,8.26996795618115e-07,0.00872491218147197,0.024506010440620514,2.3551604919637137e-06,0.051500511145520844,0.0078100868826808945
M_X_1842_HIE_0933,0.1065229576825874,9.244260494203024e-06,1.4070955733967115e-06,0.0012599983696785862,1.10980156173048e-06,0.1611633612466123,0.001651324481272331,0.06969839070912882,0.03411850103379692,0.011199170148293535,0.02756229304661708,2.506315144293374e-06,0.0005234476532714742,4.887181592742682e-06,2.5477573044028786e-06,0.00130290370722012,0.2764892303180496,0.10453524268634282,1.4991821751867388e-06,1.1028336916555236e-06,0.02083645549363942,5.989538411213118e-06,8.82682911880026e-05,0.06769545645720873,2.0033400158287853e-06,0.02382551735593685,0.008470074271532122,0.042135322679845696,0.0408875249846158,2.2620771977261767e-06
M_X_1843_WAC_0956,0.010598195974878028,0.0004300017930252586,2.244501821915728e-06,2.791906801925123e-06,1.7702789166309832e-06,0.015536114337799297,4.124353918754515e-06,0.05587981079244965,0.02099537306504212,8.136492030142735e-06,0.03067727754640132,0.010662234879999765,4.455625879218426e-06,0.003260634253547243,0.0072710437651091345,2.0222113587543127e-06,0.045089969993050365,0.35132869598843114,2.3913920185729464e-06,1.7591642508088472e-06,0.0012621659335366813,0.012328815022310782,0.28403747538404206,0.028738439663990825,3.1955898380021876e-06,0.0031233193798833885,0.01800948487790093,0.0535079134392195,0.04722653408300046,3.6083095474133587e-06
M_X_1844_DIE_0937,0.014030449411950863,2.1798929413392002e-05,3.3180779686602386e-06,4.127314292894448e-06,2.6170277138128884e-06,0.022148747024951933,0.0004153495198184513,0.01313729412753163,0.2167360396636955,1.2028288274835659e-05,0.054865761087558626,5.910152245539562e-06,6.5868131280056255e-06,0.001341594882825999,0.07571770753705763,0.0004122418935081431,0.10031813631825888,0.21079771930881164,0.005733069256085562,2.600596750187306e-06,0.00012655445996919345,0.0010372550321140676,3.519612079332556e-06,0.18868986215056432,4.724084487175661e-06,0.001547852843723097,0.0006361402915904527,0.06242444913626044,0.02981121094364965,5.334213720156288e-06
M_X_1844_DIE_0938,0.03339189823753721,0.0004016367003026209,4.053869232184071e-06,0.0038800819171610464,3.19735950420803e-06,0.00768508475967177,7.4491324937336055e-06,0.16155199665768236,0.02092026741419582,0.0001396968580234107,0.3357850971131845,7.220741818610879e-06,8.047453775943002e-06,0.009014171484100414,7.340137473717387e-06,3.6523830491838407e-06,0.0386880570247561,0.12141620565171933,4.319172491430221e-06,3.1772849373877153e-06,0.025154872142511542,0.0071423283492085335,4.300093985853729e-06,0.010530029381900336,5.771660863211158e-06,0.000891082540519324,0.1164033803343154,0.06689211611360799,0.033046879837474445,0.007006588192502365
M_X_1846_SEI_0957,0.03783837302498017,0.004173246870889607,4.212213942466112e-05,0.005247748670741819,3.3222488223789035e-05,0.07076078406207695,7.740096671168924e-05,0.13690125986498902,0.02124956632859498,0.00015269600067813367,0.117224696460562,7.502785023707891e-05,8.361788467980733e-05,0.00014630032837513988,0.006570460300424272,3.7950456519068365e-05,0.004547638809351308,0.1562759454312096,4.487879984850084e-05,3.3013901401159976e-05,0.011997283025398023,0.010570006926365718,4.468056270125221e-05,0.1120110150541756,5.997102759554465e-05,0.002764691658661414,0.08730477671045264,0.11706624175721123,0.08490812083397863,0.011757261803541285
M_X_1848_SCH_0951,0.01875682515347349,2.4648654287426835e-05,3.7518428174729087e-06,4.666868781116016e-06,2.9591458440504887e-06,0.09295321692813488,6.894147946642368e-06,0.036719785881571335,0.026881377108352165,1.360071927081855e-05,0.05521263038605416,6.682773118062777e-06,7.447892351463509e-06,0.00012871932255704866,6.793273409362869e-06,3.3802686581376103e-06,0.13275244100503283,0.11699783504958547,0.00011968564956376727,2.940566897610694e-06,0.002456864027891542,0.007072954784387021,3.979723027866828e-06,0.13561434516923743,5.341653396861477e-06,1.4876113138112868e-05,0.013329322846134521,0.29270653389806073,0.0681834676035704,6.031543448303791e-06
M_X_1849_SCH_0952,0.04127373122369843,0.00014624080196844807,2.2259734591947894e-05,2.7688596110500574e-05,1.7556652640314173e-05,0.11358221240763362,4.0903073768225575e-05,0.00027650494885496845,0.0023065385908139077,8.06932528777768e-05,0.0001739907434938784,3.9648984028195e-05,4.418844687226121e-05,7.731341581474379e-05,4.0304583763135324e-05,2.0055180038247e-05,0.25293196023483855,0.12925894476976252,2.3716510772667554e-05,1.7446423497765395e-05,0.0001626260967661039,9.475229535406403e-05,2.361175098733158e-05,0.20333280890399283,3.169210243631748e-05,8.826018208226088e-05,0.0008357250711332376,0.23895052210007936,0.016042317691810255,3.5785229518084426e-05
R_X_1889_HER_0988,0.01639584517986815,0.0001926551719596511,2.932459982346899e-05,3.647649064548154e-05,2.3128838791415743e-05,0.0013383022837668592,5.3885021173475025e-05,0.10977555679040764,0.005751271837562254,0.021807717584507377,0.05448274660516989,5.223290445046531e-05,0.003675115391566311,0.015473686062526982,5.3096580510576635e-05,2.642035674683903e-05,0.0040702017050270435,0.3999568534834891,0.000935469301038959,0.032575104101062034,0.020107203396925,0.0245389154368746,0.0976874671523397,0.0056418063553070425,4.17506425186928e-05,0.00011627247886616969,0.017377030385483116,0.031766794357047164,0.13506630107649087,0.0009513684280536796
V_X_1835_ALT_0967,0.23311338863687478,0.00040666796044020197,6.190010410638154e-05,7.69967393240853e-05,4.882172434293728e-05,0.0619944491581533,0.00011374369779952556,0.04466884564104604,0.0064140467761198755,0.004041778539527959,0.1837183581586563,0.00011025631185851267,0.019209809163398678,0.000214993959967688,0.00011207941049777505,5.57696556134491e-05,0.09448280569594969,0.0025190523026171713,6.595112263374812e-05,4.85151979838227e-05,0.05198694191745549,0.0002634881796325105,0.03633082578999384,0.25622175654364104,8.81297318283296e-05,0.000245434842754882,0.00041530012235866764,0.0021596729547800333,0.0007107080179699262,9.951194267345238e-05
V_X_1835_ON_0966,0.5784769779258305,0.0032321760210728447,0.0004919788418492302,0.0006119661216357354,0.030728419175362124,0.007282505500354438,0.0009040290564760185,0.006111240183090789,0.020638127065289,0.0017834612057870767,0.034185884605867016,0.0008763114924894995,0.000976641514997907,0.01687895424091592,0.0008908013866515475,0.0004432543527209749,0.0076050050083449556,0.12621265124212028,0.0005241761286256529,0.01555578960822717,0.003594319528427373,0.0020941904917281115,0.0005218607552033386,0.1098227844236718,0.0007004505731180973,0.0019507034993103715,0.003300783999760621,0.017164969500531858,0.005648670751391499,0.0007909157991481444
V_X_1835_ON_0968,0.21731445648484668,0.0001478646637238732,2.250690727702095e-05,2.7996051018296793e-05,1.7751602178282658e-05,0.0634873092793231,4.1357262587471004e-05,0.0044435852430913915,0.0051081571073050246,0.009797612550071154,0.016831962645052705,4.008924740160523e-05,4.4679116561852906e-05,7.817190604067901e-05,4.075212693344291e-05,2.0277873290909146e-05,0.0850161144368292,0.1889903791940947,2.3979859539205174e-05,1.764014904840265e-05,0.0001644319012708516,9.580442736232125e-05,0.01529191051490337,0.36798701088443525,3.204401238485875e-05,8.92402254920417e-05,0.005703016623138849,0.015359293028699178,0.003728422086439628,3.618258965862896e-05
V_X_1835_ON_0969,0.21869497980625416,0.019111348873744646,9.221317535990596e-06,1.147027768035832e-05,0.0017133118689700733,0.0012738575743381783,1.6944507125942753e-05,0.0023892634055226606,0.00010248723953408039,3.3427986516386075e-05,0.0003564172128490017,0.0003007647962732508,1.8305505770889513e-05,0.0020224065137275948,1.669657665955479e-05,8.308058778069752e-06,0.039950116222735914,0.050134732086044555,9.824801629019403e-06,7.227355307212776e-06,0.012293981245326715,3.925208537930425e-05,0.013942432013308111,0.6364205561845947,1.3128770190015604e-05,3.6562662569179135e-05,0.0003462074636099036,3.738873115764028e-05,0.0006745544678733281,1.4824388993565441e-05
V_X_1835_ON_0970,0.10334958265146114,0.00031851546761233,4.8482158720726565e-05,6.0306330510740855e-05,3.8238749720775074e-05,0.01716210492963784,8.908773401611191e-05,0.0035921332506697705,0.00053883868487852,0.00017575156062854723,0.015328454400003026,8.635630082785679e-05,0.0015911932430847312,0.00016839020614953042,0.0015827341095344897,4.368059366434489e-05,0.051577733389369926,0.04981139980871052,5.1655047136016694e-05,3.799866838635374e-05,0.0003542029759150213,0.00020637244363958532,0.019485775565573463,0.659630765630291,6.90260494420663e-05,0.0001922324877126017,0.001820226354371214,0.06597437119757714,0.0065364490465357385,7.794096421890795e-05
V_X_1869_ONJ_0971,0.12968846107447063,0.00024863613688014827,3.784562408317092e-05,0.018718624440224024,2.9849523732618622e-05,0.01339689875165019,6.954271387577279e-05,0.10316362720222619,0.0004206224897462044,0.00013719330308481243,0.1846773600997018,0.0012343823290742108,7.512844963352391e-05,0.00013144696130245413,6.852517129651966e-05,3.4097477735532654e-05,0.07410424058809578,0.07622633955648545,4.032241029466407e-05,2.966211400970933e-05,0.007278324921949402,0.00016109624920167078,4.014429948033779e-05,0.3410351137951261,5.388237628152507e-05,0.00015005846807381742,0.006088772813558345,0.04216443347804201,0.00043452573899972443,6.0841441683734924e-05
V_X_1886_ON_0980,0.0006938680451501313,0.0011159772307921206,0.015883357780506095,0.00021129426532127916,0.0001339764575398335,0.24345464480106854,0.00031213517965115285,0.00211003511311474,0.0018879199427962753,0.0006157777561256717,0.06941953684343645,0.0003025651036094057,0.0003372061689332797,0.005827816458520698,0.0003075680464739053,0.00015304295368230475,0.028814941832805262,0.19023684664392157,0.00018098291078739702,0.015846626953585536,0.0012410149471330475,0.0007230636235381117,0.0054180140340512805,0.2421940340819553,0.00024184539635178207,0.0006735217002613315,0.0011396655885941242,0.1368723331593608,0.03337730654918367,0.00027308043174892137
V_X_1886_ON_0981,0.132235535843591,0.00032334937882458467,4.9217942299437006e-05,6.12215621929291e-05,3.881907545001982e-05,0.25265642626880275,9.043976316421904e-05,0.0006113731752747609,0.041523237556635735,0.00017841883278918092,0.001902344404480359,0.0016053047008632887,9.770396944658147e-05,0.0016885835837607518,8.911645688598619e-05,4.4343506875608494e-05,0.18591262510537326,0.06119082122200007,5.243898366943567e-05,3.857535055045858e-05,0.00035957849425177443,0.0002095044299028834,5.220735192878444e-05,0.30540849383310265,0.001587711439027447,0.006265701177258558,0.00033021297385977687,0.0047524724189452645,0.0005650973730201671,7.912382577240173e-05
Z_B_1852_KAL_0886,0.00013248317742931508,0.00021307827980768086,3.243326002035409e-05,4.0343312879178644e-05,2.558069494576652e-05,0.210497158969475,5.959729760823241e-05,0.086409867070125,0.0933680265552705,0.00011757306636620148,0.040256761714924164,5.777004228048995e-05,6.438420823858692e-05,0.030115086573006274,5.87252754430761e-05,2.9221142159115026e-05,0.11451061768249626,0.09232728139284352,3.455583701989434e-05,2.542008699119556e-05,0.025238983975178687,0.04414163342706113,0.0020345657351063828,0.06924500634509656,4.6176570284921574e-05,0.00012859836325062254,0.02021922656857281,0.02713369806474122,0.02737457775781812,0.11606156755355981
Z_B_1852_KAL_0887,0.02648537899209995,0.000224530253336853,3.4176397967370985e-05,0.0010963425978661944,2.695553916565207e-05,0.207056774918199,6.280037713016062e-05,0.10264613957880553,0.007756659234889716,0.00012389207572269058,0.11724237904273209,6.0874915266945696e-05,6.784456210060655e-05,0.030679802384488315,6.188148780068689e-05,3.0791643604876646e-05,0.13752633085648802,0.06778217788344171,3.641305367842657e-05,2.6786299275221755e-05,0.005518842443880093,0.00014547757256341097,3.625221114457562e-05,0.11828133944163813,4.865834769108504e-05,0.0022431719678550877,0.00022929625826209921,0.01805369884811379,0.06889141358723906,0.08752291722755273
Z_B_1852_KAL_0888,8.029026432402745e-05,0.00012913421718463552,1.9655891943816915e-05,2.4449709899994057e-05,1.550295515733484e-05,0.18272418308182625,3.6118417981903675e-05,0.06933847261598629,0.18871259056640727,0.0006773445784583253,0.0037901808313364985,3.501102596354568e-05,3.901948306250021e-05,0.009765716936245958,3.55899366192479e-05,1.7709216168649803e-05,0.11000621311883403,0.09050129273306494,2.094226106364056e-05,1.5405620119217084e-05,0.000749693290410225,0.017054201364354614,2.0849755602170852e-05,0.1850026745647213,2.7984904239872227e-05,0.0006840263626537062,0.0013440562039932218,7.96967306117228e-05,0.05356163985935212,0.08549035350241292
Z_E_1843_HIE_0021,0.1745362258450371,0.00011579911669521926,1.7626117806532003e-05,2.1924900089226963e-05,1.3902035823844882e-05,0.07091620454215268,3.238863401133316e-05,0.10457138201582725,0.11107036145675554,6.389603503765356e-05,0.00013777259245393482,0.014162454464983258,0.007644021817338371,6.121974947846037e-05,3.1914726503937785e-05,1.5880466342721885e-05,0.34050488174082433,0.13876687780550837,1.8779649465817953e-05,1.3814752130310612e-05,0.02295586872006634,0.002792539848718169,1.869669662062155e-05,0.011000148509766685,2.5095031064803425e-05,6.988782191368263e-05,0.00011825713360967302,7.146681344061605e-05,0.00020237483331620636,2.8336127217244905e-05
Z_E_1843_HIE_0030,7.56588005557706e-05,0.0006928139714653475,1.8522061433517842e-05,2.3039352785098796e-05,1.4608682660954232e-05,0.04367995607571842,3.403496308661467e-05,0.2241125397197688,0.00534601583122534,6.714389971267771e-05,0.0007159043690434245,3.299144987166406e-05,0.05657851322277127,6.433157733487976e-05,3.3536966643941987e-05,1.668767770766874e-05,0.13164592240417639,0.02302778411470195,1.9734227634454287e-05,1.4516962297370426e-05,0.045254489133592916,0.01835496170955275,1.9647058258209482e-05,0.025837509406015473,2.6370622967587035e-05,0.2839244204155425,0.00012426819777968187,7.509950424331664e-05,0.14013920115593262,2.97764655193265e-05
Z_E_1843_HIE_0031,8.147541970640189e-05,0.0007460772400428045,1.994603031026409e-05,0.004945105709183698,1.5731792500219595e-05,0.003985471980230059,3.665155780694337e-05,0.1453964701309154,0.014982568760739483,7.230589659933123e-05,0.011841606793223627,3.552781970202052e-05,0.03386662425712821,0.04558200703823368,0.0055714472630018,1.7970619877263915e-05,0.06980749386362001,0.08138154484724724,2.1251387377118603e-05,1.5633020710768533e-05,0.020441939826761003,0.1876711543093118,2.115751645314254e-05,0.00014722713966029564,2.8397986201481772e-05,0.22641266090617668,0.00013382188847673327,0.0013109468998911127,0.14537771643030786,3.2065668603509104e-05
Z_E_1843_KEH_0025,0.007261715719576602,0.02189066492127165,4.195467705566867e-06,5.218688044740252e-06,3.309040764436523e-06,0.0009676755767167028,0.004923673035134157,0.16680677881953163,0.0009522013804420291,0.006612949662733896,0.09692902548642782,0.018765755535382424,0.056800646145409216,0.020583998972681917,7.596522719804437e-06,3.779957925025359e-06,0.022445425134684602,0.06446636705851716,4.47003779961728e-06,3.288265008738923e-06,0.08308456463341361,0.030677948168509033,4.450292896801674e-06,3.0967901894237865e-05,5.973260451235762e-06,0.01657567074817698,0.013094262300197022,1.7010932929244424e-05,0.3661580993462451,0.0009123169868089932
Z_E_1843_VIE_0018,3.091596823479961e-05,4.972345514263276e-05,7.568550634100285e-06,0.2539232145424452,5.969451878442205e-06,0.0022124231875288924,1.390748769381729e-05,0.057504671687134024,8.411811639013522e-05,2.7436579161039703e-05,0.0030930552443322536,0.00048023439265607943,0.021485676766142263,2.6287397986353662e-05,1.3703994615819537e-05,6.818978230332397e-06,0.14341026047188743,0.027379697463136315,8.06387029933638e-06,5.93197277718483e-06,0.13237985774676433,3.221680573603388e-05,8.028250838715337e-06,0.0002892422099184138,1.0775657768944314e-05,0.012398972106648769,5.077891305348503e-05,0.0007308173901525287,0.34431746397554375,1.2167365268519196e-05
Z_E_1843_VIE_0019,0.000892006530579073,3.0991052080834615e-05,4.71723749294982e-06,5.867710738422068e-06,0.00029463309944031735,0.00021528306431765594,0.003063249655282956,0.14304210459820796,0.003979747301078548,1.7100349347418702e-05,0.02170985520847725,0.01440857254044927,0.19433893401090696,0.011652885279951824,0.02226334976947728,0.006695238230588293,0.028436890642750873,0.03190143579265945,0.0002959384839952482,3.6972104362515617e-06,0.09152645390838542,0.1063486092339454,5.003754046192726e-06,3.48192283066931e-05,6.716125622498755e-06,0.0989289639370927,0.03115928953872681,0.009182871177695064,0.17940173553043157,0.0001530397974887917
Z_E_1843_VIE_0020,6.275580826700022e-05,0.019050027951637145,1.5363274694985757e-05,0.05734012297544681,1.2117290802522117e-05,0.008754507333335755,2.8230577304269895e-05,0.09114649548910186,0.00017074996143961947,0.0010031478113889758,0.007699723386317031,2.736502677002307e-05,0.149254622306342,5.336035072040922e-05,0.00902863770130925,1.3841730174826015e-05,0.0409780399272304,0.015310764038474853,0.008543461528547102,1.204121260000023e-05,0.02711470222623662,0.15923779552748385,1.629641247291406e-05,0.0024820374515311136,2.1873327976107097e-05,0.21134332641917047,0.0019979847825958613,0.0038521109232637256,0.18540379891554748,2.469833181696234e-05
Z_E_1843_VIE_0024,4.225704800117143e-05,6.796379187572114e-05,1.034496493900752e-05,0.22617503012584306,8.159259727925198e-06,0.014188582636010054,1.9009250190386197e-05,0.11081717717838288,0.012555489497900696,0.0003564888297008777,0.021134037564992703,1.8426425883232136e-05,0.029367389290514072,0.0003549180878857762,1.8731108593799294e-05,0.0003283079574221563,0.12711695122710157,0.03965645973283004,1.1021985523025516e-05,8.108031955634667e-06,0.09258196376168211,0.04342633980891582,1.0973299573880793e-05,0.006775097263900703,1.4728553352371728e-05,0.029068883606212,6.940642939117497e-05,0.00036093220390268966,0.24542019028899742,1.6630788798031455e-05
Z_E_1843_VIE_0026,0.006711120651224294,5.0826597072895416e-05,7.736463051526673e-06,0.07897107761769706,6.101887419152421e-06,0.00011451881652930484,1.421603288191118e-05,0.12295153542821897,0.006288394632623181,0.01982804741811293,0.03465083639476324,0.008840287148426459,0.0949599464696589,0.01100036576209463,0.0016838877240487329,6.970260975786228e-06,0.043059353868770085,0.01796785276843219,8.242771653272474e-06,6.063576823623642e-06,0.12315051060369978,0.08758233862137169,8.206361955520248e-06,0.002919755875478963,1.1014721604652928e-05,0.05609092222503719,5.190547089227111e-05,3.1368243856215374e-05,0.2827756040380398,0.0002509915475857845
Z_E_1843_VIE_0032,0.0005699641308292106,0.002623691077380644,1.632206884475991e-05,2.0302810442934134e-05,1.2873508976266172e-05,0.009300860280998456,2.9992396506325505e-05,0.22718737137188785,0.006724200158196413,0.003078919834421842,0.0358613007204148,0.006068574983210676,0.27533304129797537,5.669047356962986e-05,0.0025460127816418396,1.4705567486718059e-05,0.03799919487660286,0.05401316956002573,1.7390257731509435e-05,1.2792682870907715e-05,0.052964890304317634,6.947762479286249e-05,1.7313442061432465e-05,0.005153396144858415,2.3238402761004852e-05,0.0735453267967936,0.00010950800949745993,6.617941976202292e-05,0.20653705930516553,2.6239709975292943e-05
Z_E_1843_VIE_0038,0.0014188873673072373,0.028087387490889255,2.1578428433960905e-05,2.684112818772837e-05,1.7019294231655903e-05,0.0003194141910019027,3.965114886661561e-05,0.08077805017834354,0.026854704961521682,7.822346556443131e-05,0.00016866538956903895,0.0020345513501411395,0.2568764159939154,0.0014056910135155812,3.907097691128814e-05,1.94413489252499e-05,0.07418984773160094,0.01684707101026334,2.2990616905036798e-05,1.691243888466151e-05,0.04407219853476696,0.08858632407621019,2.2889063514034236e-05,0.0034861361644308274,3.072209875275028e-05,0.028696553459230764,0.0008101459414722238,8.749184228532002e-05,0.34491043334731586,3.468994704133522e-05
Z_E_1843_VIE_0040,4.008340963682743e-05,0.03213787369106303,9.812835655660587e-06,1.220605942294521e-05,7.739559800737348e-06,0.00044783357478894655,1.8031443234015477e-05,0.12629746094139754,0.0031348544742295244,3.557228527319082e-05,0.027006258685031252,1.7478598523961222e-05,0.17067420522978546,0.03271264679444919,1.7767608818683745e-05,8.84099426015579e-06,0.04523600251027617,0.015225723441652328,1.0455031329172972e-05,7.690967107242843e-06,0.1356272176494652,0.13801793101127394,1.0408849711302468e-05,0.006124017250934184,1.3970938939336651e-05,0.03483552759874555,0.000368415568589584,0.0027630008035899965,0.22916519686673184,1.5775326283004345e-05
Z_E_1843_VIE_0041,2.7297471634092335e-05,0.00024996523332189853,6.682705024033132e-06,0.26005799976068583,5.2707695287199365e-06,0.0007171052640023435,1.2279714092736596e-05,0.11856840723960871,0.0017227651531597024,0.00043634843821447163,0.02848872973880596,0.0006300878940675415,0.012170898002556992,2.3210642973130748e-05,0.00021816159726759443,6.0208647971913756e-06,0.11426140478693297,0.04045395962678124,7.120051006824348e-06,5.237677092614609e-06,0.10534627934169773,0.007240600613941492,7.088600553500678e-06,0.0012856962380457938,9.514442829429007e-06,0.018778098878400276,0.00025089715730899974,0.002911957502651466,0.2860901713322604,1.0743260756270985e-05
Z_E_1843_WIN_0039,6.287495060909783e-05,0.14865929819645696,1.5392441979735913e-05,1.914645960268506e-05,1.214029556408854e-05,0.0011770997751428154,2.8284173253261397e-05,0.11694938242468322,0.000645700884673879,0.0010050522945439131,0.033344186039854035,0.0009766704859352695,0.11773799078675885,0.008122116460715584,2.7870321837344876e-05,1.3868008796634147e-05,0.12601402585247504,0.03147714124136561,0.0004910265451787134,1.2064072926565633e-05,0.07510348175530263,0.010032682329990661,1.6327351326279654e-05,0.004385256629979253,2.1914854642666072e-05,0.0404043052886778,0.00010327095777733901,6.241015698610785e-05,0.28305427374119085,2.474522177312476e-05
Z_E_1844_BIL_0048,0.00010675349442924383,0.0009775506867678889,2.613436596319855e-05,3.250819998639056e-05,2.061264402302002e-05,0.00199856243338647,0.0016597319319661566,0.05351103436652683,0.001096316181996597,9.473909011617743e-05,0.00020427636932934863,4.6550467813605094e-05,0.010527989122104193,0.0065376072703618475,0.002464883806952993,2.3546076545179335e-05,0.23651936530516152,0.004286967824919359,2.7844715279185914e-05,2.048322789097766e-05,0.22985947769771453,0.04040397235911787,2.7721720525727046e-05,0.008251450357428478,3.720857496268194e-05,0.1653038040389591,0.000981195205333529,0.00010596433526550796,0.23480373395867807,4.2014170494241935e-05
Z_E_1844_DEL_0060,0.0049421075423978665,8.678941643021739e-05,1.3210467592645565e-05,1.6432329868655968e-05,1.0419333158810579e-05,0.00019554764295164152,2.4274715775371257e-05,0.003830206309965135,0.013589223453805229,0.000862579880662589,0.06812994979340842,0.005726366877052036,0.07864389805617433,0.09006922955595548,0.013466319674900303,0.03422892068200396,0.04664158962001032,0.0783405885164035,1.407501943380258e-05,1.0353915554238937e-05,0.0412384049361858,0.01716474184680792,1.4012847724455515e-05,0.0005048555562721181,1.8808287693116604e-05,0.04200896197176216,0.011494304507100473,0.008607817766487799,0.44008477204378277,2.1237432678781526e-05
Z_E_1844_HEN_0066,0.00014094028156336782,0.0066102107690136636,0.0010984254091012753,0.0021707621646146124,2.7213646428178007e-05,0.004766426491161954,0.03836458514175327,0.23661922698546556,0.0014474009698622963,0.00012507837900221049,0.02686773797614249,6.145781059096396e-05,6.849419385508364e-05,0.00011983947084001161,6.247402135451836e-05,0.3255911456583751,0.08671101982413083,0.07268689933863058,0.004292448767488504,0.003218808072051733,0.0853658191439747,0.026744914613661484,3.659933679179553e-05,0.002382524439964851,4.912426576619386e-05,0.00013680747908391026,0.003423257123810123,0.003331663687749634,0.06742322573039615,5.546880737505562e-05
Z_E_1844_SCH_0221,0.011638364643420666,0.0023021784516741813,6.154767725402742e-05,0.036135249436632516,4.854375895200496e-05,0.05405018176983673,0.00011309610061096975,0.0671884347253106,0.2094448940810293,0.00022311507193331818,0.1636941033517655,0.00010962857002347973,0.18610911300605515,0.02488550589640603,0.00011144128889158919,5.5452132331889794e-05,0.048397049656779115,0.1296590418257804,0.003861227323663064,4.8238977793830924e-05,0.0023474834319178817,0.0002619880156001397,6.528597289279617e-05,0.0023521261923111158,8.762796717970005e-05,0.00024403746499051705,0.0023107614665726565,0.0002495510591893784,0.019684920079156572,0.03425981060404501
Z_E_1844_VIE_0051,3.712876366300557e-05,0.0034230210554424484,0.014303137030368479,1.1306320986095756e-05,7.169057954422556e-06,0.00013454722714050164,0.016272677915681856,0.13240291607402782,0.010751489063743576,3.295016528852989e-05,0.012963717441314927,0.0025386691829677984,0.12810392066780718,0.038149030108303714,0.018234361620507785,8.189302991073944e-06,0.03797769015479136,0.025594691305092,0.0056151931979117765,7.124047146987434e-06,0.016042106675886705,0.15503101023183913,9.641587989551122e-06,0.0006276430405243464,1.2941106925003816e-05,0.19342609475414582,6.0983316049114006e-05,0.00031712973648086363,0.18788890735855526,1.4612488472795187e-05
Z_E_1844_VIE_0053,0.007559555585892244,0.053718022549911086,2.0207019621790444e-05,2.5135250494276213e-05,1.5937639459731884e-05,0.0009221984501326706,3.713113518096752e-05,0.1504143727084777,0.0014707531522199317,0.008796435094755195,0.015735058588801344,0.2467774572896718,0.10284905712450976,7.018384266635861e-05,0.01623678500630796,1.820576138845752e-05,0.06386697961672369,0.09553117865893143,2.152945699168647e-05,1.5837575263675292e-05,0.024447925041891642,0.03310949341715451,0.03366799771184995,0.00014915357360330243,2.8769567451092413e-05,8.012113638606396e-05,0.025682037686553992,0.0013281003446381674,0.11737189477241869,3.24852406507929e-05
Z_E_1844_VIE_0058,0.003685614013588349,0.020252596151610163,3.815732372774017e-05,4.74634017306387e-05,3.0095366842975893e-05,0.001741405979780737,7.011547333535583e-05,0.11107278967739376,0.00395383598742676,0.03661239847622197,0.0014748355557368045,0.3353941413046973,0.12949988515464247,0.00013252956918936973,0.015364669488671278,3.4378307341288834e-05,0.0029430017498390227,0.13215355029488776,4.065450895234248e-05,2.9906413598313826e-05,0.03792942967618647,0.06134474280495547,0.011806305653109595,0.0002816497088463882,0.0035840753724963093,0.00015129436184743906,0.022611083453387745,0.00015471258992907764,0.06632675657108016,0.0012379256089470206
Z_E_1844_VIE_0059,5.7077574247143193e-05,9.180026907691997e-05,1.3973183937835086e-05,1.738106287091149e-05,1.1020901244911043e-05,0.022180894456803615,0.02458491610138864,0.2151746362509275,0.0010170279787801255,0.012114841872935248,0.002263539127064939,2.4889000562237748e-05,0.19305474664777922,4.853223094728764e-05,2.530054256189981e-05,1.2589310911289763e-05,0.0019394527949505341,0.02814393181071315,1.4887651333902606e-05,1.0951706705426232e-05,0.30472283298598524,0.07976929280393553,1.4821890093859916e-05,0.018199421923533823,1.9894198418680415e-05,5.54038842434521e-05,0.0013863404449315276,5.665563685762942e-05,0.09495048216432884,2.2463591928662012e-05
Z_E_1844_VIE_0069,0.0035933321977609546,0.0006111388548925096,1.6338514927444673e-05,0.00405071496385488,1.2886480297186354e-05,0.0012494484158252206,0.01514399147806637,0.08282598278938098,0.03595131524679855,5.922837539871375e-05,0.00818849158022246,2.9102122252482416e-05,0.10280742231814366,0.002071943442944259,2.958332862138611e-05,1.4720384785990176e-05,0.06423502881270234,0.008221887571654143,1.7407780119099017e-05,1.2805572751611928e-05,0.05150686073170933,0.15473582897743876,1.7330887049712338e-05,0.001631995961816461,2.3261817727385906e-05,0.07261183299131467,0.00010961834954050032,0.0005700450640507785,0.38962418883889954,2.626614905259266e-05
Z_E_1847_HEN_0536,0.00014953110922849103,0.013785757586180702,3.660677106968668e-05,4.553468932305965e-05,2.88724181009092e-05,0.02198853318578001,6.726627630239469e-05,0.053506990203412506,0.00040685367362584753,0.00013270236546457498,0.026247881858798453,0.011352920888900489,7.26691664671967e-05,0.0023846875264323963,6.628204234788205e-05,3.2981317966254056e-05,0.3222658016490175,0.025193934548891114,3.9002481221894314e-05,2.8691143118953636e-05,0.039774452770676004,0.07691229845731284,3.883020075452115e-05,0.0002702046529035818,5.211857013888196e-05,0.2676640392757795,0.008147004014642507,0.00014842572297633919,0.12910027559831094,5.8849834854660655e-05
Z_E_1847_HIE_0534,0.002435532298470817,0.04972879349496498,1.2879932915040842e-05,1.6021182055958224e-05,1.0158634519466356e-05,0.0009849617207008787,0.0202784909940776,0.1363836092258829,0.017220746101461175,4.669074914029525e-05,0.04497900931440852,2.2941704552820968e-05,2.556832962152431e-05,0.0024276555361718456,0.00836354254987132,0.07269067742227803,0.1769323630625063,0.00012700120094606668,1.3722853094632108e-05,1.0094853706831497e-05,0.16610422198189093,5.48255956361646e-05,1.366223696276639e-05,0.0024779907590708142,1.8337691836812313e-05,0.16804695938297504,0.01398678320431172,0.011966825089755809,0.10221630640905668,0.0024036264871562397
Z_E_1850_BEC_0866,0.003513950735616773,8.198061814703933e-05,1.2478506525358385e-05,0.41057087487458216,9.842022313009066e-06,0.023271236874769088,2.2929710631350053e-05,0.19908388733119006,0.0043712175861983695,4.5235547550147946e-05,0.02934046734753046,2.2226684863467926e-05,2.477144641429939e-05,4.334085654781399e-05,2.259420521896378e-05,1.1242663021913546e-05,0.044826839187025215,0.00166214458354449,1.3295155573980585e-05,9.780229344683327e-06,0.16785324089225875,0.023139640925546136,1.323642865342768e-05,0.0008616580935344145,1.7766164525473227e-05,4.9477465847288635e-05,8.372078466828462e-05,0.0008201461238265312,0.09018071623825387,2.0060716277111185e-05
Z_E_1850_BEC_0868,4.001077105012563e-05,6.43510099513455e-05,9.795052973996965e-06,0.29026394667196903,7.725534280186245e-06,0.00014499104654841288,1.7998766908209368e-05,0.2088250724134268,0.00010886382954246605,3.550782168210889e-05,0.07588633556066769,1.7446924055501274e-05,1.9444444683945952e-05,3.402057649779918e-05,1.7735410609864854e-05,8.8249727356918e-06,0.06025557499706525,0.03271592789540922,1.0436084869613891e-05,7.677029645682015e-06,0.1559195419281394,4.169428654089121e-05,1.03899869414166e-05,7.229998198892497e-05,1.394562100184966e-05,3.8837532200545055e-05,0.0003677479311190255,0.0006437769386083185,0.17438433224042638,1.574673846035304e-05
Z_E_1850_BEC_0869,2.438777492503708e-05,3.9223886611085636e-05,5.970381000890585e-06,0.27320738979802495,4.7089467724778805e-06,0.0006406674585277928,1.0970792733179218e-05,0.05751242982507551,0.0006186468272356539,0.0013103221633670797,0.11455500724054599,1.0634427826115196e-05,1.1851977056386138e-05,2.0736570195283146e-05,1.081026910515239e-05,5.379087759343859e-06,0.17664132300090682,0.020125444428431515,6.36110932678288e-06,4.6793817309137385e-06,0.1158406381510809,0.0027868690833623582,6.333011245494277e-06,4.406902545369969e-05,8.500277731636261e-06,0.015119627496793839,0.01182226513542555,0.003706147698409879,0.20588900666004828,9.598113290378818e-06
Z_E_1850_RNN_0871,5.8463001946200416e-05,0.0031832831616349206,1.4312351050783428e-05,1.7802948458342897e-05,1.1288408441120212e-05,0.014775487315478363,0.3451401761681508,0.1789132321572097,0.0001590698232343123,5.188337524177634e-05,0.1117663604236275,2.5493124182338876e-05,2.8411864544578654e-05,0.030942256747756632,0.0009085588413606802,1.2894887668511838e-05,0.07568731810585452,0.002789057964581339,1.5249015053436066e-05,1.1217534362291094e-05,0.1775160451441745,6.092292378299236e-05,1.5181657609548324e-05,0.00010564340243364301,2.0377084629303844e-05,5.674868694186181e-05,0.0009786685986328677,5.803082299063534e-05,0.05665355561467054,2.3008844295967097e-05
Z_E_1850_RNN_0873,3.130315580097095e-05,0.0005229450520242634,7.663338178103621e-06,9.532327296860304e-06,6.0442125175603835e-06,0.0012949335542583405,0.31003893828075635,0.27231213937613274,8.51716007419322e-05,2.7780191310876e-05,0.10332275202655443,1.3649918949896107e-05,0.002378207049586872,0.00876969565364738,0.0002501750550599395,6.904378227017794e-06,0.07053569097280676,0.01685282329770027,8.16486116242075e-06,6.006264032912267e-06,0.15624991261120394,0.003577111785784137,8.128795608306485e-06,5.6565208347805776e-05,0.00048350947750064636,3.038525100842991e-05,0.00028771429495526914,3.1071751926219464e-05,0.05278276050915036,1.2319747769020434e-05
Z_E_1851_LWF_0878,5.596829729010531e-05,0.07782821522280897,1.3701621399252465e-05,0.0042419453920564485,1.0806714991237487e-05,0.058506467223859035,2.517722879951369e-05,0.03312443472550863,0.12901179680411642,0.011879395375688962,0.037708726090721637,2.4405294042268132e-05,2.7199487341763632e-05,0.018214668154852218,0.0025597501112985563,1.2344643321906736e-05,0.23638382819167877,0.05505883096248039,1.4598316533204783e-05,1.0738865216473597e-05,0.029251926520687446,5.83232505441084e-05,1.4533833333254156e-05,0.0017910962877053529,1.950756362952439e-05,0.16229056863166433,9.192690587147255e-05,0.008505358804697443,0.13324173245572776,2.2027022133476402e-05
Z_E_1851_RNN_0879,5.570939388002494e-05,8.959976690940712e-05,1.3638239151164603e-05,0.006325001688850095,1.0756724273304878e-05,0.013238490057853089,0.045022393212490824,0.061988175995540434,0.00519800744030036,4.9439667669290846e-05,0.20911290297888901,2.4292397739227046e-05,0.0012886811172906386,0.044203629703373874,2.469407485427183e-05,1.2287538310551807e-05,0.22267426714250896,0.016535375273104145,1.453078626848566e-05,1.0689188364406311e-05,0.05476929506476748,5.805345336992295e-05,1.4466601360982158e-05,0.00010066759696017115,1.9417323708165617e-05,0.008885327986389524,9.150166175005688e-05,0.024866910791138442,0.28527987200546945,2.192512746416544e-05
Z_E_1852_BEC_0652,0.00010059270003713475,0.00016178748050150473,2.46261394069792e-05,3.063213646973951e-05,1.9423078637994317e-05,0.001883224455011925,0.005360689502179437,0.00030589984750695296,0.0002736989631201989,8.9271652649874e-05,0.0358818574046615,4.3864018413616645e-05,0.012957807101084486,0.025903374579602973,0.1458394621817675,2.2187221389090186e-05,0.0998552974665932,0.01618913763365019,2.62377836592043e-05,1.930113117182372e-05,0.08370822725610443,0.04946246454657913,2.612188699083782e-05,0.0009411206092407072,3.50612505945752e-05,0.1884160204667394,0.00016522167218593903,9.984908362004543e-05,0.33211795123748267,3.958951294692764e-05
Z_E_1852_BEC_0653,0.00016560733645127796,0.00026635326129158786,4.054239873034671e-05,5.04301656948556e-05,3.1976518353066525e-05,0.0018502549101040418,7.44981355980791e-05,0.06926059185955008,0.00045059488665758027,0.00014696931895149086,0.0003168951574413636,7.221402003174399e-05,0.015082005710647753,0.07889881353846638,0.032576709685321004,3.652716982589813e-05,0.02187886281398501,0.01790154177088858,4.319567388668988e-05,3.177575433090547e-05,0.11280762496036573,0.1139341311215078,4.3004871387655016e-05,0.0002992546039080554,5.772188559880486e-05,0.24643576718608412,0.0002720070248103356,0.0001643831091054552,0.2867445683162429,6.517683478148757e-05
Z_E_1852_COR_0660,0.00027776726098169914,0.00044674479662483733,6.800031502390257e-05,8.458471282783071e-05,5.363307030347314e-05,0.0010065731004325704,0.00012495305773732807,0.1832656976054462,0.05107880514316118,0.00024650638098700194,0.002628310180088582,0.00012112199241001858,0.052554821132611534,0.21410909491308627,0.0001231247561142029,6.126571522354072e-05,0.026212667556277713,0.22293059636231363,0.00845962363508891,5.3296335991248095e-05,0.0004967995357502155,0.00028945475098543776,7.213053231934277e-05,0.10743838576776799,9.681485376824492e-05,0.06527021361405985,0.00045622765191671535,0.0023725071773910717,0.05949095931997093,0.00010931877333850352
Z_E_1852_CUR_0664,0.0003680620028041274,0.058938473378608115,9.010540713312565e-05,0.00011208095115311128,7.106775363901325e-05,0.018004212858911437,0.00016557197030621563,0.06502258083017108,0.0010014463126473885,0.00032663904295060525,0.13684614097295306,0.033501354808685865,0.0001788708656681772,0.12256277512982909,0.12519137164045174,8.118156822624753e-05,0.09585861662686579,0.07868381305234586,0.11123219990983628,7.062155596642797e-05,0.0006582958390205401,0.019832383365278563,9.557824811662848e-05,0.009000307630902163,0.00012828678532232312,0.00035726929300597713,0.0006045351158578549,0.00036534115976391785,0.12050596052731387,0.00014485539626540444
Z_E_1852_KRN_0741,0.005933626116019403,0.026922819628452856,6.143109174036643e-05,7.641334090485526e-05,4.845180586254723e-05,0.0028035632494676716,0.00011288187047961377,0.33035926298989327,0.05561545210186717,0.0002226924404640672,0.0004801693066643023,0.2501479031036254,0.005804641424959836,0.005896057744305285,0.00011123019335576832,5.534709318792945e-05,0.067247683725835,0.1881345963563659,6.545141600943215e-05,4.814760203026859e-05,0.04969880989927731,0.00026149174979882116,6.516230618392672e-05,0.00045343979641348554,8.746197957431004e-05,0.00024357520167729699,0.002306384350740706,0.005931771129024369,0.0007053230375427347,9.875794827628908e-05
Z_E_1852_RNN_0889,0.0006526094674736976,4.438845244870602e-05,6.756494474563098e-06,8.404316136665836e-06,5.32896859421746e-06,0.00010001285418936582,0.15876510291805485,0.18071198546631823,7.509279069098364e-05,2.449281301855416e-05,0.13338840203497251,0.0002203715115797729,1.3412513788010609e-05,0.005856899022266979,1.2233645301130227e-05,0.11959144520713426,0.07593905901766837,0.006733401223442136,7.1986695676690125e-06,5.295510756277377e-06,0.2192197390036682,2.8760152434318964e-05,7.166871843044077e-06,4.987154537254618e-05,9.619499914240845e-06,2.678960209967828e-05,0.00025366752698875977,2.7394865700217362e-05,0.09820423614783327,1.0861886268732546e-05
Z_E_1852_RNN_0890,0.000338463812254822,6.367786588402481e-05,9.692591772478555e-06,0.0006097996377690941,7.644721289504017e-06,0.0022355753855208098,0.12404951373351346,0.25655220955114716,0.00010772505889911908,3.513639193257016e-05,0.21167683551518146,1.72644204175656e-05,1.9241045971303523e-05,0.00780432563013891,1.7549889256858065e-05,0.13868514303173415,0.04767040828477963,9.557276450929701e-05,1.0326918150686757e-05,7.596724037976042e-06,0.17969262856245602,4.125814324419097e-05,1.0281302430102138e-05,7.154368765912292e-05,1.3799742762338027e-05,3.8431271997170784e-05,0.002456002120565923,0.007212217336402098,0.020434552838699643,1.558201962249406e-05
Z_K_1840_AHR_0219,0.00013422828697083237,0.00021588501305787685,3.286048099000685e-05,4.0874727520705e-05,2.591765180092889e-05,0.022778018802120548,6.03823317138664e-05,0.13821081713590488,0.2253077489627583,0.00011912177529606221,0.0032966142487870016,5.8531007211689077e-05,0.10747022513645038,0.0011273870089209832,0.04160293944957529,2.960605211512142e-05,0.01773328609300503,0.25971720751196176,0.0010482656666613392,2.5754928268520774e-05,0.00024007347163944483,0.022431478438575035,3.485636772779187e-05,0.13399216597927482,0.0020732941212611195,0.0001302923008137664,0.00022046750927043424,0.021411583662533314,0.00037728865970580055,5.2827218107416955e-05
Z_K_1844_ON_0063,0.21317991956890378,0.00013800011581237805,2.1005395965377487e-05,2.6128340507566684e-05,1.6567333227314905e-05,0.1324422383932936,3.859818081628969e-05,0.09935940373958946,0.00023345742508156523,0.0007238486615711396,0.11998914567292458,3.741475917859467e-05,0.0019848058713271225,7.295679586458442e-05,3.803341579241608e-05,1.892506831652428e-05,0.016517263314435805,0.1815638166594534,2.2380082639315454e-05,1.6463315509736245e-05,0.00015346209734735564,0.018872784995288095,2.228122608003617e-05,0.00857517888624369,2.990624878748381e-05,8.32867105830111e-05,0.031230648560567155,0.10242216071721265,0.07213614971999659,3.376872768335645e-05
Z_K_1844_VIE_0052,0.06723317604782218,0.0011703628083321084,1.7150723496869193e-05,2.1333563252792027e-05,1.352708378982777e-05,0.19751248218409395,3.15150796373216e-05,0.06737616094935278,0.13240147989814502,0.001119859605532996,0.11119118243251734,3.054882614123071e-05,0.02488968882039482,5.9568590620878156e-05,3.105395389700591e-05,1.5452154027044293e-05,0.061610956613512666,0.05675536263963966,1.8273143235035607e-05,1.344215422620957e-05,0.026567473257919756,0.008005656768569944,1.819242771237441e-05,0.00012659421069110177,2.4418192574333452e-05,6.800287633365365e-05,0.0001150676185382238,0.059828849780277485,0.17630178734218607,0.007431380253529291
Z_K_1847_KCH_0520,0.1507334792692058,0.01724725350081532,2.5180644921705554e-05,3.1321878711493685e-05,1.9860427100932e-05,0.17895543154436894,4.627035297790975e-05,0.013512378324956721,0.004162094342220412,9.128177786215398e-05,0.02581955630462122,4.4851702260704566e-05,4.998683096314001e-05,8.745844040833544e-05,4.559332943815834e-05,2.2686809912219325e-05,0.08890414351867659,0.08022228083667826,2.6828578484685655e-05,1.9735733749936302e-05,0.00018396580519659486,0.000107185640285681,2.671007217699709e-05,0.2276846905691017,3.585072297132885e-05,9.984163542284215e-05,0.0009453884628069887,0.2004252950831714,0.010382916912557544,4.048094797422145e-05
Z_K_1848_GOT_0245,0.21549615883414303,0.0003253242765333101,4.951854718022779e-05,6.159548071826821e-05,3.905616792083193e-05,0.24351120878396973,9.099213559091104e-05,0.0006151072151774053,0.0005503572766507584,0.0001795085486418901,0.0003870562249983496,8.820231338061355e-05,9.830070894271054e-05,0.00017198983271219414,8.966074705024638e-05,4.4614340518288835e-05,0.16719831936583232,0.027972598182856655,5.275926147257578e-05,3.8810954440258255e-05,0.0003617746659190471,0.00021078400501784749,5.252621501142766e-05,0.09503374349094874,7.050159844677957e-05,0.00019634178352498843,0.00033222979185348287,0.24603280338834496,0.0005685487775388371,7.9607084663424e-05
Z_K_1849_DEI_0247,0.14596020684280128,0.015836198207802583,5.0286373330313135e-05,6.255056974077992e-05,3.966176620186779e-05,0.304658621252242,9.240304413199824e-05,0.03938921873404132,0.0005588910227512688,0.00018229197759244998,0.034505882771538585,8.956996341414884e-05,0.001650407893826378,0.004826405530286136,9.105101130761245e-05,4.5306122875999695e-05,0.07365472504731235,0.02840633652118987,5.357733758596404e-05,3.9412750482871155e-05,0.005019133134759993,0.00021405238586277354,5.3340677546121795e-05,0.05619216379296799,7.159478421237222e-05,0.00019938622574572218,0.004989130142914318,0.2824099880590385,0.0005773645979506218,8.084145854588397e-05
Z_L_1843_NOD_0042,0.004327105028067955,0.00029431613446014303,4.4798708370214754e-05,5.572453423517806e-05,3.53335462443072e-05,0.007569984425557561,8.231925972068697e-05,0.2713050994555643,0.040557645143591475,0.02088295649258659,0.11500391686448823,0.009749388952393478,8.893121957883728e-05,0.14243675972963146,8.111477190032341e-05,4.036194403551327e-05,0.008980721165529466,0.09990040994415636,4.773053538779037e-05,3.511170518009577e-05,0.0003272922708182875,0.048538661240115605,4.751970164883419e-05,0.04591589858805265,0.018021598462719838,0.00432173909638688,0.022402491691739183,0.00018164073159026686,0.13865140928627273,7.201936997585643e-05
Z_L_1843_VIE_0022,0.33709029547955455,0.02825162156717134,0.00014746639922932824,0.00018343154772419042,0.00011630939877979251,0.029465672768554302,0.00027097488431842014,0.0018317913454135046,0.0016389658117787543,0.2551740883654458,0.02388832538582324,0.0002626667844392935,0.00029273984022010777,0.00505932042790422,0.00026701000478848507,0.00013286165537687957,0.002279534421615072,0.015095479048889344,0.0001571172572378281,0.11379393241418653,0.0010773661658792962,0.0006277154723862727,0.0001564232440965788,0.005635624211804251,0.0002099539961263209,0.009678974749403716,0.07374352751969493,0.027880721678593706,0.05625874972805284,0.009331338425511154
Z_L_1843_VIE_0023,0.006369239577877329,5.1929121258292636e-05,7.904281440223971e-06,9.832033505972523e-06,6.234248797714477e-06,0.00036073187585399636,0.007082663418284713,0.14755418858716657,0.007399717428258629,0.00027238256068194526,0.0027428011844156585,1.4079086490598351e-05,0.23838258600909343,0.01416373149787313,0.0017204144059077323,0.005369157951622506,0.0015845579082748196,0.02347591674407671,8.421572824820625e-06,0.008292978777582555,0.08950626528291676,0.21549002133088055,8.384373332459539e-06,0.048072943178958445,1.1253651567780899e-05,0.08363036409320063,0.0039526943015954835,0.00027577761136045645,0.09368266294858003,0.0005001649563200811
Z_L_1843_VIE_0033,0.10965275704817128,0.1205030044589468,0.0001142250231460042,0.09876185073584046,0.010656495010973308,0.0897441773034456,0.010776296326783995,0.004941009707556044,0.04705726498359518,0.09198957309352629,0.004414961769661918,0.0002034573278323985,0.014315289661001027,0.00039673099759824965,0.00020682151416574147,0.00010291243117043751,0.10038545720170564,0.00464843818482007,0.0001217004174403029,0.08462075515370404,0.0008345099349914125,0.000486217977363938,0.00012116284638996788,0.08537435579749493,0.0001626268776647224,0.0004529039328646633,0.05712051139667283,0.003985271055822286,0.057665631218373266,0.00018363061127722876
Z_M_1849_VER_0539,0.00013463755335159597,0.00021654325343290674,3.296067365750214e-05,4.099935588462603e-05,2.5996675558065583e-05,0.18749521319911516,0.0010769105349621895,0.004474805764566282,0.12232762181571442,0.020446366892822608,0.0002576334453602327,0.013271182712544401,6.543119239684609e-05,0.0001144803527414178,0.18605064972603108,2.969632192390239e-05,0.03506520507953151,0.08061618874729899,3.5117766954656376e-05,2.5833455876353345e-05,0.0002408054634056556,0.00014030263804647034,0.08235883438703824,0.08663253992775072,4.692747083792517e-05,0.00013068956624565705,0.08254501146294423,0.09566998724899473,0.00037843902501065235,5.2988290001043444e-05
Z_M_1850_DEI_0250,9.123954951393547e-05,0.0008354881942235282,2.2336390860675773e-05,2.7783947852246495e-05,1.761711281683599e-05,0.061628830336085724,0.0041735066127045976,0.00027745715417334103,0.07669880990582004,0.006968408938171431,0.0001745899187057093,3.9785523983866895e-05,4.4340619461926e-05,0.006276273681858265,4.04433814200054e-05,2.012424444079176e-05,0.2248757480450285,0.08080326785795039,2.379818376906235e-05,0.013792382104903307,0.002229417475453284,0.002850053715789853,2.3693063220473634e-05,0.43545094003494467,3.180124112846471e-05,0.002843539245504873,0.0015273468533974356,0.057256298818289295,0.020918769384738183,3.5908463789324093e-05
Z_M_1852_KRN_0740,0.00012988526109581217,0.00020889994143923087,3.1797263076511314e-05,3.9552204502174665e-05,2.5079072728429387e-05,0.009294910681243357,0.031433477253268345,0.27492665323541854,0.0023143405498213575,0.00011526752844493792,0.045350172171642424,5.663720610204222e-05,6.312167219855332e-05,0.0010909098172544502,5.7573707710301704e-05,2.8648132936572202e-05,0.044612683965118465,0.00031353351171566676,0.19024511049592918,2.4921614200348388e-05,0.20318965155140495,0.05406121520686936,3.372857186324423e-05,0.0031761151590659364,4.527107519870697e-05,0.11288015761554254,0.0002133341686090071,0.00012892510382343434,0.025857308295722272,5.111796605389338e-05
Z_M_1852_OST_0762,8.756082415999064e-05,0.0001408277650987653,2.1435800625273097e-05,2.6663715300231002e-05,1.690680111617703e-05,0.00031730294614151745,0.004005233263342348,0.03860276416039194,0.0028821371454337474,0.03114348598191207,0.013387031216053068,0.021850324485395454,4.2552831579443166e-05,0.0007354257278857968,0.12165803480828814,1.931284665718021e-05,0.19333577208419095,0.04647954773260834,2.2838654897257515e-05,1.680065205527919e-05,0.004783424796969994,0.06156183015541318,2.2737772747799156e-05,0.00015822354439937425,3.051903365758798e-05,0.09658720209618206,0.03187057064031209,8.691354392678084e-05,0.3300721583177588,3.4460655499314725e-05
Z_Q_1844_VIE_0064,0.003498164138803005,0.00010449703594447328,1.590579547198512e-05,1.978501337564626e-05,1.2545186687470209e-05,0.022796422782361533,2.9227479009038072e-05,0.04875272534560279,0.0001767796265723446,5.765973403417734e-05,0.002576606059013118,2.833136343200613e-05,3.157505743258561e-05,0.0015266127609825614,2.8799825230253286e-05,1.4330520901969172e-05,0.27146805901939525,0.20271517985380447,1.694674157506078e-05,1.2466421947972038e-05,0.007473045748647713,6.770568733321923e-05,1.687188498985038e-05,0.004531509369367359,2.2645737187343332e-05,6.306671801147293e-05,0.0202154125839339,0.277662607413911,0.13603894459511906,2.5570499921350902e-05
Z_R_1804_ON_0072,0.0004153798311773203,0.0006680728950759877,0.00010168930375309507,0.00012649001041530703,8.020418104510101e-05,0.026590013566098195,0.00018685780262433786,0.11414457945210643,0.25824898148274844,0.0003686315606692732,0.010201628144263291,0.00018112873555119584,0.0064730563919784215,0.02543795141119636,0.00018412371648016481,9.161822151599362e-05,0.007843102441372263,0.2173587513673308,0.00010834430473388224,0.09414755056123916,0.0007429259537627502,0.0004328575843419001,0.018921435718015817,0.1355811816550422,0.00014477925681947125,0.003538794615163631,0.0006822537845598595,0.00041230919820219166,0.07642182893435714,0.0001634779183600443
Z_R_1804_XYZ_0073,0.1236893126670013,0.002600881917560298,0.0003958877441220526,0.0004924396473288539,0.0003122437771842381,0.018067338523400096,0.0007274581615010943,0.004917620198417558,0.3339948822917095,0.02584956215105441,0.07633772832193733,0.0007051542676223727,0.0007858882807544667,0.001375013419447548,0.0007168140607362773,0.00035667990337024275,0.07936294532041632,0.003903608759065528,0.0004217964014554812,0.08576081838222643,0.051721170337149076,0.0016851626106843141,0.0004199332563707967,0.10057991071454032,0.012770861002056638,0.0015697008531713249,0.002656089693995125,0.0016051654631578673,0.06558149419500303,0.0006364376775601356
Z_R_1805_MG_0075,0.02821299479574256,0.08912254522511454,0.00017826984052887575,0.0002217475501649926,0.0001406046264155295,0.002638835217626499,0.00032757733061382057,0.02420226353187281,0.1998718750500008,0.0006462419065625842,0.04536910523962704,0.0003175337976579056,0.13777788498540047,0.006116133916475214,0.0058197441028075,0.00016061439243257955,0.002755693771226105,0.06222436908433452,0.022177776026941973,0.12656979847318917,0.028787210498712988,0.0007588354889291516,0.0001890976312288,0.0013158587598885443,0.00025381012626227883,0.0007068425959825124,0.10563828506898429,0.028207611719739525,0.07900424880425656,0.00028659044127982483
Z_R_1826_CH_0206,0.0008131195535363049,0.001307774459424822,0.0001990601253623144,0.00024760831671625155,0.00015700229762792168,0.04591278854457308,0.0003657802368835196,0.1313712927636392,0.554635030570447,0.0007216082908532814,0.001555931364262638,0.0003545654014219871,0.00039516004728736324,0.012967442472812538,0.00036042817417364104,0.00017934565374473705,0.0460432754416286,0.008100840449176321,0.00021208750661706605,0.00015601656139446822,0.0014543017606847256,0.0008473328248203749,0.1168337087744413,0.0014693175745567884,0.0002834101124570782,0.05603154074788309,0.0013355340126346917,0.006945138062793545,0.00842354454647825,0.00032001335166708864
Z_R_1826_K_0207,0.03480634556565024,0.12791929721118736,0.00015826090249839063,0.009956825097138076,0.005004806420634286,0.051142485403936275,0.0002908101775777354,0.0019658780103734078,0.22623816504199915,0.0005737079646307809,0.0012370287695014958,0.000281893926880703,0.000314168322767692,0.0005496782053502454,0.16132600077441756,0.0001425870950756441,0.03660627818912073,0.10404016196895328,0.0001686182008815551,0.00012403951703558313,0.010916195504113095,0.0006736640868104803,0.019687806198826242,0.17684756259508774,0.00022532257574433835,0.0006275068560819069,0.0010618039035801695,0.0006416842618403768,0.0018170775955959533,0.02465433965670951
Z_R_1826_SJB_0205,0.008679162594838355,0.0005903294624684515,0.0028605625461114296,0.00011177040770020141,7.087084573112568e-05,0.00687150128544274,0.0001651132189230859,0.0038868728415339567,0.15338754530385898,0.00032573402193490663,0.10321849890463375,0.014013584814793147,0.00017837526694530685,0.0003120906517550733,0.00016269729752329832,8.095663790356338e-05,0.023554643845758623,0.336141535178607,9.573631207983077e-05,0.00838254626826771,0.0006564718942664813,0.00038248608343986474,0.15802560072341382,0.09763798784594198,0.00012793134025456779,0.0003562794045483285,0.0006028601263047479,0.0003643289065301975,0.07861147192405475,0.0001444540444347313
Z_R_1831_SCH_0122,0.0390592116491985,0.06883662797822418,2.142164147651191e-05,2.6646102918120266e-05,1.6895633541134488e-05,0.08090266041996169,3.936304711679728e-05,0.019421679975927596,0.43619279071527683,7.765510076416341e-05,0.04970774750321975,3.815617465031132e-05,4.2524723841221684e-05,7.44025167086684e-05,3.878709063971705e-05,1.930008979898763e-05,0.026092095526045987,0.058999057515482664,2.28235691107339e-05,1.6789554595665055e-05,0.001477577991058151,9.118481138070507e-05,2.2722753597711774e-05,0.07413831174658721,3.0498874693378544e-05,0.019901060178885203,0.053647254288787506,0.0007473935692306449,0.07026292136433389,3.44378929463244e-05
Z_R_1832_COM_0196,0.29949899308801403,0.05871216354150984,4.7349594379341864e-05,5.8897548366990605e-05,3.734547587456803e-05,0.10144276934869705,8.700660575235995e-05,0.053149144877425704,0.023886686672111926,0.00017164592763358927,0.08505168151049444,8.433898003290406e-05,9.399505762353177e-05,0.011844674284387501,8.57335331169223e-05,4.266019597372799e-05,0.13067435208477987,0.06616811043681428,5.04483627394783e-05,3.711100294467266e-05,0.00034592864014452686,0.00020155149348229177,5.022552390362266e-05,0.06459069799592967,6.741357086669873e-05,0.0001877418530836224,0.05141863049787875,0.00019198354766148393,0.0516445985190247,7.612022935196529e-05
Z_R_1833_KAN_0163,0.039695723009502394,0.18307833591126657,2.5679106227287128e-05,3.19419082859682e-05,2.0253572489102928e-05,0.013049179710101609,0.006381718958948446,0.01219622828955441,0.3835246280511344,0.012762154068799688,0.009702516879886162,4.5739560301510955e-05,0.008760958755587654,8.918971649461585e-05,4.649586829640518e-05,2.31359047198975e-05,0.009106929833569283,0.08656121364314383,0.029324573237640053,2.0126410781529072e-05,0.00018760748457874663,0.00010930742447200829,2.723880912916496e-05,0.0001895445509741789,0.031709223728648685,0.00010181804198824232,0.12369567320665971,0.00010411844027203704,0.0493874636314244,4.1282285121905736e-05
Z_R_1834_POL_0134,0.17029173642977977,0.1004213533985184,1.218775454053031e-05,1.5160190323595982e-05,9.61270099828167e-06,0.059182586569563704,2.239544326016663e-05,0.03622915794473884,0.08206204727923583,0.0004199915976952593,9.526422991560908e-05,0.018436401174201002,2.419426618865432e-05,4.233100492496012e-05,2.206775519870882e-05,1.0980706466316787e-05,0.04641303417672997,0.19817207160479244,1.2985375484201623e-05,9.552347819898149e-06,8.904180510700151e-05,5.1879222241261577e-05,1.292801691399408e-05,0.1801029743979342,1.735220893006073e-05,0.00042413467835010157,8.177007171524007e-05,0.04326757201570933,0.06402764233560848,1.9593297114185723e-05
Z_R_1834_POL_0135,0.252459761956172,0.051656553876812394,0.0003550410851930457,1.387247655056267e-05,8.796193605741084e-06,0.15560271600529155,2.049316366316075e-05,0.02077184773065183,0.04139057866908915,4.042874741168468e-05,0.06542599966118443,1.9864842514575045e-05,0.0010538048866682063,0.0007265125178772131,2.0193309581421585e-05,1.0048000038990215e-05,0.0606967828984423,0.16139370490399915,1.1882391517503689e-05,8.740966855020534e-06,0.0028325870663885953,0.002110803962343895,1.1829905011517055e-05,0.08089613244071622,1.5878304054538647e-05,4.4219912826140764e-05,0.011079258541097928,0.08257847441951817,0.008725262131780138,1.79290331429214e-05
Z_R_1836_KRG_0159,0.03331973219695419,0.07525666369903085,1.4009400804650634e-05,0.018160611576714062,1.1049466138520831e-05,0.020942442935348644,0.008233374304173452,0.04207614014158258,0.3617234702485247,5.078515725900572e-05,0.07052234175080149,0.006072681998005785,0.01989891835850336,0.013440056815810949,0.002185269150070703,1.2621940940251105e-05,0.029591238433431265,0.07573474429889812,1.4926238393799265e-05,1.0980092254841309e-05,0.019109497141038802,0.020362721860824114,1.4860306708274509e-05,0.014790747857119263,1.9945761866047663e-05,0.003511392334978907,0.09988151191200796,5.6802481675786214e-05,0.06495794032519456,2.2521814945026687e-05
Z_R_1836_POL_0133,0.06930513204517767,0.051350593263792904,5.603158216244089e-06,6.96969607395661e-06,4.419311563890101e-06,0.12257947730004423,1.0296007479665805e-05,0.012336532088987367,0.22363141188734043,0.020234832037459516,0.0606873569356719,9.980331513192172e-06,1.112299242080538e-05,1.946111707931056e-05,0.029899991401706093,5.048233901683941e-06,0.19134707352418467,0.044112536864489266,5.969853847430128e-06,4.3915649920165464e-06,0.0009048041696233237,0.004515966373623881,5.943484006877332e-06,0.04444419332830024,7.97744750381421e-06,2.2216606507981894e-05,0.00021036638058277962,0.021792201797627628,0.1025191230382612,9.007758020033477e-06
Z_R_1836_POL_0136,0.11461228813896424,0.0001284336355780979,1.9549254395255792e-05,2.43170648318273e-05,0.0006182211296121237,0.23538226713704208,3.592246759906146e-05,0.0014484405932399067,0.20336164246183808,7.086755333816955e-05,0.0025640137016570293,3.482108342661915e-05,3.880779376181619e-05,0.0006707015471260215,3.539685336434549e-05,1.761313976547453e-05,0.19319892226805693,0.04480013215609137,2.0828644678918005e-05,1.5322041232628118e-05,0.0031568351645996037,8.321468159288228e-05,2.0736641079977247e-05,0.12552717295975158,2.7833079962785863e-05,0.0036943267758132903,0.00013115983986743327,0.04709784230789559,0.023130942080753555,3.142780308327258e-05
Z_R_1836_ROS_0125,0.017533696429724778,0.031835666127568635,5.107838607638299e-05,0.011088568681155757,4.028644088574654e-05,0.011781119573066523,9.385839642490424e-05,0.02898456784547928,0.6636446745078451,0.011210196021815267,0.008274272058937411,9.098069455244418e-05,0.009551425422237959,0.008052431055055266,9.248506901991736e-05,0.004771033812299526,0.01968962574748072,0.03830376588971073,5.442118317390966e-05,4.00335031574588e-05,0.00037317060194055874,0.00021742372101188806,5.4180795727304374e-05,0.08227726830127668,7.272240543245608e-05,0.006502545389324838,0.017667746819701895,0.00020710229720669577,0.02578653340210272,0.0016571194206072856
Z_R_1839_BEN_0522,0.024812343985157213,0.031305113837313055,7.240726239671898e-06,9.00664576968951e-06,5.710890888138102e-06,0.09387981299927307,1.3305098418557077e-05,0.008574133063498525,0.0038760335492162784,2.6248190474290363e-05,0.00027986450474934844,1.2897163613672771e-05,1.4373776355539678e-05,0.00024841695714198,1.3110419444909029e-05,6.523620834042108e-06,0.1968111867787768,0.15702892144904765,7.714591616345412e-06,5.675035157624667e-06,5.289959955478098e-05,0.0002540895383737665,7.680514977946545e-06,0.07551808799007723,1.0308920654607541e-05,2.8709588323322526e-05,0.00027184764610333866,0.39186500040613004,0.01504210216511838,1.1640347700192462e-05
Z_R_1841_JAC_0172,0.06333854396825646,0.23655199030735255,1.5429057196348814e-05,0.0004949477901509932,1.2169174643341133e-05,0.044473676302467784,0.10754915894498092,0.0901094993859337,0.11149833485173948,0.024319476574092943,0.022005365638447492,0.022388004110021346,0.01906086008455638,0.006714169824132045,2.7936619171613806e-05,0.028559248118944693,0.011180885306058872,0.06295190023496855,1.6438803423185356e-05,0.007148429550994259,0.00011272224914715853,0.0019686995122835936,1.6366190485544553e-05,0.022474408029479073,2.196698523707324e-05,6.117644358616759e-05,0.11095461460396358,6.255861695236271e-05,0.005886218636147238,2.4804085185216884e-05
Z_R_1842_CAD_0197,0.0416913440736016,0.043022414736002317,8.496545684503475e-06,1.056874334331614e-05,6.701378249107611e-06,0.17749396831749695,1.5612712428029553e-05,0.010585199217826278,0.07240406680228366,3.08006327153259e-05,0.018143821004875115,1.513402609308595e-05,1.6866740078438976e-05,2.951054815058783e-05,0.004731230016243373,7.655066717082385e-06,0.04859975416328884,0.2618132182709191,9.052597479301534e-06,6.659303760682752e-06,6.207441759730209e-05,3.616697238064067e-05,9.012610645751063e-06,0.28720532308409435,1.2096882605488956e-05,0.0005576717921319443,0.0016289535991325882,0.0031783472380666655,0.02865461927597822,1.365923013030138e-05
Z_R_1842_JAC_0171,0.027410989546399252,0.2751423835725961,1.773212978608667e-05,2.205676702019323e-05,0.004388154841967404,0.039630002176972115,0.03940010616820227,0.064739259746121,0.11939318830456809,0.03888503192087128,0.02146267603719788,0.0016718978728025153,0.004409369759414266,6.158795459891221e-05,0.0011256489752200598,0.13397490750221405,0.013396610698395229,0.049384249185872704,1.8892599341511866e-05,1.3897840717171669e-05,0.016532682605079323,0.013744758512635364,0.0005655802966516729,0.003411512624980762,2.5245964693488222e-05,7.030816100531674e-05,0.07229276006682904,0.006633150438235036,0.05214685117524938,2.8506554362472523e-05
Z_R_1842_OLA_0144,0.13500507791970012,0.07230776447466404,4.924236954934277e-06,6.125194693331929e-06,3.883834166093451e-06,0.18911257534434117,9.048464912639093e-06,0.0913164691451373,0.008861396809439967,1.7850738345206562e-05,0.11133655295975917,0.0007679665584862424,9.77524606911755e-06,1.710306013284081e-05,0.01078949245032578,4.436551490506975e-06,0.051701414164594874,0.18043341042563785,5.24650095473788e-06,3.859449579879842e-06,0.009298161037626368,0.002754064712280473,5.223326284608212e-06,0.09144348773695866,0.002436436502781709,1.9524673506929946e-05,0.0200757994098711,1.9965798916041432e-05,0.022073207858865785,0.00015975541352248438
Z_R_1843_BEC_0029,0.007861356488451042,0.0006301881428273965,1.684778883924019e-05,2.0956746748160544e-05,1.3288153782161425e-05,0.08596729321425763,3.0958426160759775e-05,0.022028381978743437,0.2661725033627771,6.107453256553978e-05,0.05675745589220243,0.001588516588901418,3.3445035876894204e-05,5.851642564320405e-05,3.0505445322802976e-05,1.5179221343436642e-05,0.12442151847325106,0.22770819880613988,1.795038318408372e-05,1.3204724336499295e-05,0.00012308727791643444,0.010981266884707718,0.005732398040489236,0.11389539465971948,2.3986892005073203e-05,0.00422282133378698,0.00011303516960786674,6.831100274472601e-05,0.071365274038889,2.7084868779276533e-05
Z_R_1843_BEC_0037,0.011872677458790117,5.8647324650885686e-05,8.92687857071639e-06,1.1104028857624366e-05,7.040789528776553e-06,0.08766506396958526,1.6403464793784517e-05,0.04828152179708066,0.11378191176056367,3.23606225824721e-05,0.03833102263301133,1.5900533962341275e-05,0.002219807146153702,3.1005197838934666e-05,1.6163450808929514e-05,8.042780392361354e-06,0.07308209499656408,0.3427876780285148,9.511093266371413e-06,6.996584052452361e-06,6.521836153364238e-05,3.7998756518343864e-05,0.013221985919624197,0.19054634283532657,1.270956528844014e-05,3.539520764828289e-05,0.019328145928345017,0.025635446274145803,0.03285852556943906,1.4351042561339058e-05
Z_R_1843_BEC_0047,0.010355109170689315,0.006362389429025434,1.4517369803619616e-05,1.805796863474757e-05,0.0004590939673468412,0.17300542180846967,2.6676196229799754e-05,0.035991839752025793,0.10938644952666392,5.2626584016299704e-05,0.03413440653571264,0.00987402315557008,0.002714681994825885,5.042231943635368e-05,0.0022645051572431664,1.3079601820532048e-05,0.143918087461512,0.300064531116386,1.5467451146649738e-05,1.1378221093401432e-05,0.0032395686039150577,6.179562050548083e-05,0.0013583306996287064,0.14693434177582226,2.0668978285511264e-05,0.0036387124448293206,9.739992432658431e-05,0.006773519945489296,0.009119558782679948,2.3338436865700986e-05
Z_R_1843_ECH_0028,0.0002226731200577312,0.1835764348443521,5.451269619668614e-05,6.780763812118665e-05,4.2995142986044206e-05,0.009211432119735614,0.00010016906646517226,0.0006771433060690473,0.2561029423559751,0.00019761272359643562,0.0004260924361851232,9.709787921811508e-05,0.0001082147394795236,0.0001893357142614696,9.870340191784923e-05,4.911388013540256e-05,0.07144053399356402,0.0022184184478936217,5.8080249845545274e-05,4.272519871806733e-05,0.0003982611279592859,0.00023204243829767844,5.782369969091244e-05,0.0004023732146881769,7.761197442893911e-05,0.05232410061902466,0.0003657365319075557,0.00022102704248293397,0.4208513486103898,8.763578635630606e-05
Z_R_1843_ECH_0034,0.07957241511856408,0.021692115487288128,6.273834171859779e-05,7.803941225414269e-05,4.948285740932392e-05,0.2988478501227509,0.00011528398996905508,0.0027138602989935493,0.04906078542590954,0.02924553202961524,0.037246648176816916,0.00011174937861370285,0.0001245437077623049,0.0002179053609458594,0.00011359716525425816,5.652487603884934e-05,0.084155030812746,0.09734562706593533,6.684421824897496e-05,4.9172180137588835e-05,0.00045835639185762397,0.00026705627868066047,6.654895618357942e-05,0.14555359250463065,8.932316529729564e-05,0.0002487584674808106,0.0062245441668395225,0.05055241995029199,0.09551279458022427,0.00010085951154135346
Z_R_1843_ECH_0044,0.02408625719195144,0.001210737875758715,3.2368517723825175e-05,4.026278077344079e-05,2.5529631533190816e-05,0.09629528813354735,5.947833127824731e-05,0.027350367049537885,0.27383502160084466,0.03505031114433388,0.05514767642591882,0.0020538245962500035,0.047972332633320944,0.00011242365266090131,0.04497243018753539,2.916281179548856e-05,0.15420543249311344,0.07218128172741611,3.448685769910627e-05,2.53693441793801e-05,0.00023647926590437865,0.00013778202695420162,3.4334523494294226e-05,0.00023892093842202062,4.608439400649016e-05,0.024082380132521772,0.00121525176616466,0.028077619530520806,0.11115906810749114,5.203632734804797e-05
Z_R_1843_ECH_1045,0.0019035749574647781,0.1970236495436085,5.451269619668614e-05,6.780763812118665e-05,4.2995142986044206e-05,0.0008069229327003799,0.00010016906646517226,0.0074007506556972346,0.22248490560783413,0.00019761272359643562,0.0004260924361851232,9.709787921811508e-05,0.0001082147394795236,0.0001893357142614696,9.870340191784923e-05,4.911388013540256e-05,0.07480233766837811,0.0022184184478936217,5.8080249845545274e-05,4.272519871806733e-05,0.0020791629653663327,0.00023204243829767844,5.782369969091244e-05,0.0004023732146881769,7.761197442893911e-05,0.06409041348087398,0.005408442044128697,0.010306438066925216,0.4090850357485405,8.763578635630606e-05
Z_R_1843_HIE_0036,0.001054156240396796,0.021856073668057002,1.6031600193033534e-05,0.0019972824208829435,1.2644411131447073e-05,0.03533510873481525,2.9458649770045066e-05,0.036779947626870806,0.08174349081737367,0.0025297919366417997,0.08811698019112574,2.8555446489012765e-05,3.182479604511778e-05,5.568160603083212e-05,2.9027613521993648e-05,0.001497449556684327,0.31612802842016186,0.0036184244901785456,1.7080779517412366e-05,1.2565023412978849e-05,0.08563711915061148,6.824119623771564e-05,1.70053308642455e-05,0.0001183336535582814,0.02918860343001403,6.356553562049139e-05,0.08266154263424622,0.028242109805423715,0.0921304201383303,0.09098345509579284
Z_R_1843_HOF_0027,0.046451993610128556,0.0026001357888319775,1.617553061674057e-05,2.0120533435379707e-05,1.2757931642797273e-05,0.15436039760112147,0.0005284964594710736,0.03860647505048725,0.028111084116164337,5.8637544715426364e-05,0.27195790034261746,2.8811815002624594e-05,0.010506350494830721,5.618151103421341e-05,2.9288221113445443e-05,1.4573542078541059e-05,0.1448943075902787,0.1497914967797955,1.7234129389139822e-05,1.2677831187745135e-05,0.0006169491980754514,6.885386023697364e-05,0.005004891326370328,0.08590840919933984,2.302977024052074e-05,0.001061682886514133,0.0001085248553508681,0.017522651896749127,0.04158390645122087,2.6004131958799323e-05
Z_R_1843_H_0046,0.1044624519701822,0.00953169200722964,5.929697077918558e-05,7.375873542872056e-05,4.676858631412463e-05,0.2659993952211926,0.00010896034541627932,0.04461877705162707,0.06831076847379451,0.0002149560875582862,0.07360049595928451,0.00010561961723455296,0.0056029877250793015,0.00020595265138804658,0.00010736604768568963,5.3424330815220793e-05,0.10513684817602663,0.07737854959903417,6.317762866677758e-05,4.647495054691768e-05,0.00043321428061235536,0.000252407505833565,6.289856253936078e-05,0.05346201789699044,8.44235435213617e-05,0.00023511338000366722,0.0003978351825995606,0.18125451958630637,0.006166095642624323,0.0019237522836847115
Z_R_1843_NA_0045,0.09125279554315939,0.0005235958551650488,7.969803647502291e-05,9.913535732609768e-05,6.285927339911841e-05,0.07244702888264702,0.00014644804733205622,0.0992897142772207,0.12867541941199406,0.00028891152248812746,0.003080443973336643,0.00014195794483640186,0.037020607716810254,0.0002768104627734856,0.0001443052330025056,7.180492038658634e-05,0.0012319716113595638,0.00815833332971934,8.491383097191407e-05,6.246461252896405e-05,0.005497247480085194,0.0003392480651567157,8.453875241208965e-05,0.04236565621216479,0.022230907477660315,0.0003160039119886311,0.322466308936585,0.061760471503030025,0.10167227353529774,0.0001281242826871363
Z_R_1843_PAS_0035,0.011960947618800547,0.2797585215740714,4.769779477245676e-05,5.933067033484926e-05,3.762010778115646e-05,0.04777049337259922,0.01773681438477489,0.03294929818140097,0.33586431214900037,0.004585200167912152,0.0033143525073487568,8.495919370922604e-05,9.468628035615249e-05,0.00016566592137281014,8.636400208557443e-05,4.2973911375161106e-05,0.009561896104729808,0.04165171088279126,0.08388436710442503,3.7383910579544835e-05,0.019468404480871986,0.00020303366688173373,5.059487336472962e-05,0.006235126534246529,0.013304785279211126,0.0016598864685491812,0.08856585374198425,0.00019339536010979681,0.0005476437507441,7.668000381533247e-05
Z_R_1844_ECH_0065,0.10713508523571892,0.0009867645880461376,0.00015019828624421018,0.00018682970666728714,0.00011846408715555675,0.34494483537742815,0.00027599482629637144,0.057442190287096004,0.10819088466995128,0.0005444803595320931,0.061381844347348745,0.0002675328148123182,0.0002981629886282563,0.000521674798551332,0.0002719564954381337,0.00013532298238422969,0.15978841222951315,0.010743758156013727,0.0001600279311072998,0.00011772031241571846,0.010360068918735076,0.0006393442078610283,0.0001593210610339043,0.001108654891306069,0.00021384349637002114,0.0005955384615031694,0.02879594226242907,0.09323643378639535,0.010987250428966503,0.00024146200505087255
Z_R_1844_E_0049,0.1014071294641374,0.01214047522604888,0.00032456999603136023,0.00040372842239322885,0.00025599418781264505,0.1849508302656782,0.0005964091995699607,0.01403986146820473,0.37390823782555405,0.0011765912418278159,0.0025369653304729623,0.0005781232716644261,0.0006443133437516309,0.0011273097152397994,0.0005876825951365358,0.0002924253062647334,0.14513105957422,0.0032003877317486897,0.00034581130226714064,0.0002543869326941344,0.022387522600432343,0.001381586649202705,0.00034428379604417597,0.002395740475269436,0.00046210369308275276,0.0012869249105301101,0.09225079990232198,0.0013160006990421108,0.03375095914609639,0.0005217857272596345
Z_R_1844_M_0061,0.0002984159041351396,0.00047995487996424995,7.305531766995814e-05,9.087256527395893e-05,5.762004171977971e-05,0.13173594298276275,0.00013424180937433012,0.09551938587122388,0.3071743262587709,0.0002648311550372526,0.027603003258151095,0.00013012595058157928,0.00014502423693599928,0.000253738701562902,0.00013227759559345333,6.582008166226421e-05,0.08447787649828757,0.025499664086660014,7.78363830603335e-05,5.725827527588414e-05,0.000533730584773941,0.0003109722179505603,7.749256676885244e-05,0.11091980386899519,0.0001040118695733031,0.0002896654321278535,0.0004901426710873187,0.05886548795023288,0.09770336217935875,0.05643405880542807
Z_R_1844_M_0067,0.10022440240762374,0.006705004563511459,0.0001792551991622016,0.00022297322503139568,0.00014138179647476707,0.36193074446723744,0.0003293879630227831,0.024336037754402032,0.029628988954269346,0.0006498139075244926,0.12300268400447828,0.0003192889160108851,0.0003558447119859572,0.0006225964506690576,0.0003245683887095364,0.00016150216334071693,0.1907006023453711,0.007294870157723872,0.00019098645783157116,0.00014049413328995052,0.0013096101053839402,0.0007630298332897686,0.00019014283878000427,0.05106922290947514,0.000255213021998294,0.0007107495577674533,0.0012026588197258758,0.09469164613903264,0.0020581242818013077,0.0002881745250749634
Z_R_1844_ON_0054,0.0003680620028041274,0.0033703745768511035,9.010540713312565e-05,0.00011208095115311128,7.106775363901325e-05,0.0013337832183843341,0.00016557197030621563,0.012232886968501918,0.12880807355668852,0.00032663904295060525,0.009039513728911916,0.0001604955276316562,0.2168944561925205,0.008648172586227217,0.000163149336498476,8.118156822624753e-05,0.1236426660277443,0.15092234149462996,9.600230632225916e-05,7.062155596642797e-05,0.0006582958390205401,0.00038354878466360893,9.557824811662848e-05,0.009000307630902163,0.00012828678532232312,0.00035726929300597713,0.2617745994841158,0.00036534115976391785,0.07049467160573257,0.00014485539626540444
Z_R_1844_ON_0055,0.09345769557019745,0.00872416129706899,6.71554484698759e-05,8.353379424274674e-05,5.2966708871570405e-05,0.3116053316987656,0.00012340058464557074,0.0008341884656258426,0.0897882725832369,0.00024344367463664368,0.0005249131053505553,0.00011961711820012227,0.00013331223490721362,0.00023324703582293583,0.00012159499866562321,6.050452237196794e-05,0.044523665446393204,0.1642507785342183,7.15504001406766e-05,5.26341582981691e-05,0.000490627074465826,0.002356600199508059,7.123435008460855e-05,0.2551969299161927,9.561198240135462e-05,0.000266272362111235,0.0025213010387721913,0.010625997138289926,0.013195498010403425,0.00010796054764074818
Z_R_1844_ON_0056,0.05413674599031152,0.010185172906972899,0.0015503145676897376,0.0019284162500533253,0.001222760955918736,0.07075252651310578,0.0028487595332383968,0.16266971855479925,0.11283851255844583,0.005620009750517966,0.012117861655875377,0.05056544721410755,0.0030775745607690905,0.005384615630538961,0.002807076746335638,0.001396774864610548,0.16737684246400947,0.0152867109820777,0.001651774058390497,0.0012150838722243444,0.011326352785635315,0.05440320484430587,0.0016444778967654092,0.10705136003731856,0.0022072468063258667,0.006147020552463112,0.010401369092198283,0.006285901592141423,0.1134080476203749,0.002492319142478703
Z_R_1844_ON_0062,0.016220568623397897,0.020594570759240056,0.007538095588760351,4.3240673444982884e-05,2.7417839480814946e-05,0.001586476412587843,6.38774334621154e-05,0.07224942804513616,0.0014582613013950755,0.0011979216050679255,0.07101742913702175,6.191894901230971e-05,0.23803185626403958,0.001192643387632971,6.294278474367137e-05,0.0011032244562661914,0.054132595123662496,0.00034277230219646667,3.70375548649222e-05,2.7245697045783192e-05,0.11387587007064019,0.11912939664983149,3.687395380512844e-05,0.0002565918716744556,4.949286149304071e-05,0.03765449923774087,0.0013051335194619264,0.0001409481060147513,0.24050578478256818,5.588500831063899e-05
Z_R_1844_ON_0068,0.0009605106123344926,0.1610590501970699,0.00023514298982431326,0.0002924913253824745,0.00018546150117368216,0.0034806987030757985,0.0004320838156958163,0.06817670586244451,0.2563860413548141,0.0008524114545010574,0.009088615452949993,0.00041883611007917083,0.00046678919150253297,0.0008167081989731098,0.0004257616051323625,0.00021185495164727447,0.03263742400133656,0.04582248061537528,0.007501178180072429,0.00018429708431877203,0.01621921022704886,0.0010009255919129674,0.0002494251537103558,0.0017356551285891068,0.00033478277514547726,0.16769721235672042,0.05233214583353634,0.0009534101819865969,0.16946466860068882,0.00037802094295749173
Z_R_1844_VIE_0057,0.0001594288412573245,0.1434713835381394,3.9029838833699335e-05,4.85487119920626e-05,3.0783535184582855e-05,0.002984712534599142,7.17187516491884e-05,0.06667661072016078,0.19539869766577575,0.00014148617279227736,0.007525995127591957,0.0217322880319353,0.11440875577349874,0.003746021387459839,7.066936948581335e-05,3.516441049376896e-05,0.10891716383619149,0.10027428060289395,4.1584125333181124e-05,3.05902612867884e-05,0.0014886329444144697,0.0013696241790942983,4.14004413130044e-05,0.017136909678424458,5.556839167516416e-05,0.05070121298364149,0.017110678654753023,0.020617531346245277,0.12561078293302122,6.274521086262216e-05
Z_R_1845_ON_0081,0.002708009583023516,0.024797470488549078,0.000662948916594885,0.0008246335875060135,0.0005228797225255009,0.009813286102730029,0.0012181928013577854,0.21265563345876476,0.2526728973443035,0.0024032408989813547,0.005181866586070175,0.0011808429654452414,0.18529461973326072,0.002302581148976271,0.0012003683165765977,0.0005972919319209075,0.03068992356370624,0.026979001392240576,0.0007063352465953641,0.0005195968311537263,0.004843399826525473,0.023264017808055662,0.0007032152459545515,0.06621960193922366,0.0009438677216920146,0.06395479593024045,0.004447856270261389,0.0026879910291639606,0.007611669113168527,0.06239196449543202
Z_R_1846_HEN_0178,0.0034905991231945588,0.07237142717428563,5.308500527032374e-05,6.603175183344203e-05,4.1869097499368003e-05,0.15301552848387018,9.754563234299042e-05,0.039944502793597084,0.4982011850444138,0.00019243723399316146,0.049521300439990666,0.008278949444913274,0.034479837762647805,0.0018212559130971026,9.61183536419252e-05,4.782758453969825e-05,0.03683192367454659,0.010344712495081962,5.655912446575922e-05,4.160622308867032e-05,0.013482861948453094,0.0002259652323107777,5.6309293375738503e-05,0.00039183503500341384,7.55793119594573e-05,0.001847361756480085,0.00035615786923859355,0.024768422026095253,0.049715864571144804,8.53405996248683e-05
Z_R_1846_KAP_0079,0.03284702543629791,0.08619488296049321,9.568849634305736e-05,0.0001190256836495451,7.54712364170206e-05,0.04862538337269344,0.0001758311002551876,0.07495261366395159,0.3344767537041328,0.00034687817148087866,0.05385801468561207,0.00017044011228059647,0.00018995401852056585,0.0003323491785537503,0.02377773665809545,8.621172071132155e-05,0.1578588207649822,0.0009435261839058313,0.00010195077775821272,7.499739155332251e-05,0.0154518839438056,0.012209553291843832,0.00010150044416170853,0.021360221643290447,0.00013623565975392842,0.00037940632560241823,0.07735654765537235,0.056448614307338135,0.0010986505202256315,0.00015383089091796056
Z_R_1846_LAN_0080,0.040320125502963836,0.00038814664151788376,5.908092069139605e-05,0.00553877982916696,4.6598183727851106e-05,0.017270413477750168,0.00010856334550408435,0.0007338886672974196,0.5089285897837914,0.10587644304523677,0.00046179945564657905,0.00010523478935420815,0.003760809811954007,0.002026965535983073,0.04747282009893608,5.3229677847100256e-05,0.05010088092107161,0.06798780240587092,0.018280580224797553,4.630561783036009e-05,0.0004316358528760294,0.0002514878523828491,6.266938995634522e-05,0.12431599547843132,8.411594409849715e-05,0.00023425673815969438,0.0022181489380962744,0.00023954935416278092,0.002500102752297076,9.4979762599961e-05
Z_R_1846_WIL_0078,0.000488974710717486,0.004477582367018672,0.00011970609585159642,0.00014890086520612364,9.441434870274087e-05,0.016536521630433915,0.0002199643148887905,0.042089540652082896,0.2707839251150732,0.0004339438201144779,0.052611681546266637,0.00021322020093691492,0.00023763205419068717,0.029944917877404994,0.00021674581730879368,0.00010785067063862672,0.105202440156512,0.24848697868895614,0.0001275401959574724,9.38215698333847e-05,0.011947984957573437,0.06695013612198232,0.00012697682963102227,0.09316217675101193,0.00017043050699053512,0.00047463646848872564,0.0008031320297750706,0.00048536003865582756,0.04566813404702636,0.007574729550769214
Z_R_1847_BER_0537,0.08690789176201158,0.03136515287708365,2.025750817974342e-05,2.519805255885551e-05,1.597746069257854e-05,0.15021377903072694,0.0006618652336276814,0.044601167780310653,0.0070961998399330555,7.343502787373639e-05,0.11759090945271203,3.6082623310352386e-05,4.0213768958808455e-05,7.035920157995128e-05,3.667925293045555e-05,1.8251249672041307e-05,0.12461676385197779,0.2225720582944055,2.158324974575737e-05,1.5877146479594358e-05,0.03387862963716339,8.622948266771992e-05,2.148791293032565e-05,0.0007741675674269783,2.8841450093892946e-05,0.0025788866198007453,0.007631607542087899,0.12563504214238075,0.04145891460188892,0.0019064903787886017
Z_R_1847_HLS_0535,0.07688449028176031,0.06688391856677942,8.274833856796425e-05,0.00010292958866868607,6.526510146829792e-05,0.09563220619011144,0.00015205308862343284,0.06991971185963221,0.12849714595368303,0.07684644948914303,0.005749891891648769,0.00014739113535646987,0.00016426613477687463,0.04621529312803929,0.00014982826184635774,7.45531273516015e-05,0.10589264635171791,0.06715621414385395,0.06132534806766852,6.485533564786527e-05,0.008259194299511068,0.00035223218783956423,0.08428890274960492,0.0006107882626015019,0.00011781222329935774,0.0003280984056141881,0.09751405023441907,0.00033551120784896117,0.0060531763787829325,0.00013302801413301278
Z_R_1847_ON_0233,0.052060844763899404,0.09660322937312751,7.989437635537864e-05,9.937958196521447e-05,6.30141301906317e-05,0.1366777346395759,0.00014680882901957644,0.010846617383686377,0.21768011918877947,0.00028962326968125294,0.0006244855205093277,0.00014230766494416713,0.0001586006513415106,0.0002774923984339607,0.00014466073576562948,7.198181520233345e-05,0.008625648448186876,0.14120998446698477,0.007475764836733325,0.02716163849097885,0.0005836956647693953,0.00034008381880222316,0.07399116518287249,0.04493357328113508,0.07894726162915795,0.0003167824025640073,0.09907791816441668,0.0003239395397566353,0.0009173098282498793,0.00012843992291424958
Z_R_1847_PRE_0222,0.03265756486438728,0.09605068984462893,0.00033810520312105584,0.00042056469152440404,0.0002666696488477673,0.015430286115216945,0.0006212806360092028,0.0041998596843290294,0.32694799692405463,0.0012256574103362656,0.002642761773604483,0.03187870699689411,0.07364962378907136,0.0011743207471791848,0.0006121901150103513,0.0003046200165797879,0.005226427529725162,0.26397114059313226,0.00036023231359713073,0.00026499536803020556,0.023321126317125903,0.03271567637725748,0.0003586411073608825,0.012921139180206294,0.000481374325794545,0.0013405922099906248,0.002268415122290573,0.001370880516060065,0.0038819656645894397,0.0630964949140446
Z_R_1847_WAC_0234,9.329576970885204e-05,0.00015005151981278613,2.2839774954678306e-05,2.841010081960165e-05,1.8014140896688235e-05,0.061609197220121405,4.1968919079512103e-05,0.0023965070322915388,0.12209180331239868,8.279594388138174e-05,0.0001785245645756639,0.06060752847181743,0.043709810505627444,7.932803560133068e-05,4.1354833724072586e-05,2.057777449488605e-05,0.10740143660353392,0.09882240084402408,2.4334511560343342e-05,1.790103942196661e-05,0.00016686377982418331,0.003618549608981848,0.07397212078638211,0.4023042756128176,3.2517929829583007e-05,9.056005083488138e-05,0.0001532365974218846,0.021924841396628862,0.00026223560401484225,3.671771491786854e-05
Z_R_1847_WED_0111,0.0030208468715537096,0.0017184144564699403,4.59410165526279e-05,5.714543661682635e-05,3.623450523301279e-05,0.08284247239179265,8.441829264753032e-05,0.0076536362466012335,0.4099061601157112,0.0001665397244890929,0.01735821662310606,8.18300247026795e-05,9.11988487916569e-05,0.0015761578552002124,0.00999933862387206,4.139112055883738e-05,0.10553808577565374,0.003286183774962239,4.8947601305714995e-05,3.6007007513240006e-05,0.0003356377935486902,0.005861930235268947,4.8731391583524034e-05,0.0017556969353829462,6.540812050567366e-05,0.00018215682083854877,0.2524618966663831,0.0016028659789214083,0.09402265397498114,7.385576925183105e-05
Z_R_1848_BUM_0235,0.08659673475954233,0.00036803259358860797,5.601930339684649e-05,6.96816873417691e-05,4.4183431155849244e-05,0.35493764503645225,0.0001029375121172687,0.0006958580101956436,0.09217258965770463,0.0002030742907722633,0.0004378686640564094,9.978144422510891e-05,0.00011120554927317381,0.00019456852368488563,0.00010143133992834875,5.047127631285137e-05,0.20296684940053378,0.010916521244825172,5.9685456131594465e-05,4.390602624097447e-05,0.002136626310834064,0.0002384555646457254,5.942181551295712e-05,0.002140852046307297,7.975699325302012e-05,0.00022211737958976378,0.14547392919208016,0.09695919208329869,0.0006431874172102435,0.0018174159897884467
Z_R_1848_RIC_0129,0.028106027467790687,0.006551652289316623,0.002529725249885916,1.451122795510125e-05,9.201210042408441e-06,0.04154080189096213,2.1436761370864348e-05,0.008418535736430683,0.5915138513761138,4.22902693323616e-05,0.0565676572550698,2.0779509481996073e-05,2.3158582074231087e-05,0.006875251100753327,2.112310065444324e-05,1.051065529123127e-05,0.0670887640622766,0.018460891680050592,1.2429510429070702e-05,9.143440402935313e-06,0.003322734899063459,0.018755241180177143,1.237460720756135e-05,0.10368626082966477,1.6609412806430233e-05,4.6255997105924625e-05,0.02957553484886701,0.0029250830312851817,0.012724240015723155,0.001097922802414588
Z_R_1848_SCH_0521,0.05184765837664405,0.00022035043511556618,3.354017577085631e-05,4.1720191072285876e-05,2.645373928748523e-05,0.2724945160204474,6.163129565124508e-05,0.0004166278150262406,0.07587032539714082,0.013566355677182212,0.0033648022798768665,0.0010939547514027727,6.658157890493936e-05,0.00011649310305837265,6.072951221420944e-05,3.0218431438185034e-05,0.11117926263732679,0.041699242257277454,3.573519426751928e-05,2.628764993898535e-05,0.0002450392140990079,0.00014276938602929227,3.5577345951791535e-05,0.2401850023287898,4.775253190334894e-05,0.00013298730083141424,0.033319846069958775,0.1376863306932932,0.0158982886999997,5.391991009951917e-05
Z_R_1849_COR_0538,0.010118148413392,0.003139455436512101,4.600618862717891e-05,5.722650331789021e-05,3.628590761923687e-05,0.02054145079426038,8.453804871029813e-05,0.011920303414937458,0.45588295773486553,0.00016677597828046635,0.00177820549615669,0.0015005493407809184,0.019951773468143676,0.0029969970295680754,0.0043391107909961845,4.144983813622752e-05,0.029083227931206726,0.2189185367904783,4.901703853111324e-05,3.60580871704636e-05,0.0017547171621480548,0.0001958330614819687,4.880052209311164e-05,0.09680460409935918,6.550090867680509e-05,0.00018241522909327395,0.06840161980258892,0.007279552736742122,0.04308631847310016,0.0014925637730255166
Z_R_1849_FO_0249,0.004766850951447823,0.05330725814661625,3.740907077754505e-05,4.653265955845046e-05,2.950520629638887e-05,0.10321619505856891,6.87405312625876e-05,0.003925218237385271,0.46643407451759245,0.00013561076371804747,0.02220910626108919,6.663294405608212e-05,7.426183496330513e-05,0.010511526586743106,6.773472614538853e-05,3.370415969732991e-05,0.006345822384075116,0.04420227296861492,3.985728699622795e-05,2.9319958364598748e-05,0.0002733047484941599,0.00015923798680498355,3.9681230709119684e-05,0.07064027650217311,0.009281346064124422,0.03936768974153105,0.07868970933149518,0.0001516787253773402,0.08578930178614944,6.0139629172261804e-05
Z_R_1849_GL_0238,0.0008181413290455415,0.0013158511926965565,0.00020028950824710982,0.00024913753019459084,0.00015797193399897297,0.04619634305518736,0.0312477265671742,0.0024879470150595186,0.2554394863464016,0.0007260648985274041,0.1930196019244874,0.0003567551751662537,0.012749475448795256,0.000695653668756717,0.00036265415603575746,0.00018045328128578735,0.1019110729611215,0.00197493327427004,0.00021339734579374386,0.00015698010992019074,0.026167033272944253,0.0008525658993533258,0.0002124547341106466,0.0014783919880044915,0.0002851604355868286,0.000794150909303788,0.19279784341259967,0.0008120933422278802,0.1258183795495906,0.0003219897341129927
Z_R_1849_HLS_0542,0.0007889078555840802,0.01317935681002394,0.0001931328498360481,0.00024023545531017665,0.0001523273489178083,0.06241145979728726,0.00035488865203132784,0.032175356377263646,0.4487911244483126,0.0007001214604087586,0.0015096014733356725,0.00034400775296032686,0.00038339364016297563,0.0006707968715971206,0.00034969595398706254,0.00017400540238978306,0.0029854460503998567,0.05550171951280338,0.0002057723237791667,0.0001513709642696674,0.001410998024096481,0.006777363904573623,0.000204863393090592,0.025246612812858327,0.00027497120576792743,0.01863155921897094,0.2395062276448739,0.0007830759728255253,0.08559112228661446,0.0003104845356675892
Z_R_1849_KRU_0540,0.00016097872786336424,0.00025890887495550434,3.940926719789727e-05,4.9020678029471925e-05,3.1082797153075305e-05,0.11238054171068329,7.241596510006932e-05,0.0004895322253711028,0.6031706610935168,0.0001428616298452245,0.029472521709864526,7.019568895747397e-05,7.823248308086145e-05,0.04631397682310426,7.135638137374743e-05,3.550626111755672e-05,0.021267363984979987,0.05993274477719397,4.198838517957711e-05,3.0887644344143285e-05,0.00028791786687002243,0.0074588730457934545,4.180291547620548e-05,0.03553130827014904,5.610859949011966e-05,0.029320741885727798,0.036720009056275336,0.005020535975012946,0.011389160088207246,6.335518808595376e-05
Z_R_1849_KZH_0236,0.0002280394879785544,0.0003667655227594423,5.5826438888537015e-05,6.944178567301501e-05,4.4031315452715055e-05,0.021483303522693096,0.00010258311655257456,0.002414873456702775,0.4877798230681325,0.00020237514207056254,0.03830740672402207,9.943791444140995e-05,0.00011082268832558367,0.00019389865882799598,0.00010108212984689041,5.029751267604082e-05,0.16783984736040677,0.11244219615972208,5.947996971080662e-05,4.3754865593674e-05,0.0004078591240741177,0.001959045766503447,5.921723675997662e-05,0.11574661816502164,7.948240409615366e-05,0.00022135266891676423,0.01586725115117552,0.00022635374033540636,0.03334778511519211,8.974778744784629e-05
Z_R_1849_ON_0077,0.0002855508965542979,0.0026148134684139492,6.990582998307134e-05,0.05182015309912336,5.5135984190467574e-05,0.10881227556863801,0.00012845451093837084,0.16900124698622054,0.20770973745387622,0.0002534140195227379,0.20747920372049908,0.00012451609092765765,0.00013877209728213382,0.008864999462937959,0.00012657497637475832,6.298251222369572e-05,0.005391703606680396,0.037333647642943536,7.44807788708094e-05,5.478981385917431e-05,0.000510720926360647,0.0002975658951442751,7.415178484293773e-05,0.03716034285508401,9.95278140252714e-05,0.04985482588446605,0.000469012131153439,0.004594539849539074,0.10642457221903132,0.00011238212029272392
Z_R_1850_KAP_0239,0.00025577837187185705,0.008134598450761038,6.261720622551383e-05,7.788873338019685e-05,0.013565021110886465,0.0009268897561531306,0.00011506139908464462,0.029739887954860288,0.3443791972914378,0.0002269921968558894,0.0004894404388194138,0.00011153361237396202,0.00012430323817007433,0.011802313595551887,0.02328303576595708,5.641573753529775e-05,0.1168162259470604,0.0006174302648145868,0.05219844550809,0.086935294493222,0.0004574713951233319,0.0774987337606549,6.642046313768924e-05,0.06610955898209167,8.915069969849737e-05,0.002179082991318981,0.0004201113032463036,0.00025388756869836553,0.016165380071909104,0.14684183169100973
Z_R_1850_LBK_0252,0.0656740526506788,0.03960338523882479,1.2092321803619224e-05,1.5041482775797699e-05,9.537431483924183e-06,0.21420486959919524,2.2220082127191133e-05,0.02848812835207633,0.03331959243330726,4.3835598180576195e-05,0.09592143368056463,2.1538813595240508e-05,2.4004819885624476e-05,4.199954406047097e-05,0.00039476233499218547,1.089472517519273e-05,0.16275709853938475,0.01988120592392168,1.288369720391181e-05,9.477550883895869e-06,0.011647233215454123,0.0004243403718420194,1.2826787763633987e-05,0.09703477427073487,1.7216337405561138e-05,0.001166548362799197,0.0011997319196588208,0.22451518928315217,0.0034946447536808446,1.943987738764785e-05
Z_R_1850_MIN_0154,0.05799788378131132,0.13776259835603802,2.438541807332444e-05,3.0332706314576793e-05,1.9233217396808692e-05,0.08307278513101779,4.4809094654840055e-05,0.07173584558754269,0.17095814411633795,8.839901926920889e-05,0.015229118737893649,4.3435246171346694e-05,4.8408203006192316e-05,0.006852027197651153,0.0007960790933884184,2.1970340560365503e-05,0.10188691117012699,0.07392916265186106,2.5981308449257314e-05,1.9112461971185226e-05,0.008449338057781327,0.009878833960361886,2.5866544674687713e-05,0.00017999548263538659,3.471852570119066e-05,9.668854902170381e-05,0.15130066052135657,0.019648939728681265,0.08975913326661165,3.920252413809202e-05
Z_R_1850_NIE_0251,0.02666953764523678,0.07520697236317506,7.128882966441888e-05,8.867525367900788e-05,5.622678088917876e-05,0.29121696354551707,0.00013099582326866493,0.0008855323103187897,0.06453996468687873,0.00025842749991963497,0.0005572212204456158,0.011117953436630757,0.00014151753019334593,0.00024760326355307877,0.00012907910445728385,6.422854269578844e-05,0.08243518939039184,0.20073866177212288,7.595428821144367e-05,5.587376200951712e-05,0.0027190196930963586,0.0003034528653478202,7.561878544694985e-05,0.11483233155433237,0.00010149684772554363,0.00028266128064657653,0.0026764857413822483,0.09481142348241318,0.029395037239935553,0.00011460546041459411
Z_R_1850_OAR_0240,0.0003450532585298983,0.016183270957863743,8.447262718122528e-05,0.00010507440898508778,6.66250788799614e-05,0.06636835101665667,0.00015522153180745176,0.01667760545541008,0.4229031385434898,0.041981705793853255,0.003264988785437248,0.00015046243395640537,0.00016768907027796062,0.018526418895804832,0.018385975474999674,7.610664625965527e-05,0.009119930823653666,0.18576790248476138,9.000089216085065e-05,6.620677446466987e-05,0.0006171436404740542,0.00035957191164824153,0.06520755023726692,0.04750843747517479,0.00012026716413144707,0.00033493523587108787,0.018799768804048538,0.00034250250417378416,0.06608782205507346,0.0001358000177041284
Z_R_1850_ON_0241,0.0007705524892232344,0.0012393120552442517,0.0001886392652051405,0.0002346459434757202,0.00014878317797772727,0.06677604604921115,0.0003466315264630713,0.002343230561089176,0.5314164139206536,0.01813393668658457,0.001474477868080869,0.00033600379116445505,0.0003744732945537923,0.0006551895706370377,0.000341559645919011,0.00016995685237595896,0.08434980673284141,0.013493460509908376,0.00020098465895474586,0.00014784904534605983,0.007194870211763417,0.0008029746849972202,0.00020009687618055346,0.0770095192097263,0.10496920240395476,0.0007479575206117791,0.024532424809337504,0.058931872351309186,0.0021658677351307897,0.00030326055207911763
Z_R_1851_ASS_0543,0.04066272622227869,0.028438224341867022,1.0455020640594034e-05,1.3004865024269953e-05,0.015160158142903403,0.09751385484617872,0.003565403670552474,0.0023865374518720357,0.11198244332621698,3.790025532016034e-05,0.05069555447805759,0.0035648146458243032,2.0754565703240763e-05,0.019379179288494117,1.8930380926759133e-05,9.419578673977059e-06,0.06528259745990342,0.13002267717339822,1.1139243759932537e-05,0.02676582626140821,0.0007211449417421513,0.012939747873283529,0.15991211965288288,0.19930869618508051,1.488524419493201e-05,0.0006862165300953439,7.014481500449473e-05,4.239090069863407e-05,0.016883857273392307,0.013879195364621085
Z_R_1851_CAM_0253,0.2440540294338573,0.0222079540526106,6.251182038407898e-06,7.775764529434382e-06,4.930419596260542e-06,0.10572256067613374,1.1486774875927662e-05,0.06966239516941705,0.005081120315066644,0.009082170691306127,0.08274098189338372,1.113458993746633e-05,1.2409403366962998e-05,2.1711859783086255e-05,1.1318701444749369e-05,0.00019838760388304075,0.06447697607060623,0.14694134915865703,0.0009704379122136586,0.07614333183736047,0.012574779271008446,2.6609205261122263e-05,6.6308676349070025e-06,0.055174221843982164,0.000201655590748593,2.478603069862385e-05,4.194042486544802e-05,0.054960670650939965,0.04960994306969704,1.0049535095745186e-05
Z_R_1851_C_0549,0.0005279494572347928,0.0725854956139208,0.00012924751924248416,0.00016076931842142565,0.00010193984077345859,0.02981066152796791,0.0002374970281922335,0.0016054808987121586,0.24454307300794637,0.00046853221501714435,0.0010102488812186378,0.00023021536060824366,0.00025657301140886117,0.0004489077422258632,0.2353699087909602,0.00011644713270042571,0.08170498739057774,0.0012744313399277749,0.00013770605259434479,0.00010129981323118009,0.0009442619131097098,0.0005501637526924472,0.11571236417392178,0.07667573777037016,0.0001840150250917381,0.0005124683555817694,0.06463281155518215,0.0642897108864591,0.005469313524641156,0.0002077811000679408
Z_R_1851_FRI_0550,0.11958581816238203,0.0049642877222843725,0.000755628563634089,0.0009399166024014625,0.0005959778254329282,0.10438455951817079,0.001388495031332664,0.009386232188795996,0.19479695025881683,0.002739211759921577,0.005906286755074995,0.001345923722810848,0.0015000202496298545,0.0026244798697138325,0.0013681787000202818,0.0006807927930643634,0.011680500302179292,0.0074507946340787575,0.0008050802625493016,0.0005922359888755021,0.0055205026547459875,0.0032164597715070528,0.16390044796120562,0.1453765800122017,0.0010758195585656982,0.002996078607200765,0.1914684326141737,0.0030637696956516175,0.008675773434224014,0.0012147647793540068
Z_R_1851_HLS_0256,0.0006078982135450931,0.010155441353230434,0.00014881980647192777,0.00018511503349795703,0.00011737685539033991,0.14904663019943118,0.0002734618194637531,0.011026336064477138,0.40088539448276944,0.0005394832641537896,0.0011632334908445983,0.0002650774700619731,0.0002954265283200538,0.018872353060791273,0.018624926605596035,0.00013408102417947166,0.07113345308346791,0.13913341719182593,0.0001585592374787124,0.00011663990681649618,0.0010872539449222032,0.0006334764774088352,0.0001578588548701354,0.0010984799526944358,0.0002118808978507482,0.0051789392820631094,0.16619765619908994,0.0006034044173616272,0.0017086793506931727,0.00023924593123231914
Z_R_1851_LOO_0242,0.00323729568062487,0.001026563701331968,0.025250633398907586,1.2888524553111511e-05,0.020136490397904706,0.06501128962077468,1.9039617193143996e-05,0.06914008424759233,0.1857429818270155,3.756120270002596e-05,0.005192943246909844,0.1150374164554163,2.0568897036315142e-05,0.025276259859683976,0.062001200906700596,9.335311884664033e-06,0.041375295389173256,0.09275633107291714,1.103959298578296e-05,0.02237291887761647,7.5699411872736e-05,0.03934225029396981,0.05049153464533439,0.02116329045817109,0.0003342491947636826,4.108346697281311e-05,0.09368217134382692,0.013780387523806037,0.020247283891521008,0.027173911940839207
Z_R_1851_LWF_0883,0.0001078836957890783,0.005059830729693334,2.6411051013256524e-05,3.285236494348937e-05,2.083087049353656e-05,0.07205692919788302,4.853126902431169e-05,0.0719940518027332,0.25438201209752676,0.03674311834473291,0.04825522124173292,0.004933360131870747,0.0008668154847876816,9.173193690417796e-05,4.782116396937179e-05,2.379535932390623e-05,0.1616567173156139,0.11020255209372377,2.8139507831326656e-05,2.070008423034111e-05,0.02218138070729948,0.03838857159804067,2.801521092997694e-05,0.06860338290355389,3.760250288274828e-05,0.0001047202140611829,0.0026203554161829895,0.09539026443176425,0.006003942296114322,4.245897534937838e-05
Z_R_1851_NIE_0255,0.03354236989671514,0.05117255776706335,1.839598373498463e-05,2.288252636568181e-05,1.4509242914730187e-05,0.2532618457791682,0.0034372500125045614,0.01157333279185645,0.30651466094908997,0.0012011690989369589,0.00014379016399005418,3.276688058783876e-05,3.651840261520456e-05,6.389367914290445e-05,0.04711432166877853,0.0005838152067611975,0.0502015835558449,0.04272447565240433,0.0005868410191472609,1.4418146881887902e-05,0.0018361215056069405,7.830559151483981e-05,1.9513322826166235e-05,0.07557885481882196,0.01704342472987217,7.294035188628781e-05,0.06705787451250463,0.02900388544509305,0.007018107517078386,2.9573780291410308e-05
Z_R_1851_WIE_0254,0.00029641274867070824,0.15934230295542107,7.256492437399603e-05,9.026257139235605e-05,5.723325971576336e-05,0.09057587010985774,0.0001333406938162211,0.01656418630474973,0.2961622058013261,0.04501391818376709,0.04979314688946326,0.0001292524632594901,0.00014405074293427953,0.0002520354476158762,0.00013138966507512923,6.537825582649582e-05,0.18460025346452666,0.014140778098330524,7.731389624278013e-05,5.6873921676047646e-05,0.0005301478489927411,0.0003088847766009467,7.69723878627525e-05,0.0005356216795555271,0.0001033136764072742,0.0025252642524522875,0.12802681704012803,0.0002942215619736145,0.009783329440187848,0.00011665693779768698
Z_R_1852_FR_0551,0.0009269072295652176,0.015484750242709193,0.00022691653215574722,0.0002822585410307936,0.00017897314619574333,0.017352893019077675,0.0004169673998428501,0.05179758329083953,0.2194284647867761,0.000822589911652202,0.1766982462068762,0.00040418316408997724,0.00045045861100379556,0.014782101998097309,0.00041086637128278443,0.00020444322403036976,0.1294533703412046,0.0022374861956495893,0.07720858142699034,0.00017784946636630283,0.0016578162584893615,0.0009659082944914771,0.00024069903574270186,0.0016749333802893347,0.0003230704279904248,0.0008997274591398837,0.27440477039033473,0.007917038340468934,0.002605349395468852,0.0003647959121479631
Z_R_1852_GUD_0885,0.00016898742835927695,0.0002717896056133607,4.136988039158114e-05,5.145945943652735e-05,3.2629168007648574e-05,0.2276767283338266,7.601866331558249e-05,0.10001399562155415,0.21476771903508773,0.0001499690037260733,0.056451629771022464,7.368792831373116e-05,8.212455338333007e-05,0.00014368755169603484,7.490636524105393e-05,3.727269954575414e-05,0.12820373776950247,0.03357462632800504,4.407730963359363e-05,3.2424306335822574e-05,0.020712520594665183,0.0001760978375296243,0.0013195250376902654,0.007959217023132908,0.002610184855152449,0.14941419590916943,0.020687837562228303,0.009097235188407365,0.023436553248100345,0.002617791961926377
Z_R_1852_HLS_0258,0.0006107006372491799,0.005592236868163678,0.0001495058689475228,0.00018596841774271762,0.00011791796519215817,0.23271412148294454,0.00027472248427235445,0.0018571251366944048,0.5225940381172175,0.009762012865230069,0.0011685960219978318,0.00026629948284136407,0.00029678845090402064,0.000519269866625707,0.004880724056077911,0.00013469914055497064,0.011531103099976804,0.0014741866304790801,0.000159290198938561,0.00011717761926970243,0.0010922662087514436,0.0006363968174537896,0.004768607873423828,0.06564384197087456,0.0002128576732999099,0.0005927930165190839,0.13008366064484925,0.000606186124569654,0.001716556398870599,0.00024034886006785855
Z_R_1852_HUD_0257,0.1772432579991875,0.10127426099908651,4.4860677587511884e-05,5.5801616943506695e-05,3.5382422479465516e-05,0.0075804558437495,8.243313041649394e-05,0.16240116496055135,0.07242921857288676,0.0001626234125067678,0.10133018624719325,7.990572761836403e-05,8.905423647532986e-05,0.0001558119305388788,8.12269764506055e-05,4.041777595950093e-05,0.007609862690588104,0.012891875963773317,4.779656014668991e-05,3.516027454664976e-05,0.08332462534450054,0.00019095700153105025,4.7585434765357016e-05,0.08886113470086585,6.386999735299298e-05,0.00017787326061109696,0.08606442223167572,0.0043317360086442495,0.047546634823325336,0.045720403178041796
Z_R_1852_LBK_0156,0.02794051076118115,0.03407708953297617,3.917126517315886e-05,4.872463038751813e-05,3.089508067969312e-05,0.1370666568456771,7.197862770349569e-05,0.0016944238324245022,0.11518091680183469,0.00014199885416888791,0.1742362912372872,6.977176034149913e-05,7.776001833595615e-05,0.00013605123186947256,7.092544305764838e-05,3.529183028344771e-05,0.18661410259399303,0.0015940920803831228,4.173480724223426e-05,3.070110644542035e-05,0.017196051197191368,0.00016673906293663133,0.0012493984673087506,0.0027048299090796602,5.576974618902103e-05,0.00015531465491174968,0.16573798514210575,0.03156287196591258,0.10190897894202233,6.29725708967931e-05
Z_R_1852_NIE_0260,0.03912444662433342,0.013170720154746065,2.4814568409401788e-05,3.086652087005805e-05,1.9571695977937397e-05,0.17864925091685638,4.559767404161227e-05,0.04162680023990423,0.3423016490982982,0.020749234609135383,0.06217179997881678,0.08497679473800435,0.009996320808079731,0.010033247654825689,4.493049307805184e-05,2.2356988802641435e-05,0.07001300820407765,0.01172205911268702,2.6438544294843453e-05,1.9448815420346392e-05,0.0001812913081549614,0.02612101686131017,2.6321760833251145e-05,0.00018316315938520127,3.5329524738729194e-05,0.015401560423095692,0.00322711993718698,0.0016309301160392403,0.0056410188582896375,0.06278289061030635
Z_R_1852_ON_0552,0.21172441404024575,0.11385571722504728,0.0004007801553652321,0.0004985252544307406,0.0003161025098396195,0.06772292426637216,0.0007364481455082107,0.05441070070920452,0.27633203155296215,0.0014528589409587985,0.05256496175926112,0.000713868618390524,0.0007956003486770867,0.0013920059412235034,0.0007256725041260634,0.0003610877810966287,0.006195256440991252,0.003951849856865056,0.00042700899388212947,0.0003141178656519724,0.0029280363635574187,0.0017059879800611342,0.00042512282390694175,0.11418096204574119,0.0005706072408820526,0.0015890993372530049,0.0768373761273155,0.0016250022216221453,0.004601570126146818,0.0006443028234140025
Z_R_1852_WAG_0259,0.034836119381270896,0.1671919768296379,3.0425043929570943e-05,3.78453188437773e-05,0.003776628060166422,0.08019378074195202,5.590712733398511e-05,0.0388424030470745,0.29022891542477813,0.027316869917998293,0.0011759717975074805,5.419301276202356e-05,0.007565660202710913,0.00010567350040910455,0.0009932469197340135,2.741181531876135e-05,0.09616240776014334,0.020001317118593265,3.2416194323160146e-05,2.3846115466507956e-05,0.01054201657772711,0.0038821405859800454,3.2273006583983224e-05,0.003039049084427037,4.3317390190007826e-05,0.0001206357562796858,0.17001069315758408,0.00012336130748152597,0.043504585846840686,4.891195695169437e-05
Z_T_1800_WIN_0070,0.0006496333432758659,0.001044832694813559,0.00015903700038897106,0.00019782406893515444,0.00012543533981742503,0.0023541415434436227,0.00029223628574352007,0.05591857495173377,0.08023019093108219,0.0005765213792779246,0.0012430950524775276,0.0002832763105178858,0.00031570897727387797,0.0005523737801190972,0.0002879603113477263,0.00014328632995908808,0.0024583926819376004,0.452728275775282,0.00016944509007498033,0.13743424601785392,0.0011618991460932984,0.0006769676777067772,0.00016869662283911074,0.010981724317578708,0.00022642753832811428,0.0006305840958779765,0.0010670108988441263,0.0006448310264181792,0.05576904483248602,0.19150832597847195
Z_T_1805_H_0074,0.038447258770297414,0.00016672497108786367,2.53776891012041e-05,0.0015966117200222965,2.0015839385834223e-05,0.0027232197706229533,0.007089333761554669,0.09500044221946978,0.07070906513715253,9.19960781939343e-05,0.08549330025153477,4.520267686435562e-05,5.0377989097631404e-05,8.814282226924751e-05,4.595010744037721e-05,2.286433927489023e-05,0.1162055989200877,0.1966633489348198,2.7038518112962226e-05,0.07905464957073735,0.04713674759686856,0.00010802439189866739,2.6919084466905778e-05,0.018185334225140085,3.613126289849433e-05,0.0001006229185549008,0.0025178310796177897,0.005580552907252734,0.09341153681205172,0.13932977963412252
Z_T_1812_BES_0017,0.04785907583482218,8.349049735885224e-05,1.2708329598457411e-05,1.5807726908751765e-05,1.002328790027212e-05,0.014687009038778268,0.0074687301636892165,0.09067798350522163,0.04089489125752987,4.606867389665147e-05,0.11178000541879232,0.0015900840756317245,0.05057542665788526,0.00043600109501574016,2.3010334317994978e-05,1.1449724929543454e-05,0.040166370034700354,0.03578475181823137,1.3540019292658179e-05,0.003928580433060689,0.08551876270525814,0.04786126006698483,1.3480210768202782e-05,0.0032286997395648736,0.0909300791409934,0.029831901296917283,0.11803572700709088,0.05569593224366063,0.12279871947639279,2.0430184807179606e-05
Z_T_1825_ON_0016,0.009397515733343955,0.0009389306781679684,0.00014291734874898962,0.017805228726923555,0.00011272148092764303,0.0021155307704869724,0.0002626158382298841,0.04584392336979359,0.18667669160166495,0.09306222874266479,0.11569555953338638,0.00466142794808176,0.02672489291416962,0.0004963863502203815,0.0002587732674918121,0.00012876313272785993,0.050684718367407934,0.005816085152802968,0.00015227049663173417,0.1455385231564097,0.027485315049706315,0.0006083516757105698,0.00015159789244079531,0.0010549122876504886,0.00020347732529202346,0.009380397277090936,0.16841968994739934,0.04905497545874051,0.036895821462817786,0.0002297570128688209
Z_T_1839_TEL_0523,0.009017009025746169,0.00010595205098361534,1.612726751099639e-05,2.0060499582034823e-05,1.2719865664095089e-05,0.0996957508890297,2.9634441954254593e-05,0.004675895183112417,0.02603806822263735,5.846258723871454e-05,0.05482742205584079,2.8725848878415088e-05,3.201470802181954e-05,5.6013881651774117e-05,2.9200833531167663e-05,1.4530058843334175e-05,0.31900906793271916,0.002645446880971404,0.0005144678446423697,1.2640004205637496e-05,0.0021069638108116174,6.864842022908464e-05,1.7106808843690137e-05,0.21693535949381546,2.2961056065838142e-05,6.394485797349812e-05,0.0001082010485655593,0.24423239180234751,0.01957928607543357,2.592654314887093e-05
Z_T_1841_HIE_0986,0.16445393230273203,0.00031893455568360524,4.673728812283105e-06,5.81359085297127e-06,3.686253892800892e-06,0.07933225252363613,0.008367239139972744,0.12241141268535811,0.0014930913135256026,0.004196268123480033,0.1187870216504003,8.324834164795481e-06,0.006206208863598083,0.01125717742379323,8.462486092218915e-06,4.210853116559001e-06,0.06593265169984946,0.27631391158579294,4.9795984434214795e-06,3.663109810945134e-06,0.019921970298977913,0.0007404678723732386,0.0033195950654296242,0.055374532238677096,6.654180518936859e-06,0.006503691658073098,0.013578136172507206,0.0008836381229723146,0.04054988448020176,7.513587260529838e-06
Z_T_1842_S_0220,0.10329364038131231,0.01571436606726597,4.9899506708522774e-05,6.206935135090469e-05,3.935663754596e-05,0.1622972956270286,9.169216261163728e-05,0.016006378384151154,0.33444248726330056,0.027876659726404632,0.0019286878511858116,8.888087754724204e-05,9.905696278783204e-05,0.00017331299684508153,9.035053134013111e-05,4.495757066309053e-05,0.03923769363470386,0.1051204938360659,5.31651526892674e-05,3.9109537571997273e-05,0.00036455789591923225,0.00021240562317298973,5.293031333888958e-05,0.09422620979208965,7.10439862432263e-05,0.0001978522937781273,0.07726748064218088,0.00020232241585241165,0.005188884471523949,0.015466758506820284
Z_T_1843_ECH_0043,0.006698568476367607,0.0003453630948485118,5.256871355806873e-05,6.538954324659755e-05,4.1461888949073195e-05,0.0023991062054713745,0.0017175559586054927,0.21299862870651698,0.05245494632272054,0.00019056563675898938,0.013378569760606885,9.363526216528142e-05,0.2643206777530337,0.10230300275426363,9.518353016158045e-05,4.7362425209124975e-05,0.008917401909888266,0.1528884971014326,5.600904432419435e-05,4.1201571190275905e-05,0.050633788662817134,0.08127171910523906,5.5761643029943356e-05,0.0020089831748759113,7.484424614974516e-05,0.0034503538012474314,0.00035269396535074585,0.0002131449753090506,0.04274850416873157,8.45105979307774e-05
Z_T_1844_V_0050,0.00013221871850187952,0.0002126529393649834,3.2368517723825175e-05,4.026278077344079e-05,2.5529631533190816e-05,0.053377635868616886,5.947833127824731e-05,0.025354197176750422,0.0013578339653559398,0.0011154233069470016,0.0002530049242635779,5.765472346253998e-05,6.425568642181778e-05,0.00011242365266090131,5.8608049817465486e-05,2.916281179548856e-05,0.14023224338360119,0.13106829297464626,0.12479510390691556,2.53693441793801e-05,0.04914264114919723,0.002133951899741665,3.4334523494294226e-05,0.11302251875091371,0.001044169330400222,0.12389087377189495,0.00121525176616466,0.00013124131149631934,0.23092926047473894,5.203632734804797e-05
Z_T_1845_ON_0082,0.0005475905365170323,0.0008807129465344188,0.00013405585977146296,0.00016675035104868818,0.00010573226534594932,0.006117978228671203,0.00024633252919729545,0.014066067257654568,0.3404467133714714,0.0004859628198891226,0.0010478327409970648,0.00023877996482884233,0.00026611818811035604,0.01286646660156398,0.00024272821433605612,0.00012077926588896573,0.05994290664157895,0.34027863796802266,0.00014282907234478828,0.00010506842713102321,0.000979390887757635,0.008837870151225733,0.00014219817250028756,0.18286875878415107,0.004324480302994011,0.0005315334980185844,0.0008994074528583119,0.008810781446030515,0.013940024961531905,0.0002155110920280811
Z_T_1845_WAC_0083,0.00047926845444592754,0.000936579379125319,1.3724815800614234e-05,1.707212095564206e-05,1.082500883235345e-05,0.030673950992827728,2.521984935754377e-05,0.0005936916993973556,0.050513983984280156,4.97535146937687e-05,0.0005304839113747501,0.08508873458274009,2.724553122283844e-05,4.76695886283161e-05,0.0051033157885710485,1.2365540601398915e-05,0.1694943232171936,0.12921298298544334,1.462302887950387e-05,1.0757044200021808e-05,0.0001002713313255333,5.842198140540025e-05,1.4558436520996225e-05,0.49186599632870803,1.954058645559942e-05,5.441910084794504e-05,9.208252172806342e-05,0.03348887621604641,0.0005807873228164352,0.0008684751355742291
Z_T_1847_JMT_0243,0.11225420589883985,0.03837568758855928,5.034311321025765e-06,6.262114774397454e-06,3.9706517964694265e-06,0.21274407661568542,9.250730572978974e-06,0.045545878048000234,0.05361142438042676,1.8249766402872373e-05,0.13183238176385018,8.96710283475329e-06,9.993757896288707e-06,1.7485374899489195e-05,9.115374735931549e-06,4.535724336456327e-06,0.11526089392290596,4.964028834032357e-05,5.363779077638217e-06,0.009007474384613997,0.0012786459038908744,0.0018842284244861875,5.340086370471084e-06,0.017423283951270546,0.0063717309215733375,1.9961120022214925e-05,0.13974370371829753,0.06661547755800877,0.04771441021592819,0.00016332652028158343
Z_T_1848_DEI_0244,0.09244130232110391,0.02520744082073725,2.53776891012041e-05,3.156697941920984e-05,2.0015839385834223e-05,0.23434984137987977,0.003959244280348496,0.0018802801535861345,0.0002820518100136247,0.018872532965430976,0.10036122528726409,4.520267686435562e-05,5.0377989097631404e-05,8.814282226924751e-05,4.595010744037721e-05,2.286433927489023e-05,0.10603280810616762,0.034681218282400346,2.7038518112962226e-05,1.9890170281472704e-05,0.00018540537877596356,0.00010802439189866739,2.6919084466905778e-05,0.020532901336044712,0.0008186536332000377,0.0001006229185549008,0.12302627610605545,0.23329456266500181,0.00029137474616806576,0.0031708872016540032
Z_T_1849_NIE_0248,0.07196414526117131,0.0402799392574649,0.0003375148909871666,1.3187677725070496e-05,8.361979640551937e-06,0.16753634125279782,0.02323029754575397,0.030861508043669134,0.07007719316710413,0.12557298718869014,0.07134988179162201,1.888423744575507e-05,2.104631792082018e-05,0.007228907093444914,1.919649011420133e-05,0.004586332612501455,0.061296598042099165,0.11288949078679454,0.015376202199467623,8.309479094766126e-06,0.0072695402890666175,4.5129147388090544e-05,1.1245935377252848e-05,0.07886426545415327,0.010149394435059021,0.0013496886535970195,0.0625114950369941,4.298680038937461e-05,0.017448110857919138,0.019631818074546628
Z_T_1850_GRU_0872,9.080177540773394e-05,0.00014604032363041848,0.001393107492102593,2.7650638415685664e-05,1.7532584606664765e-05,0.062018569786812985,0.021289460230539046,0.06059476990170317,0.1208843472127783,8.058263225063727e-05,0.07283030068691329,3.95946300974483e-05,4.412786989053095e-05,0.0007626465649813787,4.024933108495627e-05,2.0027686827673524e-05,0.15319654652098735,0.0022755062478129673,2.3683998323340374e-05,0.0007028616430234314,0.00084784229263202,0.06863853604634894,2.3579382150917992e-05,0.05568465003765476,3.16486564216651e-05,8.813918811628235e-05,0.07623288440313478,0.06657772677244164,0.07565353049806599,0.1597430549648433
Z_T_1850_GUD_0865,6.156013665850599e-05,9.900976318988656e-05,1.5070561846987085e-05,1.874607706645749e-05,1.1886422919778863e-05,0.1150043675859374,2.769270677552926e-05,0.17212678094256378,0.02944369514098402,5.4631947793708466e-05,0.20458648487849276,2.684364737139605e-05,2.9917010859222482e-05,0.0005170452510600915,0.0004919890721548732,1.3578006955581301e-05,0.17356664344175615,0.007119125100916757,1.6056846541356034e-05,1.1811794217299963e-05,0.02288047970198332,0.006105270687920323,1.5985920770994244e-05,0.04239908215362741,2.145658061890564e-05,0.012141995629459208,0.07724157077692052,0.12320701912835355,0.0062141534487841895,0.006530049635499987
Z_T_1850_KRN_0870,0.0383632406949266,0.00036930844950825846,5.6213505109136834e-05,6.992325234126914e-05,4.43366015357903e-05,0.04416575834626126,0.034770221747819394,0.0006982703361064751,0.2762268388347158,0.00020377828694141846,0.010839464835067333,0.00010012735583322095,0.00011159106474329751,0.0001952430329730453,0.00010178297121791415,5.0646244719937744e-05,0.14647004292155474,0.00922101910060326,5.989236726894785e-05,4.405823494331156e-05,0.0004106869686014701,0.015839399539159454,5.962781268929235e-05,0.028148469259782274,8.003348624235881e-05,0.01928969745293364,0.11824470069964087,0.2151628729125247,0.01277884173440058,0.02782391194983499
Z_T_1850_LWF_0867,7.67992188090985e-05,0.0001235194214989851,0.0011782761584799232,2.338662895479726e-05,1.4828881874280995e-05,0.26463858469794765,3.4547978001868394e-05,0.022263567780129515,0.00020896015862713555,6.815597138536452e-05,0.14450158425857362,3.348873573082415e-05,3.7322903875882405e-05,0.00412346344616435,3.4042475172243435e-05,1.6939213974747814e-05,0.1892850399960828,0.02975199791719037,2.003168507819304e-05,1.4735778993712191e-05,0.0030360462159609867,0.009355829951877125,1.9943201782786544e-05,0.089998082770593,2.6768111951855245e-05,7.454722953822465e-05,0.06563647377381897,0.17399746811130662,0.0007956045798673409,0.0006099627467577183
Z_T_1851_GIT_0875,0.00012323946629571567,0.00019821122947264987,0.00561198759547999,3.752845036105617e-05,2.379586037836227e-05,0.08696476324999484,0.008428164970436174,0.0013050709708825872,0.28407769672852784,0.00010936967417959322,0.0793115677974045,5.373926951840407e-05,5.989194715252908e-05,0.00010478872515125336,5.462785346867878e-05,2.7182303701629978e-05,0.1455936219033584,0.0030883996956424173,3.214478241213428e-05,2.364645847701723e-05,0.0011507223419114612,0.07827386704819887,3.200279354465518e-05,0.03092269041985501,0.0019035604695885563,0.018725683346503673,0.08579028371766349,0.015937477431359818,0.11291305002380327,0.03912122347527532
Z_T_1851_LBB_0548,4.756778349876722e-05,0.000794659080848013,1.1645088234923697e-05,1.4485174721022074e-05,9.184690332306151e-06,0.0005314530555670977,0.003971244224568583,0.16747448995850894,0.0008475792348379837,0.003992060292464637,0.1756796288807239,0.0010979729160251798,2.3117003514402205e-05,0.00039952309881842733,2.108517656645214e-05,1.049178462339563e-05,0.15063323270175927,0.023454823945029107,1.2407194678418858e-05,9.127024411549628e-06,0.04317430572110926,0.005435722840819474,1.2352390029303662e-05,0.00044503250603735356,0.03161534719594219,4.6172949804628344e-05,0.28015811479118397,0.011537677092505765,0.0985207753077808,1.8720895054868794e-05
Z_T_1851_LEH_0881,0.016133084303607458,4.134762752777297e-05,6.293641736001431e-06,7.828579598400506e-06,4.963908322677437e-06,9.316148716358134e-05,0.0023403420600105057,0.1235033730561734,0.00045807811322087804,2.2814936181179893e-05,0.5905882947204413,1.1210219045476313e-05,1.2493691348186404e-05,0.0013803127364694753,0.00020546035307831369,5.670333470974636e-06,0.08432139810780326,0.006078065712928636,6.705525684263175e-06,4.932742509392331e-06,0.0440986835920785,0.009924093313631248,0.00020074067824949097,4.645510191375418e-05,8.960517375934542e-06,2.495438403748704e-05,0.0058641684551611175,0.04543667483003938,0.06915931947697038,1.0117794221539194e-05
Z_T_1851_LEH_0882,0.00020165722776751944,0.0003243338213745232,4.936778714155829e-05,6.140795225502078e-05,3.893726076944486e-05,0.011386573618490091,0.007702006596983754,0.11934938173102415,0.0020709400024805447,0.0001789620318865366,0.6169004883911337,8.793377997377503e-05,9.800143080299647e-05,0.003215982802196144,0.004656162666493716,4.44785114181888e-05,0.05860894217167502,0.026365176845781,5.259863502546233e-05,3.86927938453822e-05,0.003405189832328746,0.019999500139611746,5.2366298078132665e-05,0.001886655522560777,7.028695516030726e-05,0.00019574401770667936,0.000331218312738704,0.021511782674705184,0.10103586546901835,7.936471957305608e-05
Z_T_1851_LEH_0884,5.3612613621358296e-05,8.622742681823013e-05,1.3124925531620989e-05,1.6325925204737554e-05,1.0351864598242552e-05,0.0030272357635652627,2.4117529119891547e-05,0.11631416315244436,0.0013599958757456786,4.757886625064216e-05,0.1421550150382007,2.3378084793640448e-05,2.6054671593713145e-05,0.009758572385360638,0.009332043238676925,1.1825062129018387e-05,0.06617025068919381,0.07459564568459931,1.398387911928421e-05,1.0286870593871516e-05,0.00090530415799668,0.03283719741288771,1.3922109991913725e-05,0.007381618457865707,0.03522826205300777,0.12996323309219868,0.23279502261398055,0.03000159090049705,0.10780295974099686,2.1099913416160948e-05
Z_T_1851_LWF_0874,0.00010762076122049442,0.009921906772983984,2.6346681895631982e-05,3.2772297030166634e-05,2.078010141386809e-05,0.314789304586639,4.8412988424167225e-05,0.019824903533925322,0.15871107754262773,9.550875172894567e-05,0.0790088633500202,4.692864442569415e-05,5.2301564890474376e-05,9.150836746600799e-05,4.770461404006599e-05,2.3737365180376315e-05,0.1864471676542468,0.04981626877960122,2.8070926111932673e-05,2.0649633903468774e-05,0.018877714903690144,0.00011214907231991568,2.7946932147480826e-05,0.05218815619272654,3.751085791451805e-05,0.04072453067860597,0.002613969075634947,0.0196044567216677,0.04660937515334987,4.235549416731146e-05
Z_T_1851_LWF_0876,6.885551295486377e-05,0.00011074322446354166,1.6856545856106595e-05,2.0967639488239954e-05,1.3295060598711901e-05,0.11355991770593173,0.0057484717184435674,0.042830730637844185,0.0007071188955048819,6.110627742635729e-05,0.054707866964149345,3.0024837657366775e-05,3.346241968589527e-05,0.05671374637750814,3.052130121355268e-05,1.5187111084849698e-05,0.18218093383584316,0.001725529585975629,1.7959713299139252e-05,1.3211587788720494e-05,0.05989698562881207,0.012026519590577385,0.021848324240402773,0.03962713073835768,2.3999359731245783e-05,0.3176478173464273,0.00011309392217748866,0.0011078914545499224,0.08907463181949762,2.709894674849776e-05
Z_T_1851_LWF_0880,6.849947155768442e-05,0.006315188287895019,1.6769383218277435e-05,2.0859219009783285e-05,1.322631386009923e-05,0.1920866922958585,3.0814352974045175e-05,0.05915597330261455,0.03638231426509264,6.0790306148856665e-05,0.003750669679914402,0.006234887283604537,3.328939059720374e-05,0.0584888274440356,0.018128331771347483,1.5108580840607492e-05,0.23811823281835498,0.09530895744026324,1.7866846350051855e-05,1.3143272675327365e-05,0.023391330833193186,0.015066841134715776,1.778792550852489e-05,0.05286642988161688,2.3875262687981814e-05,0.10193219809513483,0.00011250913068677739,0.0011021627161457866,0.09119946447188568,2.6958822211646967e-05
Z_T_1851_WEI_0877,3.438235286038833e-05,5.5298587680243544e-05,8.417157650279833e-06,1.0469993593783182e-05,6.638763480054344e-06,0.0001245947826843709,1.5466834021135222e-05,0.22590739758703726,0.049925900951496585,3.051284497488289e-05,6.579177804784506e-05,0.35766593043255407,1.6709144581597178e-05,0.06180058691839943,1.524052473141064e-05,7.5835410970144095e-06,0.07228320430914913,0.04991534775993618,8.968013938509141e-06,6.597082117383297e-06,0.05482517212683432,0.077639334418244,8.92840072457166e-06,0.03042871841688203,1.1983854586109803e-05,0.001590635133952565,5.647238647718251e-05,3.4128186484143295e-05,0.017486056111569583,1.353160421392095e-05
Z_T_1852_DEI_0891,1.9698737896326934e-05,3.168231066598005e-05,4.8224559575139205e-06,5.998590626349226e-06,3.8035576646054096e-06,0.005573309512346483,8.861438619558565e-06,5.9903361937211625e-05,0.0003509989317428566,1.7481774387929006e-05,0.040632980265747805,8.58974658688468e-06,0.00015827387924022832,0.006113477495454676,8.731778866490168e-06,4.344850656460374e-06,0.8200101037773774,0.00034495267436884206,0.00015383874054629968,3.7796770930298484e-06,3.5232099734047393e-05,0.004927650085461828,5.115363291769967e-06,0.0107420449492919,6.86592949115601e-06,1.9121110323023685e-05,3.235481713864102e-05,0.0263395737595094,0.07544661474829945,0.008929793579675849
Z_T_1852_NIE_0761,0.004540349810137448,0.0017582664416164343,4.7006440963122655e-05,0.36966721723273155,3.707482460934238e-05,0.0035947038917410958,0.001535822113658258,0.2832258850889536,0.026612466481754825,0.04365378391458691,0.006165204884991816,8.372775601930699e-05,9.331385379160817e-05,0.0001632646831947283,8.511220245592618e-05,4.2351027707835675e-05,0.05870446778171294,0.000463501983581413,5.008275183523219e-05,0.0058346263102287835,0.038029019300868765,0.05382959520163445,4.986152796374515e-05,0.051077579747402076,6.692500919165857e-05,0.0001863812446328544,0.04959654177489397,0.00019059219867314573,0.0005397059499497207,7.556856851752923e-05
Z_X_1828_ZIM_0208,0.14953052648777698,9.47814354015729e-05,1.4426955869252312e-05,1.794550391055615e-05,1.1378799320690371e-05,0.0309086144418358,2.6510057329453693e-05,0.012635174376910632,0.00193976731418567,5.2298826538354984e-05,0.13534897201400647,2.5697258000658104e-05,2.863936990459536e-05,0.011171506753532385,2.6122164614203214e-05,1.2998142280921972e-05,0.08919419947622341,0.16740808834563362,1.5371120121696856e-05,0.019584968653398625,0.001439968871118301,0.0022856904511131433,1.5303223319348588e-05,0.15625092375899932,2.0540252237237732e-05,0.0009469149738449945,0.0005416492577781401,0.20113337971860287,0.018404737033640563,0.0009129049625505053
A_L_1859_DEI_0917,0.0048809581153510875,0.00347463551064872,1.56222995809086e-05,1.9432376501447243e-05,1.2321588384263698e-05,0.023835255525407224,0.0009921353937450608,0.0006757707878505111,0.00017362880661822338,5.6632039587329646e-05,0.35225535419540754,2.7826401254181338e-05,3.10122814897911e-05,5.4260006492538846e-05,2.82865134546254e-05,1.4075101812754176e-05,0.24543413139423445,0.04302662578443116,1.664469245012847e-05,1.224422750287805e-05,0.003004420593725878,0.0010299277882741945,0.01494971832600788,0.00011531249308439238,2.2242112391946076e-05,6.194265254417677e-05,0.00010481311818676304,0.1387970963599855,0.16685255876778315,2.5114745811269243e-05
A_L_1859_DEI_0918,0.008683077592184361,5.42013149746951e-05,8.250138604488723e-06,0.009677213539341175,6.5070325576051635e-06,0.13927534249559578,1.5159930435988091e-05,0.0021376288346280406,0.04181222005420665,0.0704968944856055,0.043056980225379723,1.4695126413506074e-05,0.00027077104543950096,2.8654717055289485e-05,1.4938111731232202e-05,7.433063245658149e-06,0.1901594416303156,0.08097846837111893,8.790064422427381e-06,6.466178265271851e-06,0.000569061116933448,3.5118099298778515e-05,8.751237241194461e-06,0.2961748784266069,0.005354008622421711,3.271192351500292e-05,0.01379259840463837,0.07711466792488585,0.01993741373691857,0.00026765655601873844
A_L_1859_HAU_0921,0.054733845741035674,0.0008875904417056532,4.633000131248991e-06,5.762928973126804e-06,3.6541304502476847e-06,0.07221227452552215,8.513306632381246e-06,0.09477293523840508,5.149192535226297e-05,1.679498242125865e-05,0.22003876730573765,8.252288339186439e-06,0.00015205590465802572,0.01558770086431613,0.00015124754199673674,4.1741581134139515e-06,0.13807321891770907,0.08904671640113399,4.936204296087328e-06,3.631188054875159e-06,0.007605364433422694,0.015448471680937013,4.914400258073921e-06,0.0003199150517190635,6.596193415537336e-06,1.836991512554202e-05,0.010316917412604746,0.2258785497780946,0.04962519798360448,0.005007506155833992
A_L_1859_HEI_0922,0.08829792417394218,3.861955826763728e-05,5.878394439339492e-06,7.312058853925469e-06,4.636395318548433e-06,0.24098235204890825,0.00019206236396042146,0.030706061351040807,0.08688916078854537,0.047874108003003304,0.06149329117915667,0.0005542523812530025,1.166937185634333e-05,0.00020167767861462786,1.0643713656802168e-05,5.296211342044895e-06,0.06715729013262405,0.10718297781308414,6.2631027549185274e-06,4.607285790043709e-06,0.00040546781888074805,2.5022372293938576e-05,6.23543758501088e-06,0.08614217499382386,8.369312669164384e-06,2.3307922267641555e-05,0.08015662446885992,0.07760337127527339,0.023993892158224193,9.450233709690736e-06
A_L_1859_SCH_0930,0.08525315672748432,0.001354422194743907,8.425905205864142e-06,1.0480874565096095e-05,6.645662834321628e-06,0.1858911819800789,1.548290797340445e-05,0.02140934918298448,0.015942253777806954,3.054455553782385e-05,0.035140645874172684,1.5008201447794444e-05,1.672650960873183e-05,0.00548534297571722,1.5256363491091897e-05,7.591422314169682e-06,0.10665367087871226,0.18455047431115518,8.977333973094135e-06,6.60393815417312e-06,0.0026596906051351336,0.000555492734468414,8.937679591008786e-06,0.2157071728078186,0.0013110624466873473,3.340884073013388e-05,0.01044906017833304,0.05901176631248618,0.06842762114981571,1.3545666972980975e-05
A_L_1862_KHN_0923,0.009619433977839409,0.00013240250206741425,3.539719720226196e-06,4.403011602535941e-06,2.7918405457790853e-06,0.06619574686359495,6.5043640227241844e-06,0.08408750036566488,0.07371386481346609,0.0008860112978725019,0.10895681558731954,6.304939983529874e-06,0.0004436165712045918,1.2294298544623772e-05,6.409192767890689e-06,3.189153760159794e-06,0.08748181851901772,0.05198908572745002,3.7713747452917014e-06,2.7743120227856134e-06,0.02993225991700978,1.5067410935025335e-05,3.7547159537634977e-06,2.6127645526532075e-05,0.0028428731538015753,1.4035041870640507e-05,0.07435315712660838,0.02457252673424175,0.07251454332205341,0.3121673764987866
A_L_1862_LAN_0924,3.2421695116085616e-05,5.21451791679022e-05,7.937168238297177e-06,9.872940968972821e-06,6.260187206271794e-06,0.09605674481775188,1.4584835979101254e-05,0.051249880054623324,8.821499306208114e-05,0.04310354042761631,0.37696625632996394,1.413766437373334e-05,1.575630363270662e-05,0.01128574558619776,1.437143200342856e-05,0.0004966370840090862,0.10462795266727279,0.04560046115594745,8.456611881443693e-06,6.220882728244039e-06,0.024287544458983623,3.378588842034431e-05,8.41925761572301e-06,5.8586423391009526e-05,0.00025604347147958494,0.0027236439651385723,5.325204194941439e-05,0.03649888866808934,0.20640947784431068,1.2759962880862868e-05
EM_UM_1875_GUD_1045,0.0038757391410778456,0.00013442679176181338,0.0025104964328980044,0.006340268185306256,5.534230767086664e-07,0.0010489222789389764,0.04840138310310482,0.22593351662790925,0.0012843320638781313,2.543623160528085e-06,0.026444874171549854,0.0025759530642070943,0.01047329518284685,0.013308676536757455,0.0017754357467400306,2.226834369332057e-05,0.01959157282463239,0.012426075606784907,0.009239388646208586,5.499484194113963e-07,0.11846311169743663,0.10632308544990728,0.0012989139954273558,0.001216804306561107,0.006881298427166168,0.26050216916876723,0.03081460195090293,0.0026640928972591726,0.08644452233698373,1.1280266361908085e-06
EM_UM_1875_GUD_1046,2.138620754314815e-06,3.572742469596758e-05,5.235566081333288e-07,0.1840572025389523,4.1293850421123013e-07,0.005980991227410943,0.0004368472297701119,0.23410913048110613,0.0001349700573278089,0.0037634255579359053,0.026899822034851157,9.325577314494736e-07,1.0393274577267267e-06,0.00022783297351348098,9.479776625407736e-07,0.0038750065973224873,0.03565381414574275,0.007883383422214733,0.0025835810822146875,4.103458768934201e-07,0.2508799593172254,0.061106872641855145,5.553564984322809e-07,3.864515428217841e-06,0.0005657817476451375,0.06410948448688093,0.006235056264444552,3.441060209342508e-05,0.11141503328937766,8.416808974235598e-07
V_X_1886_BET_0977,0.02167300747432048,0.007927424884006462,9.112493658568466e-06,1.1334913065983719e-05,0.004783918900391417,0.05998452599851679,0.0011406814129094546,0.005451893304948495,0.0037540725923467452,3.3033491576489496e-05,7.122679473955207e-05,1.623115109630751e-05,0.0019849790051695024,3.164988371375137e-05,1.649953472875944e-05,8.2100125751761e-06,0.04425538314399591,0.0014947738611326767,9.708855832336856e-06,0.005626826430977045,0.0003475586543852306,0.0003197730766913312,9.66597019614008e-06,0.7632203990154177,1.2973833146335531e-05,3.613117426025521e-05,0.02338282766191941,0.054266901646557265,0.00010462538634368864,1.4649441380667685e-05
V_X_1886_ON_0978,0.042696406733651764,0.0072839406677307796,6.347845032350281e-06,0.0009865766697178383,5.00665943644413e-06,0.2063998485054394,1.1664396651045909e-05,0.014563325246520943,0.007312787931902552,2.3011427306490478e-05,0.02236353644111418,0.0007942512996942834,1.2601291889024791e-05,2.2047593626349097e-05,1.1493724274426568e-05,5.719168593534267e-06,0.1175398050185905,0.002607161982096363,6.763276285756716e-06,4.975225211024317e-06,4.637635081510162e-05,2.702066751436718e-05,6.7334017659061695e-06,0.45278453190274887,9.037688845036208e-06,0.0002209054343898058,0.0014127418904124852,0.12275229364109712,7.28829850361561e-05,1.020493261002573e-05
V_X_1886_ON_0982,0.19058248967845845,0.004446297483194343,0.0006767837741624653,0.0008418425879930904,0.0005337915232767143,0.28131069606687265,0.0012436148564735877,0.029275504665722957,0.04925921228617842,0.002453393323558448,0.005290005213885889,0.0012054855794199728,0.0013435031637531094,0.0023506329391466273,0.001225418398525252,0.0006097566159976752,0.031330381237948526,0.04841068014380242,0.000721075518865211,0.0005304401223510339,0.004944475105578641,0.002880843695390552,0.0007178904079822727,0.3180254732413492,0.0009635649791508804,0.002683457832399601,0.004540677084112629,0.0027440858082646282,0.007770514471228879,0.0010880121949558208
V_X_1886_ON_0983,0.06242934305218091,0.00595975285068487,4.587602886157399e-05,5.706459926801103e-05,3.618324827336592e-05,0.27510949008416213,8.429887539615994e-05,0.001984450496975783,0.0005098737290477049,0.0015808938876650468,0.0003585848850623424,0.0014963040173515553,9.106983983507548e-05,0.0001593384898931844,8.306542202170613e-05,4.1332569104013315e-05,0.0912428951958031,0.0018669454245193392,4.8878360530691187e-05,3.595607236953535e-05,0.00033516300376670594,0.00019527901459956453,4.866245665655677e-05,0.4798845483587719,6.531559484893356e-05,0.00018189914366715973,0.0017223811598148246,0.0737446757578495,0.0005267270873810866,7.375129363777518e-05
V_X_1886_RAU_0976,0.045850052528225084,0.006761273556605224,3.5292157061725625e-05,4.389945795238522e-05,2.7835558411566262e-05,0.18334597672811653,6.485062513987703e-05,0.00043839049576376905,0.000392242837354034,0.00012793678840241891,0.0002758572264780553,6.286230259758274e-05,7.005948794617198e-05,0.0001225781557566033,6.3901736770509e-05,0.0011200324086423324,0.12569262932957195,0.00034799454006334394,3.760183301771554e-05,2.766079333539064e-05,0.0002578389120363041,0.00015022698836689125,3.7435739447167434e-05,0.6064076792145447,5.024689994297628e-05,0.00013993393297107932,0.00023678210816651817,0.02734898319827821,0.00040520802601746363,5.673643301654564e-05
Z_A_1864_CS_0527,0.046120886498804206,0.003136998280410096,0.0004774915632122385,0.000593945583014172,0.00037660617557544294,0.09540892179429512,0.0008774081538618398,0.05010171472217673,0.19671212487992756,0.001730943704568151,0.0037322597783984433,0.0008505067877246065,0.000947882396611746,0.0016584431239361572,0.000864569998630608,0.00043020186190492456,0.007381060770870258,0.03415520912367922,0.0005087407379456069,0.0003742416601599626,0.003488477764332433,0.07564990954518419,0.000506493545219421,0.3863349068992048,0.000679824436867888,0.0018932612218611215,0.047374017914578896,0.016659513422349784,0.005482334600030924,0.015491103054663375
Z_B_1860_KNI_0533,0.10557436159622066,0.001854014133509338,0.0002822048428764923,0.00035103095603219856,0.00022258003029331953,0.23042415891405824,0.0005185616862702032,0.012207280241823742,0.1336634873086727,0.0010230142976549003,0.0022058228154892535,0.0005026625659740263,0.0005602130454445579,0.0009801653416899715,0.0005109741394756991,0.0002542559035542389,0.004362320207486954,0.04629165609571496,0.0003006735847874997,0.00022118256538982328,0.002061743903366079,0.0012012522661547474,0.00029934545939416243,0.42847128478935087,0.00040178667681428247,0.0011189464417866377,0.010595169561114807,0.0011442270543782786,0.011941944982076595,0.0004536785931447403
Z_E_1853_BEC_0651,7.84362258567073e-05,0.004270815878760691,1.9202004039970286e-05,2.3885124603743616e-05,0.1101447774948521,0.0014684268206108415,0.0006273791809568747,0.07128989839722975,0.006726457014643392,6.960874404665682e-05,0.013768270698714336,0.05805949281929687,0.022537720801660395,0.048618466662291575,0.09654622026730263,0.0023856794744894455,0.06838772625769665,0.0001893393071014856,0.06455879171004253,0.008304377057825342,0.022047794347592617,8.17365521888723e-05,0.04501957298872721,0.00014173527697365837,2.733868530658287e-05,0.17415200700652966,0.00012883006809853096,0.0012620459949337346,0.17903309758170585,3.086955592121417e-05
Z_E_1853_HOF_0892,7.211664231392884e-05,0.00011598823630235156,1.765490424782769e-05,2.1960707171436433e-05,1.3924740207335686e-05,0.004616455478913775,3.2441530146593824e-05,0.060102193390793444,0.0012849993002744912,6.400038810517685e-05,0.07363063349959828,3.144687164395237e-05,3.504726416065162e-05,6.131973171753545e-05,0.0005763567442316949,1.5906401838963346e-05,0.17719962542712858,0.021949680117624732,1.881031982005222e-05,1.3837313964718993e-05,0.09648599545011431,7.515106232861433e-05,1.872723149878362e-05,0.00013031570758450625,2.5136015508825047e-05,0.2744425093247773,0.0017516199542671348,0.002793533008693291,0.28437423083010044,2.8382404921254347e-05
Z_E_1853_JOS_0717,0.0015161922627072418,0.00028525320599526616,4.3419213868417e-05,5.400859885692107e-05,3.424551414368874e-05,0.005998046834654483,7.97843882855933e-05,0.009911178905327469,0.03261457779827258,0.0001573979954687255,0.06058689930427325,7.733819601822135e-05,0.018829864962031716,0.08449733035719001,7.861699047041343e-05,3.9119071597791866e-05,0.23496707657535773,0.18518718522619468,4.626076062126836e-05,3.4030504270363975e-05,0.037804558336650154,0.01089549100770098,4.605641912269733e-05,0.19980671490771282,6.181772599031845e-05,0.00017215783530866285,0.001630141880121883,0.00017604743661263995,0.007192687736716848,0.1071765000484572
Z_E_1853_RNN_0894,6.057491267852948e-05,0.0014692182698285861,1.4829368767677713e-05,1.84460601129732e-05,1.169618960431902e-05,0.01942461456503556,0.08690747815290033,0.21967110019641206,0.007938310185281008,5.375760429870017e-05,0.1743336337698728,2.6414034856936525e-05,2.9438211459032215e-05,5.150596693189564e-05,2.685079344420821e-05,1.336070110184132e-05,0.09259663324679603,0.001060752127272785,0.17286172844051148,1.1622755278449203e-05,0.1702106834244225,6.312369644773797e-05,1.5730078056203716e-05,0.009254746878526964,2.111318408177134e-05,0.03343909704493393,9.949318749341876e-05,6.012712174027175e-05,0.010230079818721208,2.3840013130777494e-05
Z_E_1853_RNN_0898,3.848795444509391e-05,6.190179980286568e-05,9.422251627647479e-06,1.1720216999523888e-05,0.00029796712073824736,0.010598755040012418,0.07962407404335343,0.12127039509077737,0.00039525607565072367,3.4156388079435276e-05,0.05759970105604939,1.6782891222313443e-05,1.870438588319858e-05,3.2725747694357826e-05,1.7060397930406053e-05,8.489092804659544e-06,0.06319187897294842,0.01055218948125123,1.0038885742632349e-05,7.3848406197040064e-06,0.6162948908466603,4.010739505609889e-05,9.994542309254176e-06,6.954823264177303e-05,1.3414848345594415e-05,3.735936926138674e-05,6.321576207902919e-05,0.006720522734331678,0.03293870712070783,1.5147414973872967e-05
Z_E_1853_RNN_0899,3.507420222188555e-05,0.0016450078477914085,8.58652957109089e-06,1.0680673136633321e-05,6.7723501573087165e-06,0.010982511525681594,0.07229692015855511,0.0837727436517068,9.543210170175774e-05,3.1126831236935864e-05,0.10544401878594667,1.5294305168623085e-05,1.704536971013575e-05,0.0005593552603845816,1.554719796424971e-05,7.73613879988721e-06,0.05970510036607761,0.011999140528578495,9.148470312232298e-06,6.72983007297521e-06,0.5992283895785244,3.6550003892710977e-05,9.10805999238177e-06,6.337953811840562e-05,1.2224996376997173e-05,3.404571875144185e-05,5.760873641475398e-05,3.481492145321271e-05,0.053846102431532095,1.3803890167516055e-05
Z_E_1854_BEC_0649,0.00010423358128543778,0.0001676432633142801,2.551746501163906e-05,3.174084486733658e-05,2.012608315791756e-05,0.00037772168942036007,0.01184937478929088,0.13565213893793582,0.0002836053024682475,0.011108155925949511,0.07101436753426409,4.545164536923469e-05,0.0016243201979406665,0.01267794618257535,0.018143347652246157,0.14794747541998546,0.12235346578059919,0.00025161223454766126,2.718744158156411e-05,1.9999721889923425e-05,0.12135861120187298,0.0001086193715150779,2.7067350115698003e-05,0.00018835143267139403,3.6330267628462536e-05,0.2070380898656313,0.0009580341209326973,0.000890295418008856,0.13562814685070607,4.10224272166978e-05
Z_E_1854_DEI_0905,4.649918926222581e-05,7.478660651638692e-05,1.138348524952964e-05,1.4159770149194995e-05,8.978359357187785e-06,0.013857907930024756,0.2499402959196223,0.00014140285427531878,0.0001265179270692891,4.126601106030328e-05,0.06502589487590522,2.0276235683738137e-05,2.2597687815737414e-05,0.0003905479469538549,2.061150517589948e-05,1.0256090215227863e-05,0.6681486863311114,0.0008142663644952904,1.212847122843197e-05,8.921988881920473e-06,0.0004341763038507487,4.845571505206689e-05,1.2074897747302177e-05,8.402463781432133e-05,1.620713756133031e-05,4.513569003727718e-05,7.637406891712099e-05,4.615545099390246e-05,0.00048171021152056674,1.830033645223708e-05
Z_E_1854_DEI_0906,1.619087353912459e-05,2.6040464527211644e-05,3.963694271533244e-06,4.930388066248048e-06,3.1262368924598527e-06,0.00042533465367546513,0.30873682241405115,0.07558164105940278,4.405314996051167e-05,1.4368697113698991e-05,0.016286337549865002,7.060122402426057e-06,7.868444837562903e-06,1.3766864205488767e-05,7.176862200156693e-06,3.5711388158654266e-06,0.31710181870276516,0.0016279529447757275,4.223096079698257e-06,3.1066088677378213e-06,0.25168142081583544,0.0007501964503740553,4.204441959663356e-06,0.0001514778384878335,5.643275051676338e-06,1.5716107336270135e-05,0.0005154760944273509,1.607118493979019e-05,0.026934067704856936,6.372120415920977e-06
Z_E_1854_GUD_0703,0.0002361704157755539,0.0021626322713835856,5.781697459702356e-05,7.19177873094294e-05,4.560128673236731e-05,0.0008558344377860681,0.00010624079847983187,0.2610054456978901,0.005990955667565866,0.0019923804220177183,0.04858723469677058,0.00010298345170679512,0.00011477415868289934,0.0002008122684350029,0.00010468629290933899,5.2090910159795985e-05,0.038332312459133044,0.004135676963536294,6.160077494227499e-05,4.5314979835568104e-05,0.27140639572882713,0.0858200005166989,0.0018441181086856608,0.018254657349477735,0.0018651058465462029,0.1588975048562929,0.0003879055935558019,0.005582792865405032,0.09158608860326888,9.294781559274163e-05
Z_E_1854_HIE_0900,4.138574654172779e-05,0.0003789727462371963,1.0131661277828899e-05,1.2602642492946897e-05,0.20776084400333916,0.0001499736832303218,0.03750785392491462,0.33409246929898695,0.00011260494958624925,3.6728052717194784e-05,0.007577040330852394,1.804648993115273e-05,0.0009573435713222494,0.0003476000033866117,1.834489036449179e-05,0.022502670220889004,0.017651592232177,0.0004123124676396293,1.0794722320164951e-05,7.940851794920072e-06,0.3296668923342186,0.0003555374215003553,1.0747040230507597e-05,7.478458052749117e-05,1.442486413037356e-05,0.0009774031048818005,6.797533266095314e-05,0.0006659004190965139,0.03854279453552057,1.6287877230923832e-05
Z_E_1854_KRI_0746,0.00014953110922849103,0.00024049718726848037,3.660677106968668e-05,4.553468932305965e-05,2.88724181009092e-05,0.0039281859872303815,6.726627630239469e-05,0.2013760828915376,0.012823342372628716,0.00013270236546457498,0.0002861327608833645,0.04747361528599975,7.26691664671967e-05,0.2574870917059459,6.628204234788205e-05,3.2981317966254056e-05,0.04233042007149826,0.00826235905025084,3.9002481221894314e-05,2.8691143118953636e-05,0.09508426606623423,0.06223826635849127,3.883020075452115e-05,0.0002702046529035818,5.211857013888196e-05,0.07012899179164292,0.0002456021152770451,0.004663512522613746,0.19231149079323465,5.8849834854660655e-05
Z_E_1854_LBE_0757,7.8343452355428e-05,0.0007173975527759076,1.9179292121760172e-05,2.3856873542275793e-05,1.512705231403173e-05,0.00028390103087487387,0.009497554254175818,0.11910852999717102,0.0008045562820209359,0.004800682214463773,0.00014991280700886933,0.027829702449406836,0.0029950457476812346,6.66142977004977e-05,0.01955074466809215,0.1052854964315993,0.0635756822078439,0.03626417835554827,2.0434470426363646e-05,1.5032077375469843e-05,0.15567686789114074,0.2005643670217333,2.034420796086694e-05,0.006055512387642187,2.7306349411675096e-05,0.08582824510843497,0.00012867768931746381,0.0012605532608756295,0.15871392704987405,0.0006222275191103629
Z_E_1854_RNN_0902,0.004387193053647334,4.642944816059147e-05,7.067160323206871e-06,8.790749369860581e-06,5.573996331152838e-06,0.001194192768628206,0.4003251522406594,0.23456568021164723,7.85455820215874e-05,2.5619000654868985e-05,0.07785134380511027,1.2588008433886836e-05,0.0006677779998163916,0.00024246220683039316,1.2796152354720068e-05,6.367244499507167e-06,0.067881200367836,0.008568419043263277,7.529666773211849e-06,5.539000090768029e-06,0.18353712085000662,3.0082553747125445e-05,7.4964069787010075e-06,0.0007059134297211777,0.00022797806576982412,2.8021396856923858e-05,0.0013549125340585522,2.8654490677826858e-05,0.017950274988271966,0.00022927757745944556
Z_E_1854_RNN_0903,3.239790763299341e-05,5.210692075595441e-05,7.93134481498163e-06,0.00025442912934626127,6.2555941676663155e-06,0.012590138584326166,0.4820490987220808,0.1908579982202205,0.0003327137026359665,2.8751736017897924e-05,0.04848555402350814,1.4127291706571755e-05,1.574474338562772e-05,2.7547469495552836e-05,1.4360887823225509e-05,7.145842083283981e-06,0.09403496057518648,0.019643280741919397,8.450407347367761e-06,6.216318526952684e-06,0.13848084769450925,3.376110004186266e-05,8.413080488109357e-06,5.854343910067995e-05,1.1292182810889361e-05,3.1447901350121947e-05,0.001276030131734345,3.215841096985241e-05,0.01158554529499322,1.2750601019917628e-05
Z_E_1854_RNN_0907,0.0007468679945803971,2.594849266689059e-05,3.949694969196841e-06,4.912974515038787e-06,3.115195391164691e-06,0.0005456214725498336,0.39411662636899897,0.15837482828872954,4.3897559412169626e-05,0.00037968510121606075,0.10075041743315215,7.035186879837091e-06,7.840654415130616e-06,0.00013550729214302206,7.151514366321914e-06,3.558525973263612e-06,0.06801934474654396,3.894554480736952e-05,4.208180600661449e-06,0.0004902518402261796,0.21681336641958687,0.0018436483026333815,4.189592364786197e-06,2.9153785680666153e-05,5.623343667416135e-06,0.003912910228179067,0.0006354445443267992,0.0022082173393147106,0.05083138276727371,6.34961483549135e-06
Z_E_1854_SAN_0786,0.00012763273918453246,0.00213221024286581,3.124582228027091e-05,3.886627442412797e-05,2.4644141464029083e-05,0.0004625155662464515,5.741533747401919e-05,0.001351594483899128,0.008055003716711239,0.00011326851307328807,0.00024422950000439303,0.0010191215448158125,6.202699102761604e-05,0.00010852426116985326,0.4721551914505768,2.8151305609033616e-05,0.026496594890959343,0.03499289238163145,3.329068806503025e-05,2.448941364443362e-05,0.1640175928583611,0.0020599362128002605,3.3143637541080554e-05,0.00023063401434274234,4.448596618809292e-05,0.0916532137055014,0.00020963444251874693,0.0001266892333418554,0.19401552920634382,5.023145793414983e-05
Z_E_1854_WER_0901,6.928767889318936e-05,0.0006344730769584605,1.696234457351079e-05,2.1099241145174063e-05,1.3378505948142445e-05,0.06040008462228015,0.03664360365221896,0.20000998871888614,0.0012345918506274595,6.148980592811802e-05,0.2647881838714695,3.021328607031775e-05,3.367244379844061e-05,5.891430528013514e-05,3.0712865638997006e-05,1.528243173283821e-05,0.08447080365611254,0.015335264056557605,1.8072435955857662e-05,1.329450922795552e-05,0.14500455876146842,0.03459249866440355,1.79926069907379e-05,0.018431421096868666,0.02408374995234612,6.72559510723755e-05,0.005344151564796459,0.031973897169696536,0.07655783184200471,2.7269031048891783e-05
Z_E_1855_DEI_0909,4.649918926222581e-05,7.478660651638692e-05,1.138348524952964e-05,1.4159770149194995e-05,8.978359357187785e-06,0.012804876841469266,0.2653847518851028,0.0018964546685344699,0.0001265179270692891,4.126601106030328e-05,0.06572791560160889,2.0276235683738137e-05,2.2597687815737414e-05,3.953758410202466e-05,2.061150517589948e-05,1.0256090215227863e-05,0.6495451370999643,0.0008142663644952904,1.212847122843197e-05,8.921988881920473e-06,8.31659409989185e-05,4.845571505206689e-05,1.2074897747302177e-05,8.402463781432133e-05,1.620713756133031e-05,4.513569003727718e-05,7.637406891712099e-05,4.615545099390246e-05,0.002938782751483379,1.830033645223708e-05
Z_E_1855_DEI_0910,2.837325278651914e-05,4.5633898685179206e-05,6.94606744119942e-06,8.640123499281977e-06,5.478488199290906e-06,0.002458824883621415,1.2763652134883225e-05,0.006083388217772693,7.719973581731865e-05,2.5180029628095793e-05,0.2332988752798405,1.2372318092889764e-05,1.3788840600445124e-05,2.4125364035246138e-05,1.2576895553349478e-05,6.258144386925945e-06,0.4854445835247289,0.00028267330781570803,7.400649033635477e-06,5.444091605074263e-06,0.08401022913633167,0.0040990318033079,7.3679591320077885e-06,5.12708356173033e-05,9.889402767438751e-06,0.021874141239478423,0.0006891496075481241,2.816350777947099e-05,0.16135906309489967,1.1166647859374283e-05
Z_E_1855_JDE_0911,0.00021791138073424588,0.000350476060873035,5.334697287524676e-05,6.63576099507878e-05,4.207571605646042e-05,0.005724537433546913,9.802700736679362e-05,0.39545227045947284,0.049941607964634704,0.0018383435845849955,0.03825098473963788,0.0017399781935710785,0.00010590062819286822,0.03143946413557188,9.659268523075137e-05,4.806360745628864e-05,0.033723771037493175,0.16008682181092387,5.683823639760112e-05,0.08886947322780443,0.029998965099066827,0.12195387598160605,5.6587172423605835e-05,0.0003937686899992466,0.026395259451500473,0.0018564782467640564,0.008582698951260678,0.00021630050360176245,0.0022574616670038615,8.576174439772037e-05
Z_E_1855_KEL_0731,0.00016020003597772166,0.05346723798474004,3.92186353237768e-05,4.8783553505524594e-05,3.093244236864244e-05,0.004208458960335096,7.206567208208583e-05,0.10932494461015023,0.007691734386934225,0.00014217057461447018,0.0257020301934201,0.1161634885274436,0.19961378472710362,0.03036893252842554,7.101121381091442e-05,3.5334508999815946e-05,0.0586530575473872,0.13220135627020366,4.178527750650415e-05,3.073823355964626e-05,0.0027051424820682853,0.20333079738706905,4.160070496361432e-05,0.0014987922125967326,5.5837189026652655e-05,0.0001555024782706282,0.00026312563256295597,0.0001590157812879941,0.053659871524088944,6.30487241727977e-05
Z_E_1855_KEL_0732,0.0001302684340757997,0.0011928789579752725,3.1891067808054226e-05,3.9668886995140464e-05,2.5153058205700647e-05,0.0004720667983431382,5.8600999653077053e-05,0.049564280165350194,0.0003544425720820321,0.00011560757782388525,0.0012326357332953684,0.003990255263967491,6.330788670075364e-05,0.026661559422683456,0.267532409726732,2.8732647456355065e-05,0.1706147264585166,0.019981713328790018,3.3978161334196015e-05,2.499513516106927e-05,0.0012163538356872476,0.024719818263213927,3.3828074126107056e-05,0.0002353967491805236,4.5404628864802545e-05,0.09059582094452127,0.08281643395854632,0.03848045243208073,0.21965605006226568,5.126876856388196e-05
Z_E_1855_KEL_0733,0.0002977451841169143,0.004974079028580372,7.289111843218273e-05,9.066831996467028e-05,5.7490534830579414e-05,0.0033265705534381916,0.00013394008728920498,0.009895841339146137,0.014295732564845471,0.00026423592014972874,0.0005697453326646341,0.013615442167004478,0.00014469828025107413,0.03396719011733447,0.3777290235438176,6.567214435141593e-05,0.15621125023513882,0.018699546660887686,7.766143789306393e-05,5.7129581493466966e-05,0.01851334255473591,0.00031027327634322246,7.731839436357743e-05,0.025261645335126617,0.00010377809234464619,0.08120266650587023,0.0004890410257100809,0.0002955441475910343,0.2390826551818822,0.00011718133440230189
Z_E_1855_KRI_0745,0.0005453363236853115,0.0008770874009985735,0.00013350400502030842,0.00016606390605747494,0.0001052970075878702,0.001976189966270322,0.0002453184759747568,0.059290795568594463,0.063232830091788,0.0004839623038990162,0.0010435192296181493,0.14020229815331778,0.00026502268518547304,0.29274250276847896,0.00024172899864679815,0.00012028206560368604,0.006180306818459822,0.021899416837809074,0.00014224110176065387,0.00010463590213131459,0.005091962099338984,0.09936675359918759,0.00014161279908032995,0.0009854298066627931,0.00019007515948967163,0.1404938465364418,0.03382852874965094,0.0005413050068702958,0.12914752271396426,0.0002146239184254877
Z_E_1855_KRI_0747,0.00016020003597772166,0.0002576564719658384,0.06171396084331206,4.8783553505524594e-05,3.093244236864244e-05,0.0066270763018248325,7.206567208208583e-05,0.23509304636761652,0.007691734386934225,0.00014217057461447018,0.0063530914615022105,0.16211721801574858,0.0037057800664349718,0.08236920537045486,7.101121381091442e-05,3.5334508999815946e-05,0.051397205522917995,0.20355056784415088,4.178527750650415e-05,3.073823355964626e-05,0.04744956329962841,0.03281827481204263,4.160070496361432e-05,0.0051267182248313364,5.5837189026652655e-05,0.06787678803998325,0.01719344702299111,0.0001590157812879941,0.0016595986820596182,0.006109592077897139
Z_E_1855_MOR_0760,0.00016664899850119173,0.0002680286102833871,4.0797408436286266e-05,5.074736897159961e-05,0.003806148315734735,0.01695777558960972,7.49667252288572e-05,0.03698849181868484,0.006743380217539765,0.0001478937487825236,0.0003188884124890059,7.266824268727779e-05,8.098812264657018e-05,0.01397959166317333,7.386981901545003e-05,3.6756923938328926e-05,0.055982215791251594,0.0004022784824325398,4.346737256364707e-05,3.197562227216438e-05,0.06193958029551432,0.0630731721253363,4.32753699262214e-05,0.033008882678322284,5.808495343726036e-05,0.42913642811264185,0.00027371793569826137,0.0014234072930400564,0.2747102851879549,6.558679388583769e-05
Z_E_1855_OTT_0765,0.03995806473123522,0.005550107041178287,5.601930339684649e-05,6.96816873417691e-05,4.4183431155849244e-05,0.0008292244511575573,0.0001029375121172687,0.10779206326038233,0.045533919629397526,0.0002030742907722633,0.017711450156022004,9.978144422510891e-05,0.00011120554927317381,0.027832298910829837,0.008738222085911147,5.047127631285137e-05,0.12350837453749204,0.0437363260795598,5.9685456131594465e-05,4.390602624097447e-05,0.048775296339141176,0.02096675335500444,5.942181551295712e-05,0.009050284643093535,7.975699325302012e-05,0.3059645097873808,0.04874187283707281,0.00022713572829134534,0.09910260192141412,0.045001369719702436
Z_E_1855_WID_0842,0.013222739805700713,0.00025306594926509005,3.85198986129441e-05,0.0036112036671426106,3.0381336169758876e-05,0.007696768440394434,7.078171790420918e-05,0.22496570828907855,0.0004281164877540683,0.0013274006879372107,0.029995163703199216,6.861154784050206e-05,7.646697162322362e-05,0.2293720648115151,0.0368904017660575,3.470497361711864e-05,0.040979385268062114,0.006318636779074044,4.104081235301052e-05,3.0190587471582273e-05,0.05254299614104849,0.0001639664118772807,4.0859528236922495e-05,0.043043797132259747,5.484236874592317e-05,0.13436996089055184,0.0026339638443221825,0.00015618268515728037,0.17148015207706413,6.1925419963281e-05
Z_E_1856_BEC_0650,7.806644397336745e-05,0.00012555755315744036,0.015341000155021765,2.3772519920597405e-05,1.507356577289943e-05,0.0014615040291411933,0.023017951052907742,0.1481525541528934,0.00139101492612503,6.928057868442334e-05,0.07086579202270067,0.027141998207308025,0.010056096731682163,0.044264134561792644,0.014767189459643643,1.721871939869092e-05,0.06688671047370232,0.007260087608752159,0.013574340663229666,1.4978926648668877e-05,0.06614160742462738,8.135121115702149e-05,2.0272274494034566e-05,0.0019089773083281612,2.7209799062627528e-05,0.2788162905429206,0.023700359134931195,7.748934951879023e-05,0.18467139657885914,3.0724023644492125e-05
Z_E_1856_DEI_0849,0.008046597358627266,0.00035975391427837825,9.617854684886237e-06,1.1963525113890276e-05,7.585774805628071e-06,0.050262199873707766,0.17855103850805137,0.013168420916938262,0.003962266095598829,3.486546423199385e-05,0.0715478364432801,1.713129890257083e-05,1.9092683203956993e-05,3.340512419080561e-05,1.7414566564907954e-05,8.665323770610676e-06,0.6481476815059068,0.01136438380632004,1.0247289935189425e-05,7.538147648588325e-06,0.0018496688360814624,4.094001229037396e-05,1.020202594571914e-05,0.0006641261367960138,1.3693336487546925e-05,0.00033470199039754747,0.003326765674763989,0.0012252647379978317,0.0069314699028093325,1.5461870668248588e-05
Z_E_1856_DEI_0850,3.746477829603716e-05,0.00034306811171574346,9.171767462541403e-06,1.140864298452162e-05,7.233937797974625e-06,0.00013576487708875674,0.26981943396247093,0.04904039320025938,0.00010193653186929188,3.3248363682590266e-05,0.09962148919818217,0.0002991486586998394,1.8207142478232897e-05,0.0005974796144031558,1.6606858829472264e-05,8.263416033573984e-06,0.5114657451939169,9.043723210549993e-05,9.772008778058395e-06,7.188519643554292e-06,0.038246617929885436,0.00428122010594176,9.728844184762891e-06,6.76993400759281e-05,1.3058223706319119e-05,0.00031917812503447923,0.0006271590724474714,3.718782555301247e-05,0.024709943785246078,1.474473122659194e-05
Z_E_1856_MER_0223,0.0028510944197639044,0.0019587262363815762,1.5077568416589159e-05,1.875479244781258e-05,1.1891949127119552e-05,0.030907747649841808,0.03582636158642923,0.07131968424610664,0.17916085459901052,0.0883890033330842,0.1651636038497283,2.6856127455787784e-05,2.9930919804423026e-05,0.025157918988474293,2.7300196086374066e-05,0.009311936528656011,0.03417205449519111,0.12614134318333448,1.606431165208144e-05,1.1817285728442624e-05,0.01731210591450484,6.41801998998923e-05,1.5993352907079974e-05,0.00011129168242888544,2.1466556161095457e-05,0.07212201240539931,0.034040143971370375,6.113347141973476e-05,0.10291990549223375,0.0028137446869543068
Z_E_1856_SAN_0787,0.00012963106229065905,0.002165593879561707,3.173503256465033e-05,3.947479677291577e-05,2.5029990405553563e-05,0.00046975709023848314,5.831427920521955e-05,0.014093924207495842,0.004266913924282828,0.000115041938044946,0.0002480533578654305,5.652636126871097e-05,6.299813659861867e-05,0.00011022340623291962,0.4932473607780868,2.8592065596052533e-05,0.0269114473664494,0.0267338073809114,0.007862223021561194,2.48728400399951e-05,0.14603600799358105,0.00013508549107878003,3.366256158159392e-05,0.00023424501010185935,4.5182475051727856e-05,0.08819545483590584,0.0002129166517152408,0.0011072241725337128,0.18726768197003638,5.101792294058607e-05
Z_E_1857_BRE_0657,0.025421320082344028,0.0004865308243785087,7.40562611507275e-05,9.211762593063392e-05,5.840950382822783e-05,0.001096216103803777,0.022971367925460145,0.08997752736286954,0.0373595324184509,0.0002684596522718648,0.011996495964310785,0.018400138305387396,0.009281125977346646,0.09159836260298955,0.0001340899536966549,6.672189392925325e-05,0.005711818462642332,0.025849039372996586,7.890283274087394e-05,5.80427807600217e-05,0.03936103095749263,0.07338815080887433,7.855430576320991e-05,0.01881485912354097,0.00010543695409955714,0.28116766239327107,0.10553917769155827,0.0003002683323611528,0.14014552908277927,0.00011905444297114943
Z_E_1857_KRN_0739,0.00014260925758203272,0.054055386014423515,3.491222978053563e-05,4.342687131857892e-05,2.753590293827753e-05,0.0015933079096714855,6.41524949108357e-05,0.13176916367299735,0.0014645406937318444,0.0012030799533966627,0.011038091873672827,0.3187122330523458,6.930528324481585e-05,0.00012125857686635756,6.321382151862809e-05,3.1454600273561496e-05,0.08343174612993612,0.20165356884111071,3.719704160297728e-05,2.7363019243852597e-05,0.0013315836541297683,0.08842328507824229,3.7032736063650135e-05,0.07669064735408379,4.970598179931699e-05,0.00013842751559321997,0.00023423310039595878,0.00014155504007790198,0.02731385664532386,5.6125653723494956e-05
Z_E_1857_PET_0768,0.0005712018471414057,0.000918688012874676,0.00013983615423420885,0.00017394038460985333,0.00011029128745027714,0.002069921459490567,0.00025695403098722634,0.381180261504152,0.001554162014114659,0.0005069168326543552,0.014028579152090298,0.37538047186946855,0.00027759281884856204,0.030668670509837317,0.0002531943032908455,0.0001259870928576837,0.0021615861554159232,0.010002549696982894,0.004460842782132698,0.00010959882549324503,0.013957186185292875,0.04371378732534066,0.0001483295516918965,0.013967734524196732,0.0045109456286594775,0.09541526524880338,0.0009381885992279836,0.0005669793233315339,0.0016055332612289696,0.00022480361809918252
Z_E_1857_SCH_0791,6.66722846058882e-05,0.0011138155387106767,1.632206884475991e-05,0.001026886502889579,1.2873508976266172e-05,0.00024160704897865283,2.9992396506325505e-05,0.06563068873420136,0.00018140615729322237,5.91687570819073e-05,0.00012757963855891303,0.0025455320596474195,3.240141381797799e-05,5.669047356962986e-05,0.0015394290891951948,1.4705567486718059e-05,0.04454198887750605,0.04193416525066599,0.5440758760251431,1.2792682870907715e-05,0.09322823800218343,0.0035925205483561197,1.7313442061432465e-05,0.00012047768262519054,2.3238402761004852e-05,0.05844657141009392,0.00010950800949745993,6.617941976202292e-05,0.14110911929613362,2.6239709975292943e-05
Z_E_1857_WID_0839,0.00026658767608469305,0.0004287641988988434,6.526343634300227e-05,8.118034481590031e-05,5.147444491102892e-05,0.0009660605166544916,0.00011992394339110206,0.11149276731179128,0.004750151507878358,0.012310993816418538,0.00453492734650559,0.0524386853407716,0.0303155784253543,0.25781406402787993,0.00011816922730552663,5.879989091366101e-05,0.07546769613877387,0.09120158937018956,6.953456631284436e-05,5.115126349131522e-05,0.07292325732247186,0.05461264450944281,6.922742053114874e-05,0.012556136218249327,9.291824668370934e-05,0.09886644262960337,0.0004378653879517741,0.00026461696675432326,0.11746860959549524,0.0001049189081310092
Z_E_1858_BRE_0658,0.000133686453289388,0.0002150135591040673,3.272783446824414e-05,4.070973022698708e-05,2.5813031105793727e-05,0.00048445301760094466,6.013858889463614e-05,0.31223836359249507,0.05485862483206143,0.00011864092143503604,0.012365787327630277,0.0010674592245508983,6.496897654688579e-05,0.005159494081169669,5.9258646605271294e-05,0.02223110525649236,0.0338083346746687,0.015460176616315447,3.486968973174402e-05,2.565096443262603e-05,0.09005474371967799,0.062707509712638,3.471566449396581e-05,0.04161731712099244,4.659596807868638e-05,0.13636697209964305,0.08902605241287814,0.00013269819627499495,0.08716391155598083,0.03436420653051647
Z_E_1858_GUD_0704,0.00026929734798200654,0.00043312227845223293,6.592679221142793e-05,8.200548460552804e-05,5.199764560377556e-05,0.0009758798266523447,0.00012114288398128392,0.4256858481239179,0.0007327212102516898,0.0002389897010390129,0.0025481655349533752,0.00011742863872090302,0.00013087319361602327,0.00022897961691861806,0.00011937033246935015,5.939754949380945e-05,0.003051951912315227,0.0006500640834546298,0.16066587203471294,5.167117927748405e-05,0.2403586687133136,0.10802200094785572,6.993106744645914e-05,0.00048662379898582834,0.0041595748634088514,0.03075424199365749,0.00044231597454288973,0.0043330187774187085,0.014986933159405805,0.00010598533333503512
Z_E_1858_KRI_0748,0.00013355167767909568,0.001222943894550773,0.02725266656005611,4.066868883048672e-05,2.5787007773323034e-05,0.002500258819181678,6.007796035059924e-05,0.015528333773075107,0.006412258432825264,0.00011852131393406184,0.00025555558607227803,0.06155520911320473,6.490347826154182e-05,0.020276499063314492,5.919890517250224e-05,0.001037603916580037,0.14164599067957975,0.03863197380117029,0.007091864241155697,0.020188567119345944,0.003263304626996263,0.3721454512466081,3.4680665997455854e-05,0.00024132961293579005,4.6548992488561546e-05,0.04247181376299055,0.04961856412727296,0.007189594122173706,0.1808337178803494,5.256093007354042e-05
Z_E_1858_KRI_0754,0.00013130136907169124,0.008140458348543683,3.2143941040384025e-05,0.0277924663060409,2.5352503867719176e-05,0.002458130153789224,5.906566343571429e-05,0.12231197675257512,0.0003572530467709679,0.0011076843653913698,0.0022335697507924863,0.014924656247299526,0.06349805644025754,0.0001116436437871449,5.820142009276629e-05,2.8960476686765663e-05,0.016355442425785845,0.060777718152391066,3.424758371719417e-05,2.5193328606918817e-05,0.06664256541960878,0.23900641080952986,3.4096306425484637e-05,0.0002372632761091131,4.5764654917642264e-05,0.156730747422775,0.00021566010008996158,0.00013033074343392657,0.21644196405413907,5.1675293027168925e-05
Z_E_1858_MIT_0759,9.080177540773394e-05,0.00014604032363041848,2.222921920543534e-05,0.035670485733741784,1.7532584606664765e-05,0.003070804052235208,4.084700063310201e-05,0.4135959251727213,0.0009324983342770045,8.058263225063727e-05,0.00017375222336393743,3.95946300974483e-05,4.412786989053095e-05,0.15567189140236018,4.024933108495627e-05,2.0027686827673524e-05,0.004456253911645761,0.015298849840335966,2.3683998323340374e-05,1.7422506574852545e-05,0.10572003016926458,0.15843106292111278,2.3579382150917992e-05,0.0015349582582170347,3.16486564216651e-05,0.04943975701241396,0.00014914025734252676,9.01305369295032e-05,0.05509035640460863,3.573617232444745e-05
Z_E_1858_SAN_0788,5.752370216275126e-05,9.251779541253848e-05,1.4082400692520601e-05,1.7516916180235345e-05,1.1107042461761382e-05,0.027130811234835007,2.587692463180782e-05,0.059664652064026574,0.008841145350108465,5.1049787476747464e-05,0.0001100735211621387,0.07688406994896857,2.7955383397088694e-05,0.004391227183508638,0.03172440229620019,1.2687711081757357e-05,0.12267098602233434,0.021850436088284592,0.03649045519419793,1.1037307086123687e-05,0.11951656324328497,5.994410149861643e-05,1.4937740478536636e-05,0.025289376651163892,2.004969481792803e-05,0.3448356968792676,9.448162996069425e-05,5.709846683966929e-05,0.12000959854733881,2.263917113952355e-05
Z_E_1858_SCH_0789,0.00030250455179733156,0.009620645562759126,7.40562611507275e-05,0.050329748687024035,5.840950382822783e-05,0.010230330842184394,0.00013608107950859955,0.04659048235556161,0.0008230734649284244,0.011686103075247638,0.0005788525413350114,0.00013190882862615876,0.00014701123896602856,0.004824272588373676,0.1485634544523817,6.672189392925325e-05,0.055949449523735734,0.1514431170257301,7.890283274087394e-05,5.80427807600217e-05,0.0005410433193750032,0.15331165476970474,7.855430576320991e-05,0.02338191649273128,0.00010543695409955714,0.1076194823640393,0.0004968582001811505,0.0003002683323611528,0.1584137585595405,0.06405785761163547
Z_E_1858_SEY_0808,0.0001351871399575671,0.010422355005011803,3.309521817584053e-05,4.1166714071749286e-05,2.6102793237203582e-05,0.0004898912064898303,6.0813669849936256e-05,0.36472702413043595,0.0003678256972912767,0.010324900543949534,0.04209888919355244,5.894912050470693e-05,6.569828063529706e-05,0.3950456546122739,5.99238498382598e-05,2.9817541452701782e-05,0.04949523919395713,0.0615558988287691,3.526111666556128e-05,2.5938907297462537e-05,0.016569672949587066,0.00014087534936462238,3.5105362429704294e-05,0.0002442849144751908,4.711902741915087e-05,0.0011517158201092054,0.00022204240778484247,0.00013418778934251563,0.04630215902939937,5.320458667112507e-05
Z_E_1858_SEY_0809,0.00013887179935093862,0.0012716606941441187,3.3997261125825024e-05,4.228875363665407e-05,2.681425071995591e-05,0.000503243676527213,6.247120665357228e-05,0.26878898065121964,0.0003778511509777231,0.00012324269087064373,0.0002657358161933143,0.22649493789737937,6.748895234376867e-05,0.07978943732132429,6.155713371617033e-05,3.063024807727737e-05,0.00891198798580227,0.003480148330240406,3.6222193324060834e-05,2.664589790660915e-05,0.2025716922074318,0.0944923742382934,3.6062193852241396e-05,0.02541031892623489,4.840330317970768e-05,0.07875784897759287,0.0023247090422328343,0.004331074507856383,0.0003903406370628406,0.001102962054729259
Z_E_1858_SEY_0810,0.00046658565925296346,0.0007504293872299238,0.0001142250231460042,0.00014208302972068486,9.00913281747603e-05,0.01930148608478862,0.0002098926439854481,0.2479682944119226,0.004791650252400991,0.03563542011860069,0.0008928272087290689,0.0002034573278323985,0.00022675141726963085,0.00039673099759824965,0.00020682151416574147,0.00010291243117043751,0.005287824056518704,0.00464843818482007,0.0001217004174403029,8.952569131565988e-05,0.1875076416644324,0.03570756358669243,0.00012116284638996788,0.03606447194443505,0.0001626268776647224,0.41606478212294085,0.0007663584217472525,0.00046313649488943743,0.001311478243447677,0.00018363061127722876
Z_E_1859_DIE_0667,0.00010539457132699633,0.002556299677329294,2.580168745126918e-05,3.2094385485889426e-05,2.0350254503023074e-05,0.009133489083090182,4.741154126544376e-05,0.05919463445420423,0.027337041171613577,9.353310487950574e-05,0.00020167602468480975,4.595790167354057e-05,5.121968056023108e-05,0.05657695856379446,0.03187057308374163,2.3246345772377887e-05,0.013128384384079638,0.04401221576720929,2.7490264803623547e-05,2.022248577908268e-05,0.00018850304359409195,0.08444304566103145,2.7368835717057592e-05,0.008146413172672057,3.6734926841008406e-05,0.3072025073738384,0.14417605372665346,0.0048781937473647285,0.20635570572969764,4.1479349341907365e-05
Z_E_1859_PFE_0770,0.0001900830101872098,0.004610381080252868,4.653429827453121e-05,5.788341208143343e-05,3.6702437187290075e-05,0.0049934854417952625,8.550846943899707e-05,0.17563431508930413,0.0005171898435552461,0.00016869041643986866,0.0807174313132478,0.025910862142554468,9.237658960165253e-05,0.07334088835477501,8.425731739600415e-05,0.002911700685637772,0.05811482762426022,0.0004588464710981923,4.957971002608745e-05,0.00290624704222262,0.006079522297196222,0.272826709911306,4.936070817420718e-05,0.0017783699839814928,6.62528001682495e-05,0.033186922159344545,0.09788455925416761,0.021711990655035613,0.13541371193954324,7.480954174626476e-05
Z_E_1859_SCH_0793,0.00010006083287641745,0.00016093205612317338,2.449593279316942e-05,3.04701741459839e-05,1.9320382342102418e-05,0.020001268061695426,0.000800345537922148,0.00030428245297139207,0.038794253615887495,8.879964364315779e-05,0.00019146973840386037,0.09823696999203228,0.005335961168078667,0.4079650992284686,0.02723635481943861,2.206991014841303e-05,0.056273327198117534,0.057646875526872476,0.016643433161444274,1.919907965286459e-05,0.003200296880552753,0.13379827726225768,2.5983771860602067e-05,0.08931014869822602,3.4875870066981746e-05,9.712674154623717e-05,0.00016434809009059753,0.005386654727293634,0.03804791925506165,3.938018998574368e-05
Z_E_1859_SEY_0805,0.00011161034647317559,0.0018645429494060944,0.027830406213808608,3.3987191549079785e-05,2.1550435921910943e-05,0.00040445361376573315,5.0207695527748835e-05,0.19074839580116434,0.006201300103193313,0.0009415669971936722,0.00021357011757814056,0.03374937479839898,5.4240424545552226e-05,0.10203953773354303,4.9473061154737116e-05,0.029512735491327723,0.05350097718947864,0.003639489852942166,0.010139323478953948,2.1415131879512225e-05,0.12067964588338395,0.11132863788534637,2.8982946640305635e-05,0.00020168134299833578,3.8901414567844164e-05,0.19304488214383814,0.027986400795127608,0.020331209167353776,0.0651875741476861,4.392564525139197e-05
Z_E_1860_FOS_0583,0.0018133478576862867,0.020278503218133296,1.4230706821637133e-05,1.770139225711116e-05,0.006154488258686714,0.004159891010738848,2.614944255040546e-05,0.18403589308702806,0.0027909899492092978,5.1587408620912124e-05,0.036532013617753704,2.534769968394496e-05,2.8249790209543104e-05,0.0009270358476925605,2.5766826317361944e-05,1.2821329302043033e-05,0.007240851574706079,0.00014032036258114071,1.5162027662275766e-05,1.115354439008585e-05,0.10278424109223047,0.0965975849481041,0.0008927042322442268,0.000982649941694595,0.3067446684812843,0.10668594006759083,0.018964073967750104,5.769978850210271e-05,0.10196605493729602,2.2877591271958262e-05
Z_E_1860_WID_0840,0.0001206577563508829,0.0001940589565223664,2.953827392378648e-05,3.674227709673176e-05,0.14939682958531325,0.010456196050191298,5.427765512207597e-05,0.10693218101284725,0.00761480700066479,0.00010707851872444833,0.0038741395212631125,0.14760451727646545,5.8637287097380355e-05,0.00010259353474706753,0.20043261205448948,2.6612869039996732e-05,0.074232554290539,0.01850754340760302,3.1471390138357625e-05,2.3151095271989193e-05,0.010234758382036385,0.021985275919503038,3.133237575691166e-05,0.016612686105075873,4.205485915017498e-05,0.061141672496229316,0.10676344199902714,0.00011976581202054326,0.06318532587142789,4.7486366360949904e-05
Z_E_1861_KRE_0743,0.0012843693242610096,0.005007571910378468,1.3297132014128492e-05,0.37682286239107077,1.0487686945238919e-05,0.002246919295522827,0.0008444694865946321,0.23428531517353707,0.0017878575554799332,4.8203128017231106e-05,0.004614130925561978,2.3684818553034032e-05,2.6396523693157964e-05,4.6184139900919446e-05,2.4076449288248754e-05,1.1980213664908241e-05,0.13428135477241632,0.0993554130840899,1.4167355561046897e-05,1.0421840182591286e-05,0.02797835448200023,0.00046661923449795267,0.011494602080984963,0.0009181853130809917,1.8931675405215143e-05,5.272332820910518e-05,8.921310605546465e-05,0.019734767041260995,0.0784660637754994,2.1376756272286562e-05
Z_E_1861_SEI_0796,6.199225512581538e-05,9.970475753916191e-05,1.5176348942992688e-05,1.8877664267684114e-05,0.001883823911697848,0.07229102858135625,0.03465718706742172,0.036221707386758846,0.0563242940157315,0.08662826536666932,0.18449624842675147,2.7032075084340683e-05,3.0127011901791308e-05,0.02251495974372931,2.7479053025757243e-05,0.02060406789567422,0.10693027687865667,0.022611893396714124,1.6169556816119763e-05,1.1894706548077715e-05,0.018361453015454714,0.0005325641889340298,1.6098133185667905e-05,0.03333743024223754,2.1607194071604346e-05,0.04826041630587708,0.03426315760642337,0.03937046909118406,0.17987223678312456,0.0004923613390943481
Z_E_1861_SEY_0801,0.012253286743426402,0.0002576564719658384,3.92186353237768e-05,4.8783553505524594e-05,3.093244236864244e-05,0.0017898416188453605,7.206567208208583e-05,0.24234889839208573,0.0004358823624650158,0.00014217057461447018,0.07044645101098022,6.985613593625324e-05,7.78540542003671e-05,0.5394878829120151,7.101121381091442e-05,3.5334508999815946e-05,0.010280710717592477,0.010061180524971972,4.178527750650415e-05,3.073823355964626e-05,0.024472698555475913,0.035236892153532366,4.160070496361432e-05,0.0002894835418518644,5.5837189026652655e-05,0.0001555024782706282,0.00026312563256295597,0.0013683244520328623,0.05003194551185434,6.30487241727977e-05
Z_E_1861_SEY_0816,0.00010415163141068386,0.00016751145987567117,2.5497402829797537e-05,3.171588977868488e-05,2.01102597546176e-05,0.0019498522181985445,0.06451637985649882,0.21495307604874397,0.00028338232808004934,9.243004968332601e-05,0.004130366364641509,0.043287172126666495,5.0615636303800024e-05,0.07242022355999886,4.616686707790842e-05,2.297219682234094e-05,0.005111421145611389,0.00025141441354934715,2.7166066441182167e-05,1.9983997833589754e-05,0.14327718237583403,0.29965597248798453,2.7046069392877707e-05,0.008050340842004546,0.014188149193147155,0.12510908373701313,0.0017434946507163662,0.00010338170612828236,0.00029274924315802575,4.099017482038701e-05
Z_E_1861_WID_0841,5.389617221354067e-05,8.668348605699005e-05,1.3194343624768423e-05,1.6412273473445832e-05,1.0406615895626994e-05,0.0058911848257438065,2.4245087396614498e-05,0.17429495881961982,0.09860392678373048,0.036257327034586194,0.026548270031328525,0.02158646033535568,0.030946661415946507,0.09321408222804595,2.3890335512645193e-05,1.1887605208776725e-05,0.06163804766380079,0.0863819358270288,0.0057099336976977715,0.09928132050808575,0.025727837144145747,5.616393757854181e-05,1.3995744415659529e-05,0.0033521772861627927,1.878533133487561e-05,0.03504126746650293,0.04524868206240315,5.3497752860431873e-05,0.14987165667280317,2.1211511440195222e-05
Z_E_1862_KRI_0751,0.00048584808774309403,0.0009494372019408361,1.3913236828957518e-05,0.014174814202776685,1.0973619882996905e-05,0.0006349657534927728,2.556607986581758e-05,0.12501630386189425,0.0010126647722806831,5.043655543824799e-05,0.0022538281959627307,0.03692010533901772,0.00088565034143084,0.029221370205030753,0.04807491512728219,0.011595950697744807,0.015230609181271794,0.023733036162572364,0.009882177637649819,1.0904722198732113e-05,0.0906238941554869,0.28921559356491267,0.014172266009244577,0.0031058051260065248,1.9808849246727745e-05,0.15106858173801163,9.334667592062229e-05,5.641257545900029e-05,0.13058042233360018,0.0008803979898050411
Z_E_1862_PET_0769,0.0305323887359137,0.007376829799665979,2.59669612143342e-05,3.229996738329557e-05,0.0008211732156094767,0.0003843753466309256,4.7715237829959224e-05,0.31179197922027674,0.0002886010771843307,0.0016955174484436907,0.00020296786870015198,4.625228689026346e-05,5.154777031657612e-05,0.008897808180065265,4.7017072868236504e-05,2.3395251189923457e-05,0.0004013970790781067,0.0002560444437788378,0.14415233556439092,0.010429355909095956,0.08346174160640529,0.17706359881261177,2.7544147912363018e-05,0.0009923618945825558,3.6970233915648326e-05,0.11940615779259423,0.09625733031902242,0.00010528557638692336,0.005102296133033374,4.174504700870428e-05
Z_E_1862_REU_0777,6.81120547611009e-05,0.00010954748930599355,1.6674539556284576e-05,2.07412442046609e-05,1.3151508959714373e-05,0.002817625983796028,3.064007428770604e-05,0.1189781561083742,0.0027561250699547914,6.044649056698479e-05,0.00013033468673366425,0.0005438609475297117,0.001575582010810012,0.22731676686576033,3.0191751545011326e-05,1.5023130283733312e-05,0.14113767683681258,0.004791860205261228,1.776579569636677e-05,1.3068937436226856e-05,0.1733938423232466,0.022179870834326248,1.7687321212438086e-05,0.0016655602630869782,2.374022985374486e-05,0.11163889969197469,0.0006260331047177353,0.009836654228431227,0.1801475539220194,2.6806349494655195e-05
Z_E_1862_WOL_0845,0.014539997864714431,7.531533578321842e-05,0.02369542458797321,0.011326002264699622,0.3276960791157144,0.0008766789725925207,2.106545296492779e-05,0.13093442390232754,0.019215977666936605,0.00039504970471607143,0.01069436529472295,2.041958540538671e-05,0.006385612542661297,3.981710845576e-05,2.0757225198876577e-05,1.0328599121737305e-05,0.0001772098741226474,0.0008200230965889015,1.2214217567236508e-05,8.985065906804373e-06,8.37539108114019e-05,4.879828915572891e-05,0.0007191441645336776,8.461867847503261e-05,0.10783136634794155,0.07215781251085121,0.20969764013511244,0.002874417359414861,0.05951827140864547,1.8429716884454457e-05
Z_E_1863_GAR_0677,0.00011198775311279422,0.00018011462478345855,0.0008727823739442957,3.410211809628566e-05,2.1623307997490067e-05,0.0012511878670871995,5.037747116460413e-05,0.10854747761129155,0.008758369412316813,9.93842673795872e-05,0.058544588181093773,4.883289605334943e-05,5.4423836720194524e-05,0.1683231763510961,4.964035265012321e-05,2.4700570421741238e-05,0.08665118662089932,0.0028064300586901807,2.9209976842943602e-05,2.14875464290144e-05,0.0644481573851605,0.0795811608706494,2.9080951501354903e-05,0.012037495819756413,3.903295839520779e-05,0.07957316498625693,0.0018746710527078035,0.0018018931144880423,0.3240901854846674,4.407417834613864e-05
Z_E_1863_GUD_0706,4.6597326128339206e-05,0.000426695616868042,1.1407510175244731e-05,1.4189654443725199e-05,8.997308247784252e-06,0.00016885940721415795,2.0961715795955855e-05,0.11903359765602274,0.00012678494404456852,4.1353103267000076e-05,0.04194755508687517,2.031902882181539e-05,2.264538039487335e-05,0.030641973052689578,0.0035381667328265205,0.2050812114154304,0.03957246854273607,0.0018712383974640381,1.2154068452297373e-05,8.940818802232257e-06,0.22063132674143246,0.07039879251965805,1.2100381903958703e-05,8.420197240363879e-05,1.624134283918942e-05,0.1157713667650257,0.0028905446384660874,0.0032120134166295114,0.14399720532280735,0.00037009013213347566
Z_E_1863_JTT_0718,7.980656435438098e-05,0.000730795391854073,0.05484149828200887,2.4302415280452582e-05,0.08616420510976686,0.008120911743070938,3.5900826498943556e-05,0.07072806791416575,0.02009763401495376,0.00730009441663445,0.0037673472989212435,0.4741543951983323,3.878441442831583e-05,6.785836054604669e-05,0.03557928418260839,1.7602528920882517e-05,0.009941036241481732,0.038146312376503934,2.0816096688344314e-05,1.5312810635442346e-05,0.0031549333635703613,0.05550756448438556,0.0060451154457521715,0.00014421149640408165,0.0777424640465733,0.0030896620390819347,0.016396937326585388,0.016345073108859146,0.0014291984260864222,0.010272874075046474
Z_E_1863_JTT_0719,0.00012312492282516325,0.00205690345029977,0.001889018707861949,0.0037552464618248655,0.042777931999756456,0.0041639330315391045,5.538750512318413e-05,0.10354206251363922,0.0003350060560961315,0.00010926802182397802,0.013247738764610294,0.5251862852945905,5.983628128759802e-05,0.0010341295534647685,5.457708025362673e-05,2.7157039429581576e-05,0.0069720064051013355,0.029109799461797675,0.0028204295747027096,2.3624480554671054e-05,0.005796843931382905,0.15627392705294588,3.197304892509328e-05,0.00208136477766185,0.009337297011408454,0.0010489527444102714,0.05410964736817751,0.00012221474033744943,0.03380585536763964,4.8457350528187585e-05
Z_E_1863_JTT_0720,5.997160932656154e-05,0.023637384238632757,0.0330625248291665,1.826234429061918e-05,0.025363349791718174,0.001122745499907141,2.697811086986255e-05,0.09253524890458073,0.0010685948977699762,0.006843874901925752,0.01143251217835254,0.5573123827996032,0.0009345653783628567,5.099298686931972e-05,0.0068172360727894584,1.3227633542963275e-05,0.004301340818723733,0.04134139347366204,1.5642507961549495e-05,1.1506997006443028e-05,0.006445204507547606,0.11233461970026615,1.557341239382978e-05,0.00010836947552760619,0.04302837002466463,5.821305731451352e-05,0.006436444795699975,5.952827821766362e-05,0.025520338197741188,2.3602575564683308e-05
Z_E_1863_JTT_0721,7.480434237056398e-05,0.002379025572430508,0.002841706124696678,2.277915617314512e-05,0.020907553700452636,0.00027107600283648623,3.3650586747326464e-05,0.13123292460554228,0.002462246967799315,6.638560518150946e-05,0.010872034927465305,0.5229250475576123,3.635343331727216e-05,0.0023223196387841837,0.00285655145797941,0.010180714890857834,0.02682297686009649,0.023897075451777845,1.9511357694577818e-05,1.435301392430336e-05,0.05716633452962737,7.795185155001983e-05,1.9425172772044736e-05,0.0001351724164303045,0.10787969470670827,7.261084901157518e-05,0.03626229828281925,0.017014610823605367,0.021103369930902758,2.9440182833074336e-05
Z_E_1863_REU_0779,0.000152106512122325,0.0036892775686861857,3.723725648929745e-05,4.631894198631814e-05,2.9369693280052317e-05,0.0005512036334369894,6.842481624462108e-05,0.0980606358594671,0.05323164752850187,0.005876051677624953,0.08640701718923662,6.632690887213123e-05,0.009259622767722634,0.05179890773967595,6.74236306404635e-05,3.354936151365366e-05,0.006316676967372597,0.006108237738871483,3.9674228415664434e-05,2.9185296164411547e-05,0.03816307027650384,0.04838344216354587,3.949898072885102e-05,0.0002748584393203731,5.301621824067636e-05,0.16089743139171853,0.3033779983754665,0.0001509820875913342,0.1141006030750767,0.012690203675482075
Z_E_1864_BEC_0212,2.4775467532716435e-05,0.00041389463222810184,6.06529218430889e-06,7.544538542892334e-06,4.783804928224225e-06,0.05638388543741733,0.36377205035689303,0.13735066516094344,0.0013765758661471663,2.1987151463301063e-05,0.0019176446990617885,1.0803483390542756e-05,1.2040388008400827e-05,2.1066219578961924e-05,1.0982120019472146e-05,5.464599150471844e-06,0.13587289201818684,0.004361349002259181,6.462231920796247e-06,4.753769891012863e-06,0.2500948674375991,0.0013349831452836255,6.433687164136929e-06,4.476959102183984e-05,8.635406698912138e-06,2.404897463435441e-05,0.00022771685445023307,0.002081851936491837,0.04458125603235168,9.750694556270714e-06
Z_E_1864_DIE_0669,5.7176114732501185e-05,9.195875589403076e-05,1.3997307673739994e-05,0.008649565349381886,1.1039928068879661e-05,0.00020719482516974502,0.07080938565343117,0.15209978642943808,0.00015556837933319327,0.05918099813198568,0.03938571037188057,2.4931969700779952e-05,2.7786462769394085e-05,4.861601848829884e-05,0.00045695193616463505,1.2611045486101048e-05,0.07272646621642258,0.01265464266024252,0.2287670017554893,1.0970614069806826e-05,0.266404221630453,5.958188878602705e-05,0.0030361014768199644,0.0001033179805552276,1.9928544376683057e-05,5.549953521874458e-05,0.035917350983083296,5.675344889725892e-05,0.04893238221221994,2.2502373766901136e-05
Z_E_1864_GRU_0700,4.6761811348128454e-05,7.520899268940498e-05,1.1447777868143146e-05,1.4239742906386796e-05,0.17721142928046762,0.0001694554688128987,2.103570914957364e-05,0.07991858085984846,0.0011862109731303368,4.149907675614634e-05,8.948028443032275e-05,2.0390753536500846e-05,0.0007287109751803929,0.051576713937652605,0.05967651603589509,1.0314015436038474e-05,0.061950704752816006,0.00046587241838940465,1.2196971442378895e-05,8.972379251467704e-06,0.04667868909498738,0.09853372870858702,0.006719006848442087,8.449919932819138e-05,0.03213864612247012,0.19313246813347643,0.027610246091343094,4.641613168550417e-05,0.16180215375801996,1.8403694652843622e-05
Z_E_1864_GRU_0702,4.552443676902172e-05,0.0004168710791736631,1.1144855699114123e-05,0.010323429187578666,0.1787079384057464,0.00016497147036727204,0.026138046900915608,0.12557149464533568,0.0004675179671915954,4.040096055504007e-05,0.051634943755148134,1.985118932058416e-05,0.021672213093200606,0.02031418904933588,2.0179430630565025e-05,0.0017283021349446047,0.014605669834293197,0.009388502278710438,1.1874224697336597e-05,8.73495914989768e-06,0.06709360314795969,0.07049614262688707,1.182177426555733e-05,8.226324742236852e-05,0.04915813316172197,0.1814925554435928,0.09835930459754565,4.5187904212010204e-05,0.06920205386168561,0.002767134375943928
Z_E_1864_HAG_0709,0.0003208195690075356,0.0005159876387267341,0.00492210800053867,9.769485078314797e-05,6.194588389754389e-05,0.0035843700860939396,0.00014432005409055202,0.08089447670481777,0.000872906118969035,0.00028471343464436523,0.000613898937145359,0.10912017593054484,0.00015591197568472803,0.0002727882118477084,0.03889075263755279,7.076154433567224e-05,0.03996261445760865,0.05889725134498573,8.367997322023815e-05,6.155695772771279e-05,0.041744128848465296,0.169859199694616,8.331034481598001e-05,0.01995399725091065,0.00253360460867819,0.2037412695239016,0.017479428395641598,0.00031844795855916853,0.2043316165155412,0.0001262625466476479
Z_E_1864_JTT_0723,0.0013211273536420788,0.009064040547159317,0.0059286775804291226,1.0383752460419372e-05,0.002838046136730521,0.00990498287528614,0.0007875563585421,0.1370434959213416,9.277910747495976e-05,3.0261511264960605e-05,0.029924304267676245,0.42061568735463073,1.6571511683033385e-05,0.041986113574021953,0.023953839649306547,7.5210756166624555e-06,0.010940077566240441,0.12981475616366214,8.894144582319781e-06,6.542742080438568e-06,0.007268345855133289,0.048942605807758555,8.85485766165417e-06,0.0005764288820673484,0.032187590332627226,0.0028645613108792285,0.053338975017211986,0.0020930922053609582,0.02841046639281456,1.3420144653493714e-05
Z_E_1864_KRE_0742,5.021853390790376e-05,0.0004598553197027703,1.2294019510099785e-05,1.5292371945571302e-05,9.696514089172685e-06,0.0001819819412705635,2.2590709015529714e-05,0.04791764181926457,0.00013663775457797435,4.456676790619327e-05,0.00047518157263308047,0.40450744366430724,2.440521587194038e-05,4.27000887406242e-05,2.226016384353827e-05,1.1076447189894217e-05,0.15713194889020013,0.1350761013050296,1.309859490670378e-05,9.635634691735194e-06,0.006155205910287746,5.233155691492295e-05,1.3040736227415655e-05,9.074554180680453e-05,1.7503502751066403e-05,0.20248106213288064,8.248302455274738e-05,4.984730094326231e-05,0.04487338883405894,1.976413097161866e-05
Z_E_1864_MEI_0758,0.00013261580401081234,0.000213291588730297,3.246572838718207e-05,4.0383699860962006e-05,0.14618364141635254,0.006487067792045313,5.965695941587944e-05,0.08549528803774366,0.00036082944426098055,0.0001176907666974501,0.00525917692202334,0.022081641385036394,6.44486621383709e-05,0.12124373559468991,5.8784064284653025e-05,2.9250394931181704e-05,0.017520256318913192,0.004324454571540279,0.005040002591666147,2.5445534593709498e-05,0.03727723946601657,0.4015722511651255,3.4437638559166856e-05,0.00023963847708449574,4.6222796838216794e-05,0.04017202439205192,0.00021781903546540176,0.024157613836353724,0.0764550211484704,0.005057604766712373
Z_E_1864_OLA_0145,0.017847259638953193,0.12414065140309756,3.5877809658143436e-05,4.462794364642151e-05,2.8297473137491385e-05,0.006062551136314435,6.592678313515231e-05,0.06792960766521158,0.05903234112017619,0.00013005982418553034,0.047851082791808074,6.390546554930277e-05,7.122208395716718e-05,0.00012461226818156516,0.2976580849129817,3.2324551269910665e-05,0.05918818813872954,0.04571182890835747,0.0011445199499995062,2.8119807937629745e-05,0.002474705870526888,0.00015271991691289142,3.8056963532952524e-05,0.0002648239880858303,5.1080717704868306e-05,0.04218143324780715,0.1927358911487646,0.00014547007784926176,0.034707050451763755,5.767794076427299e-05
Z_E_1864_OLA_0146,0.0013262405522470998,0.06825512595473285,1.3730626676144856e-05,1.707934902859824e-05,1.08295919742955e-05,0.0514327828526358,2.5230527053160725e-05,0.03658163333351638,0.0005759890343316148,4.977457956526108e-05,0.000107323918627651,0.0004478415496306993,2.7257066560944365e-05,4.768977119762262e-05,0.5161306783475016,1.2370775980754635e-05,0.037046707374630394,0.04797784821090702,1.4629220044611943e-05,1.0761598566785764e-05,0.009838159388269627,0.03392921403326759,1.456460033869498e-05,0.00010134953471076893,0.014414624969319383,0.09150551389667447,0.03734996555663391,5.5672164787366835e-05,0.0526573379689466,2.2073651642311844e-05
Z_E_1864_OLA_0147,0.011224349598951204,0.06124116328832068,1.5736003478777145e-05,1.9573811310171806e-05,1.2411268691568434e-05,0.06573769798269764,2.8915480031927528e-05,0.04580619482729283,0.001630554000500562,5.704422497732141e-05,0.00012299872370828227,2.8028930354962445e-05,3.123799840610827e-05,5.46549274966216e-05,0.49495339221278034,1.417754472973437e-05,0.04245742964793084,0.1529996175358759,1.6765837637531964e-05,1.233334475391117e-05,0.0044819491602795325,6.698293922394855e-05,1.6691780135198622e-05,0.007394459123164906,2.24039973220549e-05,0.004429377900396196,0.04523108155222526,0.0320883555019699,0.029779123316705725,2.5297538650308685e-05
Z_E_1864_OLA_0148,0.0029801079445931807,0.04661665413045097,1.1884056487091934e-05,1.4782424240785532e-05,0.027126340400824928,0.06906766806229248,2.183738701597628e-05,0.05987823783797599,0.0004985268612564403,4.30806203625439e-05,9.289040780658444e-05,0.011380978449093495,2.359138634549459e-05,4.12761884899024e-05,0.6097868350798595,1.0707085991921059e-05,0.04672228254832725,0.09282789376091967,1.266180207741829e-05,9.314319606495752e-06,0.0008197140414786796,5.058648051790533e-05,1.2605872784938823e-05,8.771949189586691e-05,0.003681374852825708,0.0007800114687832828,0.0008126235072790134,0.026432261291559022,0.00013644717328533556,1.910506557208912e-05
Z_L_1853_OTT_0763,0.004620719616514838,0.02391593572088373,4.7838513097798555e-05,5.9505708040696135e-05,3.773109485281032e-05,0.003658334595947681,0.09154429427260498,0.18498211981933319,0.0005316851015782352,0.00017341829565631383,0.03725150074003362,8.520984084119901e-05,9.496562439853691e-05,0.16537769656061538,8.661879369179592e-05,4.310069327086399e-05,0.08334525829874068,0.14060649653838825,5.096927847660624e-05,0.007413009463795322,0.1154075387052989,0.013479560131399518,5.074413866902155e-05,0.026904964178943235,6.810966461590128e-05,0.00018968042314770675,0.0003209581087105838,0.0001939659162819081,0.09938116393653999,7.690622563073445e-05
Z_L_1854_OTT_0766,0.00012925162422165813,0.00020788083654012398,0.01661832298608491,3.9359251621953925e-05,2.4956726088662448e-05,0.024860559794054875,5.8143589733839645e-05,0.23065520850627774,0.00035167597169585884,0.00011470520323729611,0.0012230143989400905,0.07615995536542076,0.16885668350165212,0.013769520294074815,5.72928380883043e-05,2.850837486663316e-05,0.05122485362128021,0.11446739564910538,3.371294490233103e-05,2.4800035711861284e-05,0.04803984079595766,0.21673722816681493,3.356402919947469e-05,0.027552798397614986,4.50502231764183e-05,0.0001254615691207889,0.00021229343161847244,0.00012829615101464406,0.00816879713153171,5.086859035144467e-05
Z_L_1858_HOP_0712,0.01763998625504585,0.0021529532273431872,3.154979399633931e-05,3.9244380912346315e-05,2.488388941832067e-05,0.00046701510058800905,0.001030813444033215,0.1696659850384004,0.0061876868835160775,0.00011437043396327354,0.040133026906614785,5.61964147904171e-05,6.263041412642592e-05,0.10517625115269531,5.712562787227046e-05,0.006838302004792747,0.1415494308438799,0.00031109336931848386,3.3614553044145067e-05,0.003916085846145091,0.0031490164423216014,0.3211713476505131,3.3466071954543656e-05,0.02844522458929259,4.49187432602359e-05,0.00012509540719241144,0.00994006932378011,0.0001279217163061661,0.14142397434546042,5.0720129422193925e-05
Z_L_1861_KRI_0752,0.00010159560387021904,0.00016340049301911397,0.036070062688523086,0.01230164086585135,1.9616725691996756e-05,0.0003681621859125555,0.006947973205553044,0.16212884979879938,0.09537437852394162,9.016168624669839e-05,0.020134299482858796,0.02458570799757092,4.9373457390053387e-05,0.22556055892724744,4.503386721885861e-05,2.2408426798313657e-05,0.0019183038485252068,0.07233562640583661,2.649937295737145e-05,1.9493562416118175e-05,0.02395619611458203,0.09443690223586829,2.6382320805427097e-05,0.01092044998582681,3.541080938563109e-05,0.12433948771062459,0.04388124953162385,0.0008677635316760949,0.042466107457068525,0.0008069031763099947
Z_L_1861_SEI_0795,5.1972002722336946e-05,0.0004759119804513451,1.2723286916721554e-05,0.00040814954943446614,1.0035085005943322e-05,0.06570631345310855,2.3379503523694986e-05,0.099415819520745,0.0009260551377496405,0.02790107132439998,0.38967640494896383,2.2662687089257462e-05,0.0012022270190246648,0.02005267512061662,0.003553946372581059,0.0011884328528409388,0.04649081611023352,0.01032586025991638,0.000405879172795329,9.972079896810546e-06,0.01500123657767525,5.415880565996468e-05,1.3496076567178612e-05,9.391408268653005e-05,1.811466846676863e-05,0.0636068092281386,0.062464754617477525,0.007898052153720546,0.18296870209107682,2.045423051468103e-05
Z_L_1862_WID_0843,0.00013560228341223825,0.0012417214629427127,3.3196849612165945e-05,4.1293132101619356e-05,2.6182951777168707e-05,0.0015150221969702931,6.100042131905275e-05,0.17442888399348827,0.0003689552457878146,0.00012034113746661801,0.0002594794884825167,0.036909687511441115,0.011325792560435128,0.2130296320924822,6.010786877709421e-05,2.9909107537851302e-05,0.0015367832296734833,0.0003273339850588558,0.0020826225862754415,2.6018562563409008e-05,0.022762315984095477,0.3379380838089731,3.521316677737467e-05,0.0002450350840797191,0.09012640395051348,0.00013162600745415286,0.011482616801603528,0.0032054796443511035,0.09046029091298648,5.336797156056007e-05
Z_M_1853_COR_0661,0.003974720718971468,0.0007477955506763747,0.00011382411928161467,0.00014158435058619798,8.97751280933904e-05,0.0016848789098848835,0.00020915596852009806,0.057570257926424305,0.05391165001968961,0.0004126212018765054,0.0008896935881934524,0.00020274323886380086,0.00022595557134256984,0.5128221482817193,0.00020609561766789656,0.00010255123193218293,0.026327901012044456,0.14502302999605374,0.0001212732766413269,8.921147649107881e-05,0.0008315809948293094,0.07418973751837377,0.00012073759234317219,0.04295743918509774,0.00016205609429419902,0.05309790438271792,0.00427344134721695,0.00046151099107751296,0.01885573859951864,0.00018298610957651865
Z_M_1853_COR_0662,0.0004649480496582239,0.0007477955506763747,0.00011382411928161467,0.00014158435058619798,8.97751280933904e-05,0.0016848789098848835,0.00020915596852009806,0.06108003059573754,0.039872559342436636,0.0004126212018765054,0.0008896935881934524,0.00020274323886380086,0.00022595557134256984,0.5444101023055385,0.00020609561766789656,0.00010255123193218293,0.0017594923268517543,0.13800348465742726,0.0001212732766413269,8.921147649107881e-05,0.0008315809948293094,0.06015064684112079,0.00012073759234317219,0.032428121177158015,0.00016205609429419902,0.10574449442241657,0.000763668677903706,0.00046151099107751296,0.0013068752529524254,0.007202531448203005
Z_M_1853_GUD_0893,4.471010625171034e-05,7.190914888206067e-05,1.0945499117222351e-05,1.3614964861002402e-05,8.63291182480906e-06,0.07002556327450887,0.010820273955623292,0.1844137128071822,0.046697345260744094,3.967827758642727e-05,0.0412611688609333,0.000694506170995814,2.1728228799579657e-05,0.001050531465534403,1.9818465677438595e-05,9.861481254308105e-06,0.1344962003876759,0.022045754364917777,1.1661821332754313e-05,8.578710235950211e-06,0.08243119524882124,0.084422850744124,1.161030912207728e-05,0.024043649408532746,1.5583558636189387e-05,0.22380923897214344,7.343553275527527e-05,0.020632186884801406,0.052438951919064836,0.00035510125805982516
Z_M_1853_SAN_0785,0.0001058155034854444,0.00017018753548307553,0.19812182937570436,3.222256627154607e-05,0.0008192054204388859,0.029938088177675806,0.0032426964554761505,0.15288759518836692,0.004281778944550052,9.390666388949618e-05,0.0010012553820744057,0.11666712934424887,0.000850198134953713,0.0016875211624312876,0.124655631194315,2.333918864254468e-05,0.02276610411349145,0.08891933263298113,2.7600057332350635e-05,2.030325174720607e-05,0.05450588039811811,0.08637784794057753,2.74781432738657e-05,0.00019120998659491307,3.688164134300721e-05,0.057614432724197896,0.020941921163019288,0.00010503327827879123,0.033845929418588896,4.1645012447982713e-05
Z_M_1854_OTT_0764,0.00021613372761985784,0.00034761698642253976,5.291178490041349e-05,6.581628525450576e-05,4.173247548115935e-05,0.004046300787794187,9.722733359871154e-05,0.2013363886072917,0.005482683240338161,0.0001918092968066235,0.011834342668001775,9.424633998909697e-05,0.00010503672388053544,0.40154203821929335,9.580471221553306e-05,4.767151952955664e-05,0.11992015868191222,0.055994011227904227,5.6374567783286105e-05,4.147045884946025e-05,0.005281178085134841,0.0002252278907408107,5.612555191092635e-05,0.07217821321863883,7.533269097282443e-05,0.00020979602206475613,0.001986533353173061,0.00021453599152086153,0.11807821942415479,8.506212682148241e-05
Z_M_1854_OTT_0767,0.00036202685951460813,0.0005822630613664656,8.862794127393377e-05,0.00011024315046985354,6.990244976844785e-05,0.001311913063957148,0.00016285707293046609,0.1978659131116887,0.02558065034175686,0.00032128311538095767,0.03895261130382309,0.000157863869108895,0.00017593790519846445,0.09869032548197824,0.00016047416325087974,7.985042729623955e-05,0.050561259663700064,0.235898765799887,9.442814851633241e-05,6.946356843623182e-05,0.0471059041595685,0.0031101069063939023,0.005559705449769886,0.0908381449298093,0.00012618325622756885,0.00035141111867717045,0.0005946225032546738,0.00035935063036415316,0.19778258315328304,0.002875327393348951
Z_M_1855_DEI_0908,5.759873572964586e-05,9.263847506162273e-05,0.038276322187237755,0.000887135706446955,0.0017503134130361238,0.06412402800542197,0.012200253856645327,0.16844197093642543,0.0005915162438528862,5.111637650873908e-05,0.00011021710039301079,2.5116255987895135e-05,2.7991848228998413e-05,0.027006449547518192,2.5531555677709328e-05,1.2704260854849132e-05,0.3145769023680677,0.026661715341285298,1.5023586866246078e-05,1.1051704082291281e-05,0.04358281505631705,0.0661493138316199,0.0008845531664841732,0.0066260512219851785,2.007584751778523e-05,0.18658423917421268,0.0027033926951473006,5.7172945732197315e-05,0.03842411985411854,2.2668701536529806e-05
Z_M_1855_GLK_0680,0.00010167357926568956,0.00016352590413512563,2.4890749886215495e-05,3.09612820242795e-05,1.9631781677545343e-05,0.001135952327326637,4.5737660282374125e-05,0.04789465637097392,0.0002766398875014353,0.0008577384601716692,0.00019455578236720695,0.4336861147354941,4.941135189256212e-05,0.048439428736493144,0.004650113875940314,2.2425625435606103e-05,0.07867053357604634,0.04859840974839958,2.65197114268264e-05,0.0023220312463165557,0.00018184787796350586,0.20042542850602063,2.640256943646886e-05,0.10302974041164946,3.543798745004127e-05,0.01007629066117423,0.00016699699657336423,0.00010092197261134696,0.01870596571760217,4.001490646153794e-05
Z_M_1855_GLK_0681,0.00017295883362606257,0.0015837985210478893,4.2342121714315e-05,5.2668817849850687e-05,3.339599220832761e-05,0.0006267682836158913,7.78051921881543e-05,0.05405644643612851,0.03049989265274378,0.0001534934534264739,0.00685907017682523,0.22986481017791702,0.004000919188647618,0.22863083333867706,0.06666336513608523,3.814865225253548e-05,0.02676695491747004,0.10486723291512036,4.511317875903195e-05,3.3186316043906795e-05,0.004226209448360624,0.039348882453090456,4.4913906321027866e-05,0.060371129552366454,6.028422545642159e-05,0.08895015165846552,0.004200946335346319,0.00017168026144222137,0.047488527748529505,6.807010827422607e-05
Z_M_1855_GLK_0682,0.0028247708050404274,0.0002822303301110751,4.295909320454775e-05,5.34362607110485e-05,3.388260870854913e-05,0.0046098386451234406,7.89388997925123e-05,0.03364977441771426,0.019022496817409924,0.00015573002261260157,0.0003357849814249743,0.4451575360128508,8.527934598269442e-05,0.0637322097535257,7.778387308702936e-05,3.870452026003452e-05,0.019209103710625453,0.11566778554474506,4.5770527611691984e-05,3.3669877330775946e-05,0.0003138523336659203,0.18828257826808792,0.010642735432092635,0.0678740330294255,6.11626332194601e-05,0.00017033344996367312,0.00028822110918593424,0.012095994798118582,0.015064340933416603,6.906196495126301e-05
Z_M_1855_GLK_0683,0.0002562731853754382,0.00041217496862775533,6.273834171859779e-05,7.803941225414269e-05,4.948285740932392e-05,0.0009286828615057028,0.00011528398996905508,0.12458988326950293,0.02391176481294728,0.0021619713695020405,0.0004903872809490051,0.29803091663985887,0.1084587863482151,0.07759950724698357,0.00011359716525425816,5.652487603884934e-05,0.0029043488324064096,0.19020354932918057,6.684421824897496e-05,4.9172180137588835e-05,0.08751265851365005,0.04476147736315234,6.654895618357942e-05,0.033350269769875984,8.932316529729564e-05,0.0002487584674808106,0.0004209240253866943,0.0021889187715184288,0.000720332269828085,0.00010085951154135346
Z_M_1855_LAU_0756,0.00012335422308496063,0.03278931609534744,3.0198397030882388e-05,3.756339569633083e-05,2.3818018349476735e-05,0.0041716876835137225,5.549065539546743e-05,0.05624526614310685,0.0003356299507060442,0.00010947151584628384,0.00023604241685914776,0.17045774400923175,5.994771668613256e-05,0.00010488630117952483,0.04568196713801006,2.7207615024299906e-05,0.11406944304638016,0.2219160260883868,0.19557769650079657,2.3668477329690006e-05,0.0002206247076953917,0.04296232550677164,3.2032593558761394e-05,0.003016410134371874,4.299470365030803e-05,0.021536627579262044,0.0002026070579850307,0.0010536114968921787,0.08787662408598038,0.000979716745870766
Z_M_1855_PFL_0771,7.020567919566295e-05,0.000642879282590736,1.7187080597258224e-05,2.1378787379982877e-05,1.3555759288176712e-05,0.014563453644206399,3.1581887134646805e-05,0.108326257571489,0.004430736270869243,6.23044913287947e-05,0.020272993002726645,0.053557030998009146,3.411857381875267e-05,0.4743779481780599,3.111978387318831e-05,1.5484910401158225e-05,0.0675711729171083,0.03620705933101873,0.0010782409373830632,1.3470649685933842e-05,0.00012556608978382043,0.06843858391263125,1.823099307789848e-05,0.04411391846605347,2.446995567802443e-05,6.814703278291696e-05,0.00011531154556319653,6.968669426332166e-05,0.10513031072363412,0.0005575948503672083
Z_M_1855_SCH_0790,8.2799462523018e-05,0.016383995224407866,2.0270169765420984e-05,2.5213802141605316e-05,1.59874471127085e-05,0.0015501122112004935,3.7247175871961584e-05,0.14025890184023024,0.003350444722874539,7.348092709731847e-05,0.0001584395309685545,3.610517609534754e-05,0.000665270648378318,0.0013204666673891446,3.6702178627903e-05,1.826265728246381e-05,0.08031739942313544,0.05082744314851726,0.4481693575732367,1.5887070200156776e-05,0.10952864594516651,0.04508856898552038,2.150134355803096e-05,0.0001496197021948687,2.8859476915760118e-05,0.03195699049905879,0.0007610283491527853,8.218737994013119e-05,0.06898622449925225,3.25867621839713e-05
Z_M_1856_BES_0567,0.03147371071993523,0.0013512414269063815,1.0401369360910327e-05,1.2938128891013853e-05,8.203746908966592e-06,0.2211347092356945,1.9112895371797266e-05,0.08480107002445135,0.006850864659183064,0.08406811900136132,0.06615101537231237,1.8526893299584574e-05,2.0648060986747427e-05,0.008375022429231648,1.8833237248469565e-05,9.371240897581096e-06,0.12620640413861056,0.03538250607853692,1.1082081301533492e-05,8.152239824672736e-06,0.01611232916163424,4.4275173978408346e-05,1.103312989930773e-05,0.21111498876451168,1.4808858654729272e-05,0.005814323411162227,0.02316211215940112,0.03179412340593466,0.04598335148874556,1.6721465763441322e-05
Z_M_1856_COR_0659,0.00017759630483543014,0.000285635624603917,4.347742290869172e-05,5.408100432965881e-05,3.4291424659665824e-05,0.004665459379241388,7.989134951904825e-05,0.11985601202012973,0.000483215228038336,0.0001576090077243864,0.0016804650565922167,7.744187781634052e-05,0.0912490536818435,0.3125174733568225,7.872238665695973e-05,3.9171515744317555e-05,0.002012702264705646,0.11304150760050648,4.632277912041262e-05,3.407612653795375e-05,0.02713021134032896,0.22138878936411707,4.611816367578267e-05,0.07807737812373274,6.190060060229938e-05,0.0015130172436231993,0.0029729559035577714,0.0001762834508426327,0.021949245154217988,6.989524296507825e-05
Z_M_1856_COR_0663,0.00016623076514681975,0.00026735594794665134,4.069502056037071e-05,0.010089284703677598,3.209689393274795e-05,0.0018572201933441672,7.477858377441862e-05,0.12724364529491347,0.049390781532373834,0.012695853451920562,0.011611585889396044,0.057794807858209174,8.078486949471568e-05,0.25236279402931383,7.368443042943064e-05,3.6664676329682105e-05,0.021961225776860587,0.06439775631982364,4.3358283969076844e-05,3.1895374134574015e-05,0.0002973113773756951,0.13695003163455538,4.316676319417553e-05,0.012848712014719675,0.0013127722663020963,0.13066399738551143,0.010311695688715277,0.0001650019291980594,0.09708938885194907,6.542219292779964e-05
Z_M_1856_HFE_0570,5.830860469343215e-05,0.2025658106711818,1.4274552997154068e-05,1.7755931948043397e-05,1.125859643705927e-05,0.013856152970963573,0.0017868563635305222,0.06091892413202894,0.06310104181467441,0.09996729183232823,0.022119404858740758,2.5425798382992216e-05,2.8336830528437237e-05,4.957895822521552e-05,0.003987255508462886,1.2860833049958282e-05,0.16615968960545982,0.2479489117519242,1.5208743326817596e-05,1.1187909532386445e-05,0.040598693721036486,0.0027017015580767657,0.014100152380043765,0.004506930284681872,2.0323269981039866e-05,5.659881709135203e-05,0.007138276226165707,0.0013783473311220322,0.046820492064054794,2.29480793295711e-05
Z_M_1857_GLK_0684,0.00010128489464674882,0.0009274742606834954,2.479559584812078e-05,3.0842921146336204e-05,1.9556731977952054e-05,0.008012771181797827,4.5562811268633396e-05,0.02400978312039692,0.0086858907683634,0.0016190329341208849,0.00019381202139529793,0.5321873179618604,0.0008137959532507864,0.08036633798515337,4.489614041395367e-05,2.2339895241588158e-05,0.11277559380059596,0.07058525580641511,2.6418330084644883e-05,1.9433945371578358e-05,0.00018115269762597954,0.05591941170608786,2.630163591259189e-05,0.04070541832131895,3.530251272054392e-05,9.831491006118886e-05,0.00016635858918723543,0.0008651096556931608,0.06145057097658218,3.9861934777229374e-05
Z_M_1857_KEL_0734,0.00012510158412380086,0.00020120615208325303,3.062616919050151e-05,3.8095495955931184e-05,2.4155409938069467e-05,0.0023420622221662357,5.627670233275766e-05,0.16847642677405564,0.006950900978728053,0.00011102222288223857,0.0002393860504407016,0.0935461445553527,0.008560032654081973,0.028437157904961693,0.5052878008915043,2.7593021581645584e-05,0.05146883360536959,0.042798164837876476,3.2630482117015545e-05,2.4003750610979195e-05,0.02005530003704818,0.011462679767310864,3.248634783289786e-05,0.00022606018433399784,4.360374052116802e-05,0.032229657182156354,0.00398291517965239,0.00012417678946450653,0.023016264016066178,4.9235290259850184e-05
Z_M_1857_SEY_0806,0.00014590778451347482,0.00023466964136838124,3.571974348701117e-05,4.4431327179448995e-05,2.8172803508152786e-05,0.0016301608401140127,6.563633078355855e-05,0.1744680868362721,0.00039699510320093963,0.0012309069801566491,0.00027919940828781653,0.07606161482182602,7.090830220130083e-05,0.0001240632663251183,6.467594604163548e-05,3.21821396204402e-05,0.013769197405797616,0.008062151816414528,3.805740260322171e-05,2.799592104442117e-05,0.19961801139230148,0.07504861782706185,3.788929670579969e-05,0.003567917732229244,0.10028009005215476,0.3195534751452392,0.0002396508706234408,0.00014482918314473437,0.02464136084961596,5.742383017774968e-05
Z_M_1857_SEY_0807,0.00014852520295358722,0.018177733320176224,3.636051474942694e-05,0.0011664067476683036,2.8678191316334417e-05,0.0005382256839808744,6.681377133689885e-05,0.1742343092490212,0.0015252951137844997,0.00013180966733102858,0.00028420792570282475,0.05163897043500025,7.218031588006111e-05,0.4900812379943729,6.58361583933312e-05,3.2759450323674356e-05,0.05437862246975762,0.0866892637184771,3.874010879116505e-05,2.849813578391529e-05,0.001386822537558884,0.01697245023310967,3.856898726659695e-05,0.0002683869672242186,5.176796485672889e-05,0.002386526734050967,0.00024394993259638752,0.00014742725271239636,0.09908117126794105,5.845394788195788e-05
Z_M_1857_WID_0837,9.244935394642487e-05,0.00014869019365681954,2.2632563571008304e-05,2.8152353258046625e-05,1.78507095551695e-05,0.00033501800214306786,4.158816060834255e-05,0.13217975325715242,0.0002515420334370964,8.204478665115645e-05,0.00017690491980603665,4.031306608069897e-05,0.01400245418152305,0.007057371151091013,0.022373020640068627,2.0391084865308013e-05,0.04640968853622149,0.025346712090236576,2.4113739340767703e-05,1.7738634181323153e-05,0.14811512150881356,0.06430095716104163,2.4007224930566278e-05,0.0008649334621483474,3.2222914434403216e-05,0.35670451807102166,0.000151846374994401,9.17659359914591e-05,0.18100981329180196,3.638459742750667e-05
Z_M_1857_WID_0838,0.00020733843553823316,0.00033347114735434114,0.020397634076200825,6.313797373452381e-05,4.003422451779461e-05,0.003881641631304961,0.036091588928456805,0.09453916693643492,0.014650437895745196,0.01114001372567573,0.0019618932732489405,0.26459979221676316,0.022012782122842214,0.0001762968551224738,9.190605911769888e-05,4.5731586586861203e-05,0.0649555410694845,0.1241468968933975,5.408047516252943e-05,3.9782870325648165e-05,0.00037083433862767864,0.22090140416242496,5.3841592680059735e-05,0.022286682978204832,7.226712120869158e-05,0.05811159651199359,0.00034054959271793267,0.00020580571731411822,0.03814624895799524,8.160062981813179e-05
Z_M_1858_SCH_0792,0.00010598481929815923,0.00017045985324309275,2.5946186294795385e-05,3.227412572943567e-05,2.0464223337298138e-05,0.0011841198373515381,4.767706315797852e-05,0.1211301508047522,0.0002883701813121556,9.405692432007643e-05,0.00020280548384863213,4.621528265512404e-05,5.150652941927231e-05,9.011734985115035e-05,4.697945676453742e-05,2.337653377216135e-05,0.050804352632886324,0.06746020851803808,0.5344623875613875,2.0335739061986036e-05,0.12739782847662365,0.023311952614294074,2.7522111161434734e-05,0.0009915679534531657,3.694065580565735e-05,0.04170558158993075,0.00017407812956906515,0.00010520134244980679,0.029899826371430915,4.171164879989611e-05
Z_M_1859_REU_0778,7.806644397336745e-05,0.00012555755315744036,1.9111477588190577e-05,0.0006130759305911195,0.0017829837977844658,0.0014615040291411933,0.015357006714190952,0.028523961786777425,0.00964126267551234,6.928057868442334e-05,0.14806453882053908,3.404131646401027e-05,0.00946679332101164,0.09081910400476388,0.010642065584949989,1.721871939869092e-05,0.08102999232979484,0.010795908072775291,2.0362217807658634e-05,1.4978926648668877e-05,0.029604795963055017,0.007152992139203286,0.003556092738517167,0.0007303704869871172,2.7209799062627528e-05,0.11616854919785652,0.00012822270811031192,0.02836405306170385,0.4056601755803049,3.0724023644492125e-05
Z_M_1859_WES_0836,0.0026200065335063648,0.000261771789599791,3.984503969971226e-05,0.030765159790517038,3.142649875530977e-05,0.0005898052844799378,7.321671295778863e-05,0.35925311895326373,0.002900092088567373,0.00014444133873801865,0.018740802564443583,0.18559317813251913,7.909754775471473e-05,0.09965692588965394,7.21454127626224e-05,0.0012645227581092487,0.0006159243054742548,0.08762518340476963,4.245267657492312e-05,3.122918802176176e-05,0.05189330461376237,0.00999859815669047,4.226515601898823e-05,0.0002941072049620229,5.6729026778208115e-05,0.05053156536058955,0.044497788071650404,0.00016155559891344848,0.052059685155105326,6.405574536037697e-05
Z_M_1860_SCH_0579,0.004771286816801012,0.0404529546753478,8.087601408021368e-06,1.0060062844164551e-05,0.0005051420610992244,0.004359203942648136,1.4861262412354525e-05,0.05571256173295026,0.0020849398302449267,2.9318178206320797e-05,0.00031259745055194863,1.4405615562417447e-05,1.605493289536584e-05,0.00027747179852623456,0.016473830223906794,7.286623371247252e-06,0.08641105592495016,0.16342470296847061,0.37856990432274057,6.3387871343490795e-06,0.062404489804079394,0.011007217172526621,8.578827826638617e-06,0.04021013638821449,1.1514651768572112e-05,3.2067461089088e-05,5.4261328035361665e-05,3.279196856354435e-05,0.1327638757833347,1.3001802489663076e-05
Z_M_1860_SEI_0794,0.0036258877987096066,0.0014041378096690284,0.06601596667423143,4.6694246490782155e-05,2.960766456588147e-05,0.000555669823674386,0.001226495511528284,0.2007166155698409,0.002732246898931488,0.00013608167871642256,0.0697443957589644,0.002381896881036843,0.004704584814469321,0.04411600036307573,6.796993828916063e-05,3.3821199037526404e-05,0.09433909549365191,0.0026851816048057632,3.999569337140396e-05,2.9421773351603247e-05,0.14959385334105404,0.05224802334214368,3.981902572024254e-05,0.00027708551113901175,0.059086775834330786,0.10432530738954945,0.037292377274348094,0.00015220543715711542,0.09997740463034574,0.0023753810178000446
Z_M_1861_ULL_0819,0.00019715540597726376,0.0003170933515904994,4.826569433610335e-05,0.09382137520328615,3.806802037114465e-05,0.02452685516583044,8.868997281838228e-05,0.13156776292560943,0.0005364328641104042,0.0001749668605569771,0.00037726343987159046,0.053663878237874586,9.58136343051998e-05,0.1326241319220079,8.739226931120081e-05,0.022367613693626914,0.08111295197190328,0.0004759187167832742,5.142441635789086e-05,3.7829010958017384e-05,0.1774573713225504,0.272559814166262,5.1197266130341835e-05,0.000356262374532035,6.871786016770833e-05,0.00019137420317545897,0.0018120993611004817,0.0001956979642687851,0.0050189897329215956,7.759297140460752e-05
Z_M_1864_SEY_0802,0.005724823515008262,0.0006853766438782716,1.8323227916668205e-05,0.0022827827896865797,1.445185909353201e-05,0.005356208377673425,3.366959925113397e-05,0.34374620265912903,0.00020364736830759086,6.642311289514175e-05,0.08545787279240634,3.2637288104762635e-05,3.637397292315037e-05,0.42098692065327076,3.317694877842422e-05,0.0028414969903981313,0.007628210291670003,0.015435611881690332,1.9522381566620324e-05,1.4361123344027126e-05,0.07019358026585124,0.005727972802523136,1.9436147949805027e-05,0.0001352487885334523,2.608753548701791e-05,0.001202647255644995,0.000122934184128675,0.0006392910051958889,0.031285251721225156,2.9456816468392804e-05
Z_R_1853_BRO_0557,0.0882092647824893,0.07445302160625449,0.00011382411928161467,0.00014158435058619798,8.97751280933904e-05,0.005194651579198127,0.00020915596852009806,0.0014138952174124091,0.3838302809351345,0.0004126212018765054,0.0008896935881934524,0.00020274323886380086,0.00022595557134256984,0.02145397457786527,0.00020609561766789656,0.00010255123193218293,0.05791585503586365,0.06429825860184912,0.0001212732766413269,8.921147649107881e-05,0.0008315809948293094,0.0004845114627956573,0.0036305102616564153,0.0008401671533388215,0.16512137155201662,0.007470859681645756,0.12009593943455399,0.00046151099107751296,0.0013068752529524254,0.00018298610957651865
Z_R_1853_HG_0554,0.001339204422992577,0.002153898934937187,0.0003278511741198285,0.00040780983740215204,0.0002585821119279257,0.1261647066177779,0.0006024384839194628,0.00407248665780753,0.32714165092322095,0.0011884857651940364,0.11376500134621344,0.0005839676979349173,0.0006508269058537215,0.0011387060364703202,0.0005936236595531922,0.0002953815237807134,0.17692615845649295,0.10432582239334237,0.00034930721526469944,0.00025695860857223373,0.022613844963897293,0.001395553534300261,0.0003477642670107088,0.0024199597538510313,0.00046677524168824033,0.00129993483094656,0.03252754308700714,0.0013293045555627509,0.07452939037302148,0.0005270606199363883
Z_R_1853_HLS_0555,0.008349799862826543,0.00043049686394415834,6.552717029089033e-05,8.150840006442704e-05,5.16824566145559e-05,0.06360650981407096,0.00012040856413449372,0.021019299614429974,0.46140996836040354,0.00023754104078853942,0.0005121858497848472,0.00011671683314751385,0.00013007989251300587,0.00022759163380572028,0.00011864675712287144,5.903750523854188e-05,0.11618334062852784,0.04509786553804522,6.981556018500257e-05,5.135796919692849e-05,0.014622467185814619,0.0002789273954490205,6.9507173206488e-05,0.000483674079598506,9.329373558533473e-05,0.0002598162146686764,0.230780479138463,0.0002656863017637993,0.03510142556780005,0.00010534289251491551
Z_R_1853_KLE_0558,0.08125471653678863,0.012617024694354806,9.712130746477136e-05,0.00012080793888209955,7.660132029377136e-05,0.001437635921811784,0.00017846394292297943,0.02516434174578777,0.5760696161613199,0.0033468128158254643,0.006748619101752128,0.00017299223189575167,0.0001927983335715075,0.00033732567643513726,0.0001758526749602433,8.750262940962971e-05,0.049417149893395136,0.0009576542647263502,0.0001034773584217405,0.0030708609738565127,0.0007095528960857346,0.00041341314165550407,0.03903464799896658,0.006706360289318447,0.0001382756120567596,0.03332723397325174,0.06054641806077671,0.00039378781180739083,0.0041098419804200224,0.09299309271178502
Z_R_1853_ON_0556,0.0019504545472872072,0.003136998280410096,0.0004774915632122385,0.000593945583014172,0.00037660617557544294,0.1248558764286398,0.0008774081538618398,0.00593128277065973,0.3439468980516509,0.001730943704568151,0.018455737095570773,0.01557398410489694,0.000947882396611746,0.0016584431239361572,0.000864569998630608,0.00043020186190492456,0.03682801540521492,0.03415520912367922,0.0005087407379456069,0.0003742416601599626,0.003488477764332433,0.031479477593667184,0.000506493545219421,0.032971451287068854,0.000679824436867888,0.0018932612218611215,0.15043835913478523,0.16389428659407312,0.020205811917203255,0.0007676257374910426
Z_R_1853_STE_0559,0.0010437577111700696,0.01743683397415247,0.0002555227456156848,0.00031784144016515673,0.0002015353807541229,0.019540484011833045,0.0004695323598853068,0.0031740407063660025,0.31800221065531953,0.000926289639385407,0.0019972651652977185,0.0004551364805320557,0.0005072456377524554,0.0008874919959313718,0.008341719426675479,0.00023021634179966699,0.0433451546661153,0.11282635579792197,0.00027224529223489157,0.00020027004432189447,0.0018668087250900396,0.0010876754420520724,0.12633595827535873,0.22249968590341362,0.0003637982742072188,0.001013151525281778,0.0017143529732557652,0.0010360418891551212,0.058087193093952834,0.055564184425003195
Z_R_1853_TEI_0117,0.0024827405864774614,0.22611342883450483,0.038458155770415774,0.0058682385316052455,2.9780018848377214e-05,0.0028874135151919084,0.0012336352760782142,0.06683152048511479,0.12848763730052695,0.00013687384724575037,0.0224159626750956,6.725356569209453e-05,0.044316624247754885,0.07231491945414212,0.03616025489395451,0.00119827257448884,0.041332562392955,0.050435246993047134,0.024489572872968907,0.09316995248844005,0.05732432047753961,0.024610065488906735,0.002368559809191492,0.003771461980505357,5.3756910684162566e-05,0.00829949050683879,0.006074595051347815,0.0001530914664774893,0.03768965771908352,0.0012249542648766656
Z_R_1854_HEF_0180,0.01904854492226965,0.0663321445282713,4.371182821846645e-05,5.437257806436349e-05,3.44763043393296e-05,0.12330198561326926,0.0027760350949768663,0.014021542666037763,0.09079220652192847,0.00015845874503187378,0.008428807702538342,7.785939997254556e-05,8.677362216258513e-05,0.00015182170016975096,0.18743120150493112,3.9382706074104935e-05,0.14759205652652457,0.2133923441623176,4.6572524957744105e-05,3.425984545371899e-05,0.0003193516965045526,0.00018606673142097894,4.636680634407896e-05,0.0003226490353128217,6.223433311192617e-05,0.019043309175695515,0.019163262478351702,0.06083077675604128,0.0261111524117101,7.027207799767476e-05
Z_R_1854_HLS_0263,0.0002977451841169143,0.040935702195774616,7.289111843218273e-05,9.066831996467028e-05,5.7490534830579414e-05,0.09323062847142381,0.00013394008728920498,0.03461945726659218,0.5177584569055649,0.00026423592014972874,0.03653136849985888,0.00012983347930663628,0.024868314207697115,0.0002531683980898683,0.01811279187187519,6.567214435141593e-05,0.039335974941757515,0.0029663365252402063,7.766143789306393e-05,5.7129581493466966e-05,0.01401813965883663,0.00031027327634322246,7.731839436357743e-05,0.08145168153386763,0.00010377809234464619,0.007031818723532102,0.08589789604779642,0.0002955441475910343,0.0008369016992203575,0.00011718133440230189
Z_R_1854_KAR_0262,0.09044246596838396,0.09133870355757223,0.00036066592028997485,0.00044862767597164004,0.0002844636918546576,0.16103488412918435,0.0006627367762346202,0.0156012558742015,0.2597950080670689,0.0013074417482445047,0.0028191051139871337,0.0006424172423989402,0.0007159684133490883,0.023494984566857224,0.0006530396728132564,0.0003249463705507068,0.09454439099127794,0.1147678328269486,0.0003842695045872391,0.00028267769144320115,0.024877273131917545,0.0015352350075109559,0.0003825721220676269,0.09163139450298148,0.0005134949495423594,0.0014300457925124697,0.0024197794654692044,0.01258350765327401,0.0041409972577438935,0.0005798143137608038
Z_R_1854_KLE_0561,0.0028459891508753003,0.003048514303248308,8.150062142409781e-05,0.00010137756944249269,6.428100453768349e-05,0.08665099245260556,0.0001497603628873448,0.026143139904722817,0.5035209958794226,0.00029544603180711965,0.005663192402417377,0.00014516870467543377,0.00016178925516738927,0.00028307127415618915,0.00014756908306190556,7.34289813356782e-05,0.07916518956348725,0.0008036281607199918,0.002599910307960088,6.387741735295485e-05,0.000595430636940631,0.0003469210704564878,0.07045257666296866,0.2066738041927217,0.0051421876426305715,0.00283622711124432,0.0005468038953790035,0.0003304522170192099,0.000935751982195234,0.00013102215713671866
Z_R_1854_MIQ_0904,0.054143490511737676,0.005630149547783425,3.502534628312979e-05,4.356757547391486e-05,2.762511995637492e-05,0.09771921643727545,6.436035060789717e-05,0.13867614938111772,0.17751065242324726,0.00012696957877380373,0.19467528083732363,6.238705990071236e-05,6.95298341056813e-05,0.0012016598416367593,6.341863589028949e-05,3.155651396958748e-05,0.13014242759490904,0.0003453636809175284,3.731756095334327e-05,2.7451676114431716e-05,0.00457592317045532,0.005549133183175809,0.037837446160661876,0.008898598792734929,4.986703043054141e-05,0.00013887602422544242,0.08123562081639393,0.03902231550350155,0.0220023123081898,5.6307502253219986e-05
Z_R_1855_CRE_0195,0.00012593407341897068,0.2701853771279228,3.082997123011374e-05,3.8349002678484857e-05,0.11790414422965527,0.004258935039903668,5.665119600993696e-05,0.07833575185577671,0.04502290678664702,0.00011176102097758447,0.00024097904645110904,0.014314570890529623,6.120147300714102e-05,0.000107079910383684,0.14455367605321212,2.7776639521010587e-05,0.08983708428192344,0.006007858282825975,0.0009834913966875064,0.001925451033358881,0.008781032862162811,0.00013123294564391325,3.2702528443235195e-05,0.00022756450328279655,0.19967908661359568,0.0001222412991098736,0.014466501037294504,0.00012500312470767544,0.0022552628468232583,4.956292681515824e-05
Z_R_1855_PAL_0141,0.03506936765417061,0.3164542899494275,2.636810337745775e-05,3.279894293449726e-05,0.010590600998735416,0.06706138464033903,0.02362724589368591,0.07756841349342511,0.08078618222019734,9.558640625096359e-05,0.00020610335187135995,4.696680031597495e-05,5.234408929738826e-05,9.15827694282112e-05,4.7743400841634116e-05,2.375666512633601e-05,0.10773176164215816,0.0002599998631744855,2.8093749510944405e-05,2.066642333293561e-05,0.033528176886704356,0.0017383639490384743,2.796965473173089e-05,0.002633815767459123,3.7541356561910076e-05,0.0009176117723333842,0.2359648442803575,0.00010691204640430243,0.005181117297004308,4.2389931803599805e-05
Z_R_1855_PF_0142,0.05062084525938368,0.20558985265584853,0.00014746639922932824,0.00018343154772419042,0.00011630939877979251,0.2613695134229783,0.00027097488431842014,0.006378925475892407,0.23354280646620276,0.0005345770586272778,0.0011526547334287272,0.0002626667844392935,0.00029273984022010777,0.0005121862974253181,0.004814144135267387,0.00013286165537687957,0.13869355833598215,0.02418974730984715,0.0001571172572378281,0.00011557915221397385,0.0010773661658792962,0.0006277154723862727,0.0456277645488856,0.014729892472762053,0.0002099539961263209,0.0005847064884459135,0.005536515562511395,0.0005979168957202937,0.0016931401623060097,0.00023707016455334977
Z_R_1855_PF_0143,0.00013615979054248597,0.24073239808210103,3.333333315724225e-05,0.003124968114403855,2.629059880153575e-05,0.13102846988052058,0.01959011755864568,0.016859419598600257,0.19977047586763735,0.04431774394214851,0.0002605462969561045,5.9373250318810204e-05,6.617096961376161e-05,0.0001157746888774445,6.035499267931753e-05,3.003207405649765e-05,0.04162866922687438,0.00032867976645759473,0.020592216229517412,0.08739210654563098,0.06808064272277728,0.00014188892573736877,3.535794008843543e-05,0.0053852178603329874,0.0010752931122695838,0.00013216716676087812,0.0845061157683206,0.00013515324975416377,0.014772408717128893,0.01958245372928904
Z_R_1855_SAC_0566,0.01900632195298974,0.00010348196882200582,1.5751289175281328e-05,1.9592824990457335e-05,0.026239781889476732,0.10757105148112434,2.8943568056478166e-05,0.022051790777719436,0.1026560375505496,5.7099636804822324e-05,0.017608023912445314,2.8056157199651486e-05,3.126834248703567e-05,5.4708018399613476e-05,2.852006843658143e-05,0.01215648694836196,0.09932461565774524,0.22745908812948776,1.6782123698100736e-05,1.2345325163361637e-05,0.00011507642496945105,0.0020098153064435076,0.10638321772879984,0.18030793177665203,2.242576019876037e-05,6.245409822377495e-05,0.00010567853505640068,0.041833362111315005,0.03126512574603875,0.003425164889168932
Z_R_1855_SCH_0265,0.08639648697113335,0.030149222977019673,8.719814601719745e-05,0.00010846464663275919,6.877474455859469e-05,0.19219266535419668,0.000160229772024511,0.0064606727086850045,0.3316865396979634,0.00300485938899076,0.07865559698059858,0.00015531712134495563,0.00017309957702884836,0.03525673223882137,0.0001578853047696062,7.856223577835635e-05,0.05512309607622253,0.019681123733605827,9.290478108941968e-05,6.834294350420135e-05,0.008703334024303767,0.00037117353990092153,9.249440516958455e-05,0.1081940091790605,0.00012414759773612214,0.00034574195900329235,0.0005850297222142745,0.0003535533860705978,0.04133255916597543,0.00014018162057986117
Z_R_1855_SCH_0266,0.0006371355116869389,0.00583430322673503,0.00015597740120453472,0.00019401827306063762,0.0001230221789651313,0.13697684889546646,0.00028661416070760557,0.0019375129188733376,0.602929973659851,0.0005654300965101745,0.0012191800352209469,0.0002778265600415132,0.0003096352779018834,0.000541747055752925,0.00028242044872711164,0.00014052974666582002,0.1274599517780569,0.035204997731801434,0.00016618525709188726,0.00012224978632402667,0.025187402805747418,0.0006639439803939784,0.0001654511890822282,0.010770454772230199,0.00022207146074926007,0.0006184527391449643,0.005856054760149337,0.019870710868690723,0.021029144788238183,0.0002507526349284371
Z_R_1855_SCH_0267,0.0008081590495518138,0.0012997962717295696,0.0001978457423841673,0.00024609776142789044,0.00015604449195276548,0.1310408670802828,0.00036354876389210327,0.03906109402087127,0.11810998252030533,0.0007172060589964139,0.0015464392745712114,0.0003524023454742274,0.00039274934030023495,0.0006871658817377336,0.006458813162618646,0.00017825154055297726,0.009158881716500656,0.09345959394328897,0.00021079364900774005,0.00015506476928581949,0.007546013481636876,0.0008421635999069762,0.00020986253828779016,0.5444123130344563,0.0002816811453132256,0.0007844613409426387,0.0013273864754585341,0.0008021848552350872,0.03887507506063555,0.0003180610833946912
Z_R_1855_VIL_0112,9.33615210215967e-05,0.5491597510380262,2.2855871560030822e-05,0.0007331921177458081,0.01622755271161696,0.0010430855080856413,4.19984971786324e-05,0.06441725152125366,0.014349263806487673,8.285429531593363e-05,0.010750080300407179,4.071082171671293e-05,0.0014548958448483067,7.938394298592614e-05,0.030346149745415316,2.059227692828281e-05,0.08985807919004181,0.08691109320871374,2.435166159924742e-05,0.011998867563031295,0.00016698137907447317,0.0029163378306548264,2.4244096246731424e-05,0.006511563429930763,0.03949921254297634,9.062387411693585e-05,0.04384858825589892,9.267136000861604e-05,0.028452900200377655,0.0007415055867347571
Z_R_1855_VIL_0113,0.00012043836240445736,0.4675009554318543,2.9484564003407282e-05,3.667546802107258e-05,0.05093610707313519,0.001345602653716357,5.417896118543979e-05,0.11582932522804075,0.002146012438325097,0.00010688381612503946,0.00023046282027106412,0.010053256631267478,5.853066597153602e-05,0.00010240698726643602,0.014599915381825318,2.6564478430549198e-05,0.09228073749132489,0.060295162183957654,0.0009405722378394259,2.310899926167532e-05,0.031126784026298367,0.00012550599403135914,3.127540359220302e-05,0.0002176336822329382,0.12005084397831979,0.006481013247707988,0.0001978178100841777,0.0010287061125487653,0.0239766378498229,4.7400021134315306e-05
Z_R_1855_WEN_0264,0.02488857027084336,0.02337898696240392,1.6769383218277435e-05,2.0859219009783285e-05,1.322631386009923e-05,0.45786828377154265,3.0814352974045175e-05,0.0012424747709479731,0.016216006740673024,0.048149677479764855,0.02443406201265247,2.9869583783118253e-05,3.328939059720374e-05,5.824410405056928e-05,3.036348020167628e-05,1.5108580840607492e-05,0.12487665979661408,0.046185900650010346,1.7866846350051855e-05,1.3143272675327365e-05,0.00012251445886286372,7.138169348067973e-05,1.778792550852489e-05,0.1552492219286703,2.3875262687981814e-05,6.649085639986775e-05,0.00011250913068677739,0.04195186257330346,0.03483722036517445,2.6958822211646967e-05
Z_R_1856_HLS_0270,0.0002504589118341305,0.059012961189639127,0.034093007725169565,7.62688700525318e-05,4.836020047523288e-05,0.04817385306453243,0.00011266845041648159,0.0007616391935849682,0.4582186673104927,0.12122384572921759,0.0004792614747573094,0.00010921403159961958,0.00012171808562896354,0.00021296156874691933,0.00011101989603532766,5.524245122839987e-05,0.014182353153649204,0.02707368386067288,6.532767031601413e-05,4.805657178580769e-05,0.00044795729591723984,0.043745938132541275,6.50391070958843e-05,0.06473466885927416,8.729661961771907e-05,0.03616545706320135,0.019317870175142412,0.002139257030752744,0.06876737507502108,9.857123160100387e-05
Z_R_1856_JB_0851,0.07084788064872057,0.006763419860245405,5.2062367766795056e-05,6.475970626229227e-05,4.10625249253668e-05,0.2913382476227663,9.566649865106766e-05,0.0006467059289122687,0.32485848781260585,0.00018873009425464957,0.029303164694940115,0.0016980791924546888,0.00010335052121148546,0.006602208462494232,9.42667152609714e-05,4.69062267776632e-05,0.11638967958044003,0.0005133554090765074,0.0032661612253221148,4.080471456674424e-05,0.005196396912856362,0.00022161220418394893,5.522454270254942e-05,0.000384286666119386,7.41233407580408e-05,0.006627811398994776,0.04690432592316737,0.07726769189043772,0.010229830727611028,8.369658551381001e-05
Z_R_1856_KPK_0269,0.0033394559415039307,0.10424302664270747,2.110106645732444e-05,2.6247343795780653e-05,1.664279026334121e-05,0.14215459032095112,0.0006894264663082152,0.05166365876879018,0.012596917984694693,0.08401066387594837,0.2779935462946874,0.0013388901421722986,4.188834104225229e-05,7.328908250953712e-05,3.820664154856374e-05,1.90112638159548e-05,0.08621230846353685,0.07438244838115125,2.2482014234389684e-05,1.6538298790055763e-05,0.01446851577527386,8.982023002077396e-05,0.054677191655360224,0.0021077102417998124,3.0042458813636255e-05,8.366604552091246e-05,0.00014157125594756108,0.05669232274196174,0.03277489694076241,3.3922529630018836e-05
Z_R_1856_ON_0568,0.013555956657050871,0.04702813759987401,5.405836219498233e-05,0.003401027347349127,4.2636801595330454e-05,0.07747724920073079,9.933421117476704e-05,0.02734177847618879,0.12895153022994668,0.00019596572783648982,0.040427959377949185,9.628862062149479e-05,0.0001073128278321218,0.0001877577029223223,9.78807621530995e-05,4.870454236167353e-05,0.10584985648781382,0.1422188927989865,0.010058950730461726,4.2369107167630503e-05,0.0020618342603828015,0.0002301084893846305,0.04839722208683945,0.20876057273909263,7.696512036772727e-05,0.00021434221826363797,0.09204177167367276,0.016888109148066825,0.033958521302503986,8.690538921425201e-05
Z_R_1856_ON_0571,0.00012545701370263618,0.004936990675993091,3.0713182048835475e-05,3.820373012560996e-05,2.422403854290301e-05,0.13114650642577563,5.643659163190976e-05,0.0060637670400821506,0.4852271494010443,0.008634720819957167,0.020127960237224244,5.470624366517934e-05,0.0038491399286314544,0.00010667427344773886,5.561081662525741e-05,2.7671416880220326e-05,0.02699195620341988,0.003143971769609148,3.272318948437044e-05,2.4071948332294105e-05,0.019165237131668286,0.00013073581289720743,0.0009796212200029687,0.08072532126625401,4.372762431718572e-05,0.010539246545624381,0.08354580739214396,0.0001245295915835973,0.02971095418198665,0.08433616428729769
Z_R_1856_ON_0854,0.002009632092342129,0.0032321760210728447,0.0004919788418492302,0.015782159433043327,0.00038803255254694165,0.2803459851056911,0.0009040290564760185,0.006111240183090789,0.30887179998203323,0.0017834612057870767,0.0038454979830518346,0.0008763114924894995,0.000976641514997907,0.0017087609295083298,0.0008908013866515475,0.0004432543527209749,0.022775198319752547,0.18689342448775065,0.0005241761286256529,0.0003855962968195801,0.003594319528427373,0.0020941904917281115,0.0005218607552033386,0.14016317104648698,0.0007004505731180973,0.0019507034993103715,0.003300783999760621,0.0019947761891242663,0.005648670751391499,0.0007909157991481444
Z_R_1856_ON_0857,0.00026875101584415033,0.00043224358944131934,6.579304442073941e-05,8.183911745762925e-05,5.189215631805077e-05,0.04966346718051402,0.004178361046911898,0.008932192876321252,0.11839768866708886,0.00023850485499328432,0.07151988278939922,0.00011719040748796037,0.00013060768698481393,0.020515834725508723,0.00011912816206023442,5.927704778652735e-05,0.2444648641175287,0.13657378691161942,7.00988343021621e-05,5.156635230443081e-05,0.004538137495550376,0.016509914850781533,6.97891960546059e-05,0.27436445180231583,9.367227155230856e-05,0.0002608704095879604,0.008556346492730127,0.032726475749322866,0.006841600830309425,0.00010577031750151046
Z_R_1856_ON_0858,0.0006371355116869389,0.0010247319053550974,0.00015597740120453472,0.00019401827306063762,0.0001230221789651313,0.03597585114648789,0.00028661416070760557,0.0019375129188733376,0.26145040984187573,0.0005654300965101745,0.0012191800352209469,0.26961382055731775,0.0003096352779018834,0.000541747055752925,0.00028242044872711164,0.00014052974666582002,0.08417380988563751,0.14582513812353987,0.00016618525709188726,0.00012224978632402667,0.0011395461988477535,0.0054735153017739105,0.0001654511890822282,0.1839150223419078,0.00022207146074926007,0.0006184527391449643,0.001046483438769404,0.0006324255831709918,0.0017908595027184523,0.0002507526349284371
Z_R_1856_ON_0859,0.013657617534763874,0.002569515281058261,0.0003911133378402265,0.00048650082507296146,0.0003084781171622145,0.0540294470814943,0.0007186850159122132,0.016918313919298236,0.3782069048235231,0.013477816204222228,0.0030570939720821963,0.0006966501069986106,0.0007764104679144439,0.001358430757304358,0.0007081692830049782,0.00035237834365657047,0.15076582951164713,0.02797653167969261,0.00041670953676047355,0.00030654134259325294,0.0028574121251709237,0.0016648395492260915,0.0004148688612059232,0.0028869151965329088,0.0005568441939791263,0.0015507702605342907,0.0026240572516970525,0.0015858071673165379,0.00449058025266508,0.3141887679996698
Z_R_1856_ON_0860,0.0011139742457712913,0.0017916517451104176,0.00027271248372914955,0.0003392235331951956,0.0002150932360730825,0.16380979046853206,0.0005011191303028601,0.0033875674058089153,0.33939511917114074,0.01780681115339529,0.002131626844340769,0.0004857547994115701,0.0005413694870839605,0.0009471960937059065,0.0004937868013794831,0.0002457036465225435,0.09671572803498414,0.06996188183399092,0.00029056000337681113,0.00021374277687871788,0.01040149792475657,0.0011608464466774018,0.00028927655136008133,0.0020129659037185126,0.00038827201350069904,0.0010813090951563797,0.04387520082107451,0.0011057393585770473,0.003131157072913841,0.23589332191753112
Z_R_1856_RAU_0268,0.45926863863528616,0.1325585197103251,2.1365191441503688e-05,2.657588544929511e-05,1.6851110384217268e-05,0.19729649951183262,3.925931811964223e-05,0.041769591249685045,0.00023745625117134082,0.011935792778139121,0.015319324935259868,3.805562598800868e-05,4.241266323409295e-05,7.420645215042672e-05,3.8684879395687046e-05,1.924923044976319e-05,0.043152054644877674,0.06609034870234018,2.276342473399572e-05,1.674531097662508e-05,0.002791277886822203,9.094452233468108e-05,2.2662874888721126e-05,0.015310028647541916,3.041850444976111e-05,8.471330505133685e-05,0.010025295250636161,8.662725210580071e-05,0.0035392891022767384,3.4347142652302306e-05
Z_R_1856_SAC_0569,0.0002703967031486201,0.03309336774329422,6.619592579250106e-05,8.234025638797338e-05,5.220991609501736e-05,0.04180296032727404,0.00012163742674749116,0.02735728233793133,0.13749308620598943,0.00023996533100556654,0.004599722768595152,0.18178068814231674,0.00013140745851930263,0.0002299143826220126,0.059313347791741945,5.964002868422676e-05,0.10308099773468946,0.2231385946268476,7.052808202540083e-05,5.18821170320865e-05,0.0004836169536966198,0.0002817740654551937,0.008234835879113589,0.029064778007904944,9.424587038165728e-05,0.00026246784027979345,0.0004441216453210585,0.12069653297422789,0.027295043458593446,0.00010641799828573089
Z_R_1856_SCH_0853,0.0004102345140166479,0.022337077764025968,0.00010042967658685873,0.0001249231764662469,7.921069046584162e-05,0.023163888279180454,0.0001845431917879776,0.03531181035774926,0.16834092567993028,0.02204134561461307,0.03484929502777325,0.052823708675190845,0.00019936587338566458,0.003445570767165352,0.12095526178413953,9.048334501979878e-05,0.07587454502253599,0.10627992325345675,0.00010700224195527232,7.871336750402044e-05,0.013120740631092365,0.0004274957699501686,0.00010652959519854026,0.2918362059637,0.00014298587365854304,0.00039820517649950387,0.0006738026951179869,0.0035039562455208167,0.02283036683175812,0.0001614529145548647
Z_R_1857_DNT_0574,0.0005343380359431523,0.24690776272449794,0.00013081150976889853,0.00016271474601974937,0.00010317338820375596,0.1713466835803257,0.00024037091779817126,0.009692067890745356,0.15876347061505935,0.11744801435310058,0.029257531841676898,0.00023300113665359161,0.0002596777345132499,0.004487919600922608,0.0002368538326854057,0.0001178562290872577,0.0060556630165122475,0.1101965059668271,0.00013937239762711412,0.03237116356121478,0.013056427409794492,0.00862398062713723,0.00013875676649160987,0.0009655557581304385,0.00018624174292468493,0.0045522493446860015,0.0008776404627620797,0.0005303880223173533,0.08217351138159654,0.00021029540497668366
Z_R_1857_HAN_0271,0.0011295361227935882,0.07162016999730496,1.7177976878835235e-05,2.136746338231899e-05,1.354857902187895e-05,0.0982457824209021,3.156515872017795e-05,0.12521876099265056,0.29363575248348817,0.006948161087312671,0.06422601138845946,3.059736979757227e-05,3.4100501762403e-05,0.03448911123649866,3.1103300227338e-05,1.547670829473883e-05,0.018274786746377922,0.07644385099327228,1.830218019970917e-05,1.3463514500814907e-05,0.00012549957945832336,0.0011324885713665876,1.8221336415930002e-05,0.048857706374261414,2.4456994338543e-05,0.07263479361948284,0.04407900712891593,6.964978234923524e-05,0.03780478036852575,0.004794770023039249
Z_R_1857_HAN_0272,5.575628891308007e-05,0.03965331787379978,0.0004345395353264074,1.69787096916694e-05,1.0765779064700524e-05,0.14120013794726424,2.5081857246791435e-05,0.07677149993190747,0.3486484726962733,4.948128497452628e-05,0.06492372314763738,0.02064791381996728,2.7096455456813553e-05,0.022354568997767117,0.011388739887973008,1.2297881710023724e-05,0.016204810255455945,0.14618335767647037,1.454301798839712e-05,1.0698186305449446e-05,0.0009415023215239537,0.0004789921373678267,0.0016980380421846057,0.008097658836775833,1.9433668815762685e-05,0.015627044527041292,0.0430223398958833,0.021520724723875888,0.019938541031747897,2.1943583589884276e-05
Z_R_1857_PRH_0573,0.0008496247032295573,0.05908886305928423,0.00020799696576014455,0.0002587247369618476,0.0001640509442287391,0.16983240047702897,0.00038220200689777375,0.04747886835679421,0.24602841042511328,0.0007540050258265413,0.001625785184795928,0.00037048367936606786,0.013240095457776614,0.0071360208380480145,0.00037660966236274156,0.00018739740936703437,0.1250735644070005,0.002050931834732503,0.0002216092136568894,0.00016302095318846937,0.0015195929017501038,0.0008853739855273694,0.00022063032878323738,0.02077607479615176,0.000296133860809743,0.0008247110941380586,0.2707665802539599,0.020084135923144775,0.008801721105238422,0.0003343804090765928
Z_R_1857_RIE_0572,0.006359938971099006,0.010273520518457084,7.892739306717787e-06,0.009014619756516976,6.225145309626641e-06,0.0015770702673602666,1.450319619771354e-05,0.23397952272060957,0.041461136165331376,2.8611788076113557e-05,0.020261654143277692,1.4058527671033472e-05,0.004639755661124867,2.7413383273598436e-05,1.4290986767796873e-05,0.002927587410288335,0.03930506360116042,0.03195969233598696,0.000495155333707642,0.002926662411151276,0.052626237409371,3.3596769218141496e-05,8.372130150444731e-06,0.0010317505979883243,1.1237218556151734e-05,0.043838440084575804,0.41841119114127073,3.200188117201741e-05,0.07870010916705122,1.2688537972032788e-05
Z_R_1857_RSZ_0126,0.0011486468081183254,0.2882722986977418,3.2893810796734065e-05,4.091618603644331e-05,2.59439396183717e-05,0.09075804132117953,0.04570315048572478,0.013594269713177579,0.009494128604413796,0.05691905564106795,0.05604264148612711,5.859037418073947e-05,6.52984609862997e-05,0.0001142481219331046,5.955917160958738e-05,0.11261497979055958,0.13135089873786276,0.05915272369740857,0.021334976419285948,2.578105103835254e-05,0.013425987858832585,0.008254277031153901,3.489172192726124e-05,0.000242798271174691,4.683227542470521e-05,0.005201836332806628,0.002249255877102895,0.00013337116348388043,0.08354882614940248,5.2880799823703824e-05
Z_R_1858_BEC_0273,0.0262800307717799,0.05324147865258845,1.134366780002407e-05,0.003162153549168798,8.946954619314341e-06,0.16211725341972677,2.0844403104180358e-05,0.009934820763715171,0.031256725873976335,4.112166973814469e-05,0.061300619719678456,0.0014193356717993907,2.2518645038079936e-05,3.9399288516442054e-05,2.0539409719316086e-05,0.0007097853956262314,0.3146298984795802,0.05642684996712085,0.001760998996520081,8.890781318155253e-06,0.004630048707304984,4.8286225397093105e-05,1.2032661857256288e-05,0.1427950273377684,1.6150447815849703e-05,4.4977813251779294e-05,0.0004258895154354733,0.10777903163932225,0.020417632886793203,0.0014173666839193918
Z_R_1858_NIE_0578,0.15454112975107015,0.002175895735309329,0.0003311993705982749,0.0004119746157200318,0.00026122289465158266,0.045752770708305,0.0006085909170036357,0.014326627040125705,0.5960088989964638,0.011413173144458588,0.00258878310058304,0.0005899314971953631,0.0006574735081119191,0.011362885037770823,0.0005996860708035847,0.0002983981223345415,0.015332227134809525,0.033903405697840276,0.00035287453263418885,0.0002595828111868432,0.05348243971144096,0.0014098056944200834,0.00035131582694414727,0.012657223622686467,0.00047154220714030033,0.0013132104802861418,0.0022220825169888036,0.0013428801446807913,0.03444032585561346,0.0005324432528225947
Z_R_1858_PAL_0140,0.004290989035861658,0.05385392892657611,0.0001228810984185086,0.00015285020985629906,9.691853027638581e-05,0.0965450719989507,0.0002257984978469149,0.08488539086481074,0.5924567554839563,0.00044545344903485645,0.04263998249979221,0.00021887550763183465,0.00024393484417534596,0.0004267956304042912,0.02295676520228673,0.00011071122802031058,0.017055675416185228,0.012578791211931837,0.00013092298483441877,9.631002894596007e-05,0.0008977498505019143,0.0005230640142041093,0.00013034467616505899,0.008485109398271197,0.0001749508891258437,0.0004872254013670485,0.03871488469953069,0.004287278490711894,0.005199908342087515,0.011564681588238122
Z_R_1858_SAC_0575,0.020756020430516168,0.0014117595159489013,0.00021488799096889186,0.026771626141695076,0.00016948601963028448,0.23509375983910616,0.00039486451692401876,0.0026692857772838735,0.22767510332402555,0.033909397707565535,0.11432304954520191,0.00038275795637107517,0.00042658040387645477,0.0007463577128804849,0.00038908689570946354,0.00019360596278166124,0.003321736848294029,0.11476228147888973,0.0002289512182492127,0.00016842190456230435,0.03470034982538186,0.0009147067906052753,0.0002279399025162155,0.10097738396038923,0.00030594489768014067,0.0008520341126199364,0.0014417263142145285,0.0008712843139804359,0.07535415012227593,0.0003454585698557034
Z_R_1858_SAC_0576,0.0006251094772293191,0.02459933940298481,0.0001530333028658168,0.00019035614719504693,0.00012070011570519943,0.0730471203764397,0.0002812042726861621,0.12458947932786771,0.22820275226262696,0.0005547575132068164,0.03422769708371757,0.0002725825393849737,0.00030379086261967205,0.0005315214936232161,0.0002770897176885355,0.0001378772252716678,0.025959537049441147,0.01566533820087904,0.0001630484838443188,0.00011994230209845461,0.10021262488115197,0.0006514119318113993,0.00016232827148548516,0.001129580929299391,0.0002178798264892994,0.02891951871604535,0.13315284796174012,0.0006204884493657242,0.09141406475212678,0.11349697712310836
Z_R_1858_SAC_0577,0.0003162246028746731,0.017218281992292712,7.74150723803372e-05,9.629560780027032e-05,6.105865859685545e-05,0.2565653999086394,0.00014225301758498464,0.02960680464443087,0.2753766513598842,0.0002806356017559011,0.0006051063163151846,0.00013789153485504118,0.000153678912875638,0.0002688811789981789,0.021624051824816727,6.974805597292269e-05,0.058487028878009654,0.11056984204717887,8.248145953812293e-05,6.0675302855860986e-05,0.0005655822624513134,0.0003295302454186209,8.211712516877845e-05,0.1437972902254286,0.00011021903221074673,0.0003069519250544692,0.04826134922293304,0.033733256222669324,0.0008888436206483802,0.00012445414036030793
Z_R_1859_DEU_0274,0.014707475841034807,0.041474462130629455,3.931372016913635e-05,4.890182831551906e-05,3.1007437494682236e-05,0.31212777898855404,7.224039395165336e-05,0.058675894975982114,0.11923651960952858,0.0001425152645046281,0.08880085636329264,0.0024945067346729324,7.804280989375473e-05,0.0001365460123572363,7.118337916619161e-05,3.542017685379316e-05,0.2188110222185567,0.00887333305142209,4.1886585127669724e-05,3.08127578300732e-05,0.0002872198154049071,0.00016734544653018975,4.170156509211337e-05,0.00029018538926659155,5.597256524359849e-05,0.0001558794911110119,0.018447372829566495,0.10441209436744502,0.010149306666381103,6.320158462137257e-05
Z_R_1859_H_0275,0.052789422476067084,0.00039980009976611547,6.085472720908699e-05,7.56964085149791e-05,0.001924455912066366,0.10973540502643685,0.00011182277964261704,0.0589261420088774,0.2934039059071954,0.03962623567521614,0.0699046359421484,0.000108394289122659,0.0001208044897883652,0.00021136311439718885,0.00011018659903827564,5.4827810516578545e-05,0.14730447011794867,0.000600051528977612,6.483733161599034e-05,4.76958670978391e-05,0.019209181955123906,0.00025903835746056967,6.455093430371469e-05,0.0004491854911696872,8.664138561392313e-05,0.0640408855466915,0.11487226689184561,0.00024674142565980615,0.025092668528265326,9.783137222244078e-05
Z_R_1859_ON_0276,0.026881910395098234,0.11417164404593635,2.4814568409401788e-05,3.086652087005805e-05,1.9571695977937397e-05,0.062345156739122075,4.559767404161227e-05,0.04315711726855862,0.07296585205512407,8.995472230100511e-05,0.18612747929982304,4.419964768523448e-05,4.926012182614207e-05,8.618696857209933e-05,4.493049307805184e-05,2.2356988802641435e-05,0.15418044478006954,0.003305315455087829,2.6438544294843453e-05,1.9448815420346392e-05,0.009363193480081352,0.00010562737418539518,2.6321760833251145e-05,0.00018316315938520127,3.5329524738729194e-05,0.0031590241938605043,0.19222127297600516,0.05519202611894318,0.07603560217639196,3.989243547602173e-05
Z_R_1860_BCH_0580,0.011786907391971914,0.11725187333307625,0.0001792551991622016,0.00022297322503139568,0.00014138179647476707,0.19611044131289027,0.0003293879630227831,0.018808694315923795,0.3999609993323114,0.0006498139075244926,0.0014011283579570054,0.0003192889160108851,0.0003558447119859572,0.0006225964506690576,0.0224339421426225,0.00016150216334071693,0.002770925437110947,0.007294870157723872,0.00019098645783157116,0.00014049413328995052,0.0013096101053839402,0.0007630298332897686,0.00019014283878000427,0.20030749574838763,0.000255213021998294,0.0007107495577674533,0.012257345696682354,0.0007268076849025726,0.0020581242818013077,0.0002881745250749634
Z_R_1860_BRE_0582,0.006228585602829198,0.0024120416932937407,6.448482025975948e-05,8.021183433501398e-05,5.086033641583597e-05,0.12224649613116798,0.006083671620800029,0.006766192991622063,0.5276407880315378,0.026082868897282684,0.0005040384365195097,0.014033609831831058,0.0717101516472813,0.00022397130126992795,0.0001167594262579555,5.809838723374933e-05,0.024857519487979412,0.000635845673250134,6.870499412501245e-05,5.054101066577888e-05,0.012401472713267806,0.0002744904576407972,0.019952329555520513,0.060127764335577844,9.180969884515511e-05,0.00025568328113521286,0.050142461604677946,0.02213378083901908,0.02460109817023845,0.00010366718811924437
Z_R_1860_HAN_0277,0.004840991547446479,0.1108464693798017,0.004186173095691969,2.401308681796078e-05,1.522610328100968e-05,0.019334300425378124,3.547341503332355e-05,0.09667303635395236,0.366898960830638,6.998166607092334e-05,0.00015089442644062294,0.016701858674017935,3.832267287441294e-05,0.032211462457422034,0.011940292139286459,1.739296486850856e-05,0.023513823280453955,0.0948377889294204,2.0568274026258394e-05,1.51305064526501e-05,0.0025221059278419436,0.017940181099744833,2.0477420527934958e-05,0.018000501261817514,2.7485149633801337e-05,0.055436364748082965,0.09239588796450124,7.827350586631695e-05,0.03117552775606663,3.1034936541709664e-05
Z_R_1860_HLS_0585,0.0005639073862772037,0.0009069560239291521,0.00013805039433240405,0.00017171910095226264,0.00010888282652881003,0.12974722160464836,0.00025367263206963625,0.005971619175392654,0.46978133877347394,0.004757234442596851,0.0010790555767994981,0.0002458950198782461,0.00027404785490384094,0.0004794822461302546,0.00024996091749975095,0.00012437819064064056,0.006390773020283829,0.009874813402585347,0.00014708502703980166,0.0001081992075695217,0.0010085743248448922,0.0005876346675876653,0.0001464353279332795,0.3202783224951871,0.00019654804150895836,0.021831327523410007,0.009439789834851295,0.0005597387856729962,0.010098612256344373,0.004478723919127405
Z_R_1860_SAC_0584,0.0760736396944737,0.03626134487446048,0.00016303453732034826,0.00020279655344850313,0.00012858826902379593,0.2437178821515992,0.0002995819055809855,0.05229695975308693,0.16268170409842211,0.0005910127586409363,0.03646459073341613,0.0002903967133820614,0.00032364460416028126,0.0005662581880276335,0.00029519845075282064,0.00014688795973311566,0.02262890050586468,0.07701526185539537,0.00017370424362892427,0.00012778092978170272,0.001191104518023626,0.0006939838644203262,0.00017293696300113963,0.282725397813074,0.00023211899657074746,0.0006464343898689723,0.0010938311700003922,0.0006610394297224413,0.0018718862359335382,0.00026209783918509986
Z_R_1861_HW_0587,0.00026551901437399595,0.03850939942119216,6.500181683923298e-05,0.0020851893405380204,5.126810090757121e-05,0.18335662019648777,0.00011944320801585853,0.07496781015425868,0.15305185686576506,0.00023563659405088003,0.06665111537062153,0.0001157810748828374,0.00012903699808891343,0.06636880284257463,0.00011769552600598133,5.856418162306113e-05,0.08518684324091355,0.02669729093365931,6.92558252634462e-05,0.02410295926510643,0.06862226329132744,0.0002766911403305645,6.894991072747552e-05,0.2049219072269496,9.254576820340465e-05,0.0002577331803400643,0.00043611013061424086,0.0002635562049647148,0.0027506548524004856,0.00010449832297308114
Z_R_1861_HW_0588,0.001152748574973813,0.04536301955902886,0.0002822048428764923,0.00035103095603219856,0.00022258003029331953,0.22172235782895433,0.0005185616862702032,0.012207280241823742,0.3164013100958547,0.0010230142976549003,0.019609424985697062,0.0005026625659740263,0.0005602130454445579,0.0009801653416899715,0.009212775224579604,0.0002542559035542389,0.03046772346279867,0.00278265067019543,0.0003006735847874997,0.00022118256538982328,0.002061743903366079,0.0012012522661547474,0.00029934545939416243,0.20222445657664934,0.00040178667681428247,0.0011189464417866377,0.0018933684760109027,0.10556584007562514,0.0206437460671805,0.0004536785931447403
Z_R_1862_LAA_0590,0.1076472143839174,0.10793511419945595,0.00011585728290705504,0.0001441133765374662,9.137872077709162e-05,0.11960633217596188,0.0002128919807987145,0.13362036958822382,0.1906283218232544,0.011137387704683453,0.140231735250167,0.00020636470486910322,0.00022999166361825605,0.021837192484651075,0.00020977696495922337,0.00010438303555890594,0.05895036697005101,0.0011423983466840547,0.00012343949955050728,9.080500104561307e-05,0.06515081173451455,0.0004931659649212376,0.0001228942466843144,0.018717501373701286,0.00016495079322338387,0.00045937586733992914,0.0007773095774564667,0.018332081531294526,0.001330219085912091,0.00018625466728028047
Z_R_1862_SAC_0589,0.03345976275848112,0.00039316035722753443,5.984407283166114e-05,0.007455619727384085,4.720009553335812e-05,0.20755889335878858,0.00010996566538174065,0.046875746222908646,0.11691870909262357,0.0002169393746495137,0.00046776454960289685,0.00010659411405304795,0.00011879821037480672,0.000207852868495372,0.0001083566579020828,5.3917249098516986e-05,0.04336685683792639,0.11130779296135174,6.376053551446205e-05,4.6903750542917544e-05,0.0004372113215905083,0.00025473633752070153,6.347889459023723e-05,0.30122482926851013,8.520247528348823e-05,0.00023728264786126955,0.057605654354774743,0.06298267752860265,0.008068282088150892,9.620662244340596e-05
Z_R_1863_BAU_0203,0.33116487153996826,0.14301118286815526,1.3592510052571889e-05,1.6907547545949776e-05,1.0720656911574635e-05,0.13683619997521382,2.4976732722447237e-05,0.06219945502360768,0.00015106939200285136,4.927389616373348e-05,0.04201882016057023,2.421094518226879e-05,2.6982887232447884e-05,4.721005892139953e-05,2.461127547151057e-05,1.224633812006996e-05,0.06224072511832786,0.08856956246165457,1.4482064453995079e-05,1.0653347450988226e-05,9.93047264769908e-05,5.7858799788666895e-05,1.4418094758875732e-05,0.05458667861764774,1.9352217304001884e-05,5.38945065692257e-05,0.0013485721305790182,0.07130649104329669,0.0060238234514705,2.1851612378797473e-05
Z_R_1863_DNT_0592,0.01095826422942714,0.4541998335269794,2.348481741709751e-05,2.9212460800232723e-05,1.8522897477058402e-05,0.05103852357688093,4.315420811856088e-05,0.10529428070473176,0.024158148030310796,0.0377412240661025,0.00018356646735118203,4.183109851688902e-05,0.009460642842836556,0.005874813006955625,4.2522779723157335e-05,2.115893338798493e-05,0.07784767442614057,0.05092245963710854,2.502176847464307e-05,1.8406601782870846e-05,0.03058611042199147,0.012410611806176374,2.491124314824679e-05,0.00017334790131068336,3.343630339375653e-05,9.31176538893447e-05,0.005226653326402692,9.522148231714707e-05,0.12337608908175142,3.7754699095340785e-05
Z_R_1863_FUN_0189,0.05270655565581949,0.17756460802138171,0.013398858681808077,3.595628910993187e-05,2.2798991888880297e-05,0.04677705415741624,5.3116551667183836e-05,0.018185671161447665,0.3461573696030341,0.00010478790322611739,0.0046825943769295865,5.1487996247386375e-05,0.0027313733804051124,0.0001003988616836034,0.0018349996602972881,2.6043568577081855e-05,0.029860729833131344,0.008306999773718113,3.079815656299923e-05,2.2655848809252627e-05,0.00021118553388570753,0.00012304491394160422,3.0662115966589e-05,0.0002133660460428316,0.043716332700205154,0.00011461428420495053,0.23015711810877437,0.020617797299769793,0.0021145499824108834,4.647054163679842e-05
Z_R_1863_HLS_0591,0.00012581446867754038,0.019197170905052463,3.0800690745196735e-05,3.8312581061801256e-05,2.4293058224098e-05,0.13057043112312652,5.659739205151228e-05,0.005131303153419411,0.351746460469783,0.00011165487696387074,0.00024075017879235386,5.486211393802666e-05,6.114334746450238e-05,0.00010697821221220335,5.576926422794226e-05,0.013324122992390264,0.025169380479455526,0.1256695069753573,3.281642513960169e-05,2.4140534674604232e-05,0.02776751134671156,0.00013110830834675653,3.267146951412744e-05,0.16738174845400045,4.385221405825806e-05,0.0969956979740454,0.003055870695030021,0.03146633441875807,0.0013033800219015824,4.951585487596563e-05
Z_R_1863_HOL_0281,0.11838259283482123,0.06403487989364594,4.307320669656226e-05,5.3578205008636465e-05,3.3972612070116466e-05,0.17064265646394153,7.914858749397789e-05,0.06428694464764458,0.26876796797569874,0.01210962491785271,0.0003366769368629996,7.67218889021665e-05,8.550587599626949e-05,0.0001496036139177665,7.799049265737528e-05,3.88073322058684e-05,0.037854433540810625,0.0004247187477718492,4.589210919890677e-05,3.375931560778102e-05,0.00031468602877212265,0.00018334833175574593,0.0013738539766551558,0.15836952028072274,6.132510130565183e-05,0.0001707859116739258,0.00028898671932311515,0.044004075675273,0.013776192200971116,0.04389867657474189
Z_R_1863_SOR_0282,0.0003764289799029644,0.2847619353898371,9.215373016625727e-05,0.00011462883369564315,7.2683302819948e-05,0.2457387010333133,0.00016933583854908518,0.001144710973132306,0.2681313299752703,0.0003340643717569808,0.0007203093981705136,0.00016414399553632732,0.00018293705132519338,0.00032007208485768736,0.00016685813216815466,8.302702990667577e-05,0.08951302935019269,0.012274932351719538,9.818468073829295e-05,7.222696194953292e-05,0.003514825650720464,0.00039226781535169384,9.775098262072336e-05,0.0006802120467260596,0.0001312030673256206,0.00036539092460588317,0.07449897000856806,0.014581471724794534,0.0010580659897184894,0.00014814832455999018
Z_R_1864_BUD_0283,0.17283339767728872,0.05699510297509533,0.00012149999157729041,0.00015113226890987947,9.58292264946956e-05,0.11044580002670383,0.00022326066367936003,0.03148091175842439,0.03881495681579085,0.0004404468303292606,0.12083636616379172,0.00021641548355281893,0.00024119316879615423,0.000421998713933494,0.0002199939342277042,0.00010946690292567514,0.06182148338560098,0.0011980376720156186,0.000129451492209803,9.522756433938432e-05,0.012127035481221111,0.0005171851011921832,0.0001288796833688942,0.0008968248794583144,0.00017298455034015043,0.0004817492919921835,0.2855460206923384,0.08291472260719655,0.0201272989897419,0.00019532600746333462
Z_R_1864_ECK_0191,0.07413927883186691,0.16720630586856852,7.723071510986044e-05,9.60662881746845e-05,6.0913252705059783e-05,0.1416465810512129,0.00014191425437993062,0.0009593409500582865,0.2366182555699187,0.16459747384208284,0.0006036653081833824,0.0001375631581422632,0.00015331293989342086,0.000268240861825844,0.0001398377780909481,6.958195703605087e-05,0.0011938317774009982,0.0007615252061927926,8.228503710670439e-05,6.0530809892463605e-05,0.005327061654221712,0.00032874549776268065,8.192157036801384e-05,0.1148778918084131,0.00010995655515933826,0.0003062209457072871,0.08863044236462551,0.0003131394654923011,0.0008867269167721846,0.00012415776363532556
Z_R_1864_GOR_0287,0.000252849157626224,0.08248046466214257,0.007696671890311252,0.024890005044489915,0.001957514670894155,0.10207700103572888,0.00011374369779952556,0.03321668796173873,0.22400504268295868,0.00022439264642552337,0.031022922434558908,0.00011025631185851267,0.00012287969788650214,0.000214993959967688,0.00011207941049777505,5.57696556134491e-05,0.04676548203216925,0.0025190523026171713,6.595112263374812e-05,4.85151979838227e-05,0.0004522323605726068,0.030802575324451992,6.565980552070381e-05,0.006182980545431539,0.011540287411135636,0.004062820735857317,0.2103715242429926,0.007885751794433687,0.09041927650587715,0.0802646156978246
Z_R_1864_G_0187,0.07780722890843955,0.13640866573447794,3.4503647089273e-05,4.291864059060768e-05,2.7213646428178007e-05,0.2026558742253944,6.340170932118267e-05,0.028090561631113082,0.06528270669058243,0.05757685352765034,0.06516892140857458,6.145781059096396e-05,6.849419385508364e-05,0.00011983947084001161,6.247402135451836e-05,3.108648270235076e-05,0.06117689753584277,0.11205200453307466,3.676171944049467e-05,0.031944695646375795,0.0002520781830145167,0.00014687056336142498,3.659933679179553e-05,0.12686137059536914,4.912426576619386e-05,0.00013680747908391026,0.0012954135997861184,0.010779116021833651,0.005715763533700015,0.01601429523755509
Z_R_1864_HW_0284,0.006511503153088659,0.1277209184348245,0.00018646998468651254,0.00023194760348057962,0.0001470722274545917,0.10050701702791376,0.00034264539443122253,0.002316284291969135,0.4390581493527725,0.0006759680609070195,0.0014575219278056691,0.0003321398740867165,0.00037016699267258753,0.0006476551372832736,0.0003376318386036261,0.00016800241257009158,0.037381321898189594,0.01333829079494374,0.00019867341105659757,0.00014614883699644519,0.0013623201861792298,0.0007937407784761062,0.00019779583745001793,0.030125444917639438,0.0002654850097862901,0.0007393562907646422,0.13924654570847098,0.064003989737133,0.030890019708441945,0.00029977316992154724
Z_R_1864_H_0593,0.0046275457233373556,0.003269315561920272,4.790918408148448e-05,5.95936147637493e-05,3.778683432747468e-05,0.2548017123207331,8.80348722293088e-05,0.006504244886836472,0.488035595254233,0.00017367448341696004,0.006283605601344355,8.533571982200382e-05,9.510591542469973e-05,0.023802915264471307,0.0015640289501654418,4.3164365157671396e-05,0.08051381837280866,0.007858814365907267,0.011869302143059285,3.754959033610095e-05,0.00035001691391410176,0.004635780069161236,5.08191020816323e-05,0.09342240922674534,0.005977339066098338,0.004621807222875405,0.0003214322544102669,0.00019425245867667616,0.0005500708238323929,7.701983782862582e-05
Z_R_1864_KMM_0164,0.22237357998183468,0.1005396161291555,8.250138604488723e-06,1.0262240761755072e-05,6.5070325576051635e-06,0.12019583335366271,0.014006799967853568,0.08049081304416648,0.0275661865615633,0.04836466388096315,0.020670356165511595,1.4695126413506074e-05,0.0015427383215683719,2.8654717055289485e-05,1.4938111731232202e-05,7.433063245658149e-06,0.0571116645472357,0.016616924198998056,8.790064422427381e-06,0.020357942596327207,0.008964045139383996,0.0002895115545245527,8.751237241194461e-06,0.02728099625296359,1.1746062680453273e-05,3.271192351500292e-05,0.17355168828642456,0.009446008834829926,0.03214829958775573,0.018329591877048704
Z_R_1864_ON_0285,0.00017976529126616518,0.15363031920554723,4.400841335029841e-05,5.4741496475935446e-05,3.471022636191019e-05,0.03186247323963891,8.086706381220598e-05,0.014116678954076558,0.1891123567439979,0.00015953388898490918,0.000343986875817206,0.03128942738904779,8.736238193808578e-05,0.0015098535383410664,0.12899484785376047,3.964991807481356e-05,0.09431340083923896,0.0004339402529567515,4.688851994164882e-05,0.014961511291675538,0.0016785202271473068,0.012400344735424718,0.005474688312025286,0.004395843391677793,0.05569972738522305,0.0028884974733562573,0.24862657717932574,0.00017843640336715245,0.0005052840003699984,0.006855757507778396
Z_R_1864_ON_0286,0.02044164337574459,0.08372454034069171,9.29460670639397e-05,0.00011561441132024393,7.330823316802801e-05,0.18479962962670027,0.00017079178648239592,0.10146444250243765,0.11853888821494751,0.06625486391834245,0.16982031602862488,0.00016555530405267075,0.00018450994235691474,0.0003228240616066845,0.00016829277680550881,8.374089552211377e-05,0.07308668050184561,0.0009164847533133729,9.90288716917765e-05,7.284796868313853e-05,0.0006790492507415977,0.00326163736788421,9.859144464190667e-05,0.0006860605034504569,0.00013233115005372776,0.09208043135479459,0.0006235936688906409,0.08062477034463246,0.0010671632310599343,0.00014942210244903425
Z_R_1864_ON_0288,0.059298585213143226,0.11149522933399904,0.00011224825583952016,0.00013962415442153923,8.853221628116102e-05,0.19548767913772624,0.0002062602619987832,0.07061793698293334,0.40966688442109817,0.00040690857548787924,0.04241154607878975,0.00019993631481050045,0.0071451889543330685,0.00038986520896524076,0.0002032422808574866,0.00010113143849680525,0.03288576018149257,0.004567992758967812,0.00011959428167639112,8.797636827934962e-05,0.0008200679860121723,0.0004778035356329936,0.00011906601377914768,0.007750896946897766,0.0001598124725013959,0.0004450660207959519,0.04228726594851826,0.0004551214990827233,0.011672324439669321,0.00018045271751240528
Z_R_1864_ON_0289,0.0011139742457712913,0.043837170217560645,0.00027271248372914955,0.0003392235331951956,0.0002150932360730825,0.004036820273221185,0.0005011191303028601,0.10429681173968947,0.3730315339491009,0.0009886037644151965,0.17031370073414168,0.0004857547994115701,0.0005413694870839605,0.0009471960937059065,0.0004937868013794831,0.0002457036465225435,0.021033794784573737,0.019507259667050657,0.00029056000337681113,0.00021374277687871788,0.001992394230266527,0.0011608464466774018,0.00028927655136008133,0.17860414348800946,0.00038827201350069904,0.0010813090951563797,0.02705699343209442,0.017923946747557137,0.028358468156383976,0.0004384184718098424
Z_R_1864_ON_0290,0.07061160277700786,0.10707018373859688,3.685638574079761e-05,4.584518178572118e-05,2.9069293677143885e-05,0.22783928207175425,6.772495236000479e-05,0.03909775272543005,0.00040962793212952876,0.044455881910298436,0.12302669063140273,6.564850283985357e-05,7.31646838143313e-05,0.002400948261133078,0.002339671169787888,3.320621135609386e-05,0.08580486931725204,0.06968800191164239,3.926843178891319e-05,2.888678261525886e-05,0.00026926691911681504,0.000156885390208499,3.909497657350993e-05,0.004817921452871313,5.247395684368646e-05,0.00014613612318421548,0.07298126603582433,0.08083870708543209,0.06747481406674773,5.925112078463832e-05
Z_R_1864_SIE_0120,0.0001752468948276951,0.0942072968617591,4.290226289853913e-05,0.12572824993319515,0.12570872214859216,0.001957953280232998,0.03844274654072875,0.21616456505540557,0.0057683968835415675,0.0001555240083748786,0.0043040213324796045,7.641740423324372e-05,8.516653048853733e-05,0.00014900988496368027,7.768097330539234e-05,3.8653318301002896e-05,0.017860798592198968,0.00042303317473459616,4.570997807732534e-05,3.362533566824899e-05,0.18816431692509317,0.0610357225828643,4.550806947715253e-05,0.0003166734108618884,6.108172156833178e-05,0.07425214521511662,0.03732885837243342,0.00017395140849529034,0.007107051296757507,6.897060332537745e-05
Z_R_1864_SIE_0121,0.0020189598504203473,0.10199884061149202,5.781697459702356e-05,7.19177873094294e-05,0.05531207376072096,0.006204202741720448,0.00010624079847983187,0.13621018527275452,0.004208166232921073,0.0002095909873729253,0.002234709396005955,0.0036685623209963816,0.00011477415868289934,0.11964770438963614,0.00010468629290933899,5.2090910159795985e-05,0.016938839243395523,0.0005700980942467073,6.160077494227499e-05,4.5314979835568104e-05,0.08421350509112387,0.110779052601726,6.132867404086753e-05,0.00042676300302980176,8.231641190140948e-05,0.1553319259870033,0.07704785128328193,0.00023442456147065223,0.12189350899223036,9.294781559274163e-05
Z_T_1853_BEC_0560,0.012439574412852861,9.097709548885191e-05,1.3847886309903247e-05,1.722520677123169e-05,1.0922076754386777e-05,0.25469716086468297,2.5445995904770013e-05,0.005723018917374424,0.037729933944837285,5.019965477180213e-05,0.02786325986146972,2.466582073823224e-05,2.748984207204447e-05,4.809704212826194e-05,2.5073672438204455e-05,1.2476422481458828e-05,0.2077362055379139,0.06333258976492481,1.4754153671099828e-05,1.0853502682771125e-05,0.0005281707633808903,5.894585167875678e-05,1.4688982112508686e-05,0.2528863917125636,1.9715807016795512e-05,5.49070772662593e-05,0.0009469088230754686,0.1162002287699411,0.019374008375936568,2.226216075907231e-05
Z_T_1853_DEI_0897,0.00848686763265982,0.0002281082175947358,0.00019414185798540117,7.5856808823146846e-06,4.809892266100275e-06,0.09223158113676397,0.0001992494633333793,0.0010159698760432367,0.05986560813943035,0.001714498464749792,0.0015520151361667392,1.0862397607505196e-05,1.2106047389342703e-05,2.1181099177142247e-05,0.008096912086062625,5.494399037075593e-06,0.636433439284783,0.0036329586169051857,6.497472159493394e-06,4.779693439985393e-06,0.0023010755918450566,2.5958725843459306e-05,6.468771740819689e-06,0.07751893168482371,0.0018891173996119896,2.4180119974992674e-05,0.012639829005719331,0.09103777567332674,7.001860432206395e-05,0.000761977828354575
Z_T_1853_EIC_0261,0.26755883080179876,0.006737988930572209,2.6606059467624468e-05,3.3094933439031106e-05,2.0984677165449936e-05,0.4056710575627586,0.004150885778043756,0.0003304939275865816,0.0002957041202706499,9.644901541093876e-05,0.044509521987082815,4.739064711340464e-05,5.281646285623863e-05,9.240924820174361e-05,4.817425598631055e-05,2.397105457513102e-05,0.08983479284526415,0.02241312554268002,2.8347278507552583e-05,2.0852925229702284e-05,0.0001943796581973523,0.00011325315647725968,2.8222063848458098e-05,0.09536269788189201,3.7880144464064006e-05,0.00010549342551251444,0.00017850535006204118,0.05589502482728563,0.006048272963102619,4.2772475147352083e-05
Z_T_1853_KAP_0553,0.06014379574731822,0.00040937740130317173,5.999095806558821e-06,0.0005624094962935646,4.731594655662152e-06,0.11755264634163534,1.1023557235363039e-05,0.017092903115565945,6.667493734111425e-05,0.00039171205020674415,0.1308294712956575,0.00019566800742314407,1.1908979652687404e-05,2.08363036265825e-05,1.0862261562003885e-05,5.4049587145909205e-06,0.25055894806265444,5.915344257218648e-05,0.00019137413621364997,4.701887419751794e-06,0.024091544715519393,0.005759991576465405,6.36347013700924e-06,0.034266031055774526,0.0033382249516005266,2.378650500205607e-05,0.047765716805102255,0.2066497014195591,0.09995939255215006,9.644275831408247e-06
Z_T_1853_LWF_0895,0.0010193801654257084,6.933504684710509e-05,1.0553687616331742e-05,1.3127595599936124e-05,8.323883053904266e-06,0.11210190796797537,1.9392785718738028e-05,0.0030599068971622644,0.14297821606669192,3.82579307089212e-05,0.001384185765051457,0.003923880315555256,2.0950432387878124e-05,3.6655497202357574e-05,1.9109032265653094e-05,9.508473892115234e-06,0.4355797944581989,0.10847009215363712,1.1244367942043693e-05,8.27162169688446e-06,0.0026804916464357375,0.0006957705610836282,1.1194699692648223e-05,0.1243896802816222,1.502572043867358e-05,0.0013435395677406298,7.080679138867348e-05,0.04527665876862533,0.01671777148246598,1.6966335876673547e-05
Z_T_1853_LWF_0896,4.278936974843112e-05,6.881994738475422e-05,1.0475282840331816e-05,1.3030068912597206e-05,8.262043798279436e-06,0.0989948637217132,1.9248714084673427e-05,0.0401828522531056,0.09572616866355001,3.797370735529342e-05,8.187888504103263e-05,0.010354847158336539,2.0794788785547954e-05,3.638317854448207e-05,1.8967068674458166e-05,9.437834150565676e-06,0.3357650507866614,0.130597671614023,0.0006571726201664471,8.210170697965678e-06,0.022363937449440995,0.0023056310576594595,1.1111532751035296e-05,0.15802720315053223,1.4914092324590628e-05,4.1534653840181466e-05,7.028075813660796e-05,0.0856390349867214,0.018854614150351404,1.6840290667424454e-05
Z_T_1854_KEL_0735,0.000444659548559348,0.0007151646989870632,0.00010885728315697415,0.00013540616733634186,8.585769519671869e-05,0.001611357432292279,0.00020002922608021524,0.048344878648628915,0.12876141841987704,0.0003946160382590976,0.16196863171576253,0.00019389632268144123,0.00021609576042207944,0.1010766880762899,0.00019710241688212642,9.80763001988923e-05,0.13594751572251076,0.054779295881350984,0.00011598138863747253,8.53186391296745e-05,0.0007952940764525126,0.007176609326863224,0.00011546907949161654,0.014229985639712995,0.00015498460480288,0.16826262164917494,0.0007303451854786584,0.00044137246967388023,0.1724374692694317,0.00017500131667771794
Z_T_1856_GIE_1050,0.3115151842738625,0.042580205141697865,5.035874791474929e-06,6.264059555078409e-06,3.971884933705451e-06,0.1367222304160681,9.253603506924003e-06,0.04757868192153705,0.01356545677760355,1.825543410370682e-05,0.045070986479490496,8.969887684438329e-06,0.00032055978657605504,1.749080520866251e-05,9.11820563337191e-06,4.537132964273201e-06,0.08501680449682397,0.04554712421567404,5.365444868557564e-06,3.9469475222572436e-06,0.005782205416244507,0.002040095058471585,5.341744803313992e-06,0.18326929692146737,7.169782689395776e-06,1.9967319206035082e-05,0.04941329175985009,0.015703846157359213,0.01574124726885349,8.095780948909156e-06
Z_T_1856_LWF_0852,7.74276467053959e-05,0.00012453014857939236,1.895509337176078e-05,2.3577995615336907e-05,0.0017683941082726595,0.13646472411106372,3.4830675058865934e-05,0.015431969183005236,0.006639964271869723,0.001237676264212181,0.00014816038237677585,3.3762765285698845e-05,3.762830742464418e-05,6.58356014805473e-05,0.0017877649213731638,1.7077823126873993e-05,0.4246264279829357,0.07616947304431786,2.0195599111541114e-05,1.4856358014396511e-05,0.0013074455015632375,8.068553549935978e-05,2.0106391780499204e-05,0.27601508408652126,2.698714840225941e-05,0.0006596385251764422,0.00012717349526720196,0.04215950852745249,0.014829665888131057,3.0472617004631722e-05
Z_T_1857_EIS_0863,6.356889506938882e-05,0.00010224053403223363,1.5562326802526414e-05,0.012015986792841082,1.227428677635003e-05,0.15138788658272095,2.8596342808113834e-05,0.1316763654084704,0.0332836583426382,5.641463364514347e-05,0.1743126945072686,2.771957789012101e-05,3.0893227782282745e-05,0.0014936471884830977,2.8177923756045288e-05,1.4021068604816298e-05,0.13796186342370725,0.04670037123990958,1.6580794785998978e-05,1.219722287729856e-05,0.01259019007212218,6.624365530947752e-05,1.6507554648816448e-05,0.09320871097935868,2.2156726673260715e-05,0.0005415700202050102,0.12151029638779486,0.0825999065996057,0.0001786793511334912,2.5018332279006366e-05
Z_T_1857_HOR_0861,8.122563589497567e-05,0.0001306386147178619,1.9884880634795414e-05,2.4734545972597963e-05,1.5683562652427076e-05,0.00029434548862401576,3.653919304912172e-05,0.040714993144321615,0.0535651698957587,0.0025246895605135758,0.16631943948875053,3.5418900051789655e-05,3.9474055176280586e-05,0.02398196700437127,3.600455494446783e-05,1.7915526329506685e-05,0.1168061337955058,0.14367348490637222,2.1186235794515163e-05,1.5585093673248358e-05,0.0357080531646283,8.464333099775592e-05,2.109265265595042e-05,0.01179665112402029,2.8310924885862946e-05,0.014181324533607379,0.00994383296792568,0.009891046532385078,0.1872394657758896,0.18275106490989476
Z_T_1858_UD_0218,0.008862691344279952,5.226029223310115e-05,7.954689930225174e-06,9.894735975061638e-06,6.274006879528893e-06,0.055306487094051206,1.4617032726754043e-05,0.13255178235204468,0.0032770923708237993,0.004443935402192461,0.3775531447279598,1.4168873967923714e-05,1.5791086453214845e-05,2.7628552699605057e-05,1.4403157651237463e-05,7.16687515029064e-06,0.08155701246267182,0.12541819240195107,0.0002537585601783364,0.0034402005343385205,0.004963781303391186,0.0005244270322568814,0.07800852085409704,0.002266265274988397,0.00025660870012193544,3.154046508279429e-05,0.02409113102939422,0.062088922882588306,0.028298909215290085,0.006635436688630587
Z_T_1858_WOL_0109,0.07889847233056542,0.04446243157045079,3.498755942561683e-05,4.352057289031981e-05,2.759531678289215e-05,0.3457477342897585,6.429091587973643e-05,0.0468248654996255,0.0014677007133398528,0.00012683259850406354,0.04450604856526121,6.231975404386044e-05,6.945482231527633e-05,0.00012152021485441544,6.335021712467095e-05,3.152246943831188e-05,0.00485621031100688,0.08341591935138895,3.727730115556492e-05,2.7422060059662606e-05,0.0002556135699308113,0.00014893041741895322,3.7112641096402175e-05,0.029387019859605987,0.007601715801153419,0.0022964126471764932,0.07035954807526817,0.20943744596712235,0.029530477832070048,5.6246755285942224e-05
Z_T_1859_BAL_0209,8.14253401186525e-05,0.001974936356313291,1.9933770306219012e-05,2.479535920289195e-05,0.00063038097243903,0.051926412545302184,3.662902960258482e-05,0.10658359337751497,0.002065523750150477,7.226145314010643e-05,0.09235463754559653,3.550598221323282e-05,3.957110748565922e-05,6.923478202645726e-05,3.609307701776143e-05,1.795957407672312e-05,0.2818218891901271,0.16308114996054152,2.1238325023800465e-05,1.56234117362423e-05,0.03518118739852598,0.0031581456862090494,2.1144511798418546e-05,0.0056790662918146185,2.838053112795152e-05,7.903769874458767e-05,0.0001337396336687076,0.03880433094185946,0.08996906226417963,0.1260371101321362
Z_T_1861_BAR_0224,0.05141182358352949,0.0002023527143665537,3.0800690745196735e-05,0.03517872623383073,0.01616988852030712,0.10777664929430342,5.659739205151228e-05,0.08775876228290311,0.051628333056945655,0.00011165487696387074,0.07432054112246739,5.486211393802666e-05,6.114334746450238e-05,0.00010697821221220335,5.576926422794226e-05,2.7750258910128095e-05,0.03561653048433277,0.11332287515141147,3.281642513960169e-05,2.4140534674604232e-05,0.033465956803917334,0.012477740132292596,3.267146951412744e-05,0.00022734837596447103,0.03803348859543007,0.0010718661110815698,0.21674757534024647,0.058059079885718345,0.06588576187023366,4.951585487596563e-05
Z_T_1861_SCH_0586,0.22437722156899464,0.028952957471210107,1.4180925579883396e-05,1.7639470014008716e-05,1.1184750810740547e-05,0.20747569455162712,2.6057967703959467e-05,0.07626105918619736,0.002343957047446569,0.0013632156928894009,0.02590974895040526,2.525902945964176e-05,2.8150968017958397e-05,0.004421949584687679,0.0013374854350276361,1.2776478283636916e-05,0.14889086641295365,0.11820261655943903,1.5108988514326699e-05,1.1114527544566293e-05,0.00010360359716154308,6.036348921362101e-05,1.5042249591026536e-05,0.13303462615218623,0.00045745955046632146,5.622758297523681e-05,9.514265304567683e-05,0.019734629122181022,0.006721862474498323,2.2797561873831603e-05
Z_T_1863_CAU_0278,0.013795436148392137,0.00019423586931433532,2.956520233051115e-05,3.6775772993756893e-05,2.331860631191691e-05,0.3915331543266094,0.003700905375732172,0.016776853746564277,0.08693482568935364,0.0010188206959437739,0.009347538717502712,5.266146503906771e-05,5.8690743461156505e-05,0.00010268706358487704,0.03378438093518951,2.6637130517274264e-05,0.09891463110590577,0.0768696675277609,3.1500080859962524e-05,2.317220084204431e-05,0.0002159986874619067,0.001037493804271626,3.1360939746811995e-05,0.0667682817518501,0.0018653823175742727,0.00011722647142134917,0.027547695618783473,0.168774118534872,0.00033945381276073147,4.752965704850137e-05
Z_T_1863_HOL_0280,0.18694440494692485,0.022612655517249985,1.1245332263986642e-05,1.3987923436362057e-05,8.8693956151278e-06,0.3184833336095444,0.0027946669745265423,0.040015983708585966,0.0035924865552619924,4.0765195843832843e-05,0.042391447705803914,2.0030157928650114e-05,0.0045300787444551805,3.905774553192788e-05,2.036135850164582e-05,1.0131619593781712e-05,0.1315922350093529,0.06356620811848906,1.1981276896155794e-05,8.81370926684655e-06,8.215661715893125e-05,4.7867643687777085e-05,1.192835359695199e-05,0.053482567773777925,1.6010443456482558e-05,4.458791137402018e-05,7.54471730317503e-05,0.12660949433279353,0.0029031169073170265,1.8078238732435285e-05
Z_T_1863_MHL_0526,0.07071468447671497,0.00023492839623969085,3.575912931286959e-05,4.448031869909932e-05,2.820386781670022e-05,0.15600080539457914,6.570870367434281e-05,0.01036790270839939,0.0003974328437465011,0.00012962959879028827,0.012408488105432675,6.369407241275004e-05,7.098648815029658e-05,0.00012420006277788915,6.474725997895283e-05,3.2217624761796354e-05,0.07001874552255216,0.00035259907000111373,3.809936601295614e-05,2.8026790316240066e-05,0.0002612505373720839,0.0001522147341093113,0.13455935496109447,0.47219156619999514,5.091174760129138e-05,0.011168131705154218,0.017882069070277253,0.03432666215941051,0.008129011936934914,5.748714768103262e-05
Z_T_1863_WOL_0279,0.12032257830011775,0.028743165551234993,0.000594813860149198,0.0005971286386614211,7.485871971403252e-06,0.04872227475473215,1.7440407333839014e-05,0.09347686313947015,0.03639549220355672,3.4406294432917286e-05,7.418683143583169e-05,0.003821503040775722,0.030748281428055052,0.017885306630961623,1.718522090131927e-05,8.55120353552046e-06,0.0021953440829058893,0.08876997141326241,1.0112335585254154e-05,0.4231957295011314,0.00036200246552192027,0.0070642728857869255,1.0067667711665539e-05,0.04513990269793937,1.3512998531286331e-05,0.0003302940454851049,0.05127941193382603,3.8482954755661855e-05,0.00010897339869033688,1.5258241541131657e-05
Z_T_1864_HEG_0210,0.005020705436340361,2.4800719359517222e-05,3.7749890810318827e-06,4.695660119148567e-06,0.009431538242441678,0.010881263858098329,6.936680049704997e-06,0.024607710966153527,0.01494141001749799,0.006997803767536289,0.02994481710474149,0.00012312598687323395,0.016303771836985285,0.034235295237916685,0.00012323716887456036,3.401122567287806e-06,0.16709520321327054,0.013307049244508538,0.012109828552727431,2.958708152384991e-06,0.08372060718220298,0.030746193096064082,4.004275154002211e-06,0.0007262761475617956,5.374607687160803e-06,0.19219464625922042,0.009803093951107967,0.009560268887755102,0.3280641383260707,6.068753880913512e-06
Z_T_1864_JTT_0722,5.603932548966366e-05,0.001782235952843943,1.3719009841390959e-05,1.7064898998017035e-05,0.010163453687668158,0.00020307532790193433,0.0034094202667292097,0.13426977845046234,0.0022676072602294543,4.973246764426923e-05,0.02041249963312918,0.5728021625774433,2.723400564423729e-05,4.7649423134528274e-05,2.4840322287563867e-05,1.2360309651450408e-05,0.008249569673897022,0.006903697001302333,1.4616842952448193e-05,1.0752493686492475e-05,0.022097600973123674,0.07620314670311701,1.4552277918212516e-05,0.00644665957396864,0.07489520259876066,5.4396080132397346e-05,0.027165732256658817,0.010631284707052392,0.02173186092216305,2.2054976168162555e-05
Z_T_1864_ON_0211,0.0343841948853784,0.0069521914026110096,1.3098420369457163e-05,0.0016318548635350899,1.0330959500593552e-05,0.023215646252070232,0.0024474116865566067,0.1621227866094217,0.0025689208596504282,4.748278299573104e-05,0.2460716828045365,0.002042783258563229,2.600205542503068e-05,0.010546646366965236,2.3716652090565045e-05,0.0012234726127983075,0.14641082792965066,0.0732333318992142,0.006072312793437272,1.0266096748519635e-05,0.019886328355523477,0.0162113747017363,1.3893994953690516e-05,0.09541483560373024,1.8648761439093962e-05,0.012572540218684368,0.0021073322947678403,0.012169823130859955,0.12252920444364052,2.1057303145695746e-05
A_L_1865_BEE_0913,5.1149254085378044e-05,0.008962853012750516,0.00039863436996679947,0.004262813296819675,9.876223463614146e-06,0.02103542971104752,2.300939166251345e-05,0.1055642562131097,0.0429976576694924,4.539274164352253e-05,0.0850426259068777,2.2303922871297102e-05,0.017013807548410493,4.349146656626372e-05,2.267272036462388e-05,1.1281731416496069e-05,0.09672168807740826,0.1371934082235622,1.3341356405846477e-05,9.814215763950798e-06,0.04410830785021849,0.0321006389780372,1.3282425408510313e-05,0.003953552369985704,1.7827902169352293e-05,4.964940065978791e-05,0.054139761781974174,0.033642558682256775,0.09010798285435123,0.22242093070124994
A_L_1865_STO_0931,2.8114324324966503e-05,4.521745312392807e-05,6.882679060250544e-06,8.561275511632256e-06,5.428492644260619e-06,0.04169852336027571,1.264717367413203e-05,0.04486555413854246,0.03212288829789737,2.495024186345323e-05,0.004722808607555032,1.2259410866011856e-05,1.366300648089137e-05,0.0008728162756592836,0.16639903276802087,6.201033850094902e-06,0.09242547177458373,0.3394200680431341,0.02398907097329178,0.00021762217862820007,0.001960333681685272,0.0036371693458890496,7.300720654375788e-06,0.18553787277652958,0.00022202692279639388,2.7289925877697504e-05,0.008323060242706874,0.03525771609460657,0.018118384036935224,1.1064743330743657e-05
A_L_1866_DEI_0919,0.0003260866426756302,6.134925137354879e-05,9.33814663628915e-06,1.1615599887986526e-05,7.365164041845849e-06,0.02720479823960516,1.7159184856624938e-05,0.00011599616102347151,0.0006796701769123787,0.0029132738987315554,0.12935905624406016,1.6633083620372665e-05,0.0026100175845705214,3.2433630816588126e-05,0.00030485035301802883,8.413317384389409e-06,0.319472292903897,0.04702666287908041,9.949276546020163e-06,7.318921985703577e-06,6.822302090872934e-05,0.0003276916278205771,9.9053289314153e-06,0.0184972307759953,0.0005891795841448684,3.7025891707076714e-05,0.016763301391755674,0.19670241219079512,0.23679573732124218,1.5012205975448384e-05
A_L_1867_LEC_0926,0.00011989335235869472,0.0029079613313058223,2.9351139874616624e-05,3.6509503472024616e-05,2.3149771406633166e-05,0.10903974149154608,5.3933789484948824e-05,0.002174680506616882,0.07544485980533738,0.006441707671932583,0.19752899724320833,5.228017752372292e-05,5.826580185097834e-05,0.023633085822068696,5.314463524861222e-05,2.644426833041122e-05,0.25205592296263973,0.030155863552975143,3.1272009203480034e-05,2.300442596381829e-05,0.005644698376952915,0.00012493805183931233,3.113387552089142e-05,0.040943625811290144,4.17884286843886e-05,0.020027344228880136,0.012867537698148156,0.1114394107747895,0.10894226796591931,4.71855256266397e-05
A_L_1870_MAR_0928,1.5132926813613078e-05,2.4338924205079535e-05,3.7046979076024022e-06,4.608225837163638e-06,2.9219618065258536e-06,0.17631875503402278,6.807517456136554e-06,0.025406089763307462,0.2931670393648975,1.342981534029923e-05,0.05052063008638889,6.598798721569183e-06,7.35430361901456e-06,1.2867307497102175e-05,0.0021771644304099677,3.3377928751746833e-06,0.10618116755947585,0.09507967843932198,3.9471498400935195e-06,2.903616319428043e-06,0.00391104076150807,0.0004727078829924127,0.0025170898955826785,0.10877864049838423,5.274531243774013e-06,0.0003573928439024596,0.014304174765854981,0.09951331731428707,0.014778793031821783,0.006403090758359367
EM_UM_1875_GUD_1047,4.988258141549622e-05,3.392856989574245e-06,0.0009400529804753828,6.423887559456814e-07,4.07322791057101e-07,0.001934490672695198,0.0017367029250183643,0.2557514471724235,0.00010128585002172367,1.8721223034383806e-06,0.01556212486236771,1.6844223714049988e-05,1.0251932347945442e-06,0.003202587697064053,9.350857414070941e-07,0.1852484079239933,0.021330685314668685,0.002807777550980624,5.502344643919482e-07,4.0476542189803355e-07,0.23297698719934987,0.06346072588392745,1.647215218897818e-05,5.158500496882309e-05,0.00703929717732487,0.11196613988714503,0.008968872913412931,1.801829057762065e-05,0.08680955153201605,8.302345478120862e-07
EM_UM_1875_GUD_1048,0.002487414104958548,3.4608652258787185e-06,0.003882733884682671,0.0024371869155972916,4.154873864737458e-07,0.00434482410931057,0.0012842079952534126,0.24302621045124365,0.0007205707624397041,1.90964812206096e-06,0.016556289260916155,9.383139877351493e-07,1.0457427551497785e-06,0.0038515496702306033,0.00021211990547212372,0.010396342991635492,0.01053395981909506,0.0022468034579717724,0.0022096832934064958,4.1287875604235765e-07,0.11187313847652253,0.11583495702551709,5.587844624360997e-07,3.8883693307426686e-06,0.027468583483047444,0.2998416736288626,0.07936949195508383,2.1359144741317458e-06,0.061406645928040175,8.468762121938282e-07
EM_UM_1875_GUD_1049,2.1519962713447865e-06,3.4611463322982358e-06,0.0007315456978981956,0.0022749362373715777,4.1552113415357246e-07,0.0030618327818185908,9.680713032684451e-07,0.26153260498837644,0.0015003827482548153,1.909803231928318e-06,0.005202474302890598,9.383902016493759e-07,4.9780418816515866e-05,0.0024548042309080038,9.539065731920727e-07,0.003363161442289273,0.01745512737207338,0.005284775466299392,5.613092459205762e-07,4.129122918379552e-07,0.15631192753517115,0.05091364540325451,5.588298493232696e-07,3.888685160891775e-06,0.3421500694723445,0.06886406614797669,0.028383311511055113,2.1360879623293585e-06,0.050446350638643986,8.469449991370481e-07
M_X_1872_LAA_0941,0.0141749668752655,0.004122715092831793,1.1604780195748702e-06,0.003472433343269002,9.152898657545412e-07,0.24116151330468794,0.0017555190407003264,0.03869627101457155,0.05089689312498296,0.3028033410822088,0.013499412701718316,2.067040569290499e-06,2.303698685291633e-06,3.981401988013889e-05,0.011059171945627659,1.0455468602676511e-06,0.018410606470125553,0.05597668100888925,1.2364248701620702e-06,9.095432340273725e-07,0.008596494366816313,0.0036906300115273688,1.2309633752050838e-06,0.04162466048320471,0.004975544877265484,0.0032966741503997377,0.07815873237108051,0.06935293526371125,0.03422225485625811,1.8656094981564103e-06
M_X_1872_RAU_0948,0.14483292015175064,4.209094924028843e-05,0.0023770493457033956,7.969316891966816e-06,5.053146352905506e-06,0.25158050128001674,1.1772700768706172e-05,0.0075866182821205325,0.02259231038856891,0.03558286350115224,0.011705737179921037,0.0002089652960672264,1.2718295094612617e-05,2.2252305901288725e-05,1.160044369622028e-05,5.772271169415677e-06,0.07279874122810254,0.2151989858118434,6.826073418993418e-06,5.021420260177826e-06,0.0006394675962127286,2.7271554863390288e-05,0.0063285094170442155,0.0695861386934325,9.121603936860687e-06,0.006742223587302291,0.1075121138193239,0.021756867074931338,0.0227922175793318,1.0299685579697092e-05
M_X_1872_RIC_0950,6.245739504754114e-05,1.1750602224820914e-05,0.00022239403797660797,2.224807814773969e-06,1.4106955022046026e-06,0.16454298613758106,3.2866049909014045e-06,0.08583773552711424,0.05781850527983934,6.483787725659606e-06,0.04567930743223186,0.048095172824417325,3.550588174705177e-06,6.2122142634122045e-06,0.0009408116564884161,1.6114548060769912e-06,0.05650264195041129,0.1326015086119895,1.905646580838796e-06,1.401838474683971e-06,0.01578635648780171,0.011368793858605558,1.897229021921783e-06,0.017110124077107994,0.006179498950785491,0.0017719353575952866,0.18901571493988198,0.12889598320428963,0.03432468246947111,0.0032016543317840785
V_X_1886_ON_0984,0.0012506985445421238,0.030335151475020146,0.00030618401437311314,0.00038085833748150545,0.0002414928337155572,0.3821802855142521,0.000562624288031053,0.0038033425279505122,0.20166818141837203,0.001109940641784643,0.0023932533466049966,0.0005453742067508568,0.0006078147965500074,0.010504650867663742,0.009995592113256095,0.00027586023129436805,0.023615390232877193,0.0030190947260651793,0.0003262220600745756,0.00023997662510008252,0.0022369319339363577,0.001303323633205793,0.0003247810828029672,0.3043784314264008,0.0004359268125050212,0.0012140242170283555,0.002054249511679136,0.0012414529435173186,0.012956661610641861,0.0004922280265225529
Z_B_1865_ON_0529,0.1647314688623087,0.006631693270937229,0.0001772952556264809,0.00022053527660322405,0.00013983595379146193,0.0026244089470056414,0.00032578649532818895,0.12794121303670977,0.012904305581269135,0.0006427089612053535,0.06698871040191162,0.00031579786944773043,0.00035195397104099757,0.0006157890950411335,0.00032101961735828024,0.00015973632824904896,0.002740628645587955,0.0017482009056358164,0.00018889824686091767,0.00013895799615342507,0.017696016499447808,0.0007546870047620163,0.0001880638517856397,0.5151980619259197,0.00025242256953144704,0.000702978352202575,0.06132550241620335,0.0007188609027149723,0.012969438081793485,0.0002850236775669423
Z_E_1865_DIE_0524,0.001952143794163927,0.013253513675038622,7.784747248119251e-06,9.683346469614963e-06,6.1399700325857e-06,0.033241179744096905,0.010816243735719764,0.1477231995936865,0.0008066502263694849,2.822030854353927e-05,0.31667768223736553,1.3866172484188874e-05,0.013457866679768086,0.016109925224952117,1.4095450969579735e-05,7.013763213050843e-06,0.040207532326807696,0.06296804983347355,8.294215782756916e-06,6.101420336021503e-06,0.02838195856438511,0.0002731801713194864,0.22516867451610864,5.7461362110192245e-05,1.1083465807246467e-05,3.086663979506412e-05,0.01973576266955917,0.02355578668192665,0.045457524534857775,1.2514927609019877e-05
Z_E_1865_GRU_0701,0.00018248931270287768,0.00029350525544846273,4.4675282135243216e-05,5.557100593701035e-05,3.523619775503631e-05,0.0034164341580801504,8.209245951455148e-05,0.28295570076541277,0.0004965284324693234,0.00016195133970866188,0.00034919938161893184,7.957550169875404e-05,8.868620256822765e-05,0.0001551680075113062,8.089129021389852e-05,0.11851081154257913,0.0392624006477907,0.02110398574842334,0.20392716878200912,3.501496789164548e-05,0.009969343161617059,0.11177290533322018,4.7388778725498616e-05,0.0017073252143291618,6.360604219933848e-05,0.023595737392946167,0.1559645419961698,0.0001811402878847834,0.025309104564141007,7.182094729795949e-05
Z_E_1865_HOR_0715,0.00011104898210069618,0.017782486171892382,2.7185946029933967e-05,3.381624683777677e-05,2.1442044116668508e-05,0.002917259543079992,4.995516686545007e-05,0.11769690654989894,0.0003021490748860886,0.15434208352162038,0.022846057743708716,4.8423539619476626e-05,5.396761254514017e-05,9.442333380245128e-05,0.0008875042947117229,2.449351046340042e-05,0.03562800296083614,0.0002680641131775351,2.896511542942286e-05,2.130742061036035e-05,0.23324047491121652,0.0009540016081747433,0.028530359457949503,0.00020066695029971374,3.870575288532544e-05,0.13423260344335214,0.00018239592446022632,0.004301628405405786,0.24508991594072907,4.3704713294261744e-05
Z_E_1865_RIC_0781,0.00015123824372307706,0.0002432428436496524,3.702469535280681e-05,4.6054539936385014e-05,2.9202042492358447e-05,0.009681324538342327,6.803422740762392e-05,0.00045991166033946754,0.004978132220957492,0.00013421737318949976,0.00028939941963187094,0.1747396861011581,7.34988001227553e-05,0.0001285956782369378,6.703875686332632e-05,3.335785195886336e-05,0.45152740217210074,0.09055609299398386,0.22152118066023394,2.9018697969313414e-05,0.004837130230617063,0.00015760182831346155,3.9273509009784946e-05,0.025389774641735995,5.2713586181708406e-05,0.0001468034733244773,0.00024840605249851027,0.005858412322887858,0.008416709138833132,5.9521698947687395e-05
Z_E_1865_SEY_0803,7.227402330592682e-05,0.00011624135878703266,1.7693432751859492e-05,2.20086322795491e-05,1.3955128330753926e-05,0.0018986404036987474,0.00821618118767945,0.29155839488644714,0.0034701152652774144,6.414005690068735e-05,0.07706478603626926,3.15154985197436e-05,3.512374821514223e-05,0.4141550978665956,3.203661029555514e-05,0.0005615190385658832,0.0024558166381784454,0.027998938325270496,1.8851369801001032e-05,1.3867511296825431e-05,0.10760811644648827,7.531506537090093e-05,1.8768100155117124e-05,0.0001306000970773405,2.5190870129460808e-05,7.015472668323054e-05,0.0012098646109801345,0.0006173176724507443,0.062399031048022795,2.8444344175474623e-05
Z_E_1866_HOR_0713,0.00022882729971435113,0.00036803259358860797,5.601930339684649e-05,6.96816873417691e-05,4.4183431155849244e-05,0.004283940749550676,0.0001029375121172687,0.2753458037324486,0.024805621839038807,0.0002030742907722633,0.11962558095861901,9.978144422510891e-05,0.0035659218476662927,0.00019456852368488563,0.00010143133992834875,5.047127631285137e-05,0.057868764868022775,0.033372177184380444,0.24361718449284647,0.04840993420374464,0.08677717562146549,0.0002384555646457254,5.942181551295712e-05,0.005595568344700415,7.975699325302012e-05,0.00022211737958976378,0.0003758446595691461,0.00022713572829134534,0.09392052747382446,9.00578405918871e-05
Z_E_1866_SEY_0799,0.0014344286622623222,7.395590921942224e-05,1.1257042416149446e-05,1.4002489543261896e-05,0.01910001066266621,0.005373304483770852,2.0685225803472277e-05,0.23339875448270084,0.011926903330725387,4.080764604762153e-05,0.000782212404898033,0.00036716250749615044,2.234668246784706e-05,0.37491950920911166,2.038256148619962e-05,1.0142169998546431e-05,0.006422018118293079,0.021631911334114986,1.199375341283534e-05,8.822887286153638e-06,0.153505521400973,0.10973514879554803,1.1940775002775575e-05,0.0014715372943531336,1.6027115683204553e-05,0.0316317800663937,0.006670644076770927,4.5642776196010414e-05,0.021303049071132507,1.8097064225664175e-05
Z_E_1867_DIE_0666,0.00022229945649285778,0.002035614735841306,5.442121946888695e-05,6.769385140198388e-05,4.292299364715569e-05,0.019264461475487094,0.016880812451868375,0.09632663242483659,0.014029495564488046,0.0018753622611329404,0.0004253774185007738,9.693494109751532e-05,0.1763065536572301,0.14450399669770567,9.85377695998748e-05,0.05039146589473472,0.0008412427759402696,0.0005366146139959295,5.7982786473224445e-05,4.265350236756585e-05,0.15310297725621808,0.13112198257461322,5.772666683056955e-05,0.0004016979997822602,7.748173523781238e-05,0.11600338014566018,0.00036512279632832815,0.0002206561411698065,0.07446040946545357,8.748872639535572e-05
Z_E_1867_JEE_0165,0.00410463189291423,0.13268487334292506,1.4576093893625465e-05,1.8131014771187884e-05,1.1496427160257215e-05,0.07033068259637844,2.6784103885911253e-05,0.10310616801935557,0.0019598195738309517,0.004097931019222102,0.04101430259511302,2.5962902279656232e-05,2.8935428136530924e-05,5.062628233493231e-05,0.00047584681866394993,1.313251000741023e-05,0.05146314351716813,0.057224462414153715,1.5530018402673654e-05,1.1424247039467004e-05,0.3897836438483481,0.006354410231889574,1.5461419720105104e-05,0.0001075901609491721,2.075258619504214e-05,5.779443127614294e-05,9.779391593801873e-05,0.0005085548113828123,0.13635210493368458,2.343284297959329e-05
Z_E_1867_KAL_0724,3.992635807335988e-05,0.0018725777980325511,9.774387799159984e-06,0.30441985466145327,7.70923528547606e-06,0.00014468515077279285,0.0009221420704114317,0.2023566272220573,0.0013142091887447052,0.0048577330502461965,0.0639718772905349,1.741011529735248e-05,0.0012249784569977936,0.010884124119555553,1.7697993215387102e-05,8.806354193760603e-06,0.07429395708279646,0.03445526781306385,1.0414067273689022e-05,7.660832983930633e-06,0.13810975167778336,4.160632175669269e-05,0.005736849484531201,7.214744664557582e-05,1.3916199139918076e-05,0.020834924954324045,0.0118199349084608,3.963120847177868e-05,0.12247809103341824,1.5713516679494958e-05
Z_E_1868_BLO_0655,6.418489698744443e-05,0.00010323127588795,0.022787927526381518,0.0005040605597956665,0.03199039642259103,0.001686138852569047,2.8873450063162797e-05,0.18770256700880972,0.04378100630832114,0.0005414765085079099,0.0039989415387570205,0.010202807387195268,0.26845261334423925,0.026702911479270966,2.8450976403281043e-05,1.415693702197737e-05,0.047240867837017836,0.053936124832834845,1.6741467728008e-05,1.2315417674914066e-05,0.0374224680368694,0.08873316716050882,1.66675178716313e-05,0.00011598294095206311,0.03248488982624757,6.230279842434361e-05,0.1192961616993212,0.0005482256196955172,0.02101456440461436,0.000509775967437114
Z_E_1868_BLO_0656,4.483115216928513e-05,0.001087360177869895,0.04671276703623858,0.0027210020806335963,8.656284140841887e-06,0.0028698094006789385,2.0167205903393712e-05,0.09455517054919313,0.09961710130859033,3.978570058138051e-05,0.03426608287683592,0.010172112335984166,0.3211812110889763,0.020681664973047322,0.0071266665413523035,9.888179738099534e-06,0.09560375000836854,0.0627156937730358,0.0013653685216147174,0.0037312085368385495,0.018693215585001543,0.002415648966083472,1.1641742295442977e-05,8.101047316287329e-05,1.5625748787641463e-05,4.351656492150205e-05,0.1543925989002217,4.44997446144844e-05,0.0197543006834905,1.7643859629738507e-05
Z_E_1868_BOX_0201,7.084394037889033e-05,0.17819654628475232,1.7343333574565905e-05,2.1573148438595886e-05,1.3678998818966004e-05,0.0002567242966720188,0.010192738361382089,0.13925890999098528,0.0001927566614465414,0.09953243406721211,0.00013556224090796785,3.0891902733753465e-05,0.06367355786620166,6.023757177901213e-05,3.140270329372869e-05,0.15884605716477693,0.000268093111891164,0.0007057946833333983,0.0069706521268990225,1.3593115459442329e-05,0.1001310533936637,0.05141295417556945,1.8396736581082598e-05,0.00012801591868852932,2.469241948784029e-05,0.08189050400539372,0.030598967939013712,7.032023719667539e-05,0.07667303948871866,0.0005626641147491538
Z_E_1868_DIE_0668,0.00012510158412380086,0.00020120615208325303,3.062616919050151e-05,3.8095495955931184e-05,0.013245188805724421,0.008952578920059412,5.627670233275766e-05,0.04570968809889666,0.008839620035268959,0.00011102222288223857,0.0030724646352520623,0.05577176342453456,0.03877953755873649,0.13326106554298203,0.000999812795082046,2.7593021581645584e-05,0.0014177786070355548,0.0012463455939765097,3.2630482117015545e-05,2.4003750610979195e-05,0.0002237499433686521,0.3882621315472219,3.248634783289786e-05,0.00022606018433399784,4.360374052116802e-05,0.15310767680077442,0.00020547706657057582,0.00012417678946450653,0.14578300269122516,4.9235290259850184e-05
Z_E_1868_GRT_0678,0.00016117458509401112,0.0002592238803969794,3.9457215085407945e-05,4.908031978693092e-05,3.112061451349281e-05,0.006667390970383487,7.250407109126065e-05,0.21948988005263037,0.00773852571818313,0.0001430354446315541,0.00030841293999037063,7.028109361574802e-05,7.832766582758966e-05,0.0889536105870642,7.144319820619691e-05,3.554946035304212e-05,0.03224322686007351,0.0028223942295731792,4.203947099041534e-05,3.0925224268911886e-05,0.1158714707325854,0.12670114643427893,4.1853775632493245e-05,0.011241232176258708,0.0012728421550444449,0.21793953539083324,0.05379799907911264,0.0025933137065340963,0.11116957067781609,6.343227014425005e-05
Z_E_1868_JEE_0168,0.00014687843371953704,0.16433083680571314,3.5957368510048995e-05,4.472690587386087e-05,2.8360222633519672e-05,0.05375213034643294,0.20185808849671813,0.15345378623679498,0.0015083834448133264,0.0023478429072113886,0.09452458051036383,6.404717557892937e-05,7.138001854915995e-05,0.0001248885952228293,6.510620173968454e-05,3.239623079025766e-05,0.10145183647591771,0.0635531520540599,3.831057886619344e-05,2.8182163462023216e-05,0.04683008703878275,0.00015305857251557382,3.814135464697378e-05,0.0002654112338695031,5.119398892442808e-05,0.00014257150635766692,0.00024124514421260135,0.003472034671059655,0.11128757947536867,5.7805841290843765e-05
Z_E_1868_JEE_0169,3.650465087710676e-05,0.09127045405734314,8.936718282448665e-06,1.1116268347851588e-05,7.0485502862218295e-06,0.007848082480814755,0.17279515957992814,0.15056904953608097,9.932415662807143e-05,3.239629229559366e-05,0.09844626351714364,1.591806043246622e-05,1.7740539511158275e-05,0.0005821677245126686,1.618126708091067e-05,8.051645600951332e-06,0.026867868742692213,0.0017415046077645482,9.521576932667363e-06,7.0042960841150955e-06,0.20067601000803942,0.0008647331673823128,9.479518538619124e-06,0.0014437852548493378,1.2723574491958491e-05,3.5434222253130945e-05,5.995822219955276e-05,3.623479573173031e-05,0.24645698010678016,1.4366861094182598e-05
Z_E_1868_MAA_0155,0.0011871791237037634,0.12077869567036613,3.3997261125825024e-05,4.228875363665407e-05,2.681425071995591e-05,0.0015515510008800378,0.2935885220254445,0.21427699978487277,0.0003778511509777231,0.00012324269087064373,0.013893731032780035,0.0021571704858748767,0.0021641036010494183,0.0001180806705096175,6.155713371617033e-05,3.063024807727737e-05,0.04874766631120961,0.018156450871179952,3.6222193324060834e-05,2.664589790660915e-05,0.1438664820436736,0.0001447150465391745,3.6062193852241396e-05,0.00025094314176709524,4.840330317970768e-05,0.00013479965113101153,0.00022809439352718493,0.00013784521044508393,0.13771860012728288,5.46547303764342e-05
Z_E_1868_SEY_0815,7.192087731946481e-05,0.00011567337920821815,0.010332937186980948,2.190109350141658e-05,0.016301250427035816,0.0013464511335706123,0.30514896277715414,0.35854070626273415,0.00019568685940198212,6.382665517445377e-05,0.0028521835766977094,3.136150720578995e-05,3.4952126238887e-05,0.03697917717805083,3.188007272052858e-05,1.5863222947544744e-05,0.0024438170047058724,0.0012594359651299679,1.8759258067351517e-05,0.0016425361003756175,0.21295018335595947,0.034821322497826476,1.8676395294364575e-05,0.000129961957701604,2.5067782271959794e-05,6.981193602309733e-05,0.00011812872714834249,7.138921304276801e-05,0.012689133762708995,0.0016570417078015944
Z_E_1868_SEY_0817,7.024290544395081e-05,0.0006432201664631951,1.71961939700934e-05,2.139012338664528e-05,1.3562947169082837e-05,0.00449651058738931,0.2317488996860005,0.2600339215740358,0.002842349028517365,6.233752800745413e-05,0.006497358622526107,3.062981803532424e-05,3.41366650403569e-05,0.1177742364374563,3.113628499979801e-05,1.5493121205838313e-05,0.020415149155382988,0.002290543392102788,1.8321589498561605e-05,1.3477792437852952e-05,0.14806413837706484,0.11619697178150104,0.003199713900978992,0.00012692984076925098,0.0021454650914284378,0.001128674247775899,0.00011537268899596111,6.972364532216372e-05,0.08185525183471061,2.7644972383448455e-05
Z_E_1868_SPI_0818,5.797685903947466e-05,0.0009685512783238631,1.4193338210007478e-05,0.0004553072357247639,1.1194540875152188e-05,0.004586619820683886,0.01928278311159071,0.05313223757860725,0.001033051746551552,5.1451944524722316e-05,0.09770740930548179,2.5281138805622718e-05,0.03416505702113802,0.07970202017543151,2.5699164848564184e-05,0.03852619233204732,0.08993812729782481,0.0001399518933828958,1.5122213482254278e-05,0.004825299839948827,0.08106937455498309,0.04338799657991593,0.06741351358943448,0.0005424172616994123,2.0207641138163882e-05,0.12697545128141421,9.522593185245338e-05,0.004871723857628888,0.25093774394872453,2.2817516685784935e-05
Z_E_1869_GTZ_0186,0.00013450085420257813,0.10479347886358195,3.292720828377934e-05,4.095772873885436e-05,2.5970280816497457e-05,0.05226832588399002,6.050494554864759e-05,0.05828180845783824,0.14860153800477463,0.009257173368065122,0.0022879962450246785,5.8649861701804475e-05,0.004126613515393303,0.00011436411944387603,0.42039886589741915,2.966617088628396e-05,0.05939709548590558,0.010477797105788665,3.508211145781612e-05,2.580722685371755e-05,0.015470243805997125,0.00014016018706790998,3.4927147917829914e-05,0.0012583569762397977,4.6879824804783496e-05,0.00013055687553606998,0.04692527589093118,0.0001335065768518295,0.06535803488859399,5.2934490344330005e-05
Z_E_1869_JEE_0170,5.2800598753493396e-05,0.22408579936223202,1.2926135844802773e-05,1.6078653283030385e-05,1.0195075600353658e-05,0.07392828263240891,2.3752245823691364e-05,0.08426053902418079,0.0029337097217720974,4.685823832034694e-05,0.018435627137634778,2.3024001096682243e-05,2.5660048401849137e-05,4.4895580911760064e-05,0.0012191389289946835,1.164596013018646e-05,0.08629267622132,0.05831985567366146,0.0028038186020490686,1.0131065993017322e-05,0.0742299581802501,0.05745026501059904,1.3711246175698266e-05,0.022814361619464183,1.8403472853958974e-05,0.057446495067263716,8.672401889252911e-05,0.0004509883528767007,0.23491089778838367,2.0780334827331264e-05
Z_E_1869_KRA_0160,0.00011903152230226413,0.10801602744924628,2.9140154911423972e-05,0.1393096681052836,2.2983363775140436e-05,0.0345757980840198,5.3546096923844464e-05,0.12705585807736045,0.023685861681023084,0.053119389123106195,0.02628537859294775,5.190437163074337e-05,5.7846969461114307e-05,0.00010121077159598882,5.276261536932595e-05,0.0018233305794066756,0.07682619530564064,0.0407215523934078,3.104721644452955e-05,2.2839063119786405e-05,0.085574022384838,0.00012403995894134365,3.091007570906535e-05,0.0002150915039299398,4.148804068836806e-05,0.05312929496849315,0.057701951918786874,0.0028137662005004007,0.16836121706948795,4.6846341648433385e-05
Z_E_1870_DNT_0192,3.8221441876139254e-05,0.49487976798299027,0.00029788079364920824,1.1639059526068e-05,7.380039216998111e-06,0.0015811258101974621,0.0008827652019003011,0.08205698596271986,0.001258090458147986,0.07303043799868579,0.0015157569381780407,1.6666676902310384e-05,0.04041190505596278,3.2499135934529754e-05,1.694226199553044e-05,0.009241191495748449,0.05179039841865271,0.025770880811904286,9.969370766653877e-06,0.0008729050649800147,0.04450102401757738,0.017639780679880552,9.925334392523624e-06,0.0006461142151163856,1.332195627725075e-05,0.053125477492705596,0.022567633411583136,3.7938895611316556e-05,0.07772033149129531,1.5042525625090658e-05
Z_E_1871_EIC_0315,0.0007757092104049975,0.1145358687435791,0.11030232465726528,0.004137449487303481,1.7520575318648267e-05,0.0845800867879674,0.0007257886531340325,0.1365848934161004,0.054359490854796855,8.05274355947228e-05,0.0001736332083675352,0.003464415666257764,4.40976436397551e-05,0.01720139533018644,4.022176151547667e-05,2.001396847040826e-05,0.05171610608350335,0.0002190387007693268,2.3667775503737435e-05,0.1253668531291167,0.06043961948307262,0.035712978423726394,2.356323099021612e-05,0.013178390593174907,0.050719379705789755,0.12749243026624651,0.006998734415354421,9.006880024883967e-05,0.000940020298469276,3.571169413166073e-05
Z_E_1871_FAH_0190,0.0003549048109781368,0.052716184513117124,0.005024393267350795,1.2642137834343164e-05,8.016066314910178e-06,0.02334125676197841,1.8675641566027575e-05,0.17249039866394858,0.02048326662552721,3.6843154528715466e-05,0.003840113578606878,1.8103045711516572e-05,0.0034674587115319402,0.007556644760711272,1.840238130008154e-05,0.004083218607849561,0.06878937708810859,0.018590187833716777,0.01724724367675801,7.965737580007845e-06,0.09879190254598078,0.08935923155577095,1.0780720311739835e-05,0.0007017976792656945,0.003148363729198062,0.2733158251561056,0.014484099191881258,0.002548323475643972,0.11951803995911696,1.6338921706097657e-05
Z_E_1872_DRS_0670,4.251471964780391e-05,6.837821604854833e-05,1.0408045638589644e-05,1.2946433426515862e-05,0.06130634161915566,0.01074484169415921,0.022484409364627537,0.29667103764116226,0.006534329359780706,3.77299673187461e-05,0.01933731121979356,1.8538785068822953e-05,0.0006625265771556161,0.0009989475419035303,1.8845325649247233e-05,0.22016916242922244,0.04765891694064965,0.010693404258615593,1.1089194504561534e-05,8.157472464230989e-06,0.11657458474921624,0.07674720250871972,1.1040211682131113e-05,0.00039775728101411394,0.0077172015186959845,0.04561370172292515,0.01611646122275801,4.220043597228485e-05,0.03927328134433207,1.6732198691459575e-05
Z_E_1872_KAL_0725,5.561584006899243e-05,0.005547234149196306,1.3615336205009561e-05,1.693594070189657e-05,1.073866030814739e-05,0.0006213703050377167,2.5018676609655155e-05,0.18741312963306278,0.002250471104393808,0.0038278230765271763,0.04502819036533405,0.002123399621847378,2.7028200091867828e-05,0.019359451112409703,2.4652605639627086e-05,1.2266903621191594e-05,0.036315811681323626,0.009790333452815837,0.26492698635436385,1.067123781354431e-05,0.24905842651792462,0.016431310509612978,1.4442307330913861e-05,0.00010049854401079979,1.9384715838892024e-05,0.018946317181617753,0.0013508368125918866,5.520470832970867e-05,0.13660094613717644,2.1888308193863135e-05
Z_E_1872_KAL_0726,0.0006659982922782426,0.001315792594770476,1.0128497030979898e-05,1.2598706527195193e-05,7.988527599322408e-06,0.006396181554861343,1.8611482518272525e-05,0.21312309932124865,0.00011256978162641133,3.67165820785805e-05,0.06660178093720516,1.8040853782515864e-05,2.0106374184317957e-05,0.020960131987542232,1.8339161021599312e-05,0.0009460635997840122,0.03482327986850704,0.01165544217578509,0.1961431892551107,7.938371765773672e-06,0.2592935676741389,0.00035542638263566815,0.005632372923083033,7.47612243505722e-05,1.4420359061597553e-05,0.02002817471592739,0.0006925795741310908,0.0006656924499150445,0.16033272398120935,1.6282790319430092e-05
Z_E_1872_KAL_0729,4.181685912660774e-05,0.00038292048027322833,1.0237202123351861e-05,1.2733923386381409e-05,0.3819623161601149,0.0036238472391239875,1.8811232088237328e-05,0.2643384867063517,0.0001137779478995081,3.711064641351852e-05,0.029121166924073603,1.8234479023348635e-05,0.00033598683054940565,0.04896357898898036,1.8535987874268527e-05,9.223332417719539e-06,0.0007895759141141576,0.03261440309709694,1.0907170228717608e-05,8.02357112293811e-06,0.052159460727257224,0.017089468155628524,1.0858991437885518e-05,7.556360655733125e-05,0.03126537673656523,0.0006719199856665283,0.03826410761669166,4.150773428011115e-05,0.0979735842065617,1.645754697091876e-05
Z_E_1872_KAL_0730,3.802396713419295e-05,6.115554944883778e-05,9.308662707207942e-06,1.1578925209736969e-05,0.2620685633761507,0.00013779126580195663,0.0011652374121732538,0.226584746827076,0.0006775242106864017,3.374461949148199e-05,0.033081566775268405,1.6580566919043615e-05,1.8478897211921445e-05,0.030744873062757055,0.0031742188422310565,0.0017305853611446818,0.051522818362511394,0.005545415997301842,9.917863057292945e-06,7.295813484072344e-06,0.02647505293354655,0.010085782429478954,0.015222628421923668,6.870980155582365e-05,0.06029020439544747,0.08327650835804162,0.1341069119681204,0.00635247110878289,0.04718030631708326,0.00030199790825280904
Z_E_1873_DEJ_0665,0.00010136239364626051,0.00016302541118367746,2.4814568409401788e-05,3.086652087005805e-05,1.9571695977937397e-05,0.00036731707861894255,4.559767404161227e-05,0.12349876127291455,0.0002757931940401384,8.995472230100511e-05,0.024679032776784026,0.21505374217362822,0.007700845265098133,0.07277624582965601,4.493049307805184e-05,2.2356988802641435e-05,0.11821799460669118,0.13950353100532928,2.6438544294843453e-05,0.030625789388508313,0.006302559422772555,0.03759839457621816,0.006912748389778044,0.00018316315938520127,0.013043024268301116,9.83901365517075e-05,0.05066694782547333,0.004691564173348037,0.14719534400882148,3.989243547602173e-05
Z_E_1873_DRS_0673,0.016775805398998565,0.0016049248614133371,2.3518880073246857e-05,0.006556107901532084,1.8549763306008442e-05,0.014852255616541743,0.04355557060371889,0.11342426563535976,0.006063039874694148,0.124820671991044,0.2692352204037964,4.1891770835511906e-05,4.6688013206935915e-05,8.168673112831166e-05,4.2584455264359114e-05,2.11896225545082e-05,0.14540473400777607,0.11408923118924941,2.505806034273228e-05,0.0254006396847348,0.03063047287726403,0.00010011205937303538,0.013078653515977479,0.00017359932715111837,3.348479980252902e-05,0.008070517576941182,0.00015779284886778227,0.047233742880591685,0.018400180189504154,3.780945895616774e-05
Z_E_1873_ECK_0674,0.00010539457132699633,0.00016951053254596148,2.580168745126918e-05,3.2094385485889426e-05,2.0350254503023074e-05,0.00038192888555129616,4.741154126544376e-05,0.08624491142841534,0.0002867641974024738,9.353310487950574e-05,0.0017928687878736981,4.595790167354057e-05,5.121968056023108e-05,0.31275899343720553,4.671781996385945e-05,0.126523071019289,0.006763613331324083,0.0018456075427037437,2.7490264803623547e-05,2.022248577908268e-05,0.05588024975520518,0.09717258776654256,2.7368835717057592e-05,0.0001904493567276149,3.6734926841008406e-05,0.021583406381432958,0.00017310865805906603,0.00010461545779806318,0.28750653665233095,4.1479349341907365e-05
Z_E_1873_KAL_0727,2.498574914849414e-05,0.008339068014537354,6.1167713113524515e-06,0.32309818853326683,4.824407440711384e-06,0.00027915432996671697,0.0007656836430625989,0.3107182374183024,0.00044520472865176294,0.008132445184837469,0.022869737610810112,1.0895177883911692e-05,0.0007665864335189201,0.0030390204301671774,1.107533069004011e-05,5.510979899388944e-06,0.033667304451568174,0.06022721102989709,0.0037787363440584063,0.0035884024182691577,0.11377709897200705,2.6037063448015513e-05,0.018490362686578377,4.5149572627650014e-05,8.70869965579164e-06,2.4253090146492826e-05,0.022485743257261142,2.4801045752986942e-05,0.06532962317172299,9.833453511416159e-06
Z_E_1873_KNA_0738,7.364001985726676e-05,0.00011843834863155865,0.02225360700086528,2.2424600761977665e-05,0.04337359824163507,0.0002668567304932627,3.312681854759438e-05,0.09806048572617884,0.005759259200340207,6.535231951623626e-05,0.0018085810690199402,0.022267690307025047,0.006150571864001921,0.2107447275590319,3.2642109992107406e-05,1.6242405493311317e-05,0.03196437455192625,0.00017776161693687902,0.006689881412641901,0.022805598247516472,0.030149740429416712,0.1268195397386552,0.008357465006025603,0.006247852738990031,2.5666983678258827e-05,0.1712854401842112,0.026803647376898512,7.309564707772677e-05,0.15752370979546168,2.8981949172007843e-05
Z_E_1876_BAR_0648,0.04969225904378255,0.0019541835646153458,1.5042600567036085e-05,0.0199638044206625,1.1864369355867286e-05,0.0020780252491331445,2.7641326904319863e-05,0.1880418023530092,0.01872076093576856,5.453058599963351e-05,0.03026713819074867,2.6793842808919998e-05,0.01580040025353211,0.025099572821376856,2.7236881556925974e-05,1.3552814898542132e-05,0.010436994649061384,0.02565949157808942,1.6027055350700268e-05,0.0004756292540993513,0.0877755407299918,0.129011377598666,0.0014074743861221188,0.00011103357510679233,2.1416770991131452e-05,0.09282751913385291,0.15409559629645767,6.099169086386539e-05,0.04284593459623742,0.1034603634303892
Z_E_1876_HEI_0711,0.00010415163141068386,0.00016751145987567117,2.5497402829797537e-05,0.2162404969698076,2.01102597546176e-05,0.017674127205837012,4.685240718110955e-05,0.08522780740072664,0.009717947320663129,0.0008786437990652493,0.0009855113671138147,4.541591066071337e-05,0.0008368293856857234,0.0032334136143896052,4.616686707790842e-05,2.297219682234094e-05,0.1371953310417745,0.045851811877700904,0.011034158557788108,1.9983997833589754e-05,0.09060086116724517,0.12826137512272526,0.04484122978416251,0.006477913343240699,3.630170427253431e-05,0.005604593830960789,0.00017106715195251964,0.00010338170612828236,0.18662540784667386,0.00790312766863962
Z_E_1876_ON_0820,0.0002577691797790497,0.004306246884080157,6.310457671101569e-05,7.849496722694366e-05,4.977171352843215e-05,0.0009341040465645575,0.00011595696011833951,0.12920884240403469,0.0007013546430687855,0.00022875895241487046,0.0004932499160968345,0.00011240171547355906,0.00207110365379344,0.15393997824418307,0.00011426028856635004,5.6854839933023715e-05,0.0009754700428434974,0.004513901773941867,6.723442129057587e-05,4.9459222678506414e-05,0.00046103204672988076,0.6209893174300958,6.693743563323768e-05,0.0004657922495914194,8.98445891645717e-05,0.00025021059472797873,0.0023692140911564866,0.0002558636598573,0.07661202117790032,0.00010144827881560341
Z_K_1865_LEH_0528,0.018803881116064593,0.023711010232936296,2.2475710915531495e-05,2.7957246267510992e-05,0.09219200991892827,0.13062416378313904,4.129993813600315e-05,0.024535577996232565,0.2989499185918211,8.147618369047607e-05,0.007106076110614485,4.0033680519919205e-05,4.46171877568804e-05,0.018097096305214617,4.069564124806499e-05,2.024976654760433e-05,0.052325408451126654,0.027250168471080135,0.002103065785200313,1.7615698400445183e-05,0.0001642039855928197,9.567163481506015e-05,0.14140394397362427,0.03065964714203098,0.0007250393180551882,8.911653145004899e-05,0.02925846231042073,0.024347520204204713,0.0016441350335814485,0.07557746205038418
Z_K_1869_FRI_0096,0.0036160178396424463,0.00012563158828090225,1.9122746688035225e-05,2.378653740822011e-05,1.5082453914432485e-05,0.05806885162582813,3.5138744139147865e-05,0.008492650571927345,0.0013918351393197223,6.932143003957822e-05,0.019607950326368848,3.406138895669463e-05,3.796112090130762e-05,0.003014672371566721,0.32847017252933647,1.7228872431977093e-05,0.3464206740162543,0.034977960541712226,0.0006100251183610256,0.0006046386529395915,0.0013190095476951198,0.008336511695319477,2.0284228058812443e-05,0.04200636372733805,2.72258433449691e-05,7.582197791385466e-05,0.0001282983147447743,0.04607030476955084,0.09633265413992442,3.074214009249995e-05
Z_K_1869_ZIL_0095,0.00012109895093745393,0.0029372026026452066,0.030196420879899544,3.687662812598701e-05,0.0018516719255641672,0.18143948600375043,5.4476125641799446e-05,0.07715641235550501,0.010385085196313499,0.0010216147445155233,0.08981790598454208,5.280588563413851e-05,0.0009729963837107958,0.005587836784621592,0.04850334732806617,2.6710181091112825e-05,0.16134773652213086,0.05514100508758288,3.158646775442509e-05,2.323574907474588e-05,0.035868233755106026,0.00012619437785545194,3.144694505594751e-05,0.0294714572864712,0.14904779225129852,0.031198467238996073,0.00019890281468200893,0.021145531494532764,0.06615880204489598,4.7660003998578874e-05
Z_K_1870_STO_0099,0.00012143197010755377,0.029528378090214052,0.02569616750093779,3.6978037956539046e-05,2.3446857512472565e-05,0.04993960747907927,5.4625933662521746e-05,0.21578403323478673,0.0003303997635594943,0.00010776559981022057,0.22298039430094183,5.295110053545793e-05,5.901353969561888e-05,0.010186496001931463,5.382665203637806e-05,2.67836334395545e-05,0.006876142164784471,0.008543054929788657,3.167332977260555e-05,2.3299646819636475e-05,0.1303827022477161,0.0010431999697339631,3.153342339010018e-05,0.00021942914423360625,0.029375398641842347,0.14128328951419097,0.059782256219124905,0.00012053430251837342,0.03884098032936937,0.028464206440507886
Z_K_1875_BAR_0100,5.380860446180427e-05,0.050047574299371206,0.0065121688934090104,0.01017106683777485,1.0389707756890282e-05,0.0006011788894424387,0.04714192660300106,0.13501779733644195,0.01964339380682625,0.12352867655794526,0.00010296455789952378,2.3463547713226548e-05,2.614991927216547e-05,4.575267349982456e-05,2.3851519713987323e-05,0.1064329275825574,0.08062870202033046,0.03953005320486963,0.010574903479111135,1.0324476154896592e-05,0.26371176390071516,0.02158399689314499,1.3973004843960434e-05,9.723284583953103e-05,1.8754809886634336e-05,0.009394537502421224,8.837964985420538e-05,5.3410832440139754e-05,0.06676595401114192,0.008144922032159274
Z_K_1875_FAL_0530,0.027934992237958336,0.0006517245413796627,9.920087364742594e-05,0.00012339468437444728,7.824151150811844e-05,0.12382298367685685,0.00018228522159203405,0.022644297735652887,0.12651596397325732,0.000359610809817281,0.000775392612605609,0.000176696350020838,0.000196926540913783,0.006462276761528032,0.0001796180410320429,8.937623998761361e-05,0.08106391357849102,0.004037023730262531,0.00010569302067816485,7.77502735197643e-05,0.0007247458773791519,0.0004222651640519655,0.1683427530655431,0.41367888590982055,0.00014123637622093032,0.00039333295438339705,0.01595987903960272,0.0004022196156818726,0.004197842117790863,0.00015947746444163624
Z_L_1867_HOR_0714,0.0001780737664068007,0.00028640354617913877,4.35943104682632e-05,5.4226399254020916e-05,0.0013786164585843105,0.018120330732749733,8.01061346707755e-05,0.17394755449985827,0.0004845143355974891,0.0001580327341333338,0.14686212993069628,7.765007764744815e-05,8.654033425701945e-05,0.33620962418427613,7.893402909214498e-05,3.9276827020233906e-05,0.10283557654114013,0.04075684231396298,0.0013906801589286717,3.4167739034835987e-05,0.08903786074243289,0.000185566497398394,0.00811163920641319,0.00032178160445301633,0.004094765546061363,0.0001728520959576645,0.0002924829082758354,0.00017675738285109394,0.07443333580827127,7.008315392734944e-05
Z_L_1869_EMS_0214,0.00010522713467181543,0.00016924123711423218,0.005586087816104855,3.204339826246621e-05,2.0317924768168948e-05,0.013090641257428082,0.5235124178412957,0.12344152210670102,0.036031268675187994,0.05807965303767187,0.037534980570173994,4.588488996868268e-05,5.113830965199112e-05,0.015976122012747306,4.664360100349362e-05,2.3209415119002684e-05,0.05441281494961817,0.0010483430452423706,2.7446591985082686e-05,2.019035902591446e-05,0.06850079389320074,0.00010965473020720119,2.7325355808643318e-05,0.0017788116876320673,3.6676567352458565e-05,0.0008964739970409293,0.008910490547522272,0.0001044492588931919,0.05033871633604444,4.141345255590175e-05
Z_L_1872_SEY_0811,4.748253409194944e-05,0.0004348015403077017,1.162421829330883e-05,0.00037289259371385666,9.168229834358957e-06,0.0001720672241516532,2.1359924862768157e-05,0.14638521174906066,0.018050862415877555,4.213868689107163e-05,0.008334827124818728,2.0705028784052662e-05,2.3075573986010192e-05,0.36241651971860805,2.104738841105102e-05,0.027968276531381606,0.00734835465041508,0.0001146193612224088,1.2384958914866088e-05,9.110667260556537e-06,0.08216616845364857,0.20686554002830373,1.2330252484828686e-05,0.0015195350700434626,1.654987912690209e-05,0.010799091565475377,7.798919483622207e-05,4.713152659475787e-05,0.12666044656451228,1.8687344086521346e-05
Z_L_1872_SEY_0812,5.8852596210242416e-05,0.000983181190503916,0.010232457633612028,0.0022392367832583474,0.001344152751932852,0.0006575330987368902,0.012465839827766213,0.2320842758097033,0.0028257080921856256,5.222912323145254e-05,0.011219192388810249,2.566300897482848e-05,2.8601199664035782e-05,0.16798147039345862,2.6087349277462827e-05,0.01111955680309895,0.00022271454095429513,0.0005863288981866629,1.535063366006485e-05,1.1292287400943887e-05,0.10228575963645,0.24174042233574172,1.528282734983591e-05,0.00010634740431948362,2.0512876412571845e-05,0.03915227432289816,0.15025757162595782,5.8417537237631985e-05,0.011716261809639307,0.00046742521336648636
Z_L_1873_RAM_0776,3.33606453148305e-05,5.3655332359090445e-05,8.167033014587766e-06,1.0158866792771412e-05,6.441485685591365e-06,0.0044020174487850346,1.5007220885017056e-05,0.14087491639457925,0.0026090786481471114,2.9606123899863297e-05,0.0005674984866413527,0.02142017275030499,1.6212614888933153e-05,0.28384177911939823,1.47876366123348e-05,7.35818824835017e-06,0.02027271713239919,0.04843206103861858,8.701520032555458e-06,6.401042928170024e-06,5.966705019936583e-05,0.393898276331472,8.663083966666807e-06,0.05596674070213002,1.162774182369317e-05,0.005069000208922964,5.4794250498132936e-05,3.311403175806501e-05,0.01772193235095094,0.004546085518742311
Z_L_1873_SEY_0813,0.00010341984050560433,0.0001663344897104104,2.531825280361676e-05,3.1493047376965515e-05,1.9968960909963055e-05,0.0034975314511204916,4.6523212477274106e-05,0.1002427721765131,0.00028139122522798235,9.178061703596214e-05,0.0001978973114468643,4.509680907855606e-05,5.026000037375991e-05,0.6582093104571498,4.58424891206356e-05,2.281078941588373e-05,0.021469989871507153,0.007275854764497471,2.6975192039320384e-05,1.984358613130844e-05,0.011114626232005315,0.11564983943708318,2.6856038115097573e-05,0.00018688099253286468,3.604664098964845e-05,0.009468663040235924,0.0001698651987592654,0.0001026553248774888,0.07133345038158535,4.070216937366578e-05
Z_L_1876_GUD_0705,9.049164284011324e-05,0.00014554152434659079,2.215329552665892e-05,2.7556197933110276e-05,1.7472702237001e-05,0.0003279236479305993,4.070748810563143e-05,0.1580708267588933,0.002295509447108484,8.030740306559871e-05,0.0022224528518916824,3.9459395029180377e-05,4.3977151586496376e-05,0.028767060812764787,0.026680934867802396,1.995928246100251e-05,0.028349464524932273,0.027542361234907338,2.360310586084656e-05,1.7363000175619877e-05,0.037049141865374884,0.04312947484777582,0.0396431843459477,0.0015297156234373307,0.5389958829515521,0.06361595455306808,0.0008317288961095623,8.982269697027924e-05,0.0002543537685848678,3.561411578061722e-05
Z_M_1865_DIE_0525,0.002242415629580787,0.00015252208940394146,2.32158274834515e-05,2.887786769896507e-05,0.013619674571712677,0.03828429822994868,0.0021902436921670356,0.002435965062482479,0.006700775813049217,8.415916327082583e-05,0.11686684838598603,4.1351974314449796e-05,4.608641469243622e-05,8.063415654383935e-05,4.203573315630395e-05,0.0014526390921900053,0.10559047445584437,0.1355266942438805,2.4735174641607775e-05,0.13460011158233826,0.0001696111600627388,0.007257434608031641,0.006467377203819886,0.03524856387257626,3.305333132837839e-05,0.0008079123590469607,0.00015575960870704158,0.373057844319285,0.00026655326310823663,0.016502131113647966
Z_M_1865_HOR_0716,0.00020864467158447015,0.0003355720218589813,5.107838607638299e-05,6.353574415738008e-05,4.028644088574654e-05,0.008631110162495558,0.0630940466078442,0.03370958196133573,0.0005676935826570194,0.18603571830850382,0.16734974729277113,9.098069455244418e-05,0.00010139719052506391,0.00017740752862785352,9.248506901991736e-05,4.601969644307911e-05,0.32209052916229336,0.0005036529628591564,5.442118317390966e-05,4.00335031574588e-05,0.00037317060194055874,0.00021742372101188806,5.4180795727304374e-05,0.0019520283317170704,7.272240543245608e-05,0.00020252656818290846,0.0712179067994083,0.06793230462448245,0.07461167926595266,8.211471532180306e-05
Z_M_1865_RAM_0773,0.0002899255393718376,0.00046629946835797734,7.097678805299793e-05,8.828710915227888e-05,0.17951896425867447,0.0010506322740437121,0.006696141347284149,0.27007613159207744,0.000788847694503107,0.00025729632503725835,0.004931928123076588,0.002314996649401944,0.0001408980873104466,0.07028085452768364,0.00012851410637911047,6.394740499081617e-05,0.0010971586229001004,0.0006998590273322547,7.56218252070796e-05,5.5629194398915665e-05,0.16466151797275597,0.09222218937379265,7.528779098714967e-05,0.002712472178869217,0.0022896255518276816,0.08344719691442315,0.07051053246181604,0.00028778230839453223,0.044586381666308794,0.00011410381558869707
Z_M_1865_RAM_0774,0.023740728417941868,0.00045436649753487137,0.02565994840147275,8.602777246188892e-05,5.454807865685119e-05,0.009554008421406862,0.00012708482254144708,0.3122136808409289,0.0007686604604161203,0.00025071190933896527,0.0048057161962185724,0.00012318839722715586,0.00013729239423336114,0.23482243385623813,0.0001252253291322058,6.231094050876161e-05,0.01812960677945262,0.0006819490833581566,0.002206252266892092,5.4205599480369595e-05,0.0005052751968039953,0.0002943930010907927,7.336111709161768e-05,0.0005104922146984153,9.846656603136481e-05,0.18794000058085505,0.10709229432429146,0.00028041773236022784,0.0669036033285178,0.0022437494728173688
Z_M_1865_SEY_0798,9.684231080789196e-05,0.0001557555713860801,2.3708005109404213e-05,2.9490081085577472e-05,1.8698929620264617e-05,0.010585463280416124,4.356432363925012e-05,0.3014819767805994,0.006842832861589002,8.594334508430317e-05,0.0016473861433938942,0.004428454102573079,0.0007781010279349402,0.24644200709578748,4.292689447135071e-05,2.1360017068162813e-05,0.0010975157307636,0.0280131981790961,2.5259562563654064e-05,1.858152871128446e-05,0.09374601680264727,0.2413433175499049,2.514798686108914e-05,0.00017499531109772197,3.3754064918625206e-05,0.0563838960343281,0.0001590617263889291,9.612641857953909e-05,0.00612050483312883,3.8113500444108705e-05
Z_M_1866_BES_0654,0.00017117095771497612,0.009320178733832864,4.1904431092505054e-05,5.212438014334572e-05,3.305077775038794e-05,0.000620289378245076,7.700091971502118e-05,0.1077669284047229,0.00046573273831585697,0.00015190679120091812,0.002911791979545929,7.46400686959826e-05,8.31857055345714e-05,0.3037949952443777,7.58742493553966e-05,0.0013298796332351526,0.0006477583611776732,0.01850294869272986,4.464684371337484e-05,3.2843269009021714e-05,0.00030614713924951236,0.4756804923637877,4.4449631155078445e-05,0.02873606526105289,5.9661067261766656e-05,0.00016615169884442023,0.006741771789598565,0.00016990560213511028,0.041829137419417795,6.736646738872118e-05
Z_M_1866_WK_0835,6.24304829477322e-05,0.00010040957782102542,0.005199271030637906,0.024525133361522528,1.2054474919692243e-05,0.007766580914187349,0.015580046427243298,0.28483788487536493,0.013836740665790692,0.026917884500602167,0.03075211562178884,2.722316681607492e-05,3.033998197006499e-05,0.0174901322551272,2.7673304477513187e-05,1.376997482001984e-05,0.03511035130392387,0.040680058643733474,1.6283860605367426e-05,1.1978791105613567e-05,0.12546990053191068,0.0033639584147940925,0.28937696311068717,0.00011281269203800443,0.017930080042436153,6.05998291995054e-05,0.018010861033279722,0.0005332405567092527,0.042118650277564035,2.457029597604774e-05
Z_M_1867_SEY_0797,0.0013670407050673764,0.00013658465627653665,2.0789944783700642e-05,0.0013079784123723826,0.0012985154718136507,0.008641510127118873,3.820228141590928e-05,0.16629253749151165,0.00023106286521761587,0.0007164241859864966,0.00016250229467790867,3.7030998068331875e-05,4.12707243546433e-05,0.19303097783714668,3.7643309155569565e-05,1.8730954940188463e-05,0.00032137080043720965,0.0008460560613704335,2.2150531372649803e-05,1.6294452195436535e-05,0.12323522265036557,0.4026735694930559,2.2052688779617494e-05,0.0007945153390698312,2.9599502051959023e-05,0.05521350940200844,0.0052679561539153005,8.42948584371102e-05,0.038061183443317055,3.3422363715969465e-05
Z_M_1867_SEY_0800,8.213210527347713e-05,0.0001320965276364472,2.010679376840147e-05,2.5010580850851022e-05,1.585858952828455e-05,0.0002976303526844549,3.694696652173582e-05,0.2972269054313253,0.0008434642496170587,7.288867652096059e-05,0.00015716252063076,3.581417117479649e-05,3.991458139523e-05,0.6981831215393529,3.6406361913217606e-05,1.811546168043989e-05,0.0003108106574983832,0.0001982608894476357,0.0006414167090392013,1.575902164586704e-05,0.0001468970519630087,8.558794148677735e-05,2.1328044395680332e-05,0.00014841377899330038,2.862687176892917e-05,7.972373937160625e-05,0.000134900482524338,0.0007015189931559356,0.00023085679342819477,3.232411540680784e-05
Z_M_1867_SEY_0804,8.213210527347713e-05,0.0001320965276364472,2.010679376840147e-05,2.5010580850851022e-05,1.585858952828455e-05,0.0009176243898116292,3.694696652173582e-05,0.29412693524568945,0.00022347021248988447,7.288867652096059e-05,0.005737108854775327,3.581417117479649e-05,3.991458139523e-05,0.6969431334650986,3.6406361913217606e-05,1.811546168043989e-05,0.0003108106574983832,0.0001982608894476357,2.1422671912027017e-05,1.575902164586704e-05,0.0001468970519630087,8.558794148677735e-05,2.1328044395680332e-05,0.00014841377899330038,2.862687176892917e-05,7.972373937160625e-05,0.000134900482524338,8.152495602876137e-05,0.00023085679342819477,3.232411540680784e-05
Z_M_1867_STA_0300,0.07874514566250705,0.028074967551779947,0.0010273772249209938,4.014258364929593e-05,2.5453417515385277e-05,0.38160304811652723,0.010010354144177754,0.04319040296006395,0.011304833776391302,0.0001169880784367938,0.001247354962063395,5.74826058933994e-05,0.004044485212697961,0.00011208803253044535,5.843308626789255e-05,0.003014391763940748,0.11493597238569413,0.0023084241696831906,3.438390353060134e-05,2.5293608669978467e-05,0.00023577330056528451,0.00013737070406292062,3.4232024091530156e-05,0.3027502302691523,4.5946817527142944e-05,0.0001279585186623315,0.0002165185181566609,0.00013084951470762702,0.01629221610366602,5.188098246679173e-05
Z_M_1868_JEE_0166,0.00847772125806613,0.1408631949250135,7.025822219233957e-06,0.004124929643430877,0.0010887493695926661,0.10885808049957608,1.2910204446899345e-05,0.06118020295926789,0.003327710075636677,2.5469146843108768e-05,0.05594844819129037,1.2514377105651197e-05,1.3947164131097775e-05,0.01648916362755182,1.27213035254448e-05,0.0017394627642163363,0.08503211052932053,0.12312170359743024,0.0786483847801557,5.5066006897092675e-06,0.03168100248391823,0.04032524334921951,7.452558072360052e-06,0.08670849771693676,1.000295293511104e-05,0.005877180568434816,4.7137640064442114e-05,2.8486881304222977e-05,0.14631374414624354,1.1294863361016528e-05
Z_M_1869_BCH_0198,5.385235273984951e-05,0.05374692217115654,1.3183616161767027e-05,0.18254275357859312,1.0398154952804456e-05,0.18597364477333578,2.4225375292290902e-05,0.06398701014082601,0.0029921473336084847,0.01834107883855892,0.03709614019384205,2.3482624398443587e-05,2.617118007144881e-05,4.5789872024142435e-05,2.3870911834015073e-05,1.1877940169826778e-05,0.1611847197187634,0.013138555433921803,1.4046410725686054e-05,1.033287031523607e-05,0.07367598376310584,0.01469074804573405,1.3984365385776287e-05,0.043188166226450365,0.0004252875518533019,0.017126007969451136,8.845150560170217e-05,5.3454257315614407e-05,0.13145651855807133,2.1194265739260828e-05
Z_M_1871_HLS_0175,0.00014590778451347482,0.10046390402114692,3.571974348701117e-05,4.4431327179448995e-05,0.002231013119547242,0.23733407465629655,6.563633078355855e-05,0.03348630660977041,0.0014984152612204842,0.00012948682213710465,0.030017543674815517,6.362391847744827e-05,7.090830220130083e-05,0.0001240632663251183,6.467594604163548e-05,3.21821396204402e-05,0.04460896183034486,0.10278428540609535,3.805740260322171e-05,2.799592104442117e-05,0.041013508637487074,0.0001520470817328157,3.788929670579969e-05,0.3714422505107571,5.085567237620331e-05,0.00014162931957129764,0.0002396508706234408,0.0023476694991838233,0.031249881797733227,5.742383017774968e-05
Z_M_1872_LAN_0158,0.017507794011149668,0.0794386385387057,0.00018125896021097665,0.00022546567749763286,0.0001429621988179406,0.371565629595129,0.00033306994699493664,0.002251554227460134,0.06349496655870812,0.03419185478680442,0.007005920048860388,0.00032285801021957977,0.0003598224363511225,0.11241214629873297,0.00032819649823160034,0.00016330747635650406,0.05869319471123427,0.1135698748944234,0.00019312135392850465,0.00014206461310411244,0.0013242492663707078,0.0007715591784141792,0.00019226830468465643,0.12988790112420365,0.0002580658592661136,0.0007186945004298965,0.0012161024515379268,0.0007349321294696747,0.00208113052813997,0.00029139581456220427
Z_M_1872_LIN_0322,0.014730844409283262,0.03591874881398446,2.6346681895631982e-05,0.00734438412106155,2.078010141386809e-05,0.22867476532582495,4.8412988424167225e-05,0.014138094337456468,0.016540847630906366,0.1422657386634503,0.00020593591323752494,4.692864442569415e-05,0.006551512075140592,9.150836746600799e-05,4.770461404006599e-05,2.3737365180376315e-05,0.3391786146451246,0.03925505170044478,2.8070926111932673e-05,2.0649633903468774e-05,0.00019248468672104974,0.00011214907231991568,2.7946932147480826e-05,0.07087338640969564,3.751085791451805e-05,0.00010446498954273461,0.008300778272103801,0.028540871173261616,0.04660937515334987,4.235549416731146e-05
Z_M_1872_RIC_0127,0.00011946088296941255,0.11020921259997983,2.9245266869261538e-05,3.637780940926871e-05,0.0018266249334547577,0.16545852032881597,5.373924397811833e-05,0.12210348746719143,0.0039321540373278095,0.00010601634557732077,0.035397986367597,5.209159678925813e-05,5.8055630267259985e-05,0.00010157585072439573,5.295293631370522e-05,2.6348880751785075e-05,0.0608712884123695,0.04086843981083117,3.115920739707634e-05,2.292144630021196e-05,0.03448127594344036,0.000124487385627099,3.102157197888831e-05,0.40331122921294127,4.163769291900495e-05,0.0019195165885006534,0.0001962123179686877,0.000118577786345669,0.01837136712346445,4.701532189933329e-05
Z_M_1874_HEI_0179,0.0023162794209315224,0.07406764793781302,6.633131828338442e-05,8.25086693571837e-05,5.2316702585338126e-05,0.4305010979651739,0.00012188621538508205,0.03968521500342004,0.0007372171795394378,0.00024045613921621584,0.0005184713832675225,0.00011814917955663215,0.0001316762300927277,0.010457032970249695,0.00012010278751656532,5.976201220425824e-05,0.10329183235749977,0.0579232835562731,7.067233520395108e-05,5.1988233065258917e-05,0.00048460610979966535,0.00028235038631076864,7.036016370721935e-05,0.27047312581195115,9.443863425637731e-05,0.0002630046735402519,0.000445030020498161,0.002314276465599079,0.004852244479527959,0.0001066356581747683
Z_M_1874_NOE_0325,0.0012291180927198348,0.03915496170442615,5.58867457843409e-06,6.95168006411268e-06,4.407888058504271e-06,0.3514576277241647,1.0269393267203949e-05,0.03935999374609322,0.0014407300309456255,0.0003649135215782563,4.368325421987857e-05,9.954533293459286e-06,1.109424052993083e-05,0.0003640649575760487,1.0119132451510994e-05,5.0351846911154855e-06,0.11502854726355884,0.19306142809577995,5.954422335849011e-06,4.380213208913397e-06,0.00021315704449912783,2.3789131092564276e-05,5.928120658857716e-06,0.2252727357320349,7.95682655115959e-06,2.2159178666466373e-05,3.7495530415548586e-05,0.024665431240516716,0.008163538968211566,8.98447381144839e-06
Z_M_1876_BRU_0199,0.047769701643040084,0.008851918995443337,5.5068080422069756e-05,6.849847337976843e-05,4.343318450386613e-05,0.4694706343685579,0.00010118960522527017,0.004080096430403117,0.15683053249292556,0.16660628565961993,0.00043043353530740217,9.808712822244563e-05,0.00010931724886640251,0.00019126469734869676,9.970900824887868e-05,4.961426034364188e-05,0.034811784728086145,0.0005429929172403042,5.867198088842324e-05,4.316048999973095e-05,0.000402318677181471,0.007026515080582989,5.841281695903987e-05,0.08700585674929799,7.840269786230562e-05,0.00021834576620381648,0.01395367982752802,0.00022327890198251378,0.0006322659203111561,8.852863401780808e-05
Z_R_1865_BLI_0296,0.09805031416468346,0.1610667231732271,0.00011303069519205756,0.00014059742061767826,8.914934025754394e-05,0.13062950792106054,0.0036930054188598614,0.011859961686578826,0.21037468549584817,0.05268935591883983,0.05316310281732383,0.00020132999384398759,0.00022438052209462197,0.00039258280915776167,0.00020465900450680288,0.00010183638679793294,0.12024767904855607,0.0011145270808356998,0.00012042792734528982,8.858961765342897e-05,0.0008257843640459599,0.0004811341200261734,0.0001198959770960277,0.03568738463202972,0.00016092646368616912,0.00044816840458395345,0.025155497209915712,0.00045829397573641183,0.091915757825705,0.00018171058389436387
Z_R_1865_HJ_0297,0.001641457680502444,0.019151619219426465,4.7006440963122655e-05,5.847070426845094e-05,3.707482460934238e-05,0.225359951808819,8.637604884075551e-05,0.041168392264430684,0.11937701463007498,0.008867078358966851,0.11632310581112199,8.372775601930699e-05,9.331385379160817e-05,0.0001632646831947283,8.511220245592618e-05,4.2351027707835675e-05,0.2166940888468207,0.000463501983581413,5.008275183523219e-05,3.684205095877473e-05,0.04092791143050377,0.005997875062656872,4.986152796374515e-05,0.0032458596084244955,6.692500919165857e-05,0.007433611568720366,0.09452936978423654,0.00019059219867314573,0.03242751937593477,0.06530064148530514
Z_R_1865_JEN_0595,0.00027718605911863947,0.07786482930485,0.010529887663151643,8.440772727342031e-05,0.002145926774627295,0.23326152477996753,0.00012469160521878694,0.028044192814285957,0.27485936168170605,0.0002459905895745101,0.0005304047618131626,0.01895252189433709,0.000134706951459173,0.008605310979135302,0.0064000849085787525,6.113752247791707e-05,0.17471864079527075,0.0006691068546259831,7.229896254715772e-05,5.318481842196044e-05,0.019327413367759158,0.027490126138362766,7.197960596603776e-05,0.09884395734674437,9.661227779444914e-05,0.012823493670321807,0.0004552730384740217,0.0002751370028345073,0.0028715200692125075,0.00010909003408929473
Z_R_1865_KPK_0293,0.0016534405449589462,0.12441338836718376,4.7349594379341864e-05,5.8897548366990605e-05,0.013177590441009352,0.24160538231013476,0.0044670882607972875,0.022488573292111205,0.16696935407024624,0.014771918111116682,0.031030674431606984,8.433898003290406e-05,9.399505762353177e-05,0.00016445653760102487,8.57335331169223e-05,4.266019597372799e-05,0.08395348109763397,0.08806851871203891,5.04483627394783e-05,3.711100294467266e-05,0.0061860375135377645,0.00020155149348229177,5.022552390362266e-05,0.00034950038860406276,6.741357086669873e-05,0.0001877418530836224,0.17406091683913674,0.02501244625958274,0.0005436458768338763,7.612022935196529e-05
Z_R_1865_KPK_0295,0.14473355381349992,0.0013932953364326306,0.00021207750490783385,0.00026380046685910906,0.00016726933877451682,0.37588626667094854,0.0003897001463334723,0.01571321651510601,0.06121185283579507,0.0073082182468691,0.1389855202631621,0.00037775192557200794,0.0004210012262145964,0.0007365962183495159,0.020002260946465112,0.00019107382100267117,0.003278292377206835,0.0020911675545675656,0.00022595680146188831,0.000166219141099279,0.0015494046747318916,0.0009027434851019752,0.00022495871256747848,0.05388077005388712,0.0003019434927318933,0.013919732397664902,0.0014228702036813575,0.000859888924184014,0.15284165653298562,0.0003409403718360056
Z_R_1865_ON_0294,0.00022648002699281338,0.0738787427193091,5.544466661658859e-05,6.896690407905422e-05,4.373020480206396e-05,0.2606858758963744,0.00010188159608575738,0.0006887200134293716,0.2792874097699217,0.00020099118817143555,0.005562294661574666,9.875790261780239e-05,0.00011006482107938578,0.0001925726718407852,0.00010039087396288028,4.995355027990758e-05,0.12395108518412132,0.04841660363804589,5.9073212560896756e-05,4.3455645461079716e-05,0.0004050699562974741,0.0002360095267696044,0.010316647440519697,0.11666471753908764,7.893885916303878e-05,0.00021983893612282897,0.03456477318765537,0.042965785658244916,0.0006365897067048162,8.913404210785212e-05
Z_R_1865_ON_0596,0.014916902463901708,0.002806434484600885,0.0004271754936791443,0.0005313580745506313,0.000336920987444854,0.12487106356951644,0.0007849505418746871,0.005306268928946454,0.41307903783851196,0.05423645880537944,0.0823708419026339,0.000760883929507741,0.0008479985028393373,0.0014836833041410526,0.0007734652178996679,0.013556847666228633,0.059291190099280335,0.017384096949574244,0.0004551317607050794,0.0003348056348025482,0.003120876526367136,0.0018183441665897441,0.00045312136777636927,0.17438882276515533,0.0006081873729465363,0.0016937572502252235,0.0028660054349615117,0.001732024694732091,0.018076607726538376,0.0006867365386889598
Z_R_1865_PAS_0291,0.00010051637310048215,0.13598187489270075,2.4607453778878744e-05,3.060889365849181e-05,1.9408340947364147e-05,0.3091845056825574,4.521709335787729e-05,0.013963565968819524,0.036694553233548796,8.920391580839182e-05,0.00019234142980424906,0.0015613749833513762,4.884897254628291e-05,8.546760961097598e-05,0.004597188224212318,2.21703863439941e-05,0.04059530438890048,0.11481722986989555,2.621787516037167e-05,1.9286486011531457e-05,0.0009385502853208483,0.00010474575600785562,2.6102066431166393e-05,0.1883571211080805,3.5034647094996155e-05,9.756892393004055e-05,0.09273529541824935,0.05549013836314309,0.004076391884098861,3.9559473528106075e-05
Z_R_1865_RUD_0597,0.0005038530632983377,0.061665673131940636,0.00012334847133875385,0.00015343156899012885,9.728715569643927e-05,0.1615710385572159,0.00022665731262546028,0.18409811939910486,0.13829535146206984,0.0004471477118790872,0.01617796588026221,0.0002197079911178111,0.007851775765706193,0.023249158306886293,0.000223340883719515,0.00011113231336711927,0.0741723943813841,0.005019720971974302,0.0001314209447203313,9.667633995763474e-05,0.01231153409198296,0.0005250534654617892,0.0001308404364790676,0.08838996996574132,0.00017561630723328742,0.0004890785420175254,0.05787941789669295,0.057551976849852506,0.009023142530571503,0.09908816830071215
Z_R_1865_WIL_0292,0.000142455900894252,0.3948872583321549,3.4874686468039936e-05,4.338017167748258e-05,0.14627684446106623,0.07364090082959787,6.408350770552236e-05,0.05420134381151479,0.03587457476217037,0.00012642342533664808,0.00027259411394263096,6.211870501186523e-05,6.923075492271156e-05,0.030231286038273363,0.0936197077607979,3.1420775167146896e-05,0.012368083212128246,0.07131782163921913,3.7157041288886925e-05,2.7333594071391385e-05,0.019611318989780427,0.001223812735391532,3.699291243762143e-05,0.00025741965972030827,4.965252983651404e-05,0.00013827865579513234,0.05185139468632478,0.0012167655977123667,0.012229405411307605,5.6065298284440726e-05
Z_R_1866_GS_0182,0.000640214669802347,0.0010296842451707473,0.024320806662340214,0.00019495592749846726,0.00012361672240806813,0.16663572321925885,0.0002879993139485496,0.006779691650784683,0.39319995876437486,0.005400977805852545,0.0012250721068928813,0.0002791692444333512,0.00031113168794539816,0.005377180309338541,0.0002837853345335122,0.2756116690445965,0.0024227498101845935,0.016043876615133606,0.00016698839971013627,0.00012284059693615197,0.00597786850515305,0.0006671526988815002,0.00016625078408552286,0.010822506388582176,0.00022314469105588061,0.034451147238551666,0.03488124653140034,0.000635481979072794,0.01146514457602665,0.00025196447604643657
Z_R_1866_G_0188,0.10166174583278044,0.18711449393512317,3.740907077754505e-05,4.653265955845046e-05,2.950520629638887e-05,0.27393577175425016,6.87405312625876e-05,0.02007436738427404,0.05578428192527809,0.00013561076371804747,0.015288042340994006,6.663294405608212e-05,7.426183496330513e-05,0.016279079853489094,6.773472614538853e-05,3.370415969732991e-05,0.04210465263790024,0.06381195407555128,3.985728699622795e-05,2.9319958364598748e-05,0.0002733047484941599,0.00015923798680498355,3.9681230709119684e-05,0.18945187379714046,5.326083733083998e-05,0.00014832752765833333,0.0002509849037497313,0.0001516787253773402,0.01427164127849919,0.018516310082759425
Z_R_1866_HAN_0181,0.0001249835547130305,0.14077783097832722,3.059727436291778e-05,3.8059554053419113e-05,0.01795003516034023,0.03347431486689433,5.622360703374161e-05,0.05981859076679513,0.21356395651272947,0.0001109174769060706,0.0360909652777734,5.4499789182592744e-05,0.01421276786095211,0.03973195099770568,0.16044505525609373,2.7566988433452732e-05,0.034437840393792496,0.08238346541469922,0.003806473915287815,0.0009674496585782325,0.005884350170839862,0.00013024243238341407,3.245569798525881e-05,0.018151749443930464,4.3562601763116775e-05,0.021821095411811927,0.07662623614026276,0.00012405963256841682,0.03903351432548873,4.9188838311705966e-05
Z_R_1866_HOL_0299,0.11128788299478207,0.06522302971635727,0.0001886392652051405,0.0002346459434757202,0.00014878317797772727,0.043509239626988244,0.0003466315264630713,0.002343230561089176,0.4092656802039833,0.01813393668658457,0.06545819552919388,0.00033600379116445505,0.0003744732945537923,0.0006551895706370377,0.000341559645919011,0.00016995685237595896,0.043632895493951315,0.08911058138213285,0.00020098465895474586,0.00014784904534605983,0.0013781686062076892,0.0008029746849972202,0.00020009687618055346,0.01884250315416901,0.00026857350395163984,0.0065646591261675075,0.012899021598226049,0.0007648562957518999,0.04869948057957662,0.058470276607636394
Z_R_1866_JEE_0167,0.005916236607744333,0.17755729932591005,0.002360453258689751,1.1854539473305634e-05,7.516669711715381e-06,0.11886268368468668,0.07289612581000451,0.043610458157314944,0.004513901293352048,0.01002597068512071,0.03416287584903091,1.6975235738313672e-05,0.0009005148850414837,0.00591040836178415,0.008245486496361493,8.586384172705972e-06,0.12797875760475372,0.08766585442153574,1.0153938899670094e-05,0.011762084581401476,0.06589547099561613,0.05352406578349408,1.0109087257299921e-05,0.0038905952166458473,1.3568592565113591e-05,3.778753564246305e-05,0.0009455363949799144,0.015319640914531252,0.14792370667283428,1.53210157059048e-05
Z_R_1866_MAR_0298,0.0008181413290455415,0.34099241143136044,0.00020028950824710982,0.03730476228350338,0.00015797193399897297,0.02766853067853297,0.006543976731635007,0.03336763430948351,0.1072169873331665,0.09336512678179937,0.0015655406990586413,0.0003567551751662537,0.00039760053102566,0.000695653668756717,0.00036265415603575746,0.00018045328128578735,0.009272011077849519,0.10078993261642681,0.00021339734579374386,0.00015698010992019074,0.11880609515621623,0.0008525658993533258,0.0002124547341106466,0.00765432944688929,0.0002851604355868286,0.000794150909303788,0.001343782187170937,0.013163968259997477,0.0949386922551666,0.0003219897341129927
Z_R_1866_PET_0137,0.0011330297755137715,0.04458704437675049,0.034489173331452176,0.00034502625632877636,0.0002187725990143317,0.192270750915738,0.0005096912229955421,0.003445514788076585,0.2425653898694738,0.0010055147195004268,0.002168090235560447,0.000494064071428295,0.0005506300982713017,0.0009633987334025513,0.39393788580984795,0.0002499066280204725,0.012840647767242011,0.01128799989581522,0.000295530293136507,0.008770348002956006,0.0020264759226016156,0.0011807037675042383,0.00029422488652058366,0.03625919534881256,0.0003949137549319047,0.0010998058581666416,0.0018609807081203446,0.001124654023179735,0.003184718326199347,0.0004459180134383302
Z_R_1866_R_0130,0.0926752916138751,0.0689031042620965,2.2077888715676526e-05,2.74624003757024e-05,1.7413227530253567e-05,0.2876129513576411,4.056892534157425e-05,0.015251248867561532,0.11393444371760564,0.030034039574488112,0.03284966630385633,3.93250806045448e-05,4.382745933175999e-05,7.668182131893832e-05,3.997532456546226e-05,1.989134377268998e-05,0.041868423853412134,0.09280280465266268,2.3522764092277432e-05,1.7303898879798916e-05,0.00016129755958391655,0.0007747510907535478,2.3418860118356626e-05,0.05939020117428216,3.143320096044369e-05,8.753916045083383e-05,0.14583351546826015,0.00417415407000947,0.007741989364611955,0.005481675713241325
Z_R_1866_ZAC_0108,0.03420717854997245,0.13816359111733506,2.571983701421435e-05,3.199257278530588e-05,2.028569759261187e-05,0.1637536562285337,4.726113810358277e-05,0.0011125580093037427,0.19696783923209055,9.323639073908597e-05,0.00020103624983306375,0.0634916136369445,5.1057196875875875e-05,8.933118432089016e-05,0.20307313450409956,2.3172601620372696e-05,0.08049790146308748,0.05021717640459929,2.7403057709390687e-05,2.01583341881265e-05,0.004946340171789514,0.00010948080190097043,2.7282013831111028e-05,0.0009829177152115495,0.001622763431173794,0.00010197954017033883,0.0025517770644459628,0.05720550496157918,0.0002953031283350837,4.134776481361644e-05
Z_R_1867_KOL_0302,0.0015599903453789065,0.49709948479322047,0.0003819018646945629,0.0004750427927024738,0.00030121286277852124,0.05275694943767948,0.0007017585982123632,0.00474389104365986,0.18088397961016106,0.001384423682816074,0.0029850935151734394,0.00068024265388546,0.0007581245045292533,0.0013264370940090798,0.012467454496585827,0.0003440791543023278,0.029455363905561,0.0037657024908190643,0.00040689522378253287,0.0002993217029846264,0.002790114560729749,0.0016256293681460496,0.00040509789968598764,0.002818922777881274,0.0005437294396537374,0.001514246631120658,0.17920171512687516,0.01332442231669657,0.004384818430185965,0.0006139536760884371
Z_R_1867_MAR_0303,0.0009891999690556604,0.12106641081944454,0.000242166442797056,0.0003012277077440915,0.00019100102473218098,0.07825681245687038,0.0004449896665659196,0.003008131997414354,0.37605222393219934,0.000877872012643099,0.009360082032790755,0.04523463581863137,0.06021845105443017,0.0008411023415849172,0.060176198020838845,0.00021818281747499506,0.07094834126612089,0.009855071233743578,0.00025801489346834004,0.00018980182807359802,0.001769229691267892,0.0010308220979889846,0.00025687519863243786,0.0017874971681143051,0.00034478235488661843,0.0009601935839438604,0.13603461153311994,0.008449102382206973,0.010247656655748128,0.0003893119974667395
Z_R_1867_MLL_0301,0.04650687648074305,0.1725428105922562,4.693840627485876e-05,5.8386076799194215e-05,0.06516769068857516,0.09187774201400223,8.625103262093666e-05,0.08308190540329391,0.11196749346319976,0.00017015533907520675,0.0003668888401362445,8.360657280136717e-05,9.317879615220092e-05,0.00016302838234748116,0.023242560401825256,4.22897310236213e-05,0.06875093945678731,0.04967267033083649,5.001026465392907e-05,3.678872768220611e-05,0.0017902727766002102,0.00019980120232041264,4.97893609704168e-05,0.006135858142620401,0.08111832799767099,0.008870200755958004,0.1870228384153845,0.00019031634539524214,0.0005389248075082454,7.54591944850286e-05
Z_R_1868_BM_0204,0.00033459495306523097,0.061156643103432114,8.191232520863091e-05,0.005153431343603807,6.46057227101259e-05,0.06940831773694932,0.00015051688359965854,0.06921330718484373,0.5338480323036707,0.0002969384897454135,0.0006402585936275036,0.0001459020304349963,0.00016260654033019309,0.007861813712209318,0.00014831453443288985,7.379991089403086e-05,0.034101220866367785,0.038694250180447205,8.72730326231057e-05,6.42000967879197e-05,0.0005984384796094591,0.000348673556697028,8.688753307593991e-05,0.08648082565737024,0.00011662195659097991,0.00032478360008435697,0.01317842025090141,0.023064058985316466,0.05398166641434837,0.000131684021022028
Z_R_1868_GRO_0184,0.00047665879780611726,0.04034654532777037,0.00011669103225187576,0.0001451504665697295,0.021681080797748623,0.31836663542018306,0.0002144240256132896,0.0050476813859277655,0.32513259058043853,0.004021188062919575,0.004510276575701789,0.00020784977713354398,0.00023164676370384825,0.0004052960407535333,0.00021128659303528953,0.00010513421222492057,0.005401983125297829,0.015543315765513871,0.00012432781316612865,9.145846544792398e-05,0.0008525262071001838,0.0004967149589061113,0.0001237786364704747,0.015254024949648894,0.00016613783656090097,0.007659029857312298,0.231066044529216,0.00047313516927971483,0.0013397918055851126,0.00018759502071269535
Z_R_1868_KOL_0304,0.0005736754525829219,0.09619427659400326,0.00014044171857852166,0.00017469363826969986,0.00011076890692954556,0.2186052720781643,0.0002580667775451208,0.09268561493180144,0.2050956959162224,0.0005091120500576694,0.1353441068923704,0.00025015444069249285,0.0002787949422497135,0.00048778789079211173,0.0002542907682436735,0.0001265326834575972,0.002170946964214252,0.04469008789849102,0.0001496328501959908,0.00011007344624680286,0.001026044961192413,0.000597813740492579,0.00014897189692946697,0.1179608878338175,0.00019995266848927385,0.009217908994783598,0.005272779186305578,0.013561017848999584,0.05357881889147874,0.00022577713640236304
Z_R_1868_ON_0115,0.0002587762504744097,0.18989939950866633,6.335111809351626e-05,7.880163686563073e-05,4.996616514671833e-05,0.13377133610202102,0.00011640998889609453,0.014460977280247093,0.2019079037317095,0.004136522761341819,0.0004951769794347236,0.00011284085437239345,0.00012576014797527384,0.00022003368078183177,0.00011470668866878737,5.7076964405914584e-05,0.07716324758727122,0.008438407079135714,6.749709743928873e-05,4.965245343564156e-05,0.0043697033164587975,0.0002696646641410725,6.719895149757245e-05,0.002421047078104051,0.22473522505199853,0.00025118813501357514,0.12935174781897277,0.00025686328593389583,0.006587672997436289,0.00010184462406051393
Z_R_1868_ROT_0124,0.003933305692512563,0.08062365484406543,0.00011263811673074126,0.00014010909734445283,8.88397065711705e-05,0.37329996052963405,0.00020697664559837613,0.0013991629853942547,0.28952766270032293,0.0490331529123162,0.0008804233309601632,0.0002006307340626884,0.0002236012031674617,0.0003912192896739922,0.0036771504010455086,0.00010148268843336734,0.015633967983480712,0.001110656102905799,0.00012000965680084708,8.828192799684598e-05,0.018188927341196755,0.0004794630439330316,0.00011947955412237088,0.0008314129420757888,0.00016036753353545525,0.0004466118250868249,0.14663020473384794,0.0004567022280830915,0.01171286478280995,0.0001810794662912303
Z_R_1869_BEL_0306,0.0017834687148314651,0.11496105327125505,7.1121057841117e-06,8.846656447676515e-06,5.609445623758076e-06,0.3946298513025732,1.306875364274e-05,0.05557178971704621,0.002710670957757694,0.02699994683746014,0.026810453737400992,1.2668065177339654e-05,1.4118448146493386e-05,0.00024400420887076132,1.2877532844066364e-05,6.407738662033004e-06,0.14463005816778546,0.07507146472644709,7.577553665273781e-06,5.5742268155975135e-06,0.005753815915269775,3.0273871643072837e-05,7.544082346370465e-06,0.05290431545388161,1.0125798405949009e-05,0.0009054082211154491,0.0011442273022181887,0.06209134622571007,0.03363488738649107,1.1433574681227212e-05
Z_R_1869_GRO_0183,0.05835232368909447,0.12589953031258916,2.997510190922779e-05,3.7285641781008965e-05,2.364190147481352e-05,0.28050170764443916,5.508034246943521e-05,0.04658653507483595,0.03822878543107451,0.06758138198046577,0.01687140607834456,5.339157715170623e-05,5.9504447042493665e-05,0.0001041107434783054,5.42744119755144e-05,2.700643455433756e-05,0.1465002007545467,0.00029556628641342535,3.19368060928798e-05,2.34934662018044e-05,0.018704670041118567,0.00012759405093709972,3.1795735891505044e-05,0.1943208597459451,4.26767891738449e-05,0.0010431355640206927,0.00020110892655724063,0.00012153697368437856,0.004041295426282687,4.818862045361974e-05
Z_R_1869_JEN_0600,0.0026098721076765023,0.0004910158192095285,7.473893515990244e-05,9.29667953058168e-05,5.894794108569588e-05,0.3375748514809148,0.00013733551788663094,0.0032329676456747387,0.3741724545006943,0.06710372462563459,0.0005841885869167615,0.0001331248058775691,0.0024529454083682023,0.0002595863103264011,0.016267378850778454,6.733695742450211e-05,0.10486136766410138,0.012259850143310009,7.963018397796705e-05,5.857783744840161e-05,0.002850609800966538,0.0003181388182984448,7.927844416852554e-05,0.002856247624901968,0.00010640890524928962,0.00029634100076976873,0.025851807103001143,0.0003030363007016561,0.028513065146205063,0.01625220473796546
Z_R_1869_ON_0599,0.00132580148728402,0.01214047522604888,0.00032456999603136023,0.00040372842239322885,0.00025599418781264505,0.385113486219385,0.0005964091995699607,0.1641618534334848,0.12370491788342056,0.0011765912418278159,0.012545098128158301,0.010586256069349764,0.0006443133437516309,0.011135442512925137,0.0005876825951365358,0.0002924253062647334,0.015025333204310628,0.05324105172017538,0.00034581130226714064,0.0002543869326941344,0.0023712570050616667,0.001381586649202705,0.00034428379604417597,0.10247706845212283,0.00046210369308275276,0.011295057708215449,0.002177604723153926,0.0013160006990421108,0.0837916231345231,0.0005217857272596345
Z_R_1869_PRH_0131,0.001366840037097412,0.3942793902308692,0.0519242276826538,0.00041622533775527757,0.00026391817215664325,0.004953155418943194,0.0006148703107396706,0.004156525858836126,0.17912366206325764,0.011530933377070092,0.0026154939632192916,0.0005960183644894345,0.000664257268620166,0.001162204197066609,0.0006058735850292842,0.000301476970946771,0.005172501657065775,0.01361737399121346,0.00035651546460987294,0.00026226116643830564,0.012762578545520377,0.0014243519598986316,0.00035494067631578174,0.043741586484980145,0.00047640754294973246,0.0013267600838599248,0.22923929829147935,0.0013567358775436332,0.024477756253947696,0.010855859165426652
Z_R_1869_RCK_0305,0.04865342993029587,0.08970500208338869,0.00012014958523913948,0.00014945251592236422,9.476413675140771e-05,0.5834350541000594,0.00022077924280534622,0.0014924685999406053,0.15693774944809394,0.0004355515033125771,0.0009391358904072925,0.00021401014313369787,0.00023851243787895214,0.0004173084276989899,0.00021754882127519122,0.00010825023782463645,0.04261027750033538,0.001184722134749887,0.00012801270926592097,9.416916174378598e-05,0.0008777938476667926,0.0005114368700229417,0.00012744725576934552,0.05645913830117403,0.00017106192112718518,0.0004763949105732175,0.0008061074883719555,0.0004871582096240647,0.012493957520444401,0.00019315506510309246
Z_R_1870_BUR_0601,0.00040031704566517474,0.14267267315855067,9.800177716575239e-05,0.00012190314376144325,7.729576256740194e-05,0.040735238052072874,0.0001800818380951412,0.004239243897677126,0.3637159986161699,0.0003552639926878649,0.006809799853923426,0.04248101944299254,0.00019454617959562454,0.00034038375962220513,0.1029217042759605,8.82958993517513e-05,0.046843259532335965,0.0855792538833427,0.0001044154499817305,7.681046244755481e-05,0.0007159854683250801,0.01854850054609717,0.00010395422951676855,0.0037452680141478426,0.00013952917309273253,0.009454248287529294,0.07620476150711182,0.0064411376078753035,0.04645355937126597,0.00015754977107073067
Z_R_1870_HOL_0176,0.00042606763555218464,0.016766634897346977,0.00010430578944631904,0.00012974462314616986,8.226785032491811e-05,0.22989947150491033,0.0001916656904669072,0.033458405576787476,0.31635416987241066,0.0003781165228920833,0.00081529462004663,0.00018578921337639704,0.00020706045781359878,0.0003622791115517382,0.0001888612557509941,9.397557629164695e-05,0.033775102772056344,0.0010284960808950052,0.00011113202490518759,8.17513330373445e-05,0.0007620415839952547,0.0036602695659057856,0.00011064113620808478,0.0007699097410018564,0.00014850445544078853,0.3349061190247838,0.023213729606250427,0.0004229179945894699,0.001197590245612194,0.00016768423720342677
Z_R_1870_JAC_0312,0.03902308391273016,0.06965148540344579,4.4985131774137714e-05,5.5956423897448993e-05,3.54805817326766e-05,0.229540508277389,8.26618195212671e-05,0.03939812317205006,0.2987305335649881,0.0001630745685217514,0.00035162128691254053,0.0014672462953983312,0.007024895745560297,0.00015624418988324535,8.145231939747729e-05,4.052990448057492e-05,0.08947098878636926,0.1017032500717921,4.7929159169630765e-05,3.525781750867275e-05,0.0003286542506927829,0.00019148676165916455,4.771744807628854e-05,0.036397138786900575,6.404718791269539e-05,0.00017836672333083978,0.0030760519859034884,0.00018239660346037255,0.000516498224080003,0.0819123335954614
Z_R_1870_WIL_0313,9.422479977333367e-05,0.09901927984232779,0.15223670104282577,2.8693005798881325e-05,1.8193523933358155e-05,0.027370041048429154,4.238684143247988e-05,0.11835879324337975,0.20297079166636967,0.0007948990804815348,0.008004367584977287,0.0128441031890862,0.0007570700549064148,0.005770347278466123,0.09037415681219323,2.0782685941841595e-05,0.06863932439159963,0.08842600595151831,0.0014471341577535369,1.8079296205316775e-05,0.03075350789175298,0.04206363055805426,2.4468272255389505e-05,0.007994330725136506,3.284174016461388e-05,9.14618388808897e-05,0.0001547625123312965,0.014319101512396022,0.027293436105330172,3.708334629820034e-05
Z_R_1870_WIL_0314,9.382438806168229e-05,0.15525897847196568,2.296918622652089e-05,0.004278107423224183,1.8116209892079737e-05,0.04991792492755694,4.2206717009076456e-05,0.15256037010262538,0.15465510400772434,0.05249421337893467,0.05188222834440064,0.025538130753898037,4.5596799956314056e-05,0.016369666851448684,4.1589152216250846e-05,2.069436916249365e-05,0.05276600580647932,0.04767964110572941,0.009940057207340546,1.8002467578920777e-05,0.004417345587484282,0.10846094910488745,2.43642934430333e-05,0.00016954188557084148,3.2702177996006924e-05,9.107316847198273e-05,0.008653177542202456,9.313080537367142e-05,0.1043773620038689,3.692575927014888e-05
Z_R_1871_DUN_0193,0.00010190822526997759,0.23787106985919243,2.4948193669022343e-05,3.103273560314533e-05,1.967708862120721e-05,0.01652415104353103,4.5843215327335194e-05,0.11877884418024938,0.001815836039538462,0.10240452699798562,0.00019500478531638316,0.15390020889949838,4.952538521736287e-05,0.002394487649842797,4.51724416263151e-05,0.03156291048407466,0.055773726624478194,0.004861672132524707,2.6580914586645485e-05,1.955354635771266e-05,0.02633774866374767,0.11780586117023123,2.6463502251718883e-05,0.0017227071965937647,0.02157532774596991,0.0016374776751019806,0.06863320059962924,0.0001011548840303129,0.03105759772844248,0.004655780391490926
Z_R_1871_GRO_0185,0.03037292154373186,0.16385139021907674,5.148382238892619e-05,6.404006114553501e-05,4.0606215790415244e-05,0.21507544604718676,9.460340042896236e-05,0.0006395193805076991,0.08312253013791436,0.03193675992630405,0.005164936645965935,9.170285670644806e-05,0.00010220203394684404,0.00017881570652362178,9.321917219405967e-05,4.6384979245913526e-05,0.1706590165196911,0.0020951570794367643,5.4853153044634886e-05,4.03512703608719e-05,0.00037613265545129534,0.0002191495287062553,5.461085751503364e-05,0.27343110935455883,7.32996418363964e-05,0.00020413412925332516,0.0019329215696830635,0.019258822440442257,0.0005911131474781678,8.27665034839392e-05
Z_R_1871_HLS_0604,0.00012763273918453246,0.10618659912159044,3.124582228027091e-05,3.886627442412797e-05,2.4644141464029083e-05,0.05538010969668446,0.02703447912084707,0.03314599108573166,0.4252360257953016,0.007821001022608446,0.031075159538145027,5.565498112391782e-05,6.202699102761604e-05,0.00010852426116985326,5.657524154842207e-05,0.01737054945206314,0.0014464642349700798,0.00897929516195029,3.329068806503025e-05,2.448941364443362e-05,0.00022827703073898878,0.00013300308541647115,0.0009966102012329754,0.00023063401434274234,0.014496484421566515,0.09839747965134467,0.13220455366830833,0.0001266892333418554,0.03889741245194877,5.023145793414983e-05
Z_R_1871_MLL_0320,0.00010489385231089603,0.15061385600236954,2.5679106227287128e-05,3.19419082859682e-05,2.0253572489102928e-05,0.12311168476709398,0.019050784289249723,0.08979425343764974,0.044627130465575225,0.06264659880686096,0.000200717882160202,4.5739560301510955e-05,5.0976341005525556e-05,0.03255366962539165,4.649586829640518e-05,2.31359047198975e-05,0.04790594240761695,0.11981751013518467,2.7359661318344402e-05,0.01348100832422664,0.00018760748457874663,0.015153822504204778,2.723880912916496e-05,0.16805466017746612,3.6560402895488695e-05,0.02860721503516612,0.00017228623622224436,0.004063201355991187,0.06997469479316398,0.009543081282847865
Z_R_1871_MLL_0321,0.00018198791246917508,0.26405840501270844,4.45525341421056e-05,5.541832129509232e-05,3.513938420728663e-05,0.28915322899758816,8.186690560251041e-05,0.09809178072044789,0.010111622228914676,0.11693278254238892,0.009964697973388644,7.93568632779183e-05,0.0028360019713343345,0.00015474167418757885,8.066903658590778e-05,4.0140150354860336e-05,0.02404294795169304,0.011429543255344834,4.7468250421687686e-05,0.001408698481875653,0.04016510563187922,0.0015634250569404274,4.725857523919073e-05,0.0017026342368204417,6.343128081769213e-05,0.00017665146722058408,0.062118999207709864,0.007049541192624743,0.05821027956754295,7.162361497626584e-05
Z_R_1871_NIE_0602,0.051042571102249745,0.13532993369053917,0.00018125896021097665,0.00022546567749763286,0.0001429621988179406,0.18153522607889525,0.00033306994699493664,0.002251554227460134,0.12497539122572494,0.09567227945382124,0.007005920048860388,0.00032285801021957977,0.0003598224363511225,0.0006295559950660232,0.02268471455896499,0.00016330747635650406,0.008391029074584153,0.001787284590756454,0.00019312135392850465,0.00014206461310411244,0.0013242492663707078,0.0007715591784141792,0.00019226830468465643,0.0013379222749866611,0.0002580658592661136,0.0007186945004298965,0.24154867160442187,0.0007349321294696747,0.11945285034699027,0.00029139581456220427
Z_R_1871_ON_0116,0.0005408831215506804,0.1274425191200223,0.0001324138148123271,0.00016470783255050076,0.00010443715498206585,0.23469030591950088,0.00024331521172583863,0.026142733261367644,0.2301189354789519,0.0004800102804023239,0.025532919296684234,0.00023585515842158595,0.0002628585168802738,0.00045990504881873696,0.00023975504597571702,0.00011929984540664435,0.018378799303748288,0.0013056522587456575,0.0001410795646495511,0.00010378144809535142,0.017299341979095606,0.0005636416210728073,0.0001404563926724569,0.013226343521554572,0.00018852301071612282,0.0005250227650859009,0.16012487986175428,0.06586467517172616,0.0750140776879001,0.0002128713051295012
Z_R_1871_PRH_0132,0.02735797437899663,0.14305819691368196,7.969803647502291e-05,9.913535732609768e-05,6.285927339911841e-05,0.2026941643326711,0.00014644804733205622,0.042767372478153654,0.28103999295730525,0.00028891152248812746,0.00553793709503521,0.00014195794483640186,0.00015821089133174194,0.002734303584472053,0.0001443052330025056,7.180492038658634e-05,0.038094368436838076,0.020445798938212176,0.019744858804560454,6.246461252896405e-05,0.0030397543583866263,0.03474415176893666,8.453875241208965e-05,0.012875738751781978,0.00011346938237320492,0.0003160039119886311,0.15535677666108247,0.0027806365822644046,0.005830041789053623,0.0001281242826871363
Z_R_1871_STA_0118,0.006744169378179754,0.0727319720359807,0.0001931328498360481,0.00024023545531017665,0.0001523273489178083,0.1934272132943921,0.00035488865203132784,0.032175356377263646,0.478567432061291,0.0007001214604087586,0.007464862995931347,0.00034400775296032686,0.00038339364016297563,0.04235762752976684,0.00034969595398706254,0.00017400540238978306,0.020851230618186882,0.0019043658094423147,0.0002057723237791667,0.0001513709642696674,0.001410998024096481,0.006777363904573623,0.000204863393090592,0.013336089767666977,0.00027497120576792743,0.0007657746511839206,0.07275890501219498,0.0007830759728255253,0.04390429162844473,0.0003104845356675892
Z_R_1871_WIL_0317,0.029861728584015538,0.05118158758122781,2.2985465821940582e-05,0.000737349364214741,1.8129049901502478e-05,0.334874036902498,4.2236631359115894e-05,0.06265622735968136,0.1894938610362052,0.03410371002411633,0.04057887164435523,4.0941654694499846e-05,4.56291170549e-05,7.98340550488911e-05,4.161862886227789e-05,2.0709036463028754e-05,0.07690117751124993,0.03920833794982278,2.4489737086893642e-05,1.8015226972564536e-05,0.00016792817423461366,9.784149210831508e-05,2.4381561831909927e-05,0.020723645221597056,0.008537821840831725,9.113771731240275e-05,0.03842714824852501,0.02844351842892787,0.027905471934288682,0.015629628819689823
Z_R_1871_WIL_0318,6.73159968603522e-05,0.06870866075212043,1.6479656301012294e-05,0.01678948393276003,1.2997801034577353e-05,0.1252491013980442,3.028196920187642e-05,0.07845997004394392,0.2634054085945123,0.03258140809903419,0.04281350075221848,0.0056190152233560305,3.271424526300619e-05,0.004122446322144352,2.9838886219788832e-05,1.4847547832164504e-05,0.09832789768501675,0.12211875117069614,1.755815841282299e-05,1.2916194563662093e-05,0.03670727434456736,0.0026109037406241466,1.748060109742134e-05,0.02756179831753346,2.346276652354656e-05,6.534208482012019e-05,0.008240982313936641,0.021917314111550606,0.04439835423884112,2.649305096944849e-05
Z_R_1871_WIL_0319,0.0018974116286176882,0.0946218958925439,1.96439859114423e-05,2.443490014023086e-05,0.0018326635626358181,0.08206342955912418,3.6096540213393266e-05,0.11896578596339581,0.2976284828259433,0.024300144268784817,0.06557166496169696,3.4989818968219195e-05,3.899584805118092e-05,0.013999864942257865,0.0024584617096044263,1.7698489283213333e-05,0.10267089979688979,0.026845524059115486,2.0929575847475656e-05,1.5396288575656775e-05,0.01770949249817326,0.016438147904008292,2.0837126418722357e-05,0.0001449976668179696,0.013353881271651491,7.788869926564322e-05,0.015274878728971184,0.009771221779003239,0.04626051633243319,0.04788372337565612
Z_R_1872_ANT_0323,0.020055086428857265,0.21965199336090843,0.00012672235207035582,0.00015762829561849213,9.99481960520602e-05,0.13863796701504671,0.00023285694146109922,0.06800144987259643,0.22804285346093112,0.0668867142689612,0.0009905111924375742,0.00022571753910625433,0.0002515602285758828,0.039515040746216465,0.00022944980015748859,0.00011417205246285522,0.06057122838231702,0.005157022550839037,0.019672467385909123,9.93206730170132e-05,0.0009258134415347754,0.0005394149549148473,0.00013441924068117875,0.0009353725596587848,0.00018041984041613704,0.004409946381541587,0.03992510900698623,0.0005138081336783071,0.08351226411019728,0.00020372158684899916
Z_R_1872_JNI_0324,0.00023659220986762516,0.3004240606983902,5.792023417856926e-05,7.204623056809217e-05,0.16078329316107873,0.09908590264360496,0.00010643054172514297,0.08108827612070751,0.13816369059913225,0.00020996531131157347,0.0004527270784133347,0.05189639740539627,0.00011497914228296592,0.005559091261536677,0.041182262592384056,0.0018381573923829438,0.0008953305173792834,0.0648661604469701,6.171079229077454e-05,4.53959111864073e-05,0.0022091295102139386,0.0002465471954840635,6.143820542438166e-05,0.020073233132069546,0.0072263572237901245,0.007373548395661069,0.011104439078090639,0.0002348432375132887,0.004236959913041995,9.311381792355518e-05
Z_R_1872_PER_0139,0.0014732458926576414,0.4694578888794091,0.00036066592028997485,0.00044862767597164004,0.0002844636918546576,0.07206566405345802,0.0006627367762346202,0.0156012558742015,0.15970463548187677,0.09027666182397082,0.013940257623452924,0.0006424172423989402,0.02295827343228067,0.001252679547925642,0.022895344691744837,0.0003249463705507068,0.016696323425017416,0.014677460241756484,0.0003842695045872391,0.03364613521984057,0.0026349681129859653,0.0015352350075109559,0.0003825721220676269,0.0026621744272551508,0.0005134949495423594,0.02367235081144405,0.0024197794654692044,0.0237046601627398,0.0041409972577438935,0.0005798143137608038
Z_R_1872_SCH_0605,0.00014124081992737813,0.37126143962714897,3.457722200719976e-05,0.003241581504839283,2.7271676287956615e-05,0.023968018400114366,6.353690591497037e-05,0.0644009366555247,0.04303191486971226,0.0001253450937482108,0.030123601572705258,0.053371111284708214,0.021392449218628,0.009715809050316403,6.260723976420765e-05,3.1152770924217255e-05,0.05277782639585523,0.019532373071579637,3.684010942876701e-05,2.7100451536024887e-05,0.04396642409629441,0.026801944958673045,3.667738051840979e-05,0.00025522399266080556,4.922901741208824e-05,0.08543233508098844,0.00023198546654677518,0.00014019671839294887,0.14966366225984165,5.558708800027636e-05
Z_R_1873_CRO_0194,0.0004206558567789453,0.1530968314357613,0.00010298092970540021,0.0001280966472407144,8.122290964189386e-05,0.3444699868394783,0.00018923121239658208,0.004454626134915595,0.21072242220650836,0.028952114970434335,0.01350662840819667,0.00018342937649288405,0.00020443044018994005,0.0003576775547980956,0.00018646239873939323,9.278192770972883e-05,0.026995257203355175,0.10262894770063277,0.00010972046044164988,8.071295299648046e-05,0.054734542349034195,0.003613777958733063,0.00010923580686031117,0.03886519880816776,0.00014661819797219587,0.0004083209334439672,0.013392608967417443,0.0004175462215774831,0.0011823788262753487,0.0001655543641039874
Z_R_1873_PET_0138,0.09530100244895509,0.05904595685399872,4.536267229204007e-05,5.6426041667255155e-05,3.57783547228745e-05,0.31958884470747606,8.335556398576041e-05,0.055115138463479166,0.04386573972863296,0.12885039739684628,0.00035457229044484037,0.0042770809950425604,9.005076077078234e-05,0.00015755547897013578,8.21359130569128e-05,4.0870054226161e-05,0.04546154772684327,0.12213944613376476,4.833140762066076e-05,3.5553720936257764e-05,0.0003314125019443375,0.0001930938262228791,4.8117919728792576e-05,0.08565921705573747,6.45847079229991e-05,0.0015786240490570562,0.0003043471998209156,0.025361614072517424,0.01171091594277321,7.292601054243975e-05
Z_R_1874_MLL_0151,6.074156238891064e-05,0.2609969142901123,1.4870166350389621e-05,1.849680769872399e-05,1.1728367390863544e-05,0.211140399468323,2.7324472745321586e-05,0.07079715651159332,0.17348672038129812,0.020228889202150234,0.0014917980746366796,2.6486703410043107e-05,2.9519199927638392e-05,5.164766675600689e-05,0.00048544702047584364,1.33974581827954e-05,0.025448592542029382,0.07396872514529945,1.5843336270862197e-05,1.1654731037312677e-05,0.022576234569066544,6.329735820416559e-05,1.577335361099075e-05,0.00010976079069297547,0.060546122379696296,5.8960432985290496e-05,0.06200028508770253,0.006021083179179597,0.008424134712991289,0.001857995027793104
Z_R_1874_NIE_0606,0.0005217118381308138,0.07960444792288174,0.008004256162999513,0.03954154824952226,0.0001007354415841962,0.08065593632502438,0.0002346910474683414,0.005524780296245005,0.2613451838434915,0.03196913931016306,0.000998312989184071,0.00022749541135613037,0.05145102355740372,0.07920896076347334,0.00023125706969469355,0.004053339171608436,0.0019743022402043853,0.0012593741840509999,0.00013607908263988186,0.000100102975841575,0.0009331056441380126,0.000543663676052374,0.0001354779986261871,0.008819275732798873,0.00018184092372615807,0.07927177042067104,0.22927643681976548,0.000517855161774769,0.032972569532282926,0.0002053262071961537
Z_R_1874_RIC_0128,0.0004944499684112586,0.12023444568189393,0.00012104649589261533,0.00015056817148998637,9.547154629968548e-05,0.22200781472797151,0.00022242734882705508,0.00896855986297157,0.1730391820291033,0.09001820358713816,0.000946146492928236,0.00021560771816441033,0.00024029292131628026,0.0004204236142711576,0.00021917281236150644,0.00010905832044392279,0.20342478737243777,0.008658516085787226,0.00012896831774756817,9.487212983334522e-05,0.0008843465349021327,0.0005152547207162332,0.00012839864316887984,0.004625952532723235,0.00017233888982547612,0.007944901234256316,0.056799250486518356,0.007955744880797054,0.09096919991378402,0.00019459695801782016
Z_R_1874_SEH_0327,0.00033207868906633505,0.05568317264264272,0.0025880725215346174,0.0001011234385638021,6.411986644514378e-05,0.1415828542931146,0.00014938494717336705,0.09626733861372318,0.37691997123232784,0.0002947054147250403,0.0457574153093273,0.00014480479922099822,0.0001613836857124843,0.0002823616778221186,0.00014719916039605038,7.324491131258718e-05,0.021310887459745027,0.033389704295845736,8.661671073883276e-05,6.371729096316602e-05,0.00811426663737559,0.00034605141697242593,8.623411027494136e-05,0.0006000704962252022,0.007636073532940798,0.07301885103462243,0.008065761792172584,0.012863504866909606,0.11373833543819448,0.0001306937139110209
Z_R_1874_WIL_0326,9.238488072943619e-05,0.14241606273558768,2.2616779856792524e-05,2.8132720099967446e-05,0.34871263295899924,0.024046030403563446,4.155915745809214e-05,0.08048074285794708,0.06092426088815338,8.198756947108167e-05,0.00017678154815665086,4.028495216809763e-05,4.489722781712865e-05,7.855351995487147e-05,0.007014846961663789,2.0376864335006443e-05,0.10495804841191081,0.08460715065581774,2.4096922669990027e-05,1.772626344251498e-05,0.04340338915553817,9.62721184341454e-05,2.3990482541829396e-05,0.00016694067715963812,0.06070509472002103,0.04123566164632602,0.00015174047891329228,9.170193938303742e-05,0.0002596752786919148,3.635922318804634e-05
Z_R_1875_BEL_0328,0.01931476759717842,0.23416483770812857,4.769779477245676e-05,5.933067033484926e-05,3.762010778115646e-05,0.12425022114772909,8.76464366679925e-05,0.02706624219869867,0.035828457031183154,0.1693107676835765,0.006255880498699907,8.495919370922604e-05,9.468628035615249e-05,0.00016566592137281014,8.636400208557443e-05,4.2973911375161106e-05,0.16987517163336746,0.09312845073143639,5.0819350917268336e-05,3.7383910579544835e-05,0.003290000528440664,0.00020303366688173373,5.059487336472962e-05,0.006235126534246529,6.790931813095206e-05,0.0001891224728736064,0.010615361971178783,0.00019339536010979681,0.0990888314610076,7.668000381533247e-05
Z_R_1875_FRI_0330,0.007957912141932076,0.05447997720549059,2.31826363811366e-05,2.8836581715852222e-05,1.8284561864342914e-05,0.2612589592346055,4.259893944928667e-05,0.007436347057019756,0.38198104345531375,0.026533037624656173,0.023056014259976738,4.129285440535449e-05,4.602052606940635e-05,8.051887585691014e-05,4.1975635693869435e-05,2.088667968903327e-05,0.07541632652364452,0.00022858990655627877,2.4699811365718005e-05,1.8169762556212922e-05,0.00016936867112404364,9.868078167768959e-05,2.4590708177592472e-05,0.06879554669131982,3.300607578675488e-05,0.012244162185020323,0.023745184485039907,9.399625983994863e-05,0.005984874617693235,0.05007591525007811
Z_R_1875_MRK_0608,0.0008442102784549694,0.09057593207599134,0.00020667145825057002,0.0002570759553053349,0.00016300549263893686,0.24522280790622084,0.00037976633852893,0.028058122912195827,0.09151513366685189,0.09634007827278325,0.00798814972346508,0.00036812268867863243,0.0004102695256852522,0.05807234670543717,0.0003742096324689603,0.00018620317717002598,0.08604015362311303,0.002037861809702915,0.00022019695903182987,0.00016198206544854678,0.0015099089537395898,0.0008797317403998526,0.00021922431232250056,0.1544709042196287,0.01303969712292639,0.0008194554369484723,0.07785930261139017,0.0008379695808466648,0.021491080597003765,0.01945042515737059
Z_R_1875_WEI_0607,0.06390627275302722,0.11301282298301019,7.93082375783373e-05,9.865049151738537e-05,6.2551832005313e-05,0.076983641586679,0.00014573177764968222,0.0009851474232450352,0.2380923890714857,0.00028749847145592385,0.0006199040318493099,0.0001412636360087267,0.00015743709019921235,0.0002754565973866771,0.10040801918960013,7.145372630475898e-05,0.14550889159111274,0.03990958883171321,8.449852189919216e-05,6.21591014006778e-05,0.003024887080000594,0.00033758882074682044,8.412527782883894e-05,0.0005853959303445567,0.00011291440960332329,0.00031445835350702274,0.03232325223607192,0.11770429829518753,0.06449289501800888,0.00012749763357206394
Z_R_1875_WIL_0329,0.0061703925859417415,0.00018432174999807123,2.805614561225986e-05,3.48986768492857e-05,2.212838616318009e-05,0.41393917911087513,5.15541903201965e-05,0.006404295559097919,0.1257531645611891,0.07104094847211889,0.0296331301198626,4.997353695652762e-05,5.56950710578657e-05,9.744574639556975e-05,0.008701927022783038,2.5277527416552505e-05,0.07050782174066762,0.11274129781519358,2.9892264748447907e-05,2.1989453470101986e-05,0.0002049737579923232,0.0001194256914685363,2.9760225627336448e-05,0.08758347453602813,3.9944691929688034e-05,0.00011124303886175806,0.03825319380865272,0.0001137563782531328,0.028005734469553862,4.510366491479624e-05
Z_R_1876_FIE_0331,8.74452261124424e-05,0.3473539852180714,2.1407501020698938e-05,2.662851378792617e-05,0.014539115572405557,0.0762285465666697,0.05614795719052104,0.044492713401366166,0.016080360405006117,0.16180245008895514,0.0061082420737549525,3.8130987705500094e-05,4.249665321091565e-05,7.4353403502239e-05,3.876148722636957e-05,0.06734963150219117,0.03597639329579799,0.0008711877874517434,0.05415112439047106,0.05546529718553532,0.021939746450764238,0.0020714288599345725,2.2707754275948793e-05,0.015340347162183746,0.0006905801556019998,8.48810631684955e-05,0.022587075237245288,8.679880042042603e-05,0.0002457909051972272,3.441516044452088e-05
Z_R_1876_KOL_0162,0.05533237912356688,0.060780104897260476,8.49149863469413e-05,0.00010562465383300792,6.697397550236518e-05,0.3730637943487561,0.00015603438290019922,0.05604031199669064,0.01403554934129898,0.12075229338094738,0.0006637285609695123,0.0001512503630048741,0.0001685672103299885,0.0002949301853185245,0.0001537513021922467,7.650519515849131e-05,0.0772449984500323,0.0636778881912462,9.047220128072162e-05,6.655348054561262e-05,0.024185597840398865,0.00036145488766259456,9.007257047179318e-05,0.09750602850554944,0.00012089696912465608,0.00033668919660905536,0.000569711549424255,0.0003442960925474111,0.05334211499718899,0.00013651116384152677
Z_T_1866_SEY_0814,0.005053037146670749,0.0035699210696632064,5.231431547170895e-05,6.507310075554252e-05,4.1261240607282325e-05,0.0007743814525396827,9.612946174333904e-05,0.018394096742258916,0.0005814299052043782,0.00018964342409605507,0.0036351383429997883,0.37272266692817535,0.00010385066993191104,0.0905161207662811,9.47229043199508e-05,0.03392254093116559,0.08952998017536111,0.11343386540921647,5.573799729392652e-05,4.1002182615658345e-05,0.01651334663453646,0.10668825174736547,5.549179325963417e-05,0.00038614636147537673,7.4482049099317e-05,0.06957135711765981,0.00035098715794035034,0.00021211349346051864,0.07319080785675217,8.410162207925764e-05
Z_T_1868_DRS_0672,0.005105860646723851,0.00015252208940394146,2.32158274834515e-05,2.887786769896507e-05,1.8310740283123463e-05,0.035420853212805616,0.020086775049311185,0.1219847945282054,0.013143527101621113,0.17260672144614045,0.06747242184026818,4.1351974314449796e-05,4.608641469243622e-05,8.063415654383935e-05,4.203573315630395e-05,2.091658361847338e-05,0.3375295208444326,0.06394056881530391,0.020784711548928823,0.01075611459090073,0.0016013336686342707,9.882206517398097e-05,2.4625915247992045e-05,0.004466529938288318,3.305333132837839e-05,9.205110476119472e-05,0.030937793542994984,9.413083640088302e-05,0.09332851632025782,3.7322265075347624e-05
Z_T_1868_KLE_0213,4.827854766840569e-05,7.764842365956672e-05,1.1819090697533222e-05,1.4701614134956973e-05,0.016044782232328796,0.0009038363776699185,0.004759467645024408,0.08907073006445924,0.007420204909984185,0.025189362407911347,0.06314089698358819,2.105213502697363e-05,2.346242086620859e-05,0.004049915622448424,0.06088326093005083,1.0648554269516869e-05,0.08509775056026836,0.020160866258631487,1.2592584637221073e-05,9.263401628438727e-06,0.03725946092632392,0.026290154075124545,0.0007414215203228023,8.723996152196689e-05,0.0011101541658576327,0.0576287430515962,0.08645211690171373,0.10901616326110562,0.3044450047463122,1.9000625167349388e-05
Z_T_1868_RAM_0775,0.0001463915001611956,0.0013405192240747517,3.58381621095326e-05,4.4578626573222715e-05,2.8266202403506434e-05,0.038102928053873296,6.585392931926966e-05,0.03249224930684874,0.17057933800246342,0.00012991609876720502,0.0024902682191733244,0.06084277297944048,7.114337845471976e-05,0.05206283987721724,6.489036069562946e-05,3.228883032624078e-05,0.0624379957601272,0.18048004956158595,0.00445846998081378,2.8088733536411903e-05,0.023468331589638108,0.00015255115046958453,0.04534595060775896,0.2665867875258086,0.004471310679600221,0.0012471704536251697,0.00024044536473831623,0.01672138335954443,0.0335636250734687,0.002267757407382807
Z_T_1869_LAN_0157,0.00010675349442924383,0.07269860482720576,2.613436596319855e-05,3.250819998639056e-05,2.061264402302002e-05,0.29935888802688737,4.802285015856384e-05,0.019665143648567387,0.0019021707229003933,0.0009005936310199738,0.00020427636932934863,4.6550467813605094e-05,5.188009035484075e-05,0.0008966254840352727,0.0008531747251453999,2.3546076545179335e-05,0.10838849330145786,0.10985391268331668,2.7844715279185914e-05,0.0016321923096985706,0.00099678808103636,0.00011124531392804415,2.7721720525727046e-05,0.35718646656877234,3.720857496268194e-05,0.015414859430852983,0.0001753406644297326,0.007358655203399677,0.0019117716374809149,4.2014170494241935e-05
Z_T_1870_ALL_0098,0.0016279425200604802,0.08337392067701181,2.4757737628176754e-05,3.079582979593565e-05,0.005363369812036835,0.18969119712803803,4.549324540940413e-05,0.0056513774677644495,0.004855598372692277,8.974870634058606e-05,0.06279281911259615,0.0008075045550554577,4.914730538861905e-05,0.016880924534358945,4.482759243596434e-05,2.2305786415457783e-05,0.18360017712255838,0.10635757368006626,0.01224087614172204,1.9404273385360966e-05,0.009341749722065695,0.041329316712133315,2.6261478252200674e-05,0.0009461498099636323,3.524861241101567e-05,0.08407283956549202,0.00016610459085230508,0.04819496911709535,0.11403177075186813,0.02828582803910564
Z_T_1870_GTH_0309,0.04871570766223618,0.02562377836785587,3.5798602090954966e-05,4.452941837750073e-05,2.8235000706031425e-05,0.4089550618470108,6.578123634301384e-05,0.0037562367329546445,0.1185100106405855,0.14252665065883965,0.019045295840127596,6.37643812271427e-05,7.106484671068828e-05,0.0001243371612366723,6.481873135630165e-05,3.22531882438245e-05,0.03477277928828593,0.00035298828710764586,3.814142206545856e-05,2.8057727738259458e-05,0.001365390686434696,0.004567789825393564,3.797294504005265e-05,0.07532615950450856,0.01992029975613841,0.00014194199512068852,0.06867898951480324,0.00014514892304424588,0.026903465203446355,5.755060497059134e-05
Z_T_1870_LAA_0308,0.11350201553414792,0.007389854838131604,3.31875707335965e-06,4.128159022451357e-06,2.617563335891612e-06,0.35453426767262586,6.098337104142951e-06,0.05069657848351008,0.012112302861413814,0.06274280209892823,0.0022772897494186717,0.005941286138754377,6.588161238505627e-06,1.1526842089734175e-05,6.009106797756152e-06,0.00020765817051667673,0.046408625008798735,0.0900866863812794,0.001129210477970011,0.01678538498090306,0.00114992084040353,1.412684635229719e-05,3.520332431634629e-06,0.12231368387290595,4.725051356551836e-06,0.0004224951131657243,2.2266201948162213e-05,0.09211409931383986,0.02009557779907258,5.335305463520741e-06
Z_T_1870_LAA_0310,0.035591901519894324,4.0094885745286306e-05,6.102958293247792e-06,7.591390928897e-06,0.003015774121887417,0.3583946513735356,0.0001993994464047457,0.0540849153713801,0.0004441993582260722,0.09148005219306192,0.015478876217004684,0.011301972858003885,1.211516009729777e-05,0.0005857521572326394,0.032567061905205114,5.498534891843314e-06,0.005739890622475359,0.12068678696646876,6.502363067676007e-06,4.783291307153142e-06,0.028084157918589685,0.010752525435660576,6.47364104504478e-06,0.02526184271550072,8.689033492077094e-06,0.002658788854216679,0.0747504060736141,0.1108657324591568,0.01794764992620673,9.811247405536014e-06
Z_T_1870_LAA_0311,0.0069162492172109855,0.00045229416088708697,0.0026791453176857674,5.678560804613027e-06,3.6006346853275513e-06,0.2586572455727827,8.388673465476105e-06,0.06396509616633742,0.029611887051096537,0.33166448693617895,0.01580162928556963,8.131476429743974e-06,9.062459556423181e-06,1.585594773257054e-05,0.008313541114493938,4.113049243816939e-06,0.01062812162087767,0.017077866903622733,4.863939217372543e-06,3.5780281621977557e-06,0.014250857412621958,0.01297003101967781,4.842454386269716e-06,0.014391969155929175,0.02210697765662113,0.023667020149190636,0.09786395497266498,0.029157356772391455,0.03974881521842895,7.339072046647064e-06
Z_T_1870_UHL_0097,0.0030864240650892894,0.007344352243292395,1.9502230439250697e-05,2.4258572340824552e-05,1.538175956766087e-05,0.4062014806206747,0.0006371883546290653,0.0014449565009387168,0.030885718054661702,0.0006720493831381038,0.0007537893137685984,0.02950099979237811,3.871444513840509e-05,0.0006690882354668178,0.06979217795999951,1.7570772957375477e-05,0.03157178467607981,0.12407087248165588,2.0778543265778436e-05,1.5285185453974673e-05,0.0007438325032581124,8.301451623378031e-05,2.0686760973139257e-05,0.16371177564229833,2.776613001670638e-05,7.732663668870153e-05,0.00013084434678443065,0.12636305570036557,0.0020279723660880534,3.1352206357195736e-05
Z_T_1871_HAR_0603,0.00020975911409850743,0.06134803597368127,6.006873969684239e-06,0.2259786448390218,4.737729432678859e-06,0.020092922089584016,1.103784989365086e-05,0.16640421699611885,6.676138512520352e-05,2.1775380934505972e-05,0.018939623901473298,1.0699429011590444e-05,1.1924420310643662e-05,0.005762753779674258,1.087634509143308e-05,5.411966545758123e-06,0.0808497652043092,0.03562190653954651,6.399990558000902e-06,4.707983679676198e-06,0.21860616731943208,0.05911147432943118,6.371720731826424e-06,4.433839010068097e-05,8.552234276779985e-06,2.381734553570571e-05,4.0301313392230236e-05,2.4355456264658935e-05,0.10675699731860007,9.65678017423958e-06
Z_T_1871_KOL_0215,0.008188721360196766,0.005385309233649988,1.148019728669476e-05,1.4280069002041936e-05,9.054637878642366e-06,0.0040638526758291675,2.1095281012978485e-05,0.13253579304423532,0.00012759280055456767,0.07084011331452224,0.1894757123995089,2.044849892439156e-05,2.278967369492777e-05,0.0028718133568792488,2.078661680567763e-05,0.004966237994148886,0.08619763430655095,0.00011319925749033977,0.0003662239961064633,8.99778848998609e-06,0.06309453458007074,4.886738606601858e-05,1.2177483900321557e-05,8.473849597963325e-05,1.634483047837752e-05,0.053144391690874704,0.2191983702617708,0.0014625175136768927,0.1576584654416049,1.845581280946046e-05
Z_T_1871_LAA_0316,0.0009943624352664584,0.0009041348809000926,3.182618553287272e-06,3.9588180771766135e-06,2.510188438944648e-06,0.3931807658669593,5.848177610721504e-06,0.04017724338761805,0.097288355753545,0.2566377250616565,0.000908102469928913,5.66887227095558e-06,6.317908700828801e-06,1.1054000243067818e-05,5.762607614983717e-06,2.8674190977250106e-06,0.016732352505990453,0.029275972298764753,3.390903287392884e-06,2.4944282638742946e-06,0.0065983777433090305,0.009925304508691444,3.375925101778341e-06,0.0802989111488001,4.53122532929888e-06,1.2619130378720997e-05,2.1352821512700916e-05,0.046725739955942994,0.020252600491903607,5.11644624186566e-06
Z_T_1872_CRO_0216,0.00012862413964720218,0.016713028249415028,0.03886950411041744,0.024312927911587626,2.4835567374070962e-05,0.10532875027767502,0.02433162105639747,0.1596270066341115,0.12560256892723207,0.00011414833792844858,0.019665134369325113,5.6087286928750176e-05,0.0010334591816512015,0.002051268013708675,5.701469557099589e-05,0.060227294127413705,0.06942422706530331,0.049828959125175286,3.354927691739788e-05,2.4679637690181783e-05,0.050719470454002234,0.01858209360251782,3.340108416334005e-05,0.023535234837625728,0.006841484242541062,0.0010958028738984825,0.08759679786139675,0.001098623694600367,0.006187238868596086,0.1068551644891876
Z_T_1872_HER_0177,0.008556316214722578,0.01831342735655438,9.86357237375905e-06,1.2269170170721548e-05,7.779576761949747e-06,0.047288289631563556,1.8124673803075802e-05,0.0007308104100368875,0.0016303442147153496,0.0003398999796444565,0.040528218909382095,0.00032171274049955137,0.0003237242343974451,3.425856086474213e-05,1.785947524665121e-05,8.886706126656773e-06,0.28574347092076424,0.001313833779877902,1.0509088484094633e-05,7.730732822650461e-06,7.206169816124657e-05,4.198595086316434e-05,0.0006187502078051357,7.280574253783083e-05,1.4043174897973853e-05,0.00034325298250921385,0.0012827517502655569,0.575480005389618,0.0162328687230852,0.0006241444314438989
Z_T_1872_ROM_0225,0.00015459156826009234,0.021254128489238612,3.784562408317092e-05,4.707568257205598e-05,2.9849523732618622e-05,0.0740794322140191,0.022242006863587484,0.08099116305251448,0.11128294323830476,0.0013041651004380604,0.07731595474320296,6.741053172096277e-05,7.512844963352391e-05,0.00013144696130245413,6.852517129651966e-05,3.4097477735532654e-05,0.014588678923080137,0.09139697292207767,0.014043983978533639,2.966211400970933e-05,0.051623253221372824,0.05150785533274459,4.014429948033779e-05,0.021284841320336156,5.388237628152507e-05,0.00015005846807381742,0.00025391382679210487,0.00015344877332507865,0.055282200214602374,0.3104753395376477
Z_T_1873_CON_0217,0.009448374247717975,0.00015329023116399714,2.333274855799211e-05,2.902330431216403e-05,1.8402958035476374e-05,0.0010648489960544253,4.287477604644228e-05,0.2031793927929999,0.0002593240045273553,0.01879071257621688,0.1390394165323571,4.1560233842337294e-05,4.631851811978141e-05,0.018067703294887178,4.2247436275361016e-05,0.005776754098949423,0.014750007875521566,0.0002300700716210374,0.01225579061700309,1.8287415379016125e-05,0.04981365536645894,9.931975934648893e-05,2.4749937899107696e-05,0.00017222543920623285,0.019458815883460812,0.04326050600252317,0.345500474487033,0.03966526359958182,0.0786897465649848,3.7510229917006174e-05
Z_T_1873_DRS_0671,0.0094660974577892,0.001081140249045215,1.0912352352207642e-05,1.3573734028484124e-05,0.2779435278708274,0.003526359398216273,2.0051845245660683e-05,0.24980590341203338,0.0007942475892306735,0.00037604107333932986,0.007487920207600613,1.943705493592121e-05,2.166242819181457e-05,3.7901226155158716e-05,1.9758448494327366e-05,9.83161727110069e-06,0.01497393309002716,0.001790014859896444,1.162650529579515e-05,8.552730927992213e-06,0.20600729258050585,0.07070787087808844,1.1575149081946073e-05,8.054707622469057e-05,0.029962519390575586,0.06633040984100061,0.0340579916328238,0.0007172111073793256,0.02468854626037243,1.7542933043200637e-05
Z_T_1873_WOL_0846,9.09888774204304e-05,0.00014634124768574006,0.0034565326296706928,2.7707614064858665e-05,0.15387230945784272,0.0010165770479711555,0.037817764833514636,0.2729567487788263,0.0407718080269509,0.013817779100945983,0.0008609617704899558,3.9676216993188376e-05,0.008286437052045044,0.03579364562049227,4.033226702780393e-05,2.0068954969163993e-05,0.06765577621538953,0.09912625954027858,2.373280049416906e-05,1.7458406600284147e-05,0.11280638727178273,0.012458144757518509,2.3627968754415174e-05,0.0008512696022716539,0.09275666923075193,0.005583132973236472,0.02693665689536061,0.006958831467711049,0.005063712043092501,0.000722661329846651
Z_T_1876_BER_0202,0.025666471575072795,0.029234188339959794,1.4318670196282977e-05,1.781080876174309e-05,1.1293392464719457e-05,0.4373137264953766,2.6311078457930724e-05,0.06772995545485018,0.031948360034082184,5.1906282631065294e-05,0.00011192029550056302,2.5504379828624707e-05,2.8424408864189993e-05,0.002698833852778258,0.01592053608659599,1.29005809799104e-05,0.02406325287366394,0.12729806763133122,1.5255747751963762e-05,1.1222487093783634e-05,0.03056927908389576,0.0005024667664364854,1.518836056862323e-05,0.0733975027747449,2.0386081457440068e-05,5.6773742448704926e-05,0.03276832067622748,0.06893469973203775,0.03107058635870015,0.0004645359472409448
Z_T_1876_EYA_0609,0.041223694521848174,0.03819584358207468,5.115896168174926e-05,6.36359711113058e-05,4.034999231349853e-05,0.3241425773040293,0.014291409781645502,0.017987865881882913,0.008456035404634793,0.00018545517759421945,0.0003998783427814208,9.11242156208124e-05,0.00010155714350393796,0.0001776873870986037,9.263096322284847e-05,0.02844089894123676,0.037073067761785206,0.09673129222567738,5.450703200578993e-05,4.00966555786614e-05,0.00037375927455662953,0.0002177667045962817,5.426626535056979e-05,0.0776745920333539,7.283712424586278e-05,0.00020284605166873528,0.2795588343766393,0.00020742899885590647,0.0337146576730022,8.224425040317073e-05
Z_X_1868_VOI_0598,0.061703070572792895,0.00015263135227522453,0.007186973246023528,2.889855505483367e-05,1.8323857622824693e-05,0.1801537916978195,4.2690489777295536e-05,0.0031540842034422437,0.14568214734921628,0.0029497157676431013,0.02382193853163323,0.005056000148923089,4.611942980530359e-05,0.002229814156960363,4.2065846465917634e-05,2.093156771679329e-05,0.07056378687682265,0.04034602958321652,0.004322997366673385,1.82088115969489e-05,0.0023188549012981867,0.0008152669374721835,2.4643556615340764e-05,0.32253982060170144,3.307700987815779e-05,9.211704778656431e-05,0.01376697868676703,0.10898305823660248,0.000983118293688834,0.0029028453167078277
A_L_1878_LAZ_0925,2.072174182450015e-05,3.332765101394952e-05,5.072897961156142e-06,6.3101121972516205e-06,4.00108577287321e-06,0.005393475966982112,9.321634930854457e-06,0.02931412910412162,0.00036922716990955146,1.8389645946219246e-05,0.014274151465502084,9.035833262419057e-06,1.0070357358440291e-05,0.00017404246945528306,9.185241627778286e-06,4.570489441659589e-06,0.25817648869739485,0.047289789075735625,5.40489099937084e-06,3.975965024457011e-06,3.706178936266272e-05,0.007060631965409958,5.381016693985625e-06,0.00019386752998182776,7.222494103415897e-06,2.011411663004877e-05,3.403508240245407e-05,0.5318590197086505,0.10564381950010798,8.155300195154278e-06
M_X_1878_REU_0958,0.01750922834711781,0.00030748333526802823,4.68029260123311e-05,0.03180797230937257,3.6914308710853165e-05,0.16665742636367256,8.600208269974974e-05,0.02367210516757738,0.023610906147114686,0.09541892847684738,0.02634290194575341,8.336525569388298e-05,0.001536080521009849,0.00016255782678770012,0.0029710850494912614,4.2167668424653746e-05,0.045461770047271456,0.006234177928852382,4.986591795956717e-05,3.6682542856601724e-05,0.0003419347676037186,0.00019922450785010614,4.964565187948907e-05,0.4058764237369445,6.663525656045959e-05,0.00018557430479540355,0.10566546910762115,0.04204171647686402,0.003423710627894698,7.524139349240238e-05
M_X_1883_APE_0934,0.02456846712674892,9.46352197246127e-06,1.4404699959010393e-06,0.010972782788645006,1.136124568438364e-06,0.16272067498277404,0.010307383408193012,0.0552726009059733,0.01733862699932058,0.3666228727004997,0.03954236047176558,0.00022465059977390498,2.8595189049551625e-06,5.00309899481213e-06,2.6081866954998655e-06,0.008129602886847068,0.09738425983664918,0.04043364415110134,0.002622135831422942,0.0019110585998728445,0.03607710156796122,6.131602240650927e-06,0.0022667933111112067,0.023995795030147704,0.009551698898773107,0.006312920889800852,0.04296087210613974,5.8405260644357094e-06,0.040080643611829135,0.0006685702452124478
M_X_1890_LEH_0942,3.284154743967516e-05,6.178739284875141e-06,9.404837414925873e-07,1.1698555685430536e-06,7.417764257270726e-07,0.4371288917870258,0.003423712283500395,0.0322885325832524,0.000242451613699814,0.15784967638183778,0.02958721383543535,1.6751873069818835e-06,1.866981642279049e-06,3.266526394224162e-06,1.7028866889799627e-06,8.473403256793934e-07,0.23073746665010886,0.004562252398018419,1.002033186626408e-06,7.371191951577873e-07,0.019697779592449834,4.0033268537638375e-06,9.976070388453659e-07,0.0436517393088737,0.004409318537465989,0.0022657185288307456,0.013143248892534464,3.8132830402548954e-06,0.02094870097088238,1.5119419509841477e-06
M_X_1890_LYO_0943,1.8780578166166164e-06,3.1374505780170826e-05,0.3827078487912281,0.0007377745011476874,3.626273541258797e-07,0.010228403316730828,0.001602842801716147,0.16559275701576867,5.109938165473204e-06,0.0001009055064991255,3.5937262215179693e-06,0.02662517443270519,0.0005679916232945554,0.007260207116014955,8.324789963440952e-07,0.005756265315119476,0.00862670674051863,0.026175225849581093,4.898573621512658e-07,3.60350604501168e-07,0.04596510580573279,0.16916160019260282,4.876935804467769e-07,0.0007122423301712419,0.06168466457930174,0.03888926021985371,0.018532388526488627,1.864174556457942e-06,0.029025542791986533,7.39133100300267e-07
R_X_1902_WIL_0987,0.129111622449872,0.002084588251274492,5.5730503777270995e-05,0.0120984934380182,4.3955649706677064e-05,0.23109765121026185,0.0035393128279426794,0.1845667413798481,0.002337850981649257,0.008794292359036664,0.04683384223523386,0.001817720032886376,0.00011063224474460331,0.00019356545309645834,0.00010090842495782826,5.021107876459943e-05,0.054133524614964484,0.17926863644590743,5.937775617854641e-05,4.367967491372503e-05,0.0004071582373396614,0.00023722624060598337,5.91154747219434e-05,0.03306196914634509,7.934581732056012e-05,0.00022097228475928717,0.05364594997806449,0.05349800769471296,0.00235832455300157,8.959356009345819e-05
V_X_1886_GOL_0979,0.0001809933325903286,0.0030236429939935446,4.430905064142605e-05,5.511545531607361e-05,3.4947344395337345e-05,0.5034439404072102,8.141949579407343e-05,0.00328293991675402,0.05104451812439891,0.0028931675087588505,0.0017126086670331583,7.892317107059679e-05,8.795918577291767e-05,0.00015389599738697239,8.022817323654733e-05,3.9920780917983155e-05,0.05670207657280242,0.00043690465481149995,4.720883227620259e-05,3.4727928092812266e-05,0.00032371490897440156,0.00018860890887500878,4.7000302986939836e-05,0.29407551433975687,6.308462331316461e-05,0.0001756860514823489,0.00029727824239771426,0.08078969706630267,0.0005087357770089838,7.123218564813555e-05
Z_E_1877_HEL_1034,0.00010028808568915168,0.0001612975564029708,2.4551566645774583e-05,0.023499053453414097,1.9364261761293003e-05,0.00036342400105686927,0.001559212081103041,0.03588626905916108,0.013899749290694687,8.900132064511347e-05,0.01079058837096146,0.0008007800307911511,4.8738029372103755e-05,0.25521073298278574,4.445428898998515e-05,2.2120034148122418e-05,0.09122537886451372,0.0131119183973291,2.615833052434542e-05,1.924268357587421e-05,0.08799703543750227,0.15757066683156146,0.007596531196761484,0.0001812218709793313,3.495507827804135e-05,0.14317957831642014,0.004707014395852715,9.954672108784976e-05,0.1479064136278498,0.0038247138341412036
Z_E_1877_KRI_0749,0.006338937922792906,0.0003268213539641977,0.1304340950080965,0.007731546494742785,3.9235896615395705e-05,0.0007363702633644141,9.141086324945845e-05,0.31047250739778215,0.0036207569366260074,0.00018033461117766787,0.0049906379188878296,0.2393822361967693,9.87530691980428e-05,0.009376382372306785,9.00733479242906e-05,4.4819646814503805e-05,0.0007689797887018565,0.051110325191957996,5.300204907042296e-05,3.8989554711295116e-05,0.00036343948077143293,0.21342851226761325,5.2767930175944466e-05,0.000367192030444792,7.082603274046613e-05,0.00019724530925011334,0.00033375864708848845,0.00020170171758428573,0.018978367278989043,7.997342058848422e-05
Z_E_1877_KRI_0750,0.00016137091949059795,0.024622487009075468,0.12063609469095314,0.021975792727061114,3.115852400814642e-05,0.006675512835144083,7.25923917346145e-05,0.25264723000259065,0.06987346814018414,0.020851714935304213,0.00030878863240141216,0.007379250913082216,7.842308046754264e-05,0.0354634850109162,7.153022655003825e-05,0.002471887500413689,0.027409914390843965,0.07104208491788937,4.209068126134558e-05,0.001249110263538999,0.047796366663445645,0.1841084133884124,4.190475969911202e-05,0.0002915993435390159,5.624529657567816e-05,0.0001566390278781689,0.08918980663598003,0.0038146201125891094,0.011416907438972813,6.350953999715919e-05
Z_E_1877_RIC_0782,0.0006069248292892753,0.04995558437823002,1.738051275760389e-05,0.009668341748237759,0.051998823225492964,0.00025727464067452736,3.193732578065061e-05,0.0870363976330019,0.0012650279162335816,6.300569781286095e-05,0.00013585284786343503,0.043977137734741635,0.020935734326665904,6.036670403016251e-05,0.019324914727961672,1.5659185471011152e-05,0.01313096429819764,0.003922881824442153,1.8517970928517143e-05,0.0128759187260316,0.016740778882629433,0.06974475561903234,0.18330616088274693,0.00173607740732072,0.004312177509955176,0.01346713948461309,0.3688357748164751,7.04709838197954e-05,0.02324450275462215,0.0032435154049403813
Z_E_1878_BOX_0200,9.382438806168229e-05,0.0348554485724005,2.296918622652089e-05,0.17567607351554637,1.8116209892079737e-05,0.013088609899454654,0.021289888463991165,0.3444977618836969,0.0023800514876860276,0.009998849884970499,0.04763269199500423,4.09126575195284e-05,4.5596799956314056e-05,0.0022045456867939585,4.1589152216250846e-05,0.037558265455497515,0.00885413019604966,0.0009347412623688137,2.4472392082237325e-05,1.8002467578920777e-05,0.160941934456919,9.777219527878283e-05,2.43642934430333e-05,0.00016954188557084148,3.2702177996006924e-05,0.0022158413431701916,0.12055763474297479,0.0015096429218391441,0.014428842608311392,0.0007451818175028852
Z_E_1878_GRI_0697,5.424931203836688e-05,0.005001419897415599,1.3280795927501289e-05,1.651981037525862e-05,0.5987199966149224,0.000606102713319619,2.4403946654415105e-05,0.14799953806842103,0.0005571189867631359,4.814390844460785e-05,0.00010380786653459441,0.08356451922948288,2.6364094452232155e-05,4.612740074021752e-05,0.030328085594110273,1.1965495467929042e-05,0.0030718926950387996,0.024292282039448037,1.4149950368146823e-05,1.040903651305888e-05,0.008696822165386999,0.031998626807295136,0.0016521435949062976,9.802921014373155e-05,0.062265042011782394,5.2658555380198675e-05,8.910350399787393e-05,5.384828215217595e-05,0.0005619979184900747,2.135049402702182e-05
Z_E_1878_GUD_0707,0.00023284944355292137,0.00037450157709950594,5.7003966049772475e-05,0.024678990326640254,4.496005228283991e-05,0.0008437998974490558,0.00186246713921924,0.2801856127471122,0.0006335514529386635,0.00020664376875160099,0.0004455651703361932,0.00010153532289952694,0.000113160231758097,0.0037134290412364343,0.00010321421915403558,0.16000390331616413,0.0008811668519616925,0.002319801784003567,6.0734559494399613e-05,4.467777136553647e-05,0.05666351070572359,0.04594337405959047,0.024668550114964265,0.0004207619631702788,0.12663701859602328,0.23224509769467408,0.0337791361554125,0.00023112813903607127,0.0024122131264220433,9.164080551392117e-05
Z_E_1878_GUD_0708,0.00035618644080347904,0.0005728696697187755,8.719814601719745e-05,0.207142937797739,6.877474455859469e-05,0.006668267335672913,0.000160229772024511,0.19198507072720877,0.0009691345345079489,0.00031609999741795175,0.0033703340165599396,0.00015531712134495563,0.00017309957702884836,0.00030286014837485945,0.0001578853047696062,7.856223577835635e-05,0.004036667636339166,0.003548567384168975,0.0027816641726622284,6.834294350420135e-05,0.10818743151249768,0.03532504563034743,9.249440516958455e-05,0.014087430474012189,0.17758226744154149,0.10520735823034282,0.024783864246369552,0.0003535533860705978,0.11124030334686845,0.00014018162057986117
Z_E_1878_KRI_0744,0.01666721015480664,0.00023466964136838124,3.571974348701117e-05,4.4431327179448995e-05,0.0011295929615276973,0.0005287406820944681,0.0011670564888031031,0.30443566548257833,0.00039699510320093963,0.00012948682213710465,0.00027919940828781653,0.033106228659063784,0.025403571936650823,0.06841211306353688,0.00116609610406118,3.21821396204402e-05,0.0005521555095630828,0.09837860477401718,3.805740260322171e-05,2.799592104442117e-05,0.05753481100778025,0.15104660873041043,0.0595145778297612,0.0013650774161901554,5.085567237620331e-05,0.00014162931957129764,0.033282255611209774,0.00014482918314473437,0.031249881797733227,0.11350370010619083
Z_E_1882_FRB_0675,0.00026081418474268594,0.014201210594196835,6.385002560245383e-05,7.942222146669175e-05,5.0359662463493604e-05,0.18995175080868879,0.00011732674963092272,0.024418955849660934,0.036148379485644234,0.00023146126207879765,0.0004990766345746426,0.00011372950718951049,0.0001267505437889254,0.13410145019933462,0.00011561003544504699,5.7526461225961826e-05,0.08564620493270532,0.057725333805604406,6.802865567783854e-05,5.004348018626097e-05,0.01621702920098119,0.03374170927084057,0.017787098062258422,0.2386983788309198,9.090591550388224e-05,0.00025316631078198547,0.012241295800895018,0.0002588861550793721,0.044047111416110896,0.09263713393672049
Z_E_1882_ON_0821,0.17419145117738713,0.00979005545060294,3.865764699140914e-05,4.808574737070884e-05,3.0489980790946403e-05,0.10427714818931341,7.103483557111284e-05,0.10180109390974941,0.0004296474458849511,0.0001401369486887774,0.011030258300442316,6.885690491046665e-05,0.011996846081789452,0.022782468069822676,6.999546040475148e-05,0.04294720946236939,0.060198097907730924,0.046869591674783835,4.118757559891936e-05,0.04771072119737663,0.02412263797234161,0.00016455276096365225,0.1633464532105749,0.037237670284305,0.0036310701853505263,0.00015327815110462937,0.0872761331816702,0.041877111015871514,0.00759591240300982,6.214686722801605e-05
Z_E_1884_GRI_0698,0.0007127486532190073,0.000958620901936039,0.014342115151715693,9.178789622565151e-06,5.820043039335715e-06,0.00010922922617718909,1.3559398516865371e-05,0.2214836958872586,0.00030954822471171553,2.6749871650035527e-05,0.0007402845350110029,0.00024067915945863972,1.4648502075356758e-05,0.014132829994234111,0.00024089649124460716,6.648306677561247e-06,0.00034160184134121303,0.03352047841660851,7.862040462248632e-06,5.783501998912676e-06,0.09266085615559005,0.38775188983965947,0.01457009883872492,0.0011921447647478664,1.050595486310785e-05,2.9258314150320456e-05,4.950797250401695e-05,2.9919353926216913e-05,0.0021325430130631757,0.2143502968558116
Z_E_1884_GRI_0699,4.386621730059872e-05,0.004044168742202826,1.0738906323248113e-05,1.3357986755173513e-05,8.469968376098322e-06,0.016053429836058345,1.973313184465258e-05,0.15974033974927077,0.005748644516173098,3.892936279150783e-05,0.005050960538094305,1.912811329946262e-05,2.1318115432638394e-05,0.060634955852719094,1.944439847842505e-05,9.675348950679626e-06,0.04222011364888718,0.08421411327863683,1.1441708186139444e-05,8.416789824888123e-06,0.008025690460412408,0.32223981199011825,1.1391168251958308e-05,7.926682334570002e-05,1.5289423952678606e-05,4.257992491056381e-05,7.204946056921775e-05,4.354194288179605e-05,0.021978191800432364,0.26956094079551907
Z_E_1884_ON_0828,0.00020351605175853704,0.03105312503877052,4.982284659138853e-05,0.32729176095390794,3.929617433413094e-05,0.017636692417516277,0.0016278413764719592,0.15578418518925993,0.05125131193781221,0.023224962851753645,0.0003894347475532303,8.874433073679828e-05,0.009316645260279309,0.0001730467378073592,9.021172671514486e-05,4.4888502793277005e-05,0.02227822227940436,0.08037835699029885,5.308347559260939e-05,0.015401950250178615,0.13248494467657068,0.00021207930652125356,0.009270589474744321,0.0003677561439184799,0.001607224921692065,0.0001975483352619659,0.03566894322844978,0.00020201158993205282,0.08353170690041221,8.009628296116759e-05
Z_E_1884_ON_0829,0.0006814246603193309,0.0007299159320163622,0.02649493601261169,2.427316906675616e-05,0.012651387901251171,0.04180713050495836,3.5857622429243095e-05,0.09651665966737373,0.03812487207715239,0.0006724537647529964,0.08078222315911036,3.475822641208272e-05,3.873774016736805e-05,0.031958625982250084,0.010264473293500335,0.00242443789530393,0.003911931542976953,0.006209556741233756,2.0791046009016883e-05,1.529438276615574e-05,0.05610198072236461,0.03618591271370273,0.052971543303299014,0.00014403794821174593,0.018079206960520136,0.31477386704687016,0.0398440561487847,0.003087691962022596,0.11816002115184701,0.007251940720715183
Z_E_1885_ON_0825,0.00015228136352563252,0.002543985854894783,3.728006193175765e-05,4.637218712285452e-05,2.940345470165797e-05,0.07412192742604083,6.850347280556968e-05,0.029201400232285655,0.1647975069537024,0.0541631780623877,0.0002913954641377752,6.640315382003992e-05,0.03685905081876229,0.00012948262782845523,0.2529646860820186,3.3587927600396975e-05,0.04310898327685472,0.08658254547673074,3.971983523694268e-05,2.9218845615510578e-05,0.00027236223029152625,0.0001586888390059008,0.020731132245291873,0.00027517439807293084,5.3077162114992424e-05,0.06452164490091893,0.09910992801831534,0.005898818940652666,0.06365232845556276,5.993223176878893e-05
Z_E_1886_GES_0679,0.00014049186450726308,0.00022595898888485883,3.4393869929180606e-05,0.033979958971508496,2.7127063209513778e-05,0.14262104265970277,6.319998978770045e-05,0.037546019407846305,0.09689110588266059,0.005427364316043604,0.08511177806813196,6.126227578576738e-05,0.0021893498271019557,0.030875024737026933,0.047786430242702384,3.0987577627780066e-05,0.07370869781701553,0.00776289451865463,3.664475797407782e-05,2.6956746408315293e-05,0.0013118129460036917,0.00014640327845947618,0.056244932101630486,0.11267076903984076,4.896797149464964e-05,0.00862066643132194,0.004472902431114667,0.0754375645049159,0.03221099763990444,0.14428829407280444
Z_E_1886_KIL_0737,0.05035487059752723,0.004109388162239255,0.011265440526058861,0.06815203584498881,1.691798346393819e-05,0.03008101720445285,3.941511743793895e-05,0.1814931175361074,0.002884043423246689,0.0020619914507113567,0.02794693213950357,3.820664849349943e-05,4.258097649921087e-05,0.04108199587616667,0.004668716859830574,1.932562039043078e-05,0.0016543960137750703,0.026667953566062243,2.2853760639597728e-05,1.681176419486168e-05,0.05703807409344236,0.15949140672449943,0.03177049082839084,0.0008197394039048104,3.0539219288527183e-05,0.03183278750365353,0.08348172446997669,8.69710295189201e-05,0.00024627861177629407,0.1825839770437585
Z_E_1886_POL_0772,0.00015753295246294103,0.005010069075312033,0.03571383210209752,0.014318077941206124,3.041746491180353e-05,0.006516745702659123,7.086588979228382e-05,0.113450730632291,0.0004286255934123812,0.00013980365382367915,0.0003014445545873116,6.869313901540506e-05,7.655790427599685e-05,0.32121134554656305,6.982898662498551e-05,3.474624392308785e-05,0.0005961483681641338,0.00513697520086716,4.108961708347136e-05,3.022648937993952e-05,0.0002817549389094715,0.34859259653649094,0.015500190222566084,0.00028466408736447103,5.490758594975081e-05,0.12263799489671301,0.00025874499661214707,0.00015636841378726426,0.008767022202995101,6.199906015841131e-05
Z_E_1886_RIT_0105,1.5316644265879978e-05,0.02627068976419459,3.749673851078913e-06,4.664170831856445e-06,2.9574351412830947e-06,0.05231637240144305,0.004400502953844187,0.0865313766844983,0.0002729172703095697,0.021287928478369862,0.029050277610690917,0.0001223002990092494,0.018160001698726336,1.302351977381628e-05,0.0033598096343844613,3.3783145013461712e-06,0.12157604252887737,0.0002682160364627555,0.009947434544601829,2.938866935461291e-06,0.5495758576227988,0.0027908744578920832,3.977422322340293e-06,0.00014329876400282315,5.338565349928325e-06,0.00013048890240252098,2.5157308402614247e-05,0.004986923155971155,0.06872215721357353,6.028056571139755e-06
Z_E_1886_SCH_0400,0.0013795182872801438,0.08065726592739457,3.9505279788104545e-05,4.914010684928964e-05,3.115852400814642e-05,0.07123732332799002,0.2290842975361692,0.21975725107227292,0.0004390681761800317,0.034251335980989214,0.0027450833679805034,7.036670634494141e-05,7.842308046754264e-05,0.00013721134501937682,7.153022655003825e-05,3.559276483459751e-05,0.01401029334515896,0.06738764281452073,4.209068126134558e-05,3.096289574945336e-05,0.21102811394724477,0.02818555031135055,4.190475969911202e-05,0.0027278940791181073,5.624529657567816e-05,0.0001566390278781689,0.001483196155132729,0.0001601780092204719,0.03456170742697418,6.350953999715919e-05
Z_E_1887_HIL_0483,0.00011332901704540232,0.0001822718361145402,0.01628208189662208,3.4510555088338e-05,2.1882287772640107e-05,0.0543066438265996,0.004328438145146231,0.021731917209404764,0.002874827123195081,0.027476301358670734,0.10629780011497303,0.0017604006854246923,0.011176464667988552,0.04287093510465662,5.023488922006846e-05,0.04194407803470829,0.0757121170599454,0.012250448415906263,0.0008850512830502544,2.1744900204087028e-05,0.08318536596030228,0.1686499154877317,2.942925058130346e-05,0.00020478700300326835,3.950045147211375e-05,0.019786309483296835,0.015584987152718124,0.03860960703060106,0.2535440177190448,4.460204951179611e-05
Z_E_1887_KER_0500,0.00011132895663646216,0.00017905505463542903,2.7254486708786728e-05,3.390150370218611e-05,2.1496103381633175e-05,0.09788908254164491,0.01685795156604605,0.1305995445434921,0.0003029108472623238,0.06648988790419695,0.015340115076613968,4.854562410659795e-05,5.410367464118912e-05,9.46613920767977e-05,4.934833063431542e-05,0.005907309921640643,0.09790694826635998,0.0044707075645068085,0.017677302117559454,2.136114046515692e-05,0.4019072207960749,0.02700860602092727,2.8909875398433362e-05,0.00020117286791544473,3.880333707736887e-05,0.00010806444926554613,0.00018285577752065376,0.0026316865420336934,0.11376604881670677,4.3814900768148274e-05
Z_E_1887_KIR_0487,6.998314768034066e-05,0.037620770258579614,1.713260256737385e-05,2.1311022862839446e-05,1.3512791487134078e-05,0.012404152962370242,3.1481781768794224e-05,0.11326574190661573,0.0023035533461327226,0.01749550197024934,0.16548702491419545,3.05165491865721e-05,0.08878583934559282,0.05130312115832224,0.003729014014810507,1.5435827754060743e-05,0.05414987461940917,0.0006972188911507603,1.825383639120008e-05,1.3427951657493262e-05,0.176572256525438,7.292779758635689e-05,1.8173206150089573e-05,0.0001264604551228967,2.4392393059454443e-05,0.07508435784986701,0.001699800129430488,0.004824028071226807,0.1940771919318618,2.7542741472639694e-05
Z_E_1887_ON_0831,0.003980680926613209,0.0015415326969784153,0.0025827706547047052,5.1263278597473996e-05,3.250477459917819e-05,0.06796134210909814,7.572885449682954e-05,0.05896777264766959,0.03731063688175077,0.005232514251772528,0.005405247287236346,7.340700504397698e-05,8.181146684946361e-05,0.025558724668913096,0.0013454000420128486,3.713060342677549e-05,0.09594550069381834,0.04742520020958359,4.3909272042802404e-05,3.230069392923422e-05,0.0015718687937874341,0.009070881209040862,0.15889112095928976,0.06511393983078947,5.867545866352181e-05,0.08657639552030326,0.07016935909867629,0.006520994965141505,0.1046770768803808,0.14366430826478985
Z_E_1887_SCH_0508,0.00043303137432448044,0.000696462616116266,0.00010601058513961522,0.0001318651964714095,8.361245332035236e-05,0.08329026763821196,0.00019479831469989655,0.06996251806368886,0.0011782190766066738,0.00038429653862478915,0.0008286199662656753,0.0001888257912356536,0.00021044469735204002,0.00036820027731274737,0.00019194804371495947,9.551153281512908e-05,0.040864814004676814,0.07949751248887958,0.00011294839002213207,0.006620771364998083,0.0007744965514271086,0.1213984034577462,0.00011244947813723545,0.023664386855854144,0.00015093164339856767,0.16059358840304527,0.017055455799301487,0.000429830254969462,0.21042304778472323,0.17995673135692017
Z_E_1887_UNB_0513,0.00015245661738637505,0.0002452024053794957,3.7322965899984615e-05,4.6425554814318535e-05,2.94372938323062e-05,0.09262092074083102,0.04034852848357896,0.16158340139639507,0.006169091605485758,0.06918663492376202,0.03136483215182749,6.647957426179991e-05,7.40909056653027e-05,0.00012963164363643495,0.0012184344253145707,0.0011844821874027846,0.1881664017152864,0.0233851312123625,0.17036639507928417,2.9252472287757287e-05,0.15448732674287594,0.0013097270718933633,3.958989597557406e-05,0.007180624713757192,5.313824626450718e-05,0.0001479861205251861,0.00025040720898325606,0.00015132960475483655,0.04991531583516202,6.0001205113637064e-05
Z_E_1887_UNB_0514,5.471989187852056e-05,8.80083091225549e-05,1.3395998767682141e-05,1.666310969894885e-05,1.0565664930225536e-05,0.10181260927622814,0.0008507482808884708,0.07617060512530589,0.0001488853332664463,0.0012877604948394016,0.007126835817674389,2.38609197691728e-05,2.6592786962551066e-05,4.652752793172337e-05,0.0008503881071704266,1.2069288875312264e-05,0.16956426742917274,0.0587875075949999,0.28957376470047136,1.0499328584136293e-05,0.15458467362666287,0.0025354202509778705,1.4209647730639567e-05,0.039753246505165436,0.0008452050808964983,5.3115336372297016e-05,8.987642278878501e-05,5.4315383301584074e-05,0.095572127062968,2.153569659805779e-05
Z_E_1887_WID_0844,0.00022192704490263688,0.00035693462285719794,5.433004923750666e-05,6.758044592971455e-05,4.285108604749994e-05,0.08456771474883945,9.983344601947464e-05,0.03585554259675282,0.05253720027676749,0.0001969506142975333,0.013826824067480434,0.0034473123666497736,0.00010785216168603085,0.016941400426122903,0.5211073143511512,4.894932212440508e-05,0.1164334571793375,0.09100029071871978,5.7885649655813356e-05,4.25820462385415e-05,0.0003969267381921994,0.0002312649708687561,5.762995908268887e-05,0.00040102504721077127,7.735193241828135e-05,0.027019738003406592,0.0003645111170945965,0.0018955563914473956,0.032453920460296416,8.734215916466012e-05
Z_E_1887_WLK_0847,0.000541873897269006,0.00010194700912477832,0.02872476787239614,1.9302202410914875e-05,0.2086327906749864,0.009320962206633667,2.851424485199727e-05,0.34278980908531614,0.002564903216274246,5.6252671461782845e-05,0.00012129197649247286,0.0005061275007914635,3.0804535641620304e-05,0.0579508844796669,2.8097027049655154e-05,0.0038418808450170565,0.00023987168703837574,0.033647135374822015,1.6533192567356794e-05,1.2162205564936497e-05,0.13169743300945572,0.1091612043254366,1.6460162697116747e-05,0.0001145400348668829,0.044521430963366145,0.014894640325216146,0.00010411099344485061,6.291781914991159e-05,0.0020921163910378074,0.008159234069951843
Z_E_1888_BOR_0475,2.9465036917415e-05,0.0227346326565484,7.213347553969469e-06,8.972589776464634e-06,5.6892968267785495e-06,0.003220710697043634,0.02136595389065296,0.16624029231343782,8.017033094466857e-05,0.026272174919639235,0.16820888775495682,1.284839676662684e-05,1.4319426129862157e-05,2.5053692197122668e-05,1.3060846233392966e-05,0.07451852186018382,0.1308967858659838,0.02075655369670169,7.685421147500828e-06,5.653576674209075e-06,0.16464642181646072,3.070482422429551e-05,7.651473359930128e-06,5.3243703695768314e-05,1.0269940490299249e-05,0.09856241042719796,4.8395784870259646e-05,0.0002516711700349228,0.10195298891021522,1.1596333134442909e-05
Z_E_1888_GPF_0107,3.198334394569822e-05,0.043992427781847546,0.33246244499045613,9.739455806848534e-06,6.175547572875453e-06,0.04695409684969688,0.008223143573827398,0.36055821943092364,8.702229954880169e-05,2.838382874947979e-05,6.120119453859563e-05,1.394651885519765e-05,1.5543273619511865e-05,0.035035124670350574,1.4177125875501267e-05,7.054403874482544e-06,0.01871145168068049,0.03991381510758229,8.342275918981828e-06,0.00024757077242282944,0.05824279718188261,0.01572653895770909,8.305426694285032e-06,0.00874941824224513,0.012082847583993042,3.1045493945017644e-05,5.253205815984186e-05,3.174691188231136e-05,0.002262804714564095,0.016430099302830816
Z_E_1888_HEI_0989,0.0007382870966099537,0.0001388997730913696,0.0006730673527746929,2.6298677695961226e-05,1.667533981733615e-05,0.2265309399640115,0.0006907748293913017,0.12543222822742817,0.0008869044098186164,0.033976743498362785,0.03732498270731826,0.0006895836927318896,0.0019977453173486916,7.343241946870307e-05,0.018944106869107448,1.9048445571435584e-05,0.04270194418128953,0.21403987743690758,0.08542470326051729,1.657064398223409e-05,0.05491616401490565,8.999589818582553e-05,2.2426482967030482e-05,0.10120443509036656,3.010121510508873e-05,0.022249280268338056,0.0001418481374780426,8.572366054044896e-05,0.030883222214401363,3.398887446717451e-05
Z_E_1888_JON_0484,0.00034149526326306015,0.0031271007184879283,8.360159292706785e-05,0.07486191612155667,6.593807851277871e-05,0.02701610554800083,0.00015362097461278778,0.21757867550301982,0.065375649076859,0.00030306221537291513,0.0006534625671554435,0.00014891094990395886,0.04398957126772872,0.09824902903562255,0.018196389629629134,7.532187729871147e-05,0.006448031733808962,0.03433651792243691,8.907285354535162e-05,6.552408741751217e-05,0.0006107800021153813,0.22462963975065234,8.867940388886052e-05,0.08826430899366522,0.00011902703673036457,0.0132207790169362,0.0005608997314822189,0.00033897081085223005,0.08087351851226993,0.00013439972424715194
Z_E_1888_KER_0486,0.00065606794512957,0.04562756805444841,0.00016061225786013174,0.0001997835113404019,0.00012667777368949068,0.1212371561044608,0.00029513087877115394,0.02675752281185541,0.0017850710464285646,0.0996319791827262,0.13992505420081983,0.0002860821552172623,0.07460614659703137,0.0005578450284567652,0.0002908125509569922,0.00014470557743754403,0.2600120861710993,0.056061061046040146,0.00017112343941154526,0.00012588242945959363,0.006125895096470278,0.1344008319800163,0.00017036755862661262,0.006138010650829595,0.00022867029737510028,0.0006368300154174383,0.0010775796148416812,0.000651218061444727,0.006796562125803844,0.015115665836533973
Z_E_1888_KIR_0488,2.0576900235155082e-05,0.024264528230202653,5.037439233337689e-06,0.009015388729732288,3.973118837112834e-06,0.030985177304580565,0.024862008820814012,0.19779728465703636,0.005026537396560226,0.048947117279796386,0.06186059603654762,8.972674264402856e-06,0.00032065937148838963,1.749623889178905e-05,9.121038289702097e-06,0.001247176159596704,0.06329705746689834,0.025213082877655616,0.1380934723151998,3.948173678623242e-06,0.2168770669225925,0.00033210210963419454,5.343404266572418e-06,0.0008138312361906196,7.172010049814897e-06,0.0035925566714885694,3.379718273791751e-05,0.0006417435971573434,0.14668907634036393,8.098295979395945e-06
Z_E_1888_KLA_0489,0.00016749181074204996,0.14440555705802527,4.100373764038976e-05,5.100401920139567e-05,3.2340384640853116e-05,0.09922644361699576,7.534586266291436e-05,0.07510612959174938,0.00045572228317065287,0.2669269968444159,0.0028492059498225015,7.30357557537188e-05,8.139771275358885e-05,0.00014241584979619938,7.424340894551948e-05,3.694281875744059e-05,0.14477000836626944,0.17614929573704444,4.368720486989597e-05,3.2137336090443617e-05,0.03823013863582347,0.00017453928947239883,4.349423119649316e-05,0.0015670122673931276,5.837871283699809e-05,0.0001625804357749696,0.000275102239407397,0.0014306060467144895,0.047251824298867685,6.591849316529802e-05
Z_E_1888_SCH_0509,6.372178439090007e-05,0.0015455442801879937,1.559975569889747e-05,1.9404334458035153e-05,1.2303807619448252e-05,0.11278942715473574,2.8665119769627217e-05,0.22482978130530099,0.0501993836410948,0.0005375695988828632,0.1078702530615195,2.7786246147475068e-05,3.096752897360863e-05,5.418170616434734e-05,0.001471303542193491,1.4054790626624499e-05,0.07479912970274152,0.007850128244285028,1.662067319606386e-05,1.22265583742896e-05,0.0631274953665972,6.640297768724791e-05,1.6547256909290106e-05,0.0005961653730909938,0.19820215444887263,0.02218874026552941,0.08620711345303492,6.325073067644756e-05,0.047318998787460376,2.5078503780230436e-05
Z_E_1889_DIE_0477,0.00010701220323898059,0.00017211223815006746,2.6197700571097926e-05,3.2586981086439116e-05,2.0662597166279957e-05,0.10540276155113176,4.8139229809376337e-05,0.11180285181907337,0.037450309027431454,9.496868294937265e-05,0.0018203863509582985,0.009740352881457746,5.20058177279492e-05,0.13014799308228733,4.743486103609271e-05,0.00406264047288356,0.004444001180461303,0.02530035109687169,2.7912194785930413e-05,2.0532867404284215e-05,0.04542861439633994,0.2157961085572123,2.7788901964230866e-05,0.03654470844680494,0.0016529136807563532,0.05988162682323843,0.009061647724271517,0.0009140285984590568,0.13358902176421047,0.06628232827026034
Z_E_1889_DNT_0478,3.8409838461049835e-05,0.043553667792968216,9.403128022134627e-06,1.169642939383458e-05,7.416416028461536e-06,0.004778324693697489,1.727859052194498e-05,0.1450897754451375,0.0001045079111756897,3.408706353608957e-05,7.349850596741363e-05,1.6748828303620117e-05,0.2586504486518117,3.265932680965298e-05,1.7025771778101223e-05,8.471863158458848e-06,0.05088589371333432,0.0027022320359821428,1.001851060319462e-05,7.369852187600144e-06,0.2534814529977326,0.04614143112044004,9.974257170207065e-06,6.940707604590642e-05,1.3387621279505124e-05,0.012794905088794347,0.0058620063420550435,3.8125899502787046e-05,0.1734956369472294,0.0020447382808715902
Z_E_1889_GHR_0692,0.00016519430872519885,0.00026568897138630704,4.044128524638995e-05,5.0304391939241416e-05,0.028713107104126775,0.0005986311954823721,7.431233588532144e-05,0.14266139423371155,0.08150506552201653,0.0013936119198165264,0.014033205410503046,7.20339169449854e-05,0.05619569269869561,0.026327654362984343,7.322500463646983e-05,3.643607039626787e-05,0.04551747028561803,0.024091940723464447,4.308794308596462e-05,3.169650501842345e-05,0.0002954576273431435,0.05005251091786405,0.00877196163169391,0.0002985082574525213,0.023750751681817398,0.06500482584538074,0.14866541689343044,0.00016397313462476778,0.022910492515987868,0.2581959073047215
Z_E_1889_GRA_0999,0.00017341165360545873,0.013369302852693858,4.2452976755831517e-05,5.280670900298573e-05,3.348342557143865e-05,0.1433137428248993,0.021022645018911743,0.14583075356486952,0.001780869122934991,0.05513356514366991,0.00033182897840782817,7.561713687054358e-05,8.427463949291602e-05,0.00014744940605376908,7.686747344547375e-05,3.8248528457553904e-05,0.1708314063038282,0.025290358437048098,4.5231288648234405e-05,3.327320045814681e-05,0.2136836352661839,0.00018070821894178578,0.16498404099103076,0.005549516137817086,6.0442054352216e-05,0.00016832669064073487,0.0002848254731669971,0.00017212973401797352,0.03714053842699244,6.824832123033834e-05
Z_E_1889_GRA_1008,0.00021791138073424588,0.000350476060873035,0.10039570554117144,6.63576099507878e-05,4.207571605646042e-05,0.09948706921047942,9.802700736679362e-05,0.245761210955949,0.010462647216452597,0.006773213678107759,0.0004169806892966963,0.003384934891412,0.00010590062819286822,0.00018528687659437592,9.659268523075137e-05,0.008272847096660894,0.010694377267720278,0.0005260221203545064,5.683823639760112e-05,4.181154439469503e-05,0.07276783924293077,0.05944552146365105,5.6587172423605835e-05,0.02177820576193122,0.16950649216366062,0.15648240784381065,0.002002872159896993,0.00021630050360176245,0.030221725530299524,8.576174439772037e-05
Z_E_1889_LAN_0492,6.065812307224253e-05,0.012918548878360366,0.0009306347296555695,1.8471399050440607e-05,0.005964314692162967,0.021740760196016527,0.009643029333970227,0.12839435842910626,0.0001650424472507586,5.3831449909382346e-05,0.00011607134003227651,2.6450319221912175e-05,2.9478650067317364e-05,0.0014252542046958667,2.688767777462165e-05,1.3379054396131097e-05,0.02907677434389654,0.00014642426846947693,1.5821572636536828e-05,1.1638721195690928e-05,0.14892355074020863,0.07515757959771582,1.5751686110269597e-05,0.00010961001476604532,0.45379260479020506,0.031653461599433406,0.003762769819516592,6.020971701365485e-05,0.07572275944246934,2.3872761620061565e-05
Z_E_1889_LAN_1006,3.266150535792872e-05,0.019283685402700115,0.0007476556657651703,9.945967143359904e-06,0.0039511587018804,0.033156496038547804,0.01751997439862431,0.19167120828537157,8.886748389405833e-05,0.00027553893071267504,0.005240117405396698,1.424223499227819e-05,1.5872846674986916e-05,0.0015070911817759013,1.4477731707131099e-05,0.004445162719405789,0.027737565665789984,7.884248286830165e-05,8.519162039083543e-06,6.266896096335876e-06,0.16007148439811497,0.03627736547381605,8.481531478879665e-06,5.901976360693025e-05,0.4322192543813162,0.01137315387501566,0.014107181926105616,0.0017582929022198666,0.03830756069838648,1.2854343195445821e-05
Z_E_1890_GLO_0482,0.0027870986623630568,0.00018956972371710317,2.8854954840319027e-05,0.015161541005298547,2.2758421354524437e-05,0.13922719522922528,0.03475303963722512,0.10356873792915519,0.0021001867956221996,0.33019964071036045,0.00022554155016589806,5.139637397168006e-05,5.72808105009556e-05,0.00010022020310575591,5.224621792048757e-05,2.5997224357177068e-05,0.10543583652014588,0.0029537533195701416,0.02405383246333793,2.2615532996301035e-05,0.16926217755501255,0.00012282595698365133,3.060755309664681e-05,0.020677099310733846,4.10819895815605e-05,0.00011441032945214072,0.0001935936368579208,0.005455459475213972,0.043039013059971896,4.638784786177538e-05
Z_E_1890_LEG_1009,0.0012061452877952037,0.013007580388932585,3.454039536757306e-05,4.2964351298945355e-05,2.7242630455574144e-05,0.21139215303342127,6.346923562217937e-05,0.09308882834412073,0.035530699238385595,0.022491364433332228,0.0002699811646788667,6.152326653309858e-05,6.856714393167155e-05,0.00011996710645529502,0.2439601119943167,3.111959151298635e-05,0.0740227130552895,0.01738146022779835,3.68008726898104e-05,2.7071588067402963e-05,0.009837840733970617,0.00014702698857417215,3.6638317094676055e-05,0.0034501168563818426,0.06182236061730203,0.050194533350013136,0.10567217320167072,0.00014004740119146785,0.055779431299095884,5.5527884699986425e-05
Z_E_1890_LYO_0494,0.00012963106229065905,0.006079799433117578,0.27696177794664245,3.947479677291577e-05,2.5029990405553563e-05,0.03765470984901926,5.831427920521955e-05,0.14326270747483957,0.008181119477838698,0.000115041938044946,0.0070979130765882045,5.652636126871097e-05,6.299813659861867e-05,0.00011022340623291962,5.746103004707247e-05,2.8592065596052533e-05,0.0014691112683362392,0.003248574059576178,3.3811914449453604e-05,2.48728400399951e-05,0.00023185112362485998,0.20171667149920613,3.366256158159392e-05,0.00023424501010185935,4.5182475051727856e-05,0.12048765065274178,0.10393936382094582,0.0001286727841447451,0.08843399174275064,5.101792294058607e-05
Z_E_1890_LYO_1015,0.0004715684417728032,0.01143768830182356,0.00011544486014136204,0.00014360036919055112,9.105343553128959e-05,0.3861616861232808,0.00021213413893230975,0.004993775960253538,0.058239045935853,0.02177698630314309,0.05073883810763034,0.0037653783969256527,0.0037889212496486006,0.00040096778507919405,0.00020903021176515294,0.00010401145822568666,0.09433800148617126,0.01181757659150399,0.00724249668292916,9.048175809764896e-05,0.0649188912432991,0.0004914104182167491,0.00012245677409878896,0.015091123481571194,0.00016436360991787673,0.10369044126032136,0.15740346768340785,0.00046808244293835465,0.0013254838407844316,0.0001855916475453486
Z_E_1890_ON_0834,0.000152106512122325,0.0002446393163227345,3.723725648929745e-05,0.05401231822901372,2.9369693280052317e-05,0.12455818071852123,0.042552296595393856,0.11987667812443563,0.06701020053795567,0.0001349879236858669,0.15529978223650565,6.632690887213123e-05,0.08848630257208201,0.005870397708163263,6.74236306404635e-05,0.003478187613877105,0.06602374000833909,0.03366534375777909,3.9674228415664434e-05,2.9185296164411547e-05,0.003716687752869324,0.00015850663045754648,0.1297875398197522,0.027831964458227984,5.301621824067636e-05,0.0001476462814241328,0.06799438446396398,0.0001509820875913342,0.008465030002597535,5.986341681608884e-05
Z_E_1890_RIC_0780,0.008125562909413611,0.0046382899295925656,2.8854954840319027e-05,3.589230532197521e-05,2.2758421354524437e-05,0.05737074344111677,5.3022031396516546e-05,0.09467129751740427,0.01989506761912405,0.009891785887327168,0.0020050296325160827,5.139637397168006e-05,5.72808105009556e-05,0.00010022020310575591,5.224621792048757e-05,2.5997224357177068e-05,0.04671272980258977,0.27432568587797335,3.074335161043702e-05,0.027604680809424166,0.00021080973174499314,0.00012282595698365133,0.08366654742355534,0.0002129863637067202,4.10819895815605e-05,0.001004154370627233,0.3347373531186927,0.03036829262811656,0.003890275248267834,4.638784786177538e-05
Z_E_1890_SAH_0501,6.119047762120717e-05,0.012108103876234585,1.4980065469196152e-05,1.8633509791957156e-05,1.1815046800556994e-05,0.24087742620201127,2.75264163823869e-05,0.0828681659421727,0.04543377890429411,5.430389145200132e-05,0.06155126658041473,2.6682455447798717e-05,2.9737363866324678e-05,5.202937284665528e-05,2.712365239515793e-05,1.3496473137560719e-05,0.044113116419685364,0.03525295308321344,1.5960427677514666e-05,1.1740866231818704e-05,0.01489059724976144,6.376516224384515e-05,1.5889927805362574e-05,0.00011057198633749159,2.1327737192528787e-05,0.007449973816186687,0.37424849683859324,0.016689537807186138,0.06391572617114795,2.4082276398975055e-05
Z_E_1890_SCH_0503,0.0002499862753828766,0.006063308831299477,6.119924075144213e-05,7.61249444568371e-05,4.826894082163477e-05,0.01788963645002413,0.43036710358127755,0.2592904069230701,0.0006801784258829474,0.00022185196276645807,0.004252520645870837,0.00010900793578955488,0.00012148839364625943,0.00021255969284891704,0.00011081039241137407,5.5138204204742545e-05,0.0009460173747964897,0.0006034485679148407,6.520439165908497e-05,4.796588510437981e-05,0.24388066266194117,0.0002605048371611191,6.491637298135263e-05,0.000451728440449629,8.713188375665332e-05,0.00024265590902293566,0.0004105978905730343,0.0002481382894121939,0.032783051435097056,9.838521962499368e-05
Z_K_1879_WEN_0341,0.1312197586504767,0.000251571910121327,3.829248660232533e-05,4.763152908310391e-05,3.0201972230796478e-05,0.322911799286197,0.001251114666540094,0.03589818464632219,0.03466736296163881,0.00013881321414488276,0.09239787343579178,6.820648213140303e-05,7.601552942350498e-05,0.00013299902238443604,6.933428282296075e-05,3.450008398570906e-05,0.11040175181617189,0.08421088764977869,4.079851748748121e-05,3.0012349666035e-05,0.013268017936097672,0.0001629983944955727,4.061830362824269e-05,0.07939295275842208,5.451859288480458e-05,0.00015183028467582546,0.003799164395886935,0.08635007095515333,0.0016204072317497645,0.001242310654004733
Z_K_1887_BOE_0421,0.0004274424076558271,0.11362030311301154,0.00010464234795866266,0.00013016326392903006,8.253330007095844e-05,0.13061505677102142,0.00019228412900222986,0.052926277840130105,0.03342953496860671,0.0003793365734291879,0.06857762297285656,0.00018638869056357305,0.00020772856990993453,0.0003634480602695826,0.00018947064535067317,9.427880279826026e-05,0.24361648086682836,0.01393842376212354,0.00011149060930567356,8.201511616170613e-05,0.01689776177971986,0.0004454277125077931,0.003337650407184919,0.0007723939720157428,0.10985516082479735,0.00041490848177892255,0.0007020663460669465,0.0036509348744004264,0.18189398160109208,0.02275479118945247
Z_K_1887_HFM_0420,0.0011428041208350692,0.3641608048213268,0.0002797703370539365,0.0003480027057100319,0.0002206598918073514,0.19392941934197902,0.0005140881930738738,0.020728704265655963,0.06349654432949473,0.0010141890264837436,0.14021452130352538,0.0004983262302429623,0.0005553802370947614,0.0009717097170200008,0.0005065661020194692,0.00025206250576803265,0.10784548328525859,0.06314577628135791,0.0002980797540601714,0.00021927448246041365,0.0020439577892576105,0.0011908893836240888,0.0002967630860499542,0.027945260774044155,0.00039832057044218944,0.0011092935896247424,0.001877034891753068,0.0011343561131222175,0.0032121920407866115,0.0004497648290671225
Z_K_1887_LEH_0419,0.000981868148562083,0.0015791799393186,0.00024037153686933829,0.0002989950474630971,0.00018958535017573862,0.4408583596712065,0.00044169146149230566,0.03263331174591305,0.20279198928219574,0.12687313676157339,0.024114444146063167,0.00042814918510360774,0.00047716853238657854,0.0008348682012916099,0.007847097579870873,0.00021656567503408218,0.11489369490425641,0.0023701578305589262,0.00025610252090186566,0.00018839504180558295,0.01657985420698905,0.0010231817797321178,0.00025497127333468133,0.0017742484734323764,0.0003422268732707073,0.00836494566210392,0.0016127004972692068,0.0009746098358374189,0.010171702368010448,0.0003864264679775432
Z_K_1888_ERD_0479,0.0035943728971461427,0.03726616896633099,0.015429751033008305,2.82509315332196e-05,1.791321559658042e-05,0.16841298258392043,4.173378570414925e-05,0.01849043964230147,0.3952328828175579,0.04630344973243167,0.018385843447345226,4.045422630573393e-05,4.508588236707803e-05,0.005681443311638064,0.0014417630698219219,2.0462486284454146e-05,0.04867315658689992,0.03453962567144588,2.4198176006164556e-05,1.7800747779624902e-05,0.00016592891553326528,9.667664615353699e-05,2.409128862512327e-05,0.01767564126128598,0.0014329756752092064,0.02950349119223227,0.12550965172782283,9.20872635766437e-05,0.031775164816408755,3.6512001727402684e-05
Z_K_1890_ON_0833,0.00016216106378261696,0.04432884113830736,3.969871533044216e-05,4.938071881988966e-05,3.131109009607906e-05,0.08015491690669796,0.12126003215886925,0.07149162152426349,0.0004412180506079087,0.18376070532931402,0.06641234659380477,0.028225286398831866,0.027009270257718977,0.00013788319321488533,0.0012959924334253932,3.5767042951497446e-05,0.08874972374983289,0.04568358756206857,4.2296776087171866e-05,3.1114503953819045e-05,0.017427600009018496,0.0013930962058856535,0.06002359612388113,0.016206482661584455,5.652069873724778e-05,0.00015740600270966915,0.00026634658490848714,0.00016096231248956182,0.13878045386740243,0.00618438032540409
Z_K_1890_SCH_0502,0.00016685890537263998,0.009085389496939442,0.022713194384754724,5.08112890764359e-05,3.2218179244677046e-05,0.41374518298196467,7.506115142341605e-05,0.09749466982635685,0.006751874009024744,0.00014808003201490362,0.0003192900762830202,7.27597737712526e-05,0.005119389153004129,0.0001418776995688792,7.396286357463393e-05,3.680322203179092e-05,0.0119676131540632,0.17170495185418944,4.352212296879184e-05,3.2015897958751915e-05,0.03178780370860924,0.002693029263505516,4.332987848969119e-05,0.16530580910240678,0.0013177328707189575,0.003940690353959438,0.004052786968722158,0.0001656254259916626,0.045813697928891735,0.005103968425118496
Z_K_1890_WAE_1014,0.0004015304264144959,0.000645798313499037,0.006160397666602662,0.00012227263821471113,7.753004984374697e-05,0.34396365063211937,0.0001806276750461607,0.031531538040868536,0.016247756413636384,0.00035634081540706275,0.0007683418526180736,0.00017508962391277777,0.00019513585868056847,0.006403514320826605,0.015333231850571977,8.856352858632308e-05,0.10760623217907075,0.19495642797296772,0.00010473193837089968,7.704327875525275e-05,0.024966551020492056,0.00041842544430944323,0.00010426931992391463,0.15834014055737097,0.00013995209291199254,0.0003897563195129329,0.0006595063902375177,0.0003985621730826689,0.0890290542939323,0.0001580273122130508
Z_K_1890_WEN_0445,6.049193026695731e-05,0.17224979831439183,1.4809053810081894e-05,1.8420790599828324e-05,1.168016683223972e-05,0.20159654597664703,2.7212176224711906e-05,0.08237878515835495,0.07048683433168312,0.13521851672335428,0.061305238426431756,2.6377849904868788e-05,0.0059656912144240995,5.1435408194666454e-05,2.68140101705046e-05,0.0018398941921781182,0.07374762794748016,0.0024292128338112,0.003668881812425115,1.160683310506965e-05,0.003761296190737475,6.303722242199101e-05,1.5708529204482715e-05,0.0001093097022123643,0.010523757076831366,0.0014286319664091065,0.12110841324857614,0.0005166827012851315,0.05131348085766463,2.3807354366711208e-05
Z_K_1891_HUT_0453,2.9230976822712398e-05,4.701341241460551e-05,0.030016520261153163,8.901314616732333e-06,5.644103014267833e-06,0.3690445813840225,1.3149497610834446e-05,0.05194330676353809,0.138652185885164,0.013486023700773855,0.001821191166788885,1.2746333532414638e-05,0.0006761769469708133,0.039081159570394486,1.2957095373862318e-05,0.01170127308807137,0.14486166903491574,7.056143812455854e-05,7.624370811583882e-06,5.608666610275244e-06,0.02984098807209204,0.012166600855149813,7.59069269353357e-06,0.05808563537368496,1.0188359623779826e-05,0.033126937305953376,0.051240456180994154,0.0002496719810280537,0.0005234765636881587,0.013250929604367306
Z_L_1877_RIC_0783,0.0594041718799062,0.00028678905744906186,4.365299025143715e-05,5.4299390277765776e-05,0.0861811330522336,0.022182848173625716,8.021396091146823e-05,0.07322852749607289,0.0004851665123575328,0.00015824545286827242,0.00034120875063470095,0.1454503161710763,8.665682120211517e-05,0.013612039709632623,0.052574687512375894,3.932969528833017e-05,0.0006747875746923902,0.06773254748092324,4.6509836372077096e-05,3.421373025471244e-05,0.005703090782786173,0.020376449829567267,0.13061240136313684,0.01512867934075577,6.215056307097917e-05,0.00017308476217954091,0.24661860593489673,0.0028690797793308282,0.0005012031987335698,0.055257909197136044
Z_L_1878_GRI_0695,5.413845974238866e-05,8.707316730458338e-05,0.004508703314334727,1.6486054022589534e-05,0.19290611137354574,0.012047826972637567,2.4354079966416207e-05,0.1652702392369725,0.0009646578189826729,4.804553184612351e-05,0.00010359574697190166,0.12589619775665106,0.001252341946844108,0.0024980965934834616,0.11527097982868503,1.194104533952559e-05,0.00878709701249655,0.15624539252114597,1.4121036554729656e-05,1.0387766831416137e-05,0.020530691201641884,0.05195842608679704,0.007370249008093176,0.003775924071864353,0.08706712221358447,0.02048641302726192,0.0004975986725997266,0.007001251354355281,0.015273230232721053,2.1306866722006583e-05
Z_L_1886_B_0647,0.00017228402044339468,0.06270241388974246,4.2176920427304e-05,5.246332610447124e-05,3.326569498489018e-05,0.06695122777121175,7.750162880103013e-05,0.023933407171684486,0.07980094157129686,0.005355004772374473,0.00032967121477195496,7.512542602307331e-05,8.372663204222061e-05,0.0040480732357381696,0.27838926260136665,0.001338527358718478,0.03446568671035672,0.13046863567140551,4.493716596396151e-05,3.305683688935244e-05,0.0003081379031890238,0.000179533138858645,0.0637705884536836,0.0016118470050239286,0.02086848976693375,0.0001672321231507158,0.20316527062360484,0.00017101043671458965,0.021292696401372258,6.780452712149705e-05
Z_L_1886_LEH_0398,4.651551669061762e-05,0.0004259464809970674,1.1387482373849653e-05,1.4164742120466401e-05,8.98151196096016e-06,0.525464450072427,2.0924913980799686e-05,0.0008437197343490784,0.000828829580544759,0.13979245902785606,0.003951478749676485,2.0283355351659975e-05,2.2605622623536995e-05,0.0003906850814660611,2.0618742568209895e-05,0.0014147941490301604,0.2652819064754601,0.0004634186663977048,1.2132729942371426e-05,8.925121692124122e-06,0.015181940562093115,4.847272948243094e-05,1.2079137649791568e-05,0.03238834666549793,1.6212828432121124e-05,0.0032053540681982965,7.640088641998547e-05,4.6171657724233715e-05,0.009962486944677341,1.8306762315520093e-05
Z_M_1877_GRI_0694,9.784369465253931e-05,0.0008959629042109934,0.0015011466842292727,2.979501898441612e-05,0.000757489048154018,0.02989843661468924,0.005952788913948687,0.18199234437423184,0.008390783710533667,8.683202975740125e-05,0.0016644207004602061,4.266529899595998e-05,4.755010359487249e-05,0.044399000968139556,4.3370773786764453e-05,0.0007601776521900406,0.0048018482575629745,0.09329937990207081,2.5520755400370646e-05,1.877366830920507e-05,0.0644329165052749,0.19287571627730707,2.5408025965464233e-05,0.00017680482468698276,0.15144643991252485,9.497461663329685e-05,0.0001607064810605061,0.0037901042246885645,0.040897840977638135,0.17139295708031735
Z_M_1878_GRI_0696,7.802046624650628e-05,0.00012548360524088868,1.9100221762361455e-05,2.3758518944351018e-05,0.45056666225791925,0.002049599603774702,3.5097353767099524e-05,0.1457094734205576,0.00021228300568470844,6.923977544859742e-05,0.0001492947623253946,0.13902771672706224,3.7916406015902066e-05,0.001244252340696429,0.08072160193940443,1.720857832479133e-05,0.01030750879924128,0.024335545498234665,2.03502253504517e-05,1.497010471490229e-05,0.014863451613561757,0.04248615954071098,2.026033500951213e-05,0.00014098399396809976,0.0736467358602507,7.57326662451488e-05,0.00012814719053386248,0.0006664000483679381,0.013176339212099368,3.070592853607801e-05
Z_M_1880_HAR_0101,2.301898908126485e-05,0.01845604878158768,5.6352879872366015e-06,7.009661880757218e-06,0.00035197345234361927,0.18236227153351822,0.0017479990443652858,0.018315262132745664,0.02473717627850356,0.009056177138872466,0.0005653408019314123,1.0037560981569236e-05,0.0007062443730682092,1.9572711507110938e-05,0.023294633096296563,5.077181611692828e-06,0.10104422647751861,0.10118644679502208,0.31782109118521773,4.416747214621499e-06,4.1170521855580064e-05,0.004020568742586988,5.977565282591627e-06,0.1663341261494867,8.023191984250132e-06,0.0003698728009847103,3.780826905563177e-05,0.016877995598087562,0.012575738518887635,9.059410532986011e-06
Z_M_1881_SCH_0102,0.00021648693420458636,0.0003481850634641012,0.027834464878440473,6.592384248581002e-05,4.1800674856144884e-05,0.07595788570930113,9.738622288832331e-05,0.08236852722748124,0.007125846981888169,0.0001921227523111869,0.005316866720724327,0.04094949833551228,0.00010520837530635164,0.03450235799177422,9.596127665170502e-05,4.774942451360184e-05,0.10213988956498524,0.05445131294138823,0.4069732425540616,4.153823003583939e-05,0.003655604687947693,0.08847260759105818,5.621727250782148e-05,0.059222535784663986,7.545579995164942e-05,0.00021013887154622835,0.0003555758346528615,0.00021488658707899538,0.008779520732635618,8.520113568250203e-05
Z_M_1882_ZOE_0367,0.012938687699485755,0.021636950639690247,7.218164031614245e-06,8.97858093074505e-06,5.693095669240479e-06,0.5200361256822574,1.3263639538769263e-05,0.010550568128256214,8.022386206927891e-05,0.02985087675289702,0.013410767896455768,0.0004580019064939896,0.00023690145277445484,2.5070420983235314e-05,1.306956718762875e-05,0.0006742206890808343,0.15390915185439027,0.026779869772180803,7.690552836896171e-06,5.657351665703748e-06,5.273476363476205e-05,0.005149892028606884,7.656582381797156e-06,0.05213523613907475,1.0276797908219932e-05,2.862012882940445e-05,4.842809957770788e-05,0.15048825330265267,0.0014183103722500885,1.1604076207805938e-05
Z_M_1884_ISR_0103,0.00113256444592155,0.027215272529098024,3.243326002035409e-05,4.0343312879178644e-05,2.558069494576652e-05,0.22349821545987406,5.959729760823241e-05,0.09341043594957064,0.11436973319360744,0.01611887336224196,0.005253917317695938,5.777004228048995e-05,6.438420823858692e-05,0.00011264851823922459,5.87252754430761e-05,2.9221142159115026e-05,0.08850850470169815,0.26834158464747687,3.455583701989434e-05,2.542008699119556e-05,0.0002369522628728142,0.00113813888189502,3.4403198121912724e-05,0.10224768820534032,4.6176570284921574e-05,0.00012859836325062254,0.012218576420634931,0.00013150381545087899,0.045376040590678346,5.2140408460571795e-05
Z_M_1884_LEH_0389,3.331031391882516e-05,5.3574382252901606e-05,8.154711365262139e-06,1.0143540052455473e-05,6.431767379370228e-06,0.5681484089477914,0.010324473583313398,0.019714470021681252,9.063280314998153e-05,0.06993292592249557,6.374039580567075e-05,1.4525151651753154e-05,1.6188154824310414e-05,2.832327528558183e-05,1.4765326420571583e-05,7.347086907740162e-06,0.17136415330856228,8.040865923668103e-05,8.688391999615031e-06,6.3913856381678516e-06,0.00031102798149499104,3.4711897242834365e-05,8.650013922438374e-06,0.15872574244874785,0.0007659630529277356,3.233355307779239e-05,5.47115820996469e-05,3.30640724293404e-05,9.362857841986718e-05,1.3109689904622576e-05
Z_M_1884_ON_0822,9.524094252694895e-05,0.00015318002326545946,2.3315973495640395e-05,0.007218495056106144,0.0028941867744732576,0.02119466275427091,4.284395125785352e-05,0.02185810314299166,0.00025913756372573135,0.006555065556550144,0.1655405769333646,4.153035414289579e-05,0.006516828573724842,0.0309958002454797,0.00579381115697399,0.01152419500031609,0.08375853250178883,0.0016678031865283193,2.484187465490339e-05,1.827426765522901e-05,0.007359835429049858,0.059772037083519504,0.05250802825591301,0.003766847926892446,0.054673339810723975,0.03675886053739776,0.19427273219632538,9.453688817294557e-05,0.22242302499132388,0.0021943310473880543
Z_M_1885_BAU_0377,0.00018426618277344396,0.011424185418000816,4.5110278412803134e-05,5.611209218353211e-05,3.557928713525343e-05,0.42630694865156804,8.289178103190563e-05,0.05619946052217735,0.0964788307998571,0.00016352823472872788,0.007307488448906287,0.0014713281094271378,8.95497263367249e-05,0.00015667885428020798,8.167891613248911e-05,4.064265687478021e-05,0.01599807005127117,0.07416662812777215,4.8062495961756996e-05,3.535590319107205e-05,0.032322057801296364,0.0029739750562016373,4.785019589755584e-05,0.1296939061708432,6.422536434493281e-05,0.0029608185185093848,0.005866565012787256,0.00018290402271039634,0.003299890686076156,0.13221541063331047
Z_M_1885_GBL_0676,0.0001178665388377793,0.00018956972371710317,2.8854954840319027e-05,0.13260775444041073,0.02493559157425711,0.009324565217661784,5.3022031396516546e-05,0.1507251721114351,0.0003206987132720146,0.00010460143440115205,0.0473819757324458,5.139637397168006e-05,0.015182929510477526,0.0303515176030589,5.224621792048757e-05,0.009813181677283194,0.10810506864367114,0.006512729484270512,3.074335161043702e-05,2.2615532996301035e-05,0.10698009467275608,0.00012282595698365133,0.14861786242933706,0.016228379104858384,4.10819895815605e-05,0.00011441032945214072,0.0001935936368579208,0.009904179681089434,0.18005959540093613,0.0018258759302119602
Z_M_1885_KIL_0736,0.02560948983516752,6.983501789241074e-05,0.018037986373406915,1.3222257938723076e-05,0.059334775572634994,0.06145035960181174,1.953262598405964e-05,0.14435089330295678,0.016178877095783868,3.8533806452539715e-05,0.007621799323585309,1.8933754955900075e-05,2.1101504753974173e-05,0.017736506281939866,1.9246826401102455e-05,9.577038951883428e-06,0.019174982146423953,0.04238715934586327,1.1325450434223756e-05,8.331267886426722e-06,0.05547080979037308,0.04331090328428749,0.13275817390440478,0.02531676062042068,1.5134070046783892e-05,0.10001203378558286,0.16231752662889093,4.3099518699049365e-05,0.043387702069661006,0.025255387896407834
Z_M_1885_ROT_0784,0.004119963124406778,0.008720248018482226,1.6429564098178933e-05,2.0436522399086197e-05,1.2958292414135325e-05,0.10713716298938039,3.0189922953110848e-05,0.14306710797593788,0.05996216409919465,5.9558435657429905e-05,0.06750708010499021,0.002562296638723796,3.261480577353369e-05,0.014242044933977278,2.9748186783250735e-05,1.4802416649571747e-05,0.043822124317148485,0.09591062440833992,0.02078836997525035,1.2876933997416036e-05,0.020384290513485986,0.026920077999467714,0.059290384220378495,0.01076000696231769,2.3391448187880956e-05,6.514346848331205e-05,0.010748965044194304,6.661526974930724e-05,0.031091631110735627,0.27258069229644194
Z_M_1885_ZIM_0848,7.024290544395081e-05,0.0001129746262968083,1.71961939700934e-05,2.139012338664528e-05,1.3562947169082837e-05,0.12857396698632384,3.159863328944999e-05,0.07338749143546767,0.0007213668678518181,6.233752800745413e-05,0.1316353061017934,3.062981803532424e-05,3.41366650403569e-05,0.050963298376491564,3.113628499979801e-05,1.5493121205838313e-05,0.14290186893381834,0.06273853497107089,1.8321589498561605e-05,1.3477792437852952e-05,0.0006558782108093112,0.0074966360473917425,0.1511382196074009,0.031411416710586074,2.4482930762890772e-05,0.004840393028940607,0.0011758637693287347,0.0228702818724768,0.15980134623916947,0.029191149681534724
Z_M_1886_HEI_0397,0.01878937795529691,0.06651687764136323,0.008468991448804294,0.0012314062165960796,1.5437459678525172e-05,0.12884159534350778,3.596582816560318e-05,0.03162668393797337,0.19515769352794707,0.07732278026993526,0.00015298902029625726,3.4863114556602385e-05,3.8854637089577746e-05,0.004896220422646068,3.543957948307438e-05,1.7634399878430394e-05,0.01599433437736636,0.04123302919579579,2.0853786098590348e-05,1.5340535852648033e-05,0.00014299615438867258,0.060436305107332236,2.0761671445803888e-05,0.047219804789155134,0.01813376367034745,0.02723645214160157,0.10514552072395535,7.936003509283585e-05,0.02496945221048568,0.12616921479786372
Z_M_1887_MSC_0499,0.00017228402044339468,0.01328236711950101,4.2176920427304e-05,5.246332610447124e-05,3.326569498489018e-05,0.3114504065292484,7.750162880103013e-05,0.038239210184122796,0.00046876122959348885,0.0339666107972511,0.021138111960136773,7.512542602307331e-05,8.372663204222061e-05,0.00014649059598226624,7.636763211221248e-05,3.7999812133176904e-05,0.2659595900025403,0.026426431944581417,4.493716596396151e-05,3.305683688935244e-05,0.0003081379031890238,0.009283225964955753,4.473867100384212e-05,0.017218177564047542,6.004902156892969e-05,0.001467759669736017,0.00028297335629788275,0.044388947020614834,0.21507130084258214,6.780452712149705e-05
Z_M_1887_ON_0826,0.00033207868906633505,0.015574753379780143,8.129631760570647e-05,0.0001011234385638021,6.411986644514378e-05,0.016244044096669023,0.00014938494717336705,0.06117247175871843,0.08864070778050306,0.0002947054147250403,0.110933596611479,0.00014480479922099822,0.18566282277645188,0.012816242697466675,0.00014719916039605038,7.324491131258718e-05,0.18425134071512425,0.13867430486086,8.661671073883276e-05,6.371729096316602e-05,0.013127819045233415,0.00034605141697242593,0.005099786518132764,0.0006000704962252022,0.00011574492115406621,0.00032234112068400345,0.033133523831461696,0.0028364000511939616,0.12877899266176795,0.0001306937139110209
Z_M_1887_ON_0832,0.00012143197010755377,0.02036179248613104,2.9727809505349948e-05,0.0009536365983648405,0.0009401054179207739,0.22318807539624824,5.4625933662521746e-05,0.06270205364660038,0.07182976747540701,0.020274253928792854,0.009398949725807593,5.295110053545793e-05,5.901353969561888e-05,0.00010325183744014665,0.016553680739385804,0.0330264918081384,0.07562553419540709,0.03970944598367091,3.167332977260555e-05,2.3299646819636475e-05,0.013050406515453519,0.023043005419533198,0.12561375619932738,0.04971899140628189,4.232470877670239e-05,0.18986619321583095,0.001116108352993613,0.00012053430251837342,0.01042456495671203,0.01196435235315846
Z_M_1887_SCH_0505,0.003023859204734364,0.0011710001180936405,3.130614713227083e-05,3.8941311727719896e-05,2.4691720758731193e-05,0.2842694535187521,5.7526186588648914e-05,0.0756843585859591,0.0032439217184737335,0.0927848488264181,0.0002447010225109741,5.576243160063255e-05,6.21467436467079e-05,0.00010873378390011618,5.6684468729024176e-05,0.179578968816295,0.08157137159957871,0.013823264486677731,0.0019640083281588067,2.453669421334981e-05,0.14309706693584956,0.0001332598682711937,3.32076264165043e-05,0.02339891969645631,4.4571853168512215e-05,0.00012412934371588486,0.0002100391739611009,0.010745527346568008,0.08434286400417589,5.0328437467555524e-05
Z_M_1887_SCH_0506,0.0031409832898808753,0.00031382395668867833,4.7768050300983065e-05,5.94180602785999e-05,3.767551957887143e-05,0.1671482125953475,8.777553376275197e-05,0.13757588353053674,0.0005309019664668713,0.07971140060542178,0.050453004831947625,8.50843326823313e-05,9.482574665018863e-05,0.0001659099357328108,8.649121024354304e-05,0.08252713560892719,0.12151868508289525,0.00047101175100008153,0.07517034096140025,3.743897447523803e-05,0.1535337399842395,0.00020333272132740481,5.0669396088178734e-05,0.01655482274121813,0.014797312629534976,0.0001894010370997163,0.00032048535977806326,0.001666610546572083,0.09334306109180528,7.679294811854702e-05
Z_M_1887_SCH_0507,0.00027776726098169914,0.00044674479662483733,0.01055196666072855,8.458471282783071e-05,5.363307030347314e-05,0.1310077557871702,0.00012495305773732807,0.17907211106716434,0.007046146491201667,0.00024650638098700194,0.0005315169109476528,0.00012112199241001858,0.00013498940408829908,0.00023618146071149946,0.01480067764010071,6.126571522354072e-05,0.019922287748854926,0.011154476179079746,7.245055852519247e-05,5.3296335991248095e-05,0.24162802548695708,0.00028945475098543776,7.213053231934277e-05,0.0005019290415805874,9.681485376824492e-05,0.2476912280293207,0.00045622765191671535,0.004469300446532001,0.12868513720162159,0.00010931877333850352
Z_M_1888_DIE_1031,5.7250243672888036e-05,0.0035494163340266437,1.4015455209489449e-05,1.7433643559287635e-05,1.1054241356404038e-05,0.2992672310255602,2.5753909866309976e-05,0.10908025467097138,0.07837805032043972,0.008694152988524204,0.024310918723255685,2.4964294046432372e-05,2.7822487970683655e-05,0.0009130136376059105,2.537708103104148e-05,1.262739573031454e-05,0.03349353244648799,0.13022055344497868,1.4932689025858185e-05,1.0984837491600919e-05,0.040726120349664365,0.003949164784428543,1.4866728846815296e-05,0.07573272841384701,0.00045212167595104366,5.5571490470635616e-05,0.0662156284887828,0.0004889943240296546,0.07449369349443966,0.04972177037872875
Z_M_1888_SCH_0995,9.820636918543778e-05,0.004605956451729118,2.4041940790147455e-05,0.0029952434645255407,1.8962310691894137e-05,0.44663925005313626,4.417794262589448e-05,0.09074145223344275,0.007680551096530251,0.002311157391527352,0.12621478637977368,4.2823445286727954e-05,4.772635625654666e-05,8.350344689080429e-05,0.0015262005376232566,2.1660880502577834e-05,0.09526245629396393,0.06176782659291622,2.5615352482757146e-05,1.8843256149372095e-05,0.01648500564148999,0.00010233855508129069,2.5502205196753697e-05,0.05355354427521133,3.422950292340198e-05,0.00899134067192386,0.006091978177682314,9.748039336053133e-05,0.07440948843845183,3.865034264814817e-05
Z_M_1889_BTT_1001,0.003733940212906201,0.01098206601678812,3.865764699140914e-05,4.808574737070884e-05,3.0489980790946403e-05,0.5000246561627936,7.103483557111284e-05,0.0004801957840090149,0.1685031372779955,0.0001401369486887774,0.00030216320477568576,6.885690491046665e-05,7.674041993764081e-05,0.00013426731230423242,6.999546040475148e-05,3.482907970287099e-05,0.056622066209175384,0.0170693275201543,4.118757559891936e-05,3.0298549969378663e-05,0.0002824266486379814,0.0025485738933340146,4.1005643205085755e-05,0.03246962801956427,0.044159429435646685,0.00015327815110462937,0.15998877771896625,0.00015674119939016834,0.0016358595720839134,6.214686722801605e-05
Z_M_1889_HES_1007,8.808482016952858e-05,0.00014167052997280378,2.1564080299392775e-05,2.6823280728615366e-05,1.7007977600111684e-05,0.1100325764812529,3.962478364630032e-05,0.05545701581315596,0.013538257604727865,7.817145247118225e-05,0.0008334827824726885,3.840988632823228e-05,4.280748329333552e-05,7.489724102337495e-05,0.10044340606658968,1.9428421797983928e-05,0.0854443189495865,0.11258572315962335,0.11638564544298925,1.690119330439439e-05,0.04404289362791401,0.012725452452709436,2.287384389948061e-05,0.04204973165274258,3.070167072165113e-05,0.14570507192976773,0.0001446777079970482,8.74336663745689e-05,0.15983067911616927,3.4666880670684845e-05
Z_M_1889_WET_0432,0.00010082237793985276,0.1805386087312812,2.4682366946839927e-05,3.0702077179726855e-05,1.9467426308990867e-05,0.3634015100957093,4.535474903488775e-05,0.10685808883655719,0.009407308789048609,0.03281600472044423,0.0024761732062134633,4.3964170768114575e-05,4.8997684855893416e-05,8.57278010737564e-05,4.469112252763382e-05,2.2237880278591167e-05,0.10464978414957693,0.04514722028309905,0.041885811833413895,1.934520040672837e-05,0.08694368205133592,0.00010506463647730804,2.6181529690724366e-05,0.0017043514946369054,3.514130406267239e-05,0.012275179160838244,0.00016559891394540287,0.00010007706366338556,0.010938540437131548,3.967990555295095e-05
Z_M_1890_KLK_0728,0.0001245136558373519,0.0002002605622328461,0.03762733862125644,0.000977837871670307,0.0827371259316616,0.025829090689431945,0.010395147729278135,0.13666724725539006,0.002218627427621004,0.0010504218716367727,0.05099401714715668,5.429488710791242e-05,6.0511178109817284e-05,0.00010587214998002318,5.519265824805688e-05,2.7463345222948225e-05,0.0014111156047015995,0.022858680679679208,3.247713167328275e-05,2.3890942415432324e-05,0.003982384044860486,0.0010696741713565473,0.1682782659888073,0.006804447657328096,4.3398820074900884e-05,0.18810514444767243,0.2483437635330753,0.00012359320734955622,0.009749196885421165,4.9003903742740655e-05
Z_M_1890_KRG_0755,0.00023958748811543618,0.00038533865824827424,5.865350945268017e-05,7.295834220261355e-05,4.626107680405986e-05,0.0008682172257625975,0.050748130820167374,0.19062990268898383,0.0006518847495848136,0.00021262349067478368,0.0004584586431631851,0.00010447348551622587,0.00011643478836710718,0.00743805387795771,0.00010620096457001507,0.3690039868504885,0.009949585633995396,0.033132859208545536,6.249205636496853e-05,4.597062742660931e-05,0.18671266841170203,0.0002496685047279537,6.221601852480097e-05,0.00043293769704704106,8.350742108561645e-05,0.04363857878194423,0.0003935180724510622,0.00023781637361680892,0.10376272188543638,9.429264707246549e-05
Z_M_1890_SAH_1025,0.00044270466817799767,0.06792995247682546,0.0012523422030567785,8.374655396659388e-06,0.011838600922415371,0.09227476686623722,1.2371488467886593e-05,0.07461260294834271,0.022703401331616278,2.4406372319851686e-05,5.26250053688058e-05,1.1992178178288369e-05,1.3365177981285839e-05,2.3384111364951754e-05,0.051082182175190664,6.065862677471966e-06,0.05055126016697867,0.041379103435271354,7.173263828169586e-06,5.276821696371831e-06,0.03388824721416671,0.00023626024362340532,7.141578324935131e-06,4.9695537364641606e-05,0.06789530623181943,0.04735985809935624,0.33386853109887743,2.7298182998634928e-05,0.10242488612987061,1.0823552205691898e-05
Z_M_1891_GEY_0452,0.02002115311684341,0.04459511414440318,0.010857354528564744,1.1516120561547044e-05,7.302086666155861e-06,0.4680325683080551,0.0003024884485874362,0.02409500520890294,0.0015302779464488052,0.0816797604806513,0.09199570828416102,1.6490633125252088e-05,1.8378666783163124e-05,3.215585990688609e-05,1.6763307317817155e-05,8.341263323076033e-06,0.08921169336115797,0.017505338629887388,9.864068090244938e-06,7.256240640235237e-06,0.00035311495931283633,0.005748933361050675,9.820496855606816e-06,0.06886810611403714,1.3181241513617959e-05,0.0008931374510820739,0.003487829558566797,0.05684730592310053,0.013809156553261991,1.4883637141017981e-05
Z_M_1891_RAU_0454,0.33722692903691753,0.00018464122093464632,2.8104773205669373e-05,3.495916408412581e-05,2.2166739619853113e-05,0.12867461864415122,5.164354529575493e-05,0.13120754541945825,0.009845094734941476,0.0018351062706736883,0.019285145166173932,0.0035165087572957324,5.579160310855239e-05,9.761464173139734e-05,5.08879017012888e-05,2.5321339041377862e-05,0.016033462082224642,0.09647107289875702,0.00956267773847196,0.05981826600221087,0.00020532902349104927,0.00011963268297933186,2.981180677364149e-05,0.06693658471264813,0.011305971891259524,0.00011143584800019668,0.08511655134118129,0.00184717784606772,0.01938815317666955,0.0009117939909305757
Z_R_1877_GEB_0339,0.004670073868597681,0.09554304271467284,1.2483309795892716e-05,1.5527827685140524e-05,0.00039476932098176347,0.19264653902786485,2.293853681605513e-05,0.0009249116248008085,0.19798942582283352,4.525295977589871e-05,0.007411121099364309,0.05814568528712668,2.478098152640698e-05,4.335753946245331e-05,0.19209943451350567,1.1246990587228418e-05,0.04522901760156116,0.06556008708240643,1.330027319193335e-05,9.783993984893662e-06,0.008174594800112886,0.003132525384722112,1.3241523666008039e-05,0.11171996071597001,1.7773003139885928e-05,0.011597201818176455,0.0043179116234393555,5.061479686547105e-05,0.0001433275192477233,2.0068438118438557e-05
Z_R_1877_HLS_0610,0.0003908677706467336,0.1186510406261444,9.568849634305736e-05,0.0001190256836495451,7.54712364170206e-05,0.21680729127652226,0.0001758311002551876,0.083804293027311,0.2725149981606169,0.00034687817148087866,0.04205577553446619,0.00017044011228059647,0.00018995401852056585,0.015085148117486106,0.00017325835580368139,8.621172071132155e-05,0.001479152012299262,0.006844645759478772,0.00010195077775821272,7.499739155332251e-05,0.0006990850048732445,0.00040731414069794807,0.00010150044416170853,0.0007063031287851515,0.04734519226433746,0.003329966113388889,0.13636774341110178,0.029893576217259906,0.018802009246944456,0.0031043906787044315
Z_R_1877_KLI_0337,0.08868111530940734,0.2081135444314202,3.121574695182216e-05,3.882886411185007e-05,2.462042051208166e-05,0.2006702217651612,5.7360072961629725e-05,0.03407662595970794,0.17264145184166857,0.00011315948769053374,0.00024399441953943936,5.5601411023502585e-05,6.196728761795346e-05,0.00010841980231548021,0.03470793160286237,2.8124208874153085e-05,0.06978535440149339,0.00030779953416375103,3.325864447312668e-05,2.446584162407624e-05,0.00022805730515087025,0.007833188579668025,0.03564706174205885,0.061832920139534134,4.444314670226004e-05,0.00012377090564225416,0.045448774561387136,0.00012656728998989303,0.014796492433931389,0.02411366284235477
Z_R_1877_MLL_0336,0.01353790544951455,0.33421943320951736,0.012097311187166199,1.874607706645749e-05,1.1886422919778863e-05,0.09734570821047087,2.769270677552926e-05,0.018775265313512243,0.05639638576669611,0.1524767444518207,0.00011779737309070508,0.010714979585153776,0.0004946185733714999,5.234368854781415e-05,0.012574229697474086,1.3578006955581301e-05,0.005344677812311737,0.096341825103274,0.03440397247244988,0.029752711795003054,0.002898312513955394,6.415037526071648e-05,0.08133875936041954,0.00011123996501016612,2.145658061890564e-05,5.975500413999578e-05,0.0010305145249070366,0.03073140818841035,0.009002362823857853,2.4227760328103988e-05
Z_R_1877_ON_0338,0.020470891176662356,0.4136758387627557,0.02513079187578529,4.820065875978635e-05,0.002420281114484517,0.06509598972032826,7.12045888155709e-05,0.027963103435785758,0.09004510935333851,0.0001404718365155333,0.00030288528970703145,0.029940499843881543,7.692380792130761e-05,0.0001345881733536747,0.12194579456253402,3.491231139100705e-05,0.0579522361309649,0.03025356889576843,0.009600159087218415,3.0370954967832245e-05,0.00028310156876051363,0.00016494599570310834,4.110363513987646e-05,0.0026757428925353313,0.013198620505034116,0.001348503578317597,0.06836695238194161,0.00015711576669820543,0.018367796714198185,6.229538073213051e-05
Z_R_1877_VOI_0332,0.03404423879854127,0.08479713577080696,0.015230054892216223,2.0457249949369183e-05,0.0005200917240597007,0.16759314021698762,3.0220542798005696e-05,0.04026679381179741,0.23396523922426377,0.03099395646023412,0.041205293506292366,2.9293979848827658e-05,0.0005397681738525631,0.011213768060940385,2.9778358601397497e-05,1.4817429861184863e-05,0.032202803850978894,0.0016835271349993077,0.012188409473689332,0.04463947541042962,0.00012015353528786552,7.000612749013431e-05,1.7445142027512286e-05,0.07973927947745771,0.004587497772120042,0.00817913416074573,0.052850851052735064,0.006659246588313545,0.0204736394394219,0.07609448263325212
Z_R_1877_VOI_0333,0.022878332467820804,0.04537772587117527,0.00023686038068744197,0.00029462756567665287,0.00018681603820587604,0.032720529232584276,0.00043523958401251676,0.0029422213987870534,0.5723134785916028,0.17614509047304006,0.0018513928622921998,0.00042189512242368413,0.00047019843407911436,0.0008226731107904117,0.00042887119853793945,0.0002134022559430115,0.0036613858730910943,0.0023355364505601764,0.0002523615790200795,0.00018564311691343625,0.0017304644415511597,0.0010082359542908012,0.00025124685581738733,0.016355536108606183,0.0003372278953661451,0.037457166081367434,0.07462516567820698,0.000960373510710881,0.0027195200092824945,0.0003807818575566961
Z_R_1877_VOI_0335,0.0035882161301129213,0.0057710792828060235,0.0008784326358663386,0.0010926710003803805,0.0006928356037721886,0.0942625276719205,0.0016141519907544183,0.0109116741733578,0.009763044772637886,0.0031843859830968293,0.14229875242609238,0.001564662031590822,0.0017438021868814806,0.003051007969634224,0.0015905338676119587,0.0007914346234004067,0.12192486969227517,0.008661691053915722,0.0009359211802607437,0.0006884856473143323,0.006417689764125885,0.0037391959108247722,0.0009317870602430342,0.0064839530649015,0.0012506607823325451,0.003482998598582073,0.005893579444263442,0.0035616907816390093,0.5518160774143952,0.0014121872550099449
Z_R_1878_HEN_0613,0.000460103473865338,0.32027460793072393,0.00011263811673074126,0.00014010909734445283,0.09039209739139902,0.06765816528867827,0.00020697664559837613,0.029184780734572056,0.12976036064255062,0.00040832185125505035,0.007826827768254612,0.03840585513918216,0.0002236012031674617,0.0003912192896739922,0.00020394818239828373,0.00010148268843336734,0.0017411591088918113,0.025423071633436375,0.00012000965680084708,8.828192799684598e-05,0.0008229162479606312,0.0004794630439330316,0.00011947955412237088,0.007777817379370238,0.00363356975218268,0.0004466118250868249,0.23346026020002855,0.0004567022280830915,0.03602528031334053,0.003654281684938455
Z_R_1878_JON_0340,0.003995914703022999,0.4263363595181744,4.136988039158114e-05,5.145945943652735e-05,3.2629168007648574e-05,0.19961259498629266,7.601866331558249e-05,0.003065171330073211,0.1930817978119933,0.032041029625923756,0.0003233630759545434,7.368792831373116e-05,8.212455338333007e-05,0.00014368755169603484,7.490636524105393e-05,3.727269954575414e-05,0.014671561954478711,0.0016835657058073624,4.407730963359363e-05,3.2424306335822574e-05,0.001577884221346572,0.0001760978375296243,4.388261280235807e-05,0.007959217023132908,5.8900005376634646e-05,0.0001640321972842888,0.11380973457904553,0.00016773821419201356,0.00047498960011801316,6.650711215056239e-05
Z_R_1878_KRA_0161,0.05733067683503076,0.01767214020094405,5.6116236234808926e-05,6.980226084587355e-05,4.425988382686006e-05,0.1634832846596484,0.00010311562974061067,0.05606816859241418,0.32073789456758794,0.017506896463010378,0.010820708798759387,9.99541007555947e-05,0.00011139797347045197,0.00019490519476137743,0.00010160685135104418,5.055860913835856e-05,0.06142959207288481,0.059385128808517325,5.978873268623016e-05,4.3981998905201323e-05,0.0004099763376052451,0.00023886817553532005,5.952463587781862e-05,0.1526847522775126,7.989500053327132e-05,0.00022250171974858176,0.028062048254449568,0.0002275287519351771,0.05255471270437562,9.021367191323536e-05
Z_R_1878_LSC_0612,0.0003154715414507018,0.17911337156057114,7.723071510986044e-05,9.60662881746845e-05,0.052452002297516565,0.24404734600243536,0.00014191425437993062,0.036680538026066134,0.2913907577531307,0.0002799672924467766,0.0029850784465839052,0.007281802573343832,0.004916139216694467,0.000268240861825844,0.04776810054610141,6.958195703605087e-05,0.003575244915801521,0.0007615252061927926,8.228503710670439e-05,6.0530809892463605e-05,0.0005642353774206655,0.00032874549776268065,8.192157036801384e-05,0.0005700611651879807,0.07869659012237659,0.0003062209457072871,0.036239353319814,0.002694552603892824,0.008030966331973753,0.00012415776363532556
Z_R_1878_NIE_0611,0.0006659624570999935,0.056370058804426804,0.00016303453732034826,0.00020279655344850313,0.00012858826902379593,0.1683102049142255,0.0002995819055809855,0.012079531893154284,0.499502662425358,0.12124329633843887,0.03143741225092455,0.0002903967133820614,0.005350823086651862,0.015647793635502377,0.00029519845075282064,0.00014688795973311566,0.03771043595333942,0.0016075846180216616,0.00017370424362892427,0.005154959412273284,0.001191104518023626,0.0006939838644203262,0.00017293696300113963,0.011257759758528638,0.00023211899657074746,0.015727969837343713,0.011148188134983552,0.0006610394297224413,0.0018718862359335382,0.00026209783918509986
Z_R_1878_RUL_0123,0.007668080768679636,0.13399619619402445,0.0019157445295921985,7.485364982248832e-05,4.7462844398050045e-05,0.10851367643621285,0.0798999726850967,0.07868133401657891,0.07674707960248124,0.05588516669076939,0.10809327316870883,0.00010718749171751655,0.00011945952460628644,0.00020900992346746457,0.0001089598471228644,0.02232102526206562,0.123397662078858,0.0005933709129231768,6.411547141298652e-05,4.716484974336799e-05,0.03755099159956554,0.00025615437879208074,6.383226267767458e-05,0.0004441845276543695,8.567677207032113e-05,0.04106108462777988,0.06905973180009045,0.00024399435370022672,0.05264681155334967,9.674217603788935e-05
Z_R_1878_VIE_0114,0.0060083398891282325,0.10766707096943288,9.137478794424449e-05,0.00011365991753495679,7.206893709324704e-05,0.19012817957112188,0.0001679045038206065,0.0011350351444125635,0.4969037144428897,0.03414179701140463,0.0035317672465616516,0.002980302909351002,0.00581648347798981,0.0003173666310411842,0.00016544774059748817,8.232523238805175e-05,0.02395284165246342,0.0037185376873764397,9.735476106771726e-05,7.161645350751218e-05,0.0006675697342581196,0.00038895211708139175,9.692472884381008e-05,0.02039728700616516,0.0001300940551498451,0.0003623024069929518,0.0935920816487874,0.0031880343518130034,0.0010491225397726157,0.002964442444008451
Z_R_1879_DRA_0346,0.01892294184735061,0.19758375657312202,3.048223822992431e-05,0.04891382976002911,2.4041889003280126e-05,0.09914296063633364,5.601222394584328e-05,0.0013185642764946177,0.10373013966179259,0.0358275140259363,0.009637475125827515,5.429488710791242e-05,6.0511178109817284e-05,0.00010587214998002318,0.19367900303083457,2.7463345222948225e-05,0.13112027012614305,0.0256784449084062,3.247713167328275e-05,0.006603340809445072,0.0030424626352848227,0.00012975276178088453,0.024470290323730895,0.00774436906690376,4.3398820074900884e-05,0.00012086253253986105,0.0077238826817056455,0.01892202139886281,0.06520456005038526,4.9003903742740655e-05
Z_R_1879_GEM_0347,0.0003255500403123895,0.12831323818349055,0.0320271086185564,9.913535732609768e-05,6.285927339911841e-05,0.21498162994116393,0.009976420534126326,0.0009899894092780027,0.18028277496766398,0.00028891152248812746,0.00553793709503521,0.06403677910899916,0.05668055269039879,0.0002768104627734856,0.0001443052330025056,7.180492038658634e-05,0.04055186155853665,0.010615826451417908,8.491383097191407e-05,6.246461252896405e-05,0.0005822612366880592,0.010169220551950986,0.007457018117507793,0.07185557367254759,0.00011346938237320492,0.0003160039119886311,0.0029922031157712642,0.00032314346056583717,0.0009150555456564888,0.159865177193094
Z_R_1879_HEN_0345,0.00040521510746459696,0.3952451967451232,9.920087364742594e-05,0.00012339468437444728,0.0765498446517685,0.03511592403415478,0.0063000134728128645,0.022644297735652887,0.04698549670738652,0.000359610809817281,0.06807040337603475,0.000176696350020838,0.10419830681166792,0.0003445485103072002,0.0062973462922528735,8.937623998761361e-05,0.001533446312620222,0.09580294749857499,0.00010569302067816485,7.77502735197643e-05,0.0007247458773791519,0.0004222651640519655,0.0001052261569702658,0.000732228952414519,0.04908306238598758,0.00039333295438339705,0.08631375392864227,0.0004022196156818726,0.0011389779921804485,0.00015947746444163624
Z_R_1879_HUM_0173,7.23134759420085e-05,0.09891981406961593,1.770309116758709e-05,2.2020646258019693e-05,1.3962746096782749e-05,0.01063368869350294,0.0049454117511550984,0.20929031253665223,0.00019675506649725799,0.27081854297943225,0.12623567059137836,3.153270206587482e-05,3.5142921417252356e-05,6.148709648771281e-05,3.205409830396351e-05,1.594981643347576e-05,0.04994834674151357,0.010546198530366131,1.8861660306474237e-05,1.3875081234840869e-05,0.07273080963461026,0.0006212319197921692,1.8778345205710614e-05,0.00013067138850220576,2.5204621214378157e-05,0.0011619445059548835,0.00011877356321388818,0.0011635303929471848,0.14213095146147853,2.845987125295012e-05
Z_R_1879_HUM_0174,0.0012137569970299153,0.20161038372517207,1.8458807302185312e-05,2.2960671788811422e-05,1.4558792991008582e-05,0.044669142556485006,3.3918731314427435e-05,0.10723480896085645,0.02695653376890623,0.3170992211688201,0.00014428121742651962,3.287878176986971e-05,0.0006058214037834039,0.0023408250336198724,3.3422435564331604e-05,1.663068812467094e-05,0.05208056032905808,0.11857109505674188,0.004573093140085842,1.4467385858862044e-05,0.030301306402423348,0.002355286163677496,1.957996218427498e-05,0.00013624953729478913,2.6280565451338123e-05,7.31894482740855e-05,0.06387181210022658,7.484303419966273e-05,0.0258249583567556,2.967477681327515e-05
Z_R_1879_JON_0342,0.025110909411429724,0.3310235702953104,4.2564413775640326e-05,0.002677897172553878,3.3571317951285926e-05,0.0898784216051496,7.821366195426596e-05,0.022840815392328535,0.22621892686388342,0.00015429927927507748,0.0016451759377393211,0.05126237667362216,8.449585636363315e-05,0.00014783645364474757,0.004014497019585707,3.83489290030303e-05,0.066281756580285,0.07523082953134339,4.5350018602980834e-05,3.336054100719435e-05,0.0003109688682439962,0.008056038114762581,0.01973228856362249,0.002939131501978749,6.060071183451393e-05,0.0001687685400984812,0.07115927303534632,0.0001725815662814628,0.0004887046732352502,6.842746978730774e-05
Z_R_1879_JON_0344,0.017894942073139984,0.2542199147798123,2.7462198190079066e-05,3.415987332870887e-05,2.165992915913251e-05,0.12403906284617569,5.046279028020247e-05,0.03675345630518613,0.24418313469578967,0.06191582972852689,0.01037623502701522,4.891559928173825e-05,5.451600874687811e-05,9.538282404429564e-05,0.00597731264269944,2.4742403224667602e-05,0.07832995560845017,0.00027078806805632197,2.925944676140666e-05,2.1523937665321433e-05,0.0010474327892046875,0.00011689745460484893,2.9130202902933733e-05,0.0010495043605743398,3.909906448216449e-05,0.00010888802840948029,0.13990597166763125,0.00011134816051168556,0.018098072761647925,0.005124938724496367
Z_R_1879_LSC_0343,0.0005475905365170323,0.05875138517834094,0.00013405585977146296,0.00016675035104868818,0.004239351710474986,0.059855031015348684,0.00024633252919729545,0.09260483671510628,0.02215801609653559,0.0004859628198891226,0.0010478327409970648,0.00023877996482884233,0.00026611818811035604,0.062469899943112424,0.020910825439981243,0.00012077926588896573,0.051675667751320875,0.0013218434674416406,0.00014282907234478828,0.00010506842713102321,0.1415224520221449,0.0005706312609676591,0.00014219817250028756,0.0009895031984734242,0.3019450803522847,0.0005315334980185844,0.1001062741359552,0.0005435425557724406,0.07594431663846746,0.0002155110920280811
Z_R_1879_NAS_0149,0.012679456344049314,0.03747271800148852,9.95052466767956e-05,0.00012377329005109334,7.848157598542161e-05,0.48318809309717253,0.00018284451812910368,0.0012360297032975869,0.175996138256583,0.11388594508924739,0.0007777717105890444,0.00017723849850559382,0.00019753076067130498,0.003413855154981218,0.0001801691539937359,8.96504685898272e-05,0.03835714511509861,0.00404941032623934,0.00010601731323431088,7.798883075636324e-05,0.0037952190624284624,0.0004235607789236306,0.00010554901707208103,0.06516771477510683,0.000141669724659376,0.0003945397980176789,0.0006676005108033784,0.009608202177465379,0.04716621491909353,0.00015996678108960057
Z_R_1879_NAS_0150,0.04029370169901516,0.034404468517603426,9.95052466767956e-05,0.00012377329005109334,7.848157598542161e-05,0.47705159412940235,0.00018284451812910368,0.0012360297032975869,0.24963412586982525,0.09854469766982192,0.009982520162244327,0.00017723849850559382,0.00019753076067130498,0.00034560567109612363,0.0001801691539937359,8.96504685898272e-05,0.01994764821178805,0.013254158777894624,0.00010601731323431088,7.798883075636324e-05,0.0007269695785433684,0.0004235607789236306,0.00010554901707208103,0.031416970452370796,0.000141669724659376,0.0003945397980176789,0.0006676005108033784,0.000403453725810097,0.019551969564127678,0.00015996678108960057
Z_R_1879_ON_0614,0.011684762241640511,0.21887471275363654,0.0003346166599383015,0.00041622533775527757,0.00026391817215664325,0.025588999828029393,0.0006148703107396706,0.04542821467700852,0.4061179505632058,0.0012130111725269944,0.0026154939632192916,0.0005960183644894345,0.000664257268620166,0.001162204197066609,0.0006058735850292842,0.000301476970946771,0.056762112679781276,0.01361737399121346,0.00035651546460987294,0.00026226116643830564,0.002444656340977279,0.0014243519598986316,0.00035494067631578174,0.06437743089406635,0.00047640754294973246,0.0013267600838599248,0.13637799845059145,0.0013567358775436332,0.0038419118448614984,0.0005379369608835521
Z_R_1879_ON_0615,0.010774484679624498,0.11223323863411597,0.00016385828215055356,0.00020382119899436325,0.00012923797137260113,0.07821418891692573,0.00030109556673525056,0.022245722073472692,0.34539649931741545,0.0005939988971151373,0.0012807800659634771,0.0002918639656298906,0.01548301593619353,0.0005691192520856904,0.15692662958356424,0.00014763012270936778,0.0328483922013067,0.05719407273721965,0.0001745818979899318,0.00012842655298545176,0.006249701364738016,0.0006974902725100359,0.0001738107406163923,0.01131464047566503,0.00023329179606808274,0.0006497005504964912,0.14257156136527538,0.0006643793834631986,0.0018813440884531728,0.00026342210914400116
Z_R_1879_ON_0616,0.0035882161301129213,0.19537669307173902,0.0008784326358663386,0.0010926710003803805,0.0006928356037721886,0.12134904392748236,0.0016141519907544183,0.0109116741733578,0.036849561028199744,0.030270902238658682,0.006866171148283086,0.001564662031590822,0.0017438021868814806,0.03013752422519608,0.0015905338676119587,0.0007914346234004067,0.12192486969227517,0.008661691053915722,0.0009359211802607437,0.0006884856473143323,0.060590722275249594,0.05791222842194848,0.0009317870602430342,0.1960895668538345,0.0012506607823325451,0.003482998598582073,0.005893579444263442,0.08482123954832457,0.010085752303158096,0.0014121872550099449
Z_R_1879_RIF_0617,0.00012210353360355658,0.08591709009182871,0.05164666131765023,0.007411006697606577,2.357652726572955e-05,0.02532913536059129,0.01941121644859008,0.1441608848173943,0.031670979665201486,0.00010836158324764064,0.026042033732062642,5.324393961367837e-05,5.93399062940887e-05,0.033286031566805395,5.4124333236704966e-05,2.6931756792015916e-05,0.02534873015590786,0.00029474899122984,3.184849494577454e-05,2.342850244357115e-05,0.09331291778025542,0.0757089388441519,0.00464034791325938,0.00022064266817706124,0.060876608079271505,0.02592690763370913,0.2232587335873669,0.00012120090158216037,0.02430813693368358,0.0406040882362317
Z_R_1879_WEN_0110,0.054396213905667894,0.11455656012310664,3.142749834327628e-05,3.909225893039973e-05,2.478743263931556e-05,0.40262865497831785,5.774917386260388e-05,0.0003903846555830289,0.0003492903848168227,0.08345382279784418,0.01962702064264677,5.597858207659994e-05,6.238764146686156e-05,0.00010915526586331447,0.0010259727478672922,2.8314988879252423e-05,0.13034099233394514,0.06814468630766009,3.348425381881787e-05,2.463180516853315e-05,0.017672838309976267,0.00013377642006291729,3.3336348282636e-05,0.07969559649203949,4.474462589381448e-05,0.00012461050309067447,0.01087060744392504,0.00012742585665527834,0.01586593269727697,5.052352429216207e-05
Z_R_1880_MLL_0348,0.009685322862375209,0.38626134601376627,3.4393869929180606e-05,4.278209020024248e-05,0.0010876638407503966,0.09171527733774038,6.319998978770045e-05,0.055575144626041316,0.019471921122176144,0.15814466028193075,0.041629770188955764,0.03081682882447137,6.827627202018964e-05,0.01072482596375016,6.227525336265633e-05,3.0987577627780066e-05,0.10234319081061938,0.06397134372832143,3.664475797407782e-05,2.6956746408315293e-05,0.000251276168462809,0.001206940056000359,3.6482891963691615e-05,0.002374944175588933,4.896797149464964e-05,0.00013637221099487685,0.0023518288760329014,0.00013945329951321755,0.02160562986449561,5.529232724437289e-05
Z_R_1880_ON_0618,0.0018167128920012338,0.00292189593760758,0.0004447502147209792,0.0005532190428686502,0.0003507824857168743,0.11629457382921635,0.0008172447324572736,0.005524577791648291,0.3203626378904065,0.0016122537937585087,0.0034763406638440826,0.0007921879790241157,0.0008828865929845296,0.0015447245402853064,0.0008052868828624031,0.00040070314367111784,0.00687494526736594,0.22380774991750318,0.0004738566497729876,0.00034858010389535816,0.0032492746558677723,0.0018931539156477404,0.0004717635458848958,0.27756074623921806,0.0006332092283171306,0.0017634412831947087,0.0029839177374440698,0.0018032831149783362,0.018820309888477493,0.0007149900393585442
Z_R_1880_ON_0619,0.0011330297755137715,0.10445768712442272,0.00027737747563948617,0.00034502625632877636,0.0002187725990143317,0.4488592198343332,0.0005096912229955421,0.003445514788076585,0.19124769608575476,0.0010055147195004268,0.002168090235560447,0.009047013035381468,0.0005506300982713017,0.035175194589215246,0.000502233468002028,0.008802855591973646,0.06415834155096105,0.07115864264348742,0.000295530293136507,0.0002173990390028325,0.0020264759226016156,0.0011807037675042383,0.00029422488652058366,0.002047399492999877,0.0003949137549319047,0.0010998058581666416,0.03607277656393303,0.001124654023179735,0.003184718326199347,0.008998866977391502
Z_R_1880_ON_0620,0.0005136207340574885,0.08224707177137869,0.00012573969875095698,0.00015640598585711164,9.917315972252654e-05,0.40121184808224986,0.01961700220643213,0.005439097800483875,0.18750262058188527,0.11289433146782715,0.09403539483797191,0.00022396723945172968,0.00024960953487741377,0.00043672423738016656,0.00022767055913113066,0.00011328671894037678,0.02132963418539764,0.0012398428511471438,0.0001339686647053633,0.03111607198476703,0.004795824517210392,0.0005352321261768978,0.00013337690275982218,0.000928119325043056,0.00017902079634716416,0.0004985597946321673,0.0318611341549053,0.0005098238699723052,0.0014436843583630634,0.0002021418521748888
Z_R_1880_ON_0621,0.23511757808468947,0.001511942042053336,0.00023013706244428452,0.0002862645170253681,0.0001815132363014858,0.010502886931199999,0.00042288524164912645,0.002858705993008927,0.3218907570485664,0.0008342645820711154,0.0017988407918692183,0.00040991956464970017,0.00045685177939345893,0.0007993214083322828,0.021705562683152244,0.0002073448001694944,0.10290549381714972,0.0022692418901105274,0.00024519825688417243,0.0001803736085598727,0.0016813449429028445,0.0009796170220522532,0.0002441151752706012,0.015891281707019624,0.0003276556298212008,0.02929765032262379,0.1434698024332608,0.0009331131612760462,0.10199036296037935,0.0003699733061132505
Z_R_1880_ON_0622,0.0008777731198496386,0.1869420677488365,0.00021488799096889186,0.0002672963941397055,0.00016948601963028448,0.14895468815955118,0.00039486451692401876,0.08880835745683884,0.1481621140813594,0.014031150396899004,0.05468830761320232,0.007008840393259918,0.00042658040387645477,0.0007463577128804849,0.00038908689570946354,0.00019360596278166124,0.11596513827540438,0.008744962488668233,0.0002289512182492127,0.00016842190456230435,0.10096117419427028,0.0009147067906052753,0.0002279399025162155,0.0015861474070565827,0.00030594489768014067,0.0008520341126199364,0.06770255068310296,0.020749531624646964,0.028971573064054023,0.0003454585698557034
Z_R_1880_ON_0623,0.0016171197780826898,0.18570917125093822,0.0003958877441220526,0.0004924396473288539,0.0003122437771842381,0.3842839171901559,0.0007274581615010943,0.004917620198417558,0.1264721543805478,0.0014351235732706872,0.051923289744153604,0.0007051542676223727,0.0007858882807544667,0.001375013419447548,0.012924033349628139,0.00035667990337024275,0.006119629587065151,0.08935414378130856,0.0004217964014554812,0.0003102833599834001,0.0028922931815816236,0.0016851626106843141,0.0004199332563707967,0.0029221564034054206,0.0005636417131647757,0.013776920142063186,0.08810662471623816,0.0016051654631578673,0.01675261703943559,0.0006364376775601356
Z_R_1880_ON_0624,0.001227520020285354,0.001974272201400393,0.0003005096705153129,0.00037380009450822376,0.000237017376757093,0.3102339237713528,0.0005521974743400291,0.0037328572240172787,0.5037164096268543,0.001089370708125211,0.002348900467976528,0.0005352670795495383,0.0005965504914407251,0.0010437424137710232,0.0005441177717949035,0.00027074786181857603,0.04171020169658532,0.0029631434653501474,0.00032017636188013174,0.00023552926722138895,0.020727938880894005,0.0012791698364507636,0.00031876208946621194,0.0948804586143789,0.00042784801506664806,0.0011915253583821266,0.002016179209012122,0.0012184457630176494,0.0034503113588578815,0.0004831058289295336
Z_R_1880_ON_0625,0.0022483918671985163,0.003616183433189841,0.0005504297184856243,0.0006846724114975762,0.00043413380920784717,0.24576313133862754,0.0010114346730614346,0.006837302598081151,0.634101144906475,0.0019953501368911533,0.004302372769308898,0.000980424048936094,0.0010926740510650125,0.0019117748922965706,0.0009966354541553182,0.0004959163846735162,0.008508538192599566,0.005427453368367021,0.0005864522909802731,0.00043140810753106325,0.004021352379186174,0.0023429964558728494,0.0005838618333576582,0.038007931549435645,0.01775619864608358,0.0021824621033263445,0.0036929425683043414,0.0022317709682278977,0.006319776354242555,0.0008848826893339435
Z_R_1881_HOL_0365,0.0014312675967138226,0.042427187032210566,2.1766706869868758e-05,2.7075325300305584e-05,1.71677928170834e-05,0.4265199418716165,0.0013823522061541822,0.008324511212528155,0.3552948397467662,0.0014212610781984374,0.00285484722465117,3.877080427284229e-05,4.320972319459765e-05,0.0007467785562707931,3.9411883221715815e-05,1.9610980684058805e-05,0.05067478541089315,0.07807122343533929,2.319121712041784e-05,1.7060005124266787e-05,0.002172556747481912,0.0041197189065219145,2.3088777644792496e-05,0.012241861853652102,3.099015852914581e-05,8.630531975708078e-05,0.009542522791586643,8.825523556350013e-05,0.0002499151386018745,0.0020485252607135886
Z_R_1881_KLI_0364,0.06961541877321233,0.06706855820815037,2.1073643220561185e-05,2.621323238606712e-05,1.6621161063759483e-05,0.30052272554710957,3.872358763557259e-05,0.022355205891753993,0.23481450341979224,7.63935802751179e-05,0.004713368025756859,3.753632102020464e-05,4.183390237696753e-05,7.319383500790561e-05,3.815698767067875e-05,1.898655651550399e-05,0.09974621046061545,0.00020779440506206397,2.2452796298864417e-05,1.651680538903272e-05,0.0027531882631327887,0.023482751557707758,2.2353618551218157e-05,0.03979377068361064,3.0003415220144763e-05,8.355731197514568e-05,0.10670971731589513,0.02542791387231766,0.0021913783778333275,3.3878443443022845e-05
Z_R_1881_LOH_0363,0.005573208795946009,0.0914446166415621,3.5215511521568444e-05,0.011988397648572052,2.7775106696860925e-05,0.13516942203619725,6.470978616580458e-05,0.0026091827017160237,0.33375413765967077,0.00012765894241425986,0.006790490969133787,0.0391541227858049,0.008756884448665944,0.0033799283643526712,0.004407251514545244,0.011976321374682486,0.05158035162893765,0.0003472387849121851,3.75201714520169e-05,2.7600721165739485e-05,0.00025727895185444276,0.007751005706774865,3.735443859423024e-05,0.12947871992442514,5.013777652553773e-05,0.10003986682038903,0.0480146419940431,0.00014278472547114864,0.00691956085181444,5.661321599278766e-05
Z_R_1881_WEG_0362,0.0003067067943736057,0.20655056864324498,7.50850138481605e-05,9.339727811243101e-05,5.922089956554047e-05,0.22106022533377997,0.0001379714500922445,0.0032479379044776245,0.06103101571460815,0.0002721889600594197,0.0005868936725514836,0.05338449877997556,0.0001490534458812744,0.00026078832490655676,0.08116971413785211,6.764876125000353e-05,0.07756392436211608,0.0794588788938849,7.999891159708394e-05,5.884908216311107e-05,0.005179059879327392,0.00031961196030515297,7.964554305622419e-05,0.03528297807072166,0.048727158515734774,0.00029771320796811936,0.1162662766972747,0.0003044395104907309,0.003177341307163952,0.004751208943616985
Z_R_1882_DRA_0368,0.00010675349442924383,0.08478642294076272,2.613436596319855e-05,3.250819998639056e-05,2.061264402302002e-05,0.32272866971309744,4.802285015856384e-05,0.030947107221220536,0.13325646089021922,0.028299648021749054,0.001010130910233145,4.6550467813605094e-05,5.188009035484075e-05,9.077094313147624e-05,0.010523429215990957,0.01614063689462111,0.08260114799253639,0.016374785938476306,2.7844715279185914e-05,2.048322789097766e-05,0.0001909335401325637,0.00333466347754323,2.7721720525727046e-05,0.1815101766517447,3.720857496268194e-05,0.08713591357129087,0.0001753406644297326,0.00010596433526550796,0.00030006255567332216,4.2014170494241935e-05
Z_R_1882_HOL_0373,0.0003955359808860336,0.05139473850196638,9.683132277173113e-05,0.0001204472306710177,7.63726041558639e-05,0.4164593905949717,0.003163729985945438,0.007174412679070154,0.3265282793960311,0.0003510210053328931,0.0037426701817914352,0.00017247571187996798,0.00019222267651911783,0.00033631848980133794,0.0001753276142367028,8.724136415495047e-05,0.08509918702718336,0.006926392702609724,0.00010316839583874163,7.589310007027372e-05,0.0066790321147628,0.003397977673618721,0.0001027126838200083,0.03953012435127759,0.00013786274888631913,0.009341334350962707,0.036479247428567535,0.00039261204059187906,0.0011117719182867805,0.00015566812333780338
Z_R_1882_HOL_0376,0.022889300146812515,0.011992669819621176,0.00012104649589261533,0.00015056817148998637,9.547154629968548e-05,0.18095058940090256,0.00022242734882705508,0.07615311039817535,0.4604397593185861,0.007903752933000217,0.04573584684973075,0.00021560771816441033,0.00024029292131628026,0.007885373673738245,0.00021917281236150644,0.00010905832044392279,0.013068560856027077,0.02732089123445494,0.00012896831774756817,9.487212983334522e-05,0.008349296594369218,0.0005152547207162332,0.00012839864316887984,0.019555852651657407,0.00017233888982547612,0.00047995117478923083,0.056799250486518356,0.0004907948213299677,0.03124959943804734,0.02632192216615262
Z_R_1882_JON_0374,0.0003775016754846493,0.031953440346329,9.24163372036076e-05,0.005814280666469805,7.28904257088853e-05,0.508607931663128,0.00016981838855328343,0.0353439240888189,0.18340553610628427,0.08297523144198846,0.0007223620369154445,0.0001646117505397208,0.00018345836019661337,0.0003209841823038936,0.00016733362154517105,8.326362892772955e-05,0.03562452207810374,0.0009112614086823922,9.846447394986836e-05,7.243278442096368e-05,0.0006751791282488781,0.0003933856462702204,9.802953993899794e-05,0.10611966623813773,0.00013157695179822411,0.0003664321654543256,0.0006200396057918959,0.00037471105108282407,0.0039107437104243005,0.00014857049729820625
Z_R_1882_JON_0375,0.0026016436484601786,0.08274087538096897,0.0006369094293185378,0.0007922434058917141,0.0005023419110276009,0.36293227715700876,0.02080947984792701,0.007911532298443213,0.3605831561030228,0.00230884575141486,0.00497833182546032,0.0011344614953132596,0.0012643474415038657,0.002212139742360076,0.001153219924409412,0.0005738313374886769,0.009845340872024712,0.0259193128613502,0.0006785916192869046,0.000499187965953143,0.004653159455057846,0.0027111118558623168,0.000675594166877117,0.02434033935426912,0.0009067942294299057,0.0025253554560303445,0.023912287719513467,0.02222154694246829,0.026951831463843938,0.0010239093380134314
Z_R_1882_KHN_0626,0.0015240949704743048,0.29007624261911047,0.000373114303508312,0.00046411205893845007,0.00029428195537415703,0.040038013073768745,0.0006856111341912048,0.004634734119693518,0.38381182260407465,0.01285756715334959,0.014421405575883712,0.012169589328566393,0.0007406800611100647,0.0012959157789779528,0.0006755793352726896,0.0003361618936108583,0.0402825950945186,0.003679053683608459,0.0003975325654508121,0.00029243431116355244,0.002725914029950274,0.013093222696315103,0.0003957765977783381,0.03726905654067062,0.1270862078517738,0.0014794038189948535,0.0025032981468733288,0.00151282832745916,0.004283923766378349,0.0005998266031597262
Z_R_1882_MLL_0370,0.020325139802947447,0.1715869072385686,9.24163372036076e-05,0.00011495548719471941,7.28904257088853e-05,0.29773290002994984,0.00016981838855328343,0.003997635602805931,0.21475182459229725,0.13141949546582668,0.0064216872161905305,0.0001646117505397208,0.00018345836019661337,0.0031706467719414366,0.00016733362154517105,8.326362892772955e-05,0.01567688395064094,0.09779978945635885,9.846447394986836e-05,7.243278442096368e-05,0.0006751791282488781,0.0003933856462702204,9.802953993899794e-05,0.017780125959373894,0.00013157695179822411,0.011765082524004496,0.0006200396057918959,0.003224373640720367,0.001061081120786758,0.00014857049729820625
Z_R_1882_MLL_0371,0.06215284897981946,0.0006577605417528927,0.0001001196306871609,0.000124537514379532,7.896615169377927e-05,0.4429507672487763,0.00018397347114488134,0.0012436614303813777,0.3098321507368206,0.009624523515774013,0.003869768021946322,0.00017833283778055374,0.00019875039224817985,0.00034773957463693603,0.00018128158827304924,9.020400537570394e-05,0.0015476484516032188,0.06890548794346509,0.00010667190527089581,7.847036406444526e-05,0.0007314581708537796,0.0004261760075540746,0.00010620071766641746,0.0038262045979708705,0.0001425444485205839,0.0003969758398491429,0.08711315585054207,0.0004059448056911927,0.004236720777379325,0.00016095447807818535
Z_R_1882_MLL_0372,0.0598989353422314,0.005183035722473813,5.231431547170895e-05,6.507310075554252e-05,4.1261240607282325e-05,0.4814825479901007,9.612946174333904e-05,0.0006498355613422323,0.19254207358966666,0.06794045884214157,0.01492694091267404,9.318212892502569e-05,0.00010385066993191104,0.00018170020888708113,9.47229043199508e-05,4.713322214283252e-05,0.0008086742707777019,0.0005158397124739501,5.573799729392652e-05,0.0032672314882368735,0.0068346587176728165,0.00022268466186538128,5.549179325963417e-05,0.14234023580880883,7.4482049099317e-05,0.0002074270468036979,0.00035098715794035034,0.011503916063134771,0.010279336397138473,8.410162207925764e-05
Z_R_1882_SHR_0369,0.0003505314720779308,0.10111449132051269,8.581375084611595e-05,0.00010674261537533041,6.768284721205587e-05,0.3346752643301326,0.00015768589543095962,0.014296314779631733,0.1332573228434021,0.024125724905071155,0.07476075548838296,0.00015285124010094582,0.00017035137389035816,0.008236266293012297,0.00015537864994388703,7.731494802272594e-05,0.06218615263933225,0.003492228806168338,9.14297849319875e-05,0.00800547238388573,0.003273013171732724,0.02417992407636907,9.102592431629239e-05,0.18056627651245397,0.0001221765772195465,0.00034025281135111616,0.0005757415393873959,0.00034794022085147587,0.024799916761915633,0.00013795603703859109
Z_R_1883_ELA_0349,0.056080948706673656,0.06015779170870005,3.240085653065468e-05,4.030300659721685e-05,2.5555137731207802e-05,0.4011115371166454,5.9537755014674156e-05,0.03936667757414529,0.06130411686456128,0.12100639032959014,0.03721929558910232,5.7712325265031264e-05,6.431988312827872e-05,0.00011253597312047525,5.8666604071258384e-05,2.919194783889055e-05,0.057448532177505764,0.007313059916765422,3.452131290149779e-05,2.5394690237170203e-05,0.0032339618436866293,0.00013791968251174882,0.0010334509316954532,0.07716848173992837,4.6130436099870714e-05,0.00012846988292714172,0.05916322800365998,0.0021295366427283883,0.015358243044725323,5.2088315911521376e-05
Z_R_1883_JON_0350,0.0935760705376246,0.014579502725608996,5.132087794913078e-05,6.38373766632331e-05,4.047769858292825e-05,0.556210842272402,9.430398408086784e-05,0.0006374953247488253,0.0005703886772083535,0.006515969955979318,0.01464348153704717,9.141262047455387e-05,0.00010187856819790224,0.00017824976126598334,9.292413687837144e-05,4.6238172460647075e-05,0.03086047486383274,0.000506044028034866,5.4679544794914235e-05,4.0223560046468366e-05,0.027277135441796378,0.00021845592835706773,5.443801612191966e-05,0.21401387743182626,7.306765111538876e-05,0.0017859700069617816,0.00034432198781441075,0.017615387007614256,0.019579025754023264,8.250455048747878e-05
Z_R_1883_JON_0357,0.00030459117988636714,0.002789166937094603,7.456708941353524e-05,9.275303860333616e-05,5.881240325777515e-05,0.32990083204001647,0.004735579946637932,0.0009262540467131947,0.3848085277257349,0.0002703114440808638,0.0005828453737237567,0.00013281871466049364,0.0001480252990150686,0.0002589894486886308,0.00013501488478340556,6.718213089824838e-05,0.17129938493092328,0.0007352608099000865,7.944709188052447e-05,5.844315059240935e-05,0.0005447753497887118,0.00031740732804424316,7.909616081942745e-05,0.000550400210787755,0.00010616424137090336,0.0002956596298036514,0.09936932978255518,0.0003023395353656366,0.0008561444134536825,0.0001198756615060511
Z_R_1883_LOH_0355,0.0007616914257450954,0.0012250604332660884,0.00018646998468651254,0.00023194760348057962,0.0001470722274545917,0.25575193366619,0.00034264539443122253,0.008066096019312699,0.485056643171521,0.0006759680609070195,0.0014575219278056691,0.0003321398740867165,0.00037016699267258753,0.0006476551372832736,0.0003376318386036261,0.00016800241257009158,0.048880945352876716,0.0018386673402566135,0.00019867341105659757,0.00014614883699644519,0.0013623201861792298,0.0007937407784761062,0.00019779583745001793,0.15087149119185428,0.0002654850097862901,0.0007393562907646422,0.0012510642522254468,0.0007560607363538062,0.03663983143578551,0.00029977316992154724
Z_R_1883_MLL_0351,0.0005889789917384131,0.16989718724844732,0.004590238381647121,0.00017935381837926994,0.00011372381165272129,0.1799763501818817,0.00026495104462873336,0.055143672533866844,0.09052353514012056,0.1250120988060183,0.0011270309294027637,0.00025682763589514833,0.00028623216009799625,0.0005008002674812337,0.08918207825506333,0.00012990810743124687,0.0066749099967729686,0.21038611145019154,0.05350622687099344,0.00011300979865134348,0.0010534160456064404,0.0006137611998864363,0.00015294591612004471,0.0010642926736201639,0.00020528666609662005,0.0005717083164537854,0.005413437431960985,0.0005846250530588099,0.0016555012315410587,0.00023180003529369881
Z_R_1883_MLL_0352,0.027533634550731857,0.06180560307964532,5.535003802219465e-05,0.022256226309692175,4.3655569529358754e-05,0.5316096470590153,0.00010170771259397133,0.02458164298957668,0.05352353023253377,0.06334933685816789,0.08747542456079434,0.0018053106667770468,0.00010987697110306639,0.003605686636710409,0.00010021953471831812,4.986829349081616e-05,0.03157658414050218,0.0005457731299997911,5.8972391049792215e-05,4.3381478784654376e-05,0.0328320836259277,0.0002356067242793987,5.87119001586007e-05,0.002115275181548806,7.880413252941476e-05,0.00021946373232437853,0.0003713544249242148,0.0019311434429438489,0.05183714271678668,8.898191513817182e-05
Z_R_1883_MLL_0353,0.00018899824529306942,0.13156027361042869,4.626873654393808e-05,5.755308327762736e-05,3.649298387870162e-05,0.20184943828725205,0.021485504147297173,0.023401921434366337,0.13747733375301108,0.08719636127406342,0.04458932066597043,0.0029358115797006416,9.184941528269791e-05,0.00016070245819275442,8.377647810428834e-05,4.1686383891861835e-05,0.023542404327692605,0.05181738870538202,4.929676875298267e-05,3.626386330518416e-05,0.00033803206392055146,0.011610541924593867,4.907901669991628e-05,0.00034152227942591565,0.03145325073956473,0.00018345623552768422,0.14583371503436704,0.0016143000146502816,0.08185307387058309,7.438261897945276e-05
Z_R_1883_MLL_0356,0.0022835846370879934,0.014544844568946837,6.539503741254743e-05,8.134404168511924e-05,5.15782410392152e-05,0.2469760550674425,0.00012016576515377171,0.01492753685685215,0.10558269988445368,0.0002370620489244833,0.0005111530478146393,0.04246212883174151,0.00012981759169128598,0.00022713270451687697,0.00011840751075445508,5.891845850628222e-05,0.0010108759660760749,0.24866932669889258,0.02830010634884194,5.125440793729052e-05,0.0004777657899893804,0.0002783649496811694,6.936701481386274e-05,0.2464907452994356,9.310561255545982e-05,0.03252264267027736,0.0004387483257282714,0.012363906942794912,0.0007508352061034625,0.00010513047284931464
Z_R_1883_WIL_0354,0.0005712018471414057,0.11302692131770889,0.00013983615423420885,0.09503475318100804,0.00011029128745027714,0.23491009832337703,0.01319251941231425,0.0405437064625404,0.20421135298823806,0.060872888612180466,0.005404868897872282,0.004560930938093832,0.00458944794595757,0.00048568462007425806,0.0002531943032908455,0.0001259870928576837,0.19188321174821227,0.010002549696982894,0.0001489876550236893,0.00010959882549324503,0.0010216208039658511,0.0005952360542505799,0.0001483295516918965,0.005344024269978717,0.00019909050155046925,0.0005544524524052006,0.0052500437263369925,0.0005669793233315339,0.005917388388337977,0.00022480361809918252
Z_R_1884_H_0627,0.0018167128920012338,0.07149137656046463,0.0004447502147209792,0.0005532190428686502,0.0003507824857168743,0.061438989330930706,0.0008172447324572736,0.10152185066364815,0.5672127681326918,0.0016122537937585087,0.01719023678841549,0.0007921879790241157,0.0008828865929845296,0.0015447245402853064,0.0008052868828624031,0.00040070314367111784,0.00687494526736594,0.004385411924360654,0.0004738566497729876,0.00034858010389535816,0.0032492746558677723,0.015607050040219148,0.0004717635458848958,0.0032828237477898984,0.0006332092283171306,0.0017634412831947087,0.030411709986586884,0.042944971488692564,0.059961998262191715,0.0007149900393585442
Z_R_1884_JON_0390,0.0005321913994946613,0.0008559458652270563,0.00013028599083544584,0.0001620610598117361,0.00010275890197830588,0.6406912343467237,0.00023940525760070467,0.0016183805374528233,0.03760439798200619,0.008507047433310428,0.0010183659791027267,0.00023206508363315189,0.0002586345115864302,0.0004525146040124134,0.00023590230193893766,0.0001173827563789302,0.0020139598058657874,0.0012846710780012934,0.00013881248639389663,0.00010211373197429764,0.0009518488221569958,0.0005545841812778223,0.0001381993284797343,0.27414319983610114,0.0001854935399394961,0.0005165859110496234,0.024978366687892092,0.0005282572545561928,0.0014958827558152954,0.00020945056940274533
Z_R_1884_JON_0393,0.0007984174247209009,0.06155459643010759,0.00019546089128614537,0.00024313127597569193,0.0001541635170402439,0.49108409634826306,0.00035916651306221637,0.002427967122652595,0.1890108353645027,0.0007085607900272977,0.007554845153231766,0.0003481544546153085,0.0003880151029890085,0.01876002312716861,0.00035391122174966376,0.000176102879797941,0.08740008813057021,0.05014369563261098,0.00020825272263129055,0.00015319560404203204,0.0014280063263552138,0.0008320120810430909,0.00020733283560711544,0.0014427506371883262,0.0002782857344208955,0.0007750053705095213,0.013365479639494467,0.0007925152439016817,0.068541705279111,0.00031422714532338813
Z_R_1884_JON_0394,0.0021054524545737114,0.14642793611490168,0.000515436663316107,0.0006411450025224613,0.000406534157832992,0.3731806180085079,0.0009471336585519394,0.006402627472465479,0.2600249112444841,0.03365553054154177,0.004028853439556017,0.0009180945058868331,0.0010232083189885993,0.0017902355894008474,0.0009332752861631083,0.0004643889637775437,0.03975464875089468,0.005082408090521599,0.0005491691344148478,0.000403981740094099,0.003765698658220513,0.0021940426448978276,0.0005467433627157181,0.0038045798805904103,0.0007338484412638401,0.00204371411385151,0.06703223304558135,0.0020898882137287593,0.03770503540178219,0.0008286270989715524
Z_R_1884_JON_0396,0.00031774156325072543,0.15161962077059205,7.778644006091181e-05,9.67575472575199e-05,6.135156295933811e-05,0.18823824980452486,0.00014293541923586384,0.04893722295517562,0.27669766011380614,0.06504280338890714,0.0006080090705500059,0.0001385530140463078,0.0025529650719868656,0.00027017102833532273,0.002539392947678964,7.008264422524643e-05,0.12592696737800696,0.000767004872635527,8.287713117385548e-05,6.096636822332639e-05,0.0005682954159306355,0.0003311110342644811,8.25110490568756e-05,0.000574163124009283,0.00011074776369789419,0.00030842440348729106,0.11805078308292825,0.0003153927064973264,0.015284401168440648,0.00012505115905476122
Z_R_1884_KLU_0392,0.0002504589118341305,0.00040282362735898064,6.131494707141469e-05,7.62688700525318e-05,4.836020047523288e-05,0.5473053471433053,0.00011266845041648159,0.0007616391935849682,0.3069666994078343,0.0021129210058740823,0.0004792614747573094,0.00010921403159961958,0.00012171808562896354,0.00021296156874691933,0.00011101989603532766,5.524245122839987e-05,0.051995345129313815,0.0006045894777076552,6.532767031601413e-05,4.805657178580769e-05,0.004229256493483701,0.0002609973605269789,6.50391070958843e-05,0.01557777929091017,8.729661961771907e-05,0.00024311468631997227,0.06658411014472318,0.0002486074319695138,0.000703989518824792,9.857123160100387e-05
Z_R_1884_MLL_0391,0.0017449237815450253,0.002806434484600885,0.0004271754936791443,0.0005313580745506313,0.000336920987444854,0.12487106356951644,0.0007849505418746871,0.005306268928946454,0.452594973885582,0.0015485440759527016,0.003338969808493791,0.000760883929507741,0.07987987059697943,0.0014836833041410526,0.0007734652178996679,0.00038486898387195,0.019775254052210284,0.00421211826721756,0.0004551317607050794,0.0003348056348025482,0.0294648338910805,0.0018183441665897441,0.00045312136777636927,0.21390475881222534,0.0006081873729465363,0.0016937572502252235,0.0028660054349615117,0.001732024694732091,0.044420565091251744,0.0006867365386889598
Z_R_1884_ON_0628,0.0010865631784565245,0.0017475653698856136,0.000266001969300783,0.00033087641104361616,0.00020980053276747952,0.446855458124237,0.0004887883154158979,0.003304211045869332,0.3310437748799968,0.0009642776326065977,0.0020791748535142368,0.03328254057269613,0.0005280482496236235,0.0009238888619782285,0.0004816364098393404,0.00023965772650250754,0.020516225579618068,0.019027253230734946,0.0002834103229943655,0.0002084833037200623,0.0019433682742619736,0.0011322820160249224,0.00028215845230885537,0.034772172274657884,0.00037871797727507807,0.0010547018046306645,0.09200869111487688,0.0010785309234578341,0.0030541100876495418,0.0004276305040552592
Z_R_1884_WIL_0395,0.00011362062146003487,0.17000589705391483,0.0326201384206466,3.4599353442700744e-05,2.1938592608622275e-05,0.21912337903293772,0.003481882846478479,0.002060902842215961,0.010601458651528726,0.006962375032502873,0.0036481876784506925,0.010341857415642282,0.01978214966645873,9.660996133431083e-05,5.036414751460816e-05,2.5060723907094466e-05,0.12565310732610974,0.13836279787807676,2.9635880973392896e-05,2.180085153112197e-05,0.06881863236680466,0.00011840138602112624,2.9504974342195143e-05,0.07225150142243861,3.960208921970519e-05,0.0129756795380144,0.0001866197951292934,0.026701254651434744,0.07579632298479021,4.471681406970354e-05
Z_R_1885_BLA_0381,0.0028748884021728366,0.0360812004851381,0.043238437211886346,0.00010240699566302167,0.00514212303258172,0.3286973709184874,0.00015128108630969533,0.003561255420069183,0.33600950268979124,0.0002984461026666406,0.0031821039548986553,0.00014664280266195033,0.000163432124515955,0.00028594568704157827,0.00014906755539931466,7.417460701154883e-05,0.0012726288063547636,0.003350383152502491,8.77161343300285e-05,6.452605283203e-05,0.08437510022245172,0.005427633132734219,8.732867752868885e-05,0.0996128784155374,0.0001172140683404742,0.01301940582387143,0.008168140290728338,0.015565375637100002,0.003483848609281588,0.005209541900111696
Z_R_1885_JON_0379,0.00020414329840686384,0.05118215735502826,0.03549355145985068,6.216500177322337e-05,3.941728710843138e-05,0.28737042501729804,0.003173883467461944,0.006784894598634508,0.4459116716757276,0.0048042433190143615,0.008095760017256828,0.0031710678501369756,9.920961204415659e-05,0.0001735800765064724,9.048976376791249e-05,0.0031270768563387247,0.0069366348498145864,0.0004927869775424965,5.3247081518821573e-05,3.916980634723067e-05,0.0003651196887516908,0.0048358079529517515,5.3011880275133254e-05,0.02040221461882241,7.115346680230208e-05,0.06492120729274867,0.04194297670497344,0.00020263419975379986,0.00981995567963227,8.034314371046334e-05
Z_R_1885_JON_0380,0.011852419786710075,0.08455517821168453,0.00018025151116974147,0.00022421252465839087,0.00014216760565705978,0.5140101278134308,0.0003312187226561578,0.002239039943227765,0.05758399265059921,0.00065342561531182,0.012525045462768761,0.000321063544486839,0.0003578225199437078,0.0006260568820682719,0.005884437132159355,0.00016239980282527336,0.06392503890471603,0.051799933689140064,0.0001920479729346445,0.0001412750087827669,0.0013168890031748429,0.0007672708025256446,0.0001911996649937467,0.18474662346997064,0.0002566315125050455,0.0007146999498457138,0.0012093432753437147,0.0007308473290915562,0.002069563469866991,0.00028977621775077525
Z_R_1885_JON_0386,0.1514186900527583,0.021392706709388865,8.447262718122528e-05,0.00010507440898508778,6.66250788799614e-05,0.3164212670898623,0.00015522153180745176,0.0010492982008347292,0.16243135096723396,0.0003062197816523153,0.005869706661199806,0.005359898185481523,0.00016768907027796062,0.0002933937654669223,0.007967103971949439,7.610664625965527e-05,0.1914501821270328,0.006042369057144818,9.000089216085065e-05,6.620677446466987e-05,0.0006171436404740542,0.00035957191164824153,8.960334320294565e-05,0.10220751286618852,0.00012026716413144707,0.00033493523587108787,0.024009204555573656,0.00034250250417378416,0.0009698751610094924,0.0001358000177041284
Z_R_1885_KUN_0382,6.1474434860703e-05,0.1574133887117678,1.5049581155352941e-05,0.010691976280597025,0.14943745809105477,0.05312499796311874,2.7654153989822185e-05,0.10413517747671353,0.059102200487027065,5.4555891170095484e-05,0.00011763337984445314,0.020909264257110097,2.98753614777445e-05,5.2270817556037896e-05,2.724952095769558e-05,1.3559104144934047e-05,0.10139654385526449,0.014998142682607305,1.6034492779809426e-05,1.1795350264205496e-05,0.046051357414358396,0.040436813163049194,1.5963665749742257e-05,0.0005751397225392629,0.23065657373856066,5.9671815382457264e-05,0.00613368071949918,6.101999433990148e-05,0.000636846867433728,0.0037366310056257844
Z_R_1885_LEH_0383,0.00036301893479522495,0.15130234542176152,8.887081162291207e-05,0.01929289811461675,7.009400597663313e-05,0.3274155067813255,0.00016330335605030022,0.0011039313663417088,0.2092532701615915,0.003062499662087647,0.0006946488299446422,0.00015829646917192745,0.00017642003419548124,0.00030866971860847825,0.08511133372877439,8.006924430659482e-05,0.11920821758447755,0.0008763011329027334,9.468691338273782e-05,6.965392196204872e-05,0.0061299483256439784,0.00037829352171591524,9.426866548720282e-05,0.006136652167327791,0.00012652904076272448,0.055159096562857855,0.0005962519687798794,0.011321679863796986,0.0010203730558409024,0.00014287063389043116
Z_R_1885_SCH_0385,0.054676901599603644,0.1406413992866571,9.26804452010881e-05,0.00011528400771869887,7.309873243204684e-05,0.37288672872153605,0.00017030369662643675,0.004009060071310756,0.22393896284599432,0.00033597375433854604,0.0007244264077485511,0.00016508217904957423,0.00018398264866766403,0.00032190149294589,0.00016781182863533182,8.3501580257164e-05,0.05287316830564521,0.012345091111538784,9.874586635109041e-05,0.002930446156842608,0.0006771086594648749,0.000394509866277394,9.830968938303165e-05,0.0006840998753710562,0.0029897593467983576,0.00036747935763223425,0.072066970897646,0.0003757819027128477,0.05536243458260137,0.00014899508301230636
Z_R_1885_SEI_0384,0.00025528546546265204,0.277910683066517,6.249653760897213e-05,7.773863524794667e-05,4.9292142163274495e-05,0.06644595972452083,0.00011483966610290008,0.08749509683611739,0.21845508933753768,0.0002265547638241167,0.01012391726991832,0.0039654866873095,0.00012406369538805342,0.00021706551707458677,0.021311083395361627,5.630701966987516e-05,0.0009660709792599297,0.0006162404248271906,6.658658940137466e-05,4.8982662293941436e-05,0.008164925828467022,0.00026602699891461307,6.6292465325586e-05,0.06790924431320167,0.050193163023298314,0.04842489983025259,0.13146101403905555,0.0041075663156016524,0.0007175559882374483,0.00010047078203850931
Z_R_1885_ZER_0387,0.0002592827424684806,0.07087831833785747,6.34751126025602e-05,7.895587203257109e-05,5.006396184396099e-05,0.27495576711875575,0.00011663783332655388,0.0007884722385721136,0.19838857284376143,0.20574223584094817,0.0004961461687450721,0.0001130617130842689,0.00012600629308328075,0.000220464343555319,0.00011493119930054205,5.718867877485094e-05,0.1575618710540798,0.0006258895588887774,6.762920670129924e-05,4.974963611799755e-05,0.00046373912329023773,0.000270192467574428,0.002024588893090728,0.00046852727699311247,9.037213639936256e-05,0.0002516797751047996,0.02978474340613048,0.0002573660337620205,0.053574768756966755,0.002059302376187867
Z_R_1886_HOL_0407,0.09291273143490646,0.005890969300742996,0.00015749234251230296,0.0001959026889699397,0.0001242170403953557,0.332558630656025,0.0002893979205862427,0.0019563311472350657,0.3514028881327412,0.0005709218754681749,0.001231021405718847,0.00028052496974030107,0.0003126426319750594,0.0005470088115379552,0.00028516347688780074,0.00014189465155941473,0.04614107691513528,0.001552936398877845,0.00016779934290666787,0.00012343714583725032,0.01086318335182326,0.0006703925822694767,0.0001670581452106443,0.010875063559861588,0.0633559283507588,0.0006244595041903989,0.03990692440812445,0.005494852676244673,0.026089676428689125,0.0051094727030684736
Z_R_1886_JON_0408,0.0009605106123344926,0.016046122484607076,0.00023514298982431326,0.0002924913253824745,0.00018546150117368216,0.7067933981085205,0.0004320838156958163,0.0029208883918362353,0.03161600340049667,0.0008524114545010574,0.009088615452949993,0.00041883611007917083,0.00046678919150253297,0.0008167081989731098,0.0004257616051323625,0.00021185495164727447,0.010885484844467136,0.031321187844128996,0.0002505317944492874,0.00018429708431877203,0.0017179174558025773,0.0010009255919129674,0.0002494251537103558,0.1757511683835445,0.00033478277514547726,0.000932345487388176,0.001577621134174354,0.0009534101819865969,0.0026998017313565603,0.00037802094295749173
Z_R_1886_JON_0409,0.006728767204809174,0.06693533203827541,0.00010233104115466975,0.003282671263629755,8.071033086459706e-05,0.4748222035384738,0.00018803701849360227,0.004426514031721848,0.23463566634202415,0.04770170297353624,0.003955242223677078,0.00018227179661871342,0.00020314032751684322,0.00035542033544319634,0.00018528567817152568,9.219640267411546e-05,0.007892598425662124,0.0010090242865727864,0.00010902804028943443,8.020359243624746e-05,0.0007476143856187465,0.00043558924727177836,0.00010854644524344284,0.12065988774587054,0.00014569292483217425,0.0004057441155765432,0.01961885735469044,0.003570294189431563,0.0011749171101690687,0.00016450958925040595
Z_R_1886_KLU_0402,0.0052214945335020005,0.008689611831549197,5.405836219498233e-05,6.724249792957831e-05,4.2636801595330454e-05,0.2058279659033834,9.933421117476704e-05,0.0006714996808324002,0.4689975848707406,0.06853855514093724,0.010423895733173254,9.628862062149479e-05,0.0001073128278321218,0.0001877577029223223,9.78807621530995e-05,4.870454236167353e-05,0.03917415949942285,0.000533036698655696,5.759618220308132e-05,4.2369107167630503e-05,0.0003949418356730274,0.0002301084893846305,5.7341770255995066e-05,0.0003990196503708277,7.696512036772727e-05,0.00021434221826363797,0.18872153230683966,0.00021918490096907995,0.0006206728083084991,8.690538921425201e-05
Z_R_1886_KLU_0403,0.0013126641699523732,0.02192913829553371,0.0003213538440847137,0.00039972789256153407,0.00025345755098382287,0.04439268322908125,0.0005904994031265166,0.023809703590482987,0.7368348107044244,0.0011649324432355822,0.002511826635935754,0.0005723946697964163,0.0006379288669358599,0.0011161392454506211,0.0005818592702899101,0.0002895276748462669,0.133783998750831,0.0031686752094596837,0.00034238467101176313,0.00025186622209614486,0.0023477603081208586,0.0013678965587888493,0.000340872300790809,0.0023720011725384066,0.0004575247248779498,0.0012741728197429218,0.012064989503683718,0.0013029604973544492,0.0036896344019705465,0.0005166153720112207
Z_R_1886_KLU_0404,0.0004102345140166479,0.0006597974645576795,0.00010042967658685873,0.0001249231764662469,7.921069046584162e-05,0.23064642828837692,0.0001845431917879776,0.0043442670727945635,0.4873066215149637,0.0003640653151447827,0.0007849974143230883,0.00017888509076786354,0.00019936587338566458,0.00034881643866988216,0.00018184297281621033,9.048334501979878e-05,0.13780963159244536,0.010280539070097187,0.00010700224195527232,7.871336750402044e-05,0.0007337233171104845,0.0004274957699501686,0.00010652959519854026,0.09983743759698091,0.00014298587365854304,0.00039820517649950387,0.009964065680604395,0.009697464902511756,0.004249840860785301,0.0001614529145548647
Z_R_1886_KLU_0406,0.00018223826770550025,0.0002931014891950149,4.461382370833392e-05,5.549455859424222e-05,3.5187724389434864e-05,0.43124497572748505,8.197952741470247e-05,0.000554181946408282,0.3210268590672169,0.09508293002831757,0.014105414865337125,7.946603210122316e-05,8.85641996565974e-05,0.00015495454760254893,8.078001052612488e-05,4.0195369938907826e-05,0.06672178029069427,0.0004399098370409908,4.7533551050125175e-05,3.496679886523876e-05,0.009955628639430558,0.0001899062265735794,4.7323587423856574e-05,0.058107429552374655,6.351854130155649e-05,0.00017689448127147984,0.0002993230255819386,0.00018089109869981988,0.0005122350386893914,7.172214540507595e-05
Z_R_1886_NAU_0405,0.00027776726098169914,0.03189864383373878,6.800031502390257e-05,8.458471282783071e-05,5.363307030347314e-05,0.37633256827665895,0.00012495305773732807,0.013425442805030934,0.10140184360254349,0.13024768906772463,0.021499449602356946,0.00012112199241001858,0.00013498940408829908,0.00023618146071149946,0.03786540360065093,0.00215805898436447,0.15202026370473348,0.0027673031025160283,7.245055852519247e-05,5.3296335991248095e-05,0.008883972612313934,0.00028945475098543776,7.213053231934277e-05,0.0864704530763587,9.681485376824492e-05,0.00026962227069103357,0.025617746881607867,0.00656609371567293,0.0007807477840249063,0.00010931877333850352
Z_R_1887_BOE_0415,0.00033714964125347943,0.10234447244209209,8.253773945282502e-05,0.0001026676271517492,6.509899816209793e-05,0.1666503712384536,0.00015166610507219236,0.006115374524296094,0.07726900335431795,0.002844261176057348,0.06427153486192078,0.0001470160167350858,0.0001638480683452092,0.00028667343468837084,0.00014944694060276835,7.436338550393633e-05,0.29141219602742696,0.0008138545521181457,8.793937676115194e-05,6.469027521842499e-05,0.07440961749033666,0.0003513357373685782,8.755093386074457e-05,0.0006092337725674132,0.06374390017195693,0.0003272633769586679,0.09217576054043757,0.013059934870661418,0.041668547869769326,0.0001326894504524607
Z_R_1887_BOE_0416,0.0005453363236853115,0.07497594095142343,0.00013350400502030842,0.00016606390605747494,0.0001052970075878702,0.33130442796815857,0.0002453184759747568,0.018124765818358427,0.20731393421761413,0.0004839623038990162,0.005160122204641752,0.00023779700251525188,0.00026502268518547304,0.00046369154180312815,0.00024172899864679815,0.00012028206560368604,0.0020637038434362176,0.009549607912738262,0.00014224110176065387,0.00010463590213131459,0.0009753591243153811,0.0005682821986211182,0.00014161279908032995,0.0009854298066627931,0.1772040030855046,0.008762551335686522,0.15732661800035905,0.0005413050068702958,0.0015328304882325499,0.0002146239184254877
Z_R_1887_BOE_0417,0.0028849314472370177,0.00463995687655002,0.0007062612294233102,0.0008785092135411834,0.0005570409218981275,0.4460064543370886,0.0012977807550854275,0.03055060523989149,0.007849503447965282,0.046115455241851205,0.00552041246946014,0.0012579907495962538,0.0014020197179529282,0.002453015236039179,0.0012787917467014052,0.0006363146897196982,0.2286933998037343,0.11585202299490421,0.0007524821100964265,0.044108747421929065,0.005159832726841688,0.0030063194298663863,0.0007491582710596273,0.005213108525532019,0.001005533248261627,0.0028003363853714314,0.026516049136181247,0.0028636050250856015,0.008108960813212858,0.0011354007879222426
Z_R_1887_ERD_0480,0.005580915898324957,0.05525887391674294,0.0001598207476262585,0.0001987989619922272,0.00012605349534601065,0.04671847292709178,0.0002936764498627278,0.05619414622460915,0.006704355180768165,0.0005793625233962183,0.0012492211257226346,0.0544935645208162,0.00031726481672079954,0.0005550959229101429,0.039714028277055564,0.00014399245661497208,0.3227957799412129,0.21841146419512636,0.00017028012922243267,0.0001252620706369883,0.0011676250793260052,0.02039262826629949,0.0001695279734793171,0.0011796809272507558,0.00022754339160236127,0.0006336916654486613,0.0010722692150980755,0.11399387431858778,0.03633155477183683,0.015041174609271332
Z_R_1887_ERD_0481,9.769937376972772e-05,0.037032500217962346,0.03542426937127563,2.975107089498134e-05,1.8864416790797893e-05,0.1242552734447013,4.394987173219778e-05,0.0032471306114544084,0.0791791102781285,0.0030367332469280555,0.0001869510077036299,0.0074176756062711065,4.747996649556359e-05,8.307235606522161e-05,0.10329433215028581,2.154905509648514e-05,0.29832268038184795,0.12192454758302343,2.5483111912331076e-05,1.8745976873455243e-05,0.0016497544762893324,0.00010181022704404662,0.0037129071683630528,0.012714168541648163,3.4052791359700546e-05,9.483452768258944e-05,0.0001604694366469385,0.07016017291838537,0.09615056535725186,0.0015134654561159465
Z_R_1887_GER_0410,6.680677783210962e-05,0.06869321387036319,0.04036092306064042,2.0343765848826896e-05,1.2899477784223526e-05,0.2846712992940866,3.0052898020441784e-05,0.07433630153776727,0.30125311129086507,5.928811397928222e-05,0.0001278369958294997,2.9131475066284755e-05,3.246677487023943e-05,5.680483120311234e-05,2.9613166786766055e-05,1.4735231975139246e-05,0.04866629704925572,0.07984178860218062,1.742533785334654e-05,1.2818488634149612e-05,0.019283156829762498,0.0015825390795230446,1.734836722851807e-05,0.010711169831072929,2.3285279927102204e-05,0.01670698212507235,0.03238538336532844,0.003596462624582076,0.00018778038695388353,0.017172734069706836
Z_R_1887_JON_0412,0.0006796289206437504,0.13961233911260082,0.00016638022976428024,0.0002069582170302197,0.0001312270767704384,0.34619582615075306,0.005436072821339344,0.043109478968348186,0.38149456544544785,0.005733484235445053,0.0013004925894238263,0.00029635605246244276,0.00033028623558669967,0.005708221667071184,0.00030125632807364563,0.00014990230224643251,0.007702247346906728,0.05294400529981813,0.00017726889308872728,0.00013040316981915696,0.001215547617328742,0.0007082253656970744,0.00017648586680949388,0.0012280982703416657,0.00023688239692556845,0.0006597001106740845,0.0011162780867123817,0.0006746048659883647,0.0019102999103512315,0.0002674764465314038
Z_R_1887_KLE_0491,0.00021030079529504503,0.22417663171595037,5.148382238892619e-05,0.009589078192230845,4.0606215790415244e-05,0.19443786342983524,0.020732186017780468,0.0847773562050946,0.1307477207933409,0.08432446964727325,0.027390025618498324,9.170285670644806e-05,0.00010220203394684404,0.00017881570652362178,9.321917219405967e-05,4.6384979245913526e-05,0.011908381001602589,0.02908276511751181,0.022279942125577025,4.03512703608719e-05,0.00196363901063218,0.0002191495287062553,5.461085751503364e-05,0.009905054394531964,0.015948363193645246,0.004966653194795979,0.11623337914270679,0.00020874617827163673,0.010116151278563478,8.27665034839392e-05
Z_R_1887_LEH_0411,0.0011628676176710956,0.0018702890165025984,0.00028468208979437465,0.0003541123714503338,0.00022453387944915276,0.5572397888622876,0.0005231137177872772,0.03864899940207057,0.21384049452187748,0.0010319945085895663,0.0022251859409245485,0.000507075032038044,0.0005651307003864058,0.0009887694164711375,0.0005154595660872038,0.00025648780945285166,0.030735174840577265,0.011585264421816312,0.00030331295377780947,0.00022312414733723532,0.00207984227715023,0.0012117970833293889,0.00030197316985124627,0.0021013168605972243,0.0004053136354470228,0.0011287687630336352,0.019466363065464797,0.0011542712935731982,0.10860683196647512,0.000457661068729218
Z_R_1887_MLL_0418,0.0002603016978460345,0.2008435793578714,0.0039936250568670005,7.926616075302777e-05,5.0260708232312535e-05,0.19940325630254754,0.015836698181957713,0.03616067529650445,0.036077349718456324,0.26746424000260594,0.03193729992092326,0.00011350603436630206,0.00012650148527663873,0.00022133074648783156,0.00011538286747737894,5.7413424591784435e-05,0.056003660700783615,0.012418050722739377,6.789498275408212e-05,4.994514723752355e-05,0.0692388202061915,0.0002712542970860585,6.759507928654066e-05,0.0024353187892641862,9.072728990278694e-05,0.00025266885157715975,0.008287341770303089,0.0002583774566650832,0.05771521276052602,0.00010244498291803044
Z_R_1887_ON_0515,0.03232060665072671,0.0021983464582314475,0.0003346166599383015,0.00041622533775527757,0.00026391817215664325,0.4176700436006672,0.0006148703107396706,0.004156525858836126,0.19975950647234386,0.1662997664452166,0.0026154939632192916,0.0005960183644894345,0.000664257268620166,0.001162204197066609,0.0006058735850292842,0.000301476970946771,0.14962341252066916,0.003299451786670361,0.00035651546460987294,0.00026226116643830564,0.002444656340977279,0.0014243519598986316,0.00035494067631578174,0.002469897666807752,0.00047640754294973246,0.0013267600838599248,0.0022450097915311697,0.0013567358775436332,0.0038419118448614984,0.0005379369608835521
Z_R_1887_ON_0629,0.0313013898152378,0.1422473477618125,4.0390917403012055e-05,5.02417400299616e-05,3.185704230834898e-05,0.08030707282347364,7.421978313700711e-05,0.07024726484003674,0.34294932503467657,0.0001464201874691551,0.05013395311849037,7.194420186732463e-05,0.0025710932853690812,0.007613023677318666,7.313380611143767e-05,3.6390690871956414e-05,0.0018698185286030171,0.05146196836904752,4.303427894656828e-05,0.0012771130783650387,0.0002950896478536649,0.00017193071730406919,4.284418935591371e-05,0.0002981364785373169,5.7506215383904107e-05,0.001405606644277448,0.21075306314806969,0.00016376891329222002,0.004200117755218191,6.493331013190189e-05
Z_R_1887_ON_0630,0.00023958748811543618,0.0745372839151842,5.865350945268017e-05,7.295834220261355e-05,4.626107680405986e-05,0.22874980508854129,0.09053697949462079,0.14722388595321645,0.03320639730141034,0.054470144410383996,0.045673059409587526,0.00010447348551622587,0.00011643478836710718,0.00020371775532981528,0.00010620096457001507,5.284459646585513e-05,0.09314445104421618,0.0005783466567200079,6.249205636496853e-05,4.597062742660931e-05,0.20479850871827177,0.0002496685047279537,6.221601852480097e-05,0.00043293769704704106,8.350742108561645e-05,0.0002325620461768567,0.0003935180724510622,0.00566356846558773,0.018759272444558616,9.429264707246549e-05
Z_R_1887_ON_0631,0.0016171197780826898,0.40543911845099173,0.0003958877441220526,0.012699658936220716,0.0003122437771842381,0.04248177710118382,0.0007274581615010943,0.041539278065093145,0.16309381224722339,0.07467843930662187,0.06413050903304547,0.0007051542676223727,0.0007858882807544667,0.001375013419447548,0.0007168140607362773,0.00035667990337024275,0.018326848875957015,0.003903608759065528,0.0004217964014554812,0.0003102833599834001,0.03951395104825721,0.013892381899576174,0.0004199332563707967,0.0029221564034054206,0.0005636417131647757,0.0015697008531713249,0.10031384400513002,0.0016051654631578673,0.004545397750543729,0.0006364376775601356
Z_R_1887_ON_0632,0.0008081590495518138,0.28802723537600666,0.0001978457423841673,0.00024609776142789044,0.00015604449195276548,0.03343152610861402,0.00036354876389210327,0.00245759115649547,0.17911582062759832,0.2691428937310856,0.007647023085300511,0.0003524023454742274,0.00039274934030023495,0.006787749692467033,0.0003582293518893466,0.006278835351282277,0.009158881716500656,0.06905725870037177,0.00021079364900774005,0.00015506476928581949,0.013646597292366176,0.006942747410636275,0.00020986253828779016,0.06246619198684163,0.0002816811453132256,0.0007844613409426387,0.01962913790764643,0.0008021848552350872,0.020573323628447646,0.0003180610833946912
Z_R_1887_UNB_0512,0.0011836481882402437,0.010838765564463344,0.0002897693896441997,0.00036044039797072946,0.00022854632425039535,0.2991460959775312,0.0005324618167135667,0.003599444096350006,0.3516876615765396,0.06359581632386753,0.0022649502552559305,0.0005161365179088286,0.0005752296473531219,0.0010064388332846734,0.0005246708844916753,0.00026107127445219153,0.08489474143278024,0.03859745719532463,0.00030873318918959243,0.00022711140007259685,0.0021170092844313994,0.0012334520287616527,0.00030736946317881403,0.07361930186258817,0.00041255663411346867,0.0011489399833686268,0.05555444620750682,0.0011748982468974965,0.003326996481757986,0.00046583952171127467
Z_R_1887_WAG_0413,0.06591472602574402,0.10085098579306571,0.00012477216790139682,0.004002558807660595,9.841005075667838e-05,0.3442616497098736,0.0002292734069586973,0.001549889184958168,0.22838076132703694,0.0004523087216061361,0.0009752677944489069,0.0002222438759029624,0.00024768886123386865,0.00043336376986979934,0.0002259186996016095,0.00011241501019199365,0.028860221421425667,0.005077658937606645,0.0001329378143274445,9.779218494049302e-05,0.0009115657047496489,0.0005311136687692854,0.00013235060582002668,0.004768334034459629,0.00017764328276235932,0.000494723520277698,0.02776861556222007,0.004353257242715035,0.01682200090576041,0.16178955190735447
Z_R_1887_ZER_0414,0.005941379440969554,0.10368102027895011,9.035645395115236e-05,0.00011239322504480818,7.126575877525351e-05,0.2715936595723582,0.05031666095124318,0.03176999145030896,0.04001028023413411,0.2399361035459031,0.00906469913376558,0.00016094269160107165,0.0001793692260118282,0.00031382971198579254,0.005735895858062046,8.140775192636118e-05,0.15463475834520626,0.0008909501501846862,9.626978276226703e-05,7.081831793081567e-05,0.0006601299473272943,0.000384617407568842,9.584454306857066e-05,0.020169967729233882,0.033562395993205235,0.0003582646974111233,0.000606219438941788,0.00036635905356819764,0.0261127443422066,0.00293140496639328
Z_R_1888_BER_1030,0.001366840037097412,0.0021983464582314475,0.0003346166599383015,0.00041622533775527757,0.00026391817215664325,0.3557625103734086,0.0006148703107396706,0.004156525858836126,0.12753405104054213,0.0012130111725269944,0.0026154939632192916,0.0005960183644894345,0.000664257268620166,0.001162204197066609,0.0006058735850292842,0.000301476970946771,0.15994133472521227,0.10647867383210134,0.00035651546460987294,0.00026226116643830564,0.03339842295460658,0.01174227416444173,0.00035494067631578174,0.07469535309860945,0.00047640754294973246,0.0013267600838599248,0.10542423183696216,0.0013567358775436332,0.0038419118448614984,0.0005379369608835521
Z_R_1888_GRO_0430,0.0001082362802946657,0.08432999491771531,0.002477640491974732,3.295973274143378e-05,2.0898949753522964e-05,0.12213233519366352,4.868987847284153e-05,0.032194004400942736,0.050951454006939616,0.0009131027063781624,0.0042923522705102714,4.7197045015333504e-05,0.0033207915278154706,0.006628413399997229,4.797745265907074e-05,2.3873127099112014e-05,0.05024950629350221,0.0010783221651307461,2.8231473112860752e-05,2.0767736055861084e-05,0.047582352646655036,0.036062889651215346,2.81067699855175e-05,0.00019558436167223012,0.3815990051254761,0.0017391578761092334,0.08596778547435961,0.00010743615985926549,0.0877283351455095,4.259773938338568e-05
Z_R_1888_HLS_0633,0.00022962057365259514,0.015969425771847626,5.6213505109136834e-05,6.992325234126914e-05,0.0035110293398334276,0.333634601994114,0.00010329436484302406,0.014565041289297023,0.05089181084536944,0.19087187889331145,0.00043938662017442185,0.00010012735583322095,0.00011159106474329751,0.0001952430329730453,0.00010178297121791415,0.012184070828761667,0.15687012113644766,0.00922101910060326,5.989236726894785e-05,4.405823494331156e-05,0.005610726076047926,0.0002392822168200894,5.962781268929235e-05,0.06281539664275865,0.041680346345814,0.00022288739229663732,0.02637734313475348,0.007161308614666495,0.06651257917801395,9.037004345389375e-05
Z_R_1888_KER_0993,0.0002603016978460345,0.00041865419507804505,6.372456347889487e-05,7.926616075302777e-05,5.0260708232312535e-05,0.22298265926287617,0.00011709620840529162,0.12654838664443085,0.0007082452779633754,0.25960443901582975,0.0004980959738184159,0.00011350603436630206,0.00012650148527663873,0.00022133074648783156,0.00011538286747737894,5.7413424591784435e-05,0.09923256612805277,0.1440697172512409,6.789498275408212e-05,4.994514723752355e-05,0.09085327291982609,0.0002712542970860585,6.759507928654066e-05,0.0004703685425701335,9.072728990278694e-05,0.00025266885157715975,0.0004275407835268786,0.008118178443441294,0.04396056103366765,0.00010244498291803044
Z_R_1888_KER_0994,0.00016685890537263998,0.08214072528350036,0.005079147815584843,5.08112890764359e-05,3.2218179244677046e-05,0.21095364743651104,7.506115142341605e-05,0.0005074136959225171,0.011790173028787565,0.16263322341936595,0.03432780845968207,7.27597737712526e-05,8.109013324130584e-05,0.0001418776995688792,7.396286357463393e-05,3.680322203179092e-05,0.13540593913825236,0.20193474597276637,4.352212296879184e-05,3.2015897958751915e-05,0.09854526572046662,0.00017387975362410466,4.332987848969119e-05,0.010378114244699995,5.815811577825184e-05,0.001421540844078027,0.0002740627039000414,0.0001656254259916626,0.042034973664069615,0.0013252441602963794
Z_R_1888_KLU_0427,0.010917629263989067,0.021654427332116054,0.00011303069519205756,0.00014059742061767826,8.914934025754394e-05,0.30140957032642157,0.00020769802283208518,0.0014040394984954976,0.48919927717807027,0.07011589289897871,0.0008834918769071941,0.00020132999384398759,0.00022438052209462197,0.00039258280915776167,0.00020465900450680288,0.00010183638679793294,0.012203149771695022,0.0011145270808356998,0.00012042792734528982,8.858961765342897e-05,0.0008257843640459599,0.0004811341200261734,0.0001198959770960277,0.0008343106717519587,0.00016092646368616912,0.00044816840458395345,0.0704644933582768,0.00045829397573641183,0.015238995113093928,0.00018171058389436387
Z_R_1888_KLU_0428,0.01604305031299107,0.03504971615868872,0.00010137144396046999,0.00012609462872818902,7.995347931528526e-05,0.18592238117696674,0.00018627372366814045,0.0012592111470090643,0.5293858068230796,0.0003674792944317749,0.0007923586344156303,0.0001805625644771905,0.00020123540320341471,0.00035208742342740507,0.00018354818371341634,9.133184184952977e-05,0.07346025578930425,0.004125356055773149,0.00010800564278062078,7.945149276640987e-05,0.019495366368646436,0.0004315045607994321,0.00010752856383501926,0.0601383322486382,0.00014432670671979915,0.00040193929828477126,0.06944758424334573,0.00041102040467719936,0.0011638994644028009,0.0001629669201005334
Z_R_1888_KLU_0429,0.0008606646157659041,0.0013842431875290926,0.00021069965119418273,0.00026208657243601745,0.00016618260079299165,0.32796561479220454,0.0003871682899064113,0.022108063533472118,0.30120074957645276,0.0007638024687509874,0.0016469104253578025,0.0003752976959557436,0.00041826600871360046,0.000731810600773737,0.0003815032791761694,0.0001898324268530915,0.26313438396348177,0.002077581375391326,0.00022448877486399763,0.00016513922618353592,0.040520946859338394,0.00739381318052282,0.0002234971704880204,0.021046036401230168,0.000299981785558121,0.0008354272824885509,0.001413625908794741,0.0008543022819419274,0.0024191547598986104,0.0003387253044828132
Z_R_1888_MLL_0423,0.00020572846192458882,0.3218000171454683,5.03644676151258e-05,0.010933584655651167,3.9723360567514254e-05,0.13585573519633687,9.254654522718761e-05,0.10933498448517615,0.05336145271046477,0.10112698956875395,0.01592357819019399,0.006301673033582802,9.997997021338051e-05,0.00017492791798267692,0.014068111342558177,4.537648287671788e-05,0.0675571462030219,0.026897460313723264,5.36605427086214e-05,0.0015924649503349239,0.09820638733564144,0.0017673757994954532,5.342351513786907e-05,0.0019247449899758903,7.170597026734294e-05,0.00019969587075827517,0.0298447340923744,0.0017571986373940268,0.0005782612399704575,8.096700460280249e-05
Z_R_1888_MLL_0424,0.0003255500403123895,0.11848326569669629,7.969803647502291e-05,9.913535732609768e-05,6.285927339911841e-05,0.05278708390905848,0.00014644804733205622,0.1361521111026992,0.0033432702053671328,0.00028891152248812746,0.2021373868309206,0.0025994510665349694,0.00015821089133174194,0.005191796706170621,0.0001443052330025056,0.13031894037041067,0.13885158642647935,0.0032433470863222056,8.491383097191407e-05,0.002519957734227532,0.13820187605180784,0.0003392480651567157,8.453875241208965e-05,0.0005882731432891408,0.00011346938237320492,0.0003160039119886311,0.0029922031157712642,0.00032314346056583717,0.05989489046642211,0.0001281242826871363
Z_R_1888_MLL_0425,0.0004416943483763998,0.2040988214009051,0.0001081313713060354,0.0001345032149687184,8.528515547654479e-05,0.04494568648075207,0.00019869533659175217,0.08469909349811416,0.06455228311182763,0.2771336130427914,0.0008451968558221418,0.00019260333029355538,0.00021465473168354475,0.00037556627810944647,0.0001957880447417058,9.742228104146083e-05,0.04835080470390133,0.10776178543261757,0.00011520796988166115,8.474969409031606e-05,0.020795409606450366,0.00046027932582518965,0.0001146990770554995,0.0007981474136605869,0.0001539510941541048,0.0004287425117695483,0.12742646143635758,0.0004384291892876487,0.01457845973702024,0.0001738343251267433
Z_R_1888_NAU_0422,0.0005156198904360085,0.043644387509738786,0.054618167314547134,0.0001570147619510883,9.95591695575872e-05,0.09917553604746465,0.004124231896850682,0.0833058943013108,0.23493980912699863,0.0004575902599430867,0.0009866558442457013,0.00022483898294968456,0.0002505810854023459,0.0004384240909626255,0.00022855671699102199,0.00011372766271805905,0.02530493642178405,0.0012446686682917368,0.00013449010843379647,9.89340890187149e-05,0.0009222099151889006,0.008321878000389697,0.0001338960431843006,0.0009317318265361904,0.39719241020670515,0.0005005003295978,0.03976970925179355,0.0005118082478877473,0.001449303583994379,0.00020292864512607838
Z_R_1888_NAU_0426,0.006453911228179051,0.10041809920522642,1.880124768538651e-05,2.338662895479726e-05,1.4828881874280995e-05,0.2982633571109892,0.0006142854333991368,0.05125044054999293,0.09528590284377915,0.13398750816815436,0.0024659076862428727,3.348873573082415e-05,3.7322903875882405e-05,0.0006450387137807394,3.4042475172243435e-05,1.6939213974747814e-05,0.15681974249383576,0.0001853876919296805,2.003168507819304e-05,1.4735778993712191e-05,0.015210532779303624,0.002978717942507173,1.9943201782786544e-05,0.00013877718401639989,0.03365154052499342,7.454722953822465e-05,0.02911301408379106,7.623149212609867e-05,0.07210331159373136,3.0225291360449872e-05
Z_R_1888_NN_0990,0.0013528811150008379,0.16557669428044994,0.0003311993705982749,0.0004119746157200318,0.00026122289465158266,0.433829667253014,0.0006085909170036357,0.03475172685826828,0.0036810042703291066,0.1543888718714566,0.00258878310058304,0.0005899314971953631,0.0006574735081119191,0.001150335128699534,0.0005996860708035847,0.0002983981223345415,0.05618242677109468,0.0032657559706264156,0.00035287453263418885,0.0002595828111868432,0.033057339893298385,0.0014098056944200834,0.00035131582694414727,0.0024446737136151787,0.00047154220714030033,0.0013132104802861418,0.012434632426060093,0.0830432794172511,0.0038026761283995983,0.0005324432528225947
Z_R_1888_NN_0991,0.002009632092342129,0.018402369332480434,0.0004919788418492302,0.0006119661216357354,0.00038803255254694165,0.356196951662729,0.07675499561351397,0.006111240183090789,0.30887179998203323,0.07763442776282503,0.0038454979830518346,0.0008763114924894995,0.000976641514997907,0.01687895424091592,0.0008908013866515475,0.030783640975536156,0.03794539163116014,0.004851104750859575,0.0005241761286256529,0.0003855962968195801,0.003594319528427373,0.0020941904917281115,0.0005218607552033386,0.03397181786663384,0.0007004505731180973,0.0019507034993103715,0.003300783999760621,0.0019947761891242663,0.005648670751391499,0.0007909157991481444
Z_R_1888_NN_0992,0.0015785796423640529,0.10978550407169758,0.0003864527179758145,0.0004807035402707895,0.0003048022025321439,0.41087430946520404,0.16753817765811918,0.004800420623946686,0.11154170693873894,0.0014009208765771593,0.003020664754473972,0.0006883486224592395,0.0007671585358026894,0.001342243302775494,0.0006997305326264685,0.0003481793012068719,0.029806362556974473,0.039559444985960174,0.0004117439051728616,0.0003028885071301543,0.002823362374311178,0.02547758036747575,0.0004099251636415814,0.026685093407255285,0.0005502086772100669,0.0015322908327518048,0.002592788225127548,0.0015669102296003877,0.016353358961528893,0.036370139019088726
Z_R_1888_ON_0634,0.0005156198904360085,0.008613855808762892,0.0001262291130290866,0.0001570147619510883,9.95591695575872e-05,0.23540538155125978,0.00023195059674224974,0.001567986999033727,0.0014029311204927257,0.0004575902599430867,0.024340343644896293,0.00022483898294968456,0.0002505810854023459,0.0004384240909626255,0.027474525817750048,0.00011372766271805905,0.20045759492666346,0.0012446686682917368,0.18307171121353008,9.89340890187149e-05,0.0009222099151889006,0.0005373154001728334,0.0001338960431843006,0.0009317318265361904,0.00017971759564511675,0.07445384503165801,0.08258480355298631,0.0005118082478877473,0.1532482742882232,0.00020292864512607838
Z_R_1888_ON_0635,0.0004715684417728032,0.007877940003359991,0.00011544486014136204,0.00014360036919055112,9.105343553128959e-05,0.25089125078166513,0.00021213413893230975,0.0014340276617899675,0.019081814652753725,0.17128641483861304,0.0009023619291403548,0.00020563009846208248,0.00022917295118503016,0.00040096778507919405,0.00020903021176515294,0.00010401145822568666,0.3186021442893762,0.004698079994576849,0.00012300008600201918,9.048175809764896e-05,0.0008434218709548224,0.0004914104182167491,0.00012245677409878896,0.07916659285391546,0.00016436360991787673,0.00045774060487781065,0.0007745425510107366,0.11082027969530903,0.029803470228492997,0.0001855916475453486
Z_R_1888_ON_0636,0.0006975215448102949,0.0011218533083286889,0.0633556790870708,0.00021240681623343243,0.00013468189850301517,0.3711063704066277,0.0003137786993098998,0.012651965072309007,0.24937212496249786,0.0006190200784064948,0.0013347307220681758,0.0003041582328952127,0.0003389816976266874,0.0005930924211471098,0.00030918751830449876,0.00015384878756264687,0.0394974840716787,0.012214585704856874,0.00018193585999391957,0.00013383630051272747,0.0012475493994965764,0.0007268708498851638,0.00018113221894315234,0.18028436638504391,0.00024311881149110035,0.04806575698566001,0.011676486154506989,0.0006923652216198152,0.0019605924704573,0.0002745183121522135
Z_R_1888_ON_0637,0.0008836281125670604,0.06145369872173041,0.000216321354093978,0.00026907933600211885,0.00017061653888201337,0.01654265240030351,0.00039749837391812957,0.036038491980491985,0.5493672127343919,0.0007841815748819744,0.015031412369371593,0.0003853110592132672,0.013769986342313141,0.0007513361280024419,0.0003916822143508152,0.00019489736881415657,0.003343893764034721,0.0021330135755701202,0.000230478387041672,0.00016954532586829687,0.021591250356381056,0.0009208081412578079,0.0002294603255493005,0.008267007718595235,0.006978265899686839,0.0008577174189454243,0.1615380693638475,0.0008770960245441327,0.0958676242140132,0.00034776287533617035
Z_R_1888_SCH_1033,0.018705848344584143,0.03717684174217987,0.00014679888500898763,0.0001826012354143701,0.00011578291832017241,0.2873457186811895,0.00026974830260500615,0.0018234996479274972,0.30038393239215844,0.05937732409787107,0.0011474371826529057,0.000261477809766143,0.0002914147383173802,0.0005098678598776343,0.00026580137030564024,0.00013226025027873148,0.029428523759691183,0.0014474947048764078,0.00015640605791367515,0.00011505597725289162,0.0010724894126663835,0.0006248740861021061,0.00015571518625850884,0.0010835629751385725,0.00926210621778113,0.0005820597845336813,0.2408921215597067,0.0005952103942219114,0.006212027371106285,0.00023599705429308123
Z_R_1888_UNB_0996,0.004937207449990745,0.019015292090750854,7.50850138481605e-05,9.339727811243101e-05,5.922089956554047e-05,0.24652797893967424,0.0001379714500922445,0.010193688887903332,0.01704125948624533,0.09056695174459364,0.14644766432449138,0.00013374124037846411,0.0001490534458812744,0.00026078832490655676,0.00013595266455216701,6.764876125000353e-05,0.07524867403430752,0.053991125287990625,7.999891159708394e-05,5.884908216311107e-05,0.023701062501795947,0.00031961196030515297,7.964554305622419e-05,0.18808949970608727,0.00010690163175480996,0.002612963535776689,0.05606976817425188,0.0003044395104907309,0.05874334917456962,0.004751208943616985
Z_R_1888_UNB_0997,0.12604937810343939,0.008924898667515278,0.0002386030423982402,0.00029679524005157474,0.00018819050680969883,0.599476236351285,0.00043844178843303254,0.0029638683139928657,0.010009210738962037,0.09651033915108403,0.02393702604697643,0.0004249991471393688,0.00047365784255075843,0.00818606308199211,0.007789363836246675,0.00021497232831792925,0.0036883239238996554,0.002352719779974544,0.0002542182882753737,0.0001870089559396987,0.009100533339760066,0.0010156538862720525,0.00025309536367809697,0.07533456760546259,0.0003397089947351575,0.0009460646478268391,0.016315509891063104,0.0009674393025513036,0.0027395284352512935,0.00038358339811575787
Z_R_1888_UNB_0998,0.08621386627549124,0.02799700925450634,0.00014613738663233844,0.00018177840613475165,0.00011526118266456569,0.4302478212758018,0.0002685327752236765,0.0018152826777723728,0.05569804243798433,0.03657899094607969,0.0011422666540512386,0.00026029955049885025,0.018314717408895585,0.0005075703168030121,0.00026460362840891163,0.00013166426522850962,0.05633283804626804,0.04199635768895625,0.0001557012681368205,0.00011453751730565215,0.001067656610255052,0.0006220583072660381,0.0001550135096556973,0.14076945295802276,0.00020806182606521902,0.0005794369335320662,0.0009804648219215062,0.07719714556313031,0.019702496892074404,0.0002349336152329051
Z_R_1888_UNB_1029,0.001339204422992577,0.002153898934937187,0.010437159269718634,0.00040780983740215204,0.0002585821119279257,0.39911602519894573,0.0006024384839194628,0.00407248665780753,0.033971716150855556,0.0011884857651940364,0.08343707705941701,0.0005839676979349173,0.0006508269058537215,0.03146663032326674,0.0005936236595531922,0.01040468961937952,0.09605169369170248,0.013342049532953119,0.00034930721526469944,0.00025695860857223373,0.002395228772699682,0.001395553534300261,0.0003477642670107088,0.22482473785702478,0.00046677524168824033,0.00129993483094656,0.00219961880021072,0.051875845033556786,0.02398284989502744,0.0005270606199363883
Z_R_1889_BOE_1028,0.00024089452207251547,0.007661242784943674,5.897348496208401e-05,7.335635560248308e-05,4.651344723771467e-05,0.3191017897942609,0.00010836592843501547,0.0007325541270891385,0.31706582665617045,0.0002137834265486085,0.0022794101884184297,0.00010504342509970841,0.00011706998106176003,0.00020482910728717522,0.020109735742570963,5.3132882313218525e-05,0.15002455202156037,0.027858259124296934,6.283297249693854e-05,4.622141335682395e-05,0.0004308509444469075,0.0002510305341738963,6.255542877333201e-05,0.0004352995243519275,0.060092829226654716,0.0002338307538788822,0.0913181894628126,0.0002391137455217928,0.0006771059469972846,9.480704660391024e-05
Z_R_1889_JON_0443,0.00047665879780611726,0.011561152682593985,0.00011669103225187576,0.0001451504665697295,9.203631386633724e-05,0.5846315173880646,0.0002144240256132896,0.07341298891822166,0.004895097402851283,0.018413884385507766,0.011706624736995883,0.00020784977713354398,0.00023164676370384825,0.0004052960407535333,0.007407634754329384,0.00010513421222492057,0.0629727684156506,0.00115061944292568,0.00012432781316612865,9.145846544792398e-05,0.004450700287747231,0.0004967149589061113,0.0001237786364704747,0.19156455490135424,0.00016613783656090097,0.00046268169601820374,0.0007829033678049518,0.00047313516927971483,0.022928836289467396,0.00018759502071269535
Z_R_1889_KLE_1003,0.00035618644080347904,0.2049185834292522,0.04848486719432775,0.00010846464663275919,6.877474455859469e-05,0.1249736805648765,0.000160229772024511,0.08712345445586926,0.046678044191245695,0.051402528437301316,0.0006815746249871312,0.0055328359044905726,0.00017309957702884836,0.01643541649781171,0.03511175739521612,7.856223577835635e-05,0.04705681790150411,0.04119119886618829,0.13184211496815704,6.834294350420135e-05,0.0006370558495853428,0.046080083196638665,9.249440516958455e-05,0.014087430474012189,0.00012414759773612214,0.003034501350576101,0.08393657086097134,0.0003535533860705978,0.009067446467101727,0.00014018162057986117
Z_R_1889_KLE_1004,0.0005019439413204775,0.11826769553377618,0.0001228810984185086,0.00015285020985629906,9.691853027638581e-05,0.11170125237711541,0.0002257984978469149,0.04320589482485776,0.17187274998988528,0.00044545344903485645,0.004749531554380405,0.038109326453043636,0.00024393484417534596,0.008004885819486652,0.0002224946350396471,0.00011071122802031058,0.08525848711792647,0.0391021068737201,0.11001323072652865,9.631002894596007e-05,0.08425674193040789,0.0005230640142041093,0.00013034467616505899,0.042586515249141824,0.0001749508891258437,0.0004872254013670485,0.11070674149581311,0.0004982333961707138,0.027934178909334598,0.0001975463046145804
Z_R_1889_KLE_1026,0.003028659160851065,0.0005698055297796452,8.673174443241715e-05,0.00010788449573055792,6.84068852482756e-05,0.23395471971966358,0.00015937274211029148,0.12142436474417247,0.3620049639038522,0.0003144092557396171,0.008701062671754868,0.008177619990960564,0.000172173709671128,0.0003012402234152052,0.0055057965634789366,7.814202556811079e-05,0.086920790591047,0.0008552090896530405,9.240785610749143e-05,6.797739379225422e-05,0.043423694382574415,0.0030435660976160543,9.199967518821663e-05,0.10226655010185465,0.00012348356255905112,0.00034389266971252713,0.0005819005411244552,0.00035166231536440124,0.01704208053364659,0.00013943182333093083
Z_R_1889_LEU_0442,0.0002984159041351396,0.3045896677842248,7.305531766995814e-05,0.01585952434549488,5.762004171977971e-05,0.3705183842261081,0.02491355174972149,0.003160139729929931,0.0796552077155833,0.002517495695068812,0.0005710287777723761,0.00013012595058157928,0.00014502423693599928,0.000253738701562902,0.00013227759559345333,6.582008166226421e-05,0.0664565601780351,0.014236341386502215,7.78363830603335e-05,5.725827527588414e-05,0.059103008625594505,0.0003109722179505603,7.749256676885244e-05,0.02531855134779591,0.0001040118695733031,0.0002896654321278535,0.027522117151466036,0.0002962099094123265,0.003091451498033243,0.00011744530463906353
Z_R_1889_LH_0641,0.00128715542015549,0.002070186329265808,0.00031510903677400533,0.0003919600574734799,0.0002485321592498414,0.1504104486401714,0.0005790243420451209,0.07192903233156679,0.23669586063786607,0.14688834890042335,0.021895822041719592,0.0005612714345081124,0.020058339366868336,0.06910927489687808,0.0005705521112445308,0.0002839013393478319,0.0048709529739806535,0.012823502579201696,0.00033573117569510183,0.0002469717543497068,0.08003336572915506,0.11793815798047771,0.0003342481950731401,0.002325906530958915,0.00044863373508790866,0.001249412064935399,0.002114129263880752,0.0012776403171567655,0.05219995256942405,0.0005065760850652411
Z_R_1889_LYO_1005,0.0018679465416789076,0.059406879998666395,0.0004572927451314858,0.0005688205343107725,0.00036067500481849453,0.13367487670086897,0.0008402920893115078,0.07618360654768569,0.37169921511547743,0.029859012843949668,0.03177566937107417,0.0008145287030729647,0.0009077851350762613,0.001588287767195808,0.0008279970129155619,0.0004120034897951408,0.007068827602286459,0.00450908620399737,0.00048722001924033487,0.0003584105129854313,0.0033409083973126815,0.0019465433009090342,0.0004850678871195413,0.003375403616952682,0.0006510665462891155,0.0018131726047084904,0.21457775365453965,0.0018541380276006008,0.0475523583432148,0.000735153681814546
Z_R_1889_MLL_0436,0.00047665879780611726,0.05114106756971151,0.00011669103225187576,0.0001451504665697295,0.003690210394513385,0.17803784627494826,0.0002144240256132896,0.0014495073052807183,0.23877641264490937,0.00042301398227252777,0.0009121024950547413,0.00020784977713354398,0.003829820844350896,0.007601644202047629,0.01820215699627053,0.00010513421222492057,0.12054355370600334,0.00115061944292568,0.00012432781316612865,9.145846544792398e-05,0.008048874368394278,0.0040948890395531585,0.0001237786364704747,0.23834081794976583,0.00016613783656090097,0.00046268169601820374,0.007979251529099046,0.10482018350804409,0.008536139966879207,0.00018759502071269535
Z_R_1889_MLL_0437,0.010761733606686346,0.1409318938290671,6.800031502390257e-05,8.458471282783071e-05,5.363307030347314e-05,0.2505249721282032,0.00012495305773732807,0.05116772164956766,0.19366074744474437,0.002343299650127931,0.0005315169109476528,0.00012112199241001858,0.00013498940408829908,0.00023618146071149946,0.0001231247561142029,6.126571522354072e-05,0.0010511483265865631,0.019541649255643462,7.245055852519247e-05,5.3296335991248095e-05,0.0004967995357502155,0.00028945475098543776,7.213053231934277e-05,0.0005019290415805874,9.681485376824492e-05,0.09043173284375099,0.07594078534099018,0.0002757139082501423,0.16013703623873554,0.00010931877333850352
Z_R_1889_MLL_0438,0.0014105003352842464,0.06615358223050874,0.00034530515512038086,0.0004295206187436089,0.0002723483803599037,0.5268389947273031,0.0006345108102747398,0.04687930576672055,0.2806728435997148,0.0012517577910478826,0.0026990393988523577,0.032557564222572485,0.0006854753114295615,0.0011993279133909226,0.000625226706585541,0.0003111069013634651,0.015985226842559378,0.003404844550233992,0.00036790346252522487,0.0002706384457239192,0.0025227447945742796,0.0014698493331130103,0.0003662783715441805,0.0025487923916453353,0.00049162519448108,0.001369140127838389,0.002316721033717755,0.0014000734235377662,0.003964632142922412,0.0005551200163109968
Z_R_1889_MLL_0439,0.0004206558567789453,0.1530968314357613,0.00010298092970540021,0.0001280966472407144,8.122290964189386e-05,0.06185739752951809,0.03194345473036964,0.11876983079961861,0.0011445469878861364,0.108337673765367,0.21990908127502157,0.00018342937649288405,0.00020443044018994005,0.0003576775547980956,0.00018646239873939323,9.278192770972883e-05,0.09367912659109862,0.0010154324431189655,0.00010972046044164988,8.071295299648046e-05,0.19762854817991296,0.0004383556069357571,0.00010923580686031117,0.003935552938397388,0.00014661819797219587,0.0004083209334439672,0.0006909195602282182,0.0004175462215774831,0.004357801178072654,0.0001655543641039874
Z_R_1889_MLL_0440,0.0004373199638355525,0.20207749889038829,0.00010706047646492991,0.0001331711427191726,8.444052147329866e-05,0.027994483357929156,0.03320888142253738,0.11687241753958962,0.05400933397225734,0.2545816874613268,0.0173429032723468,0.00019069585505949633,0.00021252886717260463,0.00037184680257831403,0.00019384902922260527,9.645744524111983e-05,0.13700477095664967,0.020862950714169434,0.00011406699091218773,0.009987556531383533,0.013987028448932803,0.0004557208822436442,0.00011356313798051396,0.0007902428440855675,0.016658503364117644,0.00042449639763568464,0.01062193621992554,0.00043408714172709956,0.08045838761861537,0.00017211273147878695
Z_R_1889_MLL_0444,0.0001945495169710134,0.07080589542646497,4.76277455990345e-05,5.9243537073545015e-05,3.756485873941988e-05,0.049168941459470726,0.0691119069290363,0.1136741301257289,0.07689675193596743,0.10003772799827544,0.20450823656374542,0.010365062602549496,9.45472237036381e-05,0.00016542262373375234,8.623716756443163e-05,4.29107997159133e-05,0.011016457491367189,0.001938232317243289,0.002987952768915118,3.7329008417969414e-05,0.06643514192769552,0.0002027354908211883,5.0520569530023834e-05,0.00035155349931488404,0.007410829714985941,0.022217905113107533,0.12955669829365143,0.0001931113389053781,0.06222820856045213,7.65673912530347e-05
Z_R_1889_NAU_0434,0.0018946625064134566,0.11746580654147523,0.0004638330912172561,0.0005769559862607384,0.00036583349329467093,0.03547051391159419,0.0008523102136656391,0.005761620590510656,0.41992232820605285,0.0016814306912811988,0.0036254998488233197,0.0008261783512941693,0.000920768566407999,0.0016110039633127377,0.0008398392891819275,0.0004178960945663592,0.021472245838926235,0.061782847063368236,0.0004941883947058831,0.0003635366139801654,0.0033886911303472904,0.0019743833814579227,0.0004920054821079397,0.003423679711574922,0.12938123687852165,0.0018391051751992411,0.16043744236498553,0.0018806564985809544,0.005325514418543524,0.015047985702348065
Z_R_1889_NAU_0435,0.00128715542015549,0.16724904794272266,0.00031510903677400533,0.0003919600574734799,0.0002485321592498414,0.32530571387794927,0.0005790243420451209,0.00391420696131985,0.2075466497649031,0.22461957789499132,0.00246301479307761,0.0005612714345081124,0.0006255321182263507,0.0010944495266311347,0.0005705521112445308,0.0002839013393478319,0.014587356598301645,0.012823502579201696,0.00033573117569510183,0.0002469717543497068,0.0023021367345871335,0.001341314488625825,0.0003342481950731401,0.002325906530958915,0.00044863373508790866,0.001249412064935399,0.002114129263880752,0.0012776403171567655,0.023050741696461076,0.0005065760850652411
Z_R_1889_NAU_0441,0.0023273954411281547,0.1442945019008107,0.0005697706152358124,0.0007087303029481135,0.0004493883219960663,0.27196761710476824,0.03618478769810345,0.007077550461083727,0.26986612498268564,0.0020654623777132185,0.004453548740949677,0.0010148740062422593,0.0011310682280026266,0.0019789504817673553,0.0010316550447933886,0.0005133418020711917,0.04394532304231812,0.02318706892328807,0.10602049920879546,0.000446566845122319,0.004162653908790984,0.002425324228188212,0.0006043774615225298,0.004205633734572664,0.0008112059300917682,0.0373969624717253,0.0038227044952483607,0.0023101905201105975,0.024110746187753645,0.000915975532172304
Z_R_1889_ON_0638,0.0003208195690075356,0.32019147779355106,0.01218746004951195,9.769485078314797e-05,6.194588389754389e-05,0.13920427500026183,0.051001784396903505,0.13417372506395514,0.04930858644545757,0.12621748228351456,0.000613898937145359,0.004983463228594485,0.00015591197568472803,0.0002727882118477084,0.00014220837636196094,7.076154433567224e-05,0.023010126343337666,0.02499227511644376,0.002505463989544665,6.155695772771279e-05,0.09986694524025154,0.0003343185519061226,8.331034481598001e-05,0.003001509136639664,0.00011182059235376314,0.00031141215264973075,0.0005269402813706113,0.00031844795855916853,0.0057453271769382225,0.0001262625466476479
Z_R_1889_ON_0639,0.001366840037097412,0.22919263495817965,0.0003346166599383015,0.00041622533775527757,0.00026391817215664325,0.2732191327370638,0.0006148703107396706,0.004156525858836126,0.22039535088143006,0.08375638880887178,0.0026154939632192916,0.0005960183644894345,0.000664257268620166,0.011480126401609708,0.0006058735850292842,0.000301476970946771,0.025808346066151976,0.003299451786670361,0.010674437669152973,0.00026226116643830564,0.043716345159149676,0.01174227416444173,0.00035494067631578174,0.02310574207589395,0.00047640754294973246,0.0013267600838599248,0.0022450097915311697,0.0013567358775436332,0.045113600663033895,0.0005379369608835521
Z_R_1889_ON_0640,0.0014898143452014162,0.4185063998307858,0.00036472204982969587,0.0004536730430730893,0.0002876628341040337,0.09536857756813565,0.09063997786930003,0.004530487608370644,0.0040535808400877695,0.012568369006223752,0.002850809400101076,0.000649642010271728,0.0007240203541272953,0.01251299093796207,0.0006603839029123408,0.00032860079005160163,0.08436143486486165,0.003596302763797095,0.0003885910853107993,0.000285856747932822,0.01391082502913324,0.001552500603493444,0.0003868746136480475,0.18263168945014424,0.0005192698284986571,0.012692351882972604,0.002446992846100257,0.0014788011165566143,0.04917246174190465,0.0005863350351078814
Z_R_1889_ON_0642,0.0018679465416789076,0.07350752570422873,0.014557938450693825,0.0005688205343107725,0.00036067500481849453,0.16187616811199365,0.0008402920893115078,0.17488812648662208,0.39990050652660214,0.0016577214328249838,0.003574377959949492,0.0008145287030729647,0.0009077851350762613,0.001588287767195808,0.0008279970129155619,0.0004120034897951408,0.007068827602286459,0.01860973190955971,0.00048722001924033487,0.0003584105129854313,0.0033409083973126815,0.0019465433009090342,0.0004850678871195413,0.003375403616952682,0.0006510665462891155,0.0018131726047084904,0.11587323371560328,0.0018541380276006008,0.005250421226527778,0.000735153681814546
Z_R_1889_WIN_0433,0.0003406171999819721,0.1008258464352838,8.338663390160932e-05,0.00010372355598305419,6.576853646697009e-05,0.3894902423789415,0.00015322597956739958,0.0036070394755939837,0.24005127586909408,0.06715429459366709,0.0006517823638041521,0.0001485280654211311,0.0001655332334173854,0.0028608530656296033,0.00015098399115814489,7.512820733653787e-05,0.0038602211371271903,0.0008222249850375717,8.884382664379938e-05,6.535560983853094e-05,0.0108941344103266,0.0003549491990297397,8.845138863734706e-05,0.026327811858190612,0.10296796963888687,0.0003306292562016947,0.04684161942026848,0.00033809923852198457,0.0009574062945604465,0.00013405415148071836
Z_R_1890_BAC_0643,0.00018426618277344396,0.015597118798314909,0.0028270658652888654,5.611209218353211e-05,3.557928713525343e-05,0.4429986821728244,0.030684403236668586,0.0033423043715321695,0.01441114098701326,0.15038912992603606,0.04764584445860919,8.035031598910664e-05,8.95497263367249e-05,0.00015667885428020798,0.009818523470198707,4.064265687478021e-05,0.1787424718835208,0.0004448050755565025,4.8062495961756996e-05,3.535590319107205e-05,0.00032956855222164826,0.00019201946932557507,4.785019589755584e-05,0.0072878603482964465,0.0028461809512209946,0.00017886293163332277,0.0003026538390351319,0.055822015760231644,0.03529237993515087,7.25202566975255e-05
Z_R_1890_BAC_0644,0.00026393199045431,0.03230216314628419,6.461329687432531e-05,8.037164473507351e-05,5.096166823023918e-05,0.34961845463874586,0.0001187292884172486,0.0008026104836869402,0.18401472644873162,0.18751554059572345,0.0005050426597099323,0.00011508904408527204,0.014074746447666497,0.04804092282929898,0.00011699205241313193,5.82141398104559e-05,0.0767082585486344,0.02255301076466976,6.884187882149435e-05,5.064170627012295e-05,0.00047205451738234375,0.0002750373399083798,6.853779275602742e-05,0.00047692852837655616,0.031969662814851,0.006233255855070209,0.03629588244618611,0.0002619809128808436,0.006718922789428892,0.00010387372989632413
Z_R_1890_BAC_0646,0.0007530318431000557,0.1262688739305755,0.00018435002877177637,0.0002293106177226079,0.0001454001801328206,0.4574842591340699,0.00033874989815710225,0.007974393496819766,0.007733339311871378,0.017721611384999916,0.007125394303690617,0.0003283638138710544,0.0003659586064978601,0.0006402920201505019,0.00033379334087191704,0.00016609241236916557,0.07106299458298418,0.001817763741697509,0.00019641471578412078,0.0001444872875951123,0.007031274899769056,0.0007847168304078602,0.00019554711921143759,0.2571606632170286,0.00026246674109432647,0.012099836185455631,0.012605726597666672,0.0007474651683720335,0.007801063506200288,0.00029636508306122607
Z_R_1890_BRA_0446,0.00042606763555218464,0.0006852625414545414,0.00010430578944631904,0.00012974462314616986,8.226785032491811e-05,0.2395482949184458,0.029138135931073294,0.04310722899032294,0.2584612293911979,0.0003781165228920833,0.00081529462004663,0.00018578921337639704,0.00020706045781359878,0.0003622791115517382,0.0001888612557509941,0.006526524518648621,0.07880294536855517,0.007461045023251979,0.00011113202490518759,8.17513330373445e-05,0.0007620415839952547,0.0004439950947272988,0.00011064113620808478,0.00720245868335883,0.00014850445544078853,0.04222514214754144,0.21940647234813815,0.0004229179945894699,0.062306805198003454,0.00016768423720342677
Z_R_1890_FRN_1020,0.004800264788884681,0.056006831294608636,0.00013746523354595146,0.004409738890737901,0.00010842129970224142,0.3199409007397597,0.0002525973777931004,0.018662549979735158,0.06087027850381978,0.0004983220624938919,0.0010744817324943115,0.0002448527329372159,0.0002728862351991188,0.00047744984187967303,0.0002489013962446767,0.00012385098287564437,0.06994489910192896,0.0055942088966218165,0.00014646157072506797,0.00010774057843121964,0.00524304689650538,0.004823891496236921,0.059488281917659744,0.001014668724698082,0.0001957149239572028,0.06836501433583395,0.3145896087358432,0.0005573661942029293,0.0015783114597887101,0.00022099207485512442
Z_R_1890_HOL_0447,0.019220921015778294,0.003616183433189841,0.0005504297184856243,0.0006846724114975762,0.00043413380920784717,0.1269554272985691,0.0010114346730614346,0.09169994834098003,0.2607055036377198,0.0019953501368911533,0.038247431066468454,0.000980424048936094,0.0010926740510650125,0.0019117748922965706,0.0009966354541553182,0.0004959163846735162,0.09337118393549845,0.3279055071913828,0.0005864522909802731,0.00043140810753106325,0.004021352379186174,0.0023429964558728494,0.0005838618333576582,0.004062873252276094,0.0007836694975038016,0.0021824621033263445,0.0036929425683043414,0.0022317709682278977,0.006319776354242555,0.0008848826893339435
Z_R_1890_JON_0448,0.013196773281005585,0.13682308346214994,8.338663390160932e-05,0.00010372355598305419,6.576853646697009e-05,0.1940766699473825,0.00015322597956739958,0.15788091244787736,0.01892539127548792,0.12886384378258045,0.005794244796213598,0.0001485280654211311,0.0027367644496221087,0.0002896218494248803,0.005293446423567591,7.512820733653787e-05,0.014145146001946083,0.06510300539015565,0.10293809247483271,6.535560983853094e-05,0.013465365626531325,0.008068642847643909,8.845138863734706e-05,0.01090042456096227,0.00011872099069795111,0.00547309168861114,0.0005594575285834709,0.00033809923852198457,0.11409157980756825,0.00013405415148071836
Z_R_1890_KAB_0449,0.0007705524892232344,0.25717418269969633,0.0001886392652051405,0.0002346459434757202,0.00014878317797772727,0.17147667494921426,0.1864810829042464,0.048876843405535005,0.025363374237305242,0.047217444714363205,0.013107881079192325,0.00033600379116445505,0.0003744732945537923,0.0006551895706370377,0.000341559645919011,0.02343676327459887,0.20068383884395596,0.013493460509908376,0.00020098465895474586,0.00014784904534605983,0.0013781686062076892,0.0008029746849972202,0.00020009687618055346,0.0013923983375018268,0.00026857350395163984,0.0007479575206117791,0.0012656183871145932,0.0007648562957518999,0.0021658677351307897,0.00030326055207911763
Z_R_1890_KAB_0450,0.00027603092164595316,0.1817246421921292,6.757524109185662e-05,8.405596885862903e-05,5.32978068554497e-05,0.11560301602549972,0.0022078580611129767,0.08627053280741609,0.059094252924394554,0.008579709824119531,0.0005281943677622865,0.014706167497326762,0.00013414557745661097,0.018987879906629434,0.00012235509608843294,0.1334167926418377,0.08230833513377472,0.21320229984391564,7.199766586167463e-05,5.2963177489034125e-05,0.01716318275067172,0.00028764535246857045,7.167964015828775e-05,0.0317540828372121,9.620965847529289e-05,0.0023516229383856693,0.00045337574627715824,0.00027399040454198384,0.02994747257522736,0.00010863541531563108
Z_R_1890_KAD_1017,0.04825220733960889,0.4191865362170295,0.000499557221469025,0.12385237711582082,0.00039400975672301044,0.11522179559304149,0.0009179546052893549,0.006205376951007729,0.08257152632732283,0.0018109334157785245,0.0039047335457707143,0.0008898100834661204,0.0009916855769036704,0.03254282855236285,0.0009045231781182501,0.0004500821864961424,0.0077221515399865355,0.004925830552561166,0.0005322504711632878,0.00039153597322172373,0.019053559013337606,0.017530322179408586,0.0005298994320227285,0.003687369349663621,0.03151898631125462,0.001980751888358709,0.0187555019006536,0.04823712259794392,0.00573568215850887,0.0008030989657060974
Z_R_1890_KAD_1019,0.0008496247032295573,0.35411433951624005,0.00020799696576014455,0.006672322051243495,0.0001640509442287391,0.0928692327056492,0.00038220200689777375,0.07954685492820246,0.03437969905381891,0.08413077011148797,0.001625785184795928,0.00037048367936606786,0.00041290082921331873,0.0007224235237663665,0.00037660966236274156,0.006600994723648682,0.02245600737849413,0.002050931834732503,0.1477343474421348,0.00016302095318846937,0.0015195929017501038,0.0008853739855273694,0.00022063032878323738,0.014362477481870112,0.000296133860809743,0.026479100351264648,0.11684024471120032,0.0008433439802998326,0.0023881237909567756,0.0003343804090765928
Z_R_1890_KAD_1024,0.0013810900164445581,0.1690291311564953,0.00033810520312105584,0.10467548085133348,0.0002666696488477673,0.1092597106590451,0.0006212806360092028,0.025050842916290842,0.2643950472281692,0.0012256574103362656,0.002642761773604483,0.0006022321489513898,0.0006711824772050198,0.0011743207471791848,0.011037681730991258,0.0003046200165797879,0.17203429338541967,0.06588679988949507,0.00036023231359713073,0.00026499536803020556,0.012895634701144998,0.0014392015293147608,0.0003586411073608825,0.03377212241216811,0.000481374325794545,0.0013405922099906248,0.002268415122290573,0.001370880516060065,0.014307457280570346,0.0005435452181591699
Z_R_1890_KLE_1011,0.0005408831215506804,0.29076199523842977,0.0001324138148123271,0.14306924943615704,0.00010443715498206585,0.042789921480372105,0.00024331521172583863,0.18129623557385474,0.10354634148718612,0.0004800102804023239,0.0010349978789231133,0.00023585515842158595,0.0002628585168802738,0.02087483956361967,0.00023975504597571702,0.00011929984540664435,0.0020468516919075405,0.12787824625051145,0.0001410795646495511,0.00010378144809535142,0.029548302687976164,0.0005636416210728073,0.0001404563926724569,0.04997322564819626,0.00018852301071612282,0.0005250227650859009,0.0008883906463069761,0.0005368847243631794,0.0015203134346167266,0.0002128713051295012
Z_R_1890_KLE_1016,0.0009605106123344926,0.26256809959579386,0.00023514298982431326,0.11630283349535274,0.00018546150117368216,0.046984577016814646,0.0004320838156958163,0.017422181163082518,0.13312505279922066,0.0008524114545010574,0.023589908224196276,0.00041883611007917083,0.00046678919150253297,0.0008167081989731098,0.0004257616051323625,0.00021185495164727447,0.0036348384588439945,0.024070541458505852,0.0002505317944492874,0.00018429708431877203,0.045221795769541426,0.0010009255919129674,0.0002494251537103558,0.01623694789983539,0.00033478277514547726,0.16769721235672042,0.001577621134174354,0.0009534101819865969,0.12596079028694995,0.007628667328580633
Z_R_1890_KLE_1022,0.00041789902983778784,0.0008166521503173685,0.010713395282347646,1.4886067961397844e-05,9.438886801460402e-06,0.0750871421755825,0.025484008610065664,0.25403080747758117,0.008620346789222076,4.338267066957955e-05,0.021127382740025274,2.1316265674454164e-05,2.3756792169020025e-05,0.004469742650898718,2.1668732161770756e-05,0.048351715099358226,0.016790655636112605,0.0004870178153550065,0.2192075152197574,9.379624912531138e-06,0.1273975223508868,0.018870693676302692,0.0025957975431228127,0.004885526336615225,1.703845109458947e-05,0.024033409931134977,0.06908605076715044,4.852290489498242e-05,0.06729808930544287,1.92390165429299e-05
Z_R_1890_LEH_0451,0.11259777835101478,0.0012538991698734677,0.00019085961202858535,0.0002374078041872956,0.0001505344054130421,0.21469117519501538,0.0003507114946915901,0.13772963183006803,0.13159489966564455,0.0006918807982170688,0.030917663542191304,0.0003399586674176366,0.0003788809696426623,0.053629396413080496,0.00034557991642848577,0.00017195730099351094,0.002950306358526255,0.0018819507911741193,0.0002033503151641571,0.006034755393676861,0.07790154961588414,0.0008124259638134378,0.0002024520828917627,0.01906428567637409,0.0002717347033218345,0.0007567612291247233,0.0012805151360097255,0.0007738589084625554,0.0492726896455189,0.15332114904414956
Z_R_1890_LYO_1012,0.03155142040087823,0.14559127675607034,7.24029197106504e-05,9.006105588583168e-05,5.710548372684843e-05,0.27344257596632565,0.00013304300434161166,0.0031319190777352804,0.15931559281032776,0.00026246616217132654,0.02065885971518488,0.009059155160338466,0.002376276957608762,0.002484020581273885,0.00013109633136547242,6.523229574431195e-05,0.010049395014058344,0.002946469060857639,7.714128927266608e-05,5.674694792648807e-05,0.08313323341786727,0.0003081951765679071,7.680054332642604e-05,0.0005344258785452514,0.00010308302368476746,0.0002870786644177198,0.17239194734642035,0.0002935646982683498,0.08120301776449135,0.00011639649560612014
Z_R_1890_LYO_1013,0.007454461679129938,0.15938166197013864,0.019960872912206877,0.0002655369245873518,0.0001683703835886952,0.003159936547934665,0.0003922653344806164,0.002651715293152288,0.35782576901824437,0.0007738578770336563,0.0016685918906704732,0.0003802384649565967,0.00042377245267057696,0.0007414448382597699,0.00038652574426399053,0.0001923315580229857,0.049377136926741796,0.08109453025181619,0.0002274441545314985,0.00016731327302247175,0.001559603579053962,0.000908685763824944,0.00022643949575040575,0.0015757066449309167,0.0003039310256490618,0.0008464256266411171,0.2713133615269501,0.0008655491141965931,0.02878086865573585,0.0069256510718135825
Z_R_1890_LYO_1021,0.0017222384928315146,0.002769948778341353,0.00042162189901332603,0.0005244500299363484,0.0003325407675437532,0.5262703804896088,0.0007747456092257165,0.005237283541780662,0.004685975121054183,0.0015284118674172209,0.08129996055532275,0.0007509918804675989,0.013837707200932643,0.0014643943332015579,0.000763409602884566,0.0003798654048570087,0.006517427947860585,0.004157357640995435,0.00044921471406758026,0.0003304529160369864,0.003080302842984146,0.0017947043590314491,0.00044723045772116545,0.0031121072837200624,0.0006002804911141462,0.0016717371639393115,0.054831678464535544,0.0017095071036060548,0.2778562645798668,0.0006778084601017782
Z_R_1890_REI_1010,0.0002504589118341305,0.3671888457913057,6.131494707141469e-05,7.62688700525318e-05,4.836020047523288e-05,0.11623723862072874,0.00011266845041648159,0.01210553678628435,0.05172900357209817,0.12311449532800083,0.009932509468673462,0.013343761223082232,0.00012171808562896354,0.00210361116753015,0.00011101989603532766,5.524245122839987e-05,0.08035508911106226,0.0006045894777076552,6.532767031601413e-05,4.805657178580769e-05,0.08930848843872907,0.0002609973605269789,6.50391070958843e-05,0.00045258250064432405,8.729661961771907e-05,0.00024311468631997227,0.10061580292282132,0.004029906629535974,0.02717308390179002,9.857123160100387e-05
Z_R_1890_RTT_1023,0.0008079253304269872,0.20473698891084424,6.34039876152093e-06,7.88674005802279e-06,5.000786428844843e-06,0.007914114699663645,0.009591470552419754,0.17290652902291273,7.046823450959023e-05,0.008038752054022979,4.955902281798754e-05,0.008613580704518087,1.2586510080123158e-05,0.003541139222652503,1.1480241685713533e-05,0.006261921333948251,0.027664430185203696,0.023718808629286405,0.2938530659010629,4.969389077002535e-06,0.10581535322836537,0.0516407121830617,6.7255032219284506e-06,0.00024230675570611346,9.027087282069788e-06,0.010191479196861765,0.0123594502186326,2.570776505651211e-05,0.0518820272296065,1.0192961824409152e-05
Z_R_1890_SPE_0645,0.00029641274867070824,0.09445354907921712,7.256492437399603e-05,0.0068028922827238,5.723325971576336e-05,0.2136407481509342,0.0001333406938162211,0.07697785370673273,0.25141134105911644,0.00026305344155746335,0.07440612249767857,0.0001292524632594901,0.002381593980044761,0.0002520354476158762,0.00013138966507512923,6.537825582649582e-05,0.034684856578124396,0.029803580758103892,7.731389624278013e-05,5.6873921676047646e-05,0.0005301478489927411,0.0003088847766009467,0.002314515624973234,0.0027731649166660086,0.0023408569135177555,0.19271643940684322,0.011674568710382993,0.0002942215619736145,0.000833156491745924,0.00011665693779768698
Z_R_1890_SPR_1018,0.0009078505838960014,0.5360042306885978,0.00022225126705493692,0.00027645547807911416,0.0001752935677842588,0.1540587169528042,0.02782091256510883,0.0027607505820041144,0.11897333761092416,0.04192445460616463,0.0017372023479261577,0.0003958734054670584,0.0004411974574980955,0.0007719321429550055,0.0004024192100079659,0.00020023999639814336,0.0034355583112287294,0.0021914848480926634,0.00023679637991973787,0.00017419299012477908,0.008476862010256951,0.0009460498107835497,0.000235750410798626,0.00849362721450292,0.0003164282976066717,0.03514687681287043,0.049463034079379485,0.0009011394348941357,0.0025517850055382166,0.00035729593133257653
Z_R_1891_FRI_0463,0.04140602087451011,0.005053588193568818,7.40562611507275e-05,9.211762593063392e-05,5.840950382822783e-05,0.49662194066095233,0.00013608107950859955,0.0032034373482536737,0.019091302941689658,0.0002684596522718648,0.002862381225930166,0.004698966197816468,0.00014701123896602856,0.00025721521918336686,0.0001340899536966549,6.672189392925325e-05,0.10618708058482912,0.0052972812116401985,0.004645960201931183,0.011475686203735793,0.0005410433193750032,0.00031523290182937396,7.855430576320991e-05,0.22433244073710487,0.00010543695409955714,0.0002936341880670511,0.03703331715370362,0.03455319860128847,0.0008502793224748503,0.00011905444297114943
Z_R_1891_JON_0473,0.00026712523930946596,0.0770550859000812,6.539503741254743e-05,8.134404168511924e-05,5.15782410392152e-05,0.33973318736525476,0.00012016576515377171,0.0008123210724024567,0.008792648791084346,0.09904357254007234,0.07915306956117722,0.00011648147839243459,0.00012981759169128598,0.00022713270451687697,0.00011840751075445508,0.016190593640734503,0.017142551148304295,0.010727117761026307,6.967477994255635e-05,5.125440793729052e-05,0.006527143983324963,0.00834420254079528,6.936701481386274e-05,0.2384249077083215,9.310561255545982e-05,0.08091766821696202,0.0004387483257282714,0.0063145287494593295,0.008816672797217573,0.00010513047284931464
Z_R_1891_KER_0472,0.0014732458926576414,0.31376175374688803,0.05596642846761893,0.00044862767597164004,0.0002844636918546576,0.060944511543992226,0.0006627367762346202,0.0044801033647357096,0.2820373130860005,0.0013074417482445047,0.0028191051139871337,0.0006424172423989402,0.0007159684133490883,0.001252679547925642,0.0006530396728132564,0.0003249463705507068,0.07230208597234637,0.014677460241756484,0.0003842695045872391,0.00028267769144320115,0.0026349681129859653,0.0015352350075109559,0.0003825721220676269,0.03602563195565252,0.0005134949495423594,0.0014300457925124697,0.10251015205066132,0.0014623551438082197,0.03750445478614126,0.0005798143137608038
Z_R_1891_MLL_0464,0.0008335858512982287,0.04538836043104042,0.00020407048795963832,0.000253840641982818,0.00016095406063569172,0.24213666701660827,0.0003749869608036705,0.0025349134152075486,0.027438169626462016,0.03220239207132843,0.04564276346916086,0.00036348984684950007,0.00040510626387534987,0.0007087859213221887,0.0003695001861580324,0.00018385980118576622,0.028324616637198593,0.0712299810464236,0.00021742576965985127,0.00015994351332595697,0.020368479174604315,0.02603875693796036,0.00021646536375636883,0.007798824605946706,0.0002905435723831872,0.0008091425506685422,0.322287881999247,0.05116761702123624,0.0715608076370485,0.00032806811866233033
Z_R_1891_NAU_0457,0.03389248538022344,0.24178903489185086,0.000515436663316107,0.0006411450025224613,0.000406534157832992,0.13477787106613487,0.0009471336585519394,0.022296143935290346,0.4189600758727328,0.001868497615892036,0.004028853439556017,0.0009180945058868331,0.0010232083189885993,0.0017902355894008474,0.0009332752861631083,0.0004643889637775437,0.03975464875089468,0.005082408090521599,0.0005491691344148478,0.000403981740094099,0.05144624804669511,0.0021940426448978276,0.0005467433627157181,0.0038045798805904103,0.0007338484412638401,0.00204371411385151,0.019351683657106763,0.0020898882137287593,0.005918002476132453,0.0008286270989715524
Z_R_1891_NAU_0458,0.0017001354848187246,0.04123604979400838,0.00041621085272034846,0.0005177192994003395,0.00032827297810565127,0.262838619684667,0.0007648026144082937,0.018003952260554748,0.20996797034445205,0.0015087964077158036,0.0032532659100630154,0.0007413537382354943,0.0008262322750130436,0.001445600467070147,0.0007536120930508051,0.06454440728208541,0.006433784037476545,0.004104002597757562,0.00044344954480337765,0.0003262119218416895,0.0030407705954448626,0.0017716713325409991,0.0004414907541715586,0.16991265112811094,0.0005925765612808258,0.19415853336072525,0.0027924414757801034,0.0016875674887581694,0.004778738169585017,0.0006691095453538356
Z_R_1891_NAU_0459,0.0015785796423640529,0.5506882253531917,0.0003864527179758145,0.0004807035402707895,0.0003048022025321439,0.14871593464918045,0.0007101209570132961,0.004800420623946686,0.13537428646746835,0.12056381852022421,0.003020664754473972,0.0006883486224592395,0.0007671585358026894,0.001342243302775494,0.0006997305326264685,0.0003481793012068719,0.005973783028245056,0.003810575692866054,0.0004117439051728616,0.0003028885071301543,0.002823362374311178,0.001645000838746339,0.0004099251636415814,0.002852513878525875,0.0005502086772100669,0.0015322908327518048,0.002592788225127548,0.0015669102296003877,0.004437069197164189,0.0006212697259946039
Z_R_1891_NAU_0460,0.0008081590495518138,0.31242957061892385,0.0001978457423841673,0.012447265382886489,0.00015604449195276548,0.1554432023232,0.012564716385350701,0.00245759115649547,0.2584234101670792,0.061723044166289404,0.1052563640569693,0.0003524023454742274,0.00039274934030023495,0.0006871658817377336,0.006458813162618646,0.00017825154055297726,0.003058297905771357,0.0019508367823494756,0.00021079364900774005,0.00015506476928581949,0.02584776491382478,0.0008421635999069762,0.00020986253828779016,0.031963272933195126,0.0002816811453132256,0.0007844613409426387,0.0013273864754585341,0.0008021848552350872,0.0022715721962597484,0.0003180610833946912
Z_R_1891_NAU_0461,0.0005639073862772037,0.19246255674652799,0.00013805039433240405,0.00017171910095226264,0.00010888282652881003,0.21913983527519448,0.00025367263206963625,0.0017148280482237907,0.2867393203052129,0.07712268360446752,0.052160549102825846,0.0002458950198782461,0.00027404785490384094,0.0004794822461302546,0.00024996091749975095,0.00012437819064064056,0.019161146401790417,0.0013612311482476226,0.00014708502703980166,0.0001081992075695217,0.01377894770635148,0.0005876346675876653,0.0001464353279332795,0.11595234839108168,0.00019654804150895836,0.0005473718875656942,0.0009262075805135696,0.0005597387856729962,0.014355403383513236,0.00022193279195854235
Z_R_1891_NAU_0462,0.006332715237802021,0.010185172906972899,0.0015503145676897376,0.0019284162500533253,0.001222760955918736,0.4053807417806723,0.0028487595332383968,0.01925762629727076,0.30405463556848383,0.005620009750517966,0.012117861655875377,0.002761416461598049,0.0030775745607690905,0.005384615630538961,0.002807076746335638,0.001396774864610548,0.07176878095899045,0.0152867109820777,0.001651774058390497,0.0012150838722243444,0.011326352785635315,0.006599174091796375,0.0016444778967654092,0.011443298532299574,0.0022072468063258667,0.006147020552463112,0.05820539984470779,0.006285901592141423,0.017799986115355906,0.002492319142478703
Z_R_1891_NAU_0465,0.0006107006372491799,0.005592236868163678,0.0001495058689475228,0.00018596841774271762,0.00011791796519215817,0.1820038873383462,0.00027472248427235445,0.061787401853037924,0.24599276096486278,0.0005419702934849105,0.0933690217394494,0.00026629948284136407,0.00029678845090402064,0.01895935501011602,0.0002707027702053326,0.00013469914055497064,0.0991215075315558,0.0014741866304790801,0.000159290198938561,0.00011717761926970243,0.0010922662087514436,0.0006363968174537896,0.0001585865875512502,0.0011035439686584614,0.0002128576732999099,0.00981283558826424,0.2545542353634089,0.005216207410442232,0.015546620256488333,0.00024034886006785855
Z_R_1891_NAU_0466,0.0006831336305405935,0.001098712619208034,0.00016723821920555003,0.0002080254590051077,0.0001319037884593046,0.15717951689281054,0.0003073063242859039,0.06395898282927705,0.19781708393244365,0.0006062514293438215,0.0013071989686117627,0.11374746743175088,0.00033198945539311307,0.000580858586976733,0.0003028098464752555,0.00015067531832371335,0.03352596245617024,0.0016490345736493348,0.00017818303318067923,0.00013107563278528858,0.011535414418770108,0.13994545683839518,0.00017739596899212951,0.10437041599076442,0.0002381039518883952,0.0006631020516989573,0.06300362530721636,0.005834882901054211,0.007076950176674329,0.09309124196664934
Z_R_1891_NAU_0470,0.00024445069395041526,0.079740850289162,5.984407283166114e-05,7.443926859948449e-05,4.720009553335812e-05,0.1282112034268541,0.00010996566538174065,0.045030451108212494,0.0006651168667661053,0.2345694189410606,0.07981545448153737,0.00010659411405304795,0.00011879821037480672,0.000207852868495372,0.0001083566579020828,5.3917249098516986e-05,0.19099046601361844,0.000590086079582717,6.376053551446205e-05,4.6903750542917544e-05,0.07978490125352497,0.016862392369786053,6.347889459023723e-05,0.0022870206877338073,8.520247528348823e-05,0.00023728264786126955,0.048379178781294,0.0002426436289335373,0.09110656224947765,9.620662244340596e-05
Z_R_1891_WIN_0467,0.0006371355116869389,0.00583430322673503,0.019394262686724263,0.00019401827306063762,0.0001230221789651313,0.20431084739478556,0.005096185482087538,0.06446194009681246,0.3720705502336142,0.0005654300965101745,0.0012191800352209469,0.02913525448832111,0.005119206599281816,0.005351318377132858,0.00028242044872711164,0.00014052974666582002,0.002411097422178651,0.0736815683028409,0.00016618525709188726,0.00012224978632402667,0.0011395461988477535,0.04395008587281337,0.0001654511890822282,0.15024802309224825,0.00022207146074926007,0.0006184527391449643,0.001046483438769404,0.005441996904550924,0.006600430824098384,0.0002507526349284371
Z_R_1891_WIN_0471,0.0006626312913303917,0.0010657378426687696,0.13521709310367716,0.015207879277455292,0.00012794506633935377,0.16246627944756464,0.04031434237101029,0.19209227511076152,0.1668699973210081,0.0005880564936893717,0.0012679670592582503,0.00028894413962071805,0.00032202572337293206,0.0005634257462396558,0.00029372185854570224,0.015152250340335597,0.002507580521059771,0.05161986715749424,0.00017283536937896883,0.0001271417654342855,0.08621969691528106,0.09072709524825777,0.0001720719267137235,0.016203480452746697,0.00023095792983551753,0.0006432009041238418,0.016094456910009745,0.0006577328890951552,0.0018625230003828678,0.0002607868173086086
Z_R_1891_ZOE_0469,0.004995031187967524,0.1340139372136954,7.596439682137282e-05,9.449113122515117e-05,5.99144847174533e-05,0.5914007304752203,0.00013958734836251572,0.0009436110556992119,0.019583209980690585,0.06117689663300157,0.0029361334196719795,0.00013530759514857778,0.00015079913461047516,0.0002638426336265252,0.00013754491914789484,6.844105209145506e-05,0.1253196628710022,0.0007490388101471976,8.093584530899957e-05,5.953831265254089e-05,0.005239716152020337,0.0003233552014863524,8.057833817560084e-05,0.04740803707667719,0.00010815364557162696,0.0003011999746685559,0.0005096602622929368,0.00030800505450781046,0.0032145537907529473,0.0001221220030376736
Z_T_1881_DRA_0358,5.303311495885541e-05,0.001286295232763703,0.01802798062937504,1.6149458302991536e-05,1.0239971308886059e-05,0.32165980474618433,2.3856842782781436e-05,0.005765938267493327,0.06259628742419751,0.048887724668123834,0.0013024804709674354,0.023642788873276227,2.5773046686426523e-05,4.50932860582464e-05,2.350777165821486e-05,0.00041203052440846226,0.0798670146028406,0.04776767830078408,0.005618498638412953,1.0175679824613553e-05,0.002897185123466024,5.526456584604107e-05,1.3771625925300005e-05,0.3115551228673723,0.005222817147266918,0.0589004700866774,0.0032897721573823444,0.0008533076343443214,0.00014906539682800306,2.087184448279485e-05
Z_T_1881_ON_0823,0.002503317658790359,0.004026191331588735,0.0006128382041894351,0.0007623015201189273,0.2839368275272763,0.04686531957047451,0.00112611254057876,0.007612525459628225,0.025708082650434567,0.0022215857057751778,0.00479018176734884,0.0010915858888346397,0.09570105329339555,0.021025432652180116,0.0011096353656856904,0.0005521440729028737,0.08506084033928601,0.006042825566800888,0.000652945065967613,0.00048032175773409755,0.004477298895222592,0.0026086486470785087,0.3596911241957614,0.004523527462551425,0.000872523033185044,0.002429912686752843,0.004111653524015638,0.0024848122592178363,0.007036321371724798,0.019882109985498584
Z_T_1882_KRI_0753,0.00018274105031581097,0.03753946412745032,4.473691012164568e-05,0.0014351126268513665,3.52848048552567e-05,0.05308188566501261,0.006979530516479783,0.1109129079082624,0.0004972133760448787,0.0001621747459074456,0.0017291460525895835,7.968527331523346e-05,8.880854207734178e-05,0.1836242220899516,8.100287691453286e-05,4.030626614789149e-05,0.029660307015223108,0.12045457526876405,4.7664692786573974e-05,3.5063269813020626e-05,0.0003268407825981447,0.2209048241899413,0.09109214168536131,0.030678444625475445,0.0014431587471646923,0.04569972628848745,0.0003001488368345532,0.00018139016456524638,0.06258957157890911,7.192002177834198e-05
Z_T_1882_MLL_0366,0.03418687103120677,0.017981814253171084,2.5122126958850965e-05,3.124908897395225e-05,1.9814272932165387e-05,0.40783361340230334,4.616282408795285e-05,0.06538199713842714,0.045983095248861454,0.20769515198480082,0.00561885900352162,4.474747021045257e-05,4.987066525226904e-05,0.0031858235865593006,0.0008201294721810916,2.2634087438118277e-05,0.001162979736183807,0.0002477140459612024,2.6766230845691908e-05,1.9689869359326858e-05,0.006380675068465218,0.00010693654875779182,2.6647999937927884e-05,0.08307213784966,3.576740853352675e-05,9.960961082096316e-05,0.0652384856069464,0.0318621861429983,0.02197841925312857,0.000815028971514868
Z_T_1884_BAU_0388,0.0007154330695124914,0.008347276866799674,2.0487864380890132e-05,2.5484589659680057e-05,1.615914676751216e-05,0.297854869123153,3.7647197663717405e-05,0.028051247465889446,0.004018171710268517,7.427008685048716e-05,0.00395060733308002,0.0006682373025917558,4.06710557568168e-05,7.115928410974043e-05,0.002564073824887437,1.8458791907904044e-05,0.1683607035010422,0.09180495195664387,2.1828681482756743e-05,1.6057691841621978e-05,0.00014968109352672606,8.721003249042935e-05,2.1732260554390825e-05,0.28822665900674277,2.916941772052509e-05,8.123469007524197e-05,0.004559667746844294,0.0695749506766053,0.030558961798406836,3.293673274391826e-05
Z_T_1884_ON_0827,7.57020361637494e-05,0.08755438617108863,1.853264596011906e-05,2.3052518740913386e-05,1.461703086726964e-05,0.21456999424900577,0.0006055095196949672,0.022516957149498296,0.06135167134045277,6.718226943708281e-05,0.011002505405039097,0.00403319605308831,3.678969477503932e-05,0.04235204626940404,3.355613151480915e-05,1.669721396632134e-05,0.08143310270924138,0.08818682567519648,1.974550485962175e-05,1.4525258089615633e-05,0.02070778043487038,0.014936720103234056,0.12173959610965833,0.02870954991849608,0.034885147229042124,0.08922047893582262,0.00012433921147595998,7.514242023856128e-05,0.07564485730964493,2.979348143262054e-05
Z_T_1884_ZEL_0517,0.02886808696145189,4.0429648966592584e-05,6.153913569457443e-06,7.654773538282576e-06,4.853702207058783e-06,0.06157211708526957,1.130804051841012e-05,0.049223310288482945,0.0008274205940976422,2.2308410812222406e-05,0.013141282402253445,1.096133558189739e-05,1.2216312898844023e-05,0.00021113026964939235,0.0022882175423518825,5.5444436709467635e-06,0.251901666477902,0.17938033310971535,6.5566530841251516e-06,4.823228320980825e-06,0.0038400844516504598,0.009514007499201938,6.5276912534326286e-06,0.00403030490992776,8.761580620913539e-06,2.4400359757895952e-05,0.006682756464791758,0.3634081640157114,0.02492872466853469,9.893164206780326e-06
Z_T_1885_BLI_0104,0.029203347980144016,0.02471887180383942,1.1257042416149446e-05,0.0034851174042784734,8.878631622549107e-06,0.35283190744876547,0.004880246106432768,0.04769410654436704,0.14938305395423973,0.07050444041517241,0.11116366669347776,2.0051016022629304e-05,2.234668246784706e-05,3.909841770884342e-05,0.0007146055444332419,1.0142169998546431e-05,0.11958036433866097,0.04627682722873498,1.199375341283534e-05,8.822887286153638e-06,8.224216967668061e-05,4.7917489915358446e-05,1.1940775002775575e-05,0.008066655632350034,1.6027115683204553e-05,4.4634342303276354e-05,0.003546640653509237,4.5642776196010414e-05,0.0261626099517618,0.0014065430301197486
Z_T_1885_LEH_0378,4.5152038424015174e-05,7.261992702683022e-05,1.1053688710300082e-05,1.374954049728031e-05,8.718242900843082e-06,0.5997030629093828,2.0311555955925786e-05,0.001841511549377334,0.01784658811880821,0.16773387657930586,0.0004272409996130133,1.968880290629627e-05,2.1942999108996386e-05,0.0003792331906656687,2.0014359141418992e-05,9.958955990966623e-06,0.1535493490264207,0.004199086547145996,1.1777091334699743e-05,8.663505562286572e-06,8.075649969671747e-05,0.00038789295006611533,1.1725069957190569e-05,0.020532054478066757,0.006832558979050283,0.011291583329409325,0.0024600488835246,4.4818258765801894e-05,0.012397191774762364,1.7770148421384782e-05
Z_T_1885_ON_0830,9.296839746223368e-05,0.002956702618878593,2.2759630823143674e-05,0.01897675938372274,1.7950929780100076e-05,0.1006934990292888,4.182165131624609e-05,0.1280092965040765,0.04446600188379558,8.250541522993352e-05,0.017722758287197774,4.053939795494532e-05,0.004957741650318587,7.904967574304694e-05,4.120972076914411e-05,2.0505567659701347e-05,0.011580528694113735,0.050753616167233485,2.424912243986413e-05,0.02317705363680593,0.08648699024829273,0.09904989149178206,0.027394123860128867,0.023327210511091184,3.240382532327034e-05,0.1979962648866293,0.013486792616335189,9.228114255608362e-05,0.05289589590759327,0.0954806281456579
Z_T_1886_MLL_0399,5.900989169326665e-05,0.0718124260926526,1.4446235350007219e-05,0.0075906266651050575,1.1394005393579576e-05,0.0861857715774656,0.048580641518609906,0.1418326818853926,0.00016055783535306285,0.0998332633192159,0.06915773285630736,2.573159856394585e-05,2.8677642162853603e-05,5.0175252357985217e-05,2.6157073001982328e-05,0.004912970158051519,0.02739578555311664,0.027760371743362988,0.05346944234155599,1.1322468326095168e-05,0.2629212910860789,6.149282476770192e-05,0.00046077409613637436,0.00010663163929649378,2.0567701229339577e-05,5.727954019973138e-05,0.002769625203125813,5.857366993743768e-05,0.09460135444660565,2.322407958355783e-05
Z_T_1886_WEN_0401,0.02746154785907336,0.0267218281825251,2.6092312745780814e-05,3.2455890532860595e-05,2.0579475894821496e-05,0.4589841926750024,0.002461619059076489,0.017219826674817043,0.07270019875185689,0.12721472342782775,0.048477417329784146,4.647556272707575e-05,0.0016609122647812,9.06248821858196e-05,0.0016563596960842773,2.3508188184785076e-05,0.1540738798615321,0.0050846274256236695,2.779990991190746e-05,2.045026800830328e-05,0.019500014171887473,0.00011106630735180241,2.7677113071231925e-05,0.00019259454201803634,3.714870206219094e-05,0.0001034564120419905,0.005806963315243406,0.0009103516541406873,0.02765454586368064,0.0016510622203267048
Z_T_1887_DEN_0476,0.0033513158161164102,0.21665877830202682,9.597166648294879e-05,0.00011937791532605595,7.569457779441427e-05,0.29143117106543726,0.012013516851131917,0.0011921364391286613,0.057293180607018004,0.0003479046850545832,0.02738377405810752,0.0001709444942312186,0.00019051614780520387,0.0003333326966043054,0.0031330624316134956,8.646684631102356e-05,0.11097730934671383,0.0009463183527840001,0.00010225247981335144,7.521933068570797e-05,0.25224091887880135,0.0004085195019128186,0.00010180081354852876,0.0007083932855273665,0.00013663882076392502,0.0003805290994613716,0.0006438930177699789,0.0003891264803404497,0.015898358516488548,0.0031135774751989112
Z_T_1887_GPF_0106,0.0003235470647309308,0.008377141815661663,0.02549453836424803,6.120548000710827e-06,3.880887813452479e-06,0.21400355695736553,0.004105587328538583,0.12022646261121701,5.468726098085987e-05,1.783719642559376e-05,0.11170726261834937,8.764384765320527e-06,9.767830376057497e-06,1.7090085416558887e-05,8.909304703873634e-06,4.43318583568191e-06,0.21339988675636842,0.0009588615722237427,5.242520856391045e-06,3.856521725863404e-06,0.028560044583649608,2.0944939554813492e-05,5.219363767019879e-06,3.631957465172084e-05,0.040365567137019207,1.9509861707329056e-05,0.14690176316654519,0.0027509811377824604,0.00612545152688483,0.0764767638928342
Z_T_1887_HIL_1032,0.007969305663866914,0.0008683833436897075,2.32158274834515e-05,2.887786769896507e-05,0.007176923283140783,0.16141243396710045,4.2659929309737486e-05,0.11912134951106235,0.021733862153050305,0.002231742926128124,0.16912471994884695,0.002904796991457514,4.608641469243622e-05,8.063415654383935e-05,4.203573315630395e-05,2.091658361847338e-05,0.07624016303012797,0.043896453695302456,2.4735174641607775e-05,1.8195776614240054e-05,0.013770974991492295,0.03660774603374805,2.4625915247992045e-05,0.0008872236668594882,3.305333132837839e-05,9.205110476119472e-05,0.17697348941729124,0.09315609389355048,0.06326234364025564,0.0021849060279326457
Z_T_1887_LYO_0495,0.005638803912882211,0.00011857017245432763,1.804790820228318e-05,2.244955971007739e-05,1.4234709487793363e-05,0.16666310346764454,3.316368923945705e-05,0.09650010407447769,0.0013136038058210195,0.02009972000743294,0.23554403512938452,3.2146889312575424e-05,3.582742774662389e-05,6.268472904138706e-05,0.0005891866342430224,1.6260483556774978e-05,0.06761647577962132,0.11092308988500514,1.9229043703800424e-05,1.4145337108364526e-05,0.002914396125217934,7.682394960469856e-05,1.914410580927052e-05,0.00013321657794264927,0.0016952201305945255,7.156022716971896e-05,0.16262147937925467,7.317700373067651e-05,0.1270910856480436,2.9014206556337268e-05
Z_T_1887_LYO_0496,6.043673485371944e-05,9.720294870414195e-05,0.07301020235918533,1.840398268603158e-05,1.1669509350619482e-05,0.07367063877193766,0.00048340863928745414,0.053105456519542946,0.000164440080221795,0.0037034053183694253,0.047562662137859285,0.013256771267355128,2.9371059764612212e-05,5.1388476337841346e-05,2.678954392574445e-05,1.3330223920206952e-05,0.06455591161895842,0.2839155338576626,1.576382752998177e-05,1.1596242536265016e-05,0.007863855857417909,0.0005192009971869652,1.5694196073485338e-05,0.00010920996338508777,2.1065022661106724e-05,0.0014273284217643449,0.1725509148399612,0.016940177791987417,0.18676438415805047,2.3785631522745543e-05
Z_T_1887_LYO_0497,0.00013786016063800568,0.02623849443732147,0.13636161459595525,0.012530029394748454,2.6618917079768477e-05,0.029638358003964874,0.008387381924153527,0.05557477768214194,0.004537781521154448,0.0011630156305962324,0.03772794611716313,0.041686943712317674,6.699731590494274e-05,0.00011722048883058028,0.03648458408897993,3.040711605993087e-05,0.07544999328033603,0.268825831423813,3.595832569070959e-05,2.645179066533214e-05,0.014815959397003819,0.021997746069679802,3.5799491766254685e-05,0.00024911509749789783,4.805069987537027e-05,0.00013381767677616522,0.10637484676061289,0.05425171875786378,0.06699042353407772,5.425658733117856e-05
Z_T_1887_LYO_0498,0.026828254211012884,0.00011178911272754949,0.026775764151933626,2.116566341404606e-05,1.3420622662818528e-05,0.11410772622359242,0.004753399121095101,0.08048761060670638,0.025898501497517365,6.168338125123711e-05,0.01482407922724193,0.02836310083258486,3.377844761631104e-05,0.003731869162089491,0.022592107230119795,1.5330542173521465e-05,0.10467461615448043,0.1869543394366502,1.8129329575489406e-05,1.3336361513560707e-05,0.0027477210349864003,0.00426988109820613,1.8049249301758663e-05,0.005897092641141243,2.4226016023837982e-05,0.004264918409458443,0.1533211136827089,0.000593673332748439,0.18855596834310617,2.735487635961864e-05
Z_T_1888_GHR_0686,0.0013395610972740518,0.0020183573996216658,0.0019048903388305016,0.012588795869238658,1.6067790143944737e-05,0.039876440959650004,3.743435716447475e-05,0.1183495367763781,0.040429475294369514,0.004471059572173325,0.021517109858938482,0.0019208049221184768,4.0441119709801284e-05,0.0006989297490948884,3.688662110099775e-05,1.835443411425926e-05,0.03863344959833302,0.09756765529869471,2.1705271833356026e-05,1.596690879904908e-05,0.022134881739930824,0.05034053841820697,0.0019061276997419043,0.0058039265095222595,2.9004506815715896e-05,8.077542529421152e-05,0.1351938251391634,8.26004029316822e-05,0.03164254056566248,0.37128285635514924
Z_T_1888_GHR_0687,0.019927553010020374,0.0006023385858168569,1.610324379960357e-05,0.01888871646835718,1.2700917731256417e-05,0.003714178447879533,2.9590297508810823e-05,0.1819352679466592,0.035930168344815265,5.837549943402954e-05,0.00012586921689397522,2.868305790328565e-05,3.1967017853270085e-05,0.046731100705903236,2.9157335003180563e-05,1.4508414386830001e-05,0.022096875852700686,0.151604815490165,1.715711180071037e-05,0.04867396889767921,0.021469055423866044,0.030854296759182866,0.03030628756137277,0.01302901595212015,0.002505648675090438,0.00105693833262633,0.027417979917012225,6.529217227792139e-05,0.045866971442227567,0.29695941790191216
Z_T_1888_GHR_0688,0.007210530021295752,0.00013800011581237805,2.1005395965377487e-05,0.0013215333062157933,1.6567333227314905e-05,0.06831969259073639,3.859818081628969e-05,0.10389332111956825,0.094150317438928,0.0020192536272793664,0.0008118888277677399,0.002628224690595048,4.169842276478234e-05,7.295679586458442e-05,0.013639785555728796,1.892506831652428e-05,0.06444724704564019,0.1627804446566841,0.001317785048347542,1.6463315509736245e-05,0.013107511754429623,0.04996250417228554,0.02657808302309868,0.020881526060471844,2.990624878748381e-05,8.32867105830111e-05,0.04224159076908708,8.516842626273504e-05,0.020319951091667524,0.3038062331862625
Z_T_1888_GRI_0518,0.13846269482566984,4.681713230342776e-05,7.126170845638938e-06,8.864151795893197e-06,5.6205389905086255e-06,0.06954201377460435,1.3094598706023521e-05,0.09193810509892016,0.0011778806877485223,0.03144805955632976,0.08289611660501303,1.2693117830036186e-05,1.4146369109408922e-05,2.4750906506993326e-05,1.2902999744766218e-05,6.420410751181804e-06,0.06976642093706495,0.12575917339738826,7.592539207075778e-06,5.585250532835143e-06,0.035869006326272594,0.007721088513472212,7.559001694533888e-06,0.011698600311026784,1.0145823414282019e-05,2.8255374464927667e-05,0.17473781213812323,0.07012463010086883,0.08775642375316127,0.0008903995884386598
Z_T_1888_HAS_0710,3.039111751221739e-05,4.8879315597570095e-05,7.440061717336025e-06,0.0036798896694857355,5.868110361074051e-06,0.026033991544892405,0.0023078183051829337,0.2393719424311063,0.002835666374108427,0.0023211177174960523,0.1581248772426132,1.3252219471931591e-05,0.0029971604797375743,0.04797351176470697,1.3471346185670108e-05,6.703214569809746e-06,0.03544487099119703,0.0746331368509401,7.926972495545393e-06,5.831267530795716e-06,0.07943183936428877,0.0004904992552135995,0.26819366697091884,5.491714333632469e-05,1.0592722797496029e-05,2.9499956487031648e-05,4.991685532960426e-05,0.0002595811477992066,0.05560377878320622,1.1960803714159857e-05
Z_T_1889_GHR_0689,0.00015962094300649098,0.007486348577693378,3.907686734027637e-05,4.8607210143462965e-05,3.0820627412738374e-05,0.09697341423568909,7.18051682443991e-05,0.12338900248734114,0.04742685938467462,0.00014165665475188968,0.036453557420918076,6.960361915577234e-05,0.002487447121573688,0.004955472355721081,0.0036855662643253584,3.520678140176143e-05,0.02590773210206468,0.00279518776609706,4.1634231594702334e-05,0.044613305280401236,0.0400484185756597,0.07848725833420797,0.04823894022870001,0.005108186103590784,5.563534810008064e-05,0.00015494036608615909,0.02797573117684716,0.0001584409691745222,0.0052684112879395565,0.39769211251014325
Z_T_1889_GHR_0690,0.01694797682818237,0.00014367676339137737,2.186945487903013e-05,0.002050240486121761,1.7248832018107055e-05,0.0387614318273873,4.0185920568497315e-05,0.11423609459333454,0.01642735954915032,7.927845884968757e-05,0.018378276350568046,3.895381877184003e-05,4.341369125743791e-05,7.595788043743588e-05,3.959792388292109e-05,1.9703552759156597e-05,0.08935170143051682,0.08720624763855095,2.330068941695759e-05,1.7140535522056436e-05,0.02645926037568653,0.02706692238961678,0.04183263641367268,0.00016142446580523983,3.113644510853062e-05,8.671271715706834e-05,0.051397006159010335,8.867183738601883e-05,0.059593523890908176,0.409363049080082
Z_T_1889_GHR_0691,0.00017688489398750613,0.0016197497844996458,4.330326213251068e-05,5.38643679915188e-05,3.4154060926133976e-05,0.05004555456493423,7.957132274396525e-05,0.1447458044840446,0.06991471387823463,0.00015697766149266404,0.06443087603351047,7.713166307390429e-05,8.596256573653077e-05,0.0001504026518176324,7.840704248415093e-05,3.9014603463648446e-05,0.027374548519339653,0.09923610522952436,4.613722048729361e-05,3.3939625240267426e-05,0.02168050040865812,0.0068606193611000935,0.08683772630181533,0.005660666704402095,6.165264072046347e-05,0.017530056660359606,0.05770663934114632,0.0161986775224625,0.000497187784190754,0.3285431698394795
Z_T_1889_GRI_0519,0.08928852339607138,4.0637853704568576e-05,0.0003876525130283387,7.694194115990798e-06,4.878697818499022e-06,0.09526755582573843,0.00020209972870968097,0.05615247154244369,0.01570889105994352,0.0517111893307349,0.038576506804165064,0.0036349534104435314,1.2279224506813666e-05,2.1484094992571917e-05,1.1199964418570432e-05,5.572996465028305e-06,0.08058513462401005,0.16924156620119338,6.590418557540659e-06,4.8480669979032495e-06,0.02026293717570474,2.63300656515908e-05,6.561307579118073e-06,0.00042712456114450003,8.80670103734209e-06,2.4526016810078386e-05,0.20641509769151933,0.06792618976533307,0.10402075265510469,9.944112056046301e-06
Z_T_1889_LYO_1000,4.057448966487136e-05,0.008947561427381543,9.933057155094728e-06,0.0003186419381166769,0.017159869237239125,0.017911641380298614,1.8252354621775698e-05,0.11406190325476202,0.006236124365199311,0.018413188300951306,0.06317262600346893,1.7692736760480637e-05,0.02666662969584605,0.0052413676225536625,1.798528785138101e-05,0.0012340946561886406,0.012404998587164578,9.79438476958054e-05,1.0583120659019136e-05,7.785192632888738e-06,0.04693437886184763,0.06926299382426991,1.0536373249206169e-05,0.0003796049655585145,0.0015455737868710286,0.15318255308318782,0.14984066151642522,4.0274548847906706e-05,0.28679805788657203,1.5968596958918658e-05
Z_T_1889_LYO_1002,3.5355026584568906e-05,5.686297983918844e-05,8.655278296413537e-06,1.0766188787357166e-05,0.00027371253232116226,0.008935356198770235,0.15294155878688848,0.16611058011757632,9.61961863406724e-05,0.0387298400779534,0.05771502012435742,1.54167602276004e-05,1.7181844805286003e-05,3.006186471625804e-05,1.5671677829314127e-05,0.005612403213791418,0.049507695602431075,0.00035223040473247245,0.025897159722723648,6.783712987524619e-06,0.14578296760258871,0.07049473576992728,9.180984392100444e-06,0.0003307729501912934,1.232287677338248e-05,0.0301924316538859,0.10014030453863783,3.509366986399963e-05,0.14661976723967832,1.3914412101395563e-05
Z_T_1889_LYO_1027,7.932865748063322e-05,0.00012758762435664378,0.037745807137719876,2.4156884754171216e-05,1.5317281988892353e-05,0.038013857874697236,0.0006345173752690475,0.12240286941883712,0.0002158424149083529,0.0036633899437969377,0.14147604011054443,3.459171183568419e-05,3.855216112434865e-05,6.745200328447851e-05,3.5163689092263565e-05,1.7497119426880513e-05,0.10270039398887353,0.0888185606392634,2.0691443337176573e-05,1.5221112696578824e-05,0.04325775342180061,0.05697166228708503,2.0600045779455214e-05,0.0001433479124876143,2.7649739377041653e-05,0.01205363318209395,0.043844997870274884,0.04678760190304053,0.2553252104530827,0.005420704591690445
Z_T_1889_MAT_0431,0.044824781543943926,0.00011351635014239906,0.0005500667681921287,0.001087068924762297,1.3627982762815864e-05,0.4616502760500784,3.175015167638407e-05,0.017263850897330332,0.22449583497526834,0.0544070243631796,0.03583186048966194,3.0776690862964735e-05,3.4300353525705116e-05,6.0012914741980636e-05,3.128558638366084e-05,1.556741216368384e-05,0.053545904941302666,0.010293348513884379,1.8409443225064936e-05,1.3542419706725927e-05,0.00012623509098900923,7.354947860945519e-05,1.8328125642605245e-05,0.02570136809101373,0.0005573884455658919,6.851011207558508e-05,0.03474715350844306,0.017119277716587354,0.017247605125679404,2.777753259844281e-05
Z_T_1889_SCH_0504,0.00012323946629571567,0.00019821122947264987,3.0170303375092247e-05,3.752845036105617e-05,0.0009540987423958451,0.509322271685932,5.543903227882799e-05,0.0013050709708825872,0.04033834163994737,0.028018456134704082,0.018841880466268123,5.373926951840407e-05,5.989194715252908e-05,0.00010478872515125336,5.462785346867878e-05,0.0018877880677365957,0.10093908356651922,0.0012277939316074516,3.214478241213428e-05,2.364645847701723e-05,0.00022041945989397841,0.0001284249587303052,3.200279354465518e-05,0.026271176009767593,0.04655809880642773,0.00011962570615401363,0.12486300476239777,0.021519294723464717,0.07570093474310395,0.0009788053125585217
Z_T_1890_BAC_0474,0.0010848281290979972,0.005951671081124855,3.106623461042917e-05,0.04410337543876409,2.4502497441955462e-05,0.31561848786125596,5.708533858400288e-05,0.04349270070895607,0.06740030303546449,0.08728415362767325,0.026106907922497296,0.0010132640685145873,6.16704863184096e-05,0.00010790050996849357,5.625007117174647e-05,0.019186568873954767,0.027302232724585603,0.08077235863793332,0.03260268427646757,2.4348658931923742e-05,0.050997200322294836,0.00013223864036594713,3.295314203794764e-05,0.09602220527858496,4.423027981387251e-05,0.01736589952000973,0.04810487797821853,0.00012596107762216207,0.03484213082881315,4.994274892203837e-05
Z_T_1890_GHR_0693,0.0017424830908650598,0.00032782708386487337,4.9899506708522774e-05,6.206935135090469e-05,0.0031166644342261796,0.006893251894677547,0.03394207792609405,0.17294907601484233,0.0082478608151973,0.00018088955628265622,0.00039003395284570216,0.00624349647090768,0.00933098035282849,0.00786658248854563,9.035053134013111e-05,4.495757066309053e-05,0.013080577362921994,0.0712701080725835,5.31651526892674e-05,3.9109537571997273e-05,0.044985520947782416,0.07714510054017848,0.04159658556852185,0.00036832199334295863,7.10439862432263e-05,0.017123045175519335,0.11265652030400339,0.004818284110872741,0.0005729227765036203,0.36474119343002515
Z_T_1890_STI_0510,0.00018660221865463778,0.000300120215492574,4.5682164297651114e-05,0.01414294269962525,3.603034380840023e-05,0.3317000114677813,8.394264219282018e-05,0.025922467253244152,0.16249809041519916,0.1072201076345868,0.0017656814888253282,8.136895770833406e-05,9.068499364798667e-05,0.00015866515160245138,8.271440118976146e-05,4.115790445487073e-05,0.0809970342329925,0.020171011039533598,4.8671808606196156e-05,3.580412791263101e-05,0.00033374665995533615,0.00019445379755379832,4.845681710637676e-05,0.00456302840202275,6.503958187163425e-05,0.014267249713740873,0.22145856289721655,0.00018522278979741797,0.013202008546596224,7.343963278275703e-05
Z_T_1891_SCH_0455,0.16170586883353058,0.017913833865542475,1.284931402215681e-05,1.598309561090585e-05,1.0134484848481942e-05,0.4847541385140593,2.36110829241196e-05,0.03859191017934152,0.00014280938910276193,0.027385019362337042,0.04051378074515684,2.2887166256782206e-05,0.0004217168168625517,4.462876023187549e-05,2.3265607735151772e-05,1.1576746569815065e-05,0.07666701364491905,0.004881210522982813,1.3690230365015469e-05,1.007085565914225e-05,9.387505394162342e-05,5.46952611809186e-05,1.362975833318978e-05,0.11737278815353461,1.829409845586884e-05,0.0004471569928392894,8.62086059896711e-05,0.028182956945126406,0.0005437390781319011,2.0656834408041553e-05
Z_U_1891_MLL_0468,0.00016985412084966842,0.00027318354368578794,0.36931082246051233,5.1723381596218565e-05,3.279651450883225e-05,0.34039450599123927,7.640854323307044e-05,0.0005165220701617534,0.0055908892555800085,0.0001507381556717704,0.0003250215209188863,7.406585449866745e-05,8.254574882008625e-05,0.00014442448771090176,7.52905404715268e-05,3.746386151032492e-05,0.016028993435585347,0.18248026589050126,4.4303370670364234e-05,3.259060215486815e-05,0.0015859767784002295,0.00017700099745603389,4.4107675289809514e-05,0.00030692859837144163,5.920208815781892e-05,0.07837815008919868,0.002843352015637752,0.00016859849978842384,0.00047742569801850966,6.684820980035896e-05
Z_X_1881_MLL_0359,0.00963885653469929,0.042173536694120134,1.351321772583014e-05,1.6808916845716344e-05,1.065811762873203e-05,0.4222976542823527,0.00044151180529260805,0.0560030817322226,0.033067969357818264,0.10296913790780414,0.03844025587592906,2.406970988660272e-05,2.682548172731337e-05,4.693465758617781e-05,0.0012745100301699561,1.2174898728827958e-05,0.046043772473906355,0.11472045879363416,1.4397582884208491e-05,1.0591200819960552e-05,0.017599317983956246,0.00047420205380613393,1.4333986358279187e-05,0.011350125707407753,1.9239325547312994e-05,0.000470260886413493,0.03634189030277947,5.479065899788981e-05,0.06640739568262692,2.1724140323829536e-05
Z_X_1881_MLL_0360,0.10235537567985414,0.019531098449731252,2.5122126958850965e-05,3.124908897395225e-05,1.9814272932165387e-05,0.5139595808666748,4.616282408795285e-05,0.06383271294186697,0.047532379445421616,0.03262603777350186,0.05597059539172707,4.474747021045257e-05,4.987066525226904e-05,8.725519343896479e-05,4.548737390100769e-05,2.2634087438118277e-05,0.0158811796035054,0.07074014498944883,2.6766230845691908e-05,1.9689869359326858e-05,0.00018353828222454703,0.00010693654875779182,2.6647999937927884e-05,0.02187541208553337,3.576740853352675e-05,9.960961082096316e-05,0.0032671177445396846,0.003975070604915281,0.04754160849637133,4.03868732347841e-05
Z_X_1881_MLL_0361,0.019283313231139656,0.025727758192619823,1.4842943065439005e-05,1.8462945006485452e-05,1.1706895896869221e-05,0.4592756865823219,2.727444896682823e-05,0.04595266793671944,0.051883137489635286,0.14788539174294169,0.05229187172113867,2.643821336243075e-05,0.005979343189461806,0.0005092360392173992,2.6875371743598336e-05,1.337293103137489e-05,0.031351881028162505,0.0395070888440557,1.5814331372886807e-05,1.1633394351725212e-05,0.00010844019210035983,0.0009785473286883593,1.574447683248937e-05,0.026655169526104514,2.113251036948492e-05,5.885249225146487e-05,0.044494828031938216,6.018216005422958e-05,0.04776944397398467,2.3861835464683954e-05
