,0 Allgemeiner Diskurs der Literaturvermittlung (Verordnungen Verfächerung),1 Allgemeiner Diskurs der Literaturvermittlung,2 Literaturvermittlung (Oberstufe),3 Kanon Poetologie,4 Goethes und Lessings Dramen,5 Lyrik (Ästhetik),6 Handlung,7 Interdiskurs (Pädagogik Religion Staat Ästhetik),8 Lyrik (Deklamation),9 Jugendliteratur,10 Mittelalterliche Literatur (Handlung) ,11 Handlung (Robinson),12 Literatur (Patriotisch),13 Literaturvermittlung (Idealistische Poetologie),14 Rauschen,15 Lesebuch Kanon,16 Schiller (Wallenstein Wilhelm Tell ),17 Diskurs der Literaturvermittlung (Methode),18 Prosa (Unterstufe),19 Handlung (Figuren),20 Schiller (Maria Stuart) ,21 Lesebuch (Form),22 Religion Schiller (Johanna) Nation,23 Literaturvermittlung (Patriotisch) ,24 Lyrik (Unterstufe),25 Rauschen (Praxis),26 Mittelalterliche Literatur ,27 Handlung (Idylle Natur),28 Mittelaterliche Literatur (Nibelungen),29 Rauschen
A_L_1825_ARN_0912,0.24870157277531998,2.2590538947879325e-05,0.10121410651406136,0.0001445840422495173,3.412992309752205e-05,0.026685185167377192,0.12867018447174328,9.680339138311712e-05,0.03759940153362239,2.290118439136018e-05,0.00011436977199019864,6.536277772425903e-05,5.388528750214568e-05,0.31160773922614904,2.6982284222465852e-05,2.7460297813131142e-05,2.360219092869399e-05,0.031168463077740197,0.012383058293549435,0.00011760714135542502,4.247359516756954e-05,0.0034686057510074993,0.002746326899999886,0.00920379076570429,2.4498840369592174e-05,0.08560469647792089,1.8723319058250635e-05,4.545007602763419e-05,2.8706459517941255e-05,3.673792405786261e-05
A_M_1787_BTT_0916,0.03551841091235261,0.20379922974452086,0.004431461507520699,0.02955990573891266,1.4270748120841447e-05,0.017111896706152763,0.22105464387658025,0.06309893545907147,2.4486011482294508e-05,0.16482760812042282,0.02061624585440479,0.008687719370117215,0.010306743265758145,0.0003867364453159089,1.128210517098179e-05,1.1481977040930966e-05,9.868786427703821e-06,0.06715990520858862,3.56232866107952e-05,4.917508564844435e-05,1.7759488548832398e-05,0.02120684138622525,0.006831702367528915,0.022522346210560044,1.0243702547121634e-05,0.09452216464094149,7.828783249905547e-06,1.900404478527971e-05,1.2003034757831438e-05,0.00813447613063455
A_M_1804_LEN_0927,0.10223843778815168,0.1271099143187036,0.002095209743598599,8.708827596694126e-05,2.0557705506102672e-05,0.0004788276517816282,0.11531977465323932,0.016822545076341042,3.52732883244511e-05,0.3688270047105959,0.026189909304924132,0.054620606624559385,0.0031513848708990162,0.0025064424904990773,0.004304778123572096,1.6540345371982726e-05,1.4216465973992384e-05,0.06360849632684293,5.131707385646418e-05,7.083909830359248e-05,2.558340546931131e-05,0.04029613392467114,0.007502203098143156,0.0016451212961154065,1.4756550846012937e-05,0.06286896424170936,1.1277742355190417e-05,2.737624915052672e-05,1.729095431028207e-05,2.2128600217734962e-05
A_M_1833_BIS_0915,0.34904516649349415,0.014149341396497341,0.08254023132559818,0.019179168345831145,3.2389866966090685e-05,0.00014016432616873102,0.09016880876470361,9.186803497348684e-05,0.0817517075413704,2.1733606421630742e-05,0.00010853882351623617,0.003133313541006752,0.0031224212111196727,0.07151727650271884,2.5606638312946226e-05,2.606028119298999e-05,2.2398873331893732e-05,0.14874517908212412,0.03140794141921159,0.00011161114110570629,4.030815109422414e-05,0.03584736641945072,0.001992053455207942,0.06647467479423952,2.3249808624742968e-05,0.00015841071923844365,1.77687424529954e-05,4.3132881135634894e-05,2.724290946090914e-05,3.4864903429299134e-05
A_M_1834_NIE_0929,0.1416668361484212,0.0869808635690816,0.00011418412647864779,0.0006784836326954993,0.00032124971393292896,0.020820420355077612,0.15282142824949294,0.053753560391688326,2.7609356809321353e-05,0.14465599332939064,5.392137112950957e-05,3.081627718928611e-05,0.008875005652037355,0.016609475135946957,1.2721208901301096e-05,0.019848258293234264,1.112761243106018e-05,0.19290749350421113,4.0167261682015693e-05,0.01561853841045672,2.0024823416027545e-05,0.004076596150927737,0.018383681591390557,0.025090054995171814,1.1550351468083718e-05,0.09650882821119915,8.827393970870838e-06,2.142813065641605e-05,1.3534097607659874e-05,1.7320653903389034e-05
A_T_1793_GED_0920,0.03386587504967358,0.23641319801680777,0.00033664501031981087,0.000789660126974477,1.2917783615430521e-05,0.0012807951306374298,0.24664314488535807,0.00420128043410022,0.0007571012989377976,0.02475153770399007,0.00028826655376675746,2.47390601125252e-05,2.0394961981573235e-05,0.006964501744808395,0.04067671147692918,1.0393407103547278e-05,8.93315799147177e-06,0.3092013012820694,0.032859419840939944,4.4512951269117605e-05,1.6075767594797e-05,0.0005778906810777391,5.953752798979086e-05,5.382428547447335e-05,9.272529499087634e-06,0.06008301049153391,7.086561064496163e-06,1.7202331389737905e-05,1.0865064985886362e-05,1.390488200350044e-05
A_T_1820_BER_0914,0.1657713386120532,0.10332087047096526,0.008084834138965614,0.004291972323076186,2.453726296985014e-05,0.0005715190348219478,0.16463285660326046,0.014960352911632556,4.2101486042373235e-05,1.6464507761303168e-05,8.222465556416836e-05,4.69917163562683e-05,3.8740124490410105e-05,0.3245389313348147,1.9398561244984216e-05,1.974222288007791e-05,1.6968487266354928e-05,0.10523799782764284,0.0005265871931128107,0.003341905296089655,3.053583715743197e-05,0.00016702801503352908,0.044785363354313205,0.00010223895105920782,1.7613121684669372e-05,0.059217698938697806,1.3460885982308528e-05,3.2675739242164026e-05,2.0638134580977775e-05,2.6412251237671465e-05
A_T_1867_WEL_0932,0.0717210604686323,0.06696759200068574,0.00013469463993615922,0.029958192246387856,1.8981457693323908e-05,0.03715938740576711,0.2699055754516188,0.16312172876746484,3.2568733404427274e-05,0.004332415800517646,6.360708701932798e-05,0.0032761111314908876,2.9968462046984046e-05,0.16214239459645455,1.5006277188921105e-05,0.010814470223542531,1.3126428304647568e-05,0.027413684500610415,0.03856452225453653,6.540755956853711e-05,2.3621815597208934e-05,0.0030089951589694977,0.03464491866246755,0.002598902571406122,1.3625102543658295e-05,0.07388735388510835,1.0413029281293415e-05,2.5277194232515836e-05,1.5965182379929776e-05,2.0431905142367428e-05
M_X_1782_MIE_0944,0.009045479513261833,0.5014789052217407,0.00011924518077284647,0.002015221467697598,4.575690698469498e-06,0.02882928195899618,0.20537978644663935,0.02422335527685182,0.001135933143615293,0.007465767189393069,0.03038677406574173,0.006516928881879211,0.008250901038122128,0.01071061748494393,3.6174293914292787e-06,0.004516009873378346,3.1642709884619444e-06,0.003310901679209376,1.1422045979206697e-05,0.0006231960344261976,9.246984573842359e-05,0.015390418788047316,0.058768133370517124,0.0435803892100566,3.28448193926844e-06,0.030046717247311682,2.510176088428813e-06,0.008076219065333767,3.848584112742157e-06,4.92533712754968e-06
M_X_1785_BAS_0936,0.07618567602135069,0.2638145391422628,0.001023990983331775,0.00016645506278412746,0.0007844580504130078,0.0001700357672434302,0.36274155732067836,0.03662454850054408,6.741914864496721e-05,0.0067328534992304795,0.00907365443729727,0.03956901328174199,6.20364375954523e-05,0.00031966475054060736,3.1063855626326705e-05,3.1614177646709435e-05,2.7172460471804512e-05,0.11114497137489462,9.808423299041989e-05,0.0008805627476532727,4.8898514941810626e-05,0.001012635392757782,0.017319901342011088,0.0001637201839343368,2.8204744786573407e-05,0.07172804369464017,2.1555568656670095e-05,5.2325243789125515e-05,3.304884444386101e-05,4.229521709634207e-05
M_X_1787_TRA_0955,0.06499051825710535,0.23904127556837862,0.0036797596187126917,0.00011146797248763082,2.631267786989989e-05,0.0061019374505518285,0.371157337429716,0.03201101320994436,4.514777550528975e-05,0.003011691626723055,8.817409168585226e-05,0.013523553011300532,0.005530608861024321,0.03364746600996559,2.080216093400377e-05,2.117068850415593e-05,1.819625684933605e-05,0.07692415446463474,0.0973718468917339,9.066996186433702e-05,3.274528408480167e-05,0.022135376116811767,0.00012127403909244877,0.0011076484772718706,1.888753434894145e-05,0.029071034925014824,1.4434860038429887e-05,3.5040020637035216e-05,2.213142467161757e-05,2.8323332536707883e-05
M_X_1788_TRA_0954,0.08432244907577789,0.3827521703858153,3.865497699421147e-05,2.3076488270996227e-05,5.447342305527499e-06,0.0003334907652664656,0.39161153208498267,0.0038377707574094857,0.008583740949024444,3.6551676435157175e-06,0.0057000816554832745,0.0020765514031750192,8.600418038365337e-06,0.054693167117325706,0.00031422440211241064,4.382829740706739e-06,3.7670525298765385e-06,0.01809453169869834,0.000116903857537698,0.000122076767015792,6.77904286988997e-06,3.7080695333395744e-05,0.0016780018609477041,2.269733849541002e-05,0.004136148379661961,0.03070851034274752,2.9883550488662827e-06,0.010647767514600401,4.581724691473073e-06,0.0001091695504556735
M_X_1793_MOR_0945,7.60097533052738e-05,0.24359796925785562,0.002019072466728025,7.075741757204842e-05,1.6702709252973115e-05,0.19424494289487526,0.26221018872810165,4.7374232176085944e-05,2.865881501730349e-05,1.1207520841597993e-05,5.5970974309631815e-05,0.001932535725301017,2.637070958494338e-05,0.19620909590364738,1.3204754287350022e-05,1.3438687484358359e-05,1.1550583682497572e-05,0.0038501233941076853,0.005109822302667718,5.755529781066496e-05,2.0785986214657026e-05,0.00011369729279236305,0.02795168743904312,0.0003863528790738972,0.0003287474067328532,0.04917918113448034,9.162931706204634e-06,0.012375805231054247,1.4048541675302723e-05,1.797902861787686e-05
M_X_1794_RAM_0947,0.022203971836407158,0.15985627359778964,4.967875108905064e-05,2.9657529404192682e-05,7.000836206258264e-06,0.016095119769679492,0.29869863887887116,0.21178344914730982,1.2012163222315732e-05,4.6975623236863164e-06,0.0002889941694219284,0.004793024552260123,1.1053118128972476e-05,0.07573422642503831,5.5346902415348465e-06,5.632741879185798e-06,0.00027037564027862667,0.033212335112555155,0.00015024294648616196,2.4123943407753267e-05,8.712316227887003e-06,4.765550976663482e-05,0.10292680212045534,0.00042747168020985823,5.025278497719055e-06,0.06973698922840199,3.840585564455702e-06,0.0002748571465683943,5.888358452272086e-06,0.0033267143638548917
M_X_1796_NIE_0946,0.13771236801244416,2.774440771955804e-05,0.16405150812187327,0.0017674151348746625,4.191641926027197e-05,0.00018138965087979023,0.21923440387889462,0.15035926778555403,7.192096129878104e-05,0.030235186332661153,0.013654147331176345,8.027482474183845e-05,6.617882778248098e-05,0.04644652313966682,3.3138098050704797e-05,3.372516699959115e-05,2.898686081422648e-05,0.02079102533345759,0.0008995563030289023,0.0009393610060047375,0.006411544778546395,0.08931666590112172,0.007347494815710494,0.05104970146212863,0.0032097786436284786,0.05505466501796477,0.0008179175517776894,5.5819183557547135e-05,3.525563152292635e-05,4.511941685778967e-05
M_X_1810_GLE_0959,0.36321495545251625,0.15683444564572496,0.02147691019939241,0.0034911835102464416,0.0008241146316715734,0.003566284238060264,0.07491526998025375,0.002337453002935386,0.001414031006851463,0.0005529810625591136,0.002761617781814092,0.0015782755013933661,0.0013011354797213643,0.006704562103597543,0.0006515249143725611,0.0006630672197296374,0.0005699078438666333,0.1743368733549748,0.0020571922001280025,0.03409758169405091,0.0010255842398845143,0.021238741111003386,0.003798310097974747,0.00343382290022226,0.0005915586961587083,0.0821750208346604,0.0004521006726346785,0.0010974555248171125,0.0006931575334824208,0.032144881565301195
M_X_1829_ARN_0935,0.2523395734099508,1.0544468418015633e-05,0.01008288231000427,6.748674171813817e-05,1.593064676506566e-05,0.010340891325972853,0.15885073008429018,0.012431951076475403,0.011205635716714093,1.0689466776644515e-05,5.338378387114612e-05,3.050904394168625e-05,2.5151755501406766e-05,0.28895274791973546,1.2594380527447365e-05,1.2817500446001834e-05,1.1016671953590183e-05,0.06258482681098594,0.00034188306066554086,0.010024731454545603,1.9825179199014244e-05,0.00010844177325884851,0.026659654570689275,6.637792556392131e-05,1.1435196351498354e-05,0.15566778670900633,8.739386295548625e-06,2.121449569554369e-05,1.3399164866245525e-05,1.7147969814503e-05
M_X_1829_KLU_0940,0.2639303775729169,0.0674115914080101,0.0008961675599346461,0.000250642089237991,1.0803187661757373e-05,4.674985299167257e-05,0.23126348535533878,3.064129973039079e-05,1.8536307619700044e-05,7.248940817986646e-06,0.0016752153663310428,2.068936258166289e-05,1.705637810639233e-05,0.10498476954807155,8.54073650166933e-06,8.692042747220246e-06,7.470831302570999e-06,0.10759198830006296,2.6967405431460845e-05,0.00147136337519954,1.3444220719562033e-05,0.0015076755984626473,0.017874066060930793,0.0666299473555827,7.754648882503848e-06,0.13424708711564778,5.926515827746636e-06,1.438636996528483e-05,9.08649188545861e-06,1.1628701499456237e-05
M_X_1832_REI_0949,0.10778349173186777,0.08660977732834295,2.2242163431969175e-05,0.005838641930775203,3.134413399018865e-06,0.06320092692980514,0.19888227755660717,0.030443443230107305,0.0038096972127701577,2.1031919411178705e-06,0.010591266032832123,6.544525309992171e-05,0.005057560043356056,0.10975632980447213,2.477990734446531e-06,2.521890399828525e-06,6.16100571509331e-05,0.08352589376963267,0.050117840288380934,0.026224937265057376,3.900676992952221e-06,0.0037067704740852917,0.07895406830261457,0.03139869291337832,2.2499169803417804e-06,0.10392079583402226,1.7195064273246755e-06,4.1740301283534315e-06,2.6363350158840645e-06,3.3739261905182113e-06
M_X_1833_TIT_0953,0.2728539158746337,0.16699568064115872,0.0005191491666862322,0.0012177557495793344,1.992085548219744e-05,0.000841782666506533,0.18239376359612908,0.03707977006096967,3.41805693677575e-05,1.3366897526486497e-05,6.675502001098958e-05,3.815075836061564e-05,3.1451609834563016e-05,0.2676362884330479,1.574894215376487e-05,1.6027947753366145e-05,1.3776059008696704e-05,0.06390472149792706,4.972734003609526e-05,0.0015797983999138194,2.4790866030516863e-05,0.0020245458418731693,0.0004696028456304739,0.0008385807537305189,1.4299412778914332e-05,0.0012307932611216514,1.0928373088938015e-05,2.6528169829574636e-05,1.6755303837879953e-05,2.144308599176892e-05
M_X_1841_GNT_0939,0.08414621097880166,0.037751946111490985,0.0022405441097341993,0.012779663221769797,9.203120860584738e-07,0.016985975571069494,0.29914475975904253,0.05101840222285202,0.00761118746279306,0.0021299116159940895,0.0030923057249126573,0.004050911915076857,1.4530147403865905e-06,0.06114615262254875,0.0012224536914345974,7.40465892407021e-07,6.36432186122148e-07,0.290424452182075,0.01157378895822712,0.0029527671787225643,0.003544151032853714,0.0069351970678461685,0.023513742781901638,0.04798276451239806,6.606103043985436e-07,0.02974480530474412,5.048735905791733e-07,1.2255595818657185e-06,7.740685956666497e-07,9.906367333597678e-07
M_X_1842_HIE_0933,0.14651847823873948,0.0013444235132722786,0.05339831423537837,0.026826582511815016,0.0018487812525736845,0.01792968236436446,0.20319777674140704,0.002776129091482279,3.7970237664582023e-06,1.4848912271121266e-06,0.007099916600691588,4.23806094758349e-06,0.0030671185516735113,0.1805200547854878,1.7495058964941964e-06,1.7804998475095438e-06,1.53034383076995e-06,0.01998300725937982,0.005083586897385501,0.016626740240819546,0.0016814524029120646,0.0020714694305928164,0.011886990973299231,0.025021827645229196,1.58848173603423e-06,0.2730930941615527,1.214002373715938e-06,2.9469401237812927e-06,1.8612997987877722e-06,2.3820523953517544e-06
M_X_1843_WAC_0956,0.0799326434454025,0.022257570621184306,9.267473963178267e-05,0.001431305831980572,0.0006105165853918417,0.02348452657222116,0.27015090993520574,0.01450969727652395,0.013696432018225173,2.3861614877647618e-06,1.1916621456067854e-05,0.001355611416185048,0.0018264958897704344,0.05559953278648266,0.34307035077796266,2.86119285205898e-06,2.4592020245977967e-06,0.055108959904040314,0.0006158374225859053,0.005407458014560104,4.425485394283856e-06,0.008521653393128123,0.013167199982410744,0.06765718838910009,2.552627339521868e-06,0.01391004262720724,1.950853811595206e-06,0.0075580213272445585,2.9910351788456677e-06,3.827864010403337e-06
M_X_1844_DIE_0937,0.17520325951203394,3.5158737093978157e-06,3.7693176383315986e-05,0.00022397336678112398,0.00020678286351260197,0.013622282930177648,0.1478589444132825,0.04494311240267138,0.11666085795291575,0.002723423533822686,1.779991506258021e-05,0.0002116437821788163,0.0023253036176737176,0.11135597479853598,4.199382048216813e-06,0.00010500930769793181,3.6733219495930945e-06,0.10961584841200239,0.0011213503947039142,1.8303762353035304e-05,6.6103689220430165e-06,0.20110427615809728,0.010098034891370539,0.0025405208433372847,3.812871794024589e-06,0.057646701919204735,2.9139997669577564e-06,0.002323990805335558,4.467723702470452e-06,5.717698972605434e-06
M_X_1844_DIE_0938,0.029167535135234693,4.273027717259619e-06,4.581051560724326e-05,0.0011292113193308124,6.455716161536796e-06,0.012760576505658448,0.2057782401284185,0.2784223802998304,0.00025593529695197657,4.331786677959789e-06,0.004918802394557249,0.002460948055372983,0.050818323063457745,0.06824560160903106,5.103731638434277e-06,5.19414848625062e-06,0.00012689361326332518,0.02009734314408438,1.6115050532249735e-05,0.014101607023315185,0.0008650385442746863,0.025019507805851073,0.12086740448544217,0.1365354907538144,4.633985235213409e-06,0.026966003966846484,3.5415384059489503e-06,8.596936755945309e-06,5.429861477300839e-06,0.001353670556568977
M_X_1846_SEI_0957,0.25642735291224733,4.491986997195996e-05,0.0004815794655658168,0.00028749630067937657,0.03224355814005623,0.022173151979659182,0.28159314684056014,0.09028442767236063,0.00011644437547398734,0.0013325652860897343,0.00022741711910351342,0.00012996978439310143,0.00010714751487703166,0.05589430741503269,5.365258002989842e-05,5.460308007715516e-05,4.693147649183612e-05,0.0014862314494260985,0.007891574512257407,0.028548464202030232,8.445608033393085e-05,0.030063603916802274,0.0028868433753208964,0.1431428493001553,4.8714407673270286e-05,0.04409085411921312,3.723014574732363e-05,9.037462585940992e-05,5.708099447633159e-05,7.305105803479937e-05
M_X_1848_SCH_0951,0.2956059726030655,0.07381361449151537,0.005938126339127083,2.5326580767167577e-05,5.978490021844e-06,0.030638171673319493,0.14464803741002566,0.04684243844983617,1.0258002879881518e-05,4.01156785442909e-06,2.0033990076397775e-05,1.1449504685607133e-05,0.0002361967889126691,0.21150026754631496,4.726448299623704e-06,0.00023156796110278244,4.134362171214465e-06,0.056253477972720574,0.004323321594089848,2.0601075457508245e-05,7.440039175464536e-06,0.0111518274921971,0.00694366689734242,0.0467370131093836,4.291426976786529e-06,0.05569827424741819,3.279737134059937e-06,0.009305030398662305,5.028469630596408e-06,6.4353298358044254e-06
M_X_1849_SCH_0952,0.3718050364347853,0.008760108737384371,0.01906887354125032,0.00015012260325974696,3.543733336499715e-05,0.0008254021887572605,0.14502398921722442,0.00010051162557570711,6.080402683374214e-05,2.3778456910406044e-05,0.00011875091910739295,6.786662065596471e-05,5.594946379533129e-05,0.30271089727394324,2.8015890871141382e-05,0.0020446628677633456,2.4506316808699932e-05,0.04513138323373539,8.84602735956042e-05,0.00012211230193539835,4.410062533285851e-05,0.0015853265020955047,0.00016332919716829851,0.03375016693724008,2.5437314076342595e-05,0.068050387067457,1.9440550664897484e-05,4.7191125835635866e-05,2.9806113912396648e-05,3.814523865923824e-05
R_X_1889_HER_0988,0.001989336874623807,0.1066044431934372,0.001220425429840378,0.010855731132916886,4.683031424250115e-05,0.06503483392762112,0.29378158932299125,0.07651046227331734,8.03523124752433e-05,3.1423149079721326e-05,0.028576514607944647,8.968550593693076e-05,7.393702410528474e-05,0.019919451896549867,0.12259648613338041,3.7678795000711984e-05,3.2385013433637004e-05,0.03388571830592963,0.0072217963666393785,0.004601931249255799,5.827882480199527e-05,0.0012068914713066177,0.05350256211611839,0.11032102148396492,3.361532312295692e-05,0.01443882816491579,2.5690620885815824e-05,0.04713230168728952,3.938867709058595e-05,5.040880178167643e-05
V_X_1835_ALT_0967,0.15083151934756975,0.04329998671098856,0.0007033661346646599,0.00041989988402361695,0.005738386748268439,0.00042893257646346163,0.1161564573983619,0.1356235408766782,0.00017007168315274693,6.650944682636795e-05,0.0059714187116849966,0.00206958171339032,0.0001564932451790389,0.06095856704582628,0.03579371867345021,7.97499896087339e-05,6.854530472013385e-05,0.2728555110689716,0.00024742748804604123,0.0022213093998507353,0.00012335149444881458,0.0006747204985074522,0.09068510947184308,0.0004130008730074422,7.114934725750624e-05,0.07379523989291643,5.4376121865017686e-05,0.00013199576769290308,8.336908302446103e-05,0.00010669400171108066
V_X_1835_ON_0966,0.3606530895861971,0.0004987139978317885,0.01963561246346709,0.03176981381802565,0.0007534601291685678,0.003260533036782145,0.039914554234967044,0.016426025626104287,0.0012928007150044794,0.0005055718789732699,0.03110279655264033,0.001442963900217876,0.0011895841536367197,0.006129754325983699,0.07204052427943998,0.0006062199284237857,0.0005210474625149713,0.23083516284241148,0.001880821236833381,0.0025963226364034233,0.0009376569765413231,0.005128891104788977,0.017761637849482242,0.14602914229725675,0.0005408421043495765,0.0036849846004010697,0.0004133403510984783,0.0010033664610568306,0.0006337304843775235,0.0008110349656202976
V_X_1835_ON_0968,0.38027658677768955,0.03885253539872738,0.004342131365742168,0.013095087866168796,3.592013607007196e-05,0.00015544125801509692,0.12656362492910436,0.00010188100865596308,6.163242857414421e-05,2.4102417610287274e-05,0.00216398773982669,6.879124406652162e-05,5.671172635582498e-05,0.04457063772308629,0.010246492298909247,2.8900669689583462e-05,2.4840193963755487e-05,0.263732279506524,8.966546753454208e-05,0.00012377597535828506,4.470145782177331e-05,0.00705657570576927,0.0008467607291772249,0.0015120803826252664,2.57838752557463e-05,0.10576265511242168,1.970541118226438e-05,4.7834063693693647e-05,3.0212196172493765e-05,3.866493420801774e-05
V_X_1835_ON_0969,0.242466898313938,0.03487739429197935,0.00010437412160084933,6.230991143205742e-05,1.4708625186446743e-05,0.0017372979100033711,0.07971956874131633,4.1718371194764104e-05,2.523732898614605e-05,9.869490082814674e-06,0.004791290355403604,0.001980757616239547,2.322239328428278e-05,0.018529785400715492,0.008100925093294901,1.18342847385693e-05,0.0008469954039895712,0.5626677144273918,3.6716335137492314e-05,0.007024215686857647,0.006712894878618448,0.0012158884073219405,0.0003467327118074914,0.0003402274207096673,1.0558015600248565e-05,0.02824500440985504,8.068998031057918e-06,1.95871561466986e-05,1.237133035057908e-05,1.5832568785790145e-05
V_X_1835_ON_0970,0.30737553531847167,0.03806361020028706,0.0005470589028580018,0.0003265866218789161,7.709271449314547e-05,0.0003336120025056804,0.039172524790051844,0.00021865962582285145,0.0015942995041792578,5.172922496172259e-05,0.00025833858908772873,0.00014764152697259016,0.00012171615719478675,0.04887392520772221,0.0044470148487365194,6.202735626316623e-05,5.33126594361011e-05,0.5265543567050441,0.00019244231912290215,0.0002656511632025052,9.593941177056489e-05,0.0019868015221903425,0.016437563628836773,0.003245265580314443,5.5338012354421066e-05,0.0033010859596815188,4.2292257336688336e-05,0.00010266269059201458,0.005912931828190526,8.298367043989303e-05
V_X_1869_ONJ_0971,0.3633941531418736,4.0490334442190894e-05,0.0004340910522097105,0.0002591463727002573,0.01514265870946909,0.0060652924201698155,0.0925694419654133,0.23335647703418713,0.00010496182891439651,4.104712230495516e-05,0.012966248684797498,0.00011715350112858983,9.658172908178033e-05,0.07126464282520287,4.8361914459081686e-05,4.9218685968544366e-05,4.230357701851004e-05,0.13591293131133186,0.0001527029143686581,0.0002107941070931468,0.0023963564545472233,0.006216983456235096,0.0246443439351035,0.006055459973630412,4.3910693866104294e-05,0.028141924784872173,3.355889172389941e-05,8.14628098527356e-05,5.145225393756128e-05,6.584751409635179e-05
V_X_1886_ON_0980,0.49874586926520253,0.00017365568714868495,0.19093147324570459,0.0011114317044627839,0.00026236006416253943,0.006110859668017595,0.09848235483810984,0.05547485009450555,0.0004501622121826558,0.00017604364912124956,0.0008791716474679682,0.0005024500790282603,0.00041422148670197987,0.08671825222843295,0.00020741546354002716,0.00021109000086491837,0.00018143235508427623,0.015696659612976883,0.0006549150529284013,0.0009040576230956219,0.0003264986891865078,0.006761434958765599,0.0012092066354805501,0.030946286880758345,0.0001883249872233282,0.0012831373005311323,0.0001439279888039062,0.00034937918930348085,0.00022066936803479686,0.00028240802317304746
V_X_1886_ON_0981,0.30425870722269116,5.224978432126087e-05,0.19367854783766736,0.00033440924279243555,7.89392906854111e-05,0.0033356863948279447,0.15089190057701443,0.000223897107236093,0.004626570725628407,5.296827791097582e-05,0.0002645264875329872,0.00015117793544503497,0.00012463158389324524,0.09046471328983688,6.240747661538845e-05,6.351307693207489e-05,5.4589639865553e-05,0.15742109278633398,0.0001970518260939964,0.0002720142173074561,9.823741664482891e-05,0.04544860139394061,0.001860869658486728,0.00032891485439721056,5.666350538982405e-05,0.04529732470276624,4.3305269733885e-05,0.0001051217359314805,6.639533133317477e-05,8.497135074390862e-05
Z_B_1852_KAL_0886,0.128291308537932,3.411785592172293e-05,0.07954589327417999,0.0011958935682275114,0.005916739585466335,0.028571496756765596,0.2138776095845321,0.05195541418551655,8.844265194437211e-05,0.013720039966455693,0.032431297122827406,0.0108515714561866,8.138143492461507e-05,0.10794790561569552,4.0750585351903986e-05,4.1472515840263346e-05,3.564572546941251e-05,0.004061430036043357,0.0001286701160420242,0.0001776187594898777,6.414667679014177e-05,0.1763066996516139,0.03738380033898469,0.03345087353567428,3.699990991394651e-05,0.030555598903121716,2.8277302435310472e-05,0.04308006553387064,4.335455883171094e-05,5.548425395079027e-05
Z_B_1852_KAL_0887,0.1672678815830967,3.6432780318971866e-05,0.053627385444391655,0.00023317720135225471,5.504286521823565e-05,0.028422378708556708,0.23674024990434697,0.09723498038267378,9.444355813300122e-05,0.03657198905895582,0.00018444928594503346,0.00010541349754248623,8.690323176971425e-05,0.16224590171246592,4.351554585967243e-05,4.428645992145608e-05,3.8064317063682126e-05,0.06279308984078605,0.00013740048853395104,0.008540540117252726,6.849908121569051e-05,0.033778162331944514,0.035744886843182354,0.004404780958791754,3.951038402909373e-05,0.07125159398311856,3.0195940507001507e-05,7.329938604899066e-05,4.6296201067429245e-05,5.92489059098268e-05
Z_B_1852_KAL_0888,0.1311162558761306,2.059135738932852e-05,0.07455773995691028,0.0001317888738122853,0.0006210856028511823,0.00013462385521959837,0.1916203182659144,0.013067709856931028,5.33783324141135e-05,0.0012008266225538064,0.0001042484579504586,0.016578907956836874,4.911663309774907e-05,0.10880868506178208,2.4594448980925767e-05,2.503016008569643e-05,2.151348180338693e-05,0.07501827441670454,0.0596652386505518,0.017806480992659527,3.87148345474592e-05,0.19785374487017415,0.0048631910547737986,0.015469001004515112,0.00238223500244326,0.06563949114299235,1.706637257005579e-05,0.023050494066718545,2.6166040955464206e-05,3.3486749730177366e-05
Z_E_1843_HIE_0021,0.005897196052382414,1.8311812382887667e-05,0.055810634885799175,0.002215852778112595,0.0031756457807912766,0.0006443838239693425,0.2569766433927295,7.846849272275956e-05,0.006868092870484332,1.8563620500070916e-05,9.27077398104644e-05,5.2982840527732514e-05,4.3679226830924405e-05,0.11617567614360853,2.187174584384706e-05,0.0026455760417571105,1.913185396366606e-05,8.1206409857435e-05,6.906011414233517e-05,0.012162589311054425,3.442894867314665e-05,0.028520144604112962,0.010096113502611252,0.007985224181105102,1.9858674885151424e-05,0.49017088743030063,1.5177057376571187e-05,3.684167371687017e-05,2.3269356347908067e-05,2.9779633599556428e-05
Z_E_1843_HIE_0030,0.01738466275649783,1.9422555439702283e-05,0.018015841417291553,0.0006807962722561749,2.934371442150237e-05,0.2316259772857614,0.17239628976970336,8.322817088285052e-05,5.034848363757067e-05,1.9689637529333626e-05,0.05407766408058156,5.61966306767344e-05,0.10410957880586925,0.10541495104521251,2.3198424455908945e-05,2.360940382594736e-05,2.0292338437283313e-05,8.613216237346008e-05,7.324910650871106e-05,0.10138192478480254,3.651731190516956e-05,0.00409516187135815,0.011265003331745195,0.00012226590171534829,2.1063246272461718e-05,0.17877615065722954,1.609765500783881e-05,3.907638606684402e-05,2.468081008386581e-05,3.1585982450427215e-05
Z_E_1843_HIE_0031,0.0001424117808404269,2.0713562447984393e-05,0.00022206712396743953,0.00013257101103373765,0.007153023336771203,0.29746761529503496,0.23548791657314236,0.008990921754896884,5.369512076955237e-05,2.0998397343139763e-05,0.00010486714901961669,5.993199105558563e-05,0.0938188420842472,0.05604147134105264,2.4740411484683804e-05,2.5178708436521697e-05,2.1641159462317637e-05,9.185732174334029e-05,0.037467196031943345,0.06717078513633412,3.894459835259701e-05,0.00021302310873534192,0.028631150199868203,0.0025043025720470277,2.246330913439256e-05,0.06009427240720477,1.7167657639395e-05,0.10390022403945645,2.632133050288431e-05,3.368548603189838e-05
Z_E_1843_KEH_0025,0.009438102234380805,4.43708276281335e-06,0.00030182867741994015,0.026979889465769322,6.70357151821632e-06,0.13796470718207532,0.27190410888556027,0.0345982852473995,1.1502111016009498e-05,4.498097665813033e-06,0.019854693145239535,0.006242192226162297,1.0583788235271698e-05,0.03539658654887891,5.299680034241625e-06,5.393568270747402e-06,0.0011488028653745463,0.002689400080642811,0.011966923267677877,0.03498376040790262,0.004839270053865707,0.0002998913455778809,0.17051179150500204,0.011215343100682276,0.0025474054112193814,0.02380603483088652,0.00013080718489574927,0.014120320995483535,5.638331028858143e-06,0.17900579910737113
Z_E_1843_VIE_0018,5.501202570804397e-05,8.001409877533246e-06,0.0003150354395498502,0.00028046412503904115,0.26548761265231136,0.23343234984079653,0.17899959607532384,0.0007220475048776102,2.0741804833414554e-05,0.0004666183883480368,0.0011867763432776483,2.3151035772654376e-05,1.9085789527560694e-05,0.1387966986881654,9.556935139713206e-06,9.726244188725667e-06,8.359729887985074e-06,0.0011817507972985439,3.017605619192761e-05,0.022967003123670657,1.5043848431072615e-05,0.0003115418409478526,0.06585146308703523,5.0369252218527454e-05,8.677316808316645e-06,0.08717544271474151,0.002528419893040536,1.609809699986321e-05,1.0167625892671571e-05,1.3012314098165553e-05
Z_E_1843_VIE_0019,0.004186716549670505,4.997437278562495e-06,5.357680632893889e-05,0.013204981492129526,0.0053053858592471605,0.3020093075946143,0.12282292979785682,2.1414667348371448e-05,0.02292251448746843,0.0005778051523632114,0.01348466704443582,0.011326054577703165,0.05384938590305021,0.02841200434497695,5.968971052227939e-06,6.074716335382172e-06,5.221233060217779e-06,2.216186641683877e-05,0.05800867025772704,0.06331367574591751,0.016332457278432383,0.0033446440302598622,0.12131228048907092,0.03210484280488409,0.0012940823262083817,0.04012865555964463,0.019477267756947615,0.04854968418042428,0.004158708101309253,0.01375386296783733
Z_E_1843_VIE_0020,0.00011155897648498042,1.622607211579012e-05,0.0020335713662525887,0.0010336571509075281,0.05023409192811115,0.3687745558195344,0.11845433379895765,0.002394048300901912,0.03630453496427408,1.6449198946893683e-05,0.058659988595907896,4.694802312991069e-05,0.013520905464038314,0.050873917598596746,1.9380524327135482e-05,1.9723866423238545e-05,0.002806373680962719,7.195688963275421e-05,0.07305104281763507,0.07958297117964556,3.0507444722586147e-05,0.0006317762064033031,0.014060090928141193,0.0038213718500537458,1.7596744881004702e-05,0.04382082256714147,1.3448369956425584e-05,0.07953114303387296,2.0618945099176153e-05,2.638769294183923e-05
Z_E_1843_VIE_0024,7.505873506725277e-05,0.0003237119760593137,0.014818397249753189,0.031974942208431056,0.2449348259126479,0.1793027983414523,0.1973088927836679,4.6781495627780704e-05,2.8300241879300213e-05,1.1067294669825627e-05,0.007875140797934674,0.0075386627268934974,2.60407647466262e-05,0.09678777897103862,1.3039539145742858e-05,1.3270545419203108e-05,1.140606517975062e-05,4.8413792286231676e-05,0.0159937074370262,0.04447369746416778,2.0525916274606042e-05,0.007932144856716464,0.059194237022484025,6.872410730465559e-05,1.1839382662740643e-05,0.08140731594735087,9.048287008815027e-06,0.009718603289114476,1.3872769241242152e-05,1.7754078747972247e-05
Z_E_1843_VIE_0026,5.643520198662522e-05,8.208408558028043e-06,0.004556503355008356,0.027804285910646084,0.1013768456695734,0.3497727578478903,0.14999900642948008,0.016733261217350373,0.010839757381057222,8.321283453251384e-06,4.1556946354845216e-05,0.004257067821197371,0.0009603168467766302,0.05372291679541331,9.804175687788326e-06,9.97786480859786e-06,8.575998405982719e-06,0.009914143065517116,0.010614251373448123,0.06518879146975931,0.0009561703395491207,8.441718865076591e-05,0.10330307609953293,0.007577570739544078,8.901801387540653e-06,0.03886606544738433,6.8032308900209534e-06,0.026121974706629053,1.0430665178967526e-05,0.01718180471888027
Z_E_1843_VIE_0032,0.000609622077516562,0.03836554286859772,0.017391571812110748,0.12597118489360337,2.592458223141832e-05,0.15350572009411617,0.20048996115413026,0.004006697948465356,0.023643487062213277,1.7395399229416827e-05,0.03843525700968569,0.001524586418588741,0.0005325764047860971,0.014468641032784892,2.0495341994122555e-05,2.0858434011749678e-05,1.7927873374463804e-05,0.0010593879180708715,6.471411416379828e-05,0.030079735063132166,0.0005239082529276229,0.0016514094835588411,0.24250093444418108,0.00010801946807372763,1.860895496075686e-05,0.0487997388333605,1.4221954827842599e-05,3.452320211902744e-05,2.180499991808598e-05,0.05607554290326564
Z_E_1843_VIE_0038,0.00015663451544287792,0.009814006930518773,0.0008969933898291162,0.046490941163277275,3.4419540343925776e-05,0.33761982536113927,0.1297620446676917,9.762483863850093e-05,0.0013645543048125802,2.309551761455139e-05,0.00011534028277456158,6.591742848182761e-05,0.0007070908563588117,0.059027367397884035,2.7211248549044147e-05,2.769331843305286e-05,2.380247270273524e-05,0.0007537794706089229,8.591961264404962e-05,0.014479068008696557,4.2834014546252254e-05,0.014594760716507841,0.19859412537126972,0.00014341524990081438,2.4706730866961644e-05,0.0706651551425766,1.8882200052318345e-05,0.012448053699254082,2.8950054727219344e-05,0.10186578649385603
Z_E_1843_VIE_0040,0.0003696981148978654,1.0406138418722517e-05,0.00040971559274370015,0.014974245370291125,0.002102791812581134,0.35069582024385804,0.16809662018762492,4.4591653720995075e-05,0.002710351421863315,1.0549234583513693e-05,0.008699116958442643,0.026565715068406017,2.482179649514849e-05,0.05975847898610669,1.242915829144707e-05,1.2649351160770383e-05,1.0872147245170657e-05,0.004220287853803525,3.924511085803236e-05,0.04328634223230042,1.9565098091473536e-05,0.00010701915527342107,0.12171883524829617,0.0015562715285693314,0.01402447051170726,0.06567052414506389,0.0006049304954229956,0.029836224125910495,1.3223384884458175e-05,0.08439418787308728
Z_E_1843_VIE_0041,0.00025197431394633564,7.092488393165329e-06,0.000888883101769545,0.011831653897132914,0.29690255388253184,0.17826275750912587,0.22755476790123172,0.006939579440184172,0.0022537109088867587,7.1900181248534914e-06,0.0028808667833387924,2.0521190017818113e-05,0.0012361860667240733,0.12526538991424774,8.471313504757794e-06,8.6213898642192e-06,7.410104982499701e-06,3.145267695636249e-05,0.005919878466781075,0.015887412042531565,1.3334939969206401e-05,7.294080532865694e-05,0.049429754106027235,0.0002478589370826968,7.691615563853298e-06,0.0707699693864816,5.8783424073483596e-06,0.0032656516460066757,9.012632740175577e-06,1.1534178116358756e-05
Z_E_1843_WIN_0039,0.0015125983724737786,1.629424939725603e-05,0.0020421158474078958,0.01831170505392132,2.461745070107763e-05,0.1835812859787583,0.2916890925252845,6.982297347291786e-05,0.0005090959593902352,1.6518313743037098e-05,0.01502191371014234,4.714528520075292e-05,3.886672714752691e-05,0.11784820981194417,1.9461955708222605e-05,1.9806740428921324e-05,1.702394025220439e-05,7.225923175738522e-05,6.145119334499905e-05,0.005687111065419299,3.0635628218309276e-05,0.0015681445195877977,0.13830309899460658,0.0001025730677672771,1.7670681334637782e-05,0.0981603437909407,1.3504876133474106e-05,0.002833923838102659,2.070557996764742e-05,0.12234300263744476
Z_E_1844_BIL_0048,0.00018850320987059925,2.7417486013149846e-05,0.016005054942764784,0.00017547748485535522,4.142250396571589e-05,0.31832935164845005,0.14673662473100862,0.00011748748603986876,7.107349237344009e-05,2.7794507434433138e-05,0.06691105037415684,7.932891942818057e-05,0.0008509548212724235,0.241502622533692,3.2747620673376556e-05,3.3327771990987833e-05,2.864529886427995e-05,0.0009071426520686679,0.024455630555573888,0.09048165350367394,0.0016226605801163336,0.00028196782271980796,0.02925647923387444,0.00017259436640934097,2.9733536447333825e-05,0.06147593955416344,2.272395269469739e-05,5.516144730585265e-05,3.484020253505689e-05,4.45877595630876e-05
Z_E_1844_DEL_0060,0.0029029702883098833,0.01565162460480955,0.00015003286065920724,0.016930092293527366,2.1142952671026002e-05,0.25791190882477905,0.16150599797404952,0.011687949555579108,0.042939519076992894,1.4186924954780285e-05,0.001273744906605655,4.049121681059798e-05,3.3381091427223625e-05,0.11524892700169238,1.671510236462227e-05,1.7011224295359267e-05,1.4621187522515302e-05,0.00046302546496057475,5.277799428738198e-05,7.285578160687237e-05,2.6311726804372447e-05,0.00014392254836770383,0.19095672742746275,0.015324761187296632,1.5176647804017919e-05,0.06947032823311876,1.1598802832399393e-05,0.09706165532805065,1.778320194880901e-05,2.275856840836337e-05
Z_E_1844_HEN_0066,0.003364501831137546,3.624361425460289e-05,0.005580756603113602,0.010616354554618278,5.475707198220575e-05,0.0002369564563322721,0.24901075306367906,0.00015530859108416292,9.395318885454901e-05,3.674200491493404e-05,0.07079733036032385,0.014643009446563604,0.013586156484228404,0.04613678210527179,4.328960470236649e-05,4.405651602876301e-05,0.3541454993394959,0.0001607276075318727,0.0001366870785380412,0.10507100488307135,6.8143420695329e-05,0.0003727377847102951,0.06152026259155523,0.009574104508675178,0.007308376876625848,0.04699754935696819,3.0039157325053282e-05,7.291880141454459e-05,4.6055822208761686e-05,5.894127409443957e-05
Z_E_1844_SCH_0221,0.0004403093652522509,6.40422827364563e-05,0.0006865881026167155,0.00040988363023506167,0.0019316715760541179,0.0022536169649711004,0.2711884570177131,0.13422330532807267,0.00016601480863213177,6.492293650784675e-05,0.0003242287088059015,0.00018529799138989114,0.00015276026948757694,0.055834634696007274,7.64925121546424e-05,7.784764058233886e-05,6.691023123187326e-05,0.020468082048635445,0.2718091092590051,0.0003334063793647365,0.00012040907907646977,0.1419471660407591,0.033474431867310285,0.00407298140224908,6.94521571744979e-05,0.05552068996080436,5.307903878078708e-05,0.0037986793672563036,8.138040447163445e-05,0.000104148932661253
Z_E_1844_VIE_0051,0.0003407438899051486,9.591144614482307e-06,0.0006524292307987207,0.011328266225771114,1.449035938738519e-05,0.32927547109320077,0.128825346931757,0.0008655052226798644,0.025031842494523823,9.723033693318763e-06,0.03357439824026623,2.775072586820605e-05,0.10719564780335868,0.03501773667173268,1.1455724478455976e-05,1.165867215873649e-05,1.0020656299436233e-05,0.0014165432053412522,0.0011353793877649696,0.05968196028049141,1.803278772981102e-05,0.0025718553384112535,0.07014128893526819,6.037670729850988e-05,0.016223717831310602,0.03552032341208557,0.006877998619585483,0.12340538299996073,1.2187748386242148e-05,0.01073287462587191
Z_E_1844_VIE_0053,0.00014578609025373517,2.120435027704538e-05,0.0008348680935162134,0.05116901367370495,3.203566085599815e-05,0.06514533703871406,0.2058302953824618,9.086339301728893e-05,0.09361602016282333,2.1495934059563084e-05,0.08030253997877765,0.002491509236895643,5.057880706657749e-05,0.06708994866501128,0.036477684840736366,2.5775293581310375e-05,2.2153925805506808e-05,9.40337921421421e-05,7.996886489593265e-05,0.002540547809591606,3.986735294525198e-05,0.00021807048527129914,0.07062221027288648,0.034155683398031475,0.03039996074645997,0.06273322667929151,0.17863412975141682,0.01644622239567342,2.6944988972447303e-05,0.0006420229348632916
Z_E_1844_VIE_0058,0.009438845575601828,3.998013762692984e-05,0.0004286213055301192,0.046075733375665985,6.040223412923739e-05,0.03577177098737983,0.20022517384017452,0.00017132007869223015,0.07226990673859475,4.052990970683451e-05,0.09527860225402968,0.003552166240667499,9.536475492563245e-05,0.017673845365315067,0.020666686096960603,4.859850791424014e-05,4.1770532513782386e-05,0.009341268240103309,0.00015077878749578173,0.00020813800450480516,0.004657153880647698,0.004993150299441912,0.03693427328062773,0.0002516768502906757,0.05617267654768517,0.07131618335215992,0.2715157613046804,0.014971888360076497,5.080393190074466e-05,0.027556929224956613
Z_E_1844_VIE_0059,0.02047550436835955,1.4814201440075401e-05,0.00397888075075123,9.481390115775839e-05,0.026762800179179893,0.19449545361474876,0.1981309606734112,6.348077588324107e-05,3.8402391545483735e-05,1.5017913453621627e-05,0.14608617592070866,4.2862959494861666e-05,3.5336363844834275e-05,0.002304338609209613,1.769417696086002e-05,1.800764401180323e-05,1.5477612625865044e-05,0.004734657754288146,5.586942575576023e-05,0.06459368923335337,0.22541138275077585,0.0001523527037959385,0.08117331344051337,9.325609613455651e-05,1.606560857714551e-05,0.03066994036602776,1.2278194017224444e-05,2.9804803829318162e-05,0.00044327593164450126,2.409163449969216e-05
Z_E_1844_VIE_0069,0.00011932545119019138,1.7355693259895714e-05,0.00018606789133277052,0.02497452935832568,0.019419711612902315,0.4551145933546827,0.14460253069632367,7.437139818750231e-05,4.4990621384883504e-05,0.010460243098634086,0.016995012755099913,0.003531099349553889,0.010484047337690289,0.08077089696671692,2.0729751047413684e-05,2.10969958162432e-05,1.813291780975239e-05,7.69663597875264e-05,0.013988985921538423,0.016500230949590553,0.0020217072530088085,0.02752828433068563,0.08962926971243831,0.0050819447854593665,1.88217890533199e-05,0.07819947185396534,1.4384613980741818e-05,3.4918050427858795e-05,2.2054387773593705e-05,2.8224742332385225e-05
Z_E_1847_HEN_0536,0.0024480881320261393,3.8144951765589395e-05,0.002594777009377946,0.0013370506804846539,5.762962421223987e-05,0.2975223307597714,0.17026896040637057,0.00016345606909042387,0.029607593278330617,3.866948796568256e-05,0.00347186324692162,0.00011036744228675673,0.06348007083836285,0.23435270426128285,4.556057438762446e-05,4.636771782945613e-05,3.985316315889752e-05,0.00016915936676826444,0.09413456777705351,0.046101023780402615,0.0186512771938605,0.001485206817024402,0.026495578154018845,0.004611785203875969,4.136718855477745e-05,0.002467682511888486,3.161500945225374e-05,7.674411672144839e-05,4.847190747414669e-05,6.203332927949504e-05
Z_E_1847_HIE_0534,0.002035739728533315,1.3559533245121343e-05,0.0001453698057804628,0.01951192361171696,2.04858249713307e-05,0.08983279669250012,0.15726336101415958,0.006662651906140089,0.011301731062801409,1.374599215289873e-05,0.07621519642041376,3.9232740732321787e-05,0.007025393942792405,0.1349771323743557,1.619559324316981e-05,1.6482511638042997e-05,0.00040266955458484515,0.004722165295170674,0.06726212149607882,0.1644072744717715,0.03693325965243638,0.006743996949675835,0.13024285525823442,8.53579007253134e-05,1.4704954194534184e-05,0.0840167951520362,1.1238309445166924e-05,2.728052740626852e-05,1.7230496053295563e-05,2.205122701006187e-05
Z_E_1850_BEC_0866,0.008700898694343248,1.3067102476811715e-05,0.00014009052633511386,8.363211258239917e-05,0.448169180574019,0.10266934612896443,0.1901147193698695,0.02401720064431787,3.387344148851602e-05,1.324678990495517e-05,0.05435326347823086,3.780795653713862e-05,3.1169002891323166e-05,0.040595145167838645,1.560743078360773e-05,1.5883929391672963e-05,1.3652274886140875e-05,5.794797681373697e-05,0.00042367436761154285,0.054729529928188594,2.456810888371244e-05,0.00013438513045565395,0.05437809768366405,8.225802583466508e-05,1.4170926085965057e-05,0.021062608088650094,1.0830176712679542e-05,2.628980222217016e-05,1.660474985270764e-05,2.1250410163166223e-05
Z_E_1850_BEC_0868,7.084815731465044e-05,1.030474952424052e-05,0.0007009715811731208,6.595249205966147e-05,0.33364572008896026,0.08273678932990801,0.23643258178302812,0.04226461000363236,2.6712680235162748e-05,1.0446451477137811e-05,0.017767045458901527,2.9815448591602807e-05,2.4579953228757537e-05,0.06390020803251154,1.2308058747331428e-05,1.2526106237581813e-05,1.0766217942149846e-05,4.56979186902156e-05,3.886273862314451e-05,0.04375033931231683,0.001200366158909708,0.00010597644822831322,0.1471052195145602,0.0039030918669665108,1.117522756873839e-05,0.02605795863954795,8.540704301161603e-06,2.0732203441583896e-05,1.3094547046559248e-05,1.67581263258167e-05
Z_E_1850_BEC_0869,4.3104412814248076e-05,6.269466903247734e-06,6.72140529910996e-05,0.004351257314219589,0.3222665479381541,0.11464523344735775,0.14276911441992948,0.053736378144314235,1.6252143173148687e-05,6.355679159229823e-06,3.1740610610436614e-05,1.8139884692084738e-05,0.0005538460116255384,0.19677243124781182,7.488291372643564e-06,7.620952678019812e-06,6.550226854391704e-06,0.0002074333449442145,0.0005625357376694035,0.023204970616586065,0.00737663709910618,6.447666031359704e-05,0.06489025806509105,0.018721036212167537,6.7990705852339236e-06,0.04908544518517595,5.1962119817273926e-06,1.261358784147534e-05,0.0005468582266473338,1.0195737229032341e-05
Z_E_1850_RNN_0871,0.0001024608083885558,1.4902758328718554e-05,0.007418572986151695,9.538068324997004e-05,0.00044950356917871335,0.019311910091089308,0.1596054349365096,0.012019535218829248,3.8631954801085516e-05,1.5107688099575013e-05,0.042774287785065354,4.311918730074488e-05,3.5547598885124445e-05,0.09668254811755518,1.779994987512027e-05,0.002153057248849812,0.242117988180265,6.608846112791925e-05,0.0009101801873306386,7.75842847041005e-05,0.07048110403296035,0.00015326344349926411,0.32845784466892164,0.016746360838857072,1.6161646174278625e-05,0.00011011608894793737,1.2351591065639149e-05,2.998297210281037e-05,1.8937371510084362e-05,2.4235650375421332e-05
Z_E_1850_RNN_0873,0.0007392136375705815,7.963073071888214e-06,8.537096114960437e-05,0.0002791203495274009,1.2030659037862687e-05,0.008950109079903438,0.23700596934708335,0.012354496196039118,2.0642425529917238e-05,8.072574326886798e-06,0.06597712804571,2.304011322619297e-05,1.899434461786365e-05,0.07675797621917824,9.511145413824759e-06,9.679643259786096e-06,0.20169739524404487,0.0007197786006033379,0.0011708067892693002,0.010308433867531311,0.06800518050161726,0.00031004916413345163,0.298482271027847,5.0127920220499305e-05,8.635741559317732e-06,0.016714158526026222,0.00023475495665363605,1.602096689087186e-05,1.0118910190853418e-05,1.2949968766004258e-05
Z_E_1851_LWF_0878,0.02822682917831253,1.4228393495916913e-05,0.020943544126460024,0.06164874183641052,2.1496343090234857e-05,0.13992271420170102,0.20252613676206735,6.097051281140601e-05,3.688381991453698e-05,1.4424049988121767e-05,0.03472370710764695,4.116800062152629e-05,3.393903421206851e-05,0.1742485794370139,1.699448420516565e-05,1.7295555617409242e-05,1.4865570966413078e-05,0.00047076462825118874,0.08321767440793458,0.058370416850107625,0.0069570860318944145,0.10491667942204275,0.0074370770108296465,0.0013125686172940126,0.005722764627667875,0.0685931449721931,1.1792669122460175e-05,2.8626212399471167e-05,1.80804363648978e-05,0.00043080569936289565
Z_E_1851_RNN_0879,0.0070743021986508225,1.432180990400714e-05,0.0009742286030394953,0.0021433788422921553,2.163747716550071e-05,0.06615890067232638,0.1496905089928882,0.019347504476754613,3.7125980350572966e-05,1.4518750977407094e-05,7.25074393748375e-05,4.1438288813051415e-05,3.416186068021845e-05,0.33501613894792565,1.7106061360537987e-05,1.7409109454823618e-05,1.4963170758286362e-05,6.351216038298409e-05,0.001285042256932268,7.455984674523273e-05,0.003720016571420411,0.0030196917202687397,0.3669466090903942,0.009528051664760246,1.5531623014901673e-05,0.020622986947087796,1.187009380090563e-05,0.0139804853176906,1.8199143330824585e-05,2.3290881454333398e-05
Z_E_1852_BEC_0652,0.000180424403952885,2.6242436800969666e-05,0.0017851188303936154,0.0001679569309929132,3.964723249742371e-05,0.476869018313253,0.0960864023247352,0.00011245224765783895,0.06623423479378761,2.6603299967486586e-05,0.003892301939536551,0.007594816266076556,6.259617156720755e-05,0.12212852159035206,3.134413437800393e-05,0.0030394543010773397,2.741762847002884e-05,0.00011637592358191926,0.04070096008478788,0.04750560839929076,0.0023050058693243635,0.0017736607821341077,0.07988293674902132,0.0001651973762484355,2.845922673998089e-05,0.0001939046746411729,2.175005732373897e-05,0.04742178670601567,0.001537124472737909,4.2676832655990546e-05
Z_E_1852_BEC_0653,0.0002944371490553376,0.007404932733274634,0.0004591250140545264,0.0002740913027405719,6.470088219065949e-05,0.3659313180370964,0.06232438818983654,0.0001835124211572014,0.00011101496087099737,4.341430331085462e-05,0.039481385828290735,0.06270182201027831,0.00010215158201570254,0.10973096428944096,5.115093836350902e-05,5.205711974946751e-05,4.474321756762919e-05,0.01368711229110098,0.0970959224150897,0.1572812402271469,8.051817372393085e-05,0.0016674443502036737,0.07637331273073343,0.0014966058340824412,4.6443016587864494e-05,0.00031643579437712116,3.5494227664812894e-05,0.0025401965330206252,5.44194972275253e-05,6.964492974699203e-05
Z_E_1852_COR_0660,0.045481978124570846,7.13766076076354e-05,0.02735095292599349,0.00045682480058486396,0.00010783621117809983,0.0945392510923172,0.26338974363182266,0.0003058580274593108,0.016545479399851813,7.235811663562229e-05,0.04944271655652997,0.03906259252247621,0.0001702548589362596,0.007012468072951939,8.525267669567618e-05,8.676299871901314e-05,7.457300263994046e-05,0.07598362073554152,0.09434178491293439,0.029002380220454864,0.00013419870782878165,0.043680240316224694,0.061848707804583826,0.0004493191082719803,7.740603798505795e-05,0.0005273998744902306,0.018464666374519555,0.13102721953629348,9.070034590781243e-05,0.00011607639799329925
Z_E_1852_CUR_0664,0.0033067049097595543,9.307601963383978e-05,0.0009978546202435118,0.005929265726540446,0.0001406198143238461,0.12594718650376813,0.3007951506353339,0.021733083933060122,0.20558334872925052,9.435592010293864e-05,0.0004712186445767293,0.010936423876294548,0.00022201453843559733,0.11048199434550174,0.07211423433520356,0.00011314007267834638,9.724416010389075e-05,0.0004127592201276337,0.008351361953427163,0.0004845570361615873,0.00017499685097630552,0.0009572155007571688,0.01931557185204591,0.003252698068080431,0.02143517958357657,0.02735553764459312,7.714256026813282e-05,0.05885642339630522,0.00011827442434527436,0.0001513651245242704
Z_E_1852_KRN_0741,0.00044853969231426345,0.011280527136086979,0.000699421907862227,0.0004175452350075764,0.01879071031216166,0.0004265272753249154,0.2482193319105818,0.0002795591697100237,0.20391351239073238,6.613648553372253e-05,0.3050122735389749,0.013273264001788996,0.0001556156867900085,0.03444772832374769,7.792232138085998e-05,7.930278006734978e-05,6.816092706142418e-05,0.002158528156222594,0.037630332554918794,0.0003396384601771925,0.00012265978319553236,0.030578370947921412,0.0004542775473806484,0.0022798995387939506,7.075036705559127e-05,0.058427705446504906,5.4071199937870016e-05,0.030038689624123663,8.290157889602286e-05,0.00010609569974505227
Z_E_1852_RNN_0889,4.849683754650818e-05,7.053786330886108e-06,7.562262877350397e-05,4.5145666654386915e-05,1.065690312103399e-05,0.00772601224032892,0.15881081567140534,0.0024554565228554304,1.82853099205252e-05,7.150783865474941e-06,0.02469221775858913,2.040921064892994e-05,0.0006231329531696294,0.11023256748173617,8.425087514009062e-06,8.574344941624756e-06,0.02324915844364838,3.1281047001551937e-05,2.660224334768003e-05,0.024289023589333155,0.12956097177483988,7.254278429090007e-05,0.5146021104264993,0.0006507114505706844,7.649644203721508e-06,0.0026794528854995558,5.846265657787934e-06,1.4191566025101676e-05,8.963452896053992e-06,1.1471238784624478e-05
Z_E_1852_RNN_0890,6.820996780243036e-05,9.92102914037551e-06,0.0009591230428022288,6.349660358702512e-05,1.4988750927568185e-05,0.0006333699240319385,0.11080021315236845,0.007433109238220869,2.5717973872840435e-05,1.0057454504294849e-05,0.07651447423579157,2.870520371357211e-05,0.02276396109670613,0.07459641139228501,1.1849740666329146e-05,1.2059668670854732e-05,0.03298379514157421,0.001181011076183351,3.741559767639572e-05,0.00829500668405924,0.12025797040941709,0.00010203017827782495,0.5151367967373336,0.01711767567067027,1.075909298901204e-05,0.010874947028795096,8.222672084540519e-06,1.9960193501482187e-05,1.2606942315612189e-05,1.613410003080837e-05
Z_K_1840_AHR_0219,0.12561389643053283,3.472893169993773e-05,0.010322730620107712,0.00022227222377338473,5.2468680402564693e-05,0.014157623074554291,0.3351231136675498,0.0031339400011758476,0.10755441949595523,3.520649376317289e-05,0.00017582316248182842,0.0020905649814320307,0.027943977902655494,0.029283037058495016,4.148045817022398e-05,4.2215318962175785e-05,3.6284166509823365e-05,0.03498043410955428,0.00013097469202340368,0.0001808000415121081,6.529559073506735e-05,0.1834446444167802,0.00024182596806495397,0.0002186202615348908,3.766260538919608e-05,0.06294417361198865,0.058736183524350706,0.0030549934215629983,4.413107072149763e-05,5.64780175606559e-05
Z_K_1844_ON_0063,0.20420989861527333,2.2118108451347187e-05,0.007841764693374878,0.0033101602383981223,3.341617224134428e-05,0.021691084534966633,0.29961860755067393,0.10782717377625366,0.0013247760204424688,2.2422257441536347e-05,0.0001119779845125179,0.0013314358006579622,0.0019539183058983763,0.057306653610465684,2.6418010215448967e-05,2.688602722309744e-05,2.310860399810259e-05,9.808598639039008e-05,8.341495982615077e-05,0.00011514765155243894,4.1585355108276764e-05,0.0008611877569933087,0.006491213444279059,0.21053426440086553,2.3986502025342335e-05,0.07494238651917574,1.8331762799242063e-05,4.449958954146851e-05,2.810612824850893e-05,3.596963270614852e-05
Z_K_1844_VIE_0052,0.11100607918436146,1.8084098843687025e-05,0.018846880977822902,0.03638547182183115,2.7321566087778783e-05,0.0690307185295735,0.23253735354696636,0.09489692948183177,4.68788444217999e-05,1.8332775642333127e-05,0.0021641108829173524,5.2323981105125724e-05,4.313606097037243e-05,0.08467893065174441,2.1599763336028573e-05,2.1982421095640295e-05,1.8893942931899076e-05,8.019658086794103e-05,6.820132842084933e-05,9.414645546535895e-05,0.0010702788106285274,0.0742798579127636,0.042095182861691095,0.07317143907806854,0.002610306719339098,0.15661160055264128,1.4988325569057698e-05,3.638353512650411e-05,2.2979994083916395e-05,2.9409313850682723e-05
Z_K_1847_KCH_0520,0.5100822683481047,2.6561983290770677e-05,0.03985906816147749,0.00017000209349605973,4.013000527005008e-05,0.0009347033492496649,0.13150340960172244,0.045776476498276306,6.885579939512288e-05,2.6927240582689653e-05,0.003178653114445482,7.685363389318817e-05,6.33583868695054e-05,0.116766246691815,3.172580274944009e-05,3.22878517132699e-05,2.7751484925613115e-05,0.07089490817549626,0.00010017433335116731,0.0008993268696779676,4.994050508236536e-05,0.023104497109350277,0.00018495752701276638,0.005494518680910176,2.880576643353846e-05,0.05042518624292149,2.201490142047753e-05,5.344025491359982e-05,3.37530901680555e-05,4.3196495985066106e-05
Z_K_1848_GOT_0245,0.4348260674493375,5.140330253295436e-05,0.11984696888948834,0.0003289915872452913,7.76604208715917e-05,0.0018088573625727996,0.12488273133293822,0.0002202698229096246,0.00013325117513667494,5.211015604134439e-05,0.00026024097981022613,0.00014872875080608654,0.00012261246807518243,0.17736644345891248,6.139643335281185e-05,6.248412219779792e-05,5.3705250837413044e-05,0.00022795546209383773,0.00019385945344963245,0.0017403960635023086,9.664590415917276e-05,0.004947009536342336,0.0003579336532482419,0.08574532850302838,5.574551833978799e-05,0.046036266115208356,4.2603695121786194e-05,0.00010341869282466029,6.531968213132265e-05,8.359475748391966e-05
Z_K_1849_DEI_0247,0.4076694019421168,5.304387324822455e-05,0.03552393068599051,0.0003394915733747596,8.013900504691413e-05,0.0003467945593599634,0.18966019480909788,0.0017470935748168943,0.0001375039753446853,5.377328645820394e-05,0.0002685467444080585,0.00015347552817383947,0.00012652572684532053,0.1480719569554387,6.335594150923988e-05,6.447834466981426e-05,5.541928976951502e-05,0.00023523081284114198,0.00020004660731983096,0.0002761482722274235,9.973042270762014e-05,0.0005455155677385556,0.014047500585921425,0.15839245780198952,5.752467377123489e-05,0.041426369506511795,4.396342049223867e-05,0.00010671936944462824,6.740440339153167e-05,8.626273997376672e-05
Z_L_1843_NOD_0042,0.00032427939547601404,4.716591190102071e-05,0.030236029751341206,0.0408432861437887,7.125854543445734e-05,0.12058122880814306,0.17810300510037672,0.1393943025862669,0.0028250277009998323,4.781449649891261e-05,0.0015901687108526724,0.05689444901909475,0.005518026968556967,0.0005797219524039982,5.633526687704785e-05,5.733329295145127e-05,4.9278100915708954e-05,0.04615610081420292,0.00017787880256766594,0.06511181094742094,8.867897540714773e-05,0.0018364457325061173,0.14762890115113816,0.016513477525195677,5.115018057848625e-05,0.05845786877726432,0.0013904721837781433,0.08523186436262215,5.993510574215573e-05,7.670368969670822e-05
Z_L_1843_VIE_0022,0.10774080321804622,0.07571604520418124,0.0016631382136129368,0.2676784497720416,0.00023437300589545964,0.001014228754871668,0.007971151544869265,0.129562786840531,0.00040214150406837413,0.2623980838656442,0.0007853866874627488,0.00044885160289223185,0.02703859264693554,0.0019067351956191998,0.00018528957832911422,0.00018857213720810682,0.0001620781980044421,0.0006879515493427462,0.0005850524928440304,0.01414189693029646,0.026960227611445526,0.0015954044263315537,0.0010802154467027965,0.00986607689180534,0.00016823556390583344,0.05892813510618295,0.00012857458118153652,0.0003121094327208486,0.0001971296327451935,0.00025228236428184405
Z_L_1843_VIE_0023,0.003386448421776949,8.300155684347414e-06,0.0008024238678329483,0.002906879053819841,0.0028662962953892334,0.32776062191123745,0.06796539034109363,0.005980893014993585,2.1516234254551868e-05,0.04424163802563141,0.061159970359163644,0.003591210880169112,0.010007945683536109,0.00010201822173362656,9.913759042335789e-06,0.00048571545117308154,8.671854162126688e-06,0.04022721046356592,0.011684141239333253,0.10539438355822311,0.029504421357555446,8.53607375026433e-05,0.08353016981512049,0.0107538362582688,9.001298712825938e-06,0.044056740334434824,6.879272047016744e-06,0.14341795673334068,1.054725093965482e-05,1.3498150261201146e-05
Z_L_1843_VIE_0033,0.007671520505180814,0.00011953400525521915,0.1143013814686566,0.16858243147901045,0.1268998460272091,0.021330567272780713,0.05408988007653568,0.04846004431019296,0.0003098642671614348,0.10286651826908545,0.004030012934736346,0.00034585605212932507,0.0002851248593192653,0.018593430401042547,0.0001427721804905776,0.00014530150832956724,0.00012488699012513102,0.11012512093170634,0.00045080366018440806,0.0006222982411028475,0.00022474182487111099,0.03547776244297933,0.011106878301554907,0.004177316880256963,0.003554476143099178,0.1584260891066453,9.907126712947121e-05,0.0036653360530389018,0.003576740046167233,0.00019439249402284113
Z_M_1849_VER_0539,0.16691174229690664,0.0010453724267675364,0.03674218770734249,0.0002256400390203611,5.326367322194929e-05,0.0002304939033631072,0.12605595282358734,0.0021713074152699776,0.08898171236520505,0.0020559745153878916,0.00017848719272962768,0.00010200613765334282,8.409419314494315e-05,0.024676140136070408,0.15964064088305266,0.10206470131113395,3.6833935469350215e-05,0.040561035682741,0.021345422292724004,0.00018353948023333688,6.628493381313944e-05,0.06602019593727532,0.00024549005694001874,0.1264865940745862,0.0020584678414262334,0.0315741352828043,2.9219894375365952e-05,7.093007477723909e-05,4.479973408535897e-05,5.7333758891852105e-05
Z_M_1850_DEI_0250,0.05293307027044427,0.008707442191626044,0.2347213926839936,0.001485239637403119,3.5224280993711406e-05,0.00015243000582343841,0.06599494652190066,9.990734082464733e-05,6.043846766575331e-05,2.3635498731863133e-05,0.00011803697811619009,6.745860055148965e-05,5.561309068816247e-05,0.17129707298853825,2.784745686618109e-05,0.04478499687726965,2.4358982672302118e-05,0.23524284016649086,0.09561332873184564,0.0007893879442466386,4.3835488486765275e-05,0.027628177276507456,0.001498366832105194,0.00014676834759593562,2.528438270232284e-05,0.03824883128490196,1.9323672361002636e-05,0.020087201175595475,2.9626916928739812e-05,3.7915906122675575e-05
Z_M_1852_KRN_0740,0.00022853830950262278,3.324052629426533e-05,0.024166252537850038,0.0011651415520076425,5.021998849881072e-05,0.10117123772017243,0.1607580447740057,0.005856812522077289,0.009610122632210902,3.3697621100902886e-05,0.07350273552883504,0.002953363403255922,0.001984079588543266,0.020408867280741892,0.014325634078906321,4.040606351232849e-05,0.05336887293208484,0.0039569916765918684,0.00393494310741403,0.29827281951480317,6.249716574876635e-05,0.0012942487529439646,0.13642400767912644,0.00020925067937009796,3.604846920046078e-05,0.00024561337366935023,2.7550160751261063e-05,6.687686605258069e-05,4.2239710377116357e-05,0.08576964578435071
Z_M_1852_OST_0762,0.0007999834471831037,2.2517665491407778e-05,0.0008865765851641523,0.04337036907698297,3.401982543801234e-05,0.19434276534193975,0.18567506102990605,0.0013868269830347813,0.0994142333587725,0.001313163172713276,0.00011400083344384445,6.515192788360947e-05,0.007150558713493934,0.191246475214644,2.6895243699912347e-05,2.7371715295379e-05,0.006475205373399037,9.985788051414734e-05,0.17105442378910385,0.021407769513442435,4.2336582159788925e-05,0.00023157692533516772,0.034350696354601515,0.034980818089848494,2.441981103871185e-05,0.005327725892979502,1.8662920633071742e-05,4.530346136984891e-05,2.8613857082339368e-05,3.6619413405422555e-05
Z_Q_1844_VIE_0064,0.06385368442663714,1.6852868721596243e-05,0.0016292639099729617,0.003970759728113385,2.546141616044578e-05,0.009767426913855102,0.2326398329216986,7.221672978006228e-05,0.023221074816224457,1.708461471446625e-05,8.532150372847354e-05,4.876157734914155e-05,4.019920367523508e-05,0.3338649503850182,2.0129174202490727e-05,2.0485779253357704e-05,1.7607575728097865e-05,0.0010404609963072485,0.0005464201808115598,8.773662808833743e-05,0.000514548158909811,0.0011390433192105596,0.007843146492967586,0.1744193592293215,1.827648917684798e-05,0.12566870851386006,1.3967866762686519e-05,0.019348396123256208,2.1415433905046168e-05,2.740702258939476e-05
Z_R_1804_ON_0072,0.0007522682814288715,0.17566678688404655,0.0074429414495236264,0.006970192027573498,0.00016530665919249076,0.0007153501593932623,0.25014850581397835,0.006738768717705541,0.0002836361990844534,0.00011092079734459824,0.0005539445508354892,0.0065864876008669,0.00026099082705677995,0.0452341904869737,0.018940405697744595,0.00013300264635665536,0.00011431608916601936,0.17290763977875753,0.01608741119542013,0.0005696245953761269,0.00020571883801153362,0.14533310194124863,0.03838132809919757,0.0006887801406256612,0.00011865896808544051,0.10112697096118896,9.068550531657126e-05,0.00022013528148612802,0.00013903837130239174,0.0033128914357119506
Z_R_1804_XYZ_0073,0.15398161112499598,0.10507649599314323,0.00435173253614837,0.09563844273182175,0.0006132554871278632,0.014283874470157354,0.23019831422334086,0.0017393889452564512,0.0010522350175505423,0.0004114945395452199,0.002055026319108353,0.0011744556815667408,0.0009682251009394309,0.004989123285532543,0.00048482482094640647,0.0004934138955997409,0.02368422001336854,0.0018000795821201993,0.09457135448265416,0.0021131962282936703,0.0007631767941619131,0.015804566531712295,0.014456533862770618,0.0025552400776034548,0.0004402016448145119,0.22397051007294935,0.00033642555000516663,0.0008166589896696502,0.0005158052587780218,0.0006601167383177231
Z_R_1805_MG_0075,0.0012564483069573346,0.1310837363089651,0.007195258483202711,0.16872289127272844,0.00027609734080063895,0.12162369608354667,0.10363892985535197,0.000783100473592998,0.0004737328835060964,0.09967001219963119,0.0009252054223574227,0.0005287585637226763,0.005671949805092827,0.06507865659585221,0.00021827581917671342,0.00022214275672802696,0.010663011260207318,0.000810424360294862,0.0006892066639068134,0.0009513944375032947,0.026523791877859478,0.21132100755377095,0.0012725211727644364,0.027330607173425694,0.00019818575797596322,0.011822401911965747,0.00015146411517464697,0.00036767282172187906,0.0002322237033484617,0.0002971950188674208
Z_R_1826_CH_0206,0.0014116711965498569,0.00020532528498130856,0.00808416796474954,0.03661155425632732,0.0003102066844247073,0.0013423923889821744,0.12820839788490118,0.0008798454949992036,0.0005322583211748274,0.00020814873971862193,0.001039506232291075,0.08883765864648033,0.00637266819795875,0.0025236780185033504,0.0002452418337697315,0.0002495864966817026,0.00021452018430362756,0.012676355231139993,0.17726150538371915,0.0010689306647509859,0.00038604227424953114,0.460978212062628,0.001429729720390637,0.0012925323442189312,0.00022266982616943323,0.06622909938437775,0.0001701761445488739,0.0004130954925124605,0.0002609128536032115,0.000333910790893744
Z_R_1826_K_0207,0.1261202499639801,0.05109128356758259,0.0017324407586844404,0.010294186553170064,0.0002441392692593018,0.0010564914083432736,0.1286825704003569,0.000692457148718635,0.07912841675605878,0.09276325057266857,0.000818113550366227,0.0004675551346764489,0.0003854539805733219,0.001986188364785918,0.023342868817819835,0.00019642989005818717,0.00016883195516687903,0.09794602304903097,0.0006094314809657928,0.0008412712055678057,0.0003038234940464515,0.31186998534019167,0.0011252277487888802,0.0010172504909004105,0.00017524589693455146,0.06601362711667504,0.0001339322511782028,0.00032511495315885836,0.00020534397425116783,0.00026279490604071983
Z_R_1826_SJB_0205,0.03353560735044819,0.046673004797725653,0.0010251942981690607,0.0006120268601048004,0.00014447258040376488,0.003365038301625222,0.21314187086383796,0.0963043735823299,0.0002478887044104537,9.694112681907696e-05,0.00048412930882970196,0.003016527619963213,0.00022809739444736525,0.09706995581619669,0.09874866537795436,0.00011623993621031494,9.990850014245479e-05,0.2141320407637436,0.044198171822915897,0.0004978331517764887,0.00017979149485189327,0.13249604023867326,0.000665868120694619,0.011561354386384405,0.00010370403340732637,0.0007065791716882905,7.925614746740671e-05,0.00019239099204815794,0.00012151496119586328,0.00015551229553465698
Z_R_1831_SCH_0122,0.07391991088351542,2.2387671223510683e-05,0.00408867530512245,0.0713435012298308,3.382342931055904e-05,0.011050905463871838,0.14932377457597193,0.014207688516582145,5.8034860643317965e-05,2.2695527006490306e-05,0.002679116242216753,6.477580642596786e-05,0.003260618304566108,0.05223208365997499,2.6739977714811973e-05,2.7213698644307058e-05,2.3390238359750616e-05,0.00972093215628321,0.05909722286674091,0.011021088526445648,4.209217347518407e-05,0.277333781759521,0.0040045510821780424,0.041193307997231025,2.427883570273068e-05,0.21504895542731078,1.8555179770439092e-05,4.504192491989032e-05,2.8448669558590506e-05,3.640800988145266e-05
Z_R_1832_COM_0196,0.13320298143783196,0.037193564991835494,0.02339221830573141,0.016033765539984646,7.533055513678521e-05,0.003183194397907734,0.16113707580091824,0.08878710915677863,0.00012925354875776353,0.012907982754638786,0.00025243357244818194,0.0001442667865726371,0.00011893401018347506,0.11775837711969443,5.9554498365818075e-05,6.060955580163042e-05,5.209405658555383e-05,0.13308128801112618,0.0001880435372739086,0.005973994971052595,9.374646094237434e-05,0.0005127838875644532,0.036062295229193526,0.06174385011216334,5.407311466760536e-05,0.15322905013367547,4.132555513327756e-05,0.014386355993443609,6.336004699803057e-05,8.108685759250293e-05
Z_R_1833_KAN_0163,0.026009684348160627,2.7310217514186443e-05,0.00029278891419716777,0.2177048934312418,4.1260442067641914e-05,0.013480751478524022,0.15789976635769018,0.0008995102096448807,7.079542359502149e-05,0.004722580062144075,0.005615640905880497,0.005556395233335579,6.514315244507339e-05,0.00033567320083043717,3.261949849205872e-05,0.012552915508743292,2.853322665568812e-05,0.00012111115330262001,0.00010299618079006871,0.0001421779541890851,0.0008338296804830338,0.27962707539561704,0.0025376148123825875,0.029906249661874506,0.0008120995896503399,0.19034501355822392,2.263504723141361e-05,5.49456330021521e-05,0.03524641113034933,0.014911578591741702
Z_R_1834_POL_0134,0.2757739696649817,0.008882129988261978,0.02231135830283598,0.01375594956853301,1.9486510543545424e-05,0.008584006746331951,0.20095956706603055,0.00042482131324565053,0.05287927538058324,0.002969486085184138,0.0019130561707773645,0.0026241782412557493,3.076585376568793e-05,0.06372136058845942,1.5405559645934107e-05,0.005558948419166054,1.34756923145883e-05,0.06620688637807487,4.864310856437921e-05,6.714790400993067e-05,2.425033767847003e-05,0.07071695082068806,0.0096981470753515,0.024102030470787853,1.3987635126003399e-05,0.16787160707123358,1.0690095995711618e-05,2.5949762124771293e-05,1.638997909446903e-05,0.0007600782093538785
Z_R_1834_POL_0135,0.31017092442854816,1.1815237217472341e-05,0.017052962648233007,0.0021067751031162334,1.7850531965691177e-05,7.72466212147113e-05,0.1983062106103247,0.03254911274841294,3.062827028939302e-05,1.1977710083379675e-05,0.004799179434665715,3.418584770318348e-05,2.8182924534844518e-05,0.06785039527303005,1.4112194910145012e-05,1.4362204171983198e-05,1.2344348460122579e-05,0.08028302611453184,0.015616749039034362,6.15105410627484e-05,2.2214414784062973e-05,0.03329704530709215,0.024794660416572672,0.04916062772400497,1.2813311412691735e-05,0.1635952946853723,9.792615248447582e-06,2.3771165046465694e-05,1.501396800053247e-05,1.92145609550355e-05
Z_R_1836_KRG_0159,0.022220466242028322,1.4845707824561165e-05,0.0052634043151964065,0.0690023313742548,0.00044778278671170026,0.03965496300867727,0.1538901903135209,0.008145338011316236,0.012373744304988088,1.5049853086504147e-05,0.004754051607796216,4.295411910866235e-05,0.011094610352372702,0.00018247039817516307,1.7731808388024225e-05,1.804594211097608e-05,1.5510529932699623e-05,0.01665463371669103,0.06003087424367518,0.019218208340500986,0.003856096365752018,0.28726649266376547,0.06135432166221296,0.08303744570214269,1.6099776415545493e-05,0.12133552794156932,1.2304306899721842e-05,0.003432698602914491,1.8864875763442337e-05,0.016612941126207904
Z_R_1836_POL_0133,0.12650927322546307,5.940785873335074e-06,0.03529782855891506,0.05331476268002651,8.975375287131224e-06,0.016209096838107135,0.17102912525978814,0.02079147088514508,0.014483524514950661,6.022478393664264e-06,3.0076587696448396e-05,0.0001874021172564385,0.000524810261006965,0.15156279206426,7.095712648067862e-06,0.0008582875603504799,6.206826794723513e-06,0.006324234729001984,0.13993767835994192,3.0927940478959586e-05,0.005287779642598453,0.08193365921669174,0.012126506337626481,0.002250169494276245,6.4426247251806685e-06,0.1607251837794398,4.923797064772662e-06,1.1952311993526886e-05,7.5491306148612205e-06,0.0005203009035830554
Z_R_1836_POL_0136,0.24762813073398157,2.066450677448558e-05,0.049363509307279806,0.011973695141649069,3.122006202192108e-05,0.00013510209723398303,0.14375114010968285,8.855009354335871e-05,5.3567955279812736e-05,0.0006130205719436578,0.00010461879344891386,5.97900548631639e-05,4.929111656885561e-05,0.1352463842675301,2.4681819074466265e-05,2.5119078013059508e-05,2.1589906972294003e-05,0.0024599273965653966,7.793293021474198e-05,0.00010758015002980731,3.885236634247683e-05,0.15711157339266202,0.00014389196876256734,0.00013008404389057727,2.2410109557479276e-05,0.2505991052459483,1.7126999688353872e-05,4.157507734281384e-05,2.6258994021728723e-05,3.360570911237624e-05
Z_R_1836_ROS_0125,0.020850857135591188,5.496519567645514e-05,0.0005892739577187351,0.039722856485795446,0.01110694080692026,0.011383254994092122,0.09574001506273243,0.00023553299732218176,0.00014248455944653447,5.5721029241396594e-05,0.0002782738787868961,0.00015903462400164653,0.017454378609236702,0.029022752898602542,6.565078130749012e-05,6.681383946239037e-05,5.742665306842991e-05,0.0002437511981155662,0.11517081130210652,0.00028615074445385413,0.00010334279650672767,0.5076646314860658,0.0019575787007695155,0.00034600849683276083,5.96082969896246e-05,0.14686650956047215,4.5555836366890085e-05,0.00011058489255756293,6.984588407661693e-05,8.938729568365294e-05
Z_R_1839_BEN_0522,0.40309704206954755,0.007181525350622012,8.134366488215787e-05,0.0004833451631854649,1.1463123805909516e-05,4.960566913492238e-05,0.17017306461775783,3.251308996758776e-05,0.010454487442775771,0.00022508381651598034,3.841306211652364e-05,2.1953217158163618e-05,0.0008876665376659436,0.2774855244869014,9.062465910766186e-06,0.0034874959498966372,7.927203232578538e-06,0.010251074280599537,2.861476786886673e-05,0.0006916765637878458,1.4265490094915532e-05,0.001599775231666636,5.283306136429891e-05,0.0002651552402976382,8.228358424816919e-06,0.11331732570645757,6.288549898252038e-06,1.526519257028731e-05,9.64155994560039e-06,1.2339065946443822e-05
Z_R_1841_JAC_0172,0.021890783537761346,0.008357291646780986,0.01175827950846713,0.07934413627336573,0.0009512258408956926,0.0001057400248924253,0.21306616388197255,6.930528309479223e-05,4.1925899306461354e-05,0.023186168642341364,8.188173277832036e-05,0.0023637730147040795,0.000965369468542833,0.008539907905457715,1.9317658398776713e-05,0.023652828143571166,0.11493897081107,0.018144146262773546,0.011182486518460539,0.011205690434798023,3.040848564377248e-05,0.11786877724280141,0.019111833268582536,0.13494989025802698,1.7539665119675034e-05,0.10392008725878138,0.021792991179297557,0.009763844039469158,0.0014107384300678766,0.0412684976827762
Z_R_1842_CAD_0197,0.14473154085273,8.85841714732846e-06,0.06456223597350194,0.005894282763769962,1.338335029109488e-05,0.0003117234163585808,0.2623851696971238,0.00029176760167421166,0.00890624810471597,8.980230395326625e-06,4.48477635558637e-05,2.5630674519341166e-05,2.113001181153941e-05,0.036657251245948944,1.0580550104707421e-05,1.0767993343577246e-05,9.255115750874555e-06,0.27136017970272114,3.3408124030727484e-05,4.611723164439946e-05,1.665515039765819e-05,0.06557360072383013,0.0005692995744101081,0.017822333566791426,9.606718463882896e-06,0.12062431848790624,7.34196607629315e-06,1.7822316402432364e-05,1.125665013214272e-05,1.4406024450424694e-05
Z_R_1842_JAC_0171,0.009258920148525461,0.000555806063816841,0.0002009574473966603,0.12042175162465567,2.8319354710224563e-05,0.00012254953917061395,0.18732350746481072,0.017266291730061313,4.8590868448797414e-05,0.04137274012929884,0.03178152878020784,5.4234862526052605e-05,0.030120157097722738,0.03889882152321709,2.238859066880183e-05,0.020968184906995424,0.11119132073663844,8.312537476255155e-05,7.069205348819645e-05,9.758470134793861e-05,0.022054765273627812,0.15218118624565946,0.03503952220233699,0.02428576658738048,0.0016315125404836814,0.12151440872443972,1.5535701977652686e-05,3.771226852622753e-05,0.0032461884098261454,0.03010592904727163
Z_R_1842_OLA_0144,0.09073047840135978,5.138707922208292e-06,0.056445094260300935,0.033749104615641984,7.763591059524519e-06,0.0018003848666073548,0.3107771408663112,0.05376184003764358,0.002221806665718158,5.209370964161208e-06,0.0040012902412595395,1.4868181077225699e-05,1.225737705579359e-05,0.024945433308544634,6.137705612653263e-06,0.012962696195341843,5.368830101246347e-06,0.1942223022957593,0.0029640274986092166,0.0012046113630699382,0.00015689392377211232,0.0028502629591927262,0.034046462675969565,0.08380757466639492,5.572792458940326e-06,0.0807213159802197,4.259024904038336e-06,0.004574542496329164,0.0005954594409955499,0.0033947016598029223
Z_R_1843_BEC_0029,0.10141091346691858,0.07846879547898657,0.037425410492544185,0.00011091450249944051,2.618202798738296e-05,0.030898052783228193,0.18808162015698068,0.015963165048798515,4.4923604039548736e-05,1.7568145376874376e-05,0.002570377600073674,5.01416329248597e-05,4.133692600062689e-05,0.14917148223487858,2.069887232554044e-05,2.1065570052147876e-05,1.8105907291173703e-05,0.05966024333604837,0.00453411113371192,9.021975987714433e-05,0.0030117522757033346,0.21169926438845768,0.0011137284062816874,0.05423067288774857,1.8793752402614108e-05,0.06120102614987409,1.4363186878537389e-05,3.48660370310239e-05,2.2021535893000068e-05,2.818269918548817e-05
Z_R_1843_BEC_0037,0.19228000796184205,9.369710528544988e-06,0.023456256063306934,5.9968052380267284e-05,1.41558154288879e-05,0.012678761769867618,0.28209339143011364,0.022590582592593937,2.4288807860519727e-05,9.49855463842402e-06,4.743630327883129e-05,2.7110035224521602e-05,2.2349601610099007e-05,0.05300129683213563,0.01316561000621405,1.1389504346501181e-05,9.789305928093983e-06,0.16460601466472902,0.004867571850764712,0.0005856940945865514,1.761645849817552e-05,0.09405649431779467,0.011608917174427429,0.047307507309461996,1.0161202575897793e-05,0.07738499997378741,7.765732376467566e-06,1.8850991419984297e-05,1.1906365607437365e-05,1.5237516671737278e-05
Z_R_1843_BEC_0047,0.1743217522257652,1.5201334830156022e-05,0.07202758225391157,9.729163356408816e-05,2.2966268752149997e-05,0.0044548154916883445,0.2803997630893351,0.00921154472009137,0.017025586710482956,0.0008864965634497716,0.0009480464286273763,4.3983079461182956e-05,3.625979440460553e-05,0.09557077959564046,1.815657155831794e-05,1.847823031386305e-05,1.5882082665674038e-05,0.11505079002942677,5.7329438317502126e-05,7.913868448584013e-05,2.85807852159867e-05,0.11601079775412362,0.0057679108335502195,0.014904158401502242,1.6485444471597e-05,0.09288300182634492,1.2599054975756915e-05,3.0583680422417406e-05,1.931678141576648e-05,2.4721211205137688e-05
Z_R_1843_ECH_0028,0.002056375440322682,5.788216550352459e-05,0.0006205463717143365,0.3502967984788313,8.744872629693451e-05,0.1811460625361839,0.16881604575235773,0.001906451268640732,0.000150046129192876,5.867811070049221e-05,0.00029304170591992426,0.00016747449570523904,0.0017964851984346448,0.17152856046024498,6.913482872769272e-05,7.035960967832247e-05,6.047425095666867e-05,0.0002566869273795976,0.00021829346396178971,0.0003013365921033132,0.00010882713647032085,0.0005952736940764244,0.0004030475462800031,0.0020227896363670395,6.277167340667992e-05,0.11651699718848514,4.7973457162990586e-05,0.00011645356619640354,7.35525630739184e-05,9.413102562445694e-05
Z_R_1843_ECH_0034,0.2490540851638626,6.523937045321868e-05,0.19322852855124176,0.052755554807965115,9.856403610539484e-05,0.0004265272753249154,0.2145734686136805,0.04700992485985069,0.00016911798171907505,6.613648553372253e-05,0.00033028923925779825,0.01701169325700025,0.0001556156867900085,0.047532230716987076,7.792232138085998e-05,7.930278006734978e-05,6.816092706142418e-05,0.0002893135286169675,0.005853683885623138,0.0003396384601771925,0.00012265978319553236,0.017493868554682025,0.0004542775473806484,0.0022798995387939506,7.075036705559127e-05,0.1500192221991806,5.4071199937870016e-05,0.00013125558243364227,8.290157889602286e-05,0.00010609569974505227
Z_R_1843_ECH_0044,0.06255205421455666,3.3984970289735296e-05,0.002311797904847478,0.08395785754225163,5.134469899706057e-05,0.0625405873452078,0.1925963534904051,0.00014563000854876402,0.057537870996939106,3.445230204271809e-05,0.0001720566876292067,9.833107851647971e-05,8.106446238575361e-05,0.13479175829961562,4.059186590303891e-05,4.131098454444585e-05,3.550688893854937e-05,0.0011244362836300601,0.12281751430380246,0.0001769269522097888,6.389683190819135e-05,0.11622277996681774,0.004131545436686389,0.004108836841622466,3.685579897029047e-05,0.15409965821350116,2.816716517423396e-05,6.837461855288577e-05,4.318569716692418e-05,5.526814833827672e-05
Z_R_1843_ECH_1045,0.0003979567633021709,5.788216550352459e-05,0.0006205463717143365,0.33537103038564664,8.744872629693451e-05,0.18777973724426594,0.15057344030513212,0.00024803259162022105,0.000150046129192876,5.867811070049221e-05,0.00029304170591992426,0.00016747449570523904,0.00013806652141413366,0.18977116590747062,6.913482872769272e-05,7.035960967832247e-05,6.047425095666867e-05,0.0002566869273795976,0.00021829346396178971,0.0003013365921033132,0.00010882713647032085,0.0005952736940764244,0.0004030475462800031,0.00036437095934652863,6.277167340667992e-05,0.13144276528166973,4.7973457162990586e-05,0.00011645356619640354,7.35525630739184e-05,9.413102562445694e-05
Z_R_1843_HIE_0036,0.008332573482590318,1.6869159682150526e-05,0.011297418958742403,0.04795753758511778,2.5486028642342976e-05,0.0001102885675668502,0.13571558599683797,0.016988801727239013,4.372939559231046e-05,1.7101129694141007e-05,0.03101846032527298,0.0005321377185064641,4.023806255749456e-05,0.24042185656856094,2.0148632229983868e-05,2.050558199597995e-05,0.005334243655499785,7.480875548830906e-05,0.10011272349217633,0.026670916735740513,0.01791488974497611,0.015156685540810533,0.059083602704478454,0.11223852140510811,1.829415629151964e-05,0.1543065984955385,1.398136891298612e-05,3.3939189846022544e-05,0.016454622318496422,2.743351580733232e-05
Z_R_1843_HOF_0027,0.14290574172456644,1.7067136695037716e-05,0.03539107299338052,0.033361326338351954,2.5785133512771542e-05,0.0030455911407800077,0.21359256237490198,0.16046558441748326,4.424260521732151e-05,1.7301829114718836e-05,0.0015534103958454227,0.0010273842747666043,0.0024857171502470064,0.1747832635161762,0.0034433946906899274,2.0746236180750813e-05,1.7831439073312335e-05,0.07000288269396895,0.0005533673864608855,8.885211470415532e-05,3.208877204422131e-05,0.005065536120500453,0.015766886464836805,0.04802957273801766,1.850885711148513e-05,0.08814635531241338,1.4145454718421685e-05,3.433750129437741e-05,2.1687710494807052e-05,2.7755476451185608e-05
Z_R_1843_H_0046,0.3074414133016233,6.26625171910255e-05,0.12096249492934015,0.00040105285021802624,9.467091058611596e-05,0.005795830819700921,0.15403202816929362,0.04156233909631982,0.0001624380855174276,6.352419762668682e-05,0.0021126268986284575,0.00018130581976150907,0.00014946911015434322,0.04745016539340808,7.484451136134242e-05,7.617044408529009e-05,6.546867687519209e-05,0.0038686532331522953,0.00023632180688473408,0.00032622327134269186,0.00011781491329149235,0.027575189474760946,0.03634400566516097,0.03809751843860629,6.795583803297758e-05,0.21231827278197,5.193547197203208e-05,0.00012607119188196258,7.962709597972361e-05,0.00010190508527263414
Z_R_1843_NA_0045,0.11089144123889441,8.370109777823926e-05,0.012888213930111643,0.04610099673876852,0.0001264561255904721,0.060501560355349225,0.1290058521939131,0.002756843367172043,0.00021697574065459736,8.485208247582197e-05,0.0028219292575173516,0.0026403515081624123,0.00019965250622978287,0.001028780359938482,9.997312659053967e-05,0.00010174423361830532,8.744940947452424e-05,0.021954744456003154,0.014704705296053586,0.0004357508628156798,0.0001573705944030972,0.12316763990470847,0.04135177712482263,0.29310404492475467,9.077162071962018e-05,0.0653691443012803,6.93725086791222e-05,0.00016839887115550805,0.05526434733091667,0.014525158931447983
Z_R_1843_PAS_0035,0.010492940589808335,5.058381064320138e-05,0.0005423017589107352,0.045252321881662214,7.642232756001368e-05,0.00033071096148402034,0.19245862730006402,0.00021675819380143573,0.1291196169484374,0.011645750416921785,0.035039505179753724,0.00014635765791802665,0.00012065773135168513,0.0020710406387289696,6.041762699771176e-05,0.0015107968531883446,0.007299393448941101,0.0002243213054695424,0.0001907688689535863,0.006060576610522232,9.510513672335461e-05,0.4454580411680881,0.009048080598896535,0.026405987270437727,5.48568011189393e-05,0.0655926619422475,4.192449007258864e-05,0.00010176995089870466,0.010209440473780265,8.226205661825017e-05
Z_R_1844_ECH_0065,0.12326664461179468,0.0001579391056028523,0.00621845603678088,0.0010108423871612606,0.0002386153575509445,0.0010325871618939739,0.12124577621122085,0.0006767895661828655,0.0004094206088825377,0.00016011094681550177,0.0007996028575418215,0.0004569762004043115,0.0003767326725970108,0.2010506471543437,0.00018864347800866702,0.0001919854540079944,0.00016501195186826735,0.000700404060173065,0.0051208560433474055,0.005347450146574877,0.0002969491630093798,0.13738069062495042,0.0010997682692264108,0.2046288461351958,0.00017128077135333993,0.18670076551428413,0.00013090189095530825,0.00031775888012003557,0.0002006978475258441,0.00025684889062591504
Z_R_1844_E_0049,0.06240957404891922,0.0003490759217661918,0.0037423927529397216,0.002234156871484033,0.0005273860173307272,0.0022822170226064987,0.04794146876388364,0.0014958356307974326,0.0009048986056380855,0.00035387611023339645,0.0017672767202136894,0.0010100056459890845,0.0008326519543356687,0.1043064934135272,0.00041693851386395686,0.0004243249261652852,0.0003647082777947152,0.0015480282225257868,0.0013164848185121315,0.021820493313848898,0.0006563149917782389,0.3436442383332842,0.002430700242628737,0.15222138766197774,0.00037856357937936626,0.24261761405254878,0.00028931845645032285,0.000702308484994302,0.00044358099822182,0.0005676856463612003
Z_R_1844_M_0061,0.10498141487645156,7.75627996198541e-05,0.007498442684428832,0.0004964176872053143,0.00011718234754654397,0.00495169843852228,0.19065872026037456,0.00033236666312805546,0.00020106362212058418,7.862937577995001e-05,0.00039267941893333735,0.00022441784336888,0.0001850108032672457,0.18095971654218365,9.264150400579673e-05,9.428272524597522e-05,8.1036225378044e-05,0.035900779923168064,0.0002925158735217178,0.009292998752870549,0.009035033761369328,0.2985860108227982,0.06498681819801189,0.02937817475944112,8.411479915948841e-05,0.06057523706791446,6.428501098111326e-05,0.00015604918270307376,9.85613212912987e-05,0.0001261367092092732
Z_R_1844_M_0067,0.24996729802256445,0.0001886758528827787,0.07770496997374227,0.0012075638189777776,0.0002850526215468235,0.0012335403743266163,0.10700048238026008,0.04946134548999397,0.0004890985185324762,0.00019127035911072334,0.0009552146730118345,0.0005459089693417763,0.0004500491378606742,0.1915245460523395,0.00022535564557113827,0.00022934800813125325,0.00019712515551965437,0.0008367106608037392,0.0007115612405555012,0.0009822531348869553,0.00035473884937974596,0.0235638731439617,0.0013137956896595413,0.12552277164751582,0.00020461395861499676,0.16357027081784398,0.00015637688858430036,0.0003795983742524221,0.00023975593257375433,0.0003068346076537797
Z_R_1844_ON_0054,0.006103702918061451,9.510501290990914e-05,0.0010196071653451799,0.0006086914188471819,0.00014368522965711494,0.09054395104603538,0.13023286088118088,0.00040753732385293955,0.0002465377535521096,9.641281432982278e-05,0.005931319113827747,0.00027517394930839977,0.00022685430282869877,0.061117057758328604,0.01373816460219687,0.0001156064485249012,9.93640159783041e-05,0.019496155880519304,0.0030835876792729283,0.005944948273184431,0.0001788116620883521,0.14267361603181292,0.0006622392538152839,0.34393786881171967,0.00010313886423885389,0.16419757523369258,7.88242150778096e-05,0.00836608483404508,0.00012085272553038742,0.0001546647802368734
Z_R_1844_ON_0055,0.3637612614570103,0.03327232993328255,0.020262700934494254,0.0004363027344326926,0.00010299185540633964,0.00044568827741743914,0.17147679305543334,0.0002921178831749889,0.00017671531532249842,6.910755306214372e-05,0.0003451269135887909,0.00019724139820351242,0.002115792323476028,0.032088861356232866,8.142284725437086e-05,8.28653206660862e-05,7.122293913335419e-05,0.09600841808899277,0.00025709292551799893,0.00035489613213076043,0.00012817006236979554,0.14719001786872157,0.00047468518257658376,0.055118338593350094,7.392870525252443e-05,0.07081839867896249,5.650025532328601e-05,0.004043523753843252,8.662578932427779e-05,0.00011086186604303196
Z_R_1844_ON_0056,0.059090687986445574,0.0016632648468179864,0.01783162321095354,0.010645233185419144,0.0025128706067474612,0.010874228526863226,0.08546407613155774,0.05478256298321453,0.004311629496177436,0.0016861366183661545,0.056075916073063094,0.004812439877152352,0.003967391157412517,0.06809864751050228,0.001986614172314468,0.0020218086935027044,0.0017377493547256996,0.0073759911923511,0.006272741210341638,0.008659015369334304,0.0031271869132112255,0.30303694718008384,0.10689223070854596,0.01047033058646576,0.0018037666152437338,0.15525559189058913,0.0013785345483432545,0.0033463351147302,0.00211355935787789,0.0027048888816460868
Z_R_1844_ON_0062,0.005533315596252729,0.0010928399787823232,0.00461906363645914,0.0382513098078399,5.568223345409488e-05,0.2441732644043533,0.10854816677474223,0.0012139166469829973,9.554059788397262e-05,3.73627884250221e-05,0.019194303846966725,0.007498525974069717,8.791268441660627e-05,0.07014794540333058,4.402101478245541e-05,4.480088364631427e-05,3.8506465472085294e-05,0.00016344322004683203,0.014922772532210008,0.04982312159452679,6.929475448853361e-05,0.0003790354669100178,0.1195828292925143,0.06042309820927863,3.996932969688635e-05,0.03617578390212301,3.054669123800952e-05,0.023305798856188414,4.683396959176217e-05,0.19436099344332664
Z_R_1844_ON_0068,0.01566581501369436,0.0002440973224160204,0.002616932287393817,0.19039453169590917,0.00036878371346478624,0.14846541431292404,0.20137479095188787,0.0010459887075703058,0.0006327658624423625,0.00024745393649014066,0.02221716067636148,0.0077000511401548784,0.0005822461530129171,0.0030002298402406423,0.00029155140329178525,0.00029671647871690334,0.0002550285153505256,0.0010824852720608723,0.0009205745775137987,0.022252141390878593,0.00045893950904429435,0.14937988874856775,0.057650007836930514,0.07846826530402977,0.00026471707250155433,0.06474771509032472,0.0002023108903866528,0.021472463381400863,0.007303968995127889,0.0003969639199107817
Z_R_1844_VIE_0057,0.001440167895604709,0.005847845914353137,0.003918980363508384,0.04091060722485449,0.0012227058031027633,0.13615604858848598,0.2308909013639289,0.00017370785923168948,0.018688471104260855,4.109479696583396e-05,0.02808031072121066,0.00011728957043438854,9.669390506203185e-05,0.10735272700116345,4.8418084970966945e-05,4.927585158773242e-05,4.235271100342947e-05,0.00017976886165082075,0.03964257842613414,0.00021103893637731085,7.621631003847957e-05,0.17463615225067128,0.00028227147882277256,0.00025518460659071845,4.396169445570632e-05,0.20936263737342733,3.3597869091679764e-05,8.155742578720014e-05,5.151201376042289e-05,6.59239934626989e-05
Z_R_1845_ON_0081,0.04572839254653419,0.0007125181913127545,0.02805361617803777,0.004560261289648593,0.0010764767999203787,0.004658359525066082,0.13868560853182804,0.0030532329264200313,0.001847038645772122,0.0007223161217667026,0.00360728636299128,0.002061578445326935,0.0016995720056958115,0.0087576476387867,0.0008510362854128725,0.0008661131005269147,0.0007444262587241209,0.02357457723894235,0.22725007241489417,0.08536863929254158,0.021754451991898082,0.2931350590444902,0.004961436846570373,0.0249001467131126,0.00077270708191937,0.02567958928101899,0.0005905439202462551,0.04226314298121954,0.0009054177353584742,0.0011587346040166473
Z_R_1846_HEN_0178,0.02426807134909471,5.557788062219786e-05,0.005373033908137861,0.07201358138425673,8.3967398738707e-05,0.060874453213654235,0.222606582622899,0.005015349875066678,0.00014407280348895622,5.6342139297630183e-05,0.00028137573650299986,0.00016080734797321609,0.00013257010304166297,0.05323222035731322,6.63825761257987e-05,6.75585986341186e-05,5.8066775338284545e-05,0.00024646823910403536,0.06868268056972704,0.00028934040385890646,0.0001044947359275082,0.40822524571327284,0.00038700225220246383,0.003534659672925288,6.0272737564381764e-05,0.07206853514521405,4.606363725414624e-05,0.0017042147057741914,7.062444078271386e-05,9.038367620649144e-05
Z_R_1846_KAP_0079,0.10742043711291951,9.804378266814448e-05,0.0038602279649134932,0.0006275001427942567,0.00014812514081112977,0.00906834265109086,0.16234823704018977,0.011656589020269253,0.01991795853610064,9.93919954937772e-05,0.006114598424821292,0.00028367689626922665,0.00023386416008312202,0.18098840702746333,0.00011710412116776371,0.00011917871800247122,0.0001024343900446056,0.00043478949176886965,0.07621585280737062,0.014555992743702482,0.00018433698918612378,0.17798252944848775,0.003491817291505602,0.059608598336443774,0.00010632588210310681,0.1636530938844149,8.125990392742616e-05,0.00019725502727425295,0.00012458710633874137,0.0001594439623737267
Z_R_1846_LAN_0080,0.12323145245205193,6.123333205417436e-05,0.005919778979552117,0.12671123137193097,0.0036013818445000023,0.0021547713485928106,0.12946569772333305,0.0002623927752325298,0.0036676034090166705,6.207535957886806e-05,0.00031000775330742913,0.00017717065899166895,0.00014606007010573266,0.006015931555486648,7.313748349193156e-05,7.443317479841824e-05,6.397548981355366e-05,0.07746669158599791,0.14760347839042878,0.0020732179609256277,0.00011512783127622147,0.25677725922252026,0.0004263825311352736,0.003894336866172035,6.640592465520945e-05,0.10922742629824547,5.0750945592545875e-05,0.00012319580350467256,7.781098856549514e-05,9.958086914200516e-05
Z_R_1846_WIL_0078,0.10158842645621009,0.00012555404889284016,0.004943375678239018,0.0008035714398670632,0.00018968781768251815,0.0008208574976773437,0.2582643987567157,0.0005380153949735486,0.0003254698381959572,0.00012728055897252974,0.01502496120773997,0.00036327426313721695,0.021883457153301557,0.15982566626803638,0.00014996255911929048,0.00015261927049179476,0.00013117662401399135,0.061711377004773894,0.00047350730590024434,0.0006536388002939767,0.00023606040814817887,0.2746882142071793,0.004471592048080005,0.00438769743141163,0.00013616003622925576,0.0009277155618242171,0.00010406075401297698,0.08658849379547075,0.00015954520740614188,0.00020418260600264855
Z_R_1847_BER_0537,0.16398214692257532,2.1178616593083767e-05,0.0014406568859719443,0.021980419153301463,3.199678225037248e-05,0.00013846328632304255,0.36638302671648465,0.0334648626643215,5.4900666099970496e-05,2.1469846508361512e-05,0.00010722159203050842,6.127756456253063e-05,5.051742442484591e-05,0.14528598496531828,2.5295875130365666e-05,2.5744012582346812e-05,2.2127039712901313e-05,0.001307523655756694,0.011609109656656012,0.00011025662385133006,3.981896976691004e-05,0.000824607825761347,0.020778739557812776,0.06506113350128528,2.296764802114038e-05,0.16702703595783927,1.755310028678589e-05,4.2609418772017956e-05,2.691228842649769e-05,3.444178157247285e-05
Z_R_1847_HLS_0535,0.025537079939966574,0.03749501322764714,0.0034270180625373685,0.09781780760488605,0.015094690878236273,0.013038387359238037,0.1989939080199816,0.00037298166202782745,0.005213363111624171,0.032508480498442203,0.005428394239275115,0.00773343602429358,0.00020761900801445293,0.06591031591027938,0.040005799360455986,0.0001058040154562916,9.093880156783129e-05,0.017843049453045188,0.0028221259509442413,0.00045313812276971877,0.03507775745237399,0.10064974198925744,0.003099951877929618,0.09282092507224982,9.439357514491542e-05,0.14778116749492723,7.21405992212124e-05,0.020126036856709762,0.00011060545326931195,0.030067928378227696
Z_R_1847_ON_0233,0.10295620090347665,8.310321007962857e-05,0.02708240879961274,0.0029129202802574226,0.00012555283323336557,0.019591661659842996,0.07332036149971735,0.0003561080410295779,0.004977511534381647,8.424597314559307e-05,0.0004207290144953769,0.00024044829834026944,0.00019822636271864467,0.015307688687593772,0.08343575839393971,0.0001010174614815034,8.682474710373776e-05,0.06941877568803279,0.009837582016961922,0.0004326382384003257,0.00015624647602216572,0.26276936516366567,0.002959710631706918,0.029095652699378066,0.007233251746359016,0.1696680890475768,0.01673617684958211,0.0001671959763763911,0.10010940094903018,0.0001351468164577189
Z_R_1847_PRE_0222,0.0023999987347456194,0.0003490759217661918,0.013743988638635322,0.002234156871484033,0.0005273860173307272,0.0022822170226064987,0.16796061939223084,0.0014958356307974326,0.06091447391981168,0.00035387611023339645,0.0017672767202136894,0.0010100056459890845,0.0008326519543356687,0.014292130442266798,0.00041693851386395686,0.0004243249261652852,0.0003647082777947152,0.011549624108221386,0.0013164848185121315,0.0018173015424576982,0.0006563149917782389,0.5136713683901094,0.002430700242628737,0.06220702469071733,0.00037856357937936626,0.13260005930989718,0.00028931845645032285,0.000702308484994302,0.00044358099822182,0.0005676856463612003
Z_R_1847_WAC_0234,0.14155265630507016,2.395497902944624e-05,0.03800603019665907,0.0001533167361819356,3.619132743862685e-05,0.000156614815025259,0.06025692751247237,0.00010265019422121999,0.06595163196049346,2.4284387066206492e-05,0.001493976191594558,6.931060712201229e-05,5.713989095557884e-05,0.08677444721659554,0.017873694163898467,2.911886519279597e-05,2.5027733514915833e-05,0.30072723172170357,0.06254813007069045,0.00012471046447286272,4.503894678616467e-05,0.10594415306586091,0.00016680432452754934,0.00015079772178796253,2.5978539451995834e-05,0.09832495471982022,1.9854183932346127e-05,0.019265976016570204,3.044029349403743e-05,3.8956848370105053e-05
Z_R_1847_WED_0111,0.017047679103636207,4.861113909087622e-05,0.045090388630578286,0.1145197873976811,7.344200342817851e-05,0.005888968318529616,0.0902434844853572,0.0016010936526593648,0.0001260131370827571,4.9279597196096076e-05,0.0002461050135560956,0.00014064999009765787,0.00011595231135309214,0.0855575907772152,5.806145547718205e-05,5.90900624173162e-05,5.07880484273203e-05,0.0002155732049952322,0.00018332924912129584,0.0016458599145820624,9.139621888366291e-05,0.29855669136828533,0.005909645592472323,0.1827613176473588,5.271749113728937e-05,0.14938756796335725,4.028951540657759e-05,9.780111809495492e-05,6.177159826300857e-05,7.905399425870957e-05
Z_R_1848_BUM_0235,0.22169509968614684,0.006815896585768842,0.08847228251980518,0.05105438290174691,8.907366196795546e-05,0.0003854585084338394,0.0841127095201646,0.00025264142953892267,0.00015283422363345414,5.9768442821072096e-05,0.005366191042932103,0.00017058643676580573,0.00014063201579146538,0.18654047549375907,7.041946321085374e-05,7.166700252904516e-05,6.159795820454895e-05,0.00026145657654712924,0.00022234970184383505,0.0053746400612225825,0.00011084931682118423,0.10364965271148517,0.0004105368072767159,0.18280849125594653,6.393807039800772e-05,0.05955885213312143,4.886487988699511e-05,0.00011861745767593867,0.0017641540055661146,9.588012898781066e-05
Z_R_1848_RIC_0129,0.08911730183820854,1.2429565720380927e-05,0.002626147245061981,0.029638124271140123,1.8778663189530533e-05,0.0029302820665910697,0.056194543648509225,0.031392471724746615,3.222077487370535e-05,1.2600486297547796e-05,0.005048710837465479,0.0007482180866934916,0.0071521958803556765,0.0407512945993112,1.484595280364571e-05,1.5108961196412153e-05,1.2986187889099475e-05,0.026052419452253537,0.09762577821326274,0.003269855175086384,2.3369444338366183e-05,0.4424380342656029,0.012551008371453648,0.028568435085929784,1.347953438160682e-05,0.11262809375074992,1.0301778336281513e-05,0.009996573771610512,1.579461322285986e-05,0.0010885957537177854
Z_R_1848_SCH_0521,0.3890267030706336,3.56148882602402e-05,0.15140468920484382,0.014513889414667202,5.3807188941056514e-05,0.00023284592026427364,0.088566117444793,0.0001526144185969348,9.232336210296833e-05,3.610463322753156e-05,0.0001803085202693869,0.00010304703355680372,8.495231112845992e-05,0.1014597999169667,4.25386503529777e-05,4.3292257898937494e-05,3.720979807350728e-05,0.028729833207727734,0.020542811492948593,0.00018541236256662815,6.696132170169717e-05,0.06465303281941157,0.001268419876078004,0.08491945395474033,3.862340178255883e-05,0.05332524591576682,2.9518061417610412e-05,7.165386283515682e-05,4.525688167234105e-05,5.7918806773611476e-05
Z_R_1849_COR_0538,0.05566077974331121,4.950753499350424e-05,0.0005307631624609637,0.00031685828955586853,7.479628378829803e-05,0.013089920784876304,0.17843436746326174,0.00021214621295431515,0.000128336836174587,5.018831955553634e-05,0.00025064322290262994,0.00014324359471557302,0.0001180904874736486,0.03323335500182584,0.027010096709327712,6.01796910667888e-05,5.172458682909719e-05,0.09383868856834943,0.06401794179541595,0.0002577379707307197,9.308157737669986e-05,0.44165388327043426,0.0003447329644273283,0.042865806885950035,0.0014721614293968879,0.045756908134331614,4.1032459456125756e-05,9.960458378558325e-05,6.291067479191339e-05,8.051176047989213e-05
Z_R_1849_FO_0249,0.0552646951728238,3.917244361447058e-05,0.06776123544312739,0.02157544815128816,5.9181965122147085e-05,0.03841615967078511,0.12098239319871905,0.00016785900501947327,0.00010154550169722997,3.971110898880811e-05,0.00019831945819541786,0.00011334035592493327,0.0012157927148670163,0.00497089148332604,4.678781722440422e-05,4.761670229308225e-05,4.0926668259901185e-05,0.00017371592962838812,0.1269737974286748,0.012549833227669935,7.365005835602941e-05,0.4055728529579494,0.00476218543901753,0.054119611025575824,4.248147621497337e-05,0.06763071746352133,3.246660744912934e-05,0.011302356886827344,0.005661550347206905,6.370429063200465e-05
Z_R_1849_GL_0238,0.013743440938408772,0.00021414379851388116,0.0022958048655733715,0.07499740319080049,0.0003235297480928901,0.06275574623724238,0.023274560021675588,0.04386662358606726,0.018961828113729564,0.00021708851777938875,0.007219721919816069,0.0006195971479735454,0.0005107979130708291,0.07625890678129647,0.00025577472274172623,0.0002603059845359887,0.00022373360947171498,0.0009496519900344203,0.06829887897994624,0.001114840156771642,0.00040262239987762656,0.22308282280948866,0.05057569472849357,0.2713131228889839,0.00023223327022138957,0.056802432395820016,0.00017748503801400114,0.0004308375265308109,0.0002721187970433071,0.00034825192198452296
Z_R_1849_HLS_0542,0.0014116711965498569,0.00020532528498130856,0.00808416796474954,0.16603546677477274,0.0003102066844247073,0.018991107732406552,0.09879387231252723,0.0008798454949992036,0.0064151634356496194,0.00020814873971862193,0.001039506232291075,0.01824279727278283,0.0004897630834839572,0.014289488247452934,0.0002452418337697315,0.0002495864966817026,0.00021452018430362756,0.0009105450021904077,0.0007743519494753909,0.0010689306647509859,0.00038604227424953114,0.34332010977313215,0.001429729720390637,0.19542840112188706,0.00022266982616943323,0.06622909938437775,0.0001701761445488739,0.0004130954925124605,0.053207058883876335,0.000333910790893744
Z_R_1849_KRU_0540,0.0583422896990994,4.13538887065267e-05,0.001628205616904681,0.05476807338226614,6.247770558257252e-05,0.015673501632412355,0.1289045482801245,0.002546919827613224,0.00010720039365336951,4.192255141645744e-05,0.00020936352307422492,0.013153073842613284,0.007207780709677175,0.013541707429199133,4.9393349196233825e-05,5.026839342931686e-05,4.320580306416421e-05,0.00018338986689483494,0.07480192066147343,0.0132487115608692,7.775150170512538e-05,0.4447464893983884,0.0002879571492757469,0.04883944214665151,4.484719556361822e-05,0.10220322382659264,3.427461621602314e-05,0.019040904579186075,5.2549597634756625e-05,6.725187151589845e-05
Z_R_1849_KZH_0236,0.02342160411305497,5.740614836044076e-05,0.017063243136379875,0.00036741102100652556,8.672955671341829e-05,0.00037531459725894143,0.22335023972566484,0.00024599279638057086,0.00014881216482530527,5.81955477836728e-05,0.00029063176022347447,0.00016609720219364505,0.00013693107614342974,0.10926106644417508,6.856627080709208e-05,6.97809792816154e-05,0.0017047569243614743,0.05288753620293324,0.13015411884069936,0.0002988584300920646,0.0001079321529785674,0.38546890000101486,0.00039973292354883607,0.020098734500194667,6.225544543936555e-05,0.033319772670902074,4.757892824680499e-05,0.00011549586370893596,7.294767414765997e-05,9.33569014792472e-05
Z_R_1849_ON_0077,0.034776266550871585,7.473921793359358e-05,0.002942669196266764,0.006902548559862464,0.07934474568736112,0.009054239312100835,0.1837180157797274,0.10524890595136246,0.01304214887858226,7.576696665415136e-05,0.0003783843906297461,0.00021624817806912143,0.0023196764943444652,0.03518104144363353,8.926899997834489e-05,9.085047450670299e-05,7.808619774852876e-05,0.011038445940695012,0.047392684556748214,0.008954698160090882,0.0022819217084868626,0.24702972638581563,0.10116626441024246,0.06899531217365021,8.105269970441127e-05,0.03053185717144127,6.194479143518464e-05,0.00871597155673605,9.497331333986172e-05,0.00012154485198088474
Z_R_1850_KAP_0239,0.04670656424429965,0.009701458230621888,0.016135716815069315,0.00043041793088590736,0.00010160271252880693,0.00043967688269373414,0.0188702948125431,0.002215019342193366,0.0001743317984835923,0.015482907542479012,0.033096777601667814,0.011755630106203147,0.00016041323503626986,0.10872971082771338,8.032462479895834e-05,0.002008589155353567,7.026229192272093e-05,0.00029823290969266213,0.16210831238184872,0.013837999923394408,0.019394856449255964,0.23383944461260922,0.0062488072199679565,0.002350187620025458,0.04246344485042645,0.09876583056171465,0.009689945751393354,0.1446484156016984,8.545739015547262e-05,0.00010936657332307788
Z_R_1850_LBK_0252,0.3483469797838255,1.280815654449262e-05,0.0918809708777301,8.197480596810614e-05,1.9350640500128188e-05,0.005221382972662456,0.11295236117811902,0.06244057101511984,3.320218403854458e-05,0.00037995890906736767,0.0007987934747163225,3.7058730259012884e-05,0.0014984498418757423,0.21226876037460837,1.5298144105666783e-05,1.5569163443176246e-05,1.338173280881794e-05,0.0015246981467855582,0.0004152785695135668,6.66797140478121e-05,0.005528700640174737,0.048939347313973626,0.026878333988366306,0.029071623394612747,1.3890106089820776e-05,0.051104112130771054,1.0615559110114476e-05,2.5768826944063557e-05,1.6275699671983578e-05,0.0003878039245458758
Z_R_1850_MIN_0154,0.042244011540158596,2.575825329852941e-05,0.00027615052904556497,0.11677139725381626,3.891572512871943e-05,0.02230888653433054,0.2552010730442736,0.00011037745850844716,6.67723152475804e-05,2.6112458394639565e-05,0.020056840963828454,0.001550560287717063,0.005965569813922335,0.11028099237809103,3.076582250555086e-05,3.131086462149613e-05,2.691176220913596e-05,0.006018357307905205,0.00747730390095461,0.0038241787281190417,4.8429372373524255e-05,0.14713010198726867,0.014201666306606943,0.09536622255906217,2.7934142572522924e-05,0.15074560551067107,2.1348760027563518e-05,5.182322446836183e-05,3.273176692566357e-05,4.188942794715379e-05
Z_R_1850_NIE_0251,0.18761925868709467,7.506068796658897e-05,0.19435974370953693,0.00048040366390895306,0.00011340214210282351,0.0004907378857274569,0.16730333645465043,0.0003216447899485747,0.021700691795047883,7.60928572634418e-05,0.0025306233381011435,0.0002171783096768784,0.00017904250803933052,0.04393480867097824,8.965296584207659e-05,9.124124264483451e-05,7.842206388762867e-05,0.07345365628125029,0.00028307955379768907,0.00039076858503859515,0.0001411253304335813,0.050236004560094166,0.0005226657614456469,0.0241292363184019,8.140132542954922e-05,0.2306700446583393,6.221122978839639e-05,0.0001510151653592244,9.538181472664601e-05,0.00012206764347719705
Z_R_1850_OAR_0240,0.010984810506209503,9.042348455444701e-05,0.01133253986020218,0.07312058749493902,0.00013661234825665635,0.00059117802983781,0.17822856419103267,0.0003874763672413885,0.00023440197386361458,9.166690966817752e-05,0.0004577895788547434,0.0002616285576728181,0.0002156874377102725,0.016656090062954466,0.00010800238835660352,0.00010991574042987913,9.447283890906094e-05,0.10662300370774191,0.13506161285140794,0.018606212547468682,0.00017000968792588696,0.3973193789910349,0.0006296406372967923,0.008341562111463698,9.806187089527753e-05,0.018803601449152885,7.494410627288915e-05,0.020908169066023337,0.00011490377032713923,0.00014705143229530766
Z_R_1850_ON_0241,0.10871014797302996,0.00019720434387889596,0.007764426283106588,0.0012621478953184176,0.0002979375174099528,0.01823997926141241,0.015783241523892832,0.0008450462083708565,0.0005112066592817329,0.00019991612649736072,0.0009983921099422607,0.0005705850455783235,0.00047039217572911695,0.08152703878701369,0.09628939899511474,0.00023971495436437852,0.028457169942490496,0.006524758375730135,0.017694405723405082,0.006676879633800841,0.0003707736892211102,0.3862435229420406,0.0013731816393653595,0.0012414106373072823,0.00021386288091779977,0.12011190206822066,0.00016344540777165297,0.00039675690973795604,0.09630445020122634,0.0003207040888231492
Z_R_1851_ASS_0543,0.054263727009413634,0.040808331726136814,0.10475735007826824,6.956747065954359e-05,1.6421815206977112e-05,0.007856839194227033,0.14942253694793625,0.009078076782209258,2.8176851859007568e-05,1.101904088741208e-05,5.502969507199123e-05,0.022143051314244048,2.592722612373293e-05,0.05183114669212901,0.14981129792406533,1.3212685388339994e-05,1.1356334346353818e-05,0.16012374123499498,0.019972577441375906,0.000990880401000755,2.043642257923585e-05,0.07267521026701267,7.568746401361576e-05,0.0006912864854723147,1.1787762550331763e-05,0.13243849372563038,0.00686049102999534,0.011856246908814806,1.3812283493965054e-05,0.004066279784892727
Z_R_1851_CAM_0253,0.1097740786515148,0.026024758160131035,0.04663931443286128,0.00023065303895534333,0.0007640917003549115,0.0064532971827509136,0.2627823482172269,0.08015664379701355,1.705801167111741e-05,0.04355883804728726,3.3314480464075555e-05,0.0003961143984086618,0.006237434282771237,0.07983225090926466,7.859601055097909e-06,0.14612457717403524,6.875022262619721e-06,0.12804615785552187,2.4816717872157217e-05,3.425748556582633e-05,1.2372025683240075e-05,0.0008218238409563676,0.03530233682773439,0.010033912137761595,7.136205001398695e-06,0.016639923762266213,5.453868064388547e-06,1.3239037234795992e-05,8.361831698721817e-06,1.0701296610272532e-05
Z_R_1851_C_0549,0.058618834302582544,0.0001342467857546851,0.0014392404826199703,0.0008592067231419188,0.00020282085719460174,0.0047240794822164655,0.06844028446868024,0.0005752649006435591,0.0003480037483713227,0.00013609283079118735,0.0006796550676637004,0.004234815464098869,0.0003202193034579745,0.07857784156536458,0.1040128725395285,0.00016318586846398935,0.00014025863996675462,0.004441726903874094,0.012045460295059169,0.0006988934945372267,0.00025240405480574877,0.3206309870259411,0.0009347929042341779,0.06623371815478069,0.0001455870788175071,0.06253418437743483,0.2078163200420069,0.0002700921227728714,0.00017059132274674523,0.0002183191924480738
Z_R_1851_FRI_0550,0.278281862048864,0.06900006838020885,0.008507165988528062,0.005078660794005487,0.0011988480861440727,0.005187910600218743,0.040773465943400325,0.003400317081298416,0.0020570055440877403,0.0008044272763101535,0.004017353976198628,0.0022959337106000562,0.07009932809150209,0.009753195899493751,0.13736088571660443,0.0009645707487869696,0.0008290508403086947,0.0035189607059836676,0.0029926187901209668,0.00413106985116715,0.0014919280108778151,0.14457380462896888,0.005525441020629073,0.18687935862600372,0.000860546559273294,0.0058632654398529495,0.0006576755287467466,0.0015964799130997116,0.0010083434397059863,0.0012904567590095906
Z_R_1851_HLS_0256,0.032911303278745314,0.00015865706270080338,0.033521429267487836,0.0010154374585592029,0.00023970005148396336,0.0010372810803463118,0.10361379636970239,0.0006798661055301381,0.02768598721786152,0.0001608387766350204,0.028077943150839516,0.00045905351561654275,0.000378445218044756,0.0019500732296793106,0.00018950101055895935,0.00019285817846013235,0.00016576206059934053,0.0007035879459150768,0.0005983501048669697,0.0008259742559989493,0.0002982990298362144,0.5198510702011451,0.014742120314110766,0.10555179132557817,0.00017205937678526438,0.11936270323466287,0.00013149694270888035,0.000319203343431059,0.004747394421843416,0.0002580164702663205
Z_R_1851_LOO_0242,0.03873054040693857,0.012267472585108288,0.007031518465620727,0.02489747872726246,0.0006451101446184169,0.0032144049580580774,0.14418468968042297,4.700202546852845e-05,0.05502556675887804,0.0003253887983881038,0.039653467063431355,0.023287666886825622,0.017939515448730157,0.02307647806725488,0.09240828463038007,1.3333103300875337e-05,1.1459833827030786e-05,0.015447839287226265,0.019211795733811713,5.710310118569438e-05,2.0622676264565668e-05,0.19087428855706254,0.01327568921127415,0.08492176772865016,0.04683802566924614,0.041878868119262454,0.016665365539578012,0.08801748085370903,1.393816603008882e-05,1.783777218501123e-05
Z_R_1851_LWF_0883,0.09782797051324701,2.748225254186976e-05,0.04517708694499247,0.055294694753989564,4.152035362966611e-05,0.00017967571138474434,0.1935405276379385,0.024527520522673603,0.004795710191780801,2.7860164576125295e-05,0.04265935445567808,7.951631293085258e-05,0.007152256718905118,0.15388302393690378,3.282497822956657e-05,3.340650000057959e-05,2.8712965774757962e-05,0.02216939516786356,0.009552582598098255,0.00014307357460192766,5.1670749044518114e-05,0.18059986003669387,0.00019136558483758695,0.00647229381763753,2.9803774030069795e-05,0.13091336930522857,2.277763199753811e-05,0.0221028128516474,3.4922503260112866e-05,0.0024069274898819533
Z_R_1851_NIE_0255,0.1521394149009436,1.94333698762269e-05,0.11101110851237793,0.052463372583580754,2.9360052937718374e-05,0.00012705307004199338,0.15022036685425671,0.010105635269329743,0.010072737274746286,1.9700600676583466e-05,9.838588122546364e-05,5.622792083817775e-05,0.0011599501213278112,0.024737961982827555,2.32113412880698e-05,2.3622549490525454e-05,2.030363716708472e-05,0.027369273292904627,7.328989145152059e-05,0.00010117080797933888,0.0033773245637257563,0.322028997179192,0.001248914903858046,0.0468933508459559,2.107497424206505e-05,0.05972095938164893,1.610661814705177e-05,3.90981437134134e-05,0.026750989904792563,3.160356945659323e-05
Z_R_1851_WIE_0254,0.0005171763590002092,7.522246225384618e-05,0.0417561332636665,0.23324806426031705,0.00011364655167605167,0.0004917955468526654,0.1827506420978833,0.00032233801376590885,0.0001949968386870315,7.625685612999412e-05,0.00038083092556414337,0.00021764638247513657,0.00017942838878345186,0.14963657897041674,8.984619008558544e-05,9.143789001641071e-05,7.859108276867475e-05,0.0003335850090938942,0.015370415367954662,0.0003916107876754171,0.00014142949031225167,0.31543959868823357,0.000523792235014198,0.04573370606828587,8.15767653536946e-05,0.011332049441743928,6.234531032550649e-05,0.0001513406402702976,9.558738605183253e-05,0.00012233072934219046
Z_R_1852_FR_0551,0.0016106528753485143,0.0002342668472978353,0.009223669370776405,0.0753327655788381,0.0003539317721025259,0.0015316088947938942,0.15299210132148225,0.007715992039106192,0.0006072826289320209,0.00023748828122819,0.0011860295131573783,0.04095058972456689,0.16164987412728934,0.04986429962955564,0.0002798098209288001,0.0002847668844636295,0.00024475781082264797,0.014463146979179525,0.08814116700295427,0.07505301158372953,0.020576841324037105,0.1702124597450789,0.0016312568328563169,0.11558090012886854,0.00025405618294804176,0.008443119760470762,0.00019416327059959798,0.0004713232404506359,0.00029768974453716333,0.00038097708359944633
Z_R_1852_GUD_0885,0.12514748861354041,4.4013523967559404e-05,0.008038219193990628,0.0002816955019779701,6.649589864719727e-05,0.0002877552055593875,0.1321506816453178,0.00018860366264886416,0.00011409488304420858,4.461875966838102e-05,0.0027449473796191527,0.00012734739045360381,0.0038881638715390775,0.12034162068451772,5.25700345646904e-05,5.3501356419299844e-05,4.5984542401743114e-05,0.00019518440839420834,0.040519891580810354,0.19947652467362606,8.275201415996882e-05,0.2677972428690006,0.00030647683416717915,0.048197325253414046,4.7731499468527736e-05,0.04950653223817186,3.6478954929932565e-05,8.855114148383178e-05,5.592927406166594e-05,7.157711043414061e-05
Z_R_1852_HLS_0258,0.10422253177322315,0.00015652251002058913,0.01064730696075841,0.032394156634393004,0.00023647515636342613,0.0010233256277966563,0.06634278248190073,0.0006707192702550967,0.0004057484124140526,0.0001586748714428759,0.0007924310182988729,0.0004528774658684838,0.000373353662454728,0.0153777146463916,0.00018695148718378667,0.004674889309155477,0.00016353191814802456,0.0006941219599062998,0.0005902999758761234,0.0008148616995711565,0.0002942857512414697,0.6294573289495536,0.0010899041708718408,0.036862323144143685,0.0001697445110136373,0.07739517966272795,0.013583605261943167,0.00031490882076276133,0.00019889773802737865,0.00025454514829192465
Z_R_1852_HUD_0257,0.17430512718504465,4.781203440614609e-05,0.0018824789012753848,0.0003060067410770004,7.223471122945612e-05,0.02634055559531685,0.10382882004427267,0.0577403849569498,0.00012394164297536492,0.22060123554284894,0.053667884677037876,0.00013833788492801415,0.011073189858405708,0.01702637900376129,5.710699973017047e-05,5.811869769347381e-05,4.995315814938008e-05,0.037199139291028575,0.0001803155517556157,0.07970270262724626,8.989378244538033e-05,0.0977541100466984,0.07841682531845086,0.0003009790095675646,0.0014217438400631443,0.035970498739337935,3.9627207525934946e-05,0.001466086350104394,6.07561525343463e-05,7.775444813944119e-05
Z_R_1852_LBK_0156,0.045362616130887434,4.140294525631089e-05,0.036031737240926245,0.03110780119096412,6.255182051517447e-05,0.005015735847136183,0.13380251115283695,0.09863716913447283,0.00010732756141467634,4.19722825492473e-05,0.00020961188308132292,0.00011979402147782567,9.875858268451562e-05,0.16302679276474788,4.945194265309222e-05,5.032802491796202e-05,4.325705646971512e-05,0.00018360741533868472,0.0001561446822107944,0.0002155451911317494,7.784373536279325e-05,0.0716015219872765,0.033503636813389436,0.26479707598913016,4.4900396090839754e-05,0.11418708437466692,3.4315274893340464e-05,8.329889844633193e-05,5.26119352294337e-05,0.0012535937238415025
Z_R_1852_NIE_0260,0.037718140706242145,2.6203033270686705e-05,0.05133258156090382,0.023441256812477555,3.958770140516287e-05,0.0159372669568149,0.14098771137472024,0.045157868054074055,6.792530447291708e-05,0.008284920541464687,0.005387977060841045,7.581505883169903e-05,0.006819339880544333,0.03185397392376458,3.1297070549384506e-05,0.03907135822573588,2.7376460366552043e-05,0.00011620118286466627,0.10145138608515678,0.0008871736582856117,0.015815220254787696,0.2953180576019391,0.00543777628085726,0.033198378076650784,0.009788293170048883,0.05049451638847761,0.04581806179910735,0.0353384260609207,3.329696186388895e-05,4.261275256004919e-05
Z_R_1852_ON_0552,0.1736918665817802,0.024820708160235763,0.004564053487412028,0.0027246770004865084,0.0006431762111873176,0.002783288994153858,0.082862244916292,0.07500922640938708,0.001103573544912566,0.0004315713506429374,0.0021552910158286896,0.0012317573529024434,0.0010154647859984673,0.005232542519862026,0.0005084794151395234,0.0005174875505889252,0.0004447817738663239,0.08727037359284218,0.0016055255350565453,0.0022162990338248207,0.0008004121760639043,0.3825005345909369,0.002964372435391374,0.12465486470972967,0.0004616790750560236,0.015343109057096153,0.0003528397464690231,0.0008565037669174139,0.0005409713879692881,0.0006923238219701415
Z_R_1852_WAG_0259,0.02425170845299448,3.225742783951422e-05,0.03361803695041544,0.1665675026257307,4.873471739769351e-05,0.00021089524178109642,0.16709431434028713,0.00013822726493447775,8.361992235316248e-05,0.005578069288236468,0.00016331060872462526,9.333265977828393e-05,7.694374964768668e-05,0.05122902257000628,3.8528478150060325e-05,3.9211042162489084e-05,0.000957930030877972,0.0038399624704871633,0.00104588185214996,0.03436437105858891,0.000984876840862024,0.34229612044578633,0.0011488443350942538,0.0898531826245399,3.498232499885018e-05,0.07602504917057372,2.6735356550420777e-05,6.489896284211824e-05,4.099045837571103e-05,5.24587278331093e-05
Z_T_1800_WIN_0070,0.0011373446738118362,0.20397230648185183,0.001773496961997003,0.001058753232431102,0.0002499249975302655,0.024780003241342993,0.4587711004813235,0.0007088673268678828,0.033606690334155934,0.11866007270820692,0.0008375015935580208,0.0004786354781588348,0.0003945886519407122,0.044690512276048616,0.00019758460335207446,0.00020108497881805753,0.00017283301496776507,0.0007336010758300343,0.0006238740774368016,0.000861208049863148,0.005050718567041623,0.03961882800700451,0.0011518939300107387,0.005781052695458192,0.00017939895737149297,0.04861926970347763,0.0001371062412306286,0.0050725146012569645,0.00021021031320885174,0.0002690227444460611
Z_T_1805_H_0074,0.003183192470237985,0.17570398319033534,0.0002809189511585319,0.000167704740387795,0.001541107189927083,0.01368498772403202,0.2528509132696033,0.0856988942441659,6.792530447291708e-05,2.656335459412641e-05,0.014397093991972565,0.006832652757180339,6.250218219569254e-05,0.10692994834986057,3.1297070549384506e-05,3.185152416596008e-05,0.010538012880019992,0.008374558369735226,0.11646658097037597,0.0001364139140246517,4.9265625307535166e-05,0.013032393759818107,0.04147424400538334,0.00016494932916854578,2.8416494656402543e-05,0.14809328314240242,2.171739918879091e-05,5.271808065558068e-05,3.329696186388895e-05,4.261275256004919e-05
Z_T_1812_BES_0017,0.009718951350387028,0.019266541950380692,0.00014408234868534697,0.010867752578930434,2.0304393754806468e-05,0.07671521346871939,0.12968635010515894,0.04973059422867361,3.483865137351364e-05,0.005789555003620948,0.023941887368885,3.888527882202008e-05,0.006193049952871966,0.06447054821202987,1.6052158151414797e-05,1.6336535474424984e-05,1.4041290884921968e-05,0.012766646834815041,0.01853366315151899,0.06090977013940069,0.02158874297400788,0.017466006635418346,0.1406412304021556,0.151799049683189,0.007330753673177438,0.0732610932229578,0.009637690031253235,0.0004121009695256838,0.08896641147385159,2.1855931924416722e-05
Z_T_1825_ON_0016,0.0010433835952267459,0.13929184611374387,0.0016269805266070849,0.25316269382956624,0.00022927758705388349,0.014036561992342796,0.0512791310137548,0.02239094335611641,0.009089654169848041,0.03493886721687159,0.0007683118792529424,0.0004390932823650424,0.000361989936540283,0.07578345312550068,0.00018126126455228364,0.00018447245850468542,0.00015855451446091613,0.0006729950432672296,0.0005723330779781466,0.0007900598402530407,0.00028532860697335873,0.09287140184383312,0.02714549730973521,0.21401358583347377,0.00016457801529491816,0.05764699981173303,0.00012577928766641054,0.00030532397431004164,0.00019284390862314645,0.00024679758455028886
Z_T_1839_TEL_0523,0.3507313241839923,1.7067136695037716e-05,0.004094985281843447,0.003043241367800419,2.5785133512771542e-05,0.00011158291782340718,0.02239302651223018,0.038215241794291574,0.0024892494576811554,1.7301829114718836e-05,8.640628436712246e-05,4.938153378107065e-05,4.071029778317269e-05,0.37674082952968885,2.038509724056027e-05,0.0009987489771662843,1.7831439073312335e-05,0.03919579635292465,0.02255842905863539,8.885211470415532e-05,3.208877204422131e-05,0.01142255393690642,0.005986859054981472,0.00010743842972652015,1.850885711148513e-05,0.12139844850592152,1.4145454718421685e-05,3.433750129437741e-05,2.1687710494807052e-05,2.7755476451185608e-05
Z_T_1841_HIE_0986,0.06303128472204225,4.875275877110659e-06,0.00033163638108761346,0.03271740495702196,7.365596329901249e-06,0.012743174831757464,0.3131440674020674,0.09095558192632629,1.2638025335512266e-05,4.94231643069952e-06,0.011339136807318493,0.006718967964600413,1.1629011724620439e-05,0.049089225908295404,0.009783746795793804,5.926221052782826e-06,0.0002844628505878639,0.20898981880540243,1.83863345423563e-05,0.01147952009046028,0.02277776008881474,0.00018982309932008616,0.051018835774778684,0.030900992169338726,5.287107392463063e-06,0.08356742890782426,4.040689155523869e-06,0.0008479163531029174,6.195155853871764e-06,7.928430364041163e-06
Z_T_1842_S_0220,0.16088737665285527,5.140330253295436e-05,0.009387819374777789,0.018002455509598978,7.76604208715917e-05,0.00033606870237665886,0.13077388597372278,0.0002202698229096246,0.004551617155725097,0.014779996758002753,0.010569761601183211,0.00014872875080608654,0.0015954011282713232,0.009468536196552453,6.139643335281185e-05,6.248412219779792e-05,5.3705250837413044e-05,0.06944902249131245,0.01786732337580332,0.00026760740330616803,9.664590415917276e-05,0.30392310755615887,0.0003579336532482419,0.07838138520204767,5.574551833978799e-05,0.16827772491148804,4.2603695121786194e-05,0.00010341869282466029,6.531968213132265e-05,8.359475748391966e-05
Z_T_1843_ECH_0043,0.0003839483275972147,5.584466126011992e-05,0.0021987434309537124,0.02755811162245405,0.012884697246124998,0.03716604531113063,0.27647646952291705,0.0018393424706904691,0.00014476437060147854,5.661258847085238e-05,0.07708468713601418,0.10416423444080657,0.00013320645578241005,0.007086556911772826,6.670122062622748e-05,6.788288818670605e-05,5.8345502975851884e-05,0.03384850915000947,0.17141498020201767,0.02429134201122229,0.0033050780218611244,0.011774605469467521,0.0291895951959995,0.0019515856233215728,0.025661215641255654,0.07081443209653883,4.628474835795403e-05,0.08011439675590117,7.096344675332614e-05,9.08175289285846e-05
Z_T_1844_V_0050,0.08078708314551424,3.4285431514548867e-05,0.04850191893142634,0.00021943373241689804,5.179863763572404e-05,0.18686755108366085,0.18152876074331978,0.0001469175238934924,0.15333292932176082,3.475689494896902e-05,0.0001735778413233752,9.920042387816228e-05,8.178115354215677e-05,0.14285978831993856,4.0950738711892864e-05,0.0020063435518634133,0.0010181544738407447,0.021763384464394762,0.0050409704429276335,0.016878163526558108,0.003011462749161828,0.0023172667133432192,0.0611434252089719,0.0002158284069694174,3.718164120012585e-05,0.09161036531110463,2.8416191166477735e-05,6.897911876169619e-05,4.356750204580387e-05,5.575677420439709e-05
Z_T_1845_ON_0082,0.025367342876216673,0.00014188734232240324,0.0015211537907128911,0.0009081078386109011,0.00021436425634413674,0.0009276426351671273,0.22275177318652964,0.0006080056771923674,0.004433114462892592,0.0001438384536474476,0.008848945810293935,0.0004105325171525268,0.00033844434838841206,0.0017439545594957102,0.0001694711492694505,0.0001724734715305515,0.00014824135677261904,0.20795974142943766,0.061514670824387545,0.0007386705011136061,0.0002667694449923623,0.33887946262230756,0.0009879959513220558,0.0008931875058820194,0.0001538730597814512,0.11894222765197916,0.00011759799032501487,0.00028546421627172213,0.00018030040176924154,0.0002307446678912342
Z_T_1845_WAC_0083,0.1602983151726015,1.4410508733018769e-05,0.06621603473332954,9.223018575603367e-05,2.1771483893715193e-05,9.421419892989093e-05,0.05606700104455182,6.175090023884519e-05,0.1156450539595833,1.4608669515569448e-05,7.295649749041689e-05,4.169492730487604e-05,3.4373434291340463e-05,0.11289462691010632,1.7212003809282283e-05,1.751692876209889e-05,1.5055841707939847e-05,0.32046238295570734,5.434696234007931e-05,0.0004879062518586791,2.7093913761735283e-05,0.05877781932960057,0.00010034386472869782,9.071483152097766e-05,1.5627814542600024e-05,0.10126321466167054,1.1943608491259391e-05,0.007048031421480191,1.8311855530838306e-05,2.3435128160964383e-05
Z_T_1847_JMT_0243,0.15666348350610615,5.32287740526219e-06,0.068838688115296,0.012692326149297661,8.041835430233964e-06,0.0073552390802159254,0.15995057711278043,0.0701770137961392,0.00031881660955581726,0.030354715008955983,2.694828470344066e-05,1.5401051453280788e-05,1.2696677134750423e-05,0.10483920357502538,6.357678821275245e-06,0.009919564435200017,5.561247082191594e-06,0.0010911690609220583,2.0074393156003685e-05,2.7711087232694575e-05,1.000780639006988e-05,0.08774749743258681,0.03724929473853411,0.18914484183747104,5.772519378988478e-06,0.04807970982126716,4.411666857378493e-06,1.070913727703045e-05,0.014800150553256652,0.0006186929050669175
Z_T_1848_DEI_0244,0.2938992723361948,2.6765681974196406e-05,0.027894650809987022,0.015508916797039675,4.043775447499055e-05,0.00017499085790310465,0.10337042278986973,0.046127527392800724,6.938384112790592e-05,2.713374035324284e-05,0.00013550738880616127,7.74430094631203e-05,6.384427001490217e-05,0.1935828787293544,3.196910175990708e-05,3.253546096791933e-05,0.0023286059542489334,0.01468942677184692,0.0001009425508292565,0.00013934308299046443,5.032348910217794e-05,0.04705497803910803,0.010155823074172938,0.24326962542956374,2.9026672253459655e-05,0.0009646514689784785,2.2183729417468877e-05,5.385007783415026e-05,3.4011936051418875e-05,4.3527761510853106e-05
Z_T_1849_NIE_0248,0.03975891936000394,1.108006317769779e-05,0.1417068065645461,0.144516090787894,1.6739826572664e-05,0.002612135544934297,0.17612577530951942,0.040365144055185494,0.003838265608342396,0.02699549609936013,0.016564115484119134,3.205871751557277e-05,2.642931145864633e-05,0.02172359734064129,1.3234098334408491e-05,0.014934179052810935,0.0015988858795874638,0.12036720594855463,0.0009941724885509824,5.768319912034993e-05,0.03716387746831134,0.06551110662054456,0.010870858634301882,0.028323860894853684,1.201603466396699e-05,0.0975426814427247,9.183293879807364e-06,2.2292062840077962e-05,0.008268089825433216,1.8018982217190248e-05
Z_T_1850_GRU_0872,0.09058604188654377,2.3206377992681237e-05,0.0487865412325225,0.002808128221817483,0.002029762349811395,0.010125230616902197,0.0942785147903477,0.1131325564316897,0.0007250578397398306,2.352549191907995e-05,0.03801682585178404,0.01668966140562162,0.02997588445073177,0.1904468243505457,2.7717846316866304e-05,2.8208891001378304e-05,0.012657358359788021,0.0001029120768155804,0.06591268563755939,0.03137114476366024,0.01334164488712804,0.13321879402898912,0.000826492305201396,0.09456198054175124,2.5166701481129778e-05,0.004825776013863096,1.9233734101953563e-05,0.005365894456200321,2.9489024230096264e-05,3.773943394268646e-05
Z_T_1850_GUD_0865,0.09817432662095786,1.5700527546249305e-05,0.020861229162736535,0.00010048656844017965,2.3720452131768145e-05,0.00010264818910641562,0.1623013817537877,0.12062594891595077,4.0699987018581414e-05,0.0009156079955878211,7.948751288020657e-05,4.542742847024622e-05,3.745052044649967e-05,0.1751829870754357,1.8752810531566434e-05,1.9085032156072053e-05,1.6403630284463942e-05,6.96262853856092e-05,5.9212064964804425e-05,0.1062453425283373,0.00047936512627567475,0.012307304056824684,0.07658310986195947,0.19308267690581055,1.7026805733205175e-05,0.032055061450195016,1.3012792094492044e-05,3.158801002036225e-05,0.00046979690424260855,2.55330246876042e-05
Z_T_1850_KRN_0870,0.1755829306702581,0.005161538063464074,0.007439282761936873,0.06670823887010323,8.967962169032504e-05,0.0207967978344576,0.0659769296867399,0.0019550865493707524,0.00015387394044396108,0.022169618554054093,0.003701970310532381,0.0052739261922434355,0.003543041570156264,0.13168552076465073,7.089852017824343e-05,7.215454638876862e-05,6.201700330528355e-05,0.0223726787531339,0.017231126566014644,0.00030902395867398954,0.037527584742528756,0.17238382848477993,0.01231841461854371,0.18915429945443268,6.437303506131258e-05,0.03785458187539496,4.919730305671501e-05,0.00011942440105441293,7.542895488752247e-05,9.653239246343957e-05
Z_T_1850_LWF_0867,0.27322624434059156,1.977469560566733e-05,0.08349887359459918,0.0001265620723577091,2.9875729917532135e-05,0.0001292846172253144,0.11149867479597907,0.09583631098526815,5.126132558770771e-05,2.004662002058697e-05,0.011998238481826665,5.7215502313611286e-05,0.0011803233671312098,0.23253977080529442,2.3619022922644823e-05,2.4037453544091573e-05,2.0660248182595045e-05,8.769377943498837e-05,7.457714764124106e-05,0.00010294776174760267,3.717938813477825e-05,0.008702027983805535,0.02733340928023844,0.13100385281168467,2.14451329434085e-05,0.021676054387039106,1.6389513147912436e-05,0.0006063622195756526,2.5128284906942823e-05,3.215865133206811e-05
Z_T_1851_GIT_0875,0.10076925912608603,3.1903593488540786e-05,0.002170214066839742,0.00020418948478834875,0.0009622902570385414,0.06328079983051982,0.06379744047458541,0.0348721353982473,8.270268862016047e-05,3.234230395803186e-05,0.0010756093560897043,0.007405029804012889,0.07411739903986636,0.20057786606697267,3.810585613791336e-05,3.8780933050145005e-05,3.333230369427131e-05,0.0010555712654995056,0.06776298786369853,0.020276073755161654,5.998353192676681e-05,0.2654142372679526,0.03312939658335829,0.060530782196001824,3.459860102919295e-05,0.0002357348123651062,2.6442094248785133e-05,0.0018923673102811454,4.054083070212117e-05,5.188330377859174e-05
Z_T_1851_LBB_0548,8.317605044451015e-05,1.2097821576920998e-05,0.00012969900520996583,0.04687144815723693,1.8277462127862034e-05,0.035087953261966946,0.20408895612276678,0.05065870641979608,3.136080489546503e-05,1.226418029716161e-05,0.039576197907420424,3.50034686868001e-05,0.011814017475740611,0.16722067702585858,1.4449715476655574e-05,1.4705704195851442e-05,1.2639587543198817e-05,5.364955891944569e-05,4.562502725052601e-05,0.01878058954098314,0.004182214128082937,0.00012441681954578426,0.07044858070664951,0.32798091620097414,1.3119766656147802e-05,0.007368460206831407,1.0026824672801544e-05,2.4339698654751628e-05,0.015266757235017324,1.9674114521301305e-05
Z_T_1851_LEH_0881,0.012557376672559415,6.61651711621253e-06,7.093472841131825e-05,4.234705477732443e-05,9.996274142497644e-06,0.027152344746491197,0.17891871787489003,0.45614347640985947,1.7151790597151164e-05,6.707501704876248e-06,3.34976317163744e-05,1.9144029213891473e-05,0.000584504499699664,0.16273584486411893,7.902810366957442e-06,8.042815220835265e-06,6.9128187078723824e-06,2.934191272459722e-05,2.495315142576266e-05,0.015200368473671528,1.2440042712645725e-05,6.804580567131494e-05,0.1412787271140272,0.004591428082790894,7.175437337141613e-06,0.0002384633039363194,5.483851505581413e-06,1.331182078762368e-05,8.407802097353264e-06,0.00020033416171787
Z_T_1851_LEH_0882,0.00035289295473395107,5.1327707667148315e-05,0.012315258921483132,0.0003285077647346038,7.754621169037295e-05,0.05033674775775666,0.23205453623773847,0.5105260379515405,0.0016036779566236936,5.203352166069245e-05,0.0002598582635064755,0.00014851002692250963,0.00012243215139097038,0.09033886245514124,6.13061423615414e-05,6.239223162657397e-05,5.362627067407566e-05,0.00022762022560673283,0.001664197103024108,0.012032195803338877,0.01627335395514822,0.0034691116079091115,0.06506480799049219,0.0003231103384098194,5.566353771265839e-05,0.0018498818243505297,4.254104115877461e-05,0.00010326660294286906,6.522362152116934e-05,8.347182113231008e-05
Z_T_1851_LEH_0884,0.01891775036699943,1.3687153180112018e-05,0.0009310566340164342,8.760056314879125e-05,2.067863394224511e-05,0.19577698398621357,0.1779593025416926,0.10751030398543353,3.548077955412218e-05,1.3875367006237907e-05,0.016539985643118444,0.012980859441278098,0.019248454526940285,0.04840382640825081,1.6348023309859044e-05,1.6637642130052147e-05,1.4300092767711981e-05,0.018492185564113126,0.03534595743791485,0.05536571944683499,2.5733897031401415e-05,0.00014076187654760486,9.530696470688837e-05,0.23538175125442412,0.009426666953837223,0.004022727180844534,1.1344082431218146e-05,2.7537286917909672e-05,0.03805684637990743,0.005120329885506371
Z_T_1851_LWF_0874,0.08615247338640866,2.7525600488839034e-05,0.1430413737958118,0.03329961465081933,4.1585843970552186e-05,0.0017572660299523721,0.19778906773754493,0.023777554492984725,7.135375415089368e-05,2.79041086063594e-05,0.0001393546501508919,7.964173456107986e-05,0.0008543103635819165,0.15175978432239529,3.2876753294707064e-05,3.345919230403062e-05,2.875825493421964e-05,0.010374561246967078,0.02376341218611539,0.02222559605309936,0.020556742142407526,0.12962224671291317,0.006500895086400349,0.011214423355907777,2.9850783728935323e-05,0.13664043406976653,2.281355931399118e-05,5.537896363652093e-05,3.4977586765988066e-05,4.476358101677621e-05
Z_T_1851_LWF_0876,0.009836461417168827,0.0005290953295614459,0.1003966163190682,0.00011420340517005391,2.6958393023778566e-05,0.2536974608189969,0.08322837930740797,0.031774062725906445,4.625570541465967e-05,1.8089086452618894e-05,0.02156290569387732,0.02101294465117833,4.256267306935756e-05,0.16739859716694838,0.008712590091706987,2.1690218840550025e-05,1.86427944024342e-05,0.007236653165500282,0.06601875301192908,0.10387697272497436,3.354885589365227e-05,0.0017172637731851619,0.07374448258134846,0.00011232702801366357,1.935103590544654e-05,0.048700750106114715,1.4789092622320346e-05,3.589990545869519e-05,2.267453154800796e-05,2.9018389311914275e-05
Z_T_1851_LWF_0880,0.05746523063954387,1.755649011550667e-05,0.115883314200532,0.000112365106227443,2.6524451624953305e-05,0.14096098315076172,0.16689941901729397,7.523183877491163e-05,0.0458205264327305,1.7797911697810744e-05,0.004113060916540442,0.01312937321176609,4.1877554120569774e-05,0.19689744806407228,2.096958409617682e-05,2.1341077706796534e-05,1.8342706772067346e-05,0.005611100429524317,0.02924149600704264,0.0010974439979754861,0.0020450974139946607,0.032373972388486966,0.023764290960593907,0.00011051893256750179,1.90395479179348e-05,0.09872206507202926,1.455103690682479e-05,0.06542820102361112,2.2309546219358317e-05,2.85512887529692e-05
Z_T_1851_WEI_0877,0.00920734463760151,8.86741964027457e-06,0.007717048449221148,0.00031081935919152423,1.3396951311975594e-05,0.06332042572329058,0.18668606725820214,3.79980440473918e-05,0.13010481489190706,8.989356682725808e-06,0.18043180348035764,0.0018041192163926877,2.115148548783179e-05,0.04965187430266242,1.059130273986779e-05,1.077893647060627e-05,9.264521394442357e-06,0.009693834552659488,3.344207551392446e-05,0.02773936579643092,1.6672076432126608e-05,0.0369307748521512,0.03867978872611139,5.582082448277352e-05,9.61648142872955e-06,0.001335851483366521,7.349427454179643e-06,0.25611643961272473,1.1268089863612353e-05,1.4420664778526146e-05
Z_T_1852_DEI_0891,0.030148449612506976,5.0774080927436145e-06,0.008346568626848103,0.0006144006170809798,7.670978905810627e-06,0.02578245514683696,0.010735169217503612,0.03202648686639962,0.0005950661793397451,5.147228192757284e-06,2.5705540147053006e-05,1.4690818016650695e-05,1.2111158369193962e-05,0.8689908133374751,6.064488704228868e-06,6.171926161975453e-06,5.304785136127995e-06,2.2516508686933975e-05,0.006565570590324947,2.64331653467937e-05,0.008156204709011777,5.22172493963962e-05,0.006145349039329722,3.196252319955383e-05,5.5063144196069914e-06,3.751683472502561e-05,4.208218844566645e-06,0.0016104517513988038,6.452011180729024e-06,8.257148417413153e-06
Z_T_1852_NIE_0761,0.00737001290655968,4.9089740511901564e-05,0.02584330791049059,0.056574237347884235,0.3657645097590573,0.0073534495364575465,0.214904094210807,0.0030233585607734557,0.0001272538005932937,4.976477992759958e-05,0.10995563144726174,0.053589085137436945,0.07747466683434767,0.020294386523331192,5.8633100075886684e-05,5.967183417519529e-05,5.128808262941909e-05,0.015689210215672936,0.00721764084743908,0.0002555629179456255,9.229606120482905e-05,0.0005048503441702325,0.0003418237601984535,0.0003090222297108865,5.323652168549418e-05,0.03271225329133699,4.06861862043954e-05,9.876401991074262e-05,6.237977110694079e-05,7.983232109279622e-05
Z_X_1828_ZIM_0208,0.32392785571629856,0.15003774149200366,0.0014587993244998471,0.000528918494524585,2.279747097343131e-05,9.865406859149797e-05,0.16852402547734782,0.13106426761660742,3.9116319011157805e-05,0.0008799809795572831,7.639459220972616e-05,4.365981205565109e-05,3.5993291699340415e-05,0.09313898450026496,1.8023124154159003e-05,1.8342418778027895e-05,1.5765352329356722e-05,0.03378958810142385,5.690807767125965e-05,7.855702996041017e-05,0.00046071265805717695,0.0001551850477029788,0.03253071781646765,9.498979254492581e-05,1.636427953888518e-05,0.062368735537475135,1.2506454278760226e-05,0.00046270083235854903,1.91748066862114e-05,2.4539514927710294e-05
A_L_1859_DEI_0917,0.041170655266686604,1.6471111387912818e-05,0.02896396494503608,0.01567891940347056,0.00332835455160771,0.006714625968454036,0.1504463343444325,0.34740684427868945,4.269754743558318e-05,0.0004886218787487788,8.338876988313701e-05,4.7657012300750006e-05,3.928859664062447e-05,0.35556142446580935,0.013233552787760006,2.0021727904273898e-05,1.7208722495830418e-05,0.0019607406359697967,0.0066690579939456505,8.574918596446587e-05,3.0968155238094785e-05,0.000169392752260281,0.027486300056249902,0.0001036864223324864,1.786248347298188e-05,0.00012170460841249847,1.3651461546419963e-05,3.313835347476491e-05,2.0930323679462588e-05,2.678618870996621e-05
A_L_1859_DEI_0918,0.1528238894579919,8.61356358675091e-06,0.20073479332359473,0.050647627884384205,0.007416793813243608,5.631445830902423e-05,0.09348343375077073,0.019039946570178067,2.2328671767990088e-05,0.00025552468946138466,4.3608136384557476e-05,2.4922222680633433e-05,2.054596180113079e-05,0.20198228230172005,1.0288095445718136e-05,1.0470357607237443e-05,8.999297131422612e-06,0.17452062261270448,0.021009862466806514,0.0002916351950246282,1.6194789047656618e-05,0.02131275434651589,5.997833077194283e-05,0.025720661471207003,9.341181271151212e-06,0.024989706038198098,7.1390284063323136e-06,1.7329693673529685e-05,0.005440384459617417,1.400783069619203e-05
A_L_1859_HAU_0921,0.14995701471832326,4.876638259881768e-06,0.0036850968787289664,3.1211476354288015e-05,7.3676546260452495e-06,0.021130155434653967,0.19642259551311328,0.23252106607145348,1.2641556997804193e-05,4.943697547773564e-06,0.007988937675950184,0.015104265119041425,0.0008499742171067445,0.21313851975673587,5.824687931610123e-06,0.008808518411822156,5.0950244066978486e-06,2.1626165503338247e-05,0.00015811513183523903,0.003239032113989134,9.168809991952096e-06,0.00032959980415718894,0.037619621560656416,0.07604036931650328,5.2885848604468355e-06,0.03259164596418788,0.0001437654775962702,0.0001495350046491736,6.196887073563202e-06,7.930645942646799e-06
A_L_1859_HEI_0922,0.2554724168699822,6.212552748707763e-06,0.0796325116058375,0.0641196872822869,9.385962328827032e-06,0.007338608469849171,0.15233104530952044,0.01978459868000388,1.6104606388532574e-05,6.2979823707377275e-06,0.0010994512310413841,1.7975211009834697e-05,0.00019281861624317352,0.07127627666446387,0.00018542010630238437,7.551769749845499e-06,6.490763963971213e-06,0.05467348709657715,2.3429663485520006e-05,3.234276840322557e-05,1.168052922573392e-05,0.07428980525638246,0.001111258271775914,0.17697090311092048,6.737348694044783e-06,0.039205858971899106,5.1490408240652825e-06,0.0021484966045436315,7.894472743448897e-06,1.0103180433812402e-05
A_L_1859_SCH_0930,0.15772859866144837,0.0005183164270582456,0.1526685215453001,0.0003116110571600657,1.3431075116766674e-05,0.014322061592908587,0.23708537058461973,0.035952657505560065,2.304528513459023e-05,9.012253761732472e-06,0.006922264372543309,2.5722073118845805e-05,2.120536111557875e-05,0.11676791853788115,1.0618280187106507e-05,1.0806391845744465e-05,9.2881193543203e-06,0.1821593695142374,3.35272568981119e-05,4.6281684998217694e-05,1.6714542413257948e-05,0.01435536668309844,0.011778710948554344,0.031385687894613205,9.640975877310377e-06,0.036744390328112886,7.368147416798933e-06,1.7885870514435217e-05,1.129679117706197e-05,0.001033310237974194
A_L_1862_KHN_0923,0.022594964393049245,3.7332422485390976e-06,0.018651671534108002,0.01874250498443437,5.640205005335685e-06,0.021417106324151884,0.17368661389506573,0.10590985662911762,9.67756724130321e-06,0.18900827872919573,0.012854519690182151,0.007605209733631749,0.00011586840926438683,0.09235538117934484,4.459008421791351e-06,4.538003461978962e-06,3.9004247103789516e-06,0.0019418985032590738,0.05798829316021204,0.016063959512070177,0.0012905809840328317,0.0862509698135001,0.0432392471043008,0.09629064566455357,4.048602209933662e-06,0.03393501247201474,3.094157510027012e-06,7.510938292227253e-06,4.7439402718816475e-06,6.071195137613512e-06
A_L_1862_LAN_0924,0.0057522670534667225,8.28242865918912e-06,0.04612598850524641,0.12179053710628264,0.003334784859387927,0.03493800255531908,0.24010375251007504,0.2703260258901448,2.147028104108848e-05,8.396321414464616e-06,4.193169005228492e-05,0.0009731846172451686,1.9756104559794625e-05,0.17974177812296604,9.892585770093661e-06,0.0002473729637199976,8.653333283392937e-06,3.6729641078105816e-05,3.1235874233501185e-05,0.0002804237378610113,1.5572205810862164e-05,8.517842864016095e-05,0.07646992202588411,0.0014759690141171527,8.98207422417683e-06,0.01809638796270883,6.864579668549894e-06,1.666348081035666e-05,1.0524724689561623e-05,1.34693216393812e-05
EM_UM_1875_GUD_1045,0.0042558057244281,7.381050203073295e-07,7.913117767992968e-06,0.013560537926963616,1.1151335361721834e-06,0.19147805355855385,0.1108952999066799,0.0044019293222859425,0.0013130841342828502,7.482547985794561e-07,0.09028418855634547,0.015418966088872941,0.025675330152538187,0.022341271020572963,0.0007622065592477802,8.972155875417562e-07,0.0697888926655167,0.002921685588562281,0.025337986545201367,0.27695694540387933,1.3877479371348582e-06,7.103459105456529e-05,0.09836409509722327,0.016478872664562005,0.005499258513414887,0.012398132384886006,6.117506016831005e-07,0.008629834567156604,0.0031519773572692865,1.2003452527334835e-06
EM_UM_1875_GUD_1046,3.797402144958167e-06,5.523259803754386e-07,0.00869386966945605,0.011065239616379657,0.24122195532906618,0.14162191522605677,0.1646246460525929,0.003768726872973021,1.431777382325969e-06,5.599210868718169e-07,0.04462941576480229,0.018390297319079135,0.006774435600075618,0.03301782709305529,6.597016839804608e-07,6.713888476070627e-07,5.77060302712386e-07,1.8274412701583823e-05,2.0830103788170158e-06,0.21034933863297275,1.0384555297738728e-06,0.00014810563058624822,0.10873771211552205,0.005542241748163505,0.00066525076248845,6.738129161472951e-05,4.577746276257479e-07,4.858635592894797e-05,0.0006020534669250068,8.982215948469973e-07
V_X_1886_BET_0977,0.4735032206215788,9.760116875915824e-06,0.10944516943557624,6.246673237869395e-05,1.4745643703604732e-05,6.381048788510675e-05,0.010009379647705841,4.182336756392169e-05,0.001982803987683665,0.007560263590150904,0.006481208861573363,2.8239625065835912e-05,0.006455076876004319,0.021093210728292934,1.1657546028363707e-05,1.1864069145139872e-05,0.00028984050144462663,0.32806488054433314,3.68087424335541e-05,5.081151218745298e-05,0.008966936271261607,0.025268272854464185,6.79620591942847e-05,6.144039564648183e-05,1.0584587905729045e-05,7.211724664282506e-05,8.089306002623863e-06,1.9636452900589705e-05,1.2402466388043144e-05,0.0002955157219821854
V_X_1886_ON_0978,0.49917675248743704,6.757430791187502e-06,0.19407110865815763,4.324893094695112e-05,1.0209167376314736e-05,4.417928198170854e-05,0.06365816024332968,0.009903139925002443,1.751707671415123e-05,6.85035310214975e-06,0.002551159763775918,0.00021316318488541537,0.0019522329254240433,0.10424601130228098,0.0005889054395632255,0.003686831471478027,7.060042794420147e-06,0.0979973556239437,0.0011871532271435009,0.0013904595050187184,1.2704981517260799e-05,0.0178817475054931,0.0006278879492797923,4.253834525166188e-05,7.328254480507222e-06,4.9930478214090246e-05,5.600642508324387e-06,1.359532607520103e-05,0.000589421186233012,1.0989289799844001e-05
V_X_1886_ON_0982,0.40949990821360205,0.0007428484113347556,0.15695072159493362,0.004754380864361521,0.0011222998800722137,0.004856654910446384,0.016886198911906285,0.0031832018557271143,0.0019256627275126784,0.0007530634165947252,0.02504466155748344,0.0021493349806712162,0.0017719187801423899,0.0304142615735556,0.0008872628942180769,0.0009029814938159615,0.0007761147299695476,0.003294269911216831,0.024085357213811553,0.0038672949910166167,0.0013966662223818462,0.28432930608194606,0.005172633519183733,0.0046762657535784095,0.000805599401151239,0.005488887354479808,0.0006156819830383417,0.0014945423325255086,0.0009439592343125558,0.0012080592050098937
V_X_1886_ON_0983,0.5518785062996665,4.861113909087622e-05,0.25957983495398623,0.0003111211735288058,7.344200342817851e-05,0.0003178138685709677,0.03174636276079139,0.00020830504016970265,0.002911590362062081,4.9279597196096076e-05,0.0002461050135560956,0.00014064999009765787,0.00011595231135309214,0.042381143790035665,5.806145547718205e-05,0.007023033124865627,5.07880484273203e-05,0.09492519885429225,0.00018332924912129584,0.0002530713020924004,9.139621888366291e-05,0.004678294132966616,0.0003384911425136739,0.00030600941121305405,5.271749113728937e-05,0.0003591864269634009,4.028951540657759e-05,9.780111809495492e-05,6.177159826300857e-05,0.0014718426067483717
V_X_1886_RAU_0976,0.5402866409389087,3.724932398569833e-05,0.2672128530328375,0.00023840324683443382,5.627650433660468e-05,0.00024353166741097936,0.012586534409901502,0.0001596181878114327,0.009701846560722444,3.776154429153506e-05,0.00018858322507765045,0.00010777606013178665,8.885093608704496e-05,0.05168602957619262,4.4490830838331e-05,4.5279022884095794e-05,0.0011061714608284446,0.07914198605713722,0.0001404799542715439,0.00019392129251486013,7.003430555085134e-05,0.029198939644080834,0.005595646238125859,0.001301740283289171,4.0395903980259445e-05,0.00027523427427225764,3.087270203236338e-05,7.494219642275931e-05,4.733380702130203e-05,6.057681221995677e-05
Z_A_1864_CS_0527,0.12322570407929037,0.0004654593230174387,0.03166246368820414,0.0029790343019196817,0.0007032187649999008,0.0030431179124202133,0.023916847094201162,0.0420030654535566,0.001206595660475945,0.06715271298675107,0.0023564943168039843,0.00134674583639931,0.0011102616674713412,0.019057187692796972,0.0005559475927789698,0.000565796666447267,0.0004863035732234945,0.4021492658665548,0.001755406472285478,0.029095538856940783,0.0008751332094566758,0.20482945148647927,0.0032411060713322215,0.002930088371595609,0.0005047782914543145,0.030111607912472076,0.0003857784638781696,0.0009364611294897707,0.0005914727950615258,0.0007569544622415508
Z_B_1860_KNI_0533,0.3919170773638186,0.0002958198509001342,0.28287028073344855,0.001893307190212299,0.00044692642283728276,0.0019340351403595113,0.006724484791472572,0.0012676264551124959,0.0007668445570384895,0.00029988770820027797,0.0014976556768159332,0.0008559161516872106,0.0007056200718085122,0.0036359577205582277,0.00035332912216262945,0.00035958864122258164,0.00030906728775048495,0.10302052499084206,0.0011156379413226737,0.001540048561958668,0.0005561856057817766,0.10475094896461191,0.0020598653144543334,0.04424081181864776,0.00032080878291924404,0.04456441700800926,0.0002451791639387731,0.0005951621935587621,0.00037590694910203976,0.00048107781944695837
Z_E_1853_BEC_0651,0.0001392709231570626,0.010467248427672042,0.001958334769768324,0.0007100356168290234,3.06039900898373e-05,0.19282139408272453,0.052115039739514105,0.008212240703496576,0.10742437000483165,2.0535282724079996e-05,0.0743922730696541,0.034881915864954136,4.831844478499369e-05,0.10413850647759779,0.19619548331667946,2.4623398058522482e-05,2.116386887882093e-05,0.0006702198581948625,0.0598564031125739,0.04131303561256092,3.8085684572856056e-05,0.00020832493514424518,0.044830961448634035,0.0001275170685848694,2.1967886236987742e-05,0.00014967644315343293,0.05283213594611493,4.07546677546735e-05,0.001186517675188909,0.015123041679870337
Z_E_1853_HOF_0892,0.0001268306565004552,1.8447313194438118e-05,0.00019777099165354346,0.04821572377553262,2.7870312529271494e-05,0.24800853202306744,0.11828502605709884,0.015935419643533778,0.007976005649758701,1.8700984600929922e-05,0.03392031750313107,5.337489445115873e-05,4.400243736627356e-05,0.22908701922736172,2.203358887991027e-05,2.2423932219595326e-05,1.927342278734864e-05,0.003253081410470763,0.015925941646342895,0.12430427304143583,0.05923180028953995,0.00018971647269087178,0.09368103913478038,0.00011612670582640854,2.000562192168666e-05,0.00013630671153370814,1.5289362130927176e-05,3.7114288823618306e-05,2.3441541197963907e-05,0.0010870913596379293
Z_E_1853_JOS_0717,0.002931948117047228,0.0013546120900837057,0.013579052659808691,0.0002923883556112868,6.902001034389717e-05,0.00029867807892323733,0.2026133702477432,0.034227887232799445,0.0001184258002087912,4.63124390600791e-05,0.019865204775106053,0.051180367929944987,0.0027268264652751647,0.18381141092474304,0.039322401359989725,0.003982315791915679,4.773006541451504e-05,0.14942036952780952,0.056456188884935594,0.008091400871364974,8.58931902492622e-05,0.05413586956531513,0.006862749664161839,0.00028758437598872986,4.954333506381394e-05,0.0513857461389932,3.7863656222722923e-05,0.11658649205826684,5.805228822823868e-05,7.42940993814042e-05
Z_E_1853_RNN_0894,0.008494524114619841,0.0004569136039153026,0.0059047566351627,9.862322821654929e-05,0.002672305883770633,0.0018667616216888605,0.21006478311979396,0.03626937678609271,0.001805962136076508,1.562128641251163e-05,0.017296677909036995,4.4585059623955174e-05,3.675606881752006e-05,0.05626043386468332,1.8405073846833407e-05,1.8731135026956156e-05,1.6099454864832624e-05,0.011547444757636973,5.8114085164262076e-05,0.1298824607512988,0.10245794961486553,0.012962095967498595,0.28134548365348927,9.700283544245075e-05,1.6711074660932482e-05,0.001879876432300944,1.2771493587559343e-05,3.100226795981593e-05,1.9581163068059857e-05,0.11834818892137686
Z_E_1853_RNN_0898,0.0006329391573108937,9.862158682250843e-06,0.0012359986669939738,6.31198206858122e-05,0.2461307311457956,0.00034704459566219635,0.18530554922303172,4.2260629947917023e-05,2.55653658235635e-05,9.997774510832657e-06,0.07493017662672229,2.8534869722080994e-05,2.352423982495363e-05,0.046462200158193905,1.1779425414573028e-05,1.1988107725972956e-05,1.0303806948767487e-05,0.00032630215541454993,3.7193577022585374e-05,0.005985249126677484,0.10400318749193722,0.00010142474075186184,0.31682624657169356,6.208275362573676e-05,1.0695249538468053e-05,0.017309456433549364,8.173879518187117e-06,1.9841751581892708e-05,1.2532133900157493e-05,1.6038361791679787e-05
Z_E_1853_RNN_0899,6.110581955002663e-05,8.88774230414959e-06,0.0003499325551682352,5.688335775303039e-05,0.22741440256720655,0.006169667362267727,0.22887625004531212,3.808512929974369e-05,2.303941669079769e-05,9.009958806198794e-06,0.005901908236691035,2.5715523035414682e-05,2.1199961205398402e-05,0.06911894267325362,1.0615576259596496e-05,1.0803640015911311e-05,9.285754150069152e-06,0.0008033590374534845,3.3518719237524254e-05,0.027293643153211918,0.1400733017774152,9.140361538595646e-05,0.2895970593684384,0.0013291904974397997,9.63852081872851e-06,0.0026121547755595274,7.366271130230201e-06,1.7881315907053203e-05,1.1293914467849154e-05,1.445371456471392e-05
Z_E_1854_BEC_0649,0.0001861633427692993,2.7077156139899626e-05,0.0002902902967224703,0.018016809557839686,4.090833153146727e-05,0.16542344828115113,0.04173316354906331,0.00011602912836209852,0.044291064502481575,2.7449497640768028e-05,0.11728360813535652,0.001629953806582048,0.009374244753871636,0.10118743178637461,0.009341998651991692,3.291407846664483e-05,2.828972830150044e-05,0.0008958824021810479,0.0070843603691733825,0.21891791643061995,0.04659919672464277,0.0033816869654022144,0.1887091096512063,0.010255914290940879,2.9364457725617742e-05,0.01416455867910481,2.2441883071807048e-05,5.4476735061962183e-05,0.0008102125290215133,4.403429720139117e-05
Z_E_1854_DEI_0905,8.266031598456513e-05,1.2022808836545126e-05,0.0335427884187601,7.694842096470181e-05,1.8164132425269736e-05,7.860369986986758e-05,0.09052525882072521,5.151929628654267e-05,3.1166351712249825e-05,1.218813604682245e-05,6.086822047450503e-05,3.478642910722265e-05,2.867804580648965e-05,0.4500296816424027,1.4360119779722553e-05,1.4614521236681984e-05,1.2561215574096145e-05,0.0003977900339975476,0.0003898152585683684,6.259116622189092e-05,0.4230356083755896,0.00012364537102311932,8.371773168486554e-05,0.00042015727820523,1.3038417328608777e-05,8.883621797032048e-05,9.964653182571427e-06,2.418877995551251e-05,1.5277735336660845e-05,0.0007084983849424391
Z_E_1854_DEI_0906,0.0001469848178858367,4.137279306369462e-06,4.435517641751055e-05,2.647942872944738e-05,6.250626639990572e-06,0.021719835449850153,0.12337545643960632,1.772877879893836e-05,1.0724939882781745e-05,4.194171572990305e-06,0.013771564629702079,1.1970678004155788e-05,9.868666055943058e-06,0.24483557274383339,4.9415928681359185e-06,5.029137292878761e-06,4.322555399831813e-06,1.8347370103119293e-05,0.00013414291323336205,0.0678263138234403,0.44939222281515656,0.00039816819493261455,0.0781465479101279,2.604436818893007e-05,4.486769683760796e-06,3.0570247873154253e-05,3.4290284381871796e-06,8.323823502214487e-06,5.2573619955118495e-06,6.72826147770309e-06
Z_E_1854_GUD_0703,0.0004239723381339209,6.16660886503145e-05,0.002427947529324795,0.0003946755049691512,9.316550031037595e-05,0.1452835750465244,0.16041685789509225,0.00026424719341380624,0.00015985507494326574,6.25140670673281e-05,0.00031219868258724825,0.00017842278375360918,0.0001470923258502841,0.0007579453861614984,7.365437073854134e-05,7.495921913219988e-05,0.06190362678775926,0.00027346728791968305,0.024968243598336468,0.2936155232814107,0.00011594147846334523,0.005934691227795408,0.2884233805870572,0.0003881909338601881,6.687523770666814e-05,0.012823488937881433,5.1109619630504365e-05,0.00012406646977082095,7.836090504765084e-05,0.00010028464070766885
Z_E_1854_HIE_0900,7.284843374066569e-05,1.0595686484785403e-05,0.00011359483092518093,6.781454775883799e-05,0.00790918530297954,0.01494487667018515,0.14444313499907094,4.540389178522776e-05,2.746686702809195e-05,1.074138914972157e-05,0.32549541383688474,3.0657236736973816e-05,0.11842293306085974,0.016220171162308162,1.2655555714019748e-05,1.2879759401848605e-05,0.0012254051491578648,0.0003505718625583107,3.99599615131207e-05,0.0877908627732497,0.03250338180354121,0.00010896851180679794,0.2292795050680728,0.00067386782844994,1.1490740986565572e-05,0.006757133558649298,0.0009195330605783074,2.1317541711136566e-05,1.3464249163867016e-05,0.012464164659547432
Z_E_1854_KRI_0746,0.0002657428777689896,3.86518703810245e-05,0.0004143811434189874,0.001354819109813991,5.839547992738768e-05,0.26603812876355215,0.10497791469283507,0.007917703247390362,0.03332337446271416,3.9183377285024464e-05,0.13198095836318768,0.10642600511076325,9.219643465711531e-05,0.07578094593450681,4.6166041224466486e-05,4.698391101453173e-05,0.001147822063550612,0.00017140737149814336,0.022294555054766147,0.0688624584137177,0.002287549864527099,0.004827261976131997,0.11876514539622691,0.00024331534538758726,4.1916928349324724e-05,0.00028559765266266774,3.2035149892251925e-05,0.052127410192015874,4.9116063806426e-05,6.285770702631812e-05
Z_E_1854_LBE_0757,0.0007146818340258122,0.0132767226914828,0.0013684157898446125,0.00012875048566591288,3.0392317894687255e-05,0.15921079291259116,0.1330233455154079,8.620234612872975e-05,0.07613353903868005,2.039325064396649e-05,0.09635633254430379,0.014467559249281224,0.0012007326044050216,0.042898944958756104,2.402742476948403e-05,2.4453090569080723e-05,0.039790835690669005,0.005276577703830466,0.016790717806062068,0.22489065681957887,3.782226531171842e-05,0.00020688405778815445,0.0721868490346012,0.0001266350980396162,0.051319117683709996,0.016863492335671224,1.667290791239211e-05,0.033470175044814435,2.5562783742796787e-05,3.2714713817755554e-05
Z_E_1854_RNN_0902,0.0004699893154941206,7.323151293179908e-06,0.0002883307094434496,0.0006763304301271468,1.1063861337899257e-05,0.00046751841090350755,0.22635270534231597,0.0029688642608438846,0.002536826668089531,7.42385290044992e-06,0.039693103824652756,2.1188583031223894e-05,0.0014862097406220186,0.05988878317217287,8.746818747998387e-06,8.901775911823231e-06,7.6510974536785e-06,0.0008717566159154078,2.7618110846373905e-05,0.018921947771987448,0.415457878766624,0.000494953511705435,0.2249783090774261,0.0006755603554176642,7.941763361552247e-06,0.0032014144368511096,6.069518681709877e-06,0.0004343740187272114,9.305742843340293e-06,1.1909294271101822e-05
Z_E_1854_RNN_0903,0.007553908648280572,8.177636527115079e-06,0.0031336058016167624,0.002629667759616435,1.2354822805859864e-05,0.006613938805191766,0.19442279385611422,0.0002693448905371725,2.1198631671186775e-05,8.290088272133291e-06,0.06306881579625437,2.36609245961253e-05,1.9506143539484277e-05,0.053521518041358095,9.767421377228859e-06,9.940459364879387e-06,8.543848338622789e-06,3.626492504404512e-05,3.084066722444429e-05,0.015506548403027023,0.5068120215268974,8.410072190567361e-05,0.1373582996651677,5.147860728173163e-05,0.00024317108659167776,0.008495319980607558,6.7777266488789835e-06,1.64526487279149e-05,1.0391562257973659e-05,1.3298903155834615e-05
Z_E_1854_RNN_0907,2.8290736826845698e-05,4.114841767332285e-06,4.4114626788473755e-05,2.633582391773345e-05,6.216727870085022e-06,0.008279688446094903,0.14510677874042036,1.763263103203023e-05,1.0666775751363106e-05,4.1714254924313474e-06,0.07052320499445443,1.1905757911715759e-05,0.0002456090342365539,0.07821625006334927,4.914793327985479e-06,5.001862976600774e-06,0.003187516608038871,1.82478675550838e-05,1.5518477154952346e-05,0.03633368084276251,0.3896571372927479,0.0006318027140292938,0.2644714986121915,0.001322769509666449,4.462436767736679e-06,0.0017988586213648068,3.410431927353849e-06,8.278681247863427e-06,5.228849957461805e-06,6.691772370157008e-06
Z_E_1854_SAN_0786,0.00022681020548543442,3.298917636896138e-05,0.0022440598936007746,0.001156331275074206,4.984024750896608e-05,0.5323598107608141,0.10850199735253993,0.00014136290235567983,0.29120521926523796,3.344281483003786e-05,0.0001670152530741967,0.0010406437178350626,7.868919184273594e-05,0.03443245218284893,3.940248327435012e-05,4.010053101396361e-05,3.446650126572915e-05,0.002036683005085087,0.0001244134790082878,0.00017174281398840634,6.202459026053255e-05,0.006955625260182073,0.0002297116300615689,0.012495188328520469,3.577588687247217e-05,0.005914919190507385,2.734183881358657e-05,6.637117323839145e-05,4.1920312664993483e-05,5.3648735825672304e-05
Z_E_1854_WER_0901,0.02774445231582897,1.785284249530325e-05,0.027301593449215178,0.027224457514140783,2.6972182595673433e-05,0.04206079612359104,0.2004074576322502,0.21235444915017443,4.627936581514426e-05,1.8098339257781683e-05,0.0901166943236635,5.165487102627338e-05,4.2584444435321774e-05,0.11428685861440352,2.132354927425975e-05,2.1701313672198687e-05,1.865233043648144e-05,7.917104077303835e-05,6.732918155293758e-05,0.031806756355651576,0.01895955168864753,0.00018360279732963018,0.15664733030828554,0.00011238448476292772,1.9360934214319142e-05,0.03133421488579637,1.4796657437322319e-05,3.591826873156924e-05,0.018948671801942242,2.90332325989506e-05
Z_E_1855_DEI_0909,8.266031598456513e-05,1.2022808836545126e-05,0.029064637728176936,0.010066669192265613,1.8164132425269736e-05,7.860369986986758e-05,0.08535816187005231,5.151929628654267e-05,3.1166351712249825e-05,1.218813604682245e-05,6.086822047450503e-05,3.478642910722265e-05,2.867804580648965e-05,0.4476183697320887,1.4360119779722553e-05,1.4614521236681984e-05,1.2561215574096145e-05,0.0010867362940872656,4.534212852350934e-05,0.0004070642962667499,0.4247579740258139,0.00012364537102311932,8.371773168486554e-05,0.000764630408250089,1.3038417328608777e-05,8.883621797032048e-05,9.964653182571427e-06,2.418877995551251e-05,1.5277735336660845e-05,1.955212485272106e-05
Z_E_1855_DEI_0910,4.9743443630048964e-05,7.235103163012466e-06,0.007747575286739247,0.02450741523345251,1.0930837689440551e-05,0.13727827026144357,0.03125909632820765,0.08502299260952167,1.8755331879472433e-05,7.3345940089763125e-06,3.662936510671339e-05,2.0933827251627437e-05,0.0004318529851079521,0.571193635807954,8.641653498115863e-06,8.79474757213352e-06,7.5591063425358615e-06,3.208512300865784e-05,0.001478368794552695,0.019938229539261946,0.018670381205889697,7.440748889410846e-05,0.10204076688089059,4.5545315340999595e-05,7.846277499493356e-06,5.345998679388702e-05,5.996543298634204e-06,1.4556358729881584e-05,9.193857505406849e-06,1.1766105765197143e-05
Z_E_1855_JDE_0911,0.00037553610410048354,5.462111700207018e-05,0.0005855851397362624,0.0003495862540758241,0.001647506220217277,0.03948171403597161,0.4143974869521178,0.03466371330208899,0.0001415926150491512,5.537221909634406e-05,0.04566107676858287,0.09249211311660709,0.0016952722373562695,0.0022363390896344266,6.523981153786381e-05,6.639558902172768e-05,5.7067165825294076e-05,0.006502162553925328,0.026810728131320443,0.04097395140830924,0.00010269587708814546,0.0021267206162295855,0.07549958675133758,0.050423340289427944,5.923515279249913e-05,0.01918340566454931,4.527065969109173e-05,0.1425234644615043,0.0016343929589790114,8.882773682413882e-05
Z_E_1855_KEL_0731,0.00028465731960866517,4.140294525631089e-05,0.0016301370954766579,0.005010035563381676,6.255182051517447e-05,0.0026432116991741425,0.28801658077036957,0.013226299807839374,0.038067713928807326,4.19722825492473e-05,0.08799300535767683,0.00011979402147782567,0.0167064276184188,0.07168461306820934,4.945194265309222e-05,5.032802491796202e-05,0.002415781204431756,0.00018360741533868472,0.13894880733799017,0.025127048744733173,7.784373536279325e-05,0.0004257975484152782,0.01808222985163617,0.00026063349136264054,4.4900396090839754e-05,0.027589952974052437,3.4315274893340464e-05,0.2610609551742708,5.26119352294337e-05,6.7331649860482e-05
Z_E_1855_KEL_0732,0.00022963181093397348,3.339957430315599e-05,0.005142834087244742,0.00021376406615640847,5.046027919416671e-05,0.1648141771413247,0.12516304215099666,0.00014312151076862313,0.26516239850266704,3.3858856199679745e-05,0.006867759863075745,9.663731158866376e-05,7.966811539676826e-05,0.1774467142482557,3.989266519211226e-05,4.05993969118016e-05,3.4895277685005866e-05,0.0030189725292791214,0.04605967695513704,0.048978452317905846,0.001019748610753587,0.0003434890143287578,0.0002325693303382707,0.13131273219253467,3.622095254802074e-05,0.00598850304084553,2.7681981715024257e-05,6.719685594360553e-05,0.017267585214217698,5.431614655787003e-05
Z_E_1855_KEL_0733,0.009298486727831222,7.654220075425864e-05,0.0052067163168759804,0.0004898856469630023,0.000115640420597543,0.27024670488340996,0.0982345380881997,0.0025210524599952,0.4059143691171826,7.759474252642116e-05,0.0025805715991381456,0.0024145240691469017,0.00018257636540704858,0.10182151247856427,9.142249419234524e-05,9.304211966052829e-05,7.996992194265589e-05,0.0003394375824672038,0.00028866684576423456,0.000398481392787066,0.00014391079626616896,0.029296947391109177,0.02684969223965252,0.00048183676054112956,8.300798675685837e-05,0.02907533784734314,6.343912597433584e-05,0.006733173418537196,0.006676442002824002,0.00012447695758916824
Z_E_1855_KRI_0745,0.0009599075797317123,0.0001396169999400927,0.009497324411081922,0.0008935771857706921,0.00021093420931904896,0.28093067161410235,0.13518215566351097,0.0005982769654199058,0.0003619247868198241,0.00014153689149132675,0.008707353640174702,0.012404729529405528,0.04833609270033785,0.005716304822760819,0.016167780706860962,0.00016971371984424332,0.00014586934366994672,0.0006191520032607904,0.0005265435092095851,0.0007268510187144634,0.00026250086142910533,0.04943891760750747,0.1289803571595349,0.0008788955936031465,0.00015141093367915354,0.0010316263368788984,0.00011571630238062613,0.29629978997480166,0.00017741541120571268,0.00022705251755258542
Z_E_1855_KRI_0747,0.0002839835617507872,4.1304948269112094e-05,0.00044282440988986676,0.0002643600668153183,6.240376607324194e-05,0.04169094736118199,0.31928813795041194,0.00017699706423912552,0.0498121541300819,4.187293799271347e-05,0.21796470696491135,0.02615550508165191,9.852483014582081e-05,0.027727133038224636,4.9334894424732384e-05,5.020890308295503e-05,4.315467097073968e-05,0.016751533034433393,0.060511944405899694,0.0013984893154412184,7.765948635609508e-05,0.00042478972453601036,0.042891971167888086,0.01209455959647125,4.479412095718211e-05,0.008589381275863076,3.423405377407883e-05,0.17286742954867493,5.2487407587468504e-05,6.71722819993648e-05
Z_E_1855_MOR_0760,0.010248911832299904,4.34113369373027e-05,0.0452424147543921,0.00027784138255099996,6.558611083379427e-05,0.47666143164715086,0.00471823033952085,0.0001860232130672817,0.017525814762516155,4.400829188583664e-05,0.13828222132694892,0.0001256050408311396,0.00010354920602452765,0.07516192077301238,5.18507785237895e-05,0.001296575137452417,4.535538816617158e-05,0.012630571714872882,0.017576999924974284,0.17311500427062235,8.161981239190584e-05,0.004177869654902576,0.00030228365993405844,0.0002732764116331686,4.707844360470193e-05,0.007783599901500603,3.597985484532413e-05,0.012525397389772633,0.0012989698366568357,7.059780217428711e-05
Z_E_1855_OTT_0765,0.01908364360423185,5.925800976574463e-05,0.0006352966001748224,0.00037926331051066066,8.952736014325738e-05,0.13791236987961683,0.18980714860649717,0.008743122585807745,0.02222551792697112,6.0072874376365207e-05,0.0003000072322815209,0.00017145532161214497,0.12068790771326122,0.07713109630267938,7.077814591524281e-05,7.203203959565284e-05,6.191170842680636e-05,0.010449821497504551,0.1462376245985691,0.18537293552621,0.00011141392965582134,0.004005100926638703,0.00041262788331693445,0.03772548698481207,0.00345994146920263,0.02250976111376473,4.911377396355225e-05,0.01200409368980219,7.530088867639895e-05,9.636849601582319e-05
Z_E_1855_WID_0842,0.00028264556929327684,4.111033943717405e-05,0.00044073803659142193,0.00026311453072412643,6.210974987099601e-05,0.12630176748729954,0.1387462847894332,0.010777069089897224,0.04957746348070946,0.001219554091931706,0.033188726787320794,0.19564676825585398,0.0012759390679156618,0.0016831706145446939,4.910245239102662e-05,4.997234314543366e-05,4.295134714484915e-05,0.04494169048881263,0.11912076349057864,0.007281292508106299,7.729359261788721e-05,0.01809096490484058,0.2158380155684942,0.00025879152394311174,4.458307284012908e-05,0.015616182921005004,3.407275955881747e-05,0.015395129907797808,5.2240112444632274e-05,0.0036004911154557187
Z_E_1856_BEC_0650,0.0007150939957389645,2.0128225712248555e-05,0.00021579181300710807,0.0007055313125284482,0.00233723614778762,0.21408973550680174,0.0933073072363285,8.625205958857527e-05,0.039268224912174514,2.0405011565710946e-05,0.16850022382623867,0.015629315937055,0.005238371104069404,0.10924494125764703,2.4041281543343586e-05,2.446719282720592e-05,2.102961011299533e-05,0.0018193812872239546,0.04851926278202618,0.06065897869107114,0.032910118887478634,0.0007837099447955086,0.17026859751895465,0.02550179745621026,2.1828526968091185e-05,0.0018788466567071622,1.668252328801974e-05,4.049612942098299e-05,2.5577525968272173e-05,0.008106625639160075
Z_E_1856_DEI_0849,0.022133045188144584,9.873318176676123e-06,0.06205803954112073,0.0051551519930561705,1.4916668914574794e-05,6.455058457888383e-05,0.12158283505541595,0.020127264738881996,2.5594294232300395e-05,1.0009087460919297e-05,4.9985932219608944e-05,2.856715826355039e-05,0.00030643756690053905,0.459529368426548,0.0014262262958686393,1.2001672831306174e-05,1.0315466188890124e-05,0.0017411049230677128,3.723566329688014e-05,0.00514336159148308,0.28912877919530144,0.00010153950759606631,6.875030728608017e-05,0.0017594732529480476,1.070735171421344e-05,0.009125328353562175,8.183128645670765e-06,0.00030275091174956844,1.254631459658528e-05,1.6056509949174654e-05
Z_E_1856_DEI_0850,6.476723665200074e-05,9.420289480670323e-06,0.00010099356869038946,0.006268145763759181,1.4232230416169687e-05,6.158873663324936e-05,0.12302168552756823,0.013535701936551965,2.4419922097850327e-05,9.549829108307918e-06,0.006255546366597977,0.0002971630742945989,2.2470247752411905e-05,0.37771525288432267,1.1251654013735383e-05,1.1450986416125208e-05,0.011615830055107192,4.177565128713729e-05,0.0008452472233840271,0.012464750350403536,0.3930018601583061,9.688045479373852e-05,0.03893215990631238,0.003568088207285602,1.0216054108082957e-05,0.010865874089751825,7.807652839740246e-06,0.0008286728380049351,1.1970637763360503e-05,0.0002852264662968249
Z_E_1856_MER_0223,0.020648238725722565,1.59298386098908e-05,0.00017078150869736814,0.13930881008346793,0.01645504004944159,0.03479175738684677,0.25047803679267805,0.10139259586800783,4.129442292437717e-05,1.6148891895470448e-05,8.064845260475305e-05,0.0005025068310315988,3.799749688740059e-05,0.01799601649684284,1.902670113279583e-05,1.936377495693969e-05,0.014165536758596085,0.010568209379764488,0.05437357146380673,0.041160364182733784,0.014635259950508538,0.13845785021250887,0.07952729356524202,0.046654703017525306,1.727548750020931e-05,0.018374341994512034,1.3202847950089484e-05,3.2049362682223464e-05,2.0242512506550694e-05,2.590594241484947e-05
Z_E_1856_SAN_0787,0.0002274551731705159,3.308298587224143e-05,0.00035467793352074884,0.0021075011053930536,4.9981975474826106e-05,0.5253427183109339,0.07373891801753465,0.0001417648882526266,0.34132314851171847,0.0038250644534430205,0.0011153718199282997,9.572130425976896e-05,7.891295596214635e-05,0.02884307604135819,3.9514529945131657e-05,4.021456268464288e-05,3.456451175642395e-05,0.00014671133877275534,0.00012476726676390122,0.00017223118956626187,6.220096617057083e-05,0.007923286223290455,0.00023036484836786166,0.009687075302797409,0.0009837592555716266,0.0030880942159808153,2.7419589294204176e-05,6.655990928696602e-05,4.203951914849172e-05,5.380129377992738e-05
Z_E_1857_BRE_0657,0.0028181966962979354,7.932565444907587e-05,0.0008504389326837091,0.0005077003165262006,0.00011984567930203017,0.3278032177646055,0.09044278418312347,0.004885540114220504,0.007024062499643114,8.041647185553954e-05,0.059494656336398916,0.0002295184338695496,0.0820103647550582,0.007793430338522512,9.474706909013367e-05,9.642559216577e-05,8.287802456463528e-05,0.011715829688295416,0.1116668392417532,0.10496221810582297,0.0001491441059129245,0.0076342326212327305,0.018734841314091883,0.06186522048894945,8.60265684694421e-05,0.07558885509661971,6.574608694291522e-05,0.022887692830411036,0.0001008014325568076,0.0001290035565647262
Z_E_1857_KRN_0739,0.0013149337856217485,3.7012314732562146e-05,0.0014572670340598562,0.00023688633942695533,5.591842932114788e-05,0.0002419821289916983,0.3285245216826139,0.00015860257240067613,0.06478420905480019,3.752127589328864e-05,0.04472684321124467,0.00010709030477344503,8.828559712920166e-05,0.05771994272734287,4.4207745470326736e-05,4.499092242351787e-05,3.866980425063525e-05,0.07651749635033392,0.0001395861112301161,0.02564380735670301,6.958869267318163e-05,0.017348056574903136,0.0023786523793966137,0.00023299426532198618,4.013887373091053e-05,0.04269201625698548,3.0676265821768096e-05,0.3351808779346903,4.7032632421341003e-05,6.019137529156753e-05
Z_E_1857_PET_0768,0.0009715671294588013,0.0082390019687714,0.0015149948754729038,0.0009044310511348948,0.00021349632879245393,0.0009238867543364881,0.16111721758614944,0.0006055439567180003,0.0003663209184250889,0.00014325607410786776,0.1302784543978808,0.0004088703348065747,0.000337074039831905,0.005785738111697664,0.020413007752535108,0.00017177515325478713,0.00014764115056270294,0.0006266725539086597,0.0005329391876673185,0.2031779073951315,0.0002656893369780658,0.0014532944468568436,0.09410742043108038,0.0008895711285139132,0.000153250051681483,0.0010441570209036835,0.00011712185434242945,0.36468031819692975,0.00017957039346961262,0.00022981041859948103
Z_E_1857_SCH_0791,0.00011791816210728908,1.715100534623409e-05,0.0006752778061206423,0.00010976992126318407,2.5911842779081182e-05,0.1037984479246992,0.12618938350093994,7.34942839113314e-05,0.5582797953353745,1.738685105466167e-05,8.683088860239923e-05,4.962419678343769e-05,4.0910349955126644e-05,0.022815404935745,2.0485270494025207e-05,2.0848184086657424e-05,1.7919063539600453e-05,0.000567462985773555,6.468231336694954e-05,0.1121294792774481,3.2246457664134295e-05,0.0006677892848203276,0.07333867393312471,0.0005993707313097239,1.8599810439443063e-05,0.0001267283269710553,1.4214966097453313e-05,3.450623726752107e-05,2.179428484639502e-05,2.7891868068295608e-05
Z_E_1857_WID_0839,0.014337010582459763,6.911509907881467e-05,0.002721233626459146,0.018264695990907437,0.0001044195103923805,0.28560939120520434,0.1560314288977335,0.002276427759307185,0.016021249627236646,7.006550980846117e-05,0.004310432180989266,0.029903884364949746,0.00016486047513934268,0.07213888329698474,8.255151644283945e-05,8.401398516729424e-05,7.221021898934909e-05,0.031990670444563676,0.026004044364786334,0.01818216094460171,0.00012994673323256888,0.0007107958036331384,0.1826652394109598,0.0004350828055170912,7.495349196258903e-05,0.0024909502369208124,5.728345192564478e-05,0.13479677327013342,8.782658078065657e-05,0.00011239861373238748
Z_E_1858_BRE_0658,0.0002371199228346254,3.448870802900586e-05,0.009263169334505307,0.00022073474343847633,5.210574902522902e-05,0.053586008222809726,0.1835931930606943,0.00014778859014088813,0.007006509110430476,0.015845488932814088,0.05452328998354776,0.05346031371343957,0.14336515759718532,0.037973904069130565,4.1193533481043145e-05,4.192331116365569e-05,3.6033185116240545e-05,0.012998997566674988,0.08017085642953539,0.12073480991989591,0.0010530018071500252,0.048774425690748524,0.13462962394401057,0.0259092127370685,0.005966349326464809,0.004207467647163839,0.0010167425421438903,6.938809231730806e-05,4.382581146669334e-05,0.004996876717573286
Z_E_1858_GUD_0704,0.0024077669852954945,6.777301673809484e-05,0.0007265847652918038,0.0004337610863576946,0.00010239188426159226,0.09753347875916409,0.09474736645791403,0.0002904161728787892,0.0001756858738233611,6.870497231866842e-05,0.10325892641611303,0.0001960923835847851,0.00016165920167932952,0.0008330063810950496,8.094852471029144e-05,8.238259510391684e-05,0.10298661804822723,0.0003005493535774554,0.0002555952504230031,0.4139578764994836,0.0001274234175138605,0.0006969935157303755,0.12280580731427015,0.0004266343339411559,7.349803925718867e-05,0.0005007730364264595,5.6171117424652285e-05,0.00013635304454113944,8.612115744071301e-05,0.05642264039541298
Z_E_1858_KRI_0748,0.01174678408223018,3.349573577848404e-05,0.006117348532462419,0.001174087113575991,5.060556053364527e-05,0.21423378470948945,0.11592632597301349,0.00014353357517105442,0.02695864259327529,3.395634000398002e-05,0.01264577855352641,0.028888143375068127,0.15363311259791732,0.16452169880409542,4.000752107335261e-05,4.071628756043777e-05,3.4995745474017626e-05,0.0020679569274437985,0.00012632388797874014,0.04911946729586409,6.297699778556011e-05,0.008022138716787438,0.00023323892599593963,0.001170564829525606,3.632523711773383e-05,0.0002474991098293757,2.7761681539266304e-05,0.20256569274792666,4.25640125437987e-05,5.4472529412924737e-05
Z_E_1858_KRI_0754,0.00023479973080913554,0.001991128956247273,0.0003661305309252352,0.005111019169526936,5.159590007653975e-05,0.47381188412528785,0.15146359951824998,0.009931231077171008,0.07738914898924869,3.4620858011157387e-05,0.015828720196457643,0.09794769797702346,8.146106575195246e-05,0.012161623335806011,4.079045934563562e-05,4.151309623493423e-05,3.56806044146265e-05,0.00015144866731462044,0.022634039756729108,0.07552143463823817,6.420944359867096e-05,0.00035121931831769344,0.03742037997109325,0.00021498366420341392,3.703611391355141e-05,0.0002523426122569845,0.001006793829652516,6.870913756507134e-05,4.339698078447959e-05,0.01571136027574441
Z_E_1858_MIT_0759,0.00016104976383192165,2.342442683238092e-05,0.00025112991115435726,0.00014992109425178735,3.538976596517823e-05,0.18069199225773996,0.25019957997960696,0.00010037670919723795,6.0722409816309956e-05,2.374653917677512e-05,0.0430720716403723,0.24503684183393973,0.004082763124306437,0.0002879124755545879,2.7978285245779422e-05,2.8473943822374554e-05,2.4473422071454265e-05,0.0014461753000373967,0.008813267183113059,0.18401653515556524,4.4041429228685934e-05,0.0015831985242707625,0.07935858893257838,0.00014745787070695335,2.5403169664952315e-05,0.00017308247317264952,1.9414455686569046e-05,4.7127781364216186e-05,2.9766105277353024e-05,3.809403644828733e-05
Z_E_1858_SAN_0788,0.0031206945573796947,1.5044078560693258e-05,0.02817871947797886,9.628516146705392e-05,2.272868502757617e-05,0.2501000758452441,0.1089634140351272,0.0013575781711210285,0.15176417974917983,1.5250951644466503e-05,0.03154189774358611,4.35280789580805e-05,3.5884690503318956e-05,0.06915090016715114,0.0030352308748587574,1.828707489245444e-05,1.5717784128788412e-05,6.67151663627113e-05,0.003505035949591651,0.21042459429180335,2.8285119887145548e-05,0.01912036449552981,0.04665679987484539,9.470318344102998e-05,0.009068101297801712,0.03847349311132418,0.005184918086790031,3.026729534548786e-05,0.019846839527689744,2.4465472778601028e-05
Z_E_1858_SCH_0789,0.0005216737007327787,7.587659331152804e-05,0.0008134620442741713,0.0004856256240019128,0.004462611724818246,0.19615503303720144,0.2582554406770197,0.009021094866201698,0.00019669252219051112,7.691998222905048e-05,0.00038414261370453654,0.25457618814204774,0.000180988689765584,0.07702220431470387,9.06274884051092e-05,0.03922402520148231,7.927450719477704e-05,0.019902381934825315,0.09376766013372102,0.00039501621699887225,0.00014265935462822105,0.007302297949760247,0.0005283471080990373,0.009173600546279588,8.228615313766531e-05,0.004908627058363237,6.288746226473846e-05,0.02189254123137595,9.641860954632712e-05,0.00012339451171482224
Z_E_1858_SEY_0808,0.0002441154359422383,3.550619405969174e-05,0.003432588333630173,0.00022724686090448262,0.01531330064127976,0.0012494458016707646,0.3304157213868511,0.00015214864984033083,0.03874984102361781,3.5994444358873985e-05,0.00017975823101059297,0.2076340768285227,8.469304249127146e-05,0.022817242190800488,4.2408825304567e-05,4.316013289189329e-05,3.70962363174064e-05,0.008295941499544384,0.0001339060145031662,0.002219467519156634,6.67569603324616e-05,0.00036515398338405426,0.36444440124851013,0.00022351316471540966,3.850552580472222e-05,0.00026235433314014786,0.003081359507954232,7.143518015166317e-05,4.511876076805106e-05,5.774204254082835e-05
Z_E_1858_SEY_0809,0.007291115727750301,3.5148623419102524e-05,0.00037682333657937324,0.00022495833610543212,5.3102753194400676e-05,0.06468199131161635,0.08337836084435242,0.004178878524214769,0.14108028856254984,3.563195671783259e-05,0.32747424446478784,0.24280449014347782,8.384012805594388e-05,0.01553799891610363,4.1981740644203326e-05,4.272548207181033e-05,3.672265290936317e-05,0.00015587171054480694,0.0001325574931915283,0.036437343970183944,6.608467399758333e-05,0.0003614766434942077,0.059661614520142923,0.00022126224068359004,3.811774992806611e-05,0.013351564113768753,2.9131615330316658e-05,0.002084846836566628,4.4664385281810516e-05,5.716054233538411e-05
Z_E_1858_SEY_0810,0.011250489912013762,0.00012119429175892703,0.03949586725289913,0.0007756681078083783,0.00018310107019288833,0.10149237753606831,0.07567565767957805,0.0005193332698085291,0.01767624121289632,0.00012286085025041155,0.11173084126667428,0.00035065987455918486,0.07668220650860477,0.01537927219096525,0.00014475523731083002,0.0001473196966495595,0.00012662162776026038,0.0005374538097689376,0.08726743035356564,0.2957861833784895,0.003700278019434298,0.0047188049787280015,0.15363014794999866,0.0007629237774947162,0.00013143199524181596,0.0008955014311404872,0.00010044733319007966,0.00024383171146413047,0.00015400513631879485,0.00019709253936608159
Z_E_1859_DIE_0667,0.0009612224154363215,2.7056165836746374e-05,0.006491692359668361,0.06373984270617812,4.0876619254302614e-05,0.30095580420989093,0.08666260831233671,0.00011593918218878754,0.026427052015479482,2.742821869722214e-05,0.031145113514656906,0.04348967316539865,0.1744852992643373,0.053821584332145185,0.02716443460677477,3.288856336153352e-05,2.826779800830039e-05,0.008647221782317362,0.07762237677702104,0.0032416689006927284,5.086964225103043e-05,0.0002782519217288725,0.002514008801209382,0.014899184194169888,2.9341694298527876e-05,0.03973529004022922,2.2424486048036414e-05,0.03726419708631537,3.438106240383327e-05,4.4000161665051164e-05
Z_E_1859_PFE_0770,0.00033421575376026255,4.861113909087622e-05,0.006092307480867752,0.0003111211735288058,7.344200342817851e-05,0.16188129291737177,0.1013857933852745,0.04756311786481822,0.002911590362062081,4.9279597196096076e-05,0.043422552000735616,0.04331709697727718,0.04050682207355329,0.10087826551460148,5.806145547718205e-05,5.90900624173162e-05,5.07880484273203e-05,0.0002155732049952322,0.00018332924912129584,0.0295016321643753,9.139621888366291e-05,0.00049992829549763,0.11454715736666597,0.0978012122854894,5.271749113728937e-05,0.001751975039453063,4.028951540657759e-05,0.20623051576656495,6.177159826300857e-05,7.905399425870957e-05
Z_E_1859_SCH_0793,0.01660957924268363,2.6066047894528374e-05,0.045089543706701526,0.0009136628953969326,3.938074306899587e-05,0.0643982172101922,0.04316211397723625,0.00011169639830049199,0.06354853578931312,0.0022669291533171914,0.0001319653312061713,0.03741716317289712,0.01947988255148256,0.046624144095501106,3.1133454339857445e-05,3.168500935929564e-05,2.7233340496327282e-05,0.025507979936282267,0.00457931332677822,0.023287582330629417,4.9008072292786384e-05,0.035369309113394296,0.0009283390979252792,0.003898261446108944,2.8267937648921918e-05,0.00840778512359948,2.1603864008862512e-05,0.5579381047616824,3.3122890534102975e-05,4.238997972767216e-05
Z_E_1859_SEY_0805,0.00019980413529254617,0.0008617117168630683,0.0011442113388047991,0.010177803862153521,4.390581779590583e-05,0.1958628730518878,0.0922521681196222,0.0001245309592977513,7.533440781005746e-05,2.946081145053928e-05,0.14253036946847442,0.10333275042305323,0.04586509887355511,0.047818274769188845,0.0008673613975635215,3.532579985485472e-05,0.0033609647268757234,0.005124779262283756,0.073382846290668,0.13420802882747637,0.001719940441894899,0.00029887203001756547,0.11677343423183272,0.0001829415433321057,0.018349827737726167,0.005210635525218953,2.4086272704372077e-05,5.846842230430504e-05,3.69289018776542e-05,4.72608331192358e-05
Z_E_1860_FOS_0583,0.0005379480095509774,1.5141979966574225e-05,0.00016233498949269,9.6911750369463e-05,2.2876595064674703e-05,0.13675937850828893,0.1461152769493084,0.003535625210670567,3.925208157877557e-05,1.5350199305331357e-05,0.20701952396555814,4.381134390568773e-05,3.6118215051579255e-05,0.019709023634644888,1.808567772958527e-05,1.8406080542032712e-05,0.003486559931025519,0.0005009918071212225,0.026521497032907827,0.11634861503316576,2.846918918665708e-05,0.00015572365463391294,0.11030142787118784,0.010941381543839968,0.008259428246187271,0.01182563072308259,1.2549860928148536e-05,3.046426392382804e-05,0.1974175709665808,2.4624685200345868e-05
Z_E_1860_WID_0840,0.0028902834046467384,3.1135164152690924e-05,0.024419776280148166,0.0010913447387004074,4.703919462088891e-05,0.13490663505678518,0.11578521803061366,0.00013341821937955467,0.14102830126055885,3.156330785029712e-05,0.040300929997286516,9.00855361891088e-05,0.0009663401682464049,0.04944672076876523,0.02412316870236961,3.784685624660046e-05,3.2529462472032986e-05,0.00013807343851582357,0.06256255641675935,0.003730384192673122,5.853876973667152e-05,0.030650695460455245,0.00021680169367545608,0.07245393931491816,3.376525979383191e-05,0.0029062769819157156,0.29173379324191034,6.264107204956766e-05,3.956436503776201e-05,5.063364352704047e-05
Z_E_1861_KRE_0743,0.0012934060743866123,0.001211545450701888,0.0021453947277834716,8.917423598380442e-05,0.44952491135555533,9.109251097707527e-05,0.2861468853317288,0.02161672839053588,0.0012337305818398909,1.412462668390079e-05,0.014841092328096916,0.01840370383387151,0.012408562836032753,0.12152931103951244,0.01838003212618196,1.6936523832607677e-05,1.4556982298073719e-05,6.178806680365657e-05,5.2546233155560113e-05,0.001669352412584237,2.6196185551494123e-05,0.001740107107722761,0.020057226059314186,0.00807179188442614,0.000414314143067877,0.013276687413260074,1.1547869641236837e-05,2.803197186986681e-05,1.7705111542632695e-05,0.005611516585057383
Z_E_1861_SEI_0796,0.04573024236509875,1.5922571294850004e-05,0.04533526594164855,0.1470007872392583,2.4055917172310646e-05,0.07127250115540901,0.11076421044505556,0.10271496288636128,0.0004974832845430831,1.614152464663396e-05,8.06116601596452e-05,4.606988309332245e-05,3.798016213672264e-05,0.16853634772484133,1.9018021005224842e-05,0.00731867814829257,0.008228374225764185,0.008282349579003296,0.045680819513207675,0.037035717203568325,0.026489983443984167,0.018868267156517217,0.08587792040785544,0.06442551910039115,1.7267606289782643e-05,0.005592143865535358,1.319682470918675e-05,3.2034741516173244e-05,2.0233277716468702e-05,2.5894123924432337e-05
Z_E_1861_SEY_0801,0.0002860144720920753,4.160034088292728e-05,0.004021744615874898,0.0002662506396013235,6.285004702370304e-05,0.0860900583625749,0.16781413540152448,0.0705014119636266,0.00010783926393022216,4.2172392588836e-05,0.0037863645878597548,0.36723104183691074,9.922943112759313e-05,0.0005113148429724427,4.9687713252187876e-05,5.0567972389175614e-05,4.346329188882745e-05,0.0001844827951112547,0.00015688912870359843,0.00021657283971578622,7.821486869219708e-05,0.0004278276110922407,0.14808747815141746,0.0002618761061337939,4.5114466412813396e-05,0.00030738382357723115,3.447887883861903e-05,0.14907341871752705,5.286277163389293e-05,6.765266502336585e-05
Z_E_1861_SEY_0816,0.00018096867718094244,2.6321600458860908e-05,0.0002821900929305409,0.00016846359449853302,3.976683343134478e-05,0.20077781972830508,0.08581806278060604,0.00011279147420643284,6.823266249036615e-05,2.6683552215148525e-05,0.00013325912453184875,0.13431608419138855,6.278500090302078e-05,0.010881718421292234,3.143868795736915e-05,0.0015403094265548586,0.16217123126915767,0.00011672698639941172,0.0031158953196107884,0.24523801979699178,0.0008036454374269702,0.0010248543680623737,0.09596120846613451,0.006953107707703915,2.8545077627479638e-05,0.0077360584933793474,2.181566914592416e-05,0.033990016589371154,0.008329173397272297,4.280557276522216e-05
Z_E_1861_WID_0841,0.0024712875291012675,1.3822670404610123e-05,0.002128401394830376,0.08286126819737519,2.0883374185989678e-05,0.03177373951609941,0.20744423443645338,0.003623610896840628,0.01983793741069699,1.4012747745741148e-05,0.019872085765535147,0.008752920440772924,0.018646950275607574,0.10472501228489893,0.01229381519307667,1.6802372301037123e-05,1.4441678739348626e-05,0.01352673028045233,0.20678610971048975,0.00918092976260758,2.598868970123745e-05,0.021528429328102717,0.14267140900933,8.701436154374648e-05,1.4990319465389252e-05,0.04643906182944949,1.1456400788828857e-05,0.0451766100967389,1.7564872149145187e-05,2.2479154515660757e-05
Z_E_1862_KRI_0751,9.924034816349641e-05,1.4434347614454942e-05,0.0005683162236324583,9.238275944401435e-05,0.012842404923076377,0.29993092269538113,0.10785570838982625,0.00047542071175452635,0.04552986017795997,1.4632836208569254e-05,0.011652971634093894,0.07572464546509165,0.11955548369470702,0.00017741431986495156,0.02152275873548695,1.754590650296995e-05,1.5080748144766398e-05,0.0013047142017611711,0.034380552548545364,0.14110171737784707,2.7138734427665557e-05,0.0009755815160619443,0.058413549753512393,0.0005044325572176604,0.0024970596200655825,0.004242331602659183,0.011178290154449377,0.04924359197199808,1.8342148295720076e-05,2.3473896205314594e-05
Z_E_1862_PET_0769,0.0009809946450986477,2.7612707919114797e-05,0.000296031870324047,0.0001767269447449661,4.171744640391571e-05,0.15366347878851186,0.09873018771911272,0.006447517858907379,7.157956002085582e-05,2.799241386225459e-05,0.07846356919452464,0.0325170121045706,0.38377324012212477,0.00033939114714082636,3.2980794966621665e-05,3.356507716063488e-05,2.8849263218945373e-05,0.0001224525912382505,0.0016864354310902382,0.09508166005483372,5.191602468372806e-05,0.005030870896593632,0.095130181302189,0.004129569436045876,2.994524942690981e-05,0.026311954086217657,2.2885755033321308e-05,0.005593598809688806,3.5088276729016045e-05,0.011120994427617053
Z_E_1862_REU_0777,0.0001203427776209886,1.7503661738556304e-05,0.0006891627668045392,0.00011202699387418807,2.6444638193018688e-05,0.20422840723088173,0.11624635745757363,0.001078022515709099,4.537419544906098e-05,1.774435687096806e-05,0.014130855039677063,0.046690937544499864,4.17515424177587e-05,0.12358623719906275,0.010552585546097129,2.127686131216388e-05,1.8287512628974422e-05,7.762254764445978e-05,0.1349718059817739,0.07280986104993444,3.2909504476576784e-05,0.0056966055345852315,0.2619093331724679,0.0011132034288311738,0.0005204907836371504,0.0011323511491555193,1.4507252092338808e-05,0.00404728396287202,2.2242415653424363e-05,2.8465376464423077e-05
Z_E_1862_WOL_0845,8.164779896126457e-05,1.187553987840125e-05,0.0004675695887031964,0.011644629412579221,0.01669036968469522,0.059281773121768216,0.056071546989602254,5.088822968708362e-05,0.00037103822460762137,1.2038841974053416e-05,0.1871996211255827,0.013644505670161431,0.03609521192779514,0.002187485504849755,0.016006105000669436,1.443550605432663e-05,1.240735160139496e-05,5.2663818221781616e-05,0.057207397174074005,0.03238591967220434,2.2327792814296386e-05,0.00046238445631376063,0.02117841754632921,0.09228349179262331,1.2878708049193749e-05,0.017440683365848544,0.2517975314694753,2.3892488425700297e-05,0.1269296959345177,0.0003595662619321534
Z_E_1863_GAR_0677,0.0001999706409526366,2.9085405257147596e-05,0.0011451648609327157,0.0001861525071290311,0.008377386548982558,0.2376933149956981,0.07566215766359004,0.027625000406788593,7.539718731800694e-05,2.9485362453200913e-05,0.011814073318189608,0.02841786491075982,6.937751365798844e-05,0.10702557727324924,0.0042014618653467735,3.535523841284274e-05,3.0387911049907928e-05,0.003462361139952526,0.0167765793065995,0.031818507385668264,5.4684916151270245e-05,0.01196594289288045,0.2977064846136373,0.00018309399664537615,3.154235063288063e-05,0.0035482889507248688,2.4106344865190413e-05,0.13172693459843193,3.6959676371758396e-05,4.7300217670528606e-05
Z_E_1863_GUD_0706,8.271730376163642e-05,1.2031097616252618e-05,0.002541957987171355,7.700147084005849e-05,1.8176655163865824e-05,0.241376089885673,0.062321398251295554,0.009014030860302417,0.007614821415434563,1.219653880661931e-05,0.02074354721243905,0.0093419970742645,0.0007181190513309213,0.05392273195532925,1.4370019951225364e-05,0.0003593352139332989,0.048272056274491514,5.335366175841911e-05,0.0007347946226204157,0.2951349225857586,2.2620264649427265e-05,0.00046844123190276955,0.20553130326113397,7.573632641921044e-05,1.3047406290376402e-05,0.005948977954846272,9.971523026067634e-06,0.03552939902115485,1.5288268131813505e-05,1.9565604502769635e-05
Z_E_1863_JTT_0718,0.0001413214566069301,0.0023762897167428766,0.010232239593230464,0.00013155602909097815,3.1054583106355564e-05,0.010146258647438568,0.08232903155183624,8.808074234724349e-05,5.328402352008268e-05,2.0837630717284038e-05,0.04662982539032879,0.015371748954672923,4.902985377856709e-05,0.023221057430481883,0.03300483735807966,0.001202853306865202,2.1475471761036987e-05,9.115404942043393e-05,0.023634867256119844,0.0012848773019548084,3.864643313693121e-05,0.001389259544530539,0.004265665078640503,0.04959982408990828,0.11898689570631012,0.0007408138656805852,0.4964881327137813,0.011231094728552436,0.06186415674063634,0.005333830750722819
Z_E_1863_JTT_0719,0.001135512542985576,0.0009477263227365429,0.003089953172862127,0.008446442135806836,4.8288422255568235e-05,0.049660235971284244,0.09596603770267631,0.0001369614289936205,8.285416095915314e-05,3.240153981252065e-05,0.0825806017898623,0.022986585375209746,0.0019077677200682788,0.03427612812738004,3.8175648103021506e-05,3.8851961437920926e-05,3.339335276158488e-05,0.0010575045744550704,0.00012053974265588683,0.012071331291875865,6.0093393480648314e-05,0.0012444692273750875,0.035021602614304904,0.060641646054399395,0.09985297033192307,0.002067695161223074,0.45516134608512887,0.031200290736056954,4.061508239276885e-05,5.1978329533003494e-05
Z_E_1863_JTT_0720,0.0009942199034314334,0.005785616661921338,0.0014976491156091774,0.010751687348206604,2.3404598335135078e-05,0.023181782149228298,0.11309151639182341,6.638293576949857e-05,0.000927869608120842,1.570448959252313e-05,0.10038983636227539,0.03732870842303497,0.0009246634103847892,0.03392344708726623,1.850310422870878e-05,1.8830902098522e-05,1.6185204898846013e-05,0.0005125549489212157,5.842361643854005e-05,8.064910948970232e-05,0.0004729820567512586,0.00015931783456769657,0.009872698078602382,0.035162126467944047,0.08790024539772281,0.00011446602295826325,0.47138768257320207,0.053737717309343416,0.011559935852566353,2.519303526656341e-05
Z_E_1863_JTT_0721,0.00013264991429118048,1.9293714797857226e-05,0.00020684514151379603,0.006204244906083936,0.017718636213742003,0.03384672490621867,0.11928982052672392,8.267607201051484e-05,5.001449406714937e-05,1.955902518304111e-05,0.03989902493866019,5.5823847085594794e-05,4.6021361919058394e-05,0.03616891217078437,0.0005758410098861045,0.0022346386835516664,2.01577280397528e-05,8.55607997060628e-05,0.0006255596778524758,0.031057046275672746,3.62750722102476e-05,0.0018568104847986942,0.08913457904824523,0.02389170320503304,0.029319136618412227,0.0006953572242152282,0.5262782336584308,0.001144410117639778,0.0392730667082107,3.137645501389324e-05
Z_E_1863_REU_0779,0.006948855742148601,3.886708506469649e-05,0.00487111056287954,0.09935964972346426,5.872062757526493e-05,0.15727248861376436,0.12783454529523963,0.03246111097397348,0.00232796499716373,3.940155141384325e-05,0.0013103790441204648,0.01013490664181802,0.15933830106992053,0.02163622519920161,4.64230950192911e-05,4.7245518730975626e-05,4.060763511022267e-05,0.0023995728393796205,0.08255339056029422,0.010224793214692109,7.307593856836147e-05,0.030467067573660085,0.09381350574240849,0.12051406774427137,4.2150322966099334e-05,0.00028718786829439125,3.2213522493176056e-05,0.03237275745213494,4.938954340860593e-05,0.003404024300820051
Z_E_1864_BEC_0212,4.390089258064352e-05,6.385313592913627e-06,0.03793903858902183,0.00022381697942569566,9.646970458850537e-06,0.0007735451206409298,0.22919814106552028,0.0002103115716902097,1.6552448927312588e-05,6.473118871814297e-06,0.04503794696528939,1.8475071977531674e-05,1.523090969805346e-05,0.12411836177564509,7.626659399807891e-06,7.761772009786548e-06,0.43012135531618806,2.8316606890258335e-05,2.408120377933235e-05,0.03735497570516091,1.2005345476224317e-05,0.003175812516173951,0.08273771522647826,0.0013208435693852758,6.924703247828582e-06,0.0075481175564173185,5.292227155932003e-06,1.2846660671876267e-05,8.114005008346303e-06,1.0384133216269285e-05
Z_E_1864_DIE_0669,0.0009523710776692862,1.4839395831134e-05,0.0010094369334193462,0.06557160982959813,0.29084071893342633,9.701821196849428e-05,0.18911411542133252,6.358873711886862e-05,3.8467702178263786e-05,1.5043454296033233e-05,0.04259242308279482,0.0017436276660287662,3.539646010941506e-05,0.04610107168264037,1.7724269302699388e-05,1.803826946448879e-05,1.550393527489388e-05,6.580747086650468e-05,0.0004811373948930005,0.07448252109823655,0.11610011630795844,0.0010029577137163656,0.09789310937589504,0.0013689335534007804,1.6092931226072912e-05,0.019667603718393496,1.2299075441229285e-05,2.9855492615084864e-05,1.8856854928516155e-05,0.0506197139499751
Z_E_1864_GRU_0700,8.243314794861864e-05,1.1989767614316215e-05,0.00012854057421726788,0.0024814220654718715,1.811421354656026e-05,0.281083019695788,0.0696648895575527,5.137771036092215e-05,0.047781256555921296,1.2154640470443063e-05,0.07460593950819033,0.01995922463903164,0.006555601687597579,0.05236338733116563,0.1649070142583686,1.4574357440474681e-05,1.2526694696247085e-05,0.0003966968228276413,0.039894285139543795,0.10724266999455875,2.2542558058425973e-05,0.0018409377924188356,0.04611603128855026,0.019656483517493765,1.3002584999381487e-05,0.0007756449672626266,9.937268207503156e-06,0.0319720816896978,0.032306721579521525,1.949839147717719e-05
Z_E_1864_GRU_0702,7.92479665966599e-05,0.0006720319502520777,0.0014445847459563796,7.377186769301817e-05,1.7414288132698046e-05,0.1054259800185503,0.07588989195181871,0.0007098979598461767,2.9879755116025904e-05,1.1684990394840593e-05,0.1377737443307299,3.3350389955211606e-05,0.016540130722867287,0.021608100984189017,0.13013334334432639,1.4011210542759258e-05,1.2042668605516732e-05,5.111589731000972e-05,0.06807553292931054,0.1499947471993327,0.03866124105600365,0.0007790465554375572,0.07405687348537776,0.11202823561155326,1.2500170712193241e-05,0.001075927110665993,0.0003398060274902222,0.03602073791292145,0.028416381916287814,1.8744982023919297e-05
Z_E_1864_HAG_0709,0.002924547743729782,8.231918802675631e-05,0.005599690827638594,0.0005268595400519999,0.00012436832796622568,0.40857241649726683,0.04904284068448283,0.0003527484047759987,0.03087492469718433,0.007159189147903997,0.00041675972347362796,0.00023817983279852026,0.000196356232314739,0.12601649941733425,0.040194171106747466,0.00010006443069664222,8.600561488972147e-05,0.01451653243333168,0.05219919901471364,0.127791840195993,0.00015477239718974064,0.010280907038918001,0.0005732084564791553,0.0005182031676425447,0.10386676332025294,0.005325412965123665,6.822716472577878e-05,0.011958515226484378,0.00010460540335456266,0.0001338717985086312
Z_E_1864_JTT_0723,0.01287441382072716,8.769387472333917e-06,0.0003452726306006171,0.0003073831514946338,1.3248843718765124e-05,0.014881513251392838,0.17281310034344619,0.0033039227169544523,0.04374150084791217,0.0040290065961172215,0.07140146702934275,0.0339451070571115,2.091764903239669e-05,0.019705854127457997,0.0007642460786768198,1.0659771871075108e-05,9.16209913925724e-06,0.007325350504271565,3.307236264410888e-05,0.0251713826128681,1.648776128036697e-05,9.018642668311813e-05,0.05885526893271391,0.10357320666349647,0.04875342418146599,0.0018235977942618628,0.3457372974675537,0.024640857492316728,0.005790061158271296,1.4261239704633902e-05
Z_E_1864_KRE_0742,8.884227913532625e-05,1.2921965346061076e-05,0.00013853453203004846,8.27032054371186e-05,1.9522583526999497e-05,0.08449816126079078,0.1583842684694536,5.5372298629964884e-05,0.3391691548722961,1.3099656974615525e-05,0.09817781045110481,3.738802118107305e-05,3.082280681181489e-05,0.18268489447295722,0.10664323910819073,1.5707505586851343e-05,1.3500638208559928e-05,5.730434498315517e-05,4.8733155576463614e-05,0.000807743074941645,2.4295229349961257e-05,0.0001328925063421984,8.997877637332019e-05,0.0004515798148898686,0.00038424896284919687,0.014534661992909847,1.0709885257371064e-05,0.013354473428497559,1.6420319849596338e-05,2.1014380518198696e-05
Z_E_1864_MEI_0758,0.00221343566859323,0.003987120199546215,0.0003697484785915877,0.00022073474343847633,5.210574902522902e-05,0.2136675836292567,0.01560635467121293,0.009041209446054606,8.940400027536082e-05,3.4962966745253e-05,0.005115396339582652,0.1157142597048356,0.041584896690617205,0.037973904069130565,4.1193533481043145e-05,4.192331116365569e-05,3.6033185116240545e-05,0.00015294521924406066,0.0001300687263119076,0.08516112649624104,6.484393427072322e-05,0.00035468991966272276,0.06644673071533873,0.00021710804220664436,3.7402089188996715e-05,0.010136414884439652,2.8584669264588125e-05,0.39137990575252096,4.382581146669334e-05,5.608735317677566e-05
Z_E_1864_OLA_0145,0.006695352372822926,3.7449162836148164e-05,0.010058304778913542,0.12041341351079755,5.6578422082502026e-05,0.0013178179334864025,0.15536036575714976,0.0001604745232223886,0.2007442903003756,3.796413115204636e-05,0.004481513928361656,0.001181334011123929,0.0076001858157781705,0.04123352245648419,4.4729519639601685e-05,4.552194025586134e-05,0.0011121059586791235,0.00016607378901129308,0.00014123361499794118,0.0495520298544988,7.0410032506828e-05,0.02506367002452537,0.007771625800138934,0.27062663956777183,4.0612623913684175e-05,0.011006508311731574,3.1038330951878705e-05,7.53442537161765e-05,4.758774810184843e-05,0.08482630152497245
Z_E_1864_OLA_0146,0.0013455079101709027,1.4494291315711114e-05,0.025072499844313104,0.012551320727167142,2.189806312720754e-05,0.11845102796008293,0.11577874971308448,6.210991947969499e-05,0.4917351834306465,1.4693604203469042e-05,0.013777790413416634,0.0012877927728640205,0.011662557309288297,0.012221420267164513,1.7312074261975458e-05,1.7618772046032627e-05,1.5143376251394795e-05,6.427705442617072e-05,5.466293514511307e-05,0.04866381962285491,0.00044253658142156464,0.00014906267344123137,0.00010092726315689061,0.11055709051400966,1.5718674531547948e-05,0.00010709793694248288,0.014131707939829671,2.9161174232524873e-05,0.015383968643391449,0.006252848537732775
Z_E_1864_OLA_0147,0.025437347092478888,1.6675723027154375e-05,0.03410163578442555,0.0005845147467493687,2.5193783372121997e-05,0.02495393380755542,0.20582736079919112,7.145763748791049e-05,0.4787855303737753,1.690503306650696e-05,0.002951145036880953,4.8249029389248805e-05,3.977665746255771e-05,0.03221667417764563,1.9917590251915472e-05,2.0270446917245193e-05,1.7422497075832888e-05,0.008196325324675352,0.0010184633189334097,8.681440136436256e-05,3.1352855751516335e-05,0.011160591792175972,0.00011611710083877652,0.14105205950546082,1.8084379369273017e-05,0.00012321647842807056,0.01482520964397438,3.355001317802049e-05,2.1190329682521617e-05,0.018183014639414852
Z_E_1864_OLA_0148,0.034569149847140296,1.2536717763139695e-05,0.03820933521570772,0.001517027386640685,1.8940549144865053e-05,0.01983782393138495,0.15114791439313274,5.372146273645296e-05,0.5488862189729403,1.270911180200305e-05,0.005810629378237028,3.627335755178137e-05,2.9903874474117208e-05,0.018832358293646576,1.4973935888927803e-05,1.5239211608420024e-05,1.3098138426332206e-05,5.5595908239638986e-05,4.728025503918682e-05,6.526659419256781e-05,2.357090622008642e-05,0.00012893053032031547,8.72962040877807e-05,0.08341273018458809,1.3595737930219774e-05,9.263347749931483e-05,0.08514018884787362,2.5222717208576393e-05,0.011869446987962563,2.0387870611662383e-05
Z_L_1853_OTT_0763,0.00175387491332707,0.0028782856421955675,0.03164736143654752,0.0045593391633367,7.458469122279129e-05,0.05973004010970866,0.3151321219991755,0.045474236628149714,0.00012797378176814003,5.0046340906927465e-05,0.0030788523337045496,0.07510916960943102,0.00011775641914911505,0.05152730860012915,0.028348146436227663,6.000944764586877e-05,0.14008302718056576,0.03699486339881371,0.003015099838019665,0.008743763331005391,9.281825721210055e-05,0.008994461184684195,0.141789665741427,0.00031077062690581164,5.3537725211433304e-05,0.038555170186049315,4.0916381986422215e-05,9.932281056969627e-05,6.273270564153878e-05,0.0014947430792820106
Z_L_1854_OTT_0766,0.00023073582696348546,3.356015164328838e-05,0.02055241105881323,0.00021479179378094994,5.0702880412427475e-05,0.00021941229568067595,0.24692050177656186,0.00014380960551217746,0.019318061217984562,3.402164165973142e-05,0.07613260987343119,0.14529163727607142,8.005114105894156e-05,0.0369515140426802,4.008445979431879e-05,4.0794589314791596e-05,3.5063046017110315e-05,0.02226455132839228,0.043396461464447,0.007867141045541754,0.0019862045377965058,0.002268246857699384,0.03196494354021119,0.0002112627360034647,0.08369152473597669,0.0031326347197710275,2.7815070207501593e-05,0.2568022281330185,4.264586766994621e-05,5.457728588441766e-05
Z_L_1858_HOP_0712,0.031182419450953822,3.2741599106886934e-05,0.0003510179751078397,0.00020955289112441878,4.946620628158362e-05,0.15969111948178755,0.15271652786094292,0.04047861687095854,8.487502440236381e-05,3.319183310078579e-05,0.05551368223860852,0.26745333209854544,7.809864497811021e-05,0.12704597765443162,3.9106775408870455e-05,3.9799584437876623e-05,3.42078369716826e-05,0.00014519740923876843,0.00012347978038685118,0.012365758413413712,6.155910794396159e-05,0.0003367222439032475,0.03399960013830404,0.013339514750383879,3.550739589770187e-05,0.01900393372977213,2.7136643706020394e-05,0.08449490419247194,4.1605708986537636e-05,0.0009913464584423914
Z_L_1861_KRI_0752,0.006186231447281825,2.6203033270686705e-05,0.004034717672463332,0.014432139881346034,3.958770140516287e-05,0.09852083882552051,0.09594212671906265,0.003866082119721253,6.792530447291708e-05,0.005281881564420846,0.12550953614259466,0.15097852365528466,0.04510808683785329,0.00032206466480425846,3.1297070549384506e-05,3.185152416596008e-05,0.012039532368541911,0.0031192401599085063,0.06241187938358687,0.07070782987455489,4.9265625307535166e-05,0.07234241355643395,0.08952286763808479,0.025690780634041184,2.8416494656402543e-05,0.0009443732672542438,0.0007724771434497509,0.11191591997553862,3.329696186388895e-05,4.261275256004919e-05
Z_L_1861_SEI_0795,0.019773004194755563,1.3210534823699908e-05,0.0027911521941726895,0.13293925104398804,1.9958556041990336e-05,0.059511406082124,0.20696316588795066,0.1983924017054605,3.424525668002458e-05,1.3392194608727426e-05,0.0015808950408998561,3.822295932347107e-05,3.151113254422829e-05,0.06564346420213978,1.5778747296213368e-05,1.605828091868493e-05,1.380213043604238e-05,0.004222121684677591,0.018217985680335756,0.02921353796256659,0.014786471220415664,0.00013586022217413823,0.16284845938676734,0.07767636234013121,1.4326474662223334e-05,0.005018156773102659,1.0949055221964217e-05,2.657837484480351e-05,1.678701353703181e-05,2.148366739884249e-05
Z_L_1862_WID_0843,0.0042785366781123045,3.521956022912066e-05,0.0003775838399174016,0.00022541234611202698,5.320992495671624e-05,0.12535841124544117,0.08152843874925388,0.00015092038667456785,0.0021094945322608014,3.570386898916478e-05,0.10310630138139835,0.22210345953622723,8.400933386423076e-05,0.002451083859546547,4.2066468023844886e-05,4.281171046740132e-05,3.679676641934996e-05,0.002174382256863815,0.0001328250201896382,0.06981111512073468,6.621804582010339e-05,0.00036220617419815,0.10519143259981506,0.023430962407852217,3.819467901722914e-05,0.004296628336635169,2.9190408638878635e-05,0.24931806038207335,0.0030720484767562447,5.727590351137757e-05
Z_M_1853_COR_0661,0.0008162401446623256,0.00011872080462191218,0.00127278867185175,0.0007598372872357967,0.0001793641108417281,0.058602450222413775,0.16937443706985358,0.0005087340563963129,0.00030775623256695377,0.0001203533498696049,0.06523040921588259,0.0003435031621711569,0.0002831851291506415,0.0014592118305868926,0.00014180088845241939,0.00014431300904568748,0.00012403737265230628,0.027738846024061098,0.007250827115848943,0.004019609846805835,0.0002232128859392519,0.008024042766238488,0.000826681734848632,0.0007473530594124682,0.00012874956404060485,0.017884950684000523,9.839727635169885e-05,0.632926254456102,0.00015086200376535346,0.00019307002432970253
Z_M_1853_COR_0662,0.0008162401446623256,0.00011872080462191218,0.00127278867185175,0.0007598372872357967,0.0001793641108417281,0.048397814751896015,0.18638216285404985,0.0005087340563963129,0.00030775623256695377,0.0001203533498696049,0.05502577374536484,0.0003435031621711569,0.003684730285989895,0.0014592118305868926,0.00014180088845241939,0.00014431300904568748,0.00012403737265230628,0.014132665396704085,0.0004477368021704367,0.0006180646899665816,0.0002232128859392519,0.021630223393595504,0.000826681734848632,0.0007473530594124682,0.00012874956404060485,0.021286495840839775,9.839727635169885e-05,0.6397293447697805,0.00015086200376535346,0.00019307002432970253
Z_M_1853_GUD_0893,0.03994747907503453,1.1499903034215206e-05,0.032413409146271575,0.0007325837652657875,1.7374123171309747e-05,0.12231635486136276,0.14622593579369447,0.00729808110230977,2.981083933828168e-05,1.1658039698696422e-05,0.08308995890675122,0.0020102196126271952,0.01188910761636681,0.10689643844063255,1.3735557744589391e-05,1.397889456600701e-05,1.2014892947053587e-05,0.005322854383707062,0.04254771215160372,0.24058831632906058,0.005952459969064776,0.022853148333142385,0.06466031729138566,0.012922542362625475,1.2471339853867218e-05,0.04983811708591139,9.531262363652841e-06,0.0023295739089462335,1.4613263617729607e-05,1.8701747900682218e-05
Z_M_1853_SAN_0785,0.000185444001044503,0.010073464263938592,0.005698818000481232,0.00017262966984563107,4.075026029507541e-05,0.06354652183503207,0.17526752591228162,0.0016611949007755804,0.17240589365045883,2.734343181339313e-05,0.09441901549608554,7.804149450504021e-05,0.06266170924193992,0.021970120213767833,0.02012519963100496,0.002351208066895086,2.818041579320691e-05,0.003983648907088492,0.00010172264198510601,0.077421125589133,5.071239257705149e-05,0.0002773917815344525,0.00018781625665344114,0.00326102156749807,0.20482312097278055,0.014882633381135251,0.06416534085880425,5.426623503559928e-05,3.427478269328659e-05,4.3864147123358376e-05
Z_M_1854_OTT_0764,0.011584234271981764,5.584466126011992e-05,0.0021987434309537124,0.001957458035289368,0.0016844113017404482,0.07556702569187765,0.23167532574537886,0.022639873510261775,0.00014476437060147854,5.661258847085238e-05,0.00028272637452013356,0.4193722817327717,0.00013320645578241005,0.056687823236904404,6.670122062622748e-05,6.788288818670605e-05,5.8345502975851884e-05,0.053048999340382985,0.0002106093378538512,0.0018907701224531919,0.00010499632346553865,0.0021743603742807637,0.10919163765588914,0.0003515447741237803,6.056205409096973e-05,0.008412838977824915,4.628474835795403e-05,0.00011235429601152543,7.096344675332614e-05,9.08175289285846e-05
Z_M_1854_OTT_0767,0.005864018707991812,9.137036687634789e-05,0.029776582944807808,0.0032026993233311737,0.00013804290380486358,0.060809307797629254,0.40261729370152327,0.07892884583307422,0.00023685654732275265,9.26268126922179e-05,0.01617004577768762,0.023825561823816146,0.00021794603925422184,0.0639528938397583,0.00010913335065872939,0.00011106673866915877,9.546212461844892e-05,0.13130071517386188,0.00034458893711713357,0.01618313973827428,0.00017178996844529094,0.02973668855233586,0.11058847074144804,0.0005751807650070018,0.01842446152850541,0.005910954032166274,7.57288940933334e-05,0.00018382873161123414,0.00011610700142776126,0.00014859130219013335
Z_M_1855_DEI_0908,0.027411932341030953,1.4664813533251182e-05,0.04973738369145015,0.0005140286723734199,2.2155689126502604e-05,0.1034579143248332,0.13016615919289098,0.00048301151350572876,3.801513794202561e-05,1.4866471294232955e-05,0.15427695847220982,4.24307250727006e-05,0.029446941921819052,0.21446739794241665,1.7515747089371335e-05,1.7826053106843503e-05,1.532153481349244e-05,6.503326013633286e-05,0.10005597647052089,0.11268214249919027,0.025237825096380628,0.0035121834372460834,0.043799886606658026,9.231569222169676e-05,1.5903601354082883e-05,0.003469724994655027,1.2154379465948473e-05,0.0008698460175547572,1.8635008089081068e-05,2.384869201882734e-05
Z_M_1855_GLK_0680,0.019759244625747168,2.6281959018010863e-05,0.0002817651027444442,0.00016820988121741482,3.9706942902357906e-05,0.04008194642054229,0.10300830236437061,0.0001126216054873885,0.07386419730556366,2.6643365659682067e-05,0.04832640857227887,0.03320897164254404,6.269044404264076e-05,0.07487212325105626,3.139133996684658e-05,3.194746364450221e-05,2.745892057530724e-05,0.0287313528372145,9.911826594314336e-05,0.0008898459002074974,4.941401752818463e-05,0.001023310894143493,0.0009360287460996709,0.00016544617046706101,2.850208753620087e-05,0.0009472177992250663,2.1782813827745316e-05,0.5731019308995566,3.339725512274883e-05,4.2741105766588206e-05
Z_M_1855_GLK_0681,0.0003092351966525033,4.4977757592636255e-05,0.0043482589467565575,0.0002878667932210949,6.795266864935816e-05,0.13689480621460376,0.1092720689258871,0.00019273552887872402,0.18568742049981984,0.0013342825447072622,0.00022771018842749363,0.0001301372746726375,0.00010728559441068751,0.04952290618224735,5.372172137431937e-05,5.467344631795766e-05,4.6991956442259706e-05,0.04401479437520582,0.00016962652348472335,0.029873940508619863,8.456491772694267e-05,0.022370228718391522,0.0028905636108061458,0.0015718233955824186,4.877718526266717e-05,0.0016210257588400987,3.727812372580152e-05,0.40860404568978914,5.715455397145334e-05,7.314519793191307e-05
Z_M_1855_GLK_0682,0.0015979214887641379,4.4977757592636255e-05,0.0017708863625332885,0.0002878667932210949,6.795266864935816e-05,0.000294059250770486,0.1492213439813478,0.00019273552887872402,0.023312947693753878,4.5596252595627346e-05,0.00022771018842749363,0.05167758895913802,0.00010728559441068751,0.04307947472168917,5.372172137431937e-05,5.467344631795766e-05,4.6991956442259706e-05,0.03241661774620111,0.00016962652348472335,0.015698391295391884,8.456491772694267e-05,0.009483365797275174,0.0003131910265828764,0.0015718233955824186,4.877718526266717e-05,0.000332339466728464,3.727812372580152e-05,0.6676299904042277,5.715455397145334e-05,7.314519793191307e-05
Z_M_1855_GLK_0683,0.010019352677346013,6.673630416445719e-05,0.0007154703188904801,0.00042712591510776283,0.00010082561262486315,0.06353575350422305,0.2500905782607057,0.00028597372494741457,0.00017299843620925798,6.765400377539928e-05,0.055788890358820085,0.005929405468585099,0.00015918632773787809,0.00846868092439374,7.971026858088107e-05,8.112240223802773e-05,6.972489662150261e-05,0.017504889932873448,0.12645056435961743,0.0003474315497968562,0.00012547424267303855,0.0006863317217557325,0.002376805285465014,0.0004201081794385231,7.237375196553543e-05,0.01196573814971888,5.531187717665722e-05,0.439918239224229,8.480377640808104e-05,0.003932738543910211
Z_M_1855_LAU_0756,0.012236743836999846,3.225742783951422e-05,0.0003458272445841489,0.0002064540965742166,4.873471739769351e-05,0.04364961346883862,0.23086604960979712,0.0010624553123186804,0.437243486335081,3.270100393125232e-05,0.03251129226717172,0.0056387009440835,7.694374964768668e-05,0.0965161968918322,3.8528478150060325e-05,0.0009634390895466916,3.370198349376939e-05,0.02324875146555542,0.0075154781838393785,0.002016389400141817,6.064879347782141e-05,0.003104427055783959,0.004845756524631064,0.006672658359961659,0.024989139604372324,0.0002383492850690984,2.6735356550420777e-05,0.06106395009019949,4.099045837571103e-05,0.004673598964754122
Z_M_1855_PFL_0771,0.004815027831385472,1.8187760511919604e-05,0.017391587840588335,0.00011640536511088171,2.747817876413421e-05,0.023047708724801545,0.13225403449393808,0.03603446309126843,0.012553765363991094,1.8437862775667465e-05,0.009472043049330553,0.01777033246356325,4.338332549153114e-05,0.07995323645295606,2.1723577495649986e-05,2.2108428726004506e-05,1.900224678827263e-05,0.010502837784249356,6.859227206370889e-05,9.468612176093057e-05,3.419571258438252e-05,0.0012292653224050896,0.18147260389394063,0.00011449280945940969,0.004188596744142872,0.008472134084039446,1.5074241646266267e-05,0.4601759053423046,2.311172000198973e-05,2.9577893914399945e-05
Z_M_1855_SCH_0790,0.0013608646978913773,2.120435027704538e-05,0.0020499467011538554,0.0007432514567428086,3.203566085599815e-05,0.07425842659599637,0.18335134114116544,9.086339301728893e-05,0.39617059346459627,2.1495934059563084e-05,0.03169939567327196,6.135202162035869e-05,0.0006581181108853986,0.04278837651225843,2.5326611607098047e-05,2.5775293581310375e-05,0.0006296932296243279,9.40337921421421e-05,7.996886489593265e-05,0.2091039111079908,3.986735294525198e-05,0.0014331490929089413,0.018373830144467865,0.00013348238417749568,2.299555551891862e-05,0.02749594705779989,1.757442868344208e-05,0.003080357711659357,2.6944988972447303e-05,0.006109876669232682
Z_M_1856_BES_0567,0.13470322822319536,1.0927425351976047e-05,0.17388132563085068,0.06738398723796853,1.650922042087296e-05,0.03263265685137843,0.1658722694479846,0.04732320438284454,2.8326823328824246e-05,1.1077689801283804e-05,0.009134892057601571,3.16170798770028e-05,0.00033915382624427,0.08748603035341929,1.30517867390001e-05,0.0022049032260728777,1.1416778506765154e-05,0.1490786339594263,4.121106236292211e-05,0.006318660607178688,0.005029962832329629,0.0032432662146897225,0.035768190972954486,0.03795250953553432,1.185050299005048e-05,0.04140843796154147,9.056785755413363e-06,2.1984969645012898e-05,1.3885799459037368e-05,1.7770754547073105e-05
Z_M_1856_COR_0659,0.002966899230615766,4.622882099899592e-05,0.001820143845421886,0.00029587385338106996,6.9842782822716e-05,0.08639677332482056,0.18251164784099508,0.00019809649794857876,0.00011983752832515055,4.686451953783836e-05,0.13666076831054189,0.1378850126949836,0.00011026976010459329,0.015138048399942093,5.521599950945397e-05,5.619419683218882e-05,4.8299045106630636e-05,0.054510791937160186,0.022691376882471696,0.004214262782653778,8.691710422294785e-05,0.0017999592845899795,0.05595221725855286,0.00029101260656596184,5.013393034764978e-05,0.0016661148454508387,3.831502060433184e-05,0.29413895763548165,5.8744316885560915e-05,7.517974312450249e-05
Z_M_1856_COR_0663,0.0015233241830260409,0.024613384227290272,0.0004596890607549672,0.0015029533413241146,6.478036886204114e-05,0.21527226073407116,0.11522754362885995,0.00018373787081138064,0.00011115134556026943,4.346763888130889e-05,0.07270007309305371,0.13894742203543728,0.00010227707781971447,0.012812272028435278,0.020936144056758577,5.2121073238670457e-05,4.4798185742883375e-05,0.024760655049304678,0.10950046031812853,0.022336680058748,8.061709233830438e-05,0.01764032188404138,0.005212671270585294,0.00764107100463314,4.650007300923776e-05,0.007687976406644114,3.5537833221875084e-05,0.2003358922161547,5.448635295725295e-05,6.973049030593286e-05
Z_M_1856_HFE_0570,0.02367781371148621,0.0064444941502625665,0.007018556172642428,0.16426318091408823,2.260203482344909e-05,0.009527791390868024,0.40068571597648,6.41066086441911e-05,0.004753772513669526,1.516596933525854e-05,0.014220714266154216,4.328552906667183e-05,3.5684731580408624e-05,0.1142009460867175,0.006018766924946401,1.8185174506875316e-05,0.002587443761010298,0.008639055280275249,5.6420221118402456e-05,0.0009351547700119813,0.018030822431295977,0.0635919225167672,0.0035332565867956527,9.417547242300414e-05,1.6223993285465238e-05,0.14027437993349018,1.2399240049733764e-05,3.00986380241677e-05,1.9010426593359266e-05,0.011168854573587357
Z_M_1857_GLK_0684,0.005590772808074477,2.6951700588820765e-05,0.0018333658797439452,0.00017249636343873992,4.071879252487882e-05,0.03029240821742767,0.163549028221239,0.00011549153504304174,0.040224800973849624,2.7322316934065747e-05,0.00013644915060253123,7.798123006017284e-05,6.428798083352898e-05,0.09917418335800758,3.2191283583105014e-05,3.2761578926776195e-05,2.8158654586240284e-05,0.0008917315445397662,0.00010164409071454727,0.00014031150244939554,5.0673231945826594e-05,0.008771490733425459,0.0025043020839202374,0.0009418725121853702,2.9228404507655506e-05,0.01718777171945337,2.2337903954004786e-05,0.6263167670633674,0.0015786688892950036,4.383027477772052e-05
Z_M_1857_KEL_0734,0.001157777826528503,3.258874155826234e-05,0.00034937921131310284,0.013280664751314845,4.9235268171099854e-05,0.08798280968023164,0.14826867201530922,0.00013964698722001358,0.5649855186798236,3.303687358810042e-05,0.022574285410936364,0.02250358872351493,7.773403336023277e-05,0.01347264236061661,3.892420137502141e-05,3.9613775953276014e-05,3.404813413963181e-05,0.0001445195400861218,0.00012290330223521846,0.017910351951405383,6.127171286881232e-05,0.01527468185501664,0.04971412184240891,0.022614445114451983,3.5341625940124445e-05,0.0002407973534144754,2.7009953472557457e-05,0.018739980077673447,4.141146842230286e-05,5.299752764956249e-05
Z_M_1857_SEY_0806,0.001326184747984126,3.732900304383222e-05,0.0004001988729525501,0.00023891320900639492,5.639688394033467e-05,0.1264494149225943,0.09175919363167086,0.00015995962291695938,0.10277231581679552,3.784231902677552e-05,0.2001923997913351,0.015081524164831828,8.904099480876695e-05,0.021849554687523635,0.001114122968853522,4.537587806187064e-05,3.900067453242567e-05,0.004443688798194502,0.0001407804512804922,0.31677727888068746,7.018411410859848e-05,0.0003839001762423524,0.06443214902527464,0.00023498783316429998,4.048231380565252e-05,0.005623507864927504,3.0938741024666475e-05,7.510250332195951e-05,0.04603752471758888,6.070639050020403e-05
Z_M_1857_SEY_0807,0.0002666287030665568,3.878071223322859e-05,0.00597141649143209,0.0002482044429719927,5.8590134978230565e-05,0.08469948530864989,0.19866283537034957,0.03794462794591965,0.10121343379410912,0.0011504448014674673,0.0013074670390614673,0.24011646202384682,9.250376155464281e-05,0.03269945195240486,4.631993075689156e-05,4.714052682792523e-05,4.0517394321188784e-05,0.0001719787395330547,0.0001462553436737147,0.00020189375366387732,7.29135447146465e-05,0.000398829892233093,0.28694178863503683,0.00024412641091844974,4.2056653921049815e-05,0.00028654966171660115,3.214193561845522e-05,0.006744808071665666,4.927978692179949e-05,6.306723643120168e-05
Z_M_1857_WID_0837,0.004291630025399455,2.4004405250731297e-05,0.0002573477763646357,0.00015363307404722516,3.626600087317182e-05,0.23262166235899134,0.14153757931567468,0.00010286199199438003,0.017944127746764,2.4334492953898185e-05,0.035197566090852166,0.01657582457884399,0.04820083976406232,0.04156096846923901,2.8671015178559317e-05,0.0007169444028499038,2.5079373146637116e-05,0.00010645104539168805,0.1912893258235839,0.14799454099289416,0.008298317357180531,0.0002468669038797492,0.07582134874019184,0.00015110886217999594,0.030975477697249162,0.005679491572902782,1.989514899799148e-05,4.829464432703568e-05,3.0503100841118343e-05,3.903722789395028e-05
Z_M_1857_WID_0838,0.0003720426585700889,5.4113001018087485e-05,0.00058013770134954,0.018951445633176422,8.175424975847389e-05,0.10113147127388417,0.1469701193926935,0.00023188123260603672,0.288519502524793,5.4857115943283715e-05,0.04213546015393955,0.07612744056079879,0.05129313233880175,0.039425758270072206,6.463291455636945e-05,6.577794035579858e-05,0.021762499624158837,0.052954454386280186,0.02501089388713131,0.001832140141108616,0.00010174054297010406,0.0021069366792125007,0.011229783604913514,0.00034064389130153725,0.07757998171742271,0.0003998395398967675,4.484952685718039e-05,0.04041994510921268,6.876297536344816e-05,8.800141185353007e-05
Z_M_1858_SCH_0792,0.0009687320591711422,2.7267544767367716e-05,0.00029233142581574514,0.0017370373085580438,4.119597182323369e-05,0.0525226744957815,0.1529654864626765,0.00011684496834104767,0.5547650995514921,2.7642504327050472e-05,0.0563887493978125,0.000860154823072381,6.504136500050916e-05,0.0011164084439963015,3.2568529890297036e-05,3.314550846583915e-05,2.8488642933263827e-05,0.00012092191476656214,0.00010283524725140804,0.10092446213974543,5.1267066285352e-05,0.00028042579196655787,0.06347190938808592,0.006421728391845335,0.0008108306682233047,0.005670297343980214,2.2599679529225436e-05,5.485977938034636e-05,3.4649667802262544e-05,4.434391721327052e-05
Z_M_1859_REU_0778,0.002463684421652038,2.0280270663053713e-05,0.00021742186505749103,0.02918294345749859,3.063955577704056e-05,0.24185476141555431,0.10563339188066682,0.04773406237918839,0.012835955976885503,2.055914730643842e-05,0.009399680102858621,0.023301194799381003,0.0006294375089371155,0.15655519060882567,0.0017674116211241328,2.4652013545282877e-05,2.1188463957382435e-05,8.993582596022372e-05,0.16800366542374387,0.015213215516332783,3.812994493042591e-05,0.0019517557710501492,0.1477311960976712,0.00012766525946328276,2.1993415684884183e-05,0.004217290770290883,1.680854003032452e-05,0.02967501054382907,2.57707339406568e-05,0.0011951066681933561
Z_M_1859_WES_0836,0.00028198128993013426,4.1013721081654865e-05,0.00043970220509761254,0.0026127164836229396,0.022389056913445574,0.05902365110011944,0.25358099662109074,0.00017574911794294063,0.0012814287527564664,4.157770610226929e-05,0.1811746067580346,0.1470074384782268,9.783016496935995e-05,0.0122552062778287,0.00357431754583623,4.9854897128634626e-05,4.285040201558767e-05,0.015458313488934887,0.04010842239489132,0.061319247456839955,7.711193564513652e-05,0.0027720150062142926,0.0002855884796633402,0.03551148825711297,4.4478292795965536e-05,0.019104811945453843,0.14104721248214924,8.251581538794522e-05,5.211733667032247e-05,6.669867301105897e-05
Z_M_1860_SCH_0579,0.03073787485790728,8.498212274880286e-06,0.0008215711394588165,5.4390286368621666e-05,1.2839150587653853e-05,0.06384933140644145,0.2371066874252143,0.0002799036185271475,0.4205252460319269,8.615072298760879e-06,0.000773487171854578,2.4588468706219774e-05,0.0022116598975681777,0.09360372012772798,1.0150319100961223e-05,1.0330140440023729e-05,8.878780144513745e-06,0.02438645416101009,0.002223438751762793,0.035106467330536094,1.5977911312524012e-05,8.739759768672721e-05,0.04266951840451425,5.349664671996457e-05,9.216085832637704e-06,0.04535150079520291,7.043423807392711e-06,1.709761749745867e-05,1.0798927250322347e-05,1.3820240318412414e-05
Z_M_1860_SEI_0794,0.0002702318583929801,3.9304785329030154e-05,0.002673673673964526,0.000251558617336758,5.938190778623906e-05,0.08584409351521269,0.20359980924459767,0.027195938785930022,0.00010188856698906332,3.984527055152205e-05,0.019343477616374408,0.023762796863964614,9.3753834848802e-05,0.08269178429092607,4.694588701481399e-05,0.0011739239340665061,4.106493651556664e-05,0.0013004491799600219,0.009157402695913917,0.18489262540648682,7.389888059178724e-05,0.0004042195822177372,0.1928447165871997,0.01939191362372182,0.07098984578094858,0.0002904220240242752,3.257629390469075e-05,7.907759463268401e-05,0.07324945924889932,6.391951169735395e-05
Z_M_1861_ULL_0819,0.001797087323525904,5.058381064320138e-05,0.00489022839205195,0.0003237466725363262,7.642232756001368e-05,0.07859339035802589,0.03158534187383905,0.00021675819380143573,0.07694449735074281,5.127939521187693e-05,0.014749180891761388,0.3102984574886581,0.03200545304105393,0.02815860043757626,6.041762699771176e-05,6.148797547460631e-05,5.284906037240948e-05,0.0002243213054695424,0.0001907688689535863,0.18142695081388457,0.0015444140144370928,0.025158466631103965,0.1815158370468314,0.00031842747159043503,5.48568011189393e-05,0.029359939999404033,4.192449007258864e-05,0.00010176995089870466,6.427832978409662e-05,8.226205661825017e-05
Z_M_1864_SEY_0802,0.0001313430071698575,1.910362727762902e-05,0.00020480724054793454,0.0001222670986203733,2.886187582215296e-05,0.0077877994258582495,0.2560467802240597,0.026354668975557494,4.952173612746279e-05,1.936632374456343e-05,0.034579776266257675,0.3372229695035841,4.556794552639512e-05,0.004613606245588017,2.281749461906602e-05,2.3221725500444263e-05,1.9959127999446583e-05,0.004463519071007034,7.204631921407018e-05,0.015425258504122864,3.591767921492299e-05,0.00019646615984194498,0.31212261169379574,0.00012025823390668303,2.0717377138926335e-05,0.00014115619901571092,1.5833323388795268e-05,3.84347320874048e-05,2.4275538726913655e-05,3.106732467846374e-05
Z_R_1853_BRO_0557,0.03186368967336547,0.0001203584230661744,0.004738810946386434,0.0007703183782305747,0.0001818382347081266,0.00423535471424872,0.033772140642031434,0.007412682669408065,0.0003120013796950695,0.00012201348741839331,0.03509399808115768,0.00034824139752784403,0.0002870913458589494,0.08424251446301549,0.04152534410300206,0.00014630364283656206,0.0001257483271044778,0.0522607310685726,0.0004539128220158578,0.0006265901892609965,0.00022629185377623078,0.3460843543744057,0.0008380848689567118,0.0007576619446863452,0.0001305255178124402,0.1526218117389257,9.975455484329836e-05,0.017484478034509705,0.18292161991749192,0.00019573320568096943
Z_R_1853_HG_0554,0.05293743701547688,0.00035260250957524553,0.16542241507003563,0.0022567277504682514,0.0005327140075569612,0.002305273435918585,0.07873371926362299,0.07222941626319077,0.0009140404690325205,0.0003574511926107491,0.001785130877857093,0.0010202093678046678,0.021046340720485827,0.15587345615982243,0.00042115069290133675,0.00042861172745516167,0.0003683927936439444,0.001563667391879,0.0013297847885824787,0.001835661082790871,0.0006629455048116031,0.3774238669855773,0.002455256728220029,0.05273284137435249,0.0003823880703303211,0.0026053706603314636,0.00029224133619605146,0.0007094036536580255,0.00044806233664453917,0.0005734207691668722
Z_R_1853_HLS_0555,0.00047612931669988994,6.925223655359035e-05,0.028521100500096933,0.15124165336712497,0.00010462669852006003,0.0004527629184978148,0.12856236763588189,0.00029675482177386194,0.0001795204091350537,7.020453307851459e-05,0.0023347950942872353,0.00020037231317073363,0.0021493773918918784,0.08617134914952317,8.271531431992799e-05,0.010005129696254738,7.235349776948808e-05,0.0022912989724433695,0.00026117389480640596,0.0003605295824206973,0.0001302045722154884,0.41739206463600087,0.00048222010656507485,0.07781934838126257,7.51022139169864e-05,0.0878160542529744,5.7397113166794986e-05,0.00013932909806650985,8.800084538661058e-05,0.0020968114361945107
Z_R_1853_KLE_0558,0.0006996289849762412,0.00010175990065711943,0.0069221283152826486,0.11144361010814872,0.000153739474381376,0.006496469230838067,0.02855346214383248,0.02376075460361627,0.0002637890111371632,0.01468109685307952,0.003430770306826736,0.011956779109957422,0.006073903284161087,0.004166330827474786,0.0030371302040192497,0.00012369590579163484,0.00010631692363495956,0.061678607243273044,0.049948759398032866,0.0005297656265973819,0.00019132384733159806,0.4996119898052497,0.0007085788500268086,0.05020557134156125,0.00011035591350769238,0.11445981480937527,8.433986863859186e-05,0.0002047315131392538,0.0001293092863124253,0.00016548730913867117
Z_R_1853_ON_0556,0.25695861534936015,0.0004916882780797079,0.005271319314379371,0.0876729433092184,0.0007428456292048226,0.0032145997133574476,0.039352251044554726,0.002106948087040174,0.0012745881611992936,0.0004984495476337814,0.0024892844028189306,0.015510308956916121,0.0011728256810024976,0.03421874647182374,0.0005872756244820323,0.0005976797002694752,0.0005137071162141289,0.01626813663201577,0.001854324842163886,0.0025597464919425534,0.0009244475716130411,0.4699498479557023,0.0315990907628046,0.0030952008796636434,0.0005332228976062213,0.017720744802480568,0.00040751734736954755,0.000989231362393729,0.0006248026965052279,0.0007996093701841165
Z_R_1853_STE_0559,0.0018460848850244563,0.0002685100510966936,0.041344917483496765,0.0017185189189932461,0.00040566661184956624,0.0017554869045486963,0.16766197826163443,0.0011506004184576597,0.0006960502162619838,0.007965454336376897,0.0013593935670086468,0.0007768988082601796,0.0006404779157302669,0.08023280933980377,0.18495875736884887,0.0003263917689589446,0.0002805344975115109,0.17044229039648762,0.0010126433358628446,0.0013978727823864368,0.0005048390937027633,0.22586572709870473,0.0018697005598287558,0.009383535392878537,0.00029119202931041446,0.09430303732165551,0.00022254446291121002,0.0005402174009520163,0.00034120358658778946,0.0004366651848688703
Z_R_1853_TEI_0117,0.0014220003076008932,0.042471995090085445,0.0015759228284714956,0.017458324092531948,6.047150401389453e-05,0.02778512458093187,0.22453780355773106,0.015080046235048388,0.05400382697655127,0.0023341963413163512,0.012817550451399378,0.02763924939114769,0.020738053683720656,0.0016387742469566723,4.780729519960011e-05,4.8654241167922863e-05,0.0023354383868819106,0.0024711210451929906,0.06207869039274163,0.003648806626501828,0.032185934169233626,0.1770203728568719,0.05532558948571111,0.000251965475813255,0.052796666006257646,0.00488299086902304,3.3174035005857796e-05,8.052858622281625e-05,0.00922534200037565,0.1480035792402922
Z_R_1854_HEF_0180,0.10399162847908675,4.580413789746257e-05,0.05167323369379932,0.033102241768892274,6.920116902015949e-05,0.017360186733631544,0.19264626749486796,0.00019627667573953898,0.1943485255999246,4.643399656366103e-05,0.00023189392779104914,0.00013252829829118375,0.0014216202010417227,0.15279714314070428,5.470875529644564e-05,5.567796636636345e-05,4.7855343800092265e-05,0.00020312514771851647,0.0001727430865524847,0.0015508213939708338,0.0013984820753625469,0.08971177428882315,0.00031894531292059276,0.10790214120018321,4.967337278697656e-05,0.05020825624907677,3.7963037978906135e-05,9.215369118120762e-05,5.820465962947473e-05,7.448910110091968e-05
Z_R_1854_HLS_0263,0.09943197394681443,7.671043127094572e-05,0.020603314974515265,0.14994675304439417,0.00011589458428130608,0.000501523712011562,0.12702287631622622,0.00032871415412540035,0.019979767527681956,7.776528640285515e-05,0.006982001933617812,0.00022195162673467606,0.00018297764621664914,0.000942857228743265,9.162342979758316e-05,9.324661500701571e-05,8.014568617670282e-05,0.006933821449761894,0.024465973323687863,0.00039935720678167504,0.00014422709482270557,0.4623435556846012,0.0005341533238930533,0.04444048127601823,8.319042829059599e-05,0.029139241929806277,0.004459337107159254,0.0001543342963804935,9.747819186447243e-05,0.00012475054291444641
Z_R_1854_KAR_0262,0.24993494212788947,0.00037535496229193277,0.047042260015280696,0.002402348073757549,0.0005670885509572833,0.0024540262763704476,0.15909591926145383,0.001608444730166658,0.0009730209413435464,0.0003805165172682413,0.0019003203753466859,0.0010860406218988579,0.0008953354368890152,0.004613533435779906,0.0004483263679649678,0.0004562688421889413,0.00039216414918151314,0.0016645664706779852,0.001415592077821684,0.001954111152928983,0.0007057235221040396,0.3695143723141848,0.013368220932679862,0.12066274415787859,0.011161595863971207,0.002773487934454227,0.00031109885139545256,0.0007551794852207189,0.0004769745447309588,0.000610422005921971
Z_R_1854_KLE_0561,0.1256049144234145,8.725853634280033e-05,0.005935685680392411,0.040560068068220205,0.00013183072532502277,0.0005704859733712914,0.006983733355110861,0.000373914153380701,0.00022619757749864816,0.002588558170760478,0.0004417663044139714,0.0002524711928598784,0.00020813807624052354,0.033573801771403955,0.00010422215396763811,0.007606367728803982,9.116615764116113e-05,0.13289224647845732,0.18533646190436467,0.00045427101326852453,0.000164059111475367,0.38841284543781135,0.0006076023358664527,0.0005492965980421732,9.462956849673571e-05,0.06314724430076889,0.0025724206888329527,0.0001755561086873783,0.00011088197793326873,0.00014190442684692905
Z_R_1854_MIQ_0904,0.0013177285913242257,3.7090981985170254e-05,0.017401123505040427,0.038495211774495115,5.603728028295994e-05,0.011932386486037295,0.23039007235171047,0.17550729026980072,9.614979374775817e-05,3.760102490953374e-05,0.004438650687878734,0.00010731791820747002,0.029844556980232393,0.06634436089880834,0.031925819996687775,0.006421390205794141,3.875199438873582e-05,0.00016448538364870985,0.002265317345077184,0.00019309695848362824,6.973659888506664e-05,0.12897024275068675,0.013010880812868563,0.10437978256184,4.0224186280044795e-05,0.13630187566240265,3.0741466217093586e-05,7.462362695529452e-05,4.713259720339391e-05,6.031930812038695e-05
Z_R_1855_CRE_0195,0.0030055747089358484,3.237712322101212e-05,0.004057740544602277,0.00020722017135160425,4.891555390518353e-05,0.012271225500910601,0.1927610924520149,0.00013874017517927648,0.07800716152895375,3.2822345259531467e-05,0.034487244677170695,0.002876651530037337,7.722925943829301e-05,0.04399785439515959,3.8671443079367415e-05,3.935653983434065e-05,3.382703908690571e-05,0.00014358108762337437,0.00847102285888845,0.0038791865067926705,0.042733119563763355,0.05970305489762393,0.0002254497556598781,0.000203815516339011,3.511213146566622e-05,0.03549021931004544,0.1354648318628112,6.513977888470082e-05,0.23381083653081133,0.10766092521115052
Z_R_1855_PAL_0141,0.00019090264475051777,2.7766479923146337e-05,0.04246209793073404,0.1282620736895165,0.000837504813114458,0.002568199097437897,0.1613332984818081,0.00011898297023958886,7.197817838252992e-05,0.004801478582616881,0.05980720268504544,8.033868778381169e-05,0.015181777370353438,0.07114568036366181,3.3164461231858184e-05,3.375199722640978e-05,0.004802340203669383,0.002509799656782995,0.00010471690255057957,0.005713438601605792,0.011189975797565999,0.13632547000054582,0.0001933447289765902,0.14496580985994068,3.011201108712397e-05,0.028845147482418086,2.301320317877511e-05,5.586359079074773e-05,0.007990834149671418,0.1702939353773896
Z_R_1855_PF_0142,0.09482801198015108,0.0001558236990363675,0.12221486454839721,0.000997303355043027,0.00023541938849501828,0.0010187568843677034,0.13301564440335426,0.0006677247744900995,0.0004039369065329616,0.00015796645101779041,0.005253496871574172,0.0004508555474389,0.00037168678629558374,0.001915248012711932,0.00018611682287420327,0.00018941403707785614,0.00016280181293403561,0.0006910229804054717,0.009516872007926426,0.0008112236649765994,0.00029297188197474,0.3230539968260778,0.00108503818063022,0.04116235122199669,0.00016898666903428203,0.19312933819177935,0.0001291486157380328,0.0003135028776626389,0.00019800973844155497,0.067222464861564
Z_R_1855_PF_0143,0.00024337267918819763,3.539816129500268e-05,0.05413290397762464,0.14830197402697223,0.0030961253441535437,0.0002314289850404967,0.095126673203004,0.00015168571542223112,9.176154756229382e-05,0.02234861923526801,0.025534591187293128,0.005173495941727057,0.0010986505474540713,0.03998947573939914,4.227979027937772e-05,4.302881190398849e-05,3.698336561765777e-05,0.00015697832274689776,0.00013349858595898176,0.04278132230109613,0.06801897196617583,0.28840115857768184,0.00024648597592475774,0.03977722573248971,0.00206681875888621,0.05807182224675181,2.933843541895537e-05,7.121782821597354e-05,4.498148036968106e-05,0.10452173152907822
Z_R_1855_SAC_0566,0.08709189697894522,0.02995978140199036,0.04865729845602469,0.00010617002487144247,2.506206582515459e-05,0.00010845390542840985,0.2099794355534701,7.108404434459527e-05,4.300195241120774e-05,1.6816650569363354e-05,8.398327607818099e-05,0.0028997294285258383,3.956869807550795e-05,0.0990639570769083,0.11551498592755235,2.0164469442388163e-05,1.7331409185499798e-05,0.18258445413292693,0.013845935554019813,8.636052034854773e-05,3.1188937486878783e-05,0.07288978307565021,0.00011551002013725811,0.030047618499810216,0.001443856157831323,0.10468610291218339,1.3748787343072497e-05,3.337460778648954e-05,0.0004963683184947981,2.6977156332489105e-05
Z_R_1855_SCH_0265,0.07875317236568108,9.089445977355049e-05,0.19889935744901327,0.000581743022708175,0.0027415987822903345,0.0005942572100253903,0.051547407327770245,0.013410868966279677,0.00023562286820917838,9.214436132886322e-05,0.039524297225949315,0.000262991263035046,0.00021681085646297824,0.06622406689148466,0.00010856492417095074,0.00011048824203371538,9.496490539183103e-05,0.1045740800466829,0.00034279412849015954,0.00047319975869882674,0.00017089519184574966,0.2327152443121227,0.05532269267009793,0.00317645978918883,9.857263102975111e-05,0.1491152850340092,7.533445637990294e-05,0.0001828712505146504,0.00011550225233291787,0.00014781735699823215
Z_R_1855_SCH_0266,0.07770909822416427,0.00016700807198791393,0.006575523835470067,0.0010688856158776031,0.00025231680690592867,0.015447041934424732,0.018151538464164563,0.0007156512641901132,0.00043292980709620766,0.0001693046217385536,0.0008455165747859886,0.0004832160716788836,0.000398364908203865,0.05468831396303543,0.00019947550946972664,0.00020300938390916423,0.0001744870456958197,0.0007406217178166543,0.0006298446201291783,0.000869449904453183,0.00031400017749451956,0.5567838505031696,0.010733026309835251,0.04411681251688552,0.0001811158248816082,0.20699135378748199,0.00013841836285302715,0.0003360048021249997,0.00021222204874136143,0.0002715973213342926
Z_R_1855_SCH_0267,0.03759374358912959,0.0002102733578301763,0.0805750918174558,0.0013457922417260465,0.0003176822628605483,0.0013747423030858077,0.07707597443136979,0.0009010486293593992,0.0005450850558257927,0.00021316485416171893,0.02516325894926826,0.0006083985327175034,0.0005015657380668319,0.04475722382359293,0.0002511518436313665,0.0002556012072799963,0.0002196898422908721,0.42265977236145774,0.0007930128263226617,0.0010946905062632379,0.00039534539196298346,0.28532224837076475,0.01351353533386105,0.0013236806959637992,0.00022803587994713222,0.0015537043051680583,0.000174277168738096,0.0004230505576700548,0.00026720051470131823,0.0003419576075267548
Z_R_1855_VIL_0112,0.00016687360294613944,2.427149478186843e-05,0.0002602112048149748,0.01962704674095956,3.666952135486088e-05,0.02588915047414535,0.293322713668794,0.0014948425224154363,0.09324893138430089,2.4605255267966286e-05,0.020985420252216284,7.022640416516961e-05,5.7894877029951746e-05,0.06149510864367449,0.01115567816554296,2.9503611074428707e-05,2.5358423510309193e-05,0.0008030535015331068,0.010522806245323063,0.0001263582566270127,4.5634043785114346e-05,0.07605017664769764,0.00016900830042000214,0.03075118257989403,0.0014171578095062362,0.023128135718348142,0.0014109525332313224,4.883200377314607e-05,0.07444056941498349,0.2531716266978831
Z_R_1855_VIL_0113,0.00021387254096809027,3.110741405737735e-05,0.0012247763845146607,0.00019909377455411652,4.699726960877715e-05,0.017137663761480924,0.3180021889920653,0.00013329930661949363,0.1257508751708841,3.1535176159808456e-05,0.06165568918906127,9.000524490805556e-05,7.420061795769694e-05,0.0681194936990631,3.715489433247359e-05,3.781312416595327e-05,3.250046966892229e-05,0.00013795037666009362,0.00011731670904857699,0.0001619462931224644,0.0018410431399893301,0.05825300360264695,0.00021660846303648678,0.0001958226373231679,3.3735165551419336e-05,0.05014143511192307,0.03656819137487194,6.258524142309674e-05,0.12214465240633433,0.137307442447999
Z_R_1855_WEN_0264,0.25389930154805823,1.7574170509436612e-05,0.3038162272641358,0.03384890238763574,0.0005300798815293083,0.00011489784483528319,0.16958513990965604,0.002592951192848096,4.5556973132872646e-05,1.7815835217140483e-05,8.897325905851495e-05,5.084856998528433e-05,4.191972722287e-05,0.0843053022135626,2.0990701671781524e-05,0.02620485591881883,1.8361178931327992e-05,0.037339060380199,6.627821408178735e-05,0.0005950204688567106,3.304207152143758e-05,0.0414700917667761,0.0001223732083987684,0.00917414716012616,1.9058721836253462e-05,0.035880394079546206,1.4565690636750829e-05,3.535760645725908e-05,2.2332013213783822e-05,2.8580041540629996e-05
Z_R_1856_HLS_0270,0.04480716549980659,6.451580711103629e-05,0.1005097658512874,0.19265518318700953,9.747087222462831e-05,0.00042179670391194707,0.10683010447642398,0.000276458606878594,0.00016724231107379282,6.540297237777796e-05,0.024356909647354326,0.0001866680724009773,0.020487206672110174,0.04330808878348937,7.705809269659677e-05,7.842324085366235e-05,6.740496102667865e-05,0.0002861047811650775,0.04090994500442912,0.009578288338190306,0.00012129937579025292,0.38699651677586805,0.0004492392004717544,0.0004061300458538036,0.009312382456055424,0.015264572439052163,5.347150165949818e-05,0.001978283194728472,8.198212576394187e-05,0.0001049190029350523
Z_R_1856_JB_0851,0.12747625670610158,5.345003840463876e-05,0.058767407766492204,0.029439279908941934,8.075264182580166e-05,0.0018808810082979882,0.17120384944748684,0.0017604713410249739,0.0001385568645896335,5.418503684458685e-05,0.0002706030484403187,0.00015465071407353367,0.00012749455394046993,0.07110278642066435,0.016909581949657287,6.497206534563275e-05,5.5843643858294785e-05,0.0002370320116232136,0.000201578395188563,0.00027826278233602527,0.0001004940740071536,0.25936152985032335,0.024875081399353512,0.06771943403795856,5.7965149111537304e-05,0.16272662578842126,4.4300055214917625e-05,0.00470182950397964,6.792052935236435e-05,8.69232671398393e-05
Z_R_1856_KPK_0269,0.02010314179557417,0.000665966955333558,0.11800261418717262,0.09087826906057109,3.3932257420628474e-05,0.000790346137390967,0.27142709966699474,0.18735685277939595,5.822158991148192e-05,2.2768550687456186e-05,0.00011370739199209522,6.498422493157934e-05,5.357320734309341e-05,0.07620991056856663,0.028984652308042657,2.7301259706323163e-05,2.3465497299682255e-05,9.960084343343946e-05,8.470323498184319e-05,0.0007604332628876007,0.04058318441744152,0.0787388654574921,0.04455839268134141,0.031029732943708956,2.4356953736829304e-05,0.009175055677803677,1.8614881734065388e-05,4.518684894630745e-05,2.8540204184296984e-05,3.652515397321248e-05
Z_R_1856_ON_0568,0.1409405661870553,5.638598049278306e-05,0.000604505987396433,0.01974748810226108,8.51882809187127e-05,0.000368644860596199,0.18383895847969622,0.0067038233656691116,0.00014616761553559932,5.7161351454790486e-05,0.00028546692698576675,0.00016314547953979482,0.0017500481965959133,0.05077511337323215,0.07276712163711446,0.003299641958106476,0.004905562654381084,0.11980079111479176,0.0018282013682703955,0.0002935474002448044,0.00010601408466183415,0.1685971417245571,0.0020081797776981226,0.11182793899158024,6.114910044256858e-05,0.10865852005227013,4.673340045646763e-05,0.00011344338026651041,7.165131695751115e-05,9.169785077068503e-05
Z_R_1856_ON_0571,0.05392668708269764,0.013921411256086645,0.08553291143537681,0.007614353273363707,0.0009747645743002258,0.008544742249127544,0.08221730906698081,0.0019903624573179104,8.377477634909282e-05,3.276156224065018e-05,0.012200827919448185,9.350550059074527e-05,0.014892119937657714,0.005952851833433109,3.859982823782355e-05,3.928365627635791e-05,3.376439549641091e-05,0.02699556376947362,0.18160604188704232,0.0001682442975706663,6.076110771770709e-05,0.4040420255177546,0.017817884765700943,0.05298199562189207,3.504710803930945e-05,0.02801697886192951,2.6784867201446856e-05,6.501914788229791e-05,4.106636775347494e-05,5.2555875060681096e-05
Z_R_1856_ON_0854,0.003478508442178886,0.0005059434087384121,0.2228657344257096,0.0032381406815336915,0.000764382366962572,0.0033077980688446095,0.22894253602348436,0.0021680331720642983,0.0013115412910255611,0.0005129007024508984,0.002561454263258649,0.0014638812576681431,0.0012068284914576695,0.20916409393892993,0.0006043020437254585,0.0006150077566808897,0.0005286006216898714,0.0022436800331721313,0.001908085820586971,0.0026339592041884317,0.0009512493513339912,0.164660404517385,0.0035230065716207607,0.003184937598885143,0.0005486822087479794,0.13420335527069432,0.00041933217658436905,0.0010179113674930666,0.0006429171085660109,0.0008227918143384001
Z_R_1856_ON_0857,0.00046147873432212104,6.71213331185628e-05,0.2545735415672891,0.002352726113607784,0.00010140731670125826,0.0004388313242808758,0.11114452954625281,0.006057031428723457,0.004020268404560918,6.804432731280266e-05,0.0003398171058317685,0.05981142080430322,0.00016010473857953615,0.23160130864798284,8.017014962654915e-05,0.0020047263653704323,7.012716798425507e-05,0.13684031074600442,0.0021762734632803904,0.0003494360240918655,0.00012619815474800963,0.06030750543161348,0.0004673821095175182,0.00042253195484780886,7.279130565498338e-05,0.1254997935325851,5.563099395253479e-05,0.00013504191734218097,8.529304397756086e-05,0.00010915624653584211
Z_R_1856_ON_0858,0.08253972220717905,0.0001579391056028523,0.00621845603678088,0.0010108423871612606,0.0002386153575509445,0.0010325871618939739,0.21175004822147778,0.0006767895661828655,0.194993605430935,0.00016011094681550177,0.0007996028575418215,0.0004569762004043115,0.0003767326725970108,0.042668171136394005,0.00018864347800866702,0.0001919854540079944,0.00016501195186826735,0.041427326464788694,0.0005956424428345574,0.0008222365460620293,0.0002969491630093798,0.19168325383110457,0.0010997682692264108,0.000994234112117656,0.00017128077135333993,0.15049905671018135,0.06800910589864803,0.00031775888012003557,0.0002006978475258441,0.00025684889062591504
Z_R_1856_ON_0859,0.0381243517922913,0.0004106891211289389,0.004402939002059178,0.03792923822294318,0.0006204716121850391,0.002685036820922728,0.1387717199068166,0.0017598561867495928,0.001064616577333637,0.00041633656072567494,0.0020792076386819064,0.0011882754014880229,0.0009796181231928446,0.005047829874074759,0.0004905297132991149,0.0004992198548619591,0.00042908064617611476,0.0018212609651654362,0.24865405972938337,0.002138062028231536,0.0007721570304630988,0.49843404361794724,0.0028597278818953383,0.0025853073698464514,0.00044538146005633424,0.0030345711038630993,0.0003403842407828658,0.0008262685464077778,0.0005218746953026317,0.00066788427572427
Z_R_1856_ON_0860,0.04295612294742321,0.0002861195707010896,0.06864979473733207,0.0018312234247312422,0.0004322711807475899,0.0018706158575791303,0.11307529649154402,0.0012260594954750781,0.0007416988237492899,0.0002900540381847587,0.0014485457889480337,0.017223436648675736,0.0006824819612666229,0.003516730398341772,0.0003417430454438733,0.000347797307525269,0.016694519600979788,0.0012688390772449608,0.24701285975000906,0.0014895485616183326,0.008735741123032185,0.37184322774720996,0.010190113408760143,0.06738348414972303,0.0003102890863026647,0.0185097169677129,0.00023713945131659185,0.00057564612652056,0.00036358051893191313,0.00046530271296921135
Z_R_1856_RAU_0268,0.27572922553712653,2.2737710112561797e-05,0.1070852692158436,0.028158846481788753,3.4352270184697544e-05,0.0008001290251494186,0.2272293209439926,9.74340389249016e-05,5.8942255518962284e-05,0.1635426654736276,0.007932785700845033,6.578859829218592e-05,5.4236335369539973e-05,0.014611868499066056,2.715806640296078e-05,2.7639194121050588e-05,2.375595272853631e-05,0.023553846224050597,8.575168983143678e-05,0.0001183733196218306,4.2750298989620215e-05,0.03345894099049381,0.00015832818605129767,0.01838436691930743,0.0019790761538850507,0.09332858586525421,1.8845296346126847e-05,4.574617080604238e-05,2.889347422754659e-05,0.0032943401120400203
Z_R_1856_SAC_0569,0.1135749480466009,6.925223655359035e-05,0.0007424432681914197,0.0004432283939236348,0.00010462669852006003,0.0004527629184978148,0.16427778407690324,0.006249324228610757,0.23828229668261086,7.020453307851459e-05,0.00035060529200827003,0.00020037231317073363,0.00016518758961291303,0.1357760942064973,0.05762421958040991,8.4180684859912e-05,7.235349776948808e-05,0.0022912989724433695,0.00026117389480640596,0.0003605295824206973,0.0001302045722154884,0.12968454330555093,0.00048222010656507485,0.02821460332428846,7.51022139169864e-05,0.08384767464841646,0.03577281355418816,0.00013932909806650985,8.800084538661058e-05,0.00011262163391554558
Z_R_1856_SCH_0853,0.07856651260485159,0.00010450206491082716,0.06100345194770864,0.0006688344622095531,0.0001578823527481006,0.000683222120363724,0.143100794215968,0.0004478049113058615,0.10806047804868986,0.00010593908641676765,0.0005290656129954003,0.0003023630935167971,0.00024926912214356137,0.1120681832014523,0.00012481793478960856,0.00012702918824377419,0.00010918188778757112,0.1890951957577643,0.006382423100405598,0.0005440414302756236,0.0031906345436153523,0.16275909453235649,0.033663378390938636,0.006646155456856179,0.00011332971791642226,0.08161434846453842,8.661260840592349e-05,0.00919271354502675,0.0001327938347476009,0.0001699467610507893
Z_R_1857_DNT_0574,0.016628340805171365,0.0001368792403940461,0.01715471877071604,0.29109029319746155,0.0002067979856113428,0.028347598468943535,0.25410759422393375,0.0201956154610714,0.004276641808413004,0.00013876148465717038,0.0006929824715637531,0.004317856257609381,0.0003264985062430697,0.02913509758125199,0.00016348944029129011,0.00016638579160629217,0.0001430089814770955,0.028059709219085235,0.0005162184806001323,0.004634412176226614,0.00025735346362273963,0.11514030491613247,0.004874937353996807,0.0008616612682530977,0.00014844190605906574,0.17749302845939308,0.00011344721328967223,0.0002753883781554588,0.00017393645996157593,0.00022260022880801828
Z_R_1857_HAN_0271,0.024275616098467543,1.7935410275331443e-05,0.08549616842956019,0.0062813362102767875,2.709692649794142e-05,0.06589374959281935,0.20133432397760348,0.04529819243940704,4.649340369160423e-05,1.8182042438107464e-05,0.03965947188676948,0.005704560879948578,0.04115308764687843,0.0022759616189649435,2.1422168758880228e-05,0.0010495593366140412,0.0010464962521069335,0.0350232975149249,0.05710819049929651,9.33723775419913e-05,3.372125636118152e-05,0.2966925357951612,0.0581931961911424,0.020668057379450665,1.9450476781995342e-05,0.01246561615031427,1.4865090638184242e-05,3.608438747217887e-05,2.279105116501889e-05,2.9167508670862857e-05
Z_R_1857_HAN_0272,0.06466734508810286,1.426328148842167e-05,0.041428214385764536,0.007038615589940152,2.1549052080664945e-05,9.325164464625289e-05,0.22386471351136397,0.0168164397316698,0.011479631628233547,1.4459417729955605e-05,0.0017068764643466004,0.008623261971426578,0.004529351933439437,0.015295966106146398,1.7036154646578604e-05,0.0012433369681352606,1.4902021316806043e-05,0.02458323268456382,0.05440641422200645,0.013968910522718377,2.6817104501049586e-05,0.3601817277117466,0.022167300755042536,0.1181943587332891,1.54681505004202e-05,0.0001053910114104066,1.1821584723653911e-05,0.007384690426914854,0.0020614564426420685,2.319569946279407e-05
Z_R_1857_PRH_0573,0.0015285730492722105,0.00022232846977655242,0.0151236998660146,0.17978502384658213,0.00033589519901984515,0.001453557196860905,0.06875464317109509,0.0009527063486641389,0.006946409304359708,0.00022538573752264312,0.013865737062492344,0.0006432784266593879,0.0005303208365883751,0.0027326662281932264,0.03211592133884867,0.00027025499508833003,0.0002322848075761894,0.0009859481116420207,0.0008384767809333673,0.0011574498436125586,0.0004180108071481389,0.46093181726342,0.0015481270168817504,0.14154119968026763,0.00024110932914164806,0.06534352079475962,0.00018426859513901938,0.0004473043284963533,0.00028251929854579937,0.00036156226539776914
Z_R_1857_RIE_0572,5.683621156934245e-05,0.0023768213992214813,8.862647434028785e-05,0.09029484149947327,0.00024934489938954524,0.03795092156399475,0.2536232659400783,3.542403133557272e-05,0.0002582850646606745,8.380411697464119e-06,0.03296476207218967,2.3918718685387332e-05,0.32166944210489823,0.016207779159382388,9.87384086595812e-06,1.0048764163299435e-05,8.63693656906366e-06,3.666004414794592e-05,0.0019260204187092648,0.018991474228014664,0.014226870685736212,0.04106101272416511,0.07300904694322079,0.051923386636700555,8.965054597136595e-06,0.042931922112351875,6.851572362795036e-06,1.6631906118196914e-05,1.0504781980957041e-05,1.3443799379704234e-05
Z_R_1857_RSZ_0126,0.0032271046524237155,3.4763522819107627e-05,0.0920076171938471,0.06396852663338798,5.2520940874962e-05,0.03907251866507715,0.20896087266134988,0.013097379164253757,0.027979005840065393,3.524156054932797e-05,0.001172030053865269,0.0010966154846338517,8.292154631710839e-05,0.10899474516788193,4.1521774024226784e-05,4.225736676087091e-05,0.13649267223888617,0.00015416392561857242,0.00013110514697719166,0.0011770118900251577,0.0478748853917819,0.060119422134784384,0.035103178641905756,0.0002188380142600551,0.014978176607466889,0.06599496330617156,2.8812439173436825e-05,6.994099427030977e-05,4.4175026669800675e-05,0.07774701201387718
Z_R_1858_BEC_0273,0.09061666350635798,1.2014531470022124e-05,0.2331765577273915,7.689544413604636e-05,0.003460511326537444,7.854958342813317e-05,0.12178840798660272,0.0355077887326556,3.1144894553626214e-05,1.2179744857154266e-05,6.0826314412675376e-05,3.476247962689226e-05,0.0003728942717374263,0.26039006535603865,0.0003585862032009665,0.017570638927547972,1.2552567529642076e-05,0.03309993331299395,0.001078018821622623,6.254807396026018e-05,0.0007110610577359903,0.035579865150613586,0.005591435613747986,7.563204174806571e-05,1.3029440744137042e-05,0.16015850108848328,9.957792798464178e-06,2.4172126659252204e-05,1.5267217044576005e-05,1.9538663763394117e-05
Z_R_1858_NIE_0578,0.05240797816322362,0.0003490759217661918,0.0037423927529397216,0.002234156871484033,0.0005273860173307272,0.0022822170226064987,0.09794944819236164,0.0014958356307974326,0.0009048986056380855,0.00035387611023339645,0.0017672767202136894,0.0010100056459890845,0.0008326519543356687,0.014292130442266798,0.00041693851386395686,0.0004243249261652852,0.0003647082777947152,0.011549624108221386,0.0013164848185121315,0.0018173015424576982,0.0006563149917782389,0.4536617930759358,0.06244027555680234,0.06220702469071733,0.00037856357937936626,0.22261442228115758,0.00028931845645032285,0.000702308484994302,0.00044358099822182,0.0005676856463612003
Z_R_1858_PAL_0140,0.019849539029385535,0.00013221262060017912,0.04687472540979894,0.07660834251798711,0.00019974762815605924,0.000864390450680368,0.12801297167481784,0.008142763725486241,0.00034273064559575244,0.00013403069356669257,0.000669356641165421,0.0003825399718249104,0.038196444635270686,0.016777472352704277,0.0001579155997588966,0.00016071320585630633,0.00013813338060628005,0.00816253168683232,0.0004986190595879063,0.004476411302374176,0.0002485795197879787,0.6339736985619181,0.004708736262549104,0.004620392420022446,0.0001433810806551522,0.0009769155728704007,0.00010957946088563666,0.00026599957052618234,0.00016800644950421844,0.0040031188692248665
Z_R_1858_SAC_0575,0.0876911311607113,0.0002311636472301563,0.11507295165735922,0.2001759874732493,0.0003492434386408733,0.0015113205403775325,0.1907048003472631,0.014236999106228023,0.0005992383003514334,0.0002343424086521898,0.0011703188528230115,0.0006688418601563345,0.0005513954146813697,0.002841260467481711,0.0002761033389179692,0.000280994739043425,0.0002415156429108385,0.001025128998080711,0.000871797260122192,0.014449878964064015,0.007057838701177987,0.1348416696338193,0.014856081374188274,0.10742664905588944,0.00025069084477402214,0.1010563086696014,0.00019159129986871847,0.0004650798887833571,0.00029374641731843567,0.00037593049623445355
Z_R_1858_SAC_0576,0.001090813562315609,0.00015865706270080338,0.04261299775789632,0.0010154374585592029,0.00023970005148396336,0.05558669202279723,0.17180056004776603,0.07795819827400229,0.0004112817466360579,0.0001608387766350204,0.0008032376796140554,0.00045905351561654275,0.000378445218044756,0.006495857474883554,0.00018950101055895935,0.00019285817846013235,0.00016576206059934053,0.0007035879459150768,0.10515138774456458,0.0690127379340626,0.0002982990298362144,0.18800882030123525,0.010196336068906523,0.13737228104200785,0.00017205937678526438,0.12390848747986712,0.00013149694270888035,0.004864987588635302,0.0002016101766391735,0.0002580164702663205
Z_R_1858_SAC_0577,0.24643946534983657,8.251380337751215e-05,0.13800563031017182,0.005256415865842465,0.00012466235401714103,0.0005394654713374796,0.12481175754748293,0.0003535823568128158,0.004942208702452349,8.364846143514587e-05,0.0004177450082135402,0.00023874292693020665,0.0001968204489565821,0.048297294660014,9.855501456363877e-05,0.0001003009985582188,8.620894552635621e-05,0.00036591952756308234,0.019224430795739583,0.0004295697663514042,0.0001551383031843019,0.32237372206705944,0.0005745636103319564,0.03125344814229999,8.948403143004043e-05,0.054985265922567764,6.838846434391724e-05,0.00016601014457821246,0.00010485270678105162,0.00013418829224050093
Z_R_1859_DEU_0274,0.05531714781725608,4.086964208608794e-05,0.13510109517041932,0.0002615740187399248,6.174610285481371e-05,0.00026720087826389416,0.15666965079276599,0.11141842801182197,0.00010594509626876934,4.143164585766809e-05,0.00020691191376581553,0.00011825097831912326,9.748649286321603e-05,0.16678178713880407,4.88149619352396e-05,4.9679759557281725e-05,4.269987085871572e-05,0.00018124240444222832,0.00015413341336214216,0.0002127687960457174,7.68410455639402e-05,0.24047163650966916,0.03190110101068901,0.048267541037871425,4.4322042946364814e-05,0.05182519562316537,3.387326660686715e-05,8.222594176794835e-05,5.193425127058189e-05,6.646436416124873e-05
Z_R_1859_H_0275,0.0004403093652522509,6.40422827364563e-05,0.0025215042099399642,0.05729228295725577,9.675546873086905e-05,0.011428197501587344,0.15925857447099495,0.024128338888677745,0.00016601480863213177,0.03492832897564957,0.011333725352745393,0.00202021409871314,0.012997173020750317,0.10537736959373499,7.64925121546424e-05,0.03127142146507757,6.691023123187326e-05,0.00028400486807970954,0.036939847521629286,0.03519681241850646,0.016634654044985705,0.23919771972889128,0.00044594193549180787,0.13435202502219973,6.94521571744979e-05,0.08304443157065308,5.307903878078708e-05,0.0001288471526098064,8.138040447163445e-05,0.000104148932661253
Z_R_1859_ON_0276,0.00018096867718094244,2.6321600458860908e-05,0.06513968246569621,0.20002003892918344,3.976683343134478e-05,0.0009262443936201637,0.15746296714587044,0.09438240248113328,6.823266249036615e-05,2.6683552215148525e-05,0.00013325912453184875,7.615811752471653e-05,6.278500090302078e-05,0.172271292465151,3.143868795736915e-05,3.199565044402901e-05,2.7500337243488107e-05,0.00011672698639941172,0.001607581543499959,0.0031536587312036403,0.0008036454374269702,0.06588234674082805,0.05900752095141919,0.10197687560268619,2.8545077627479638e-05,0.07636433530642209,2.181566914592416e-05,5.295662687748948e-05,3.3447628662734764e-05,4.280557276522216e-05
Z_R_1860_BCH_0580,0.017053861552946727,0.00018371028184800402,0.11250513014370438,0.04328458263414995,0.000277550606745709,0.0012010760591564772,0.13050244339439832,0.0007872224011948387,0.011003426293722663,0.00018623650586188585,0.0009300753335583317,0.0005315417372642758,0.00043820474479690095,0.0022580053894242402,0.00021942473576432676,0.00022331202732788375,0.00019193721574083176,0.11135028874324358,0.0006928343720581003,0.0009564021972026212,0.00034540283245720026,0.44403171393189744,0.0012792192151265848,0.001156464880960653,0.00019922892851874775,0.1171566290043179,0.0001522613616814231,0.0003696081043623665,0.00023344603601829376,0.00029875933454939015
Z_R_1860_BRE_0582,0.04228257842642606,0.00196755402493496,0.10527729923534132,0.0023258881194689733,0.00010025054415747605,0.002335023849549007,0.04523593860477006,0.0002843426466188318,0.00017201172318087918,6.726813273280541e-05,0.0003359407474907648,0.00019199146789102687,0.007763071823887792,0.02172876750098241,7.925563348574533e-05,8.065971290432286e-05,0.005772922286923028,0.017405049128901035,0.2664180200081059,0.0022466482985473895,0.00012475858840075546,0.3904280804768832,0.004264447308175762,0.06505845621178419,7.196096139041909e-05,0.017601085497443145,5.499640062652078e-05,0.00013350146851341115,8.432009000679843e-05,0.00010791108047601065
Z_R_1860_HAN_0277,0.018194672043206926,2.032751692777607e-05,0.018272842823335564,0.029250929979714114,3.071093572000428e-05,0.06711080729608448,0.2019782205792839,8.710604831281233e-05,0.02043727520397777,2.0607043260700782e-05,0.022817159901277594,5.881501869883753e-05,0.03907039914315723,0.005491597332666114,2.4279316245960052e-05,2.4709444512415944e-05,2.1237826009488297e-05,0.010573644052289641,0.004153578189513099,0.01699590701734878,3.821877498116649e-05,0.4242083339190761,0.000141545426789647,0.08166628594472139,2.2044653005966386e-05,0.011216114788048836,1.6847698320914586e-05,0.02799689363388197,2.583077115308256e-05,3.3057678477726555e-05
Z_R_1860_HLS_0585,0.1239423739399738,0.0001430504293847931,0.013829509133012686,0.013211437885462423,0.00021612145532405816,0.005033875444987124,0.08932298021571522,0.0006129896562099966,0.00037082515869694,0.000145017534471524,0.0007242255277568155,0.00041389775785388185,0.00034121866381716314,0.00995550757264591,0.00017086034789659624,0.00017388728096597549,0.0001494565293267823,0.13179049594880887,0.07431480846627106,0.0048433542577152365,0.00026895622279109297,0.49330660611696975,0.0009960948084143618,0.00499913787813959,0.00015513439685460243,0.01745151059422743,0.00011856197131776109,0.012583690293101897,0.00018177837056623965,0.00023263614132041383
Z_R_1860_SAC_0584,0.06030011697408781,0.00017194465918813912,0.15949125346047877,0.001100480777638575,0.00025977503275421965,0.01097714503069862,0.19604192124726622,0.06478124810232497,0.005372222377187495,0.00017430909259235757,0.0008705091769457742,0.0004974994428117814,0.00041014016603092623,0.07108433122274359,0.00020537180079915364,0.00020901013294005006,0.0001796447036828506,0.22738131176477117,0.0006484621806629315,0.0008951499512741009,0.0003232817004690502,0.12000421361404565,0.0011972923331196187,0.0010823997319015155,0.00018646942277796306,0.06531493748124648,0.00014250986759410236,0.005272432368547739,0.00514499072401777,0.00027962545940064516
Z_R_1861_HW_0587,0.08528860447693418,6.884244710903731e-05,0.1526165971564626,0.0004406056581623782,0.00010400758614469616,0.006367429757758494,0.14358120894236662,0.0022674474855189177,0.00017845812476119873,6.978910856593458e-05,0.024017914615599018,0.006116532634968795,0.0001642101174912416,0.0639645081501168,8.222585918608601e-05,8.368255862157538e-05,7.192535708930249e-05,0.07723078982228207,0.01209432042671167,0.00035839620414040464,0.00012943410671167524,0.18217326893964936,0.06359772391377834,0.0004333664485195382,7.465780813231648e-05,0.1780290548523645,5.705747458912439e-05,0.00013850463958620403,8.748011393668446e-05,0.00011195521274124611
Z_R_1861_HW_0588,0.3656677379034665,0.0002884845071172953,0.21799717348019645,0.0018463594986207145,0.0004358441410121437,0.018417183113964394,0.006557740039361344,0.0012361935549599953,0.0007478293745321096,0.00029245149514965565,0.0014605188206369547,0.0008346922912775529,0.000688123051946467,0.003545798119101442,0.0003445677406269916,0.00035067204453123244,0.0003014034518017448,0.009544879524752638,0.0010879738484232992,0.0015018605038893426,0.0005423940613230068,0.21787121454468525,0.010274340329087864,0.001816023566162856,0.0003128537971260113,0.13438044908629604,0.00023909953997030905,0.0005804041599683259,0.00036658571290497176,0.00046914869710711494
Z_R_1862_LAA_0590,0.11473947472254836,0.00012421353808755484,0.0013316754773685707,0.08620909472360118,0.0001876625658369848,0.025724540054256395,0.1522982634370396,0.03612148064278721,0.0003219948739176764,0.00012592161462855994,0.021982385162166145,0.00035939566997903746,0.0038552079155694734,0.05491053795070945,0.00014836144443871796,0.00015098979073392864,0.03571898559290467,0.02546328975655364,0.0004684517806858997,0.004205581004891316,0.010910302900330503,0.2326073028238691,0.1503396089136548,0.0007819300754052292,0.00013470628781235572,0.032948099122312856,0.00010294972202005741,0.00024990615596936756,0.007275683683181737,0.00020200259673961417
Z_R_1862_SAC_0589,0.2874671818902478,0.003720221907182342,0.03542000865296075,0.002236591820843165,0.0019246085854665873,0.005901790598355654,0.14770701785460327,0.0021016329604571153,0.011134649158391373,6.468555138754257e-05,0.018605112142142045,0.00018462046525900063,0.00015220171473173,0.028207376746284363,7.621282387840426e-05,0.0019057698921616294,6.666557973973629e-05,0.0642702077455667,0.0002406422584520359,0.0003321873076817095,0.00011996881365934976,0.12863070020210216,0.0004443113872495452,0.18870698526823101,0.014694853369475677,0.05531768334442736,5.288495985145393e-05,0.00012837603410426204,8.10828440385267e-05,0.0001037681210677054
Z_R_1863_BAU_0203,0.3058522308032746,1.4440319663650775e-05,0.06718049297199806,0.000506159749561342,2.1816522428310735e-05,0.003818058009357191,0.252708901203609,0.023231249640088856,0.0012786494928626474,0.09641577178504718,0.0004868461899355564,0.00045551994913237706,0.0095504362015333,0.06306578042686413,1.724761017551838e-05,1.7553165924706215e-05,1.508698763492114e-05,0.04598904093374052,5.445938956623741e-05,0.0025576094194572317,0.0004408887305624773,0.0026309402231093583,0.007961588033440574,0.006710722777346371,1.566014370626042e-05,0.019138682460086747,1.1968316160559988e-05,2.9052588257876857e-05,1.8349737153554537e-05,0.08980479621832087
Z_R_1863_DNT_0592,0.0008812904338971838,2.4806267256092717e-05,0.003108904880714128,0.1373316072096768,3.7477458848608e-05,0.04564954775043055,0.382231329715146,0.00010629807475979539,6.430451157315547e-05,2.514738146813753e-05,0.015761869917623243,7.177369856334312e-05,5.917047158696052e-05,0.057164105986340225,2.962876428697044e-05,3.015366247153548e-05,2.5917144223842083e-05,0.00011000701971552588,9.355292705772495e-05,0.002261362643797149,4.663949609545394e-05,0.07346134521051238,0.01794123490772579,0.0001561566212887888,2.6901738956940935e-05,0.1800005417681636,2.0559742180195303e-05,4.990791655535358e-05,0.0007422621646564446,0.08248619451442803
Z_R_1863_FUN_0189,0.0002110509638911498,0.0017897366577015504,0.03990749018189817,0.1585100345414054,4.63772441580733e-05,0.00020069348181591607,0.08777025716526243,0.0001315407158895797,7.957492651091655e-05,0.006187757870054692,0.040613322349681236,8.881782395776688e-05,7.32217042468644e-05,0.028521935003875797,3.666471734355244e-05,3.731426328427479e-05,3.207169756104654e-05,0.014208447524920115,0.00011576897348843817,0.01862972596175044,0.0009372348123321983,0.38642489573859445,0.00021375079149432165,0.11804889489823421,0.0009128099230769447,0.02133529512389042,0.001784481708825112,0.0035798388419237565,0.05017163727012241,0.019399357122808835
Z_R_1863_HLS_0591,0.1701612294339527,3.258874155826234e-05,0.06944471301766333,0.06276786328829541,4.9235268171099854e-05,0.0030142235129631246,0.08664310402586171,0.00013964698722001358,0.05237283949487396,3.303687358810042e-05,0.010435915958469434,9.429127280675103e-05,0.02622191439251978,0.03494821908421195,3.892420137502141e-05,3.9613775953276014e-05,3.404813413963181e-05,0.05616776316685657,0.05241126402055431,0.03471732503943652,6.127171286881232e-05,0.26457811599414516,0.00022692330542835318,0.00767491348064653,3.5341625940124445e-05,0.055330320253072086,2.7009953472557457e-05,0.012203934987883561,4.141146842230286e-05,5.299752764956249e-05
Z_R_1863_HOL_0281,0.14000286619785252,4.5564946816265425e-05,0.09317972110323293,0.03815142140231589,6.883979768565053e-05,0.0002978982243521562,0.13550332120169034,0.0015007619343151068,0.00011811658802301676,0.10709802983535957,0.0015361931916198861,0.0001318362300979465,0.00010868621881395744,0.009698615859897735,5.4423063939049046e-05,0.08230253128812186,4.7605441237790374e-05,0.04458941201558383,0.00017184101509041906,0.00023721271783008974,0.0013911791447760217,0.25243207366019127,0.015983402448286596,0.012036425497927519,4.941397640295938e-05,0.0630011689157746,3.7764793442134585e-05,9.167246083736215e-05,5.79007125166909e-05,7.410011596884236e-05
Z_R_1863_SOR_0282,0.006103702918061451,9.510501290990914e-05,0.13181548460303996,0.16682845232925098,0.00014368522965711494,0.0006217853076202258,0.11660829031475435,0.003132451437138247,0.0002465377535521096,9.641281432982278e-05,0.0004814908872571317,0.00027517394930839977,0.00022685430282869877,0.04749248719190207,0.00011359403577033068,0.0001156064485249012,9.93640159783041e-05,0.0004217570875221491,0.0003586735659876205,0.0004951200466138145,0.0001788116620883521,0.417889941473629,0.0006622392538152839,0.0005986905377708691,0.00010313886423885389,0.10424946474141582,7.88242150778096e-05,0.00019134249418915596,0.00012085272553038742,0.0001546647802368734
Z_R_1864_BUD_0283,0.13523178872672176,0.0001302391804090404,0.07229601917255148,0.0978542590716053,0.00019676614276004805,0.0008514883324978103,0.08132343107964385,0.1834047991006927,0.00033761495824545827,0.0001320301163424457,0.004390931103975338,0.00037683008004839617,0.00031065994913077405,0.0016007855865199864,0.00015555851017125128,0.00015831435846757862,0.00013607156560111003,0.015503826512326577,0.004222741996243159,0.0006780297599681036,0.0002448691567922474,0.11328637377504787,0.004638452432247549,0.2732241400137575,0.00014124093710509385,0.0009623338752525776,0.007571074759737593,0.00026202919129219486,0.00016549874125127654,0.00021180181359394952
Z_R_1864_ECK_0191,0.04729139293107392,8.154982113805538e-05,0.1106914621211535,0.175762113441836,0.07021927716632795,0.0005331630696557843,0.06727676494480854,0.005022522981304168,0.00021139905343367797,8.267122335035601e-05,0.0050859360410747045,0.00023595377006267374,0.00019452105892255338,0.038386910065448705,9.740362801060244e-05,9.912921423544871e-05,8.520179412903796e-05,0.0798038586368738,0.00030755229675376425,0.00042455124086330137,0.00015332587225992778,0.2765498907829097,0.0029043868751258573,0.0005133599668243525,8.843861825693902e-05,0.061352497856953285,6.758950389957023e-05,0.004837142114926966,0.00010362774631433473,0.0515364061620725
Z_R_1864_GOR_0287,0.00611331910257996,6.585485474213288e-05,0.0893879355889988,0.00042148445959347934,0.03028908205395542,0.03062013937914908,0.022252333910520526,0.04179288029290011,0.0001707134824113389,6.676043342726017e-05,0.04750463673875432,0.0039642409496127105,0.09261269748365805,0.03099901815946183,0.009512903753645587,0.001966900200804901,6.880397403494173e-05,0.00029204298370209527,0.0077957582399053055,0.007890239728175805,0.00012381698580055453,0.3591786258581875,0.004232261831205634,0.1513625001160781,7.141784344377706e-05,0.06086577606885287,5.458132095549022e-05,0.0001324938799257696,8.368369280948054e-05,0.00010709663270717001
Z_R_1864_G_0187,0.035299510132261944,3.59820580966096e-05,0.22616266833224238,0.048684697800415344,5.436191135418397e-05,0.0043590256087250746,0.20597594693153967,0.07747504733090105,0.0011242199588901265,3.64768520641446e-05,0.0001821674015720479,0.00835166774272061,0.015550000030937506,0.008689818197930854,4.297720035418365e-05,0.027879248012262218,3.759341054956383e-05,0.11562538461440564,0.00425947983628201,0.00018732386166574096,6.765165596170209e-05,0.11377397520828113,0.0012814965847551217,0.008474067102387389,3.902158773246011e-05,0.027070435121173225,0.0010607671702270647,0.006258061337955748,0.0010766682490298315,0.060884258757325414
Z_R_1864_HW_0284,0.029276138086588844,0.0001950007469569154,0.03002602606205819,0.034770585745868436,0.0002946083098306802,0.0012748917824934795,0.17204540288992706,0.012009783949183298,0.04520221610232737,0.0001976822276270884,0.0009872358963562682,0.0005642092253228799,0.0004651359286801322,0.030332228966588628,0.00023291013951123822,0.00023703633621023458,0.0002037332916905514,0.0008647593285024748,0.006322504801455232,0.0010151807561867966,0.00036663059711548824,0.4769081018598591,0.0013578374599507116,0.05709844108896934,0.00021147313849708633,0.06289884780344085,0.03368416035816698,0.00039232347643787627,0.00024779316072990313,0.00031712048346691396
Z_R_1864_H_0593,0.14882436137710522,5.080470577653609e-05,0.010734135134943862,0.0003251604463008417,7.675605726565392e-05,0.00033215514769702724,0.11615026963201545,0.001673342642557119,0.004498613104786384,5.1503327902961624e-05,0.00025721044677586236,0.00014699678917265668,0.00012118463324610331,0.058849962187519235,0.0015163193499976523,6.175648815422132e-05,5.307984765571484e-05,0.00022530089724112772,0.04240510058888344,0.0002644910875108961,9.55204526434126e-05,0.4386694906634076,0.026555247398876627,0.01633183474570045,5.509635603272301e-05,0.12119333904194936,4.2107570700695064e-05,0.001557852255926485,0.008798386334338262,8.262128791644652e-05
Z_R_1864_KMM_0164,0.16133497263337576,8.7539909441227e-06,0.04172933167963051,0.1455293960748633,0.0022705709597525187,0.01585865019614848,0.18981600468285353,0.0007899604464299271,2.2692697219061696e-05,0.15200346309980495,0.018604714405669753,0.0005269608369666278,2.088092364257264e-05,0.040488997002649595,1.0455822779623603e-05,1.064105637026551e-05,0.0005107783191668944,0.029635126909636465,0.0017887273682217137,0.002553735115377108,1.645881350237291e-05,0.01890123956187702,0.006582176139077341,0.12997787405111305,9.493471015973707e-06,0.00432855761000222,7.25541634300993e-06,1.7612220535046053e-05,1.1123952697085738e-05,0.0366333945423341
Z_R_1864_ON_0285,0.00032124056782298897,4.672391934964516e-05,0.046017287585867137,0.015024926078492032,7.059078041021735e-05,0.0003054754494756473,0.08406254783874442,0.00020021805863916747,0.0014598376376751252,4.7366426050393736e-05,0.00023655053183266325,0.014861073060952468,0.00011145071984300967,0.04073578980919222,0.06431420805362784,5.6796021701749735e-05,4.88163150056563e-05,0.00020720405307334664,0.00017621189732585697,0.00024324636965551645,0.022846031546432832,0.22940107220066375,0.00969636674363271,0.1810208812581796,5.0670851378519775e-05,0.07129722592228242,0.012087175496539933,9.400420643571113e-05,0.16338280857929308,0.04157620202042435
Z_R_1864_ON_0286,0.07738976259497693,9.915796706855596e-05,0.11754561123518537,0.05745538867690313,0.0001498084573530785,0.046104889063702185,0.12157761885700027,0.028835283522157678,0.0002570440999890634,0.05123920327586381,0.0005020098949745053,0.0002869006434970354,0.03148793846790906,0.10065508829090564,0.00011843491014263065,0.00012053308301008057,0.00010359846997244427,0.0004397305054263232,0.04014848891297249,0.0005162198687005196,0.005868507575400945,0.14591269536201962,0.0859215972469896,0.003465241951552169,0.00010753418553628068,0.08312277402290462,8.218335378697845e-05,0.0001994966632894158,0.00012600293309080458,0.0001612559077187763
Z_R_1864_ON_0288,0.16298162893185264,0.00011791859377877321,0.03842835383533576,0.004133263479334906,0.00017815212584006433,0.0007709377966893647,0.15471571148432367,0.0005052964788157456,0.0003056766864621657,0.0001195401077206743,0.0005969898600028385,0.00034118206973732614,0.02393119514513877,0.06564200134699846,0.0001408427226899354,0.00014333786858036508,0.00012319923711563236,0.0005229272480510967,0.007201832399610417,0.014128130370449998,0.0002217046094581493,0.3796114788438724,0.027849579783100233,0.007499424113545944,0.0001278795876565017,0.10222811252289174,9.773239404841547e-05,0.00023724130994316387,0.00014984261095022172,0.006948886436004575
Z_R_1864_ON_0289,0.06084817219058015,0.0002933336364319814,0.06197620564785526,0.0018773949121327841,0.0004431702349571362,0.001917780564700554,0.2840160819850482,0.1189198085416216,0.0007603996209507591,0.008701855579629367,0.0014850686472414102,0.0008487226144266945,0.0006996896961889883,0.01200988763068669,0.0003503595716984957,0.0003565664827039067,0.0003064697353546607,0.0013008309066844502,0.04312870294610773,0.0015271052418780553,0.0005515111503797291,0.3307917542445501,0.018851529748885106,0.00184654906369767,0.0003181125492649529,0.0021674345170397346,0.00024311855853038225,0.0005901601598817764,0.00037274764355613784,0.04249947597733557
Z_R_1864_ON_0290,0.07883414083095343,0.004528590664210591,0.12500131775572793,0.047389602919715855,0.033729818619593045,0.00250081390601616,0.20291427572459825,0.10005741441328313,0.00010154550169722997,3.971110898880811e-05,0.00019831945819541786,0.00011334035592493327,9.343815971798627e-05,0.12394047432912321,4.678781722440422e-05,4.761670229308225e-05,4.0926668259901185e-05,0.00017371592962838812,0.00014773269683439843,0.006938060451924783,0.0011960046135050593,0.0722335500786875,0.0002727672184214108,0.1281950116654118,4.248147621497337e-05,0.07099778112896842,3.246660744912934e-05,7.881133533704535e-05,4.977757146175559e-05,6.370429063200465e-05
Z_R_1864_SIE_0120,0.000316996877741263,4.610668151300707e-05,0.012383589375046848,0.004258187560383831,0.14934625257830628,0.04785858511617163,0.1371143589784859,0.0001975731143988197,0.005403648142679437,4.6740700495869064e-05,0.11384216112771135,0.00013340366877881812,0.15599173178585204,0.004529798247586351,5.507011532610887e-05,5.60457281892877e-05,4.8171435956849285e-05,0.00020446682162440555,0.0014949158902943188,0.12177495936047836,0.052927959790981735,0.037463062498565534,0.030704783585622345,0.0002902437327462507,5.0001473314332936e-05,0.00034068105585505193,3.821378988243291e-05,9.276238096766638e-05,5.858911066324942e-05,0.12293093927438067
Z_R_1864_SIE_0121,0.0004277511652048794,6.221571291631633e-05,0.0024495876058709715,0.021789175959188983,9.399587598111379e-05,0.1911430217894918,0.02637041476283898,0.00026660240472851584,0.00016127984875583201,6.307124928820005e-05,0.08944407606106289,0.010875504423459447,0.00014840334643549435,0.006112446571570331,7.431084547759212e-05,0.0018582092194644377,6.50018637626863e-05,0.0002759046771021021,0.10362438669964595,0.11797430230199277,0.01794279381034135,0.036291478818647284,0.11630104630100287,0.021782633591684725,6.74712906466666e-05,0.005807455951586463,0.04283353064938545,0.1231233230592176,7.905932870095375e-05,0.06249154481454734
Z_T_1853_BEC_0560,0.42540439012188563,1.4524450257785188e-05,0.061329653830841956,9.295943468049764e-05,2.1943627439598033e-05,0.002175705369424735,0.1255910885883618,0.005888328610512545,3.765127860847625e-05,1.4724177865083767e-05,7.353335252861748e-05,4.2024602244197033e-05,3.464521938839534e-05,0.19077487684466424,1.7348096295304057e-05,1.7655432239620475e-05,1.5174885774504536e-05,0.0420954847316101,0.000887075168563255,0.0021563610338677886,2.7308140886057998e-05,0.048422685470895274,0.00218188350148385,0.006333670801701114,1.5751381104387718e-05,0.08625021488076565,1.203804464114972e-05,2.9221851235997086e-05,1.8456644363706182e-05,2.3620425868715564e-05
Z_T_1853_DEI_0897,0.2551804903370304,6.4017102642142816e-06,0.04647375662329502,0.00040781117854171413,9.671742649183748e-06,4.1853623317423474e-05,0.004180749929708447,0.00406266040354601,0.004051823197701716,0.002024103863113718,3.241012288173997e-05,1.8522513607149947e-05,1.5270020732506974e-05,0.5396987521268207,7.646243688892686e-06,7.781703250829485e-06,6.688392351982795e-06,2.838932032692411e-05,0.05596708006304449,0.0005835859260264694,0.02238921098239445,0.033448179429327436,0.000227996125684523,0.020216440288750633,6.9424850030011434e-06,0.010869050541675526,5.305816920610205e-06,1.2879649258776927e-05,8.134840738826536e-06,1.0410798346589327e-05
Z_T_1853_EIC_0261,0.4707404946407201,2.8169872235712626e-05,0.1980446647479249,0.000180292909650751,4.255921362877213e-05,0.00018417128748299716,0.08861565446838197,0.024334098448339628,0.0008801367759938385,2.8557239817940383e-05,0.014670648557085584,8.150585082152311e-05,6.719368970444958e-05,0.05926548075300159,3.364627559033515e-05,3.424234732669536e-05,2.9431378528780945e-05,0.049358810093570536,0.00010623823307578755,0.00014665334694463858,5.2963577009929346e-05,0.02127464084255971,0.030866443707679755,0.000177330673134037,3.054947935181138e-05,0.04056379126046685,2.3347539734058278e-05,5.667517883286578e-05,3.579628174545938e-05,4.581132965897893e-05
Z_T_1853_KAP_0553,0.2119905261182097,6.27961900186581e-06,0.027055525596775924,0.008136651649727936,9.487286430390264e-06,0.03854422459699771,0.062395533916865795,0.10114270844899674,1.627846014120915e-05,6.3659708606783034e-06,0.0014711628188441906,1.8169258465191214e-05,1.4978796039358833e-05,0.3559616165578696,7.5004171041721235e-06,7.633293226960404e-06,6.560833585398149e-06,0.01370187059243169,0.0005634466473804115,0.0054303324585982275,1.1806623821910344e-05,6.458106686429257e-05,0.04268508678225151,0.10421399293726173,6.810080266943352e-06,0.026494838589985793,5.204626167062928e-06,1.2634012925405217e-05,7.979695795707339e-06,1.0212247106415936e-05
Z_T_1853_LWF_0895,0.06718862393794399,1.1101208443749512e-05,0.15883483269033827,0.0013433210791017449,1.6771772968714445e-05,0.0003906461576872059,0.16214884516690486,4.757011899030985e-05,2.8777315808035155e-05,1.1253862606987425e-05,5.620240762987581e-05,3.2119898584694136e-05,2.647974933191422e-05,0.39326821250135763,1.3259354375438924e-05,0.00033156202686479113,1.1598343971922024e-05,0.045850989101161865,0.017217526146248118,5.77932821201084e-05,2.08719337948723e-05,0.12924968285217217,7.730040479780668e-05,6.988263026041218e-05,1.2038966144210508e-05,0.023619041665404693,9.200819338751546e-06,2.2334605160643785e-05,1.4106630723860557e-05,1.8053369762356118e-05
Z_T_1853_LWF_0896,0.052408826554180186,1.1003214938062314e-05,0.13567980596142093,7.042281271623514e-05,1.662372378667071e-05,7.19377157495943e-05,0.21178964731677238,4.715020410001317e-05,2.8523290304903127e-05,1.1154521579839908e-05,0.018971312164234855,0.00034709646501077427,2.6246005097680557e-05,0.31161221852959436,1.3142310305418807e-05,0.0003286352351078516,1.1495962110367613e-05,0.08674532227513594,0.006346698847890355,5.728312447836919e-05,2.0687691333937136e-05,0.08208078507113803,0.0016529185415310658,0.0003845258543769609,1.1932694786159853e-05,0.08173366780928511,9.119601105009933e-06,0.009479940386859901,1.3982107505954116e-05,1.7894007563056398e-05
Z_T_1854_KEL_0735,0.0007919941110676008,0.00011519425837681604,0.001234981076748143,0.0007372666742693576,0.00017403618341057291,0.16577831847136218,0.24025483659472258,0.10610974526437508,0.0002986144769174675,0.00011677830962776123,0.0005831972887204292,0.00033329956061546335,0.00027477324669201357,0.054223928080491965,0.00013758875905929633,0.00014002625827955713,0.006721360582499859,0.046717899560215825,0.23807071355062612,0.0005997053660168358,0.00021658245105235044,0.0011846846282243164,0.07671371388479953,0.007326160966894492,0.0001249251181646597,0.010752678865849415,9.547443105469415e-05,0.03983780629258898,0.00014638071815917258,0.00018733496911752732
Z_T_1856_GIE_1050,0.22634007514947724,5.3188215607418265e-06,0.10231268090420892,0.0059773659577803855,8.03570783576201e-06,3.4773825260459715e-05,0.12401636098003514,0.02151019550722655,1.378781495326615e-05,0.15681772084680184,0.0317246579825204,1.5389316396207548e-05,1.268700271535972e-05,0.0768714129196418,6.352834494636423e-06,0.013569436488890326,5.5570096083992435e-06,0.1498258410224132,2.0059097177666683e-05,2.768997236328298e-05,1.00001807951862e-05,0.027028249285323734,0.015123936690259833,0.023197208170729403,5.768120923170424e-06,0.025488920577933692,4.408305323101661e-06,1.070097729278961e-05,6.758782345514671e-06,8.649747711937558e-06
Z_T_1856_LWF_0852,0.05660127878369798,0.0011490233519967298,0.13685847731048742,0.00012613328676991565,2.977451252929878e-05,0.006340082693859579,0.1241080531982271,8.44500522717116e-05,5.108765493572064e-05,1.9978703135309482e-05,0.0034877216962030623,5.702165922671001e-05,4.700884216155732e-05,0.3955027079382108,2.3539002925829585e-05,2.395601592652609e-05,2.0590252357653943e-05,0.16553213969715086,0.0012036401362317465,0.003490545936224098,3.705342633991987e-05,0.026176938580754608,0.0012665451432200025,0.000124060900070035,2.137247797053117e-05,0.07750374183909663,1.6333986346732112e-05,3.965007053416499e-05,2.5043151610582027e-05,3.2049699527177514e-05
Z_T_1857_EIS_0863,0.153031697590192,1.617343849917804e-05,0.00017339310807572948,0.0014936996627355236,2.443492886438053e-05,0.009373649145205545,0.1829454592409549,0.1043332828866174,4.1925899306461354e-05,1.6395841558564068e-05,0.026032027269655058,4.6795734625799464e-05,0.03062267865354482,0.1521924992703111,1.9317658398776713e-05,1.9659886772709424e-05,1.6897719187302733e-05,0.03482638267933716,0.000987786486116106,0.017693226819017208,3.040848564377248e-05,0.037237967896077265,0.05618346974983502,0.1831430176836552,1.7539665119675034e-05,0.009387414231587553,1.3404746561725208e-05,3.253946314038309e-05,2.0552062020908594e-05,2.6302097382811338e-05
Z_T_1857_HOR_0861,0.012635433190508598,2.0762851583180517e-05,0.0014123748345059898,0.00013288647152018645,3.136864195467712e-05,0.009059089730009438,0.23842783244256716,0.06136260488747133,5.3822891454755785e-05,2.104836425965386e-05,0.017951806018677175,0.017311874290468123,4.952569876731917e-05,0.20787168462802016,0.017276598970472193,0.004784355777883782,2.1692655868945788e-05,9.207590162121165e-05,0.28324577455867966,0.014980333246678709,3.903726930565881e-05,0.024009115785879095,0.03345839685414899,0.044152536815025026,2.2516761894324986e-05,0.01086142976300741,1.720850908638843e-05,4.1772938006626276e-05,2.6383963650656763e-05,0.0006286552870235802
Z_T_1858_UD_0218,0.013564924752653385,0.02051018554971107,0.0003314483476135803,0.027550366531705426,1.2718376636851836e-05,5.503766635197232e-05,0.2671967306756943,0.36448513640450436,0.001469005996535576,0.0033852957021938347,0.013067271581825409,2.4357172524315222e-05,0.001708460967224825,0.09175842959974678,0.0130347069909354,0.0019398110646849805,8.795260183513633e-06,0.02632783362675398,3.1748186732897084e-05,4.382582154280819e-05,1.5827612002487617e-05,0.0008101672615621257,0.07169420530975804,0.04515688143070227,9.12939294050756e-06,0.03575939718073195,6.977168480407934e-06,1.6936785454842435e-05,1.0697345054557844e-05,1.369023755749044e-05
Z_T_1858_WOL_0109,0.21050556534572648,3.650900079683332e-05,0.086166897977294,0.005463877846840116,5.515801957793773e-05,0.00023869152210588521,0.23828157322405635,0.03153772272045867,9.464114209636636e-05,3.7011040822073175e-05,0.00018483516955295054,0.00010563403155294034,8.708504072843771e-05,0.0705335883372306,4.3606584085983676e-05,4.4379110965610625e-05,0.0010841865146418669,0.00016190450296245016,0.0001376879420525342,0.0001900671439209542,6.864238712475429e-05,0.011881935283478074,0.00025422102059057076,0.28056923297517894,3.95930431159057e-05,0.05257189223504835,3.0259112985049288e-05,0.009487835808683485,4.6393056661145544e-05,5.937285966470573e-05
Z_T_1859_BAL_0209,0.017699905571149414,2.112733615445245e-05,0.01354382304476947,0.00013521924688130837,3.19193074530278e-05,0.0013487934674724974,0.2989092926131441,0.0824157837450959,5.476773342108733e-05,0.019392065006220902,0.0013176274196595084,0.030933098079148444,5.039510502444293e-05,0.3162433602129589,2.5234625446442883e-05,0.000631014401100466,2.207346282807019e-05,0.003725688601499863,0.10298624137775815,0.015848640461650396,3.972255486527944e-05,0.0020332766239402836,0.028597752756584712,0.00013299757664674236,2.2912035745443467e-05,0.06190004710632073,1.751059842279068e-05,4.250624727000549e-05,2.684712487112486e-05,0.0018503565564960327
Z_T_1861_BAR_0224,0.14613596038021395,3.243730463989263e-05,0.0003477556778910128,0.02158338701623861,0.0381536607604612,0.05225745271620748,0.17546113533437216,0.030808597850014552,8.408621136280114e-05,3.288335424094161e-05,0.0075992757706404455,0.002881998545259186,0.005653663681220873,0.058949744995344965,3.8743324151036035e-05,3.942969433893607e-05,3.388991555665505e-05,0.010367047900807592,0.00012233218176667605,0.0010982515621384857,6.098698879121952e-05,0.03843824709271589,0.05134186846287218,0.28552441058608147,3.517739661838218e-05,0.011392260131700416,0.035343393289356644,6.526085833614201e-05,0.02606390976370201,5.275125295822118e-05
Z_T_1861_SCH_0586,0.23268220364593473,1.492187272802657e-05,0.0634353107114272,9.550301929177499e-05,2.254405571525185e-05,9.755743614960539e-05,0.2846506728866824,0.017165384177538233,0.0004662175548665015,1.5127065343477554e-05,0.010763946654844127,4.317449232185062e-05,3.5593192525210654e-05,0.09338626553860875,1.7822780235921336e-05,1.813852560076771e-05,1.5590105661185054e-05,0.14671103851574158,5.6275491047402724e-05,7.768379494006823e-05,2.8055354626751533e-05,0.0005809960708464704,0.0013865127673720764,0.003941758345613472,1.6182375233398822e-05,0.1441899063113242,1.2367433317020422e-05,3.0021428507227114e-05,1.89616607371458e-05,2.4266735218142865e-05
Z_T_1863_CAU_0278,0.28099596566628,3.0914539853690616e-05,0.167738579317422,0.00019785934043640803,4.67058740934018e-05,0.00020211559921739895,0.11762201835329868,0.00013247281562384845,0.016023676794050604,0.0009170917607326341,0.00015651193105246458,8.944718855829756e-05,7.37405544797345e-05,0.10578447557528346,3.6924524149846946e-05,3.757867278407486e-05,3.229895815159474e-05,0.0045658556028727445,0.0010023414254045065,0.00016094218322543468,0.0009438760740405167,0.13760950954758178,0.001986769655242317,0.10382760547385506,3.352599859270111e-05,0.03831576749473267,0.02128367301867618,6.219719635513457e-05,3.928401127893675e-05,5.027485267390089e-05
Z_T_1863_HOL_0280,0.39695244910649613,1.1879581949325329e-05,0.11755481800602156,7.603173976639875e-05,0.0006986866354863604,7.766729944885287e-05,0.17181624351965924,0.046681519591519297,0.0003711645146824108,0.010563495751832724,0.004825315339358452,3.437202079164044e-05,2.8336406237213208e-05,0.15024893887449903,1.4189048669459092e-05,0.03983766554939339,1.2411574684780332e-05,0.009583026218916123,4.480197089340529e-05,0.001423323304222827,2.2335392512757057e-05,0.005227714075624655,0.009953434329252503,7.478252815623834e-05,1.2883091567911916e-05,0.03378435302821542,9.84594496080994e-06,2.3900620698738682e-05,1.5095732735955214e-05,1.9319201746377067e-05
Z_T_1863_MHL_0526,0.4412210204094857,3.781432891656929e-05,0.07624636638267661,0.00024201939326567692,5.713011720900393e-05,0.00024722560271469814,0.04419727750044415,0.00016203930727133947,9.802490339812814e-05,3.833431867880209e-05,0.00019144369180959249,0.00010941082819973023,0.056429200770563195,0.00154822285859171,0.1094728428832715,0.0032962928695870124,3.950773432136667e-05,0.2146892781909207,0.00014261078131373188,0.005614074471000604,7.109659940567532e-05,0.004722660775079034,0.016514945565389554,0.002404927679569448,4.1008636843400786e-05,0.006780063172332421,3.134098513152223e-05,7.60789341129632e-05,4.805177533595381e-05,0.015229688533160236
Z_T_1863_WOL_0279,0.04326105602551273,0.05950682252046639,0.018985835956638157,0.008359128552373689,0.0014452955515396515,0.0146534379580387,0.14525048614682073,4.278042839809606e-05,2.587981540819406e-05,0.4279296939769852,0.020073518241446046,0.006893905735107479,0.004886536006998367,0.004699387865974678,1.192431031292974e-05,0.008307367928174611,1.0430541994826053e-05,0.08814536172660052,0.022348965698697643,0.000624059243278355,0.0003048128977406367,0.02069773192179451,0.012941429558559363,0.03095543587214433,1.0826799260779937e-05,0.03325469700959411,0.02374980154130374,0.0025944682609806502,1.2686276982898245e-05,1.6235630871979826e-05
Z_T_1864_HEG_0210,2.71358149199381e-05,3.9468602499318315e-06,0.010106789644644013,0.049895304329211417,5.96294037595263e-06,0.36947122929821974,0.10819802197768424,0.0009215848015554903,0.007473775265814714,4.001134039305596e-06,0.00013306588217186434,0.009849727650565198,0.010752394377238931,0.19873709782940163,4.714155129088253e-06,0.0027188136496880096,0.002605055589218232,0.002505350910052091,0.06356809247855172,0.02908313527268519,0.0015905966761129123,4.0590431621589147e-05,0.08110871032851094,2.484567125579934e-05,4.280265267121733e-06,0.03598987497329978,0.002717287186143616,0.012447180623467849,5.0153909231225145e-06,6.418591980631078e-06
Z_T_1864_JTT_0722,0.0013338752005254866,0.00042606373841833154,0.00015404776391399994,0.0009153539085709443,2.170874145304254e-05,0.04908561898389268,0.10572048942625899,6.157294258498784e-05,3.7248256922778625e-05,1.4566569326861062e-05,0.09723270932404574,0.011157333255870362,3.427437475216214e-05,0.0273484649547774,1.7162401166984983e-05,1.7466447367767274e-05,1.5012452830096296e-05,6.372134137138288e-05,5.419034182321387e-05,0.011602258660378707,0.002085489626814358,0.00014777393869206805,0.04332800436160826,0.03302603410791476,0.06135810183877531,0.0013412562885020075,0.5125718838968006,0.022260426033971624,0.018544523229344162,2.3367591324914373e-05
Z_T_1864_ON_0211,0.07952860029940638,1.3724829418190876e-05,0.004866007551726542,8.784169873261971e-05,0.005132839987332546,0.05868231287444079,0.2154136134934847,0.14595040838580314,3.557844648895615e-05,0.000800391166243107,6.948508908018843e-05,0.01498278549689851,0.0114366631523118,0.18538416950134798,1.6393024049621053e-05,1.6683440095320303e-05,1.4339456227196671e-05,0.09325846094470869,0.05235252175725673,0.07006795878211769,0.0004190435364533257,0.0009276269526778913,0.06026110608894044,8.639844792381082e-05,1.4884213510439755e-05,0.0001014124032392283,1.1375308964949486e-05,2.7613088026022684e-05,1.7440542741939823e-05,2.2320040351226266e-05
A_L_1865_BEE_0913,0.0068187178990391055,1.3047562767769132e-05,0.0001398810439246814,0.0004573410600835871,0.0026365503761549536,0.041207044036967136,0.2989899636202339,0.04416832316207143,3.382278931125399e-05,0.03702279353706763,0.019131590557908328,0.004897593493890747,3.1122394758516014e-05,0.10632922677260348,1.5584092430139153e-05,1.586017757987559e-05,1.363186014771528e-05,5.7861325116579465e-05,0.22846178425524494,0.01464745229013645,0.0022675354049760893,0.0633121311279176,0.05093227810485963,0.04606371771269268,1.4149735789717279e-05,0.03224613258040142,1.0813981959311604e-05,2.625049013388434e-05,1.657992017210916e-05,2.1218633659357467e-05
A_L_1865_STO_0931,0.17049317855340812,7.254653496221851e-06,0.033542863184546565,0.0006700043086768705,1.0960374451290575e-05,4.743006512284968e-05,0.2512569925258818,0.0002389448155767235,0.2789638176377086,0.006243084926432732,3.67283431415734e-05,2.099039359061335e-05,0.001264450651703941,0.08447938744001107,8.665004541157227e-06,0.0002166761960733556,7.579532180900855e-06,0.09065812194774012,2.7359782201589267e-05,3.77679815954495e-05,1.3639834640087037e-05,0.038528280047465405,0.009819827047903674,0.009814979523036938,7.867479317368268e-06,0.023541522710271424,6.0127468574434455e-06,1.459569219300888e-05,9.21870068644526e-06,1.1797899546585423e-05
A_L_1866_DEI_0919,0.03313915088479011,9.782000643906722e-06,0.01832244168135705,0.03425558481810418,1.477870583285878e-05,0.0042680082365924524,0.10952778295031972,0.04292327482964218,0.005070223184914848,9.916514208862713e-06,0.00032979392799876176,2.830294289398771e-05,2.3333038590147037e-05,0.6539908689114157,1.1683684140834207e-05,1.189067031599684e-05,1.0220059264401367e-05,0.010413381244556668,0.000877702208660214,0.003414169180034092,1.8391625637475163e-05,0.002623033181919314,0.030897848726155676,0.04966942332264889,1.0608320271739929e-05,7.227894522837872e-05,8.107443541141012e-06,1.968048101878787e-05,1.2430274733004729e-05,1.590800456859149e-05
A_L_1867_LEC_0926,0.14816606574162364,3.110741405737735e-05,0.03152823764248025,0.01980721576500244,4.699726960877715e-05,0.01892022030606714,0.12013841254299579,0.08926112653593006,0.0009719170498492998,3.1535176159808456e-05,0.00015748840083697647,9.000524490805556e-05,7.420061795769694e-05,0.3105471837627879,3.715489433247359e-05,3.781312416595327e-05,3.250046966892229e-05,0.00013795037666009362,0.10885326592880748,0.003727059382294887,5.848659540311845e-05,0.005667585537353712,0.07508398333565737,0.06436785824242677,3.3735165551419336e-05,0.0020124084080953624,2.578221085460481e-05,6.258524142309674e-05,3.952910217884678e-05,5.058851486071778e-05
A_L_1870_MAR_0928,0.2173551443717861,3.922023237873931e-06,0.08600691672250618,0.002834411199572182,5.9254164676711954e-06,0.00036275885771324393,0.15179186469778094,0.02485110194706834,1.0166938301775515e-05,0.0013524444931442324,1.985613997482829e-05,1.1347862648075402e-05,9.355215041594765e-06,0.11253295657999252,4.68448964301334e-06,0.0006790017480974244,4.097659710582731e-06,0.017547483775090838,0.007880857762110824,2.041819110204103e-05,7.3739908387132755e-06,0.28299398315305363,0.013961484887407925,0.041939586366505514,4.253330186242608e-06,0.03778609878076129,3.2506215370076567e-06,7.890748191302088e-06,4.983829804424473e-06,6.378200723702122e-06
EM_UM_1875_GUD_1047,3.7506312726951185e-06,5.455232328945058e-07,0.0033506968384199864,0.0012695321948654641,0.0032362616143639823,0.12726410565892066,0.11379976551261853,6.485816799198195e-05,0.000939222094878633,5.530247939242187e-07,0.08059172518200342,0.002064755894817384,0.014318502639613852,0.017934467108933892,6.515764388746365e-07,6.631196570310903e-07,0.1112245930655766,6.493973268779005e-05,2.0573548889238515e-06,0.3488830283068311,0.002423696208131751,6.813081833527681e-05,0.15802443853024062,0.007240185457745778,0.0028609058592188397,4.030856805938896e-06,4.5213642608252306e-07,0.0008138644340880725,0.003548733297591342,8.871586086599066e-07
EM_UM_1875_GUD_1048,0.0016225736374385156,5.539037795159605e-07,0.003608484822310667,0.0095415646837285,0.0009371815260915944,0.18082923728640965,0.10497841737118362,0.0001293355407592324,1.435867461741964e-06,5.615205825338279e-07,0.058119655724366844,0.006476664198192383,0.19741134725470372,0.011306425313094356,6.615862173664837e-07,6.733067670683027e-07,5.787087590262282e-07,3.419686510433699e-05,6.556995638642856e-05,0.29458644366332204,0.00100086710252112,5.330722238565925e-05,0.07392747632713371,0.02907778282916636,0.0020954735483246817,1.996302934100168e-05,4.590823271359715e-07,0.004619356832142629,0.01955285050250369,9.007874948964292e-07
EM_UM_1875_GUD_1049,5.138311629901646e-05,5.535172634194405e-07,0.0028447264285441495,0.0026837431268081245,0.008279325387266431,0.09844151543969368,0.12801198040609524,1.8231067892514865e-05,1.4348655081410736e-06,5.61128751404121e-07,0.159530239393971,0.001143462099660162,0.003664789634222533,0.00712757273371373,6.61124560068403e-07,6.728369311274914e-07,4.8155828669737534e-05,0.00016104639903480975,2.0875031150505678e-06,0.2325618176510252,1.0406953202391498e-06,0.00041803103971753636,0.06413835627072846,0.017099674612991635,0.002236743890375703,4.089924487029845e-06,4.587619777980034e-07,3.2831974722454244e-05,0.27147805380715295,1.6759333500670896e-05
M_X_1872_LAA_0941,0.09435788278320602,1.2151252167856686e-06,0.07040961261143178,0.09334766109119917,0.005537472358187738,0.017102268501744382,0.14642605989371252,0.0004229908590479906,0.00014241122772963986,1.2318345619112566e-06,0.008396644969267822,3.515806313215896e-06,0.0062696567889834265,0.04879120438401848,1.4513533316244405e-06,0.3548392607891719,0.001950927693416043,0.0050536106520354535,0.0067239402139361686,0.0040449035859261104,0.000768221748591609,0.026054359094474813,0.012019748042686596,0.07311982998284237,1.3177710714995024e-06,0.019401114079081926,0.0007321289179844115,2.444719606443412e-06,0.004074937020606011,1.9761006161943027e-06
M_X_1872_RAU_0948,0.2541863722477922,6.7197014698618945e-06,0.08825097953803342,0.050871041923832995,1.015216568908914e-05,0.01640901946744455,0.1936458359223168,2.879479293812124e-05,1.7419272173275217e-05,6.812104960012366e-06,3.402002611462499e-05,1.9442579681756157e-05,1.602852621035367e-05,0.04879279236571066,0.01425527814020609,8.168242643678269e-06,7.0206238745089585e-06,0.055093503506061355,2.534229495190469e-05,3.4983002506298886e-05,0.0003976949119282875,0.009503098223631545,0.0002393213434618234,0.19796358656968174,7.28733803214175e-06,0.07013072952463732,5.5693719785393095e-06,1.3519418168502731e-05,8.538921477805163e-06,1.092793239067316e-05
M_X_1872_RIC_0950,0.06681874780574046,1.8683181855513405e-06,0.05959933250607402,0.0049902820868657,2.8226664331332893e-06,0.016713690486340794,0.21973111118276673,0.017726558671673703,0.007124382479555683,1.8940096722685454e-06,0.00450600992302868,0.002628393896906181,5.798687621845931e-05,0.09139930642847115,2.2315311917461055e-06,2.271064621490352e-06,5.548235606630514e-05,0.013604999475779119,0.007340706846860901,0.014088214011708976,3.512717887802541e-06,0.05060541448610156,0.018588048168509366,0.34876212594782113,0.010547509159937433,0.010934000566863538,0.013062958924351947,0.016651704156201985,0.004445394890744995,3.038357419230681e-06
V_X_1886_ON_0984,0.3796794326535063,0.00032931393253002463,0.19223817898669035,0.0021076761224745133,0.0004975294842732118,0.0021530154781196935,0.0829689225029872,0.0014111529420421374,0.0008536702183750414,0.0003338423713092516,0.0016672271282925821,0.0009528269078981964,0.0007855136158452918,0.004047637546386821,0.00039333466751032085,0.0004003029180557361,0.0003440613049996461,0.001460390791344475,0.0012419555909407157,0.0017144199305172058,0.0006191594935203443,0.30531898399688495,0.002293092722212729,0.002073046723084962,0.00035713222615669745,0.0024332919776596396,0.00027293947449915485,0.0006625491895072236,0.00041846885967077057,0.009970930242704835
Z_B_1865_ON_0529,0.3507825740538874,0.0001876613795487233,0.0127655013484758,0.0012010709833827312,0.0002835199490879821,0.0066037132118049345,0.10104835627083715,0.0008041533676493406,0.0004864687310043103,0.15611759691031618,0.006326884013608342,0.022050195098898034,0.16175178962990064,0.002306568811202382,0.00022414395213174093,0.0002281148485355077,0.00019606525193002834,0.10836831870955102,0.000707735314274731,0.006353777094937159,0.0003528314876386925,0.018060369440961985,0.012060342353884479,0.006558142571123816,0.00020351378918886788,0.017517041024813933,0.00015553608049408924,0.005754362691640167,0.00023846681159424684,0.0003051848176956365
Z_E_1865_DIE_0524,0.00029120860144772,8.196841945555374e-06,0.001966700549976,0.02635598886392432,0.0018912072248209817,0.005220354294056194,0.2289330753486761,0.32413215867741485,2.12484172773649e-05,0.007523603103197161,0.03268605472560917,0.017872538663318865,1.9551954287808693e-05,0.05223809735130514,0.10804213507572606,9.963804824286666e-06,8.563913816207856e-06,0.008960761179455465,3.0913097432984295e-05,4.267304784463779e-05,0.01622026299726749,8.42982349095805e-05,0.10738486254238279,0.03598409677028918,8.88925770306997e-06,0.023545858578745957,6.793644338046757e-06,1.6491288254411712e-05,0.00048012181373386113,1.333013601866214e-05
Z_E_1865_GRU_0701,0.0003153306305689604,4.586432856542374e-05,0.007062144870288538,0.0042358050276845175,6.92921054459545e-05,0.034466143546630405,0.17187401364330737,0.0001965346005638072,0.00011889266597762373,4.6495014921337143e-05,0.1408396146562799,0.00013270245213762793,0.31943278433386957,0.020275044033447705,0.035535156647279284,5.575113211382962e-05,4.79182299331156e-05,0.00020339207203763057,0.013313850086119237,0.051488203309563385,8.623180388102572e-05,0.0017857674552118241,0.00031936443512895635,0.04102544610936501,4.97386479700752e-05,0.03319109031617983,3.801292475155757e-05,9.227478924094409e-05,0.002686457145664164,0.12097068298587142
Z_E_1865_HOR_0715,0.0034811306439663458,2.865556605084505e-05,0.0003072122023698236,0.13154801236385882,4.329300278704133e-05,0.2251492428881183,0.12462674096092215,0.019827484456946303,0.004179427019668276,0.0008500784306910027,0.04201754508850707,0.0033670264153975262,6.835221677309578e-05,0.09969669604761458,0.009065543391799111,3.483274035982768e-05,0.1404258667381892,0.00012707729812677155,0.00010806995074577724,0.08307309252617204,5.3876754093792744e-05,0.007683959890645445,0.09954402265565687,0.00018038813858697864,0.004136220292508412,0.0002117352231383648,2.375008879613796e-05,5.765234988995526e-05,3.641346710231968e-05,4.660119051784895e-05
Z_E_1865_RIC_0781,0.00026781903097448977,3.895384349602893e-05,0.03613254029301967,0.00024931251825400304,5.8851702738910625e-05,0.0002546756140405808,0.038832590995877554,0.0001669222751401762,0.5023420657898496,3.948950287166519e-05,0.003545486658137603,0.00011270786499653336,9.291673213020678e-05,0.3911107429453283,0.00451089193725272,4.7350979356226107e-05,4.069827876709631e-05,0.00017274651543595974,0.0001469082809428717,0.0002027950811153463,7.323905740754849e-05,0.005981066936291748,0.00027124505281844865,0.0002452162803760047,4.224441018397552e-05,0.014797015880635705,3.228542895785042e-05,7.837153210677512e-05,4.949978988845446e-05,6.334879160788318e-05
Z_E_1865_SEY_0803,0.0006655782063993851,1.8734471897944366e-05,0.0044950355795472996,0.00011990442913576708,2.830415363815626e-05,0.06346172726866509,0.1947377827181727,0.04570600590138719,0.0005853380362620163,1.8992092061170394e-05,0.05108830630900925,0.2775659760480603,4.4687397974467916e-05,0.00023026766976807058,2.2376573072223567e-05,2.2772992661938357e-05,1.9573441063257322e-05,8.308075528497517e-05,7.065410788488994e-05,0.015127183323055463,0.006476502612935448,0.0012662161799756972,0.33722405372569414,0.0006547076334879668,2.031703791995788e-05,0.00013842851963392628,1.5527362828409687e-05,3.769202558928237e-05,2.3806442173387537e-05,3.046698476024858e-05
Z_E_1866_HOR_0713,0.00040535142949797134,0.04060059097609691,0.004010546543985012,0.0020665760357712042,0.21631111776006762,0.03923785705731112,0.19391296628873086,0.10667442875907235,0.00015283422363345414,5.9768442821072096e-05,0.04590782431132579,0.05253686274177432,0.00014063201579146538,0.05815863681051239,7.041946321085374e-05,7.166700252904516e-05,0.0017508326777209526,0.00026145657654712924,0.00022234970184383505,0.013820813658804602,0.00011084931682118423,0.00567403897953377,0.13723854908810543,0.00037114154817495683,0.003442407509430815,0.07307272988925266,4.886487988699511e-05,0.00011861745767593867,7.491928604971112e-05,0.0034743495680206182
Z_E_1866_SEY_0799,0.0007593131166730131,1.1831257964761124e-05,0.00012684121506134386,0.0007536922252185784,1.787473620774988e-05,0.1339763806966877,0.13416797380789056,5.0698475939853915e-05,3.066980037204538e-05,1.199395113405112e-05,0.17463711391078698,0.307832507227019,0.005112994404714169,0.023535376451637335,0.006115859249198382,1.4381678452466453e-05,1.2361086650265036e-05,0.0051372407094378006,4.461972460232079e-05,0.035655006806501,2.224453618737237e-05,0.0011386300703359802,0.11160841088058127,0.003464327170288078,1.2830685488243231e-05,0.0031382848131242414,9.805893442639033e-06,0.052566460477631534,1.5034326033360002e-05,1.9240614737931226e-05
Z_E_1867_DIE_0666,0.005382138633595973,5.797831782867389e-05,0.003943924403647124,0.016982809005351287,8.759399381226759e-05,0.23958805353467472,0.06942606261003152,0.00024844461681294887,0.00015029538186122458,5.877558522878844e-05,0.06507929883439421,0.10316051579710592,0.0001382958738743217,0.0007126185470403464,6.924967367990104e-05,7.047648920430973e-05,6.0574709185737384e-05,0.00025711332892640006,0.00021865608730081362,0.06342643390148175,0.003431355113919758,0.017207998530438556,0.26785266641124844,0.00036497624276419756,6.287594805326683e-05,0.0004284002640485017,4.805314940345093e-05,0.13965522927649504,0.0017348483449915616,9.428739359900911e-05
Z_E_1867_JEE_0165,0.00010474170652148255,1.5234511261201074e-05,0.07131179285623006,0.0018434785916038672,0.14188345444044237,0.07866845942595514,0.2831941949550135,0.0005017755135520932,3.949194756283449e-05,1.5444003009842782e-05,0.04067103816347404,4.407907113686122e-05,3.6338930255648415e-05,0.06347882928086702,1.819619769977521e-05,1.851855846535053e-05,1.59167448072752e-05,6.755966802122256e-05,5.74545579980067e-05,0.014047108379241008,2.8643161873071486e-05,0.0019026498901914555,0.1629182151081987,0.033269419786845236,1.6521423431199547e-05,0.007969453202243326,1.2626552013570122e-05,3.065042833475372e-05,1.9358939678433074e-05,0.09779935400407157
Z_E_1867_KAL_0724,7.089001757537854e-05,0.00178284504278934,0.00011054101162181889,0.007746973013694109,0.3353199647433016,0.1040560843833649,0.19757652422445984,0.02456423977834544,2.672846328163528e-05,1.0452623707991667e-05,0.032548661397150146,0.04286607634654647,2.4594476164707312e-05,0.05596155921257635,0.010352098191987947,1.2533507221501329e-05,1.077257910533596e-05,4.572491906487049e-05,0.017764227748048627,0.04259449950011172,1.938591909594285e-05,0.00010603906385477438,0.09519779918608534,0.00833673350014126,1.1181830393108905e-05,0.02282370880515636,8.545750531330448e-06,2.0744452954830636e-05,1.310228389073786e-05,1.6768027776523424e-05
Z_E_1868_BLO_0655,0.00011308359224619953,1.6447825004440384e-05,0.004417648468371274,0.007645382672171312,2.4849473658783526e-05,0.001992562243373728,0.16060129336075957,0.0071393372349404845,4.2637182871255904e-05,0.008499301405258527,0.1306214814843182,0.06979363718076427,3.923305155286927e-05,0.02376501611523653,1.964538739580857e-05,1.9993421761307624e-05,1.7184393298991722e-05,0.0005441973632496171,0.25124205295561786,0.04344127913259044,3.092437335104876e-05,0.021846978857839098,0.04158515305601784,0.08068850017211746,0.04337348840636611,0.00012153254593807822,0.03535791301179498,0.044802513913793994,0.022169983399173036,2.674831916689925e-05
Z_E_1868_BLO_0656,7.903914345277973e-05,1.1496115167458094e-05,0.00045263069263143277,0.06858513649670027,1.736840043926594e-05,0.007321575135646732,0.17121084117284946,0.01750653459643081,0.010899423365054112,0.011210659039928498,0.05802952088598792,0.01024411986396333,0.014520251514829483,0.051195586919379824,1.3731033492305147e-05,1.397429016283333e-05,1.2010935451633928e-05,5.098120385556616e-05,0.40419567751888946,5.984918043154567e-05,2.1614417555461114e-05,0.06335966782796111,0.0013975802172196815,0.07352466503848992,0.030645039294869083,8.494449231563156e-05,9.528122932672147e-06,0.004963866550475357,0.00034399094556402434,1.869558787229223e-05
Z_E_1868_BOX_0201,0.00012603129692438636,1.8331047641127965e-05,0.004398240409770396,0.16608509986537415,0.010006769883259187,0.14402861525830082,0.15010282405183592,7.855091830083396e-05,4.751900207385929e-05,1.858312026485266e-05,0.0573411840475541,0.003729539894081837,0.007396727906443109,0.0012757381043218485,2.189472055932993e-05,2.2282603731298903e-05,0.08300304066736934,8.129171142298811e-05,6.913265688697763e-05,0.06207074137439133,0.015790899680310173,0.00018852077061561756,0.11147311446369909,0.00011539480868969905,1.9879535012578406e-05,0.002761520056166523,0.011044697196327663,3.6880373278286115e-05,0.009477154539037094,0.1591698000363556
Z_E_1868_DIE_0668,0.001157777826528503,3.258874155826234e-05,0.00034937921131310284,0.045027169473151434,4.9235268171099854e-05,0.25511881983343015,0.04649311276000955,0.00013964698722001358,8.447877655487033e-05,3.303687358810042e-05,0.01603824032114648,0.026238471631966295,0.02715563511963262,0.007870317997939564,3.892420137502141e-05,0.0009733345030661168,3.404813413963181e-05,0.0001445195400861218,0.019731038571604877,0.02351267631408243,6.127171286881232e-05,0.0012688709483240261,0.02823854511881358,0.0011388683908566423,3.5341625940124445e-05,0.00584312171609152,2.7009953472557457e-05,0.4930701094509966,4.141146842230286e-05,5.299752764956249e-05
Z_E_1868_GRT_0678,0.0002833129858081431,4.1207414086321154e-05,0.025235634271699572,0.0002637358282153472,6.225641083901248e-05,0.16556177926995988,0.10129279594655381,0.0037185584764293372,0.033165294707746436,4.177406260467118e-05,0.1265392190931251,0.06859749588144012,0.08864777615209309,0.011132423408453511,4.921839897291767e-05,0.0035920697026396724,4.3052769001529597e-05,0.0013634000900457706,0.00015540726722228706,0.14425502117441408,7.74761074909684e-05,0.0004237866602452461,0.0829331222501834,0.06991833000360537,0.0012253481339967252,0.00030448049782164067,3.415321623285443e-05,0.07092249268425345,5.23634680446199e-05,6.701366677514698e-05
Z_E_1868_JEE_0168,0.00977790221967565,3.6933980468656365e-05,0.041666502014981184,0.005527479615268484,5.5800081440684574e-05,0.0012996889150656932,0.3923805744483713,0.04354524287458047,9.574280362177736e-05,3.744186444471688e-05,0.00018698672637410522,0.0011650825810101976,8.809874614961368e-05,0.06606353346540626,4.411418252444306e-05,4.4895701932285316e-05,0.05824062890364032,0.0012220080636758637,0.0001392906859006362,0.0001922796030593833,0.14292899645106924,0.0014380565981309994,0.10819551073060336,0.00023250114743946128,4.005392229919281e-05,0.061649601929588196,3.061134141161192e-05,7.430775441774799e-05,4.6933090777785394e-05,0.06355319955667067
Z_E_1868_JEE_0169,0.0006090188406860395,9.489443618631987e-06,0.012880474465841016,6.07343685002919e-05,1.4336708906742774e-05,0.07782203019004229,0.2207169395691814,0.023423037911997818,2.4599188209070473e-05,9.61993419382799e-06,0.007117132418700403,2.745646730264295e-05,2.263520134712803e-05,0.06455410958128677,1.1334252158469613e-05,1.1535047855642828e-05,9.91440091848956e-06,4.208232542475025e-05,3.5787940906515314e-05,0.08324715320126257,0.20909977093194257,0.0009132558758429889,0.23688059026087746,0.0006035126439110745,1.0291049936678653e-05,0.0019733337711788897,7.86496864757652e-06,1.909188332876226e-05,1.2058513951993044e-05,0.05983080864204146
Z_E_1868_MAA_0155,0.0002441154359422383,3.550619405969174e-05,0.0013979673112041234,0.00022724686090448262,5.364297308439083e-05,0.03278607164927452,0.31108682167380364,0.0011694591610533554,9.204159752287471e-05,3.5994444358873985e-05,0.018491347432845036,0.00010273254106564375,0.0011020035537042962,0.06961352570659962,4.2408825304567e-05,4.316013289189329e-05,3.70962363174064e-05,0.00015745740984018678,0.0001339060145031662,0.03273878285554737,0.2849137000999794,0.001382464494597079,0.1833631302525917,0.00022351316471540966,3.850552580472222e-05,0.00026235433314014786,2.9427974315158112e-05,7.143518015166317e-05,4.511876076805106e-05,0.06007906220410928
Z_E_1868_SEY_0815,0.00012616382305923228,1.8350323352406353e-05,0.0012482647098908846,0.00011744580034137203,2.772377968835865e-05,0.00011997224017429027,0.21966187534201725,7.863351722542688e-05,4.7568969897965404e-05,1.860266103894749e-05,0.19094623883821404,0.04632056969191812,4.377108717428711e-05,0.007060514013832518,2.1917743592180255e-05,2.2306034636311204e-05,0.2834074590671919,8.137719238345432e-05,6.920535219387713e-05,0.05477527611363411,3.4501355061175774e-05,0.00018871900652747087,0.19045534711036388,0.00011551615020049937,1.9900439010252348e-05,0.004867490951875184,1.5208975746079967e-05,3.6919154227475094e-05,2.3318293364861733e-05,2.9842262166180553e-05
Z_E_1868_SEY_0817,0.0001240121742254692,1.803736952076918e-05,0.0017437764262280466,0.00011544283219085676,2.7250967143625e-05,0.09572594972582688,0.1394292541002063,0.0011108927239334326,4.675770945798797e-05,1.828540373840937e-05,0.09931694274148975,0.1147818170247797,4.302459736138027e-05,0.048800911461008775,0.017592748275938107,2.1925618505543153e-05,0.23774690365467635,0.0005967894800991392,6.802509614481772e-05,0.07813072239528944,3.391295500654385e-05,0.0007023006435572728,0.12777523000542668,0.00011354609108344951,1.956104887963083e-05,0.003750878539251795,1.4949595726251143e-05,0.03207789740937404,2.2920613764582856e-05,2.9333320164981297e-05
Z_E_1868_SPI_0818,0.001376373636446324,0.004687755659089939,0.0001589558610289836,0.008591128768464698,2.240040103049079e-05,0.25965689399002717,0.06533323040982902,0.059537174889002314,3.8435019117151805e-05,1.5030673024778347e-05,7.506400618090602e-05,0.031903778043850535,3.5366386447527414e-05,0.14461822114180017,0.08540486403785716,1.8022943728094913e-05,0.06925980039900682,6.575155929731379e-05,0.03913859472522561,0.05232902979399584,2.787658097680712e-05,0.00015248214622287792,0.11182872370989577,0.020484297675566737,1.6079258294627846e-05,0.00010955474569205693,1.228862585855331e-05,0.0450598719760221,1.8840833702731667e-05,2.4112103316857066e-05
Z_E_1869_GTZ_0186,0.00023411250138662484,3.405128345919187e-05,0.053048805876811676,0.1319273025475629,5.144488533520539e-05,0.045101370671192284,0.15394715935229594,0.00014591416908657018,0.4508269941046102,3.451952709320513e-05,0.012855516682362175,0.001074147890802423,8.122263940886894e-05,0.021882277224356643,4.067107077681807e-05,4.13915925983932e-05,3.557617175159832e-05,0.00015100539602201727,0.013787168261413185,0.0001772721809053945,6.402151059426766e-05,0.09596143583377897,0.00804210688937535,0.0021656043214875963,3.692771384388719e-05,0.008056603587256649,2.822212635211307e-05,6.850803451964905e-05,4.3269963253665344e-05,5.537599030650744e-05
Z_E_1869_JEE_0170,0.01380884871341199,1.3676426503968445e-05,0.07420664718840818,0.018896426941811706,2.0662428014944447e-05,0.20150133248602145,0.2526635632780944,5.860526261195624e-05,0.01492582820645383,1.3864492826173538e-05,0.00046109201807706764,0.00043142293595357787,3.262242551488513e-05,0.12281776830446821,1.6335211299258677e-05,1.6624603144035606e-05,1.4288885728386581e-05,0.0024117619922636394,5.157848691732704e-05,0.042783065758894956,2.571372927440071e-05,0.00014065156090758692,0.0819922960555605,8.609374929795652e-05,1.4831721833650001e-05,0.034975880959751786,0.0007950391516776949,0.00041936768566151246,1.737903574111605e-05,0.13638673030387383
Z_E_1869_KRA_0160,0.0019770460059218794,3.0805396075273335e-05,0.01003913481735707,0.1370040301121742,0.16951053393584503,0.10699902259146164,0.28931862168154515,0.015136629496754006,0.000962480829094127,3.1229005089094804e-05,0.00015595936570284927,8.913139527221731e-05,0.018608604443116603,0.0798148795635986,3.679416212275394e-05,3.7446001285324705e-05,3.218492668457985e-05,0.0010192359970694028,0.000116177695832352,0.058413621555782606,5.791875638277421e-05,0.0011994348435224917,0.06288087783412796,0.003724421273161604,3.3407635059588935e-05,0.036415243756581006,2.5531894602597313e-05,6.197760916252913e-05,3.914531908288071e-05,0.006228472100531792
Z_E_1870_DNT_0192,0.0003538719248972142,0.0005807395230231092,0.012663921698053669,0.1615941662342868,1.504863776220257e-05,0.11650400806524705,0.27791033571091245,0.0003280721831859502,2.582072880258054e-05,1.0097638580850137e-05,0.004616659000470832,0.005736608442848401,2.3759214751667747e-05,0.04378701018084654,1.1897085736186806e-05,1.2107852497974617e-05,0.0025789115748558263,4.4172039456723e-05,0.010882363332756592,0.03287163974512239,1.8727547270143054e-05,0.032922221990968316,0.04601705636463904,0.0009188711576093889,0.004006254064638629,0.0023567145341719335,8.255525376036207e-06,2.0039943496212906e-05,1.2657312748301924e-05,0.24316799074498696
Z_E_1871_EIC_0315,0.005497030881041462,2.3283785014091428e-05,0.11899671668383881,0.00014902095802022013,0.008707717898364678,0.04484916672029856,0.08325197485109259,9.977404075218125e-05,6.03578284249019e-05,0.06073138826774865,0.19224801003452202,0.014743975789253546,5.553888964389881e-05,0.0162970280420249,2.7810301758382025e-05,0.009367962108117748,2.4326482015907742e-05,0.00010325534957171423,0.10816100955721439,0.0928506889334502,0.028729872881644213,0.07495672886724275,0.00016213063793318536,0.0001465725238335496,0.05939879793403852,0.06221406459653264,1.9297890002021095e-05,4.6844823027158796e-05,0.01804178712625991,3.786531731716788e-05
Z_E_1871_FAH_0190,7.39256802004411e-05,1.0752370234435515e-05,0.025069186559531165,0.030259970078781968,1.624474608879657e-05,0.29058312443655576,0.15859393483718293,4.60753019882224e-05,2.787303341695992e-05,1.0900227478021114e-05,0.042876581523368366,3.1110580728678137e-05,2.564766439387944e-05,0.045726960760363554,1.2842699786848424e-05,1.307021888746765e-05,1.1233884051844482e-05,4.7682958187820966e-05,0.05857441839409075,0.21478284913698442,2.021606573809123e-05,0.006580112610436289,0.07339624225893003,0.03241535030926206,1.166066035768122e-05,0.004392470798181617,8.911697901331926e-06,0.009571895371035703,1.3663351793814338e-05,0.006795091784061039
Z_E_1872_DRS_0670,0.0007028468130503654,0.0018936091111477202,0.00607915800484654,0.00038386763833036196,1.654548183334377e-05,0.0706712622965493,0.14992023033610719,4.692828486483513e-05,2.8389041325708916e-05,1.1102021215418912e-05,0.16259155752563026,0.04741190491613178,0.25041959450335377,0.029943351986186858,0.019780986140615967,1.3312185243053121e-05,1.1441854706850184e-05,4.85657032830316e-05,4.130157974003658e-05,0.1017205284722798,0.03924262541397189,0.00011262702738249229,0.08448207695685837,0.004148031396845549,1.1876531837322121e-05,0.027693232508655956,9.07667838726178e-06,0.0003358095389169892,0.001896573983128152,0.0003315860675738718
Z_E_1872_KAL_0725,9.858798334018021e-05,0.0012468865726878164,0.0017971274593413808,0.015293189836127102,0.3845763626156349,0.10280600891170823,0.20739387475287185,0.009510974303665242,3.717173987037774e-05,1.4536646021972051e-05,0.04896363219051941,0.04030469497241711,0.011948826034740711,0.05399747189604924,1.7127145387039586e-05,1.7430567002378165e-05,1.4981613571168082e-05,6.359044211274437e-05,0.0008757770952267607,0.025547292028489068,2.6960335661260972e-05,0.00014747037479016987,0.07980456229483616,0.0029662108480900257,1.555076647196973e-05,0.012020575976710095,0.00042273376107685286,2.8849672383524924e-05,1.8221574632350177e-05,2.3319588562970433e-05
Z_E_1872_KAL_0726,7.354053073400776e-05,1.0696350869480631e-05,0.0001146740393158842,6.845882028741185e-05,0.3028064854002157,0.12357651152671989,0.2426592871144223,0.031612033131007806,2.7727816167428862e-05,1.0843437783482237e-05,0.027636267375319913,0.021483704336283334,2.5514041216794287e-05,0.039665834482049384,1.2775789899011658e-05,1.3002123635357342e-05,1.117535602157394e-05,0.0006603704132727388,4.033960137354308e-05,0.02855720405284501,2.0110740945525298e-05,0.00011000376782422889,0.15545372715513198,6.733403275284178e-05,1.1599908842066563e-05,0.02520940618215826,8.86526835638345e-06,2.1520069147433192e-05,1.3592166345959003e-05,1.7394969055225715e-05
Z_E_1872_KAL_0729,7.23214985936745e-05,1.0519044622652733e-05,0.00011277316454393673,0.0009714875044014192,1.5892236341012258e-05,0.09892397942984629,0.16841352295536255,0.0139089155003124,2.7268190723446073e-05,0.0006134393468037792,0.08986682743092476,0.02022341987335814,0.0018334180723232351,0.00012929085520208192,0.007245871855324669,1.2786596137175203e-05,1.0990109627048455e-05,4.664824164177467e-05,0.0009438343989528048,0.041043506949897356,1.9777378657630157e-05,0.00010818030901590836,0.09290069728499929,0.024780019672139286,1.1407624919686927e-05,0.0003791127704974824,0.38699068781578355,0.020214147735221566,0.030152149529525774,1.7106624299663366e-05
Z_E_1872_KAL_0730,0.0028232717472705215,0.001939601039726848,0.002033143645432719,0.008057212186828547,1.4538301233986682e-05,0.0965618213556389,0.1198773903248662,0.0251309513902194,2.4945084023209874e-05,9.755202680806543e-06,0.18008810946087653,0.03669742762729126,0.05461376436271376,0.03237648238317112,0.029512588395536374,1.1697245271884935e-05,1.0053809981433388e-05,4.267405634245208e-05,0.024023162612807493,0.04581815060530912,0.005808026937274136,9.896391460025719e-05,0.022123899711902005,0.038384428549305356,1.043575516296267e-05,0.014959506154341013,0.1957629034692209,1.9360339444928797e-05,0.06315008510181216,1.5649229713714503e-05
Z_E_1873_DEJ_0665,0.00017961410503589516,0.07637434182254943,0.00028007786640909805,0.00016720262438968875,3.946917393743703e-05,0.006907406813791266,0.2356266030229558,0.0031059949515582622,6.7721932868911e-05,0.000774995756391599,0.07498345503899481,0.060705054698605966,6.231504767865718e-05,0.14178985586640944,0.012755906239361386,3.17561591821748e-05,2.7294493937399343e-05,0.0001158532709763064,0.12659704153990664,0.009118148689243892,4.911812167366995e-05,0.0017656951445630066,0.051829235211546136,0.04208112375295438,2.833141431494e-05,0.031630535052326714,0.11903504984237046,5.256024020560047e-05,0.0037757569379162827,4.24851679447648e-05
Z_E_1873_DRS_0673,0.00017091474752016107,2.485927270305828e-05,0.0016910303013659002,0.10129985499301185,3.755753979899428e-05,0.00016252697993457367,0.22278984103369565,0.15822798036313973,6.444191593724818e-05,2.5201115799908255e-05,0.00012585575569713637,0.013604844395838204,0.0036205909406365516,0.1733844384405221,0.006440021337297835,3.0218094106511108e-05,2.597252336651895e-05,0.00011024208012139725,0.027871846301598842,0.025058476494052667,0.13751268890454088,0.0002556585602019612,0.027238935806390856,0.050014606782810334,2.695922195842772e-05,0.05004180100127128,2.060367375250755e-05,5.001455861466973e-05,3.1589405951857354e-05,4.04274583623595e-05
Z_E_1873_ECK_0674,0.00018573106960692107,2.7014282709831767e-05,0.0010636196067785315,0.0001728969017370601,4.081334197242911e-05,0.25714573404309304,0.05943833616406696,0.00011575970755401154,7.002828104773435e-05,2.738575962997407e-05,0.024904873732742867,7.816230326407439e-05,6.443725817440839e-05,0.03980620755012649,3.2266032068754674e-05,3.283765164397451e-05,2.8224039266624948e-05,0.00011979878713639809,0.00010188010931991089,0.028004758521239025,5.079089570226384e-05,0.0002778211858802559,0.3531336423756229,0.00017005618261535784,2.9296273158163422e-05,0.00019960782374146895,2.2389772792624992e-05,0.2283853435214432,3.4327840287706114e-05,0.006235958985577077
Z_E_1873_KAL_0727,4.40378566766818e-05,0.0036768142210684934,6.866960106930237e-05,0.01141926266242402,0.4158670152119332,0.00022539711561819566,0.2721229076867386,0.00791882658291756,1.6604090046007033e-05,6.493314016439153e-06,0.05729080815245541,0.0378237452699687,0.01928492560573345,0.02687271311872091,0.02441587021211094,7.785987555860534e-06,6.6920747222916574e-06,2.8404950389390414e-05,0.0009417585800335831,0.022055799795560316,0.006618778975611041,6.587292902277332e-05,0.05858762453323255,0.010133945967123938,6.946307266902452e-06,0.02408850697136475,0.00037234963672533067,1.288674029583384e-05,8.139319467708987e-06,1.0416530129760162e-05
Z_E_1873_KNA_0738,0.00013148694597044485,0.013717874470617768,0.0002050316888013383,0.034095300862167215,2.8893505551653284e-05,0.26204513236164223,0.08262723305929523,8.195123435686942e-05,0.012652425922058855,1.9387547298612056e-05,0.08612497189567102,0.03950773416236115,0.00278536786497259,0.05612596194949703,0.02029699236367047,2.3247174189248684e-05,0.0011158809938216854,8.481067106793542e-05,0.007743425223072847,0.06146996273459209,3.5957041399309336e-05,0.006224131426482129,0.03355811874137964,0.010531439954737445,0.024130539918820637,0.01712776077761035,0.004947400641890832,0.2203143753681264,2.430214228962518e-05,0.0022229013565873727
Z_E_1876_BAR_0648,0.0014393534185338096,1.5505228617975064e-05,0.00016622932604171196,0.06629250902803475,2.342539332779684e-05,0.13959591857944031,0.09942024357516836,0.02760995124301074,0.00226144447180403,0.1932645338753352,0.06538327087897719,0.05735313176055726,0.05112575197145891,0.006854328904644969,0.0004627696946614605,1.884763336070159e-05,1.6199585458267764e-05,0.012063514265043557,5.8475525839321743e-05,0.1369097670953238,0.0013619026022891295,0.010377212848150436,0.06630123907703822,0.04363412088585141,1.6815009224977455e-05,0.005445569531083034,1.2850925918822236e-05,0.012470199298364864,1.970294815299698e-05,2.521541928597678e-05
Z_E_1876_HEI_0711,0.00018473019704534922,2.6868707419752203e-05,0.01645453588467825,0.0001719651902829903,0.0754841683105668,0.19186393127556622,0.10299847989465265,0.00011513589854202666,6.965091077154386e-05,2.72381825151195e-05,0.05787345875264317,0.05396600888916866,6.409001695199912e-05,0.13197158643122958,0.05007119796009879,3.266069522743921e-05,0.04005935658807817,0.00011915321222419751,0.11403652584898132,0.05094881763816203,5.051719236337907e-05,0.020291966377269117,0.0001870933214581789,0.00016913977930456238,2.913840061684669e-05,0.020984006890376654,2.226911818542657e-05,5.405735550663498e-05,3.414285350270186e-05,0.07163810822661044
Z_E_1876_ON_0820,0.0004562145586514855,6.635566730884268e-05,0.0007113895659048656,0.0004246897618428555,0.00010025054415747605,0.3502543232951285,0.08706230247254464,0.0002843426466188318,0.00017201172318087918,6.726813273280541e-05,0.021249122681378057,0.1066590994949536,0.00015827839338332272,0.0008155855670951197,7.925563348574533e-05,8.065971290432286e-05,6.932721404467526e-05,0.0002942639102659779,0.00025024994044946935,0.055480202312078675,0.00012475858840075546,0.0063860122364075185,0.000462050592923527,0.00041771205249620166,7.196096139041909e-05,0.0004903002788080878,5.499640062652078e-05,0.36706478449035407,8.432009000679843e-05,0.00010791108047601065
Z_K_1865_LEH_0528,0.013657341092526823,0.02026668380817321,0.015772220800921527,0.02849111649888617,3.558080589501215e-05,0.0008287439340031906,0.09972670254902735,0.000775689657359634,6.105019963334544e-05,0.09111797292249349,0.00011923169723565845,0.03178238298124618,0.00882820025295879,0.05562069669073058,0.17816769912126604,2.8627650977015635e-05,2.4605533734468e-05,0.008876464073583386,0.0048122161004217345,0.0007973777867919207,4.4279172297060903e-05,0.29511717241592206,0.002863074847075789,0.08112078560250592,2.5540300262400368e-05,0.06090341559856953,1.951925819517493e-05,4.7382185082339294e-05,2.9926787737621617e-05,3.829967448662113e-05
Z_K_1869_FRI_0096,0.07307186754174225,0.012555613882328539,0.03725058344295686,0.00012728323032386155,3.004596354458395e-05,0.028620308809704544,0.08364371313531938,0.04908851451090713,0.3237012196574897,2.016084681423031e-05,0.00010068437570166624,5.7541519535929316e-05,4.743741669890964e-05,0.3461165286252759,0.005152005359306708,2.4174420336641764e-05,2.0777971464791736e-05,8.819346363297476e-05,7.500209251700447e-05,0.00010353436401397528,3.739123842634338e-05,0.0019139436345499237,0.0012780920985124948,0.0012648034507500763,2.1567328544106527e-05,0.035474903801623915,1.6482901536296055e-05,4.001155594528756e-05,2.527146731932599e-05,3.234189317661765e-05
Z_K_1869_ZIL_0095,0.005626737024628182,3.147206888270785e-05,0.09141175667708483,0.00020142763957582842,4.754819232799092e-05,0.003812665574908,0.21442452960487107,0.11014546186677447,0.013607477499420137,3.1904845401138225e-05,0.05786981322048173,9.106032607938786e-05,7.507043032239147e-05,0.1473682023871526,0.0739791412378133,0.007252066220177373,3.2881454506441095e-05,0.05063623632907445,0.010037680468852153,0.1498503987523091,5.91722010658573e-05,0.0012253923281304489,0.0011208738721971067,0.00019811815663175228,3.413062403854906e-05,0.060648203647284855,2.608444129968388e-05,6.331889322190301e-05,3.9992479746133843e-05,5.118153574044242e-05
Z_K_1870_STO_0099,0.004712263281192131,3.1387161003692925e-05,0.007530845076452881,0.0002008842118871338,0.003644593831716625,0.06945080347579378,0.1383053855675395,0.16920167223874388,8.136395682485192e-05,0.006326873127714418,0.10627553528619248,9.081465620688522e-05,7.486789927687401e-05,0.019270946481799806,3.748902587458813e-05,3.815317512604162e-05,3.2792744273520826e-05,0.001937777914765908,0.00011837173056362794,0.24207334869994282,5.901256154206649e-05,0.011114314642636456,0.14050833923915948,0.05415519243843177,0.007228386381148838,0.0173184950202821,2.6014068595738046e-05,6.314806641845766e-05,3.988458481731785e-05,5.1043454076328e-05
Z_K_1875_BAR_0100,9.522345149384277e-05,1.3850096511611126e-05,0.005704075625601196,0.04969213211957845,0.07779919506933018,0.017154150398193447,0.1812683628102021,5.9349461135069464e-05,3.590317246144601e-05,1.4040550992711763e-05,0.11832483630977562,4.007344764268921e-05,3.303668116030896e-05,0.06961511737896216,1.6542643867288338e-05,1.683571055241041e-05,0.20636498326671926,6.142027836294172e-05,0.006798307917270931,0.03459613221565325,0.08097893379040652,0.001332921352247288,0.0881922374849131,8.71870101796806e-05,1.5020062351069278e-05,0.056848729055254975,1.1479131886705285e-05,2.7865113837927696e-05,1.7599723306622017e-05,0.004784458670149145
Z_K_1875_FAL_0530,0.24998138571988338,0.00010739611033385746,0.08423238030316421,0.0006873569413182118,0.00016225469410554447,0.006856291346494964,0.014749591558428378,0.0004602062715572698,0.00027839958138720805,0.19396454437835234,0.0036207915300898847,0.0003107366364475733,0.00025617229829283584,0.08747809483753734,0.0278219419511717,0.0032076212423285968,0.00011220553466860696,0.15740704540654382,0.0004050275026315792,0.000559107932670304,0.030972662265318418,0.12726452680450134,0.0007478251439546081,0.006830211875234852,0.00011646823342527088,0.0007935470318535609,8.90112291714344e-05,0.00021607104598114193,0.00013647138303323405,0.00017465321011854266
Z_L_1867_HOR_0714,0.0003161615587898914,4.5985185726906274e-05,0.06637053832599668,0.002929416048642582,6.947469717768346e-05,0.00030064569656557496,0.1999954849769243,0.0397235751472485,0.005389408981296249,4.6617534005388815e-05,0.00023281052385015912,0.08840895273957455,0.008014993147694131,0.053267239714324684,0.026405940105356608,5.589804200627694e-05,4.8044499333194634e-05,0.00020392803079388828,0.00017342587990494874,0.0015569512516675735,8.645903343768899e-05,0.0017904731337305213,0.45619276731581465,0.000289478911047667,4.986971435647324e-05,0.04250140749528949,3.8113092666990345e-05,9.251794267745742e-05,0.0040110869882154275,0.0013923342858838932
Z_L_1869_EMS_0214,0.0009740590107914816,2.7417486013149846e-05,0.04585617537775832,0.0787310575769436,4.142250396571589e-05,0.00017925227549265573,0.1569488501429801,0.00011748748603986876,7.107349237344009e-05,2.7794507434433138e-05,0.02449103712442919,7.932891942818057e-05,6.53990203515409e-05,0.04197144909978784,3.2747620673376556e-05,3.3327771990987833e-05,0.5129965833002005,0.00012158685114778547,0.0032456239307100602,0.00014273639777246657,5.154897827456857e-05,0.014421972239295694,0.10466983612227915,0.001743705968251106,2.9733536447333825e-05,0.012771479897068725,2.272395269469739e-05,5.516144730585265e-05,3.484020253505689e-05,4.45877595630876e-05
Z_L_1872_SEY_0811,0.0004350766738835187,1.2246392147387802e-05,0.0001312918089284288,7.837939961181368e-05,1.8501923445774195e-05,0.2151689889788413,0.08694553306573669,5.2477379792039044e-05,0.0007335042546464295,1.2414793880894158e-05,0.004272550051558091,0.31196700431264046,0.01160822355571929,0.02330854628524827,1.4627169116370775e-05,0.00036576545902578504,0.007381257117898765,0.0004051875742920458,0.0003970644951912435,0.036204308366317266,2.302505059890484e-05,0.00995056116259644,0.2028934276034339,0.0004279707730892397,0.0003641600449511119,9.04882691678885e-05,1.0149961805560274e-05,0.08669179049942988,1.556184919850366e-05,1.9915727806740657e-05
Z_L_1872_SEY_0812,0.0005356242440329498,1.5076571394934822e-05,0.0001616337536032453,9.649312221246278e-05,2.2777775398392188e-05,0.08822012654610355,0.0793929368145912,0.009999878728393957,3.9082524982107987e-05,1.52838912919039e-05,0.1007249704845402,0.2682960109991774,0.16850364605005574,0.00796073953286711,1.800755331322531e-05,1.8326572086705743e-05,1.5751732060679422e-05,6.685926058777642e-05,5.685891268645003e-05,0.09554351001241086,2.8346211279901038e-05,0.001882924658179999,0.11457661315735289,0.05409096024476341,1.6350141834926925e-05,0.002271242489814244,1.2495649492167547e-05,0.0073737958102906105,1.9158240864309965e-05,2.4518314336721682e-05
Z_L_1873_RAM_0776,0.01941211938367322,8.550259344295086e-06,0.004011328654218207,5.472339819479788e-05,1.2917783615430521e-05,0.09437278077606347,0.12709343700386358,3.663897101537061e-05,2.2164570158118472e-05,8.667835074206311e-06,0.05246877429712398,0.2876299789225603,0.006144867701812233,0.010639185388706793,1.0212484453595644e-05,1.0393407103547278e-05,8.93315799147177e-06,0.027965513069045496,0.0002772248650408363,0.04218088540130406,1.6075767594797e-05,0.001067848500264192,0.0005494953471762437,5.382428547447335e-05,0.0031939983542110307,0.01794663804149897,7.086561064496163e-06,0.3047709658653634,1.0865064985886362e-05,1.390488200350044e-05
Z_L_1873_SEY_0813,0.00018791274607960002,2.733160401282685e-05,0.0026423036193658316,0.00017492782259223607,4.1292752919348745e-05,0.20300033235930634,0.06405199995381874,0.00011711947052199143,7.085086314725777e-05,2.7707444459537606e-05,0.0001383724986059639,0.33759308628719376,6.519416573123543e-05,0.009733077759253275,3.264504266283615e-05,3.322337672573551e-05,2.8555570886844878e-05,0.0016873962772533558,0.0001030768365988073,0.0024915747166467553,0.0016175777896519263,0.0002810845921920243,0.10747435092668003,0.0001720537351704081,2.964039969564372e-05,0.0009850476436927432,2.265277262692131e-05,0.26709043180901465,3.473106976176272e-05,4.444809373160465e-05
Z_L_1876_GUD_0705,0.00015976306762892082,0.014004743998839345,0.0009149095599828096,0.0008145093440823167,3.510702182194555e-05,0.020125503605380762,0.09107512325590741,9.957475626343177e-05,0.026025892609150784,2.3556817807018536e-05,0.17122465485124183,0.02536710333822426,0.0027185720957130107,0.004946114458251396,0.04330384698283275,2.82464531727208e-05,2.427789331993967e-05,0.00010304911166258556,0.012071784352030768,0.13727289715432078,4.36895632065636e-05,0.00023897759810715226,0.00016180680498979085,0.00014627976601541692,2.5200212757879842e-05,0.01947949463657429,1.9259345205057837e-05,4.675125714030938e-05,0.42946152040164987,3.7789686718807816e-05
Z_M_1865_DIE_0525,0.2079739575002792,0.2184669418074984,0.0002653785779972658,0.0001584273518891144,3.739771867207975e-05,0.00016183536793798982,0.17857888749475603,0.09443338049886796,0.04332706862544766,0.01137274002229603,0.00012532019322920455,7.162098683823267e-05,5.904457554185607e-05,0.12796526726815224,0.0064126166810559975,3.0089505016832734e-05,2.586200073975834e-05,0.00010977295957802033,9.335387602418363e-05,0.0022565511794676385,0.012103414292658668,0.00025457063912365035,0.005846187604850903,0.02994339550396185,2.684450056673927e-05,0.007984409592190258,2.051599755285953e-05,0.046149614198454814,3.145498142658742e-05,0.005714078497927995
Z_M_1865_HOR_0716,0.029600667531987694,5.369673694558097e-05,0.00672967221731183,0.14803960339096506,8.112535547597417e-05,0.04189054416158047,0.08891507794464494,0.049462075272759275,0.0001391963735095901,5.443512776929794e-05,0.004887349933659047,0.00015536450412226638,0.00012808300478866358,0.3329758431700028,6.41357260854841e-05,6.527194377792549e-05,0.02774908889455346,0.00023812603237922055,0.07712747407005519,0.001818046409432459,0.10164191208726499,0.0005522297703167243,0.017297395756727344,0.06649349363892502,5.8232687136544096e-05,0.003473762387232084,4.450452202750332e-05,0.00010803287085107952,6.823401641413973e-05,8.732446129829789e-05
Z_M_1865_RAM_0773,0.000504137862457558,7.332603408778981e-05,0.0112906716764208,0.0004693015264044324,0.00011078141651407915,0.17485499018280456,0.06469414745237692,0.002415122335092113,0.00019008078720323245,7.433434993321731e-05,0.2524805212823548,0.1997986817194127,0.0505967631240414,0.0030021699540156927,8.758108415331522e-05,8.913265584996304e-05,7.660972854949985e-05,0.006627907307522308,0.000276537580105382,0.09912454373701096,0.012743328494366438,0.004955923565990485,0.0698406420971148,0.036177073796413176,7.952013930241684e-05,0.008945447184038849,6.077352712431553e-05,0.000147525202111559,9.317753923484495e-05,0.00011924665799238714
Z_M_1865_RAM_0774,0.0005030809343084358,7.317230560345602e-05,0.017556519282570904,0.00046831763284947323,0.00011054916258864974,0.09062815802416703,0.15470828193042252,0.0653052447082275,0.0001896822816563111,7.417850750847237e-05,0.107292267214961,0.25388896347960555,0.188860095219503,0.032346962542419075,8.739746986828407e-05,8.894578868526604e-05,7.644911577940188e-05,0.00032449328962110674,0.00027595781735699666,0.061179617102275693,0.00013757488888819193,0.0028490272518232013,0.01728156601527988,0.0004606231117718831,7.93534248381607e-05,0.0005406682397062434,6.0646115048527354e-05,0.004340228294082849,9.298219194709479e-05,0.00011899665663580085
Z_M_1865_SEY_0798,0.0008819172478627139,2.4823910605153065e-05,0.0023998704506338893,0.00015887807493280808,0.0007487497396026752,0.10898287642326729,0.15774957255233932,0.00010637367880042224,6.435024787568449e-05,2.5165267433188845e-05,0.13739608236654235,0.30092872415419597,5.9212556326010394e-05,0.005995078701203963,2.964983761594594e-05,3.017510913204836e-05,2.593557767928574e-05,0.00011008526172702613,0.006494830091846607,0.11535102541507637,4.667266823300755e-05,0.0002552948881370477,0.12108461116849856,0.000156267687002507,2.6920872701080983e-05,0.0016059144720764814,2.0574365206873647e-05,0.03916845279249087,3.154447029829337e-05,4.036995065657321e-05
Z_M_1866_BES_0654,0.0003018445216030649,4.39027958986958e-05,0.026886300083856337,0.00028098681982462615,6.632861000995975e-05,0.2128699143458478,0.12301301225314068,0.001446016060557498,0.00011380784613082678,4.450650896342019e-05,0.07317970710809434,0.08943699563913059,0.001362608366770618,0.0030553883613596254,5.24377802509542e-05,0.0013112536411654168,4.5868855696414213e-05,0.00019469336858040688,0.00016557247488866301,0.00022855950161565272,8.254382881381792e-05,0.006740941005916995,0.00030570580778847394,0.0002763701689534843,4.761141781444319e-05,0.00032439660307231346,3.638718213217769e-05,0.45795915343484384,5.5788568661335884e-05,7.139703861759962e-05
Z_M_1866_WK_0835,0.00011053124920334282,1.6076590850251063e-05,0.00017235481836027229,0.06781412349215067,0.05806248578979749,0.00010510684643696995,0.20580224124914404,0.03968226295604397,4.167484417200826e-05,1.6297662145002324e-05,0.18156591275674225,0.05209664473462698,3.834754549321923e-05,0.020004285669806162,0.22019585477292403,1.954216203457138e-05,1.6796534496391042e-05,7.129399310118444e-05,6.0630328441737756e-05,8.369529815118907e-05,0.053462217451199584,0.005232162148853097,0.071047519528115,0.00010120289695745584,1.7434636412891783e-05,0.02361044074564413,1.3324478028288048e-05,0.0004929652271549539,2.0428994876749506e-05,2.6144598636116056e-05
Z_M_1867_SEY_0797,0.00015007127763191276,2.1827623828119458e-05,0.0033609963662381477,0.00013970123037138318,3.297730631279566e-05,0.18338405967448165,0.10618829035694809,9.353420107736105e-05,5.658306727809067e-05,2.212777832641911e-05,0.06139942412825633,0.40406968849909514,0.04445526031977358,0.0002682859758660492,2.607105352334569e-05,0.0012773271440805407,2.2805110860772452e-05,0.0013475920100250996,8.231944285507002e-05,0.14458036780866831,4.10392005292362e-05,0.0008498774859695089,0.04768217140136821,0.00013740592055117107,2.3671479155339257e-05,0.00016128373781298483,1.809100553821536e-05,4.391516133278258e-05,2.7737000929479034e-05,3.5497231314896236e-05
Z_M_1867_SEY_0800,0.00014776104437846634,2.149160414995609e-05,0.0008461779940837269,0.00013755063611348026,3.246964574739571e-05,0.00014050956189124537,0.1267213078275631,9.209431314495157e-05,5.571201396482133e-05,2.178713799789489e-05,0.00010880616314666666,0.5634913643422507,5.1263994682668046e-05,0.00026415591718553815,2.566970947035679e-05,2.6124469708374127e-05,2.245404351270661e-05,9.530766144841138e-05,8.105219760141514e-05,0.00011188604809519157,4.040743323003294e-05,0.0008367942680451706,0.30557137132447,0.0007510602577712277,2.3307074725885e-05,0.0001588008972573817,1.7812508258508185e-05,4.323912080295981e-05,2.7310010882420688e-05,3.495077841942549e-05
Z_M_1867_SEY_0804,0.00014776104437846634,2.149160414995609e-05,0.00023040839715583785,0.00013755063611348026,3.246964574739571e-05,0.00014050956189124537,0.14273131734768824,0.0007078639100728406,5.571201396482133e-05,2.178713799789489e-05,0.00010880616314666666,0.5400921196589908,5.1263994682668046e-05,0.00026415591718553815,2.566970947035679e-05,2.6124469708374127e-05,2.245404351270661e-05,0.0019426164522320787,8.105219760141514e-05,0.00011188604809519157,4.040743323003294e-05,0.00022102467111728143,0.31234483689067677,0.00013529066084333856,2.3307074725885e-05,0.0001588008972573817,1.7812508258508185e-05,4.323912080295981e-05,2.7310010882420688e-05,3.495077841942549e-05
Z_M_1867_STA_0300,0.22387063840602567,3.408453718386565e-05,0.23083775671820025,0.009983925141462216,5.149512526389592e-05,0.0011994183835833442,0.16874616647818,0.0001460566656127473,8.835628082121896e-05,3.4553238094178175e-05,0.004078871637253556,9.861916233708941e-05,8.130195962866085e-05,0.06194333338048535,4.071078923827991e-05,4.143201470541086e-05,3.561091464819993e-05,0.14077834416445928,0.00012854445967380734,0.00017744530096717464,6.408403257494578e-05,0.048202841483068755,0.0012139166102396585,0.0002145637676912987,0.0019901192113476627,0.10083935463605848,0.0010048274048124863,0.0039748858073821855,4.331221973560989e-05,5.5430069264717554e-05
Z_M_1868_JEE_0166,0.033391115082791745,7.364874388909498e-06,0.21826918386397673,0.004478466237190446,0.05234301865120419,0.0673621566022335,0.26224890618957686,0.039280478258402626,0.0036063585072582467,7.466149735903305e-06,0.0059457257532499665,0.0010763877661558619,1.7567459314680613e-05,0.0809095328154008,8.796653080424645e-06,0.00021996818565877228,7.694688997634933e-06,0.04160275204639446,0.002770979466178402,0.0032035771838131158,1.3847066419099673e-05,0.01252566794737356,0.042887468994519375,4.6362231323052775e-05,7.987010952340709e-06,0.01756872134527171,6.104099301288959e-06,0.04031881472499986,9.35876160315333e-06,0.06985817138323318
Z_M_1869_BCH_0198,0.06775061754533243,1.3972075722817537e-05,0.15267278448953925,0.030513957937724344,0.2250025301828805,0.10177334235930731,0.14123123916610586,0.008866974050942033,3.621937535959791e-05,1.4164207555939216e-05,0.0008713824567070917,4.042637857928439e-05,3.332763857749618e-05,0.1619021490614565,1.6688336617408074e-05,1.6983984370687474e-05,1.459777474282289e-05,0.005266157786181913,0.022070448213985384,0.023291462290881762,0.000426592407387084,0.0009443377130912568,0.015709880668930778,8.795487506208392e-05,1.515234557063519e-05,0.025723899352199833,1.1580229770875321e-05,2.8110524734759913e-05,1.775472586307302e-05,0.015635311844819217
Z_M_1871_HLS_0175,0.07449907238939013,3.810330807973222e-05,0.1794509202348449,0.00024386891866356043,0.0011492887827584124,0.0002491149142490261,0.25742083995008813,0.00016327762049165567,9.877401505407254e-05,3.8627271632077096e-05,0.00019290671493963453,0.00011024695171375263,9.088794717985004e-05,0.10854881772183043,4.5510834902857776e-05,4.631709716837705e-05,3.980965458095508e-05,0.29275049054493785,0.00014370062067946493,0.00019836716378398078,7.163992349441723e-05,0.0036670295321157755,0.02974181856871975,0.0002398621198518039,4.132202708188961e-05,0.05050075974789645,3.158049464856249e-05,7.666033347516789e-05,4.8418989622784446e-05,6.1965606124592e-05
Z_M_1872_LAN_0158,0.2337496830317507,0.0001886758528827787,0.23988111988187982,0.033642793800605295,0.0002850526215468235,0.0012335403743266163,0.21511791565235178,0.0008085005175527085,0.0004890985185324762,0.00019127035911072334,0.0009552146730118345,0.0005459089693417763,0.0004500491378606742,0.002319037826179015,0.04887820061801241,0.08672329462580462,0.00019712515551965437,0.0548954272968496,0.0007115612405555012,0.0009822531348869553,0.00035473884937974596,0.0235638731439617,0.0013137956896595413,0.0011877233846103482,0.011016357285824167,0.03923522255493851,0.00015637688858430036,0.0003795983742524221,0.00023975593257375433,0.0003068346076537797
Z_M_1872_LIN_0322,0.0838576092720333,2.781072985614392e-05,0.3166368381802569,0.040019138323541925,0.0072134225388110745,0.030461092695737643,0.09545410757195728,0.0017128183468711844,7.209288610131641e-05,2.8193158824732076e-05,0.00014079818280859463,8.046671919295634e-05,6.633702619491958e-05,0.17484603577067243,3.321731363488055e-05,0.06537328194290204,2.9056152995971694e-05,0.0001233307484759348,0.07420941162073733,0.00014478363906834083,5.228833557047042e-05,0.02498752131299216,0.0033809443718352677,0.0009718927348940635,3.0159998965915797e-05,0.07988778074701611,2.304987807244327e-05,5.595261756534562e-05,3.533990900446136e-05,4.522727340883826e-05
Z_M_1872_RIC_0127,0.05233285920291599,3.0832609706284306e-05,0.16376041746694672,0.001080739649174077,4.658209353036178e-05,0.0019683893062969623,0.2922244211404851,0.007199359161017844,7.992641082270755e-05,3.125659293829037e-05,0.0019229064976134468,8.921013436378764e-05,7.354512622730246e-05,0.06751772290486498,3.6826666257708735e-05,3.747908125804523e-05,3.221335899938499e-05,0.3393641281986215,0.00011628032775236892,0.0001605156519926245,5.7969922083126305e-05,0.002967303786551927,0.03466747738894779,0.00019409273098380892,3.343714752069281e-05,0.007295058768102883,2.5554449597736095e-05,0.0071292697871816356,3.917990024089358e-05,0.01948504453700409
Z_M_1874_HEI_0179,0.05048153415476716,6.980627212674635e-05,0.44876268031437216,0.004446901988793155,0.00010546373882037039,0.008456640446556061,0.21959377162766566,0.000299128936112264,0.00018095661824133106,7.076618726699997e-05,0.0003534102238570633,0.0062021668246698,0.0001665091325037138,0.09286093342488713,0.002083440885231402,0.00608504563366771,7.293234422415153e-05,0.0943125660040437,0.00026326335264493335,0.00036341391112655174,0.00013124624203562652,0.00071790398851028,0.0024861418178117253,0.0004394337724230201,7.570305080260212e-05,0.060517711525332175,5.7856304726135557e-05,0.00014044376642303075,8.870487461712148e-05,0.0001135226357401997
Z_M_1874_NOE_0325,0.10782287565416462,5.841358229179112e-06,0.3267580574750695,3.738588029930475e-05,8.82515940000077e-06,0.0005402834991512066,0.28799966147605893,2.503097815297143e-05,0.00838336555469533,5.921683507023103e-06,2.9573212499518558e-05,1.690120808638112e-05,1.393341116422941e-05,0.07572053442927446,6.976955633887013e-06,0.019756107273060815,6.1029465709549e-06,0.08856170564677962,2.202976186182199e-05,3.0410316661844558e-05,0.0005130760190146104,0.010101941711945589,4.067479301668116e-05,3.677162530698905e-05,0.0010105215801934774,0.07251197441788271,4.8413901992685955e-06,1.1752272764867349e-05,7.4227849951966076e-06,9.499524359001557e-06
Z_M_1876_BRU_0199,0.16707513043940997,5.875919157024507e-05,0.32387095512801134,0.20745234042459212,0.003455867558070477,0.0037512544489528236,0.05015855598134754,0.003618884577622844,0.00351941343194312,5.956719686688846e-05,0.00029748185104048585,0.000170012056229567,0.0001401584946008356,0.0007222163610504868,7.018235427178713e-05,0.04384364529423318,6.139055210043229e-05,0.001944123135464649,0.006955788660495594,0.0003059024206937316,0.00011047607677206556,0.16727543710096207,0.000409154491331908,0.012154720233939424,6.372278491659693e-05,0.0021177170273064387,4.870034725213349e-05,0.0001182180615677902,7.466702578499305e-05,9.55572915984685e-05
Z_R_1865_BLI_0296,0.0008303627262111424,0.000120774911193095,0.03935919580644606,0.17379291741177338,0.00018246746749339248,0.004250010730062519,0.11347817508797353,0.014359130843641375,0.00031308102885393556,0.0001224357027277946,0.0006114506204194589,0.0003494464515961649,0.0002880847963698967,0.1295192098383558,0.00014425432648038165,0.00014680991176742997,0.00012618346644815585,0.028218783353297628,0.00045548354134077523,0.0006287584411176086,0.0036874735823027786,0.24000958549006204,0.0008409849767213372,0.0007602837570709087,0.00013097718814048326,0.246580708102471,0.00010009974537205462,0.00024298795653444262,0.00015347221715013558,0.0001964105206052885
Z_R_1865_HJ_0297,0.04040143953685819,4.993250207629073e-05,0.10783390585378913,0.0432390128374287,0.004367381793845557,0.000326452783231988,0.15564501491790267,0.06459311926027146,0.0001294384650658319,0.002911914775225433,0.0002527947159889068,0.00014447318153669255,0.0001191041628661539,0.13223332610953764,5.963969987921954e-05,6.069626673065494e-05,0.005774759874452974,0.00022143298238484158,0.0001883125613510268,0.03316485027963832,0.0043858240463266855,0.21511069086142182,0.018946113804477666,0.10045967502180013,5.415047425135521e-05,0.05473356719465394,0.0014720324998534404,0.00010045957827094947,0.01293928109455361,8.120286432874329e-05
Z_R_1865_JEN_0595,0.05377217127830185,7.152287593040264e-05,0.17085431509224785,0.0004577609475890384,0.00010805719424624031,0.010713844753956652,0.1553193857208471,0.00030648480620631003,0.0001854065166488243,7.250639631314728e-05,0.006509842921885866,0.035044146770333344,0.00017060375325183807,0.04391329034559795,8.542738051601242e-05,8.694079756272741e-05,7.472582116670237e-05,0.00031717865253001477,0.020762210581741,0.049554286599184844,0.00013447371417287058,0.2978764212045633,0.018941257114416053,0.00045023987425620146,0.008274553993468806,0.125532567950621,5.927904726391288e-05,0.00014389741458811043,9.088621334975183e-05,0.0001163142672422929
Z_R_1865_KPK_0293,0.006136120822284658,5.051060517470299e-05,0.13223775627672013,0.11175855758682311,7.631172829472246e-05,0.0003302323528033941,0.20809942461137876,0.010346924448337597,0.00013093706366587712,5.120518308544624e-05,0.00025572149519080117,0.00014614584744388523,0.00012048311410479845,0.07008698020864614,6.033018991786963e-05,0.0029558218320799097,5.2772576608630765e-05,0.0016712080864670572,0.00019049278606759812,0.0002629599894201289,9.496749948325924e-05,0.18576252478101726,0.00035171758519543305,0.17543054862341068,5.477741172982109e-05,0.09299475249843175,4.1863816471721194e-05,0.00010162266826341354,6.41853054510876e-05,8.214300603036826e-05
Z_R_1865_KPK_0295,0.07069867715971709,0.0002195316045740195,0.2287913850748157,0.0014050469032220237,0.0003316696781282533,0.02030508981644813,0.16223880905811766,0.0764199941900535,0.0005690849195997497,0.00022255041226241958,0.0011114289755415525,0.0006351860620203833,0.0005236494647414727,0.05301780479944327,0.00026220995276370957,0.0002668552200062952,0.00022936269285089202,0.11419245416157371,0.0008279288446565547,0.0011428892648682768,0.000412752281859091,0.058867168817489,0.13361737911727004,0.0013819617954799464,0.00023807620300463073,0.07081144662075214,0.0001819505185463908,0.0004416772942592574,0.00027896524001276086,0.00035701385592211215
Z_R_1865_ON_0294,0.18268039545729725,5.836614301190758e-05,0.15447599402582,0.003718126029801141,8.817992244856915e-05,0.0003815909285627551,0.17357215966338144,0.0035946773459027814,0.00015130072896670196,5.916874344663085e-05,0.0002954919527869802,0.000168874821495472,0.00013922095457059616,0.08600394197350969,6.97128945595261e-05,0.011776945883882351,6.097990199865593e-05,0.000258833196415439,0.00022011870885139368,0.000303856196056657,0.00010973708664055341,0.30997305445729634,0.0004064175989639614,0.0037119884684120473,6.329653417904591e-05,0.06732268285100598,4.837458372873472e-05,0.00011742728420297357,7.416756746952156e-05,9.491809533491008e-05
Z_R_1865_ON_0596,0.0029630723216241338,0.0004309740613427723,0.25158264063267066,0.15093565943823264,0.0006511182227476862,0.015165768842147778,0.08388543715443221,0.02654300275871436,0.0011172005940772623,0.012785011926993077,0.0021819047895751892,0.0012469672300187958,0.0010280038583852698,0.005297154538248324,0.0005147581756455948,0.0005238775445557996,0.00045027398879660964,0.0019112174989314489,0.0016253507433557567,0.0022436661413790275,0.0008102957548480517,0.26374257898322806,0.003000976836707236,0.01506111350955051,0.0004673799397451988,0.15136179381544712,0.0003571966509948318,0.0008670799709188026,0.0005476513629782355,0.0007008727137076876
Z_R_1865_PAS_0291,0.21563402845606566,0.0007688813452617465,0.11543538000243718,0.0023948129648045423,3.9175937371056586e-05,0.0001695304543668307,0.2093586348430997,0.00011111550375588784,0.0008101696501034024,2.6287060854938843e-05,0.0008742298828296662,7.502648274967182e-05,6.1852077497318e-05,0.021121338791378636,3.0971539953575706e-05,0.0015174219423565662,2.7091709260527678e-05,0.09075499720382571,9.779274593022694e-05,0.00013499503034226408,4.8753198167303326e-05,0.1793178319391997,0.004638265415199287,0.1309225846328998,2.812092582922749e-05,0.0001915996883311164,0.02231001724721591,5.216974345007039e-05,0.0007759014876902683,0.0022710220977722466
Z_R_1865_RUD_0597,0.015531902601502797,0.00012785370800836806,0.14423619427844694,0.0008182897257603791,0.007519597698292361,0.004499110167384755,0.1897304370153584,0.007874305274439428,0.00033143117267172184,0.07705718502870947,0.040942684128155216,0.0003699280268192882,0.0003049698738990484,0.05285651424728698,0.0001527092866769251,0.00015541465861098816,0.01478645035008824,0.033535945902562966,0.05176722889959448,0.0006656109066387247,0.00024038411155878354,0.1002217571744822,0.0008902763545091427,0.1473335559503196,0.00013865395555122414,0.10717802303694182,0.00010596674002971543,0.00025722984134208854,0.0001624674516012572,0.00020792243275667856
Z_R_1865_WIL_0292,0.0002520647062733676,3.666240253098567e-05,0.06131844325276655,0.00023464683019465776,5.538977984721354e-05,0.002340569993023913,0.31806560615651386,0.0001571031532023522,0.050516051965894586,3.716655200345237e-05,0.021194367286460895,0.008509580073673506,8.745095039385998e-05,0.004652373139985201,4.3789808098508015e-05,0.0052967544523266725,3.830422224265652e-05,0.021171340270916893,0.00013826647251411175,0.00019086575875144795,6.893080535016372e-05,0.1978593462650449,0.00025528919404274467,0.0002307915515246299,3.9759403228255734e-05,0.012876150818414086,0.19121006117258282,7.37613647126135e-05,4.658798873786963e-05,0.10300252420874725
Z_R_1866_GS_0182,0.02929778902802135,0.0001638715352014982,0.15200284021140917,0.22172261931083906,0.00024757810812765243,0.0010713726838140814,0.003725076741350074,0.014787773020469618,0.0004247990607811949,0.0001661249540262552,0.005524824547517663,0.0004741409116188489,0.00039088331660098145,0.020794914575913162,0.00019572920986879423,0.004894384123329023,0.00017121004817669653,0.019507461918090285,0.0006180156660118936,0.2825643654533927,0.0003081030187768026,0.22705428867553612,0.00114107721426005,0.0010315790359868697,0.0001777143339202354,0.01060121727504319,0.0001358187622359062,0.00032969438006136634,0.00020823635957770254,0.0002664965200417741
Z_R_1866_G_0188,0.16207027822700398,3.921645838517599e-05,0.2689645744300891,0.00025099330693794704,5.924846290437339e-05,0.0002563925590746837,0.24696328374187265,0.010280588466655905,0.00010165959981215377,0.002286987029597103,0.00019854229304240375,0.00011346770692266022,9.354314829657991e-05,0.017336249008008706,4.684038874808058e-05,0.0011712858554573664,4.097265410487234e-05,0.07657977533944695,0.00014789869160462146,0.00020416226347700736,7.37328127142432e-05,0.14197888314415918,0.023869002360076733,0.0002468694534780265,4.2529209066496034e-05,0.00028976937856150874,3.250308743737108e-05,0.011315056391910574,4.983350232008357e-05,0.03489586102883349
Z_R_1866_HAN_0181,0.018518075991326724,3.193278292975243e-05,0.021385654891732015,0.04137606610028002,4.8244241901303805e-05,0.08072229946621468,0.18554102695120311,0.01752043847815059,0.036679835952948436,3.237189478705152e-05,0.0010765934595286337,9.23933420787359e-05,0.0037358751328125214,0.006796974793408799,0.054933727116370915,0.004613448614432634,3.336280030022518e-05,0.020269992274221747,0.027568222655747123,0.00016624319253985946,6.003841244608737e-05,0.26108243957148314,0.025840296024741187,0.07888469220778888,3.4630256204059364e-05,0.00023595049237775246,0.007345877806310301,6.424580729480256e-05,4.057792258002752e-05,0.10526847136585894
Z_R_1866_HOL_0299,0.09497939824046793,0.0002041244402676686,0.01973388561707398,0.07148842532023392,0.0061568913910458505,0.0013345414085046043,0.16254956490501457,0.0008746997195454599,0.0005291454089422601,0.00020693138203291514,0.0010334266811829092,0.012287605341996957,0.0004868987046044087,0.0668424067412442,0.00024380753716241128,0.0002481267903179032,0.00021326556323095485,0.04769321128141558,0.0066183221030011955,0.0010626790248804713,0.00038378450641389267,0.38810019407229396,0.001421367947622021,0.0012849729701608103,0.03531236124246073,0.07753875646634148,0.00016918086954614955,0.00041067950395821473,0.0002593869050528483,0.00033195791398377844
Z_R_1866_JEE_0167,0.0341045589158585,1.0066969381167824e-05,0.08750377150212349,0.014774622378629938,0.014436965834239316,0.08948070754786605,0.25982045794154324,0.019079856976978476,0.0055063637966458615,1.0205401588346954e-05,5.096633574846864e-05,2.9127462763785178e-05,2.4012775464591076e-05,0.12934267344286568,1.2024052623455913e-05,1.2237068709177111e-05,0.09144445460758385,4.4643447873751506e-05,3.7965988291826854e-05,0.032934014035815515,1.8927409525135696e-05,0.03413887662811427,0.014491855343466623,0.04159803104285255,0.012413628033793882,0.004112476418580983,8.343629167419188e-06,0.010403918560831341,1.2792392854176538e-05,0.10414145405821913
Z_R_1866_MAR_0298,0.020001732914880718,0.00021546580402526585,0.002309977896529274,0.0137259200820402,0.17935550641203846,0.0014086899011769157,0.2271420139254984,0.0009232989352249977,0.0005585452718670883,0.00021842870236075116,0.007264292494518203,0.0006234221984776633,0.0005139512972032193,0.008821763934321412,0.00025735373458089247,0.0002619129698822428,0.00022511481717820114,0.0009555146167994048,0.006986042883210833,0.01964206525747158,0.00040510796815155744,0.25532725074105544,0.04471447356345412,0.032223605211853946,0.00023366695013782974,0.16210170782996355,0.00017858073258966085,0.0004334972794096605,0.012620693837134383,0.00035040183696412487
Z_R_1866_PET_0137,0.027461014871438694,0.025722987001531288,0.11335583306257421,0.04427191910793089,0.00044692642283728276,0.0019340351403595113,0.006724484791472572,0.0012676264551124959,0.3228442951316998,0.00029988770820027797,0.0014976556768159332,0.0008559161516872106,0.01765706483889595,0.012111680104101947,0.008829051505706348,0.00035958864122258164,0.00030906728775048495,0.001311856388317441,0.0011156379413226737,0.010015770945502387,0.0005561856057817766,0.23188678471776772,0.010535587697998052,0.13747375803762868,0.00032080878291924404,0.01913724985737811,0.0002451791639387731,0.0005951621935587621,0.00037590694910203976,0.00048107781944695837
Z_R_1866_R_0130,0.15277269027231133,2.3361710160321874e-05,0.1207336720378001,0.11126181751429447,3.529501323708943e-05,0.00015273609344157723,0.18928808718000104,0.013487131793791669,6.055983134682014e-05,2.3682960079589764e-05,0.00011827400269208454,0.002075647636086611,5.5724764753738476e-05,0.022375730942882407,2.7903376051497305e-05,0.03282660610005101,2.440789681454184e-05,0.03357116050421339,8.810500765831689e-05,0.002129675460897596,4.392351249613523e-05,0.13812660276447106,0.007525536358132487,0.14338821808661395,2.53351550974012e-05,0.01690639885342657,1.9362475330370264e-05,4.7001601217746e-05,2.968640936519631e-05,0.012755664685283916
Z_R_1866_ZAC_0108,0.09202624017081072,0.012586422963175702,0.03954066756960966,0.0009602789330898469,4.138998981911343e-05,0.00017911157335719291,0.14583650621664324,0.00011739526550804827,0.03303846357433617,2.777269043635368e-05,0.00170857671537352,7.926665105062817e-05,6.534768609765014e-05,0.07961558505930315,3.272191578261628e-05,3.330161171672375e-05,2.8622814046666912e-05,0.00012149141286364836,0.00010331956374388276,0.00014262435838038824,5.1508515461451004e-05,0.3762676172543897,0.00019076474345096052,0.04020435744715943,0.01572849394520658,0.044943961744959786,0.11619370584932488,5.51181489242292e-05,3.481285509479055e-05,4.4552760883328663e-05
Z_R_1867_KOL_0302,0.002790768706064683,0.0004059127800369562,0.1439125101536234,0.07237831312890924,0.0006132554871278632,0.0026538096687011006,0.04411727740004079,0.0017393889452564512,0.0010522350175505423,0.0004114945395452199,0.002055026319108353,0.0011744556815667408,0.0009682251009394309,0.004989123285532543,0.00048482482094640647,0.0004934138955997409,0.0004240904104560358,0.0018000795821201993,0.024790965673916646,0.0021131962282936703,0.0007631767941619131,0.5275274177957874,0.002826469061314364,0.10722582329070975,0.0004402016448145119,0.02625940844819305,0.00033642555000516663,0.0008166589896696502,0.0005158052587780218,0.02392024634123023
Z_R_1867_MAR_0303,0.03881911843153325,0.00025856405882391945,0.010180311116432784,0.01647142860353328,0.00039064014647034176,0.0016904611853389895,0.005877597720005061,0.0011079805506937167,0.07475309781748983,0.00026211960687467134,0.0013090397055501868,0.0007481213769792157,0.0006167537073636989,0.07726087254094895,0.007717113594420498,0.00031430175594563753,0.00027014310272721923,0.001146640130218832,0.08246624690854099,0.0013460935963367864,0.0004861391392524406,0.410114699678885,0.0018004442051988067,0.09052706927775449,0.00028040586446635853,0.09080991936696652,0.07429713138732158,0.000520206983935813,0.007736847951513555,0.0004204904884775933
Z_R_1867_MLL_0301,0.06490817399329767,5.0075783698096514e-05,0.07370926210672436,0.07636240817868568,7.565479737368645e-05,0.0003273895415012417,0.18765620689832574,0.00021458123240562216,0.00012980988953741851,0.033050085110310885,0.0002535201119811902,0.00014488774821965972,0.0001194459329940199,0.004919746765512917,5.981083636482261e-05,6.087043504133637e-05,0.0014870713580391482,0.00022206838568966528,0.00305835907566389,0.003130202443759285,9.414997001173319e-05,0.17842437235845668,0.0032181959681337104,0.06344436472374965,5.4305859370258964e-05,0.05632537857747461,0.08469193486370213,0.00010074784764865048,0.10623536032468099,0.05747155888164527
Z_R_1868_BM_0204,0.0860335034061413,8.769703903016374e-05,0.09139607513735565,0.050814549876844105,0.00013249321784157138,0.04077596964957364,0.14018999704158233,0.0003757931943086455,0.00022733429431473807,8.890297243637141e-05,0.00044398632459527617,0.002766403493036023,0.00020918403815553394,0.01112854915864671,0.00010474590438236053,0.00010660156513548557,9.162429740373055e-05,0.00038890534404022333,0.08324863270513504,0.0004565538737021099,0.002677547112022989,0.4607193264316263,0.0006106557363507218,0.0005520569931220862,9.510511303173505e-05,0.025774626611093164,7.268439438359457e-05,0.00017643833555788243,0.00011143919614184486,0.00014261754300872996
Z_R_1868_GRO_0184,0.07152333154359163,0.0071908719505247645,0.10733530825448932,0.0007893732640725863,0.00018633625384150776,0.000806353897280389,0.06287768623078491,0.0005285092866439231,0.0003197191634590967,0.0001250316590467058,0.000624414968778769,0.007424391924162905,0.00029419294563401573,0.022718542398135488,0.00014731289454520161,0.00014992266490757212,0.00012885888513543593,0.0005469499955390207,0.003998909128785974,0.004175857908492948,0.00023188949439151488,0.40058421337544414,0.0008588160522637617,0.19159988375162135,0.00013375424623392548,0.0009113239033100329,0.05310874434206886,0.0002481399351414287,0.05669701659755452,0.003734343084118303
Z_R_1868_KOL_0304,0.08850572417986065,0.00014543476172931987,0.06823028443382437,0.05926802390516854,0.00021972371907462142,0.07595582192157041,0.18248455703200794,0.06312736239524198,0.0003770059889387496,0.00014743465408067867,0.02157101527759614,0.012921627625574614,0.00034690601966918237,0.005954500026695171,0.00017370820970056966,0.033512335229929725,0.0001519476371026003,0.0006449517186811164,0.004715427985182461,0.004924082195844023,0.00027343912454832965,0.19317509542067396,0.03018130342293372,0.05925273053932047,0.0001577201420478175,0.08858043141724364,0.00012053813555759974,0.004459545000549736,0.0001848082115135226,0.0002365136681383454
Z_R_1868_ON_0115,0.00046326056038392444,6.738049682808741e-05,0.09918100796037255,0.0004312488791286759,0.00010179886280363994,0.002371087104824859,0.1212264792177046,0.00028873417411984936,0.00017466835672434787,6.830705481625292e-05,0.023507865968367007,0.00019495667842567597,0.0001607229226357057,0.020133795860335896,8.04796964189774e-05,8.190546112976704e-05,7.039793759130612e-05,0.004159931464462804,0.00025411492345036636,0.00035078523949086854,0.0020572468202337524,0.2362214474168351,0.00046918672923587266,0.1548690753156836,7.307236182473141e-05,0.03717853929649986,5.584579205155069e-05,0.0001355633307678931,0.2761559024155106,0.019415191701341886
Z_R_1868_ROT_0124,0.06589388014233515,0.00011953400525521915,0.20334734326665735,0.18228181021716441,0.007030282068361936,0.0007814991655497702,0.0849134822373821,0.0005122187266540982,0.0003098642671614348,0.00012117773293073953,0.000605168250197855,0.00034585605212932507,0.0002851248593192653,0.015168585716504058,0.0001427721804905776,0.00014530150832956724,0.00012488699012513102,0.0005300910264746492,0.00045080366018440806,0.004047142925641338,0.00022474182487111099,0.35398831810505893,0.0008323442479394348,0.07609905525556526,0.00012963145856068707,0.0008832336178747348,9.907126712947121e-05,0.00024049136850041105,0.00015189536162874267,0.00019439249402284113
Z_R_1869_BEL_0306,0.06022558421358111,7.42125039944615e-06,0.3509206419220158,4.749751140392761e-05,1.1212070061937546e-05,0.010254805212705375,0.1981281189243489,0.018955956232656945,0.0015076545775728808,0.0008580471307107576,3.7571778080420884e-05,2.1472419999107775e-05,1.7701933199655218e-05,0.10109092027060794,8.863988948025601e-06,0.11972025005644069,7.753589644828612e-06,3.291062015004341e-05,2.798807616353381e-05,0.0019523139078343598,1.3953061758751415e-05,0.03069517974079849,0.01344742628334348,4.6717120965910364e-05,8.048149240630264e-06,0.09191140903471223,6.150824438522044e-06,1.4930869761591128e-05,9.430400250995565e-06,1.2068828203624122e-05
Z_R_1869_GRO_0183,0.04307200790060886,3.116296380245212e-05,0.38783961433020353,0.020735456160379213,4.708119450016035e-05,0.006453828808744323,0.2078541950834859,0.00013353734448685533,8.078277742478247e-05,3.159148977666308e-05,0.00015776963413083336,9.01659708494923e-05,7.433312094892397e-05,0.04502652093902216,3.722124330332156e-05,0.08218190807321417,3.2558507048743984e-05,0.07513926523828689,0.00011752620615652169,0.00016223548705167248,5.8591037240004715e-05,0.06639285707517803,0.00021699526937405376,0.00019617232558600796,3.37954077767287e-05,0.06362402261422354,2.5828251172768044e-05,6.269700237500624e-05,3.959969086696528e-05,5.0678852781415415e-05
Z_R_1869_JEN_0600,0.10212548786533862,7.878844105112775e-05,0.15886391522003032,0.11111772701400265,0.0001190340540459338,0.0005151094937792622,0.12594896521043764,0.0003376186957351875,0.00020424081410953682,7.987187116618442e-05,0.0003988845090978493,0.0002279640769769765,0.0001879343298396351,0.0032258159518655893,9.410541797127386e-05,0.011382860836158594,0.011369405016112211,0.0003493988635447831,0.0025545558394962954,0.004925010703878394,0.00014813406430056248,0.3529674324991185,0.0028060406621019285,0.0004959769490564193,8.544397478670162e-05,0.10893821303662148,6.530083781117222e-05,0.00015851505996091738,0.00010011877975705486,0.00012812991184725313
Z_R_1869_ON_0599,0.2769056859946821,0.0003422302249466183,0.20958356608795786,0.002190343020009652,0.010322498976440598,0.012042916147124386,0.25291585795479554,0.0014665009314330534,0.0008871527196562895,0.00034693627734520767,0.0017326188138142428,0.0009901985151978354,0.0008163228909996267,0.01401184874475376,0.0004087619697933293,0.00041600352782071223,0.000357556016232992,0.0015176699788923204,0.0012906673519578451,0.011587118083060092,0.0006434440569136336,0.10157413026979092,0.012188487475939912,0.08059799922717688,0.0003711396027319609,0.0025287301222803138,0.0002836446579621748,0.0006885355758295581,0.00043488197076273254,0.000556552813697894
Z_R_1869_PRH_0131,0.013335208162061176,0.00037535496229193277,0.02553319329111449,0.2820202154879183,0.0005670885509572833,0.0024540262763704476,0.04079605227853969,0.001608444730166658,0.0009730209413435464,0.1079258501380993,0.12020018735826085,0.0010860406218988579,0.0008953354368890152,0.03687713352202922,0.0004483263679649678,0.0004562688421889413,0.00039216414918151314,0.0016645664706779852,0.001415592077821684,0.001954111152928983,0.0007057235221040396,0.2727235720554369,0.002613687570596757,0.0023628771749644277,0.0004070625018881012,0.07805522146903596,0.00031109885139545256,0.0007551794852207189,0.0004769745447309588,0.000610422005921971
Z_R_1869_RCK_0305,0.27327714004749726,0.00012510400864239278,0.22716058854982066,0.05815164130427605,0.0001890078941457669,0.015155652741212625,0.1426367665375039,0.014873824467468233,0.00032430321291555873,0.0001268243301599809,0.0006333676667255197,0.00036197213037602737,0.00029841100687857144,0.0015376685665684138,0.00014942502816541915,0.00015207221673031992,0.00013070643001192867,0.0005547920210298803,0.0004718100500298432,0.004235730263245118,0.0002352142651034859,0.14824840873404566,0.0008711295314277475,0.018709707571230715,0.0001356719795130774,0.0905352499348736,0.0001036877550678158,0.0002516977004079987,0.00015897332807821975,0.00020345072684819086
Z_R_1870_BUR_0601,0.09624327542070672,0.00010419010358944645,0.004102223930961135,0.0006668378463264708,0.00015741103969387507,0.07829681974586594,0.1038657887229933,0.000446468116554763,0.13460484542815118,0.0001056228352746238,0.0005274862374312143,0.000301460474125776,0.00024852499976866214,0.004265830034221165,0.00012444532619185306,0.021023167684023118,0.00010885595618024723,0.009417696695899582,0.12577204278620593,0.009498067793841915,0.00019589299266101426,0.39810535173661094,0.0007255009420099986,0.0006558816117028152,0.00011299140413685169,0.009725508377615268,8.635405099091358e-05,0.00020962085678402818,0.00013239741635917554,0.00016943943312203483
Z_R_1870_HOL_0176,0.007133998123053382,0.00011115858564881557,0.23050273099892568,0.0707786923727411,0.00016793906460472197,0.09945787346244885,0.02163607369215439,0.0004763289666077745,0.00028815292859324577,0.00011268714183843329,0.0005627657721995804,0.0003216228679922043,0.17861815922354124,0.05232426718729295,0.00013276852573830314,0.00013512063051906374,0.00011613650156377596,0.003677824222735298,0.022713343620300062,0.07064595033610824,0.00020899478215815684,0.23682394705602516,0.0007740241714174043,0.0006997485346327596,0.00012054853812045138,0.0008213478629015922,9.212961540973023e-05,0.00022364079850061407,0.00014125247061885085,0.000180771945608184
Z_R_1870_JAC_0312,0.11581767608852157,0.0041235975810003335,0.10241279034075565,0.016608213375077827,7.16458285341139e-05,0.000310041078272961,0.2510834079785983,0.00020321051297824555,0.00012293122724118098,4.8074363526785755e-05,0.00024008601045135067,0.00013721010598133053,0.00011311645964917093,0.014170123773709771,5.664144344356491e-05,0.0014163700027116997,4.954592248786521e-05,0.012438826901111425,0.009689921319299003,0.00024688192410693817,8.916093680925966e-05,0.3469626043236502,0.009841288410202102,0.0002985253231420376,5.142817671721812e-05,0.11312458583462988,3.9304152634739614e-05,9.540919106772727e-05,6.0260847074490604e-05,7.712056661329023e-05
Z_R_1870_WIL_0313,0.01003532184993731,2.4596486738547833e-05,0.03902382116752715,0.0008621520754149784,3.716052117183614e-05,0.005798645392166036,0.20281650324913958,0.0036290469353500387,0.08251711916173116,2.4934716231372058e-05,0.00012452534162810393,7.116672599970477e-05,5.8670081422461315e-05,0.06513743787719531,2.9378201094928343e-05,0.004963005576613318,2.569796929226395e-05,0.00010907671733301707,0.059290044768129116,0.02056520740074213,4.624507731700859e-05,0.23845154710788144,0.03188410147419206,0.00015483604304564435,0.18255163013950299,0.02837092517164277,2.0385873483602453e-05,0.023305561319957875,3.12554761297532e-05,4.000010198852836e-05
Z_R_1870_WIL_0314,0.01681014549670652,2.4204166728168842e-05,0.03701440372665215,0.05563402756731379,3.656780172345348e-05,0.08684436269217367,0.2529801792910682,0.0555828339750485,0.0069976332025859225,2.4537001377430822e-05,0.03202303081985335,7.003159922409554e-05,0.0014447121786799987,0.054389634433045134,2.8909611565009206e-05,0.045106203502458614,2.528808036436029e-05,0.00010733691687569688,0.0035587269485179477,0.00636740829206791,4.550745696472664e-05,0.19581280512418645,0.01195785162444425,0.0029263221690533797,0.0014132266763825152,0.0424816698848719,2.0060713789793928e-05,0.05899525727384946,3.075694360151177e-05,0.031246364828826093
Z_R_1871_DUN_0193,0.00018248250197489593,2.6541783818831653e-05,0.05047527373357718,0.07925828494908962,4.009948778547479e-05,0.05188518112742067,0.15878016384260357,0.00011373498848116859,6.880343693511771e-05,2.690676334518102e-05,0.12409025056682489,0.03049541524178705,6.331020500207243e-05,0.03302624484530285,3.170167637094775e-05,3.2263297915930524e-05,0.016757971409715813,0.0001177034217079277,0.00010009815422653695,0.03511959052160415,4.990252705113219e-05,0.07175671902026322,0.0009452823745050426,0.04275314985323512,0.05782416196026099,0.0017170475444968397,2.19981598474325e-05,0.03503481267573911,3.372742210742006e-05,0.20917117650700384
Z_R_1871_GRO_0185,0.06875540829938248,0.001572837566713401,0.48690265764514784,0.0003394915733747596,8.013900504691413e-05,0.0003467945593599634,0.09999236689465248,0.0002272998813517181,0.00621667874920539,5.377328645820394e-05,0.0002685467444080585,0.00015347552817383947,0.00012652572684532053,0.03560722363901565,6.335594150923988e-05,6.447834466981426e-05,5.541928976951502e-05,0.09598223350114725,0.00020004660731983096,0.004835529352622952,9.973042270762014e-05,0.11453004257762676,0.0018891510382000164,0.01249226322933262,5.752467377123489e-05,0.06726286229541979,4.396342049223867e-05,0.00010671936944462824,6.740440339153167e-05,0.001606056433438943
Z_R_1871_HLS_0604,0.0030681917948584382,3.30516568137486e-05,0.0022483100712564147,0.09964485795695269,4.993464334346151e-05,0.0030570398348238946,0.13522304883369496,0.0001416306391708343,8.567877730857081e-05,3.350615445155939e-05,0.04183462784007311,9.563065771559835e-05,0.07015565467309708,0.027868778103629227,3.9477110317267706e-05,4.0176480136970915e-05,0.020868179912442643,0.003934508429613439,0.0702014655605999,0.0001720680893844026,0.010478966129213462,0.4179598576102514,0.00023014669654090506,0.0655499581533675,3.5843645257811926e-05,0.02391881797287519,2.739362338169057e-05,6.649687811742825e-05,4.199970839623679e-05,0.002894702362914218
Z_R_1871_MLL_0320,0.007919634916089234,2.6993389735288364e-05,0.18977355579759958,0.042710024387207036,4.0781776739917836e-05,0.035753098046427956,0.22180736359984043,0.0001156701784464259,6.997412084259531e-05,2.7364579353416418e-05,0.05968882589810159,7.81018521675233e-05,0.0023846016696249975,0.050603087728643546,3.224107736631559e-05,0.04489028770713522,2.820221066061517e-05,0.0704995383093254,0.01092946780324258,0.010194790276919816,0.019385870343216354,0.09463298571729381,0.0009613662638156714,0.00016992466035609615,2.9273615281369703e-05,0.07367290461795198,2.2372456436014173e-05,0.06347349763734315,3.43012909729986e-05,4.38980718630622e-05
Z_R_1871_MLL_0321,0.05260160979352383,4.678655328899667e-05,0.15868191895239206,0.11692392186682456,0.0014111966542761784,0.03381866609602478,0.22626942671938116,0.0015409976993293994,0.00012128332031500615,4.742992127720332e-05,0.029728115045361714,0.0001353707890798226,0.00011160012078634862,0.003256081701884935,5.5882158524233025e-05,0.006759428388062315,4.888175382491605e-05,0.00020748181243673537,0.006879004342010663,0.002924594936411516,8.796572442417583e-05,0.12648922096574025,0.020433454801346743,0.05659599589511257,5.073877622464371e-05,0.06200922193253254,3.8777276048474455e-05,9.413022013162182e-05,5.9453043642443285e-05,0.09257136273978016
Z_R_1871_NIE_0602,0.06350833297757381,0.00019720434387889596,0.10381828314845092,0.3176748528635115,0.0002979375174099528,0.012589752386980391,0.10618687151480515,0.0008450462083708565,0.04006279478030587,0.00019991612649736072,0.0009983921099422607,0.0005705850455783235,0.01742107279902517,0.01937454316826148,0.00023554212977042644,0.00023971495436437852,0.0002060355703304043,0.0008745315012981157,0.017694405723405082,0.0010266527593688222,0.0003707736892211102,0.17718512858805596,0.0013731816393653595,0.10859572125151565,0.00021386288091779977,0.007107364579580284,0.00016344540777165297,0.00039675690973795604,0.00025059333588201623,0.0003207040888231492
Z_R_1871_ON_0116,0.021130236850685036,0.00014074301593582276,0.013606438181716656,0.14607141451247746,0.00021263540110688162,0.017050231230971744,0.1765975796501727,0.0006031020901055008,0.00036484372290486515,0.0001426783914796772,0.0007125437192503996,0.0004072215580194741,0.00033571478286191237,0.04608758218680468,0.00016810435851349645,0.00017108246694038105,0.0001470457850368969,0.0046566630023967435,0.0005307901010578001,0.01686278316379964,0.0002646179400727441,0.26356107258656875,0.0009800277293621046,0.20251185974429867,0.00015263206816366694,0.0857228142867428,0.0001166495584132241,0.0002831619373668006,0.00017884627271249462,0.0002288837040609955
Z_R_1871_PRH_0132,0.10790654480166968,8.513019652846141e-05,0.06676889011135673,0.07615754934573846,0.000128615216639888,0.06397367334217945,0.21169941426589142,0.0003647939410422936,0.00022068034869473978,0.01228189741032924,0.0004309910971537456,0.00024631311922882035,0.03191161244140845,0.008363703532697726,0.00010168005127920829,0.00010348139789650231,8.894250628095824e-05,0.00037752230560173905,0.012516651695589466,0.00044319080123928324,0.000160057513998573,0.26430038487357427,0.003031901505407079,0.07614859737837695,9.232144041338022e-05,0.029898456566649623,7.055696346029813e-05,0.00017127408573088638,0.00010817743419211651,0.03184699430975056
Z_R_1871_STA_0118,0.02479741083939621,0.0002041244402676686,0.16009786041921745,0.0013064379191621807,0.0003083924409565387,0.042274034059129786,0.13330707015456802,0.006723198669634771,0.0005291454089422601,0.00020693138203291514,0.0010334266811829092,0.0005906074418183324,0.035577892405140275,0.008357417240351082,0.00024380753716241128,0.0002481267903179032,0.006061764513320266,0.012602217580879711,0.0007698231529118844,0.0010626790248804713,0.00038378450641389267,0.540161166774616,0.001421367947622021,0.0012849729701608103,0.00022136754192486472,0.0015082701151804352,0.00016918086954614955,0.01795617635422615,0.0002593869050528483,0.00033195791398377844
Z_R_1871_WIL_0317,0.12044886957896031,2.44072808831972e-05,0.16320054799939343,0.006449988081300874,3.6874667819350085e-05,0.000159571910962338,0.17048678478846332,0.027377619958648295,0.0007625787340305911,2.4742908581660515e-05,0.017606280002850302,0.0007699277859035147,5.8218768067955656e-05,0.05974121555520363,2.9152212411019375e-05,0.04758264682898182,0.004920659806962759,0.00010823765629876421,0.00638582473413496,0.007120150187514228,4.588934198364458e-05,0.23521866696590515,0.007862347337979381,0.08197273976011109,2.646904881697739e-05,0.04143954639548202,2.0229057322394768e-05,4.910519285655517e-05,3.1015046707519776e-05,3.969240546295135e-05
Z_R_1871_WIL_0318,0.04586807233394045,1.7355693259895714e-05,0.09765078951110505,0.02497452935832568,0.012457945782918579,0.0006107384543160623,0.22267376178971268,0.03886135245095402,0.004520411512088713,0.0005148633415144656,0.02544858554865159,0.0020392923859859457,0.014462199240538137,0.06983097923388534,2.0729751047413684e-05,0.020906394485767445,1.813291780975239e-05,0.0010715043354994885,6.545426157095354e-05,0.02942922463384606,3.2631301584884324e-05,0.26770920546512444,0.03343787408471247,0.013038248591155063,1.88217890533199e-05,0.06178959525471796,1.4384613980741818e-05,3.4918050427858795e-05,2.2054387773593705e-05,0.012459949438731912
Z_R_1871_WIL_0319,0.00014343327376890476,2.0862136936972135e-05,0.020546627261732037,0.01507688022093842,3.151864286866312e-05,0.0007341285119424237,0.22761327780966145,0.02280330158495082,5.408026577536704e-05,2.114901489927734e-05,0.03178553894365476,6.036187195933949e-05,4.976252445112234e-05,0.09649164653032231,2.491786980470548e-05,0.0478441058800752,2.1796387430287433e-05,9.251619704168991e-05,0.07658867277241785,0.027006653964957918,0.006016567261821555,0.29429984248584956,0.04557307735650227,0.02523617008406202,2.262443422738403e-05,0.028247663390172047,1.729079801987252e-05,0.029928689296895867,2.651012845778772e-05,0.0036203330984021192
Z_R_1872_ANT_0323,0.00842141335727818,0.0001312184811114621,0.09539737500244604,0.1061092975607054,0.00019824567619393895,0.02341563501368526,0.18344477071108845,0.0005622882222083266,0.0003401535688595565,0.00013302288353637994,0.019462443690225904,0.04173552779577467,0.004072619899880272,0.03544943848422323,0.00015672819319443934,0.0001595047633976758,0.00013709472145447365,0.008101155586419611,0.0004948698191998626,0.0006831280339138869,0.0002467103887202657,0.2833212830884345,0.004673330106621599,0.053460762823314155,0.0001423029627450227,0.07992167435459452,0.0001087555057388117,0.0002639994537760459,0.00016674316733756073,0.04908850668392051
Z_R_1872_JNI_0324,0.016441679585221195,6.21050056576051e-05,0.05760693728592897,0.0003974846630539827,9.382861878398053e-05,0.0004060351696093023,0.19002920653461225,0.00026612800975641266,0.028631552091915077,6.29590196795547e-05,0.0447996695911816,0.00017969273286164608,0.00014813927604399142,0.0007633401684132186,7.417861601963504e-05,7.549275185416176e-05,6.48861987994323e-05,0.0002754137295739645,0.0002342192400099412,0.01989683031462768,0.00011676670814568409,0.23374140603133478,0.00043245220568811004,0.028861513163230684,6.73512315606404e-05,0.032488271381166715,0.21358066759544705,0.00012494953021471763,7.891864974469386e-05,0.12999792489986334
Z_R_1872_PER_0139,0.0026087304789465865,0.00037943561527517214,0.16713963578739685,0.11114297250030421,0.011444704367985063,0.0024807051021530423,0.06298246603490455,0.00162593085782154,0.03359795131591754,0.0003846532838421566,0.0019209796147008679,0.0010978474590234032,0.0009050690319885241,0.01553513997905236,0.00045320032599054,0.0004612291464318073,0.000396427542412032,0.012554113464850199,0.0014309816173661762,0.012846805917851832,0.000713395760611909,0.17784541625914144,0.002642102146274902,0.0023885650777809293,0.0004114878618262034,0.26371845757463225,0.0003144809472342225,0.0007633893817954986,0.0004821599499990843,0.10933156559648925
Z_R_1872_SCH_0605,0.013763182108063267,3.6281290154210954e-05,0.03053499665946082,0.00023220763349764479,0.0010943322745359625,0.2518006269183859,0.17962187942818,0.0001554700372038808,0.0489514100890021,3.6780198900744884e-05,0.00018368233232597916,0.0021840117436639763,8.65418817771035e-05,0.05346137010475803,4.3334605037856807e-05,0.008360248566193683,3.7906042849828455e-05,0.00016089468681825613,0.00013682916725503677,0.027216356995281982,6.821425702691094e-05,0.1043249534100903,0.03559625698979689,0.00022839243115419758,3.9346096963052346e-05,0.03249314822664465,3.0070383578255823e-05,0.028139988204404096,0.005243695105959849,0.17573759213103557
Z_R_1873_CRO_0194,0.0007618213784380706,0.05408179354953555,0.17897471535442858,0.0991268626579308,0.0001674058977095434,0.000724434431104479,0.23427657173698588,0.01634863669519203,0.00028723811105132194,0.0001123293867581489,0.0005609791236899995,0.00032060179129185794,0.0002643051641768414,0.0013619261138775947,0.00013234701700350136,0.00013469165440669828,0.00011576779558043967,0.0004913840066964159,0.00041788616994333844,0.0005768582899938475,0.00020833127304921867,0.32814024268812614,0.03886873473287498,0.0006975269981814638,0.000120165824962323,0.04209067217493464,9.183712562411889e-05,0.00022293079174636376,0.00014080402736133113,0.00018019803734448036
Z_R_1873_PET_0138,0.15700608558065832,4.755147269602601e-05,0.1871623514729009,0.06025114635456066,7.184105301930563e-05,0.0030357407707350854,0.2599421384535457,0.0070159014209312445,0.00012326619699508257,4.820535919062916e-05,0.004328022523265044,0.00013758398360758415,0.00011342468558574734,0.041457284059745074,5.679578315688851e-05,0.14311268293237495,4.9680927936318325e-05,0.031546705027867314,0.00017933288433494954,0.00024755464152151834,8.940388742263016e-05,0.05089884563616051,0.00305596730411207,0.0016617661990834575,5.156831103528505e-05,0.04803631690144122,3.94112507466745e-05,9.566916726717743e-05,6.0425049137444397e-05,7.73307089652292e-05
Z_R_1874_MLL_0151,0.04599758997282049,1.5857462625814204e-05,0.11648161661851739,0.07143322119441428,0.0009326420118689496,0.0001036742120650172,0.2625159339814553,0.0009766357467356547,4.1106804922135064e-05,1.6075520659809874e-05,0.030521211485112634,4.588149965227539e-05,0.006852958317724341,0.003375301613773782,1.8940254794452997e-05,0.0009279602584181166,0.0013795942851502674,0.022333091538017644,5.980392088168879e-05,0.010532425813482408,2.9814403698275793e-05,0.28003789591584655,0.0023821305085275396,0.03326680631075011,1.7196997664947938e-05,0.016473490676693323,1.3142861836205815e-05,3.1903748892909026e-05,0.05363253375705051,0.039553562305947136
Z_R_1874_NIE_0606,0.0009374083434692499,0.0001363445225326466,0.04052666490844694,0.19229081363350947,0.00020599013062698216,0.08292776760823103,0.034351289168995484,0.008397240953304816,0.0003534416458801761,0.00013821941382081195,0.0006902753400504923,0.016020469047710408,0.019857690487718335,0.0016758270881752266,0.004069344259010071,0.00016573580659469465,0.00014245031782206486,0.0006046397236435852,0.0981765391052873,0.0007098143860813105,0.0002563481139926865,0.21235284729345913,0.0868922567151727,0.09070764544463378,0.00014786201871952857,0.07132432889222019,0.0001130040324895936,0.035432753977624624,0.00017325697831320974,0.00022173064246349582
Z_R_1874_RIC_0128,0.01933679011873413,0.00012879733336923892,0.31136216882642215,0.17057602141037279,0.00019458779151750573,0.0008420617073625662,0.19851125245243728,0.0005519132898958426,0.0003338773032125407,0.00013056844227619994,0.0006520659681635563,0.00037265828371399435,0.00030722070660304705,0.05693687637282074,0.00015383635884396317,0.00015656169779820373,0.0001345651496098014,0.000571170609627978,0.00048573884210500974,0.008051031813954336,0.00024215826850386353,0.20797881591779602,0.015657863767495422,0.0008107852826993241,0.00013967729222938002,0.0009516801054348025,0.00010674882844043484,0.00025912832833667216,0.00016366654398610196,0.003899711186237143
Z_R_1874_SEH_0327,0.0005969430431792992,8.682439703944926e-05,0.07556065977577853,0.08762382634634079,0.00013117482503547368,0.0329072397130152,0.1810852521391506,0.0625635770620006,0.00022507217174660605,8.801833063198134e-05,0.0029272293049377837,0.0002512150674149844,0.0002071025223198744,0.023456117581221368,0.00010370361520669095,0.0001055408109407959,9.071257666414314e-05,0.000385035485520758,0.025204053829153496,0.0004520108687657769,0.00016324286459168676,0.4014063320975928,0.0006045793186825378,0.0005465636706702277,9.41587559359773e-05,0.08273435387639293,7.196113787105759e-05,0.00017468266054214304,0.02001161774500649,0.0001411984066499854
Z_R_1874_WIL_0326,0.0008378209100541334,2.358270169306108e-05,0.025928779248760823,0.00015093408553970724,3.5628888583533995e-05,0.028532865247131646,0.1829704739467048,0.0001010549375175042,0.045331891048277236,2.3906990495679726e-05,0.10485025168647186,6.823347120922758e-05,5.6251896589976044e-05,0.052993128763089856,2.816732975180012e-05,2.8666337408939116e-05,2.4638784814220356e-05,0.00010458093929697358,0.02306215909633937,0.0021498212567794476,4.433900966150529e-05,0.12929797544446003,0.0001642120672120113,0.00014845421841310397,2.5574814553782497e-05,0.03733681478451335,0.3378610258409648,4.744621575251358e-05,0.02773296860659765,3.8351431361500867e-05
Z_R_1875_BEL_0328,0.010432461155531871,5.029225459891957e-05,0.12446133357953659,0.1761184297386157,7.598184292204579e-05,0.01617931332657706,0.22160939189581513,0.00021550883831107567,0.04479998597148089,5.098382994245514e-05,0.0002546160454437236,0.00014551407853461644,0.00011996228175194953,0.17785565261466105,6.0069390593448004e-05,6.113356977301287e-05,5.254444783353067e-05,0.005986849638999141,0.00018966931128687464,0.0002618232486327379,0.0015355122880733201,0.17199090040254772,0.0017911524775794639,0.00031659211255308565,5.4540616321218016e-05,0.0450412230763844,4.168284480449457e-05,0.0001011833670899032,6.390784097895138e-05,8.178791282565856e-05
Z_R_1875_FRI_0330,0.03317450205126777,2.4510121702199463e-05,0.23762497976016533,0.026140306981111434,3.703004035171559e-05,0.005778284751827883,0.09255256931528161,0.005723069532399214,6.353682270642402e-05,0.023901519202618206,0.006444383638617735,7.091684003253019e-05,5.846407461472192e-05,0.03190273458180802,2.9275046143069434e-05,0.06042372883548862,2.5607736647431494e-05,0.00010869371894965596,0.05346382061863313,0.0008298556167499762,4.608269811928532e-05,0.39491941151398396,0.00017066991749806258,0.02332870935014045,2.6580576957763564e-05,0.0029901248838698565,2.0314293069573433e-05,4.93120990774816e-05,3.114572954843347e-05,3.98596506184242e-05
Z_R_1875_MRK_0608,0.0014905923149276174,0.00021680423359311086,0.28806693196228295,0.11941171061230334,0.006539344909415749,0.0014174403951320437,0.12916424156628437,0.0009290342796359376,0.012985606360794691,0.00021978553684791352,0.0010976210359461812,0.006839090529734844,0.0005171438576919752,0.03372374596967559,0.00647074812330621,0.000263539919758017,0.00022651318444503668,0.08792659071687735,0.0008176429948831015,0.0011286904754892163,0.00040762441611041813,0.21964251691526426,0.0015096604215248134,0.0013647928666369671,0.0002351184415079219,0.07614350989289954,0.000179690039627159,0.0004361900759718204,0.000275499489822626,0.00035257846160923563
Z_R_1875_WEI_0607,0.043637937509163845,8.350084827340308e-05,0.02481955882559934,0.014889037350121538,0.0001261535874254401,0.0005459186539347828,0.0449619601301996,0.002750247796339152,0.08873658212961445,8.464907931396239e-05,0.0004227421488283608,0.00024159881258582706,0.0001991748504215193,0.20677579993642456,9.973394730104314e-05,0.00010150081706890734,8.724019237450622e-05,0.00037029672249537163,0.0888350357775737,0.000434708356841123,0.0001569940953553967,0.23053258131245588,0.0005814366431546971,0.09861551056023327,9.055445544240436e-05,0.1513404424841214,6.920653940415473e-05,0.00016799598766342765,0.00010610697364080458,0.0001357934766281158
Z_R_1875_WIL_0329,0.22495248399834553,2.937920117548486e-05,0.28735586254198914,0.07678838829765569,4.438627511717938e-05,0.006926174918093293,0.1505015011415076,0.027062282415187967,0.0009179209329563189,2.978319839747803e-05,0.00014873892771866812,8.500488636326997e-05,0.0034371268966704254,0.04244921071325133,0.0017186150011284612,0.02865562538721618,3.0694863769126606e-05,0.00013028636390846618,0.001794323321877733,0.0018364734513120376,5.5237296460838415e-05,0.13161703759383553,0.00020457449790341233,0.0018684677511122938,3.186096451461178e-05,0.009476465768265916,2.434984656870142e-05,0.001742632532182626,3.733301145047181e-05,4.7778004064261266e-05
Z_R_1876_FIE_0331,0.0001555178612059671,2.2619820571419466e-05,0.0877353075128468,0.09347042869827062,3.417416195175662e-05,0.0001478857071986049,0.1664264662733633,0.003337403076929191,5.863665414474186e-05,0.04020481107253127,0.027334501380814624,6.54475002824625e-05,5.39551330559251e-05,0.002222307488259112,0.0013232069423764405,0.02141462567749387,0.20611779253913196,0.00010031090215520568,0.0007334019300062154,0.0007658544245165715,0.0006906234910012253,0.14281349275151764,0.009878929922571876,0.00014239283637984445,0.003913099647500294,0.002111421784686441,0.011684454743990897,4.550898794731802e-05,2.8743668534632444e-05,0.17696667740876382
Z_R_1876_KOL_0162,0.10919622208882784,8.813997121608248e-05,0.29893674113125723,0.12935718207477695,0.00013316240247137162,0.010677665814768835,0.23686151854384963,0.0003776912162127974,0.00022848249358153986,8.935199544047046e-05,0.00044622877012645735,0.0002550215096909056,0.00021024056576814435,0.07431861324602321,0.00010527494541849125,0.025360682790115215,9.208706502714307e-05,0.002916223872745489,0.0003324060090509138,0.0004588597942611722,0.0001657163409934737,0.07919243474301789,0.013240511386277904,0.0005548452721041301,9.558546124044373e-05,0.0006512639268661707,7.305150207665399e-05,0.00017732947417000407,0.00011200204304397523,0.015295463549579504
Z_T_1866_SEY_0814,0.00037553610410048354,5.462111700207018e-05,0.0005855851397362624,0.0003495862540758241,8.252191446527713e-05,0.10677603918330758,0.12644037469374989,0.000234058575544998,0.2364542227836011,5.537221909634406e-05,0.009666437736286886,0.020502835052015105,0.003260256543108269,0.09457041312900241,0.04544978467834585,6.639558902172768e-05,5.7067165825294076e-05,0.00024222533091732974,0.0017709792392884456,0.06444871599458923,0.00010269587708814546,0.0005617363104775861,0.09114942980885758,0.00190882681111596,0.05639867015986448,0.0019685783012773125,4.527065969109173e-05,0.1362635272384963,6.940865322701181e-05,8.882773682413882e-05
Z_T_1868_DRS_0672,0.007186018414519779,2.4492921424195833e-05,0.0030696340635420526,0.13559687274670423,0.04845859888213946,0.0001601318186738278,0.23705064165689232,0.005719053298282247,6.349223496315224e-05,2.4829726776893064e-05,0.00012400101852913495,0.008492013999892948,0.003567234266160037,0.3343398735616802,0.009853925916412407,0.0007315350137235634,0.004236163229415305,0.00010861744180154964,0.08009326699554295,0.00012751101152516444,0.024607728895000174,0.0023571776498348723,0.03455690009816373,0.000855946338396733,0.0007283241675975346,0.05702371930627461,2.030003726568599e-05,4.927749370818231e-05,3.112387265137813e-05,0.0007415939225056665
Z_T_1868_KLE_0213,0.00044221420629697285,0.01071150960712773,0.00013344568110337923,0.04965198726846433,1.8805451734539258e-05,0.17625927165983105,0.13473449777921168,0.031437254392886825,0.0467515054933164,1.261846141595249e-05,6.301728899026128e-05,3.601463027668566e-05,0.00038632598920038444,0.21413423744184706,0.00072813795184781,1.5130514758716356e-05,0.0035793588165983076,5.519935884867679e-05,0.033214036180130274,0.02538591520055764,0.0021632152438467033,0.00012801090646860004,0.09209860941271915,0.15164840571452207,0.0014400404048472769,9.197274993413635e-05,0.02176507650481773,2.5042810926546428e-05,0.002868900427593468,2.0242449879632567e-05
Z_T_1868_RAM_0775,0.10848668033063551,3.7773403611446516e-05,0.05776526112657624,0.0034885667780328792,5.706828701009608e-05,0.0002469580379180946,0.14696507243263685,0.0012441337087074871,0.17867243114124648,3.8292830604478065e-05,0.005602585356490125,0.06396320894530133,9.010102495710748e-05,0.017780593838995502,0.02169051222850029,0.004374995163135885,0.027096209268300548,0.12138172611033093,0.023952391414941095,0.00019664966950352203,7.10196537052693e-05,0.16272893624739404,0.012167992852302264,0.009978213300800393,4.0964254435367357e-05,0.031664930063556244,3.130706573069971e-05,7.599659618231109e-05,4.7999770352032136e-05,6.142909810545208e-05
Z_T_1869_LAN_0157,0.0884486784026213,2.7503909435570305e-05,0.3596374452697095,0.003328158505420153,0.0008295850462684119,0.000179817301590136,0.16926405259039237,0.000905889794894248,0.07651039893254798,2.7882119276591918e-05,0.004079404700593668,7.957897432783884e-05,6.560516642777177e-05,0.06022848386047721,3.285084536193344e-05,3.343282539069518e-05,2.8735592509835953e-05,0.14433182121732827,0.00010372665934235651,0.0001431863211532444,5.171146724684814e-05,0.016043496086809637,0.00019151638703702298,0.00017313840592589008,2.9827260356929678e-05,0.06324578352453113,2.2795581499827604e-05,5.5335323242528655e-05,3.495002330926855e-05,0.011865207904971857
Z_T_1870_ALL_0098,0.06554546013678743,2.6222720233422978e-05,0.09569925361947378,0.00016783074095195121,3.961744458772983e-05,0.15569546928005276,0.2477816195250838,0.030165320076841293,0.013591804881126797,2.6583312274851488e-05,0.02793173941420922,7.587202049039895e-05,0.0008138729495040832,0.1708728110399597,0.004539263432368763,0.012053056381868136,2.7397028953002307e-05,0.00011628848757986222,0.06621538995411975,0.0008878402129768508,0.006059893103191616,0.02055542338683278,0.00018259515612325438,0.00016507325952665235,2.8437844645375837e-05,0.03700862557805475,2.1733715987847783e-05,0.043629538548994526,3.332197866406905e-05,4.264476853556902e-05
Z_T_1870_GTH_0309,0.1701760573164087,3.7773403611446516e-05,0.2558206293440586,0.26215104220960816,5.706828701009608e-05,0.001329227809598326,0.11882605836895083,0.00016186393702725572,9.791881400830846e-05,3.8292830604478065e-05,0.0001912364980889681,0.005520641274568833,9.010102495710748e-05,0.028603291555797817,4.511679489566343e-05,4.591607641495856e-05,3.9464976294763085e-05,0.00016751168214501567,0.00014245643797600034,0.002361189212863985,7.10196537052693e-05,0.07181827542625462,0.00134529513549995,0.00023778535567830993,4.0964254435367357e-05,0.05222805572548064,3.130706573069971e-05,7.599659618231109e-05,0.02818701383403805,6.142909810545208e-05
Z_T_1870_LAA_0308,0.199803844197126,3.498604454454543e-06,0.18097203961573488,0.002628650960487027,5.285712804580562e-06,2.2873461454815216e-05,0.20376870823017318,1.4991974165851992e-05,9.069323018605656e-06,0.0015071577799863442,0.003024934617041027,1.0122755629213613e-05,8.345232812706673e-06,0.052067944647839606,4.1787555396476874e-06,0.27516507782090815,3.6552793409900947e-06,0.030388458601555233,1.3194435259139101e-05,0.001421584186052201,6.577900137433743e-06,0.0012388693170549006,0.006038805893776764,0.0015256349456670719,3.794143745033233e-06,0.040322627658744704,2.8996867941266447e-06,7.038868741133145e-06,4.445779154397569e-06,5.6896148008153954e-06
Z_T_1870_LAA_0310,0.18105549704906165,6.459767774732543e-06,0.08964938183118393,0.02151096118338398,9.759456287791199e-06,0.013738368406472216,0.22354191168084053,0.010947572529692499,0.003533320710805677,6.548596882785032e-06,0.01021226400571178,1.8690495440783233e-05,1.540850550496651e-05,0.020623600605428574,7.715587950827596e-06,0.2098918702242849,6.7490498002737885e-06,2.8646784847413303e-05,2.4361995990789995e-05,0.009843023915447719,1.2145330484302493e-05,0.009875827895786162,0.014111281955071558,0.14477549878905846,7.005446833426013e-06,0.014114032080538219,0.022400385833185606,1.2996455602933575e-05,8.208616117946536e-06,1.0505214527510441e-05
Z_T_1870_LAA_0311,0.0652025793082295,4.839448063304976e-06,0.0976671849651197,0.15754657430675362,7.311467451756219e-06,0.0477300259125917,0.12684351162810373,2.0737663055814682e-05,1.2545150013170386e-05,4.905995943959637e-06,0.03177720556291797,1.4002311711097681e-05,0.005696525624641172,0.026404521119425033,5.7802677229272054e-06,0.3079655213138437,5.056168754678821e-06,2.146124013807425e-05,0.0008501998116559701,0.015000269066246399,9.098886854781734e-06,0.03069320996804562,0.010294397601200734,0.05549370429135425,5.248253078573429e-06,0.007523295918928911,4.01099461877151e-06,9.736522130634967e-06,0.011930746172018385,0.001255793059385977
Z_T_1870_UHL_0097,0.5001455059010226,2.0482599201603538e-05,0.16336665862068384,0.0007179527547680274,3.0945234958802085e-05,0.00013391280707248488,0.153636052448348,8.777059598405386e-05,0.05052305257232131,2.0764258091075055e-05,0.0012774177556805304,5.9263729029146355e-05,4.8857211831736156e-05,0.04602683064140671,2.4464547505822128e-05,0.002372337779175171,0.0011951197641332158,9.083308145213161e-05,0.0024246867163525846,0.00010663313279896923,3.851035287275249e-05,0.04892002413277668,0.0001426253022468615,0.0007157988826167974,0.0017827927020269052,0.016583424139398163,0.007646155653535052,4.1209096122243294e-05,2.602783874079482e-05,0.0017938897478459587
Z_T_1871_HAR_0603,0.0024085865036390154,6.349303897450247e-06,0.013893833228093564,4.063683584893616e-05,0.12080310310322391,0.14339284578993444,0.2368195671591732,0.00584858159302272,1.645910211883208e-05,6.436614002338351e-06,0.07261740188805135,0.0014737143830597604,1.5145015651993476e-05,0.05992904152100248,7.583649189206049e-06,7.717999837557014e-06,6.633639117582425e-06,2.8156916629813478e-05,0.00020586333644351186,0.096085725728669,1.1937641857875597e-05,6.529772258812431e-05,0.06316973607334524,3.99691672239824e-05,6.885651688104823e-06,0.021331313533260305,0.0001871803194282705,1.2774212493445523e-05,8.068246433597029e-06,0.16155345412107436
Z_T_1871_KOL_0215,8.30034253815125e-05,0.00035797569497895683,0.0056638775285720155,0.143972908099161,0.0090117170461271,0.08828419023744374,0.10093220076546607,0.09932588881694421,3.129571811998333e-05,1.223872699798357e-05,0.0014447328002111476,0.0031480576547978727,0.03531090119027473,0.10564879652700035,1.4419726278669794e-05,1.4675183714298558e-05,1.261335511710683e-05,0.0003994411951024974,4.5530336252801305e-05,0.08688449931264881,2.2698508819258654e-05,0.0001241586026528532,0.1453633174339277,0.1501978922444402,1.309253765773506e-05,0.02326470471882463,1.0006014821509516e-05,2.4289183608759836e-05,1.5341150707091586e-05,0.0003655362639494309
Z_T_1871_LAA_0316,0.1262903732702732,3.36925146960538e-06,0.1823899111719828,0.034580937525091664,5.0902855314410114e-06,0.005427963306956767,0.16486108818246364,1.443767983724752e-05,8.734005317422209e-06,3.4155824854075654e-06,0.008705168295701674,9.748489640421921e-06,0.0010699168820645264,0.020603273843690557,4.02425550712181e-06,0.3748478045091147,3.5201336566551483e-06,1.4941438347698588e-05,0.002329536118004857,0.003492784717518638,6.334697160963105e-06,0.055348954889879995,0.0009888065466704642,0.010929615239965666,3.653863863510202e-06,0.008037264057182211,2.7924774348432844e-06,6.778622493384913e-06,4.281406527800896e-06,5.479254165108096e-06
Z_T_1872_CRO_0216,0.00022767097830962815,3.311437437956307e-05,0.0525379676210988,0.00021193872866014703,0.021871991634618632,0.007806745591417383,0.20948455835681865,0.0001418993920803661,8.584135809491488e-05,3.356973445479032e-05,0.060889630974064524,0.02096899339317352,0.19363030506134002,0.02507531793559262,3.955202057905701e-05,0.00668171948533881,0.005727283106915166,0.032405403408076475,0.019100504980264756,0.014404109101760466,0.051296432190334126,0.15309429161215432,0.017308640817174998,0.04385238102151615,0.014267626163314265,0.04863251054905961,2.7445604478644937e-05,6.662306006205173e-05,4.207940544411469e-05,5.3852339423456855e-05
Z_T_1872_HER_0177,0.20438682529598512,1.0456018290082097e-05,0.069914707951259,6.692064291617409e-05,1.5797015775946607e-05,6.836020888972522e-05,0.07243694959073893,0.01682139847289371,2.7104809530686948e-05,1.059980035948117e-05,5.2935984861675733e-05,3.025312503399039e-05,2.4940775117791456e-05,0.5585494000545892,0.0012108168120895835,1.270998345137553e-05,1.0924260842373612e-05,4.636874215327373e-05,3.943322493093083e-05,5.443439945783286e-05,1.9658879716959547e-05,0.0019050242469486514,0.0006719718278748302,0.060281806995116954,1.1339274533523438e-05,0.0006764232823515554,0.0039032323278540815,2.1036542214729966e-05,1.3286768697976193e-05,0.008704882685523897
Z_T_1872_ROM_0225,0.03127492607437564,4.0071942150598426e-05,0.005022112164057707,0.0025527218946852256,0.005801174227250655,0.04733517862377199,0.21216620814847717,0.12646564594739113,0.00010387724364894434,0.130927062086479,0.03120229316450477,0.012745336185048153,9.558373656052364e-05,0.007381289061648355,4.786218402970667e-05,4.8710102399274274e-05,4.1866448237649934e-05,0.005918338181716783,0.08396437111043398,0.03924492234326632,0.023037874427428134,0.16803860139524446,0.0025752839624404154,0.00025225476409314806,4.345695852197458e-05,0.05770242346849102,3.321212299982992e-05,8.062104323945882e-05,5.092059059792479e-05,0.005805800396810071
Z_T_1873_CON_0217,0.003695360044190296,0.0014350669397648198,0.004495240682629976,0.03541886120775389,0.005678999155480916,0.07279925733007907,0.12750029361191928,0.03607202769501877,6.380566983339637e-05,2.4952300855361546e-05,0.07205772161367141,0.0007764434681299541,0.04237230466504284,0.039795218603258374,2.9398919382433532e-05,2.9919745673484737e-05,2.5716092182578993e-05,0.00010915364113044515,0.0007980537444316054,0.020579710531078654,0.002161957350969553,0.0016635875062588114,0.12358603893968068,0.3654622999325865,2.669304892982583e-05,0.0001818709628061476,2.0400250142898675e-05,4.952075628754093e-05,0.04234487072624253,0.0007452548645879431
Z_T_1873_DRS_0671,7.839360641040502e-05,1.1402222852083579e-05,0.000775626245229128,7.297654449004738e-05,1.7226547360391906e-05,0.06541301177289269,0.11656166017689314,4.88600047982204e-05,0.00035624995300736546,0.14408287520273189,0.3705268251270434,3.29908445107357e-05,0.014401660145946293,0.010920992895560016,1.3618887910228258e-05,1.3860157828562895e-05,0.0029521437810205125,5.0564824652604706e-05,4.3001686298243953e-05,0.14119044561757907,0.016029361906660537,0.00011726311997482388,0.05692386133095783,0.025227086705553268,1.2365408286902984e-05,0.026873021534644086,9.450303816362841e-06,2.2940218323559532e-05,0.007201720331522987,1.854289524464823e-05
Z_T_1873_WOL_0846,0.000158287667570381,2.3022684412876505e-05,0.0002468228884536944,0.019936476352806605,3.478281108400726e-05,0.008066170179955943,0.24986633829307817,9.865519078812814e-05,5.968098549407122e-05,2.333927234493331e-05,0.40579365068753237,0.04492196651548925,5.491608551355424e-05,0.05635216633721605,0.03103046327855764,2.7985599276491343e-05,0.025090280578290675,0.00010209746077332878,0.004704289273556101,0.00011985690586548335,0.02576915053257225,0.026622272646705174,0.00213922518034055,0.009379854579381272,2.4967490665534007e-05,0.0225977906996272,0.001997994135755102,0.013898708056958198,0.050821346928165055,3.744070176987937e-05
Z_T_1876_BER_0202,0.2784165522993508,1.5201334830156022e-05,0.17917118400329257,9.729163356408816e-05,2.2966268752149997e-05,0.014907849808701124,0.247298487752128,6.513969270518637e-05,0.005265923103843576,1.5410370365373214e-05,7.696023554297791e-05,0.0026572416587143785,3.625979440460553e-05,0.007591074094116217,1.815657155831794e-05,1.847823031386305e-05,1.5882082665674038e-05,0.006165015893876955,5.7329438317502126e-05,0.008790000615329824,2.85807852159867e-05,0.0620034537828909,0.022318548502153788,0.11987004466817226,1.6485444471597e-05,0.021889477089966435,0.0061102024065665455,3.0583680422417406e-05,0.013085609677681744,0.003944609080084931
Z_T_1876_EYA_0609,0.13652917070452444,5.462111700207018e-05,0.2102934821105042,0.0019145705598278238,8.252191446527713e-05,0.0003571063921716153,0.22033943303886985,0.000234058575544998,0.0001415926150491512,5.537221909634406e-05,0.0002765319017748872,0.00015803907723911155,0.08463944044221225,0.0038013233953864264,6.523981153786381e-05,0.0031963642005257272,5.7067165825294076e-05,0.00024222533091732974,0.003335963545040445,0.012804233904773255,0.02044749185186414,0.0005617363104775861,0.016030183132761597,0.22726656683940394,5.923515279249913e-05,0.0567430290025973,4.527065969109173e-05,0.00010989263807233951,6.940865322701181e-05,8.882773682413882e-05
Z_X_1868_VOI_0598,0.3997481054723979,2.485927270305828e-05,0.05297366440509353,0.00015910439954902708,3.755753979899428e-05,0.00016252697993457367,0.11167746714228578,0.00010652520997953861,0.01929542970483511,0.015694894869716685,0.015083290702617694,7.192706291008042e-05,5.9296905655466314e-05,0.06227206454911225,2.9692074331881873e-05,0.016412170655019504,2.597252336651895e-05,0.05922772306080742,9.375282874637638e-05,0.00012941824918506813,4.67391542709975e-05,0.19541457167716547,0.0030221363685194774,0.012977148819007049,0.005012770870931947,0.026537260370396117,2.060367375250755e-05,5.001455861466973e-05,0.0007438482129480744,0.0028894626863472275
A_L_1878_LAZ_0925,0.03615747594808839,5.364603106684972e-06,5.751313836622279e-05,3.433455058413487e-05,8.104874872720722e-06,0.00971846608628339,0.09803180850498044,0.0055563554186895655,0.012310278488832881,5.438372462742383e-06,0.0007956827803514868,1.552177932762582e-05,1.2796205588789647e-05,0.7582909751799589,0.00016011216621356363,0.009997323277336418,5.6048413485296545e-06,2.379011697449638e-05,2.0231755062224347e-05,2.7928312703795787e-05,1.0086256955344263e-05,0.00036258012981821677,0.01479300142652616,0.032004337618447364,5.817769795582101e-06,0.001269276110702937,4.446249636588433e-06,0.020299806878614976,6.8169582968860765e-06,8.724200072812672e-06
M_X_1878_REU_0958,0.3875489744252166,5.080470577653609e-05,0.19560014645878615,0.10076417447264034,0.029189513746059714,0.00033215514769702724,0.017166893490115638,0.008951532064755635,0.0001316994514672745,5.1503327902961624e-05,0.0031684862156552683,0.00014699678917265668,0.00012118463324610331,0.006446998347689923,6.0681465557949204e-05,6.175648815422132e-05,5.307984765571484e-05,0.045350075314871924,0.026393083860046705,0.0002644910875108961,0.003006796221522819,0.042735986095808344,0.01054323067003989,0.0891137289676856,5.509635603272301e-05,0.02948815232224806,4.2107570700695064e-05,0.00010221437148678183,6.455902770004334e-05,0.002993897056795853
M_X_1883_APE_0934,0.034793457696816174,0.00043685120337583335,0.2180739915204752,0.33769660739324253,0.03313104605092754,0.009151901585350253,0.14382463440067703,0.0185516458017014,9.100504435268041e-05,0.0025699979527295976,0.0037950790138985865,0.00022206207792114716,3.62422041746646e-06,0.059049668155909465,1.814776350317328e-06,1.8469266216700903e-06,0.028907619444836226,0.015461017144322145,0.0025741878259610347,0.016332852804357187,0.011539149586394406,0.0006686235343659793,0.02578222291708718,0.025041143591429737,4.5180925444290256e-05,1.1226777345675294e-05,1.2592942964431395e-06,3.0568843769868654e-06,0.012234754527162436,2.4709218534008214e-06
M_X_1890_LEH_0942,0.023180361367534187,9.875512979031928e-07,0.5951384662943432,0.078185293067372,0.005009699794095509,0.003939455835710422,0.12692534115691192,0.00761557583644261,3.085495767223024e-05,1.001131244428817e-06,0.0036833444130324384,2.8573508637875777e-06,2.3556093873371778e-06,0.09301766932299729,1.1795375872070735e-06,0.00022756010845385093,0.004415045426297796,6.096935924055253e-05,3.7243940648026094e-06,0.007135470969741625,0.0072453663243768575,0.0010004797833490539,0.02219012464806107,0.017520796486948643,1.0709731919160378e-06,3.559194983831603e-05,2.9113454069753203e-05,1.9868619192506e-06,0.0033966500260287635,1.6060079252344255e-06
M_X_1890_LYO_0943,1.7266056587789234e-05,4.859991640684128e-07,0.010211993908045102,3.110493460692482e-06,0.0006830431119605376,0.07430521995298559,0.10100668375132543,1.600724013755397e-05,0.0008367400789947114,4.926822018747122e-07,0.15913359658369264,0.02815709021418798,0.045910798363522035,0.004628964128047685,5.804805103158345e-07,5.907642050082305e-07,5.0776323167824e-07,0.00033634732978202344,0.0001689289169545766,0.08004153698147234,9.137511855757091e-07,0.0005341356132004439,0.027741328049690168,0.01076682979424005,0.4075060134040235,3.5910350284652477e-06,0.002395446152637646,0.012296461962659785,0.033197032384934384,9.826305193042459e-05
R_X_1902_WIL_0987,0.09524372931259348,5.8074790136778346e-05,0.160360629491699,0.0036995658397153512,8.77397447597878e-05,0.00037968609798079753,0.41730455998097044,0.040183362517922906,0.0001505454640113904,5.887338414016713e-05,0.0002940169121970191,0.00016803182995550332,0.045064843557433246,0.02733680730306354,6.936490082179781e-05,7.059375769079341e-05,6.067550172727287e-05,0.03686417027883742,0.00021901991740511798,0.00030233940272787947,0.00010918929961795527,0.0005972546907445622,0.00040438883828438195,0.17008722768567178,6.29805697128824e-05,0.00042911309539327174,4.8133106849755905e-05,0.00011684110915172557,7.379733683736934e-05,9.44442819466933e-05
V_X_1886_GOL_0979,0.46908620443408156,4.742225393617994e-05,0.37144036192698976,0.00030351206682121363,7.16458285341139e-05,0.000310041078272961,0.03504611564419815,0.00156193562199963,0.00012293122724118098,4.8074363526785755e-05,0.00024008601045135067,0.00013721010598133053,0.00011311645964917093,0.02639864975490223,5.664144344356491e-05,5.764489369031533e-05,4.954592248786521e-05,0.030102253318389425,0.013766096646363156,0.00024688192410693817,8.916093680925966e-05,0.030379653921667638,0.00033021264705240995,0.019320676849441422,5.142817671721812e-05,0.0003504017858549736,3.9304152634739614e-05,9.540919106772727e-05,6.0260847074490604e-05,7.712056661329023e-05
Z_E_1877_HEL_1034,0.0001789443949603684,2.6027171894448894e-05,0.015939175161030064,0.00016657919182471332,3.9322008972562264e-05,0.2507324280767896,0.038623414015371685,0.00011152980959449489,6.746942452182214e-05,2.6385074925198077e-05,0.0016232105691701183,0.10820485533102588,6.208269947148833e-05,0.11814382560337194,3.108702059668747e-05,3.163775300377314e-05,2.7192723546969108e-05,0.00011542129987448197,9.815737646550596e-05,0.14704254094948532,4.893497959265559e-05,0.023385021385398,0.10159929335505409,0.0001638422735182545,2.8225777657858717e-05,0.00019231408791414186,2.1571643097494434e-05,0.19244838956637472,3.307348966212396e-05,0.0007880477858335887
Z_E_1877_KRI_0749,0.00035656354797654127,5.186158949843259e-05,0.002041919973287198,0.0003319247170007161,7.835280359537072e-05,0.02708561288699375,0.13342572197574507,0.00022223364203706223,0.0001344391781187916,5.25747449705766e-05,0.1651996069079189,0.10267848858615439,0.12494092942889445,0.0006374370961362753,0.006005621138397773,6.304120038813874e-05,5.418406085979918e-05,0.04183572907179363,0.00019558781050594694,0.08348147579965506,0.010498942869546045,0.006477034009988169,0.0018470441474962675,0.0003264711496951347,0.2095708681951069,0.0018691232504911299,0.056507918108584826,0.02387905002048144,6.590204080158075e-05,8.434004788063364e-05
Z_E_1877_KRI_0750,0.0014796959294000422,4.164998423973843e-05,0.0016398636356641026,0.00026656836717812684,0.033476449101688184,0.05158592888734668,0.201427918799337,0.00017847558815494962,0.0024946482423659276,4.2222718597912684e-05,0.12073821719485608,0.08007429849523384,0.1719403286905184,0.02676540820014281,4.974700759511286e-05,5.0628317180666555e-05,4.3515158379861654e-05,0.00018470294583667783,0.05266404272008244,0.025276974324664886,7.830820563492434e-05,0.03145518191862299,0.08024380863291432,0.05992919585122611,0.05374547481735641,0.00030775063703375455,3.4520023868883346e-05,0.003663816352313297,5.2925854901446745e-05,6.7733397664438e-05
Z_E_1877_RIC_0782,0.000640812301472654,1.803736952076918e-05,0.0007101761717336771,0.0011490430866852263,0.004161651985121103,0.07402034438144511,0.09963564430217306,7.729246943906308e-05,4.675770945798797e-05,0.2765063534809823,0.0770945372698608,0.04656420022815129,0.09358384762910182,0.0048729006449980666,0.050151156292510754,2.1925618505543153e-05,1.8845120971342044e-05,0.0021471898618406937,0.0016184254778863721,0.005261904453436385,0.00933631524545587,0.028092707387658067,0.0006423987026192319,0.14585118197478958,1.956104887963083e-05,0.004784478793746165,0.04342616028448978,0.0098554919377451,0.0077749225224723545,0.011915736246850233
Z_E_1878_BOX_0200,0.012640445788792466,2.4187393038373712e-05,0.0016453262743243774,0.022331071628385712,0.2280362916177927,0.00015813431028228724,0.24656778670796478,0.001489662830619977,6.270022327436417e-05,2.4519997030442555e-05,0.04239596393345128,6.9983066740642e-05,0.16430067466525475,0.0030693236102814006,0.0007218979330655452,0.002801434804241069,0.020122512882498104,0.00010726253149538369,9.12189404909249e-05,0.06526870589366318,4.547591991678509e-05,0.00024874879297932237,0.1505512359539319,0.026486578310836933,2.623058628086999e-05,0.0015647367225880636,2.0046811547508212e-05,4.866279883984588e-05,3.073562878258774e-05,0.009048443441608366
Z_E_1878_GRI_0697,9.358934153280726e-05,1.361241786926124e-05,0.00014593677422996719,0.0012571763253289567,2.056572338186001e-05,0.000869032430986153,0.10015404836057762,5.83309773046532e-05,0.011735827879186592,1.3799604000393376e-05,0.1030336753159601,0.030850809950755967,3.246974550615336e-05,0.0013373659648916064,1.6258758976525406e-05,1.654679640486364e-05,1.4222010652013678e-05,0.002400474424395035,5.133708844040154e-05,0.0028009929213458884,2.5593383458656555e-05,0.00013999328117490092,0.02661601245421776,8.569081192628363e-05,1.4762306166870853e-05,0.0004905998250517578,0.6646020014918457,2.7386926381228647e-05,0.053059749477279386,2.2137230770749598e-05
Z_E_1878_GUD_0707,0.00040672553930257924,5.915756974469733e-05,0.0023291808909265826,0.00037862047395504993,8.937561475098645e-05,0.07666001440252675,0.011514518028222794,0.00025349786432640953,0.00015335231975916526,5.997105319150621e-05,0.09013243670161425,0.00017116471151269223,0.11031357984256612,0.0007271128755835517,0.022105152398748436,7.190994809103315e-05,0.04413079520856339,0.00026234289399704565,0.0019180645438035715,0.40879359999056697,0.00011122508737975047,0.002303351342619358,0.08177006099616749,0.01223712734554827,6.415481548147869e-05,0.008911919194270299,4.903052802751572e-05,0.00011901956162754442,0.1238073331019603,9.620515516441104e-05
Z_E_1878_GUD_0708,0.0006399247711676702,9.307601963383978e-05,0.011664975174611049,0.000595705449356678,0.1948155699315314,0.22461805163166784,0.06078493816206433,0.0003988428243250523,0.002908058196267307,9.435592010293864e-05,0.005804778921760497,0.008269643737702665,0.018889475508578786,0.0011440086632344907,0.00011117059322269217,0.0054467003498621155,9.724416010389075e-05,0.003079539358719518,0.0003510215376515108,0.2564954503409825,0.00017499685097630552,0.0036239956393490525,0.02731591226782156,0.0005859179294885471,0.0001009384748415011,0.0006877362586742801,0.002743922698860017,0.00018726034728377776,0.16812542315563397,0.0001513651245242704
Z_E_1878_KRI_0744,0.00025692256732953473,0.022521693132057465,0.005754037873370613,0.0002391690091034315,0.0021978214729335027,0.08375751793090036,0.25567180030627523,0.0023014950946812795,9.687041479132074e-05,0.03965312064450962,0.07299557196233131,0.258142509047822,8.913632940833574e-05,0.0026006707619547014,0.005398044252094479,4.5424461202416194e-05,3.904243185664971e-05,0.00016571816454397293,0.011918434314613915,0.026961596749922576,7.025925898348451e-05,0.01002045013765529,0.040946129109641696,0.05698139088569178,0.020383485613153812,0.001346800442436422,3.097186658096875e-05,0.0793056585310064,4.74858454014257e-05,6.0771387746046044e-05
Z_E_1882_FRB_0675,0.0023709357738755906,6.673630416445719e-05,0.29900372955423693,0.00042712591510776283,0.00010082561262486315,0.0004363140505920742,0.16978220077426623,0.00028597372494741457,0.00017299843620925798,6.765400377539928e-05,0.00033786780865951944,0.14360090973105272,0.003983394779473089,0.016117097827864163,0.02302496097899215,8.112240223802773e-05,6.972489662150261e-05,0.10546168432278331,0.10732952210094135,0.0003474315497968562,0.00012547424267303855,0.029367895109769816,0.0004647010595974081,0.0004201081794385231,7.237375196553543e-05,0.008141529697983669,5.531187717665722e-05,0.08809106166458958,8.480377640808104e-05,0.00010853009217499902
Z_E_1882_ON_0821,0.1473438972274419,0.032982856831668204,0.128677920923971,0.0026157903254238773,6.203667820531932e-05,0.0002684583177664244,0.1515244702104978,0.00605841925303618,0.00010644367078698688,0.13769126942248922,0.029620202472886263,0.023648660934132048,0.025980784078633554,0.06756478009313678,0.10710987797300914,0.015344318306663217,4.2900815199615906e-05,0.00018209532588604987,0.00015485876068839597,0.02844959424397381,7.720265727246311e-05,0.00277527626155996,0.043816153392239966,0.027317818548311806,4.4530621181570167e-05,0.0038328838611230626,3.40326732068303e-05,8.261289464019774e-05,5.217865233507789e-05,0.01653767457263328
Z_E_1884_GRI_0698,5.314782422872872e-05,0.009753058171658347,8.287505711922398e-05,4.9475266376598896e-05,1.1678930886083844e-05,0.024413859322617342,0.13151616399117966,3.312518795520027e-05,2.0038923913171223e-05,7.836564675282735e-06,0.11299634606369648,0.5776545297195304,1.8439026267832636e-05,0.004081738676421975,9.233077721342077e-06,9.396649367021936e-06,8.076442359062483e-06,0.0006987351651536744,2.915347525859786e-05,0.08221107706363037,1.4534055087910935e-05,7.949984666233023e-05,0.029068326702658236,4.866238116098608e-05,0.012854497326203923,5.7118723072789175e-05,6.406939406648756e-06,0.014190574988143523,9.82307389724358e-06,1.2571363689979293e-05
Z_E_1884_GRI_0699,0.0007202485758390499,1.1222572760024175e-05,0.02069919930654811,7.182674737540683e-05,1.6955130912975724e-05,0.027083156731111127,0.1700308987052227,0.030916415757875133,2.9091924733266953e-05,0.001297557128196362,0.042500764510675484,0.5460159796942609,2.6769240038180678e-05,0.032292443814410335,1.3404312691118931e-05,1.3641781231108112e-05,1.172514323825444e-05,4.976814004806305e-05,4.2324164292017114e-05,0.05665035533359432,2.110011687846902e-05,0.005903226602209924,0.0007212356101332442,0.011646268715739457,0.00998006738344502,8.29232946686174e-05,9.301407590370495e-06,0.04278807150546697,0.0003358059100094563,1.82507388045432e-05
Z_E_1884_ON_0828,0.003368444099683486,0.018098031278224867,0.06221830426330144,0.03943460040447604,0.3519674380275624,0.00034314400272096335,0.1726257689891709,0.010751475562322513,0.0001360565303472498,0.0075721846445047794,0.06643272104350427,0.02722017861993599,0.0001251938451312823,0.0021489011775788322,0.027131007683261776,0.0030713905714555016,5.483591482681076e-05,0.00023275463960734197,0.039296623315389974,0.0017770368598044972,0.0016024760848391253,0.053172615004378775,0.06502867497290983,0.015368353528858259,5.691913635989413e-05,0.019937155258209882,0.010570069005252748,0.00010559598070590352,6.669486633087845e-05,8.535468934376043e-05
Z_E_1884_ON_0829,0.0001413214566069301,2.0554976557366307e-05,0.033789586995085566,0.0007204897141373557,3.1054583106355564e-05,0.2221623852641345,0.1282658589854537,0.024234361829248725,0.007120488244076613,2.0837630717284038e-05,0.03720688642958674,0.006537743678977259,0.030084647791143823,0.0008415773987195343,0.04655031211414634,2.498593677244672e-05,2.1475471761036987e-05,0.0006800877344668115,0.058381954673856123,0.1932772586270739,0.0012165138032296866,0.03495847959217406,0.07729344202439131,0.041354752499259,0.028880041894214344,0.00015188018063420759,1.7036219684991618e-05,4.135471267126351e-05,0.02593920195280731,3.342758530542091e-05
Z_E_1885_ON_0825,0.005861359176752311,3.904099011519064e-05,0.08543125584805239,0.15014068873567948,5.898336437908046e-05,0.0326943030950216,0.13847381592688032,0.0001672957097139104,0.20927719766629704,0.0011581660453280594,0.00019765394477961812,0.0001129600123716283,0.009041830183031797,0.01949585690883892,0.07946639282888723,4.745691184951941e-05,4.078932799566897e-05,0.00017313297986260216,0.07509264617135357,0.01474489533662921,7.340290609796872e-05,0.12120903197774853,0.015932086640465963,0.040514939981468094,4.23389183812575e-05,0.0002884728481341171,3.235765715741561e-05,7.85468630484401e-05,4.961052964994767e-05,6.349051402911667e-05
Z_E_1886_GES_0679,0.13456674582070338,3.662393137003208e-05,0.15044761820506286,0.004431742657407743,0.03153539703587116,0.024374159714751355,0.017621892012389454,0.058919727005793586,0.04836437265337714,0.10602001432606005,0.0012347525444913604,0.02004334130788331,0.002186030210238465,0.0634102799461405,0.042017164362547085,0.027327242144719124,3.826402826197415e-05,0.04423450570927805,0.00013812138459429852,0.010684020602694974,6.885847380819656e-05,0.08852083211441775,0.026488409125431267,0.053746660517181466,3.9717682274487896e-05,0.00027061326469972905,3.0354368870555724e-05,0.0430964399815587,4.653910230682562e-05,5.9559765815101e-05
Z_E_1886_KIL_0737,0.0007813321017814443,2.199267368289209e-05,0.015358805690224214,0.029756682322060836,0.017046630238136906,0.06756727373087412,0.08745732665638753,0.02025827532601983,5.701092085988127e-05,0.18212872594011995,0.06816495723631312,0.18721107224110586,0.0353395184610651,0.010352331556126212,2.626819012564751e-05,2.6733552945885852e-05,2.2977551996155924e-05,0.062480009497079936,8.29419023676208e-05,0.11416731118203247,4.1349518965208575e-05,0.0014864299036504585,0.0568644855618423,0.02534348724828088,0.008845615287236359,0.001422755403400479,0.007579740500241286,4.424722638289375e-05,2.7946734614248755e-05,3.576564408027505e-05
Z_E_1886_POL_0772,0.0002833129858081431,4.1207414086321154e-05,0.0028030983324917806,0.0002637358282153472,6.225641083901248e-05,0.31904755148559216,0.04698244577794547,0.00017657911760705412,0.00010682069207179165,4.177406260467118e-05,0.15369439417742928,0.12172718626377436,9.82921815360155e-05,0.0005064853319866618,0.021301094551906617,5.0090343817389066e-05,4.3052769001529597e-05,0.00018274030377167627,0.00015540726722228706,0.043898939341116064,7.74761074909684e-05,0.0004237866602452461,0.0002869372109967869,0.0002594026134338082,0.03428382214967137,0.001485140284095735,3.415321623285443e-05,0.2515634399841899,5.23634680446199e-05,6.701366677514698e-05
Z_E_1886_RIT_0105,2.7197326569025457e-05,3.955807019483692e-06,0.08425428130431686,2.531796919743955e-05,0.2652223690532782,0.03425464488997478,0.1604665014576392,1.6951146496622637e-05,0.0014836789182548107,4.0102038370508775e-06,0.04535616266460618,1.1445611613389533e-05,9.435799607954685e-06,0.11554242645646484,4.724841207870091e-06,4.808545696803493e-06,0.013151612247488348,1.7542604709149703e-05,1.4918702670080232e-05,0.04977700276710082,0.029475925575635626,0.0006073841358683049,0.1835255536246147,2.490199159171465e-05,4.289967801425154e-06,0.00025591003135548964,3.278621954506913e-06,7.958718036829336e-06,5.026759845242939e-06,0.016440782255547366
Z_E_1886_SCH_0400,0.00028911589346083564,4.205143758869289e-05,0.12454959868986012,0.013522404585462718,0.0530765989075796,0.000274927317256416,0.30337135252400904,0.00018019586785923483,0.004928378386092194,4.2629692384157754e-05,0.06406954432090212,0.00012167034945190218,0.00010030543359648209,0.02220402323957215,5.022650604304904e-05,5.11163103421313e-05,0.2819770654481859,0.00018648324941953349,0.002568275247961446,0.015881872979415453,7.906299803104631e-05,0.0004324667948562007,0.11113831879130046,0.00026471578115299933,4.560366882676634e-05,0.00031071696526016937,3.485275338705994e-05,8.460360507055643e-05,5.34359934305315e-05,6.838626224109512e-05
Z_E_1887_HIL_0483,0.0010437527212054211,2.937920117548486e-05,0.045770126164022186,0.053219048163219894,4.438627511717938e-05,0.30490997518917445,0.04359770838888807,0.02285347167689586,7.615878529789745e-05,2.978319839747803e-05,0.052337992082540793,8.500488636326997e-05,0.010171224077937798,0.18218172722454926,3.509070581161816e-05,3.571236682985118e-05,3.0694863769126606e-05,0.00013028636390846618,0.0001107990265608904,0.02203876499511415,5.5237296460838415e-05,0.0028274290020970437,0.15003823678110242,0.04227305083871652,0.02191767680363357,0.0019006064393401242,2.434984656870142e-05,0.042147215619786856,3.733301145047181e-05,4.7778004064261266e-05
Z_E_1887_KER_0500,0.00019831796923357094,2.8845026837210255e-05,0.11188096261809337,0.08365678916690243,0.12401215616782561,0.09523116101196086,0.16098838899847104,0.0009500618632595368,7.477406185026849e-05,2.924167855830182e-05,0.00014603454791558168,0.0009099165021036775,6.880413821539631e-05,0.05820654029436876,3.445268456507211e-05,0.0008615202220168787,0.04052653856397869,0.00012791748968988862,0.00010878447223924256,0.06874611412492684,0.00501297604579702,0.001123106165113132,0.2464850944065767,0.0001815808031648482,3.12816666114889e-05,0.00021313514390090805,2.390711624733455e-05,5.8033527477812776e-05,3.665422047286025e-05,4.6909301625666556e-05
Z_E_1887_KIR_0487,0.00012446242962173122,1.810285843757773e-05,0.013679666928177566,0.06287571748066358,0.029591909939990477,0.18061777348536037,0.14512224975264812,0.03794095699831582,4.692747433092725e-05,1.8351793201842852e-05,0.0011290028462267864,5.237825954303748e-05,4.318080829191958e-05,0.10292044980560712,2.1622169914969645e-05,2.2005224625749987e-05,1.8913542619970915e-05,8.027977303037663e-05,6.827207727237025e-05,0.028621451166794692,3.403608397424605e-05,0.0064102919210397,0.33156033284174224,0.002707340805830055,0.008318455938447015,0.0032458204951189033,1.5003873753305506e-05,3.642127769522048e-05,2.3003832449341806e-05,0.044635618115274986
Z_E_1887_ON_0831,0.0003007097450721678,4.373774449354848e-05,0.10072153722385498,0.005292562015050807,6.607924934717022e-05,0.04790595199090537,0.17518317942936557,0.00018742191180973176,0.00011337998853004832,4.4339187914902806e-05,0.0002214323384065298,0.007645496795183057,0.011382748792048413,0.050663901508144926,0.1466717137067583,0.020103692359290673,4.569641294122701e-05,0.04781396122286419,0.2445307384511315,0.019025068579849404,8.223350746290904e-05,0.005462440726261353,0.0003045565148538369,0.07170533086089513,0.018844800765604578,0.011601598047581999,3.625038547908696e-05,0.011366417303673016,5.5578833006459643e-05,0.0025774444022191494
Z_E_1887_SCH_0508,0.016741944786003486,0.00011151374300552446,0.10024210560599521,0.0007137106275911186,0.00016847563849080587,0.19243212713504818,0.21021321448802027,0.00047785086197660147,0.0002890735919126804,0.00011304718301021338,0.02612497230343589,0.00032265046947693455,0.19196905759511812,0.017345884251983044,0.00013319272795696329,0.00013555234783259272,0.00011650756361599673,0.00688462611714268,0.03876116920403279,0.074066718812722,0.00020966253115805634,0.0011468333494735173,0.000776497218165389,0.02945744379102168,0.00012093369685474152,0.007214074227725209,9.242397423493965e-05,0.08329568285631651,0.00014170377947457958,0.00018134952120429817
Z_E_1887_UNB_0513,0.001399530372111412,3.939351104730687e-05,0.13473626349229184,0.009281634468272302,0.0011882044536763372,0.02508869707622805,0.17809957530423462,0.00016880630766118036,0.00010211856789644935,3.9935216348707276e-05,0.00019943866265292458,0.00011397998570569632,0.014766915953585423,0.1630153342187882,4.70518615802685e-05,4.788542441416466e-05,0.21223459536059341,0.0001746962854873096,0.0012772549163506917,0.0961436063815521,0.019261770173361066,0.0004051320582044027,0.0860546324533763,0.00024798400832914995,4.272121798299702e-05,0.00029107761602075154,3.264983088120115e-05,7.925610257579184e-05,5.005848832372563e-05,0.05536980023046625
Z_E_1887_UNB_0514,0.020694786668332618,1.4096222591487961e-05,0.1394896628840417,9.021869055132127e-05,0.030312283464784043,0.008573635739132168,0.19822154474634265,6.0404143331668684e-05,0.008518017503171606,1.4290061584370807e-05,0.03278563110279299,0.0008485452295179193,0.0008413834146831419,0.14758939417478073,1.6836618431468514e-05,1.713489312032479e-05,0.15793173869799806,0.006120709121716024,5.316168169425124e-05,0.054597161682585986,0.002449781953268802,0.00014496884181100018,0.05300641236915585,8.873638545036673e-05,1.5286979557232795e-05,0.0001041566176191011,1.1683124236455006e-05,0.0012399997690099019,1.791248292535423e-05,0.13613042473578144
Z_E_1887_WID_0844,0.010130070157296191,0.027654778068894166,0.0736612904593123,0.03283101282480951,8.560316965710503e-05,0.027968557729689723,0.1230443916265355,0.013230147401626613,0.5228876928248537,5.743974187110265e-05,0.0002868572240068191,0.00016394003979445314,0.00013515270441388598,0.046152145150185474,0.011431606501378217,6.887470932223587e-05,5.919797558802781e-05,0.00025126969280977345,0.031058641326194358,0.0019183957261947344,0.00010653040039637908,0.021687153548883623,0.01013505350213599,0.03931872931221364,6.144691221741414e-05,0.00041866364220233206,4.696100408160321e-05,0.004984251903438647,7.200027721561306e-05,9.214444278086822e-05
Z_E_1887_WLK_0847,0.00011234240211599978,1.6340020102647008e-05,0.006729535083831716,0.00010457945081920482,2.468660136006445e-05,0.035219450963947935,0.13801291389716064,7.001910688602795e-05,4.2357723592540264e-05,1.656471384735952e-05,0.47995522368323307,0.11147133104859856,0.01455219293477974,0.00020083717189876076,0.029045950685765095,1.9862377755859522e-05,1.707176066631984e-05,0.0024133036651948596,6.162381034612286e-05,0.12789501024780636,3.072168399660636e-05,0.003445222618070251,0.023990362376838204,0.00010286119651450342,0.011253759309896014,0.0005889042696671115,1.3542811462176696e-05,0.014546091640544058,2.0763742143611662e-05,2.6573001158582224e-05
Z_E_1888_BOR_0475,5.208647915293218e-05,7.5758938780409386e-06,0.023958012121118685,0.08188076547713619,0.0019650014197462183,0.01589503774965381,0.23807188640251134,0.03584765176716402,1.963875300254325e-05,7.680070981514995e-06,0.02456633198628751,2.1919860732647525e-05,1.807080480221583e-05,0.11947707649400627,9.04869610805496e-06,9.209001280211178e-06,0.0429861408527441,3.359640927031002e-05,0.012401090807741755,0.18323955393619246,0.019549800948449398,0.0007290974979080206,0.19909837380393525,4.769060895071696e-05,8.215855991896055e-06,5.597808041527994e-05,6.278994872910011e-06,1.5241998144828341e-05,9.62691024875335e-06,1.2320317572061363e-05
Z_E_1888_GPF_0107,0.005768694342081791,8.306081567643053e-06,0.053873164963698594,5.316061077935356e-05,1.2548878351218572e-05,0.0012442182626440088,0.1910510305514025,0.007889025600857701,2.153159573667377e-05,8.42029957714348e-06,0.6821008051606502,0.0259641596241857,0.00025779534099070557,0.0029578848623238443,9.920836955249731e-06,0.0026279075805962873,8.678045418974856e-06,3.6834533359550624e-05,0.0002693078945195273,0.005516846545772154,1.56166768197445e-05,0.007462889009835919,0.009339167124680055,0.003146063796773112,9.007725176100837e-06,6.137341803019443e-05,6.884183492640161e-06,0.00025469388534552325,1.0554781133127707e-05,1.3507787244674326e-05
Z_E_1888_HEI_0989,0.06613774304465987,2.2358987174735147e-05,0.21164481526643408,0.01295553283840643,3.378009327589898e-05,0.04563030965912032,0.2958347868924703,0.002017675778169873,0.1140885943976673,2.266644851962397e-05,0.00011319748816113525,6.469281287239781e-05,5.3332966289433895e-05,0.02525905703774042,2.670571730347348e-05,2.7178831281307004e-05,2.3360269778772086e-05,0.1077235727048104,8.432339596473737e-05,0.03406934322731423,0.003245145936815019,0.00022994504050650154,0.03859298337019939,0.03601555704668882,2.424772861255781e-05,0.0046495607386959955,1.8531406074807222e-05,4.4984215265391316e-05,2.8412219897655665e-05,0.0013176044398291139
Z_E_1888_JON_0484,0.003100027608381591,8.725853634280033e-05,0.08343877733888261,0.015559070759029821,0.04513362588186772,0.2580807582580323,0.11448802178462954,0.0053741136152187785,0.010226596501174804,8.845843984143926e-05,0.11294625419577072,0.10775675962237855,0.00020813807624052354,0.00357260500037549,0.00010422215396763811,0.00010606853604686403,9.116615764116113e-05,0.08539035159099558,0.0003290818163557776,0.0754572629408397,0.000164059111475367,0.03089858391638877,0.0031077020667854916,0.0005492965980421732,9.462956849673571e-05,0.0006447510277929092,0.007572620150671031,0.03517695234155392,0.00011088197793326873,0.00014190442684692905
Z_E_1888_KER_0486,0.0011266645810301442,0.0001638715352014982,0.22712583873671904,0.062086247444555556,0.00024757810812765243,0.0010713726838140814,0.3136074456582533,0.0007022107969740157,0.0004247990607811949,0.0001661249540262552,0.01022001195534953,0.0004741409116188489,0.00039088331660098145,0.1757360990343648,0.00019572920986879423,0.00019919671549715616,0.00017121004817669653,0.0007267122867628161,0.09921695123048112,0.03841462024613561,0.0003081030187768026,0.0016852930996064874,0.01992182684558752,0.0010315790359868697,0.0001777143339202354,0.0012108424593794546,0.0001358187622359062,0.042586381050548176,0.00020823635957770254,0.0002664965200417741
Z_E_1888_KIR_0488,3.644625757857331e-05,5.3010490276433484e-06,0.05215294831852226,0.060027997852919304,0.21279710292272905,0.06276263468204506,0.285813782266234,0.0024528552298878543,1.3741743770991249e-05,5.373944443281965e-06,0.010203047125728032,1.533789388994539e-05,1.2644609833195094e-05,0.06370443521906208,6.33160686741944e-06,6.443776545435662e-06,0.026281422290843817,0.0001753919987914298,0.0009312944009163583,0.06457817915952262,0.029931059935616382,0.0011177032766671816,0.11288651769313242,3.3370353423072486e-05,5.748847082367092e-06,3.916931170523418e-05,4.393575227089172e-06,1.0665220599140418e-05,6.736198267148953e-06,0.01398192323912157
Z_E_1888_KLA_0489,0.0002929990885640542,4.261624201564092e-05,0.21657830934220634,0.2261623794327226,6.438487660940697e-05,0.006383744990860173,0.43321159263261966,0.0014036411379679953,0.00011047275269624037,4.320226351034629e-05,0.00021575447551974055,0.0013443295472220854,0.00010165266346996133,0.06401710191857353,5.09011120634357e-05,5.180286756885138e-05,0.047664500070750224,0.00018898795724555384,0.0001607204397019622,0.00022186165679066193,8.012491490847848e-05,0.0004382753753530655,0.00029674722130140297,0.000268271251635141,4.6216184248720785e-05,0.0003148902903013563,3.5320870306078954e-05,8.573993936540256e-05,5.4153706958975655e-05,6.930477694287515e-05
Z_E_1888_SCH_0509,0.0015384549508140678,1.6572785685343743e-05,0.08802259452818777,0.0119770043433276,0.000499875670830694,0.02907343266439525,0.14710148580456342,0.05277796858343628,4.2961114540151626e-05,1.680068021990154e-05,0.08697914878400345,4.795119361791914e-05,3.95311206796164e-05,0.05480999979104049,1.9794641232405672e-05,2.0145319753668714e-05,1.7314949982746165e-05,0.0005483318474771138,6.250164905336439e-05,0.06751319013211939,3.115931813854579e-05,0.049553528599546745,0.09555771889263505,0.11406530386318936,1.7972746552061032e-05,0.0029714803120285366,1.3735730466042237e-05,3.334291276212647e-05,0.19660374553291426,2.6951536806630566e-05
Z_E_1889_DIE_0477,0.008906579789621427,2.765646870683187e-05,0.08349882083488568,0.00017700702268355604,4.178356046710458e-05,0.2323549071422697,0.1575244813129662,0.004872929832839506,0.006410917366330297,2.8036776410263383e-05,0.024704511620969663,0.034153351355082746,0.02146085130379372,0.017772796024411643,0.0008254361089547274,3.361827129938564e-05,2.889498370703428e-05,0.007254274067260801,0.027838408616404662,0.10236397346130252,5.199830151590091e-05,0.04782860832589695,0.022379863977269304,0.0001740987737273228,2.9992706840617457e-05,0.00020435291916655617,0.006362146391103992,0.19023237325599376,3.5143884843721574e-05,0.00242218554327442
Z_E_1889_DNT_0478,6.826818425543948e-05,9.92949662900453e-06,0.006080875274209732,0.026237211575346364,0.022490210255299094,0.27232788922755574,0.15869016046000048,4.254918178944555e-05,0.0014482214879068067,1.0066038430462893e-05,0.026792923752209433,2.872970328741664e-05,2.3684861252755696e-05,0.02970966118097709,1.1859854288910964e-05,1.2069961464666277e-05,0.00029487047323635177,0.00032853011765637255,3.744753147513677e-05,0.13006650826128335,0.00229463944261493,0.004369561951989611,0.10021184359901804,0.00034700296197917433,0.00029526458856141504,7.336878917915897e-05,8.229690044208902e-06,1.9977229305844358e-05,1.261770220142582e-05,0.21765582716655205
Z_E_1889_GHR_0692,0.0002937163586033585,4.2720567779025934e-05,0.0004580010630603769,0.07738630947151882,0.0012885566061289348,0.07984021939024365,0.1148044232098546,0.01119919019928793,0.0001107431931131605,0.17140528391725787,0.03204064960019494,0.06866839674773074,0.05395852250712398,0.01276522482306793,5.102571942255514e-05,5.192968245090197e-05,4.463368490805467e-05,0.00018945060509946318,0.11032238410505238,0.07733529393241313,8.032106296186428e-05,0.03471174346452055,0.000297473666875447,0.07982984536630418,4.6329322772308125e-05,0.002763689377668823,0.015947590812608096,8.594983315715447e-05,0.05023886493125412,0.0037415167775656792
Z_E_1889_GRA_0999,0.0003072554174294117,4.4689801916998156e-05,0.1810205735992246,0.0873556644204277,0.03976103025088726,0.00029217663067634616,0.28271177073524384,0.0001915016014352886,0.00011584797724324302,4.5304337203987435e-05,0.08985676473142748,0.00012930411248626396,0.0013870346239892267,0.0824971848210663,0.12681653101476675,5.43234171031502e-05,4.6691105504126185e-05,0.00019818346185715172,0.0001685405440408708,0.011756579703526717,0.06282538218709115,0.0004596003491447684,0.03104164731039476,0.0002813244089237021,4.8464904969255304e-05,0.0003302117698221454,3.703946248792466e-05,8.991175020099075e-05,5.6788640260198455e-05,7.267690924840575e-05
Z_E_1889_GRA_1008,0.0019839891767950073,5.584466126011992e-05,0.08700090843843672,0.0003574171860915751,8.437045254265543e-05,0.04516624955711959,0.15167328328548924,0.0002393016214926766,0.00014476437060147854,5.661258847085238e-05,0.2770897932857383,0.00016157924295004102,0.00013320645578241005,0.00388647521337724,6.670122062622748e-05,6.788288818670605e-05,5.8345502975851884e-05,0.0002476513168558243,0.0002106093378538512,0.19069559032779274,0.00010499632346553865,0.006974482921874143,0.08519102491792224,0.01155183071850833,0.07686252281558502,0.002012675581033746,4.628474835795403e-05,0.00011235429601152543,0.057672434017873864,9.08175289285846e-05
Z_E_1889_LAN_0492,0.00010746228976766125,1.5630215679979506e-05,0.025246118403680073,0.007265336303721299,2.361422453825352e-05,0.1384820398338222,0.09798251023143051,0.0014104712050955935,4.0517719764439576e-05,1.5845148811624178e-05,0.1465199450920489,4.5223990256710274e-05,0.002276438975793817,0.0010877753477101166,1.8668829588735416e-05,1.899956342104008e-05,1.6330169704524638e-05,6.93144771325123e-05,0.001402440597128664,0.1268176107021911,0.01615131157284131,0.0010564072528071358,0.039517985580162895,0.0027853803487969215,1.6950554378963195e-05,0.00011549125216473025,1.2954516747065058e-05,3.1446549045262e-05,0.38828954173327457,0.0031602373184933348
Z_E_1889_LAN_1006,0.0005389726126958347,8.398016413420851e-06,0.026557893004451504,0.005106703927430505,1.2687774073167397e-05,0.060930981116494615,0.12579292326717278,3.598659029719767e-05,0.0007436206177002296,8.513498630960043e-06,0.13310366297309476,2.4298565050686203e-05,0.000741882518548668,0.023683677309592074,1.0030644523119109e-05,1.020834572757055e-05,0.00024939099801278824,3.724223187733298e-05,3.167179522994821e-05,0.10495268907952694,0.025761797904248967,0.0010488347629185116,0.08427439267267388,0.0024590349161680626,9.107426078160314e-06,6.205272218528994e-05,6.96038023385294e-06,1.6896032686600797e-05,0.4037658309997303,1.3657296532179531e-05
Z_E_1890_GLO_0482,0.012297200169511094,3.014033086467848e-05,0.2429862320589653,0.1254105191083177,0.07431253535447929,0.00192419342791451,0.10258637202714395,0.00012915522962253238,0.0018052713533600578,3.0554794480164585e-05,0.004470441109284735,8.720711583680658e-05,0.006980451892606514,0.059956771747342597,3.599980398104927e-05,3.6637570428928426e-05,0.23664960368129503,0.004451510493192792,0.00011366950721642354,0.05369823659978856,0.03719016791423077,0.0011735399520933117,0.024389827643279995,0.00018973480305459455,3.268638947676666e-05,0.0010862758689331843,2.4980680301723844e-05,6.06395594393857e-05,0.007810428020311532,4.901579324601979e-05
Z_E_1890_LEG_1009,0.0033402215216095867,3.59820580966096e-05,0.15502747755369356,0.04971564259430735,0.0010853067052461957,0.06415382365446175,0.16886193435142727,0.00015418778900018847,0.20009656518004837,3.64768520641446e-05,0.03523429039390044,0.00010410939158451774,0.007302441679801411,0.041680051602475225,4.297720035418365e-05,4.373857717790489e-05,3.759341054956383e-05,0.004283346874068381,0.00013570066071396349,0.03730133644177816,6.765165596170209e-05,0.06016484592589653,0.014683778905351273,0.08991870581985631,3.902158773246011e-05,0.00026587047998092385,2.9822376335053114e-05,7.23925746036784e-05,0.06602619026422657,5.85159176967284e-05
Z_E_1890_LYO_0494,0.00023051417531727415,3.3527912770995634e-05,0.006123225038033802,0.005017733047794625,5.0654173728862256e-05,0.21828210207828722,0.10643139304493945,0.00014367145776016918,8.69133607466354e-05,3.398895946650668e-05,0.06357129090880173,9.700864220482251e-05,0.09230040795710866,0.01193964986293572,4.0045953479032484e-05,4.075540082812641e-05,3.5029363420119844e-05,0.0020699434679099854,0.00012644523843434466,0.06837924326345447,6.303749534857977e-05,0.0003448088770736712,0.035776755143390196,0.07514016218465847,0.31320158295789646,0.0002477368647799244,2.7788350230018637e-05,6.745506107691552e-05,4.260490079064727e-05,5.452485733259184e-05
Z_E_1890_LYO_1015,0.039719418211024114,0.0001233356543986508,0.3405640060266511,0.0007893732640725863,0.00018633625384150776,0.000806353897280389,0.11235044030366771,0.0005285092866439231,0.0003197191634590967,0.0001250316590467058,0.050097169041661574,0.00035685562803679005,0.08157086035108434,0.005049701657820202,0.00014731289454520161,0.00014992266490757212,0.00012885888513543593,0.0005469499955390207,0.00046514098072291716,0.11372267049844771,0.00729942579051763,0.08961261634589512,0.007926352348389877,0.14212712967873856,0.00013375424623392548,0.0009113239033100329,0.00010222212112300455,0.0002481399351414287,0.0001567262285456022,0.003734343084118303
Z_E_1890_ON_0834,0.003644566627881122,3.926057217851521e-05,0.16352844642427639,0.0002512756441842898,0.03380570258817274,0.0002566809698295164,0.1516263231767387,0.10365715824619305,0.00010177395462035736,3.980044942021563e-05,0.039569551020076636,0.002363354509621605,0.050713229589897414,0.038728462269881976,0.12603340632930504,4.772382840548234e-05,0.048410840795038,0.017047300487574284,0.10251210707606562,0.00020439192143872925,0.01244749116180662,0.029650634031360677,0.03964416626983352,0.0283691367167876,4.25770493054389e-05,0.0014149749168151857,0.0011574192320928723,0.003453627389649256,4.988955900937268e-05,0.0011887271925397878
Z_E_1890_RIC_0780,0.0010707933197411285,0.02248295403040461,0.009822397486819876,0.035599264310157974,0.0017726757098118157,0.0010606236702398973,0.2692553352583442,0.00012915522962253238,0.0035324108687092835,0.014711240674948582,0.0018797318362608973,0.01735860226932906,0.013025440196328803,0.012460435075238896,0.12093576587842683,0.008672335147175057,3.1490078451135404e-05,0.014814347585288145,0.00011366950721642354,0.004474760412335637,5.666833422241702e-05,0.04521559759349856,0.011436281278160803,0.3741154398761619,0.015576942027619797,0.00022270611125857148,2.4980680301723844e-05,6.06395594393857e-05,3.8300201240018237e-05,4.901579324601979e-05
Z_E_1890_SAH_0501,0.014568546786536712,1.5771474860989423e-05,0.10952369053525877,0.04031813075773214,2.382763976468131e-05,0.03625339528103451,0.1878881066011734,0.027632173792411695,4.088390152593921e-05,1.5988350466031115e-05,7.984669989335686e-05,4.5632705271042806e-05,0.016305247212366886,0.030469711332458512,1.8837550458115124e-05,1.9171273320849064e-05,1.6477754769596315e-05,0.001425576533382469,0.0009632367127495481,0.02809857636982718,2.9652733827496775e-05,0.05438762239717448,0.02315562617153923,0.4180869322184279,1.71037462144606e-05,0.00011653501253430059,1.3071594109497977e-05,3.1730749459042064e-05,0.01041324770850425,2.5648402946929718e-05
Z_E_1890_SCH_0503,0.0004403093652522509,6.40422827364563e-05,0.0006865881026167155,0.00040988363023506167,9.675546873086905e-05,0.01509802971623384,0.18861723218816692,0.0002744294934755153,0.00016601480863213177,6.492293650784675e-05,0.08840020186032184,0.00018529799138989114,0.00015276026948757694,0.020971228656865553,7.64925121546424e-05,7.784764058233886e-05,0.05511439345092933,0.0021189209754029583,0.0020764414824875573,0.06455547013567843,0.4423351909439794,0.0024935418841922183,0.11054090837488673,0.00040314918760258326,6.94521571744979e-05,0.0023081228484301457,5.307903878078708e-05,0.0001288471526098064,8.138040447163445e-05,0.0019390650399845018
Z_K_1879_WEN_0341,0.33707651681190065,4.025682187216779e-05,0.22073552674177474,0.002564499375081852,6.0820250363115416e-05,0.0002631943323041225,0.20276426444866266,0.03823548995664618,0.00010435650157487751,4.081039867316675e-05,0.00020380937122361508,0.004730172923579174,9.602473077376781e-05,0.10545636411654753,4.8083005551754654e-05,4.893483595811573e-05,4.205960726308937e-05,0.016326457475730808,0.00015182225851645336,0.0002095784324297695,7.56888518187356e-05,0.009641400669364504,0.03372960719647162,0.0037136898861115956,4.365745567685665e-05,0.023365931900039612,3.3365353607666683e-05,8.099300414843413e-05,5.11555226752499e-05,6.546776365817686e-05
Z_K_1887_BOE_0421,0.0007570146924637801,0.00011010655869797918,0.19361914513474396,0.0007047043619219197,0.00016634965591414544,0.0007198636367977844,0.18863215072743159,0.02255495138444732,0.00028542579199760515,0.00011162064832796985,0.0005574396450641321,0.0003185789652368915,0.0002626375397683664,0.12754265017250807,0.0001315119780188063,0.00013384182201236716,0.00011503736262720341,0.0067977494903319405,0.06350990807389412,0.05420367838341073,0.003361749741119092,0.10523854813283261,0.06701609012239207,0.06063305159075146,0.00011940764279287579,0.0008135744634584377,9.125768241584132e-05,0.0002215242175279798,0.10109136929711214,0.000179061083980853
Z_K_1887_HFM_0420,0.0020338477208075383,0.0002958198509001342,0.24896739119927372,0.16293203247754293,0.00044692642283728276,0.0019340351403595113,0.0660545414762786,0.07754912790700597,0.04314545647475708,0.00029988770820027797,0.0014976556768159332,0.0008559161516872106,0.0007056200718085122,0.0375388472547331,0.00035332912216262945,0.00035958864122258164,0.00030906728775048495,0.01826330115540488,0.0011156379413226737,0.001540048561958668,0.009031907989325495,0.20645961756713657,0.0783413667663478,0.0188136446680166,0.00032080878291924404,0.01913724985737811,0.0002451791639387731,0.0005951621935587621,0.00037590694910203976,0.00048107781944695837
Z_K_1887_LEH_0419,0.0017265404860836687,0.0002511225122417351,0.5711028219746361,0.051972729001796406,0.0003793974128125676,0.0016418092353607393,0.07765914432264209,0.0010760925577621221,0.0006509770425359871,0.0074496462829894425,0.0012713651734010208,0.0007265902326227993,0.0005990033616120206,0.024671788958855908,0.0002999423349570966,0.0075003266150838474,0.00026236830799378176,0.0011136395036784041,0.0009470689736495306,0.008502423195127087,0.0004721479176316753,0.18965443686504052,0.0017486269128707385,0.008775898600236464,0.00027233570455381987,0.03783089039355106,0.00020813345490603447,0.0005052352801307911,0.00031910873168379197,0.00040838865355280056
Z_K_1888_ERD_0479,0.04280649560666115,2.4004405250731297e-05,0.11648970997695797,0.19479125735078046,3.626600087317182e-05,0.05586593995927247,0.16767266667438796,0.00010286199199438003,6.222586974963918e-05,2.4334492953898185e-05,0.00012152779363168698,6.945361544611908e-05,0.017251394207691312,0.0016705719743608186,2.8671015178559317e-05,2.9178946041659152e-05,2.5079373146637116e-05,0.015925056551981315,0.0035293561149331086,0.001500498692738053,4.5131875481596316e-05,0.33037428617183723,0.0049815066889426305,0.02903725804812627,0.017220168561084274,0.0001773679184368247,1.989514899799148e-05,4.829464432703568e-05,3.0503100841118343e-05,3.903722789395028e-05
Z_K_1890_ON_0833,0.0110527965791911,4.174962725219576e-05,0.0686307113079586,0.1485953960197692,6.307558977478114e-05,0.03615880651631779,0.17918210645066387,0.0707544122899934,0.00010822625432104692,4.2323731814412774e-05,0.013369512919742577,0.00012079710061154206,9.958552439950413e-05,0.11534787741758895,0.06105581510063429,5.0749439868504534e-05,0.11009356662142972,0.02171665626691895,0.00015745213871516943,0.021748861469383894,0.13644473466670573,0.0028217530668951,0.00029071277267740794,0.00026281587086295565,4.527636352108968e-05,0.0003084868966295132,3.460260923430858e-05,0.0012801914705499844,5.305247419592004e-05,6.789544237851055e-05
Z_K_1890_SCH_0502,0.11183176190559838,0.0012968956339376634,0.22729048405771055,0.00027993045727434703,0.016357131812120663,0.04164016254368479,0.28922054736878,0.00018742191180973176,0.00011337998853004832,4.4339187914902806e-05,0.011499853343403563,0.01641760202129186,0.0001043277870513795,0.008056533267045024,5.224064179687494e-05,5.3166128184835805e-05,4.569641294122701e-05,0.09418080313229643,0.0014181078989732331,0.002734016017075911,8.223350746290904e-05,0.04681665107791714,0.004064030183186181,0.041629541514236375,0.006313221871163431,0.004082650710917311,3.625038547908696e-05,8.799629867598305e-05,5.5578833006459643e-05,0.07400744410053368
Z_K_1890_WAE_1014,0.1320658772014749,0.00010419010358944645,0.2608308700264663,0.0066372714764544975,0.00015741103969387507,0.04545943478016179,0.3008900985172182,0.000446468116554763,0.0002700887502705693,0.0001056228352746238,0.0005274862374312143,0.000301460474125776,0.00024852499976866214,0.06397016633550143,0.00012444532619185306,0.00012664997857502494,0.00010885595618024723,0.104944634777948,0.0003929365535173874,0.0035276341637138866,0.00019589299266101426,0.0010715153330971775,0.0007255009420099986,0.07528630198830315,0.00011299140413685169,0.000769857932423227,8.635405099091358e-05,0.00020962085678402818,0.00013239741635917554,0.00016943943312203483
Z_K_1890_WEN_0445,0.001004924904999259,1.5658264720032944e-05,0.22627985201978215,0.2773565749779634,0.018417686884221105,0.022085481242392856,0.24934829994900215,0.013526144245141113,4.059043041461969e-05,1.5873583557680767e-05,0.013089685211254816,4.5305146495373796e-05,0.00048598459573869407,0.031148264695351657,1.8702331541594324e-05,1.903365888883821e-05,1.6359474839751168e-05,6.943886470240765e-05,0.0014049573322324422,0.0036705965571989657,0.011245312005608873,0.08540166138832817,0.01940033234498966,0.01221171140795374,1.6980972819017897e-05,0.0010129682756868132,1.297776413958676e-05,3.1502981120914205e-05,0.01258167419426031,2.546429465404503e-05
Z_K_1891_HUT_0453,0.09055060327426748,7.502610044452923e-06,0.41216267329237083,0.016385133595126188,0.006460196317174638,0.0028435577513300984,0.040583411321783974,3.2149657792748724e-05,1.9448781610377096e-05,7.605779412386121e-06,0.05506826701615929,0.010769810037632912,0.05139382458409369,0.03986019368361627,8.961165428448517e-06,0.00022408196420413792,7.8385927463381e-06,3.327142139353199e-05,0.03141275337645261,0.023039997590321104,1.4106030071413973e-05,0.1503356275453805,0.024127991451629117,0.02498282642050851,0.010756238595731486,5.5436588098231974e-05,6.2182563220836724e-06,0.008828538373419348,9.533786334929621e-06,1.2201139542743994e-05
Z_L_1877_RIC_0783,0.0003136818085671412,4.562451008061341e-05,0.0017963506191391075,0.00029200614063827754,6.892978622626589e-05,0.0016055044502283897,0.11345776767947374,0.00019550694723072107,0.023648173541595725,0.3909040775834095,0.03291140472862545,0.05503511451766205,0.00010882829526602273,0.0005607763953957755,0.0013617110149931845,5.545961684590353e-05,4.766767187074344e-05,0.0381116160028923,0.019780317773206622,0.03161072620572665,8.578090922724899e-05,0.021384682038932002,0.0016249113292088428,0.1819903447959757,4.947857118347877e-05,0.005565985537075937,0.07193473861727559,0.0013990091049292227,0.00397962682623189,7.419698088593456e-05
Z_L_1878_GRI_0695,0.0016692866984277229,1.3741039948472305e-05,0.002115832016293619,0.0004816487100724435,2.0760046398333646e-05,0.02883017531879002,0.21960507322604905,5.8882139607735294e-05,0.10633550084409076,0.0004076332554287562,0.13944052142876495,0.04374081983887345,3.2776548178431466e-05,0.01670442973843437,0.01576454281201818,1.6703145069613473e-05,1.4356392699214465e-05,0.021320912726195837,5.1822166339072093e-05,0.023693731976914434,2.5835212223106404e-05,0.00565316170974795,0.004426418058486628,0.03079535482469042,0.005526747442503238,0.0067944876134738924,0.2704855288111324,0.0027835685266657125,0.051592588287112134,0.0015971594453699685
Z_L_1886_B_0647,0.00030452593586283643,4.429280325195633e-05,0.05885167337066949,0.07642715676864534,6.691783548195761e-05,0.0002895811004354567,0.1850207286238875,0.001458861641004164,0.13336624803932248,4.49018793585937e-05,0.00022424245036475857,0.015356890213126815,0.00010565177054935617,0.019580326680619167,0.17391429216882512,5.3840838905320725e-05,4.627632840153592e-05,0.00019642291322154162,0.00016704332614955142,0.0002305898936319916,8.327710102449789e-05,0.10451853841295594,0.00030842152350842646,0.1855617649182866,4.8034370445743465e-05,0.0003272783571378831,0.016534506419934633,8.911302558664444e-05,0.02670657000029144,7.203128911331161e-05
Z_L_1886_LEH_0398,0.02451491835719167,1.2010397059340788e-05,0.6907726089961304,0.07234154657344377,1.814538063707801e-05,0.0038638151888272863,0.09180827488945907,0.0017720536718859518,3.1134177049990476e-05,1.2175553593653145e-05,0.0010931579200180563,3.475051724888046e-05,2.8648439953144964e-05,0.09615640719065598,1.4345295073636255e-05,1.4599433898606176e-05,1.2548247971330356e-05,5.326186211162772e-05,4.529531946209487e-05,6.252655007264762e-05,0.0013990513938439378,0.0008117527500809086,0.014536566823547504,0.00041972352777313357,1.3024957085401052e-05,8.874450767532087e-05,9.954366147578021e-06,2.4163808607158372e-05,1.5261963327826348e-05,1.9531940167025507e-05
Z_M_1877_GRI_0694,0.016482428778085874,2.4753487366773154e-05,0.005939201651247439,0.0001584273518891144,0.002165081371140894,0.046970875722251906,0.20411109132438182,0.05471661898611674,0.0014826234602276444,2.509387579568538e-05,0.1597015941283903,0.24333678525243935,5.904457554185607e-05,0.0010134760041796414,0.01705103494340007,3.0089505016832734e-05,2.586200073975834e-05,0.00010977295957802033,9.335387602418363e-05,0.029207210777405953,4.654026200205226e-05,0.013020672553936538,0.032087619318632944,0.017886521473305238,2.684450056673927e-05,0.00018290286647127134,2.051599755285953e-05,0.033383512283641927,0.12060019528799275,4.025542467782259e-05
Z_M_1878_GRI_0696,0.0001353433378058925,1.968546887776281e-05,0.0007750659490728151,0.00012599100315803673,2.9740925636472222e-05,0.006332930815966006,0.1183278454502372,8.435478908807236e-05,0.06491342989315534,1.995616632432529e-05,0.07849856289918193,0.017541604257145852,4.695581422559944e-05,0.007010206910092319,2.3512449948086088e-05,2.3928992540713015e-05,2.0567025693622826e-05,0.0012153398272832718,7.424064310063143e-05,0.00010248324425974813,3.701162852851621e-05,0.001330491691423995,0.03679843113730885,0.00012392095419684837,0.008481661395083353,0.0035295806217450288,0.580393789155504,3.9605343599734546e-05,0.07391174866368762,3.201354612845827e-05
Z_M_1880_HAR_0101,0.08541944862944709,5.947872719652946e-06,0.14270219096131267,0.007195551270057599,8.986082137480873e-06,3.888648721575457e-05,0.16322358322317707,0.001047985074478051,0.4050949112545861,6.029662692128911e-06,0.001223026412371244,1.7209393870762656e-05,0.0022295990943346795,0.05170923825549035,7.104177222641799e-06,0.017560106666065237,6.214231004966686e-06,0.024395904463200474,0.010247408143564576,3.096483485047472e-05,1.1182891146848237e-05,0.011479059935685222,0.003620158316909551,3.744213904365796e-05,6.450310222063498e-06,0.07264128309647896,4.9296707309579815e-06,1.196657007318964e-05,7.558136078051063e-06,9.672743832477507e-06
Z_M_1881_SCH_0102,0.029045262792327255,5.557788062219786e-05,0.08180809699985861,0.00035570973576851415,8.3967398738707e-05,0.07202123324786351,0.09999200224659695,0.0018305555795783124,0.5192655429680925,5.6342139297630183e-05,0.10060239604438649,0.0033456016434615815,0.0033173643985300277,0.043677837470848115,6.63825761257987e-05,6.75585986341186e-05,5.8066775338284545e-05,0.00024646823910403536,0.00020960321672719093,0.0018817375516030888,0.0016968918836716906,0.0005715758907620633,0.00038700225220246383,0.000349865377436923,0.03827780428342476,0.0004106634967258458,4.606363725414624e-05,0.00011181755803000876,7.062444078271386e-05,9.038367620649144e-05
Z_M_1882_ZOE_0367,0.10632936324733462,7.554576354109432e-06,0.5661002624311864,0.0019964095007743575,0.0002278644637389954,4.9390925236823084e-05,0.16878702924798164,0.027738095734357242,0.0032663479525071085,7.658460317535307e-06,3.824677123000427e-05,2.1858181257820412e-05,1.801995604165578e-05,0.10637027754799419,9.023234321111044e-06,0.000874986944484768,0.0008736967422851638,0.0004664038016271563,2.849089398705992e-05,0.0004722313185903936,1.4203734513251128e-05,0.009168633514441448,0.004381623626364105,4.7556414133051694e-05,0.002172702377873096,0.0004887224938262828,6.261326644497118e-06,1.5199109257332415e-05,9.599821446703321e-06,1.2285649892060267e-05
Z_M_1884_ISR_0103,0.0380606875717737,0.01458305985843271,0.22248082398993552,0.0002166668239095547,5.114549242616809e-05,0.001191274776767629,0.29369356757825976,0.00014506499492148185,8.775637438276896e-05,3.4318634398670266e-05,0.005021124724956827,9.79495747323296e-05,8.074994941969196e-05,0.06637249665831384,4.043437804994751e-05,0.01265046321695,3.536912972042807e-05,0.11945362188216879,0.03213592652418317,0.00017624051306151009,6.364892571682284e-05,0.10704233612018348,0.026424299586405707,0.023491837747359228,3.6712806266588104e-05,0.03516823596368839,0.0009980049987076195,6.810933949654577e-05,4.301814579721576e-05,5.5053719613888345e-05
Z_M_1884_LEH_0389,0.025434926687838776,8.598708897878458e-06,0.7724529453214004,0.007692412609207145,1.2990981494495066e-05,5.621734011296331e-05,0.11450978296651391,3.6846583640668725e-05,0.000268657232938878,8.716950863911542e-06,0.0044781401644247935,2.487924257603419e-05,2.051052886247918e-05,0.05356734164367874,1.0270352910309062e-05,1.0452300748067323e-05,0.007399995832720432,0.011371017383818129,0.0007715298808526762,4.476518135136723e-05,1.616686000873619e-05,0.0003347981969204658,0.0005526090310067339,5.41292776973025e-05,9.325071755027413e-06,6.353563366934248e-05,7.126716655828633e-06,1.72998074127292e-05,1.0926631252712147e-05,0.0007530848787691157
Z_M_1884_ON_0822,0.00016910801739926663,2.4596486738547833e-05,0.03197652557285712,0.05794524639224222,0.0007418900806388392,0.19678035600772387,0.11895368567256621,0.11709050600953753,6.376070409180318e-05,2.4934716231372058e-05,0.000829254901095107,0.026146160426278816,0.033885688935838605,0.04681446933105324,0.012714510271500983,2.9898660344296897e-05,0.01764393695596734,0.00010907671733301707,0.050128560495058073,0.031840880352214176,0.0007509746367840115,0.0009576855675013877,0.0628922020907402,0.07203725110867995,0.0007314037970162158,0.00018174279296264938,2.0385873483602453e-05,0.04797109590130298,0.06979948186336306,0.0007447296614555315
Z_M_1885_BAU_0377,0.07928147731055302,4.834181934889155e-05,0.31492964636529047,0.0003093974724235076,7.303511353043022e-05,0.00031605308800331487,0.19639406597247316,0.00020715097012070146,0.00012531498793010379,0.1094697073367148,0.00024474152074371457,0.00013987074855442981,0.00011530990207900042,0.008904608143002752,5.773977825461921e-05,0.04438107185612134,5.0506667979255094e-05,0.05977248181400752,0.00018231355216387035,0.004406885698690667,9.088985744987493e-05,0.16947596225794204,0.003106760126986583,0.000304314030746476,5.24254210196846e-05,0.0017422685920335322,4.0066299861809095e-05,0.005637547917884029,6.142936577849358e-05,7.861601231188024e-05
Z_M_1885_GBL_0676,0.021244785772785327,3.058940430048454e-05,0.01610380062905907,0.001948651298451207,0.06490251164875271,0.050156867313800445,0.11638495966869564,0.06936955878815249,7.92959570478429e-05,3.101004318327805e-05,0.00015486585792548517,0.0780913501301193,7.296500756595346e-05,0.08977249555860646,0.07891581630486873,0.001790056340623184,3.1959262342557986e-05,0.00013565318664149676,0.00011536311689779178,0.09393794921989887,0.008821877117811223,0.0003145885704023617,0.12028479451427351,0.0010689981873241025,3.317339770810723e-05,0.026519117677954177,0.0009017893237689486,6.154305367856553e-05,3.8870852008257646e-05,0.1586847427953524
Z_M_1885_KIL_0736,0.0351308228606334,0.01658227106885882,0.037404326448553356,0.019829093829644977,1.680384153133657e-05,0.04978616306245194,0.16214020684095384,0.019168217192188468,2.883233963621409e-05,0.01307698872688302,0.05327519106064257,0.07970116513230535,0.07778345858712502,0.0026861146765568274,0.1137805936000853,1.3520056624114276e-05,1.1620520650599367e-05,0.014389741149971812,0.05963434640527694,0.10968242552060462,2.091184209301074e-05,0.015410830605211775,0.016011244971208243,0.08292575942117161,1.2061985316984992e-05,0.0010382111820553088,0.01180022801698287,0.0016157569865415415,0.007025004179430869,1.8087888809319395e-05
Z_M_1885_ROT_0784,0.03748906814427584,1.739028385530073e-05,0.07392892834750853,0.005093902002057643,2.6273346200145012e-05,0.02153887840933191,0.21315235826240211,0.07082744884894296,0.025954603667880417,0.15547476969016846,0.016530624434769152,0.05535718372947076,0.004525821686495558,0.03260065031422758,0.08621976230587222,2.1139042978267387e-05,0.0005164291224137416,0.02100404248552938,0.017006426923487465,0.036463519172920934,3.269633708267513e-05,0.08289001652117492,0.04097841808849941,0.00010947265632759592,1.8859301636666044e-05,0.00012849634957509475,0.0020074535429705897,3.498764350815787e-05,2.2098343056333375e-05,2.8280995380178265e-05
Z_M_1885_ZIM_0848,0.07629917128405843,1.7843715200756598e-05,0.09272784210365786,0.00011420340517005391,2.6958393023778566e-05,0.03641552471570397,0.15429235370354377,0.1626544760022429,4.625570541465967e-05,1.8089086452618894e-05,0.0006015895050890621,0.08594189967498586,0.0056663304310369395,0.2128999908450497,0.12067669363669792,2.1690218840550025e-05,1.86427944024342e-05,0.0005903821788113217,0.0016010496024822427,9.289500975444092e-05,3.354885589365227e-05,0.0027397670019065406,0.023641824374000923,0.016983630301916405,1.935103590544654e-05,0.0026881048136526866,0.0015485439357043882,3.589990545869519e-05,2.267453154800796e-05,0.001562773232393982
Z_M_1886_HEI_0397,0.050587993338919515,2.0713562447984393e-05,0.13612839861573345,0.15562365769593633,0.001218249035820722,0.008444106838746523,0.11501199826384761,0.002462670023851354,5.369512076955237e-05,0.012484024429339149,0.011974415750920578,0.015490345173526834,0.06711235772997004,0.00025459291211812207,0.0012116952716747802,2.5178708436521697e-05,2.1641159462317637e-05,0.0006853347518383883,0.044588925193083925,0.0262208424597758,3.894459835259701e-05,0.23819747257684964,0.0048920529960662824,0.05591727128060135,0.015452876491605642,0.0007465293976999628,1.7167657639395e-05,4.16737728230435e-05,0.025545850824589954,0.009529324367552668
Z_M_1887_MSC_0499,0.10490004514801345,4.451879154142973e-05,0.22114503599410137,0.07043941835647852,6.725925995874689e-05,0.04621036050173238,0.20509777361120832,0.03335470907290424,0.002666477001091424,4.513097524247053e-05,0.004051995060837554,0.00012880931627123738,0.005208335478569615,0.25310334641599785,5.317352938692635e-05,0.0013296517070047929,4.651243692325407e-05,0.001472961255689728,0.011647721084521733,0.00278283872532764,0.0013592381571914754,0.015764275610756138,0.01689196527129854,0.0002802478905512116,4.827944875228496e-05,0.000328948178659238,0.0013124338913170918,8.95676931340464e-05,5.6571332367069865e-05,7.239880317022699e-05
Z_M_1887_ON_0826,0.007845246391130697,0.03398412659440487,0.09291927895733819,0.07318292437702932,0.021920290444452418,0.01750233549442374,0.17868337296563835,0.002783545060947358,0.000219077281805836,8.567392616467519e-05,0.0004278602902588589,0.0002445238506869054,0.005044388375805567,0.2189648398681149,0.05337176468531684,0.00010272968799769828,8.829640984473977e-05,0.01974598836454062,0.17708100008482727,0.03191818511692675,0.000158894823697742,0.0008691390009877948,0.00058847609966687,0.05622423003811751,9.165079871312028e-05,0.005467257531545714,7.004442334254956e-05,0.00017002991597410278,0.00010739161133155981,0.00013743752896746254
Z_M_1887_ON_0832,0.0831768856151327,0.009843942100989864,0.1591228533221857,0.058184039643934864,4.703919462088891e-05,0.03321027225683628,0.10954070452535364,0.00013341821937955467,8.07107132612651e-05,3.156330785029712e-05,0.00015762889204354053,0.0018742322519776859,0.02148402739981504,0.022684520031936575,0.1267116048602128,3.784685624660046e-05,3.2529462472032986e-05,0.02065576067008446,0.07148328999570223,0.19284993606626227,5.853876973667152e-05,0.07793058342885253,0.00378509512525261,0.0019801440412693734,0.0009258386176881204,0.0037983503398100033,2.5805210478015816e-05,6.264107204956766e-05,3.956436503776201e-05,5.063364352704047e-05
Z_M_1887_SCH_0505,0.0030798581003058014,3.31773304188266e-05,0.3092957364822474,0.027779299708535706,5.012451178735286e-05,0.00021690945586674314,0.1842170354863556,0.0010927539271700748,8.60045570685302e-05,3.363355621074976e-05,0.029636095395005443,9.599427789896236e-05,7.913799632212762e-05,0.07265222838029547,3.9627215675059306e-05,4.032924473593219e-05,0.25193962455823243,0.00014712972346115293,0.0001251230723510078,0.030591434679894298,6.237834804212209e-05,0.004143542447534307,0.08388248069787406,0.00020885285835631868,3.5979934949553265e-05,0.00024514642100948304,2.749778322535366e-05,6.674972179320953e-05,4.2159405527189215e-05,5.395472184978071e-05
Z_M_1887_SCH_0506,0.0003433005095265414,4.993250207629073e-05,0.21656314035654645,0.00031957816528765243,7.54383266314522e-05,0.0031877484280413916,0.20714833652447193,0.033118867167368025,0.0001294384650658319,5.061913041603002e-05,0.0002527947159889068,0.00014447318153669255,0.0001191041628661539,0.11220425659587183,5.963969987921954e-05,6.069626673065494e-05,0.1817444420302313,0.0016520808047895434,0.0001883125613510268,0.08180687624139818,9.388057911257968e-05,0.001944165323121263,0.09333980056952217,0.0003143274534710128,5.415047425135521e-05,0.00036894994327527867,4.138467744873865e-05,0.00010045957827094947,0.0029247463377206993,0.061599059227730915
Z_M_1887_SCH_0507,0.004686268522814253,7.301922035601e-05,0.11166519105643292,0.031849138562744884,0.0022024379275763077,0.16575487473378073,0.15856885372655624,0.004497136930492089,0.042031686385690284,7.402331716584943e-05,0.027567237121758816,0.00021127158943574516,0.00017417298857473656,0.0008974881070175557,8.721462386950621e-05,8.875970341765187e-05,7.62891750516962e-05,0.0003238144107047388,0.006551740621795849,0.24725030619137583,0.033611207819415574,0.01748790707454321,0.14277261373098796,0.0004596594329255844,7.91874079472502e-05,0.00053953709684312,6.051923609545518e-05,0.00014690792124597682,9.278766203929833e-05,0.0001187477013449144
Z_M_1888_DIE_1031,0.10263358617372126,1.4726690800198607e-05,0.22125641772009152,0.017815892115676905,0.011414730938223322,0.006847381664744816,0.2577204616772734,0.009345868700694064,3.817554044787052e-05,0.011407410963990597,0.005981770008348069,0.013122866599649563,0.003832621545940884,0.026341521227024267,1.7589653692818775e-05,1.7901269027196676e-05,1.5386183074961916e-05,0.03508664049568107,5.553939317066189e-05,0.032566337888361864,2.768838338247456e-05,0.09424491322373657,0.03217027196544462,0.10093726601722723,1.597070560905215e-05,0.0005307588996723086,1.2205664112772622e-05,0.001295460047683521,1.871363734457627e-05,0.015213925006151546
Z_M_1888_SCH_0995,0.0037455477794659953,2.4948120295049027e-05,0.4727531972532693,0.015170566193361289,3.769177127921884e-05,0.03733293851497957,0.2414562077610095,0.05371723861615518,6.467223277405533e-05,0.0014549000566857107,0.00012630556695933354,7.218413182818041e-05,0.005063139884497923,0.051057755316621385,2.9798194464080006e-05,3.0326094245050282e-05,2.6065349741071524e-05,0.010832702624303308,0.0008088923392051467,0.002989098535956007,4.690620104498262e-05,0.002400985596874838,0.062361705719796656,0.03303805363825041,2.7055574815631614e-05,0.0008991454398237272,2.0677311739464753e-05,0.001479802183295426,0.00289092005026735,4.0571946995181005e-05
Z_M_1889_BTT_1001,0.048178423280644075,4.077415048811391e-05,0.44437064261269715,0.09255240284243685,6.160183357009978e-05,0.0002665765655089222,0.0593391690906938,0.0001747225268561172,0.0024421897080116636,4.1334841142292585e-05,0.0002064284657032232,0.001286220761650773,0.002433750868066581,0.023866081552761,4.870090615979585e-05,4.956368318898133e-05,4.2600102945578764e-05,0.0013490650088011217,0.00015377328185151777,0.00021227166342364505,7.66615070640571e-05,0.1709832579452245,0.0002839202915600177,0.10423057594614994,4.421848484087648e-05,0.0003012791245009613,3.379412198529017e-05,8.203382150034725e-05,0.04678165593987669,6.630907069602297e-05
Z_M_1889_HES_1007,0.0021052600198389264,2.2678612137619702e-05,0.10745672136018562,0.00014514772857040817,3.426298460613536e-05,0.1638926578353711,0.20129733194942176,0.0013967394294151939,0.22813132914622863,2.2990468687004173e-05,0.033903340120225854,6.561760601046099e-05,5.409536877383826e-05,0.10034476031625032,2.7087479403662584e-05,0.0013271259895975482,0.0032725907906795172,0.03778777197846445,0.024127363521322175,0.06184710072018283,4.2639185949391074e-05,0.017777273683466613,0.0001579166725292426,0.013138349261890978,2.4594353408093316e-05,0.0014671303010111794,1.8796315211011377e-05,4.5627271143648545e-05,2.8818376699808022e-05,3.688115331696444e-05
Z_M_1889_WET_0432,0.002403560779162944,2.589201435744832e-05,0.4305497400191806,0.036516292806791084,3.911781214686798e-05,0.0001692789225253961,0.3255182314372435,0.0001109506420065577,6.711905986145117e-05,0.0007680966027107847,0.015709903668328112,7.491516617570953e-05,6.17603077500619e-05,0.04853839724650865,3.092558756994243e-05,3.1473460056788206e-05,2.7051513370394767e-05,0.0008566704679032431,9.764765111788396e-05,0.0720941034960827,4.8680863189162395e-05,0.004717370779665534,0.023919445775488938,0.0009048399943454754,2.8079202893468905e-05,0.008351649395237828,2.1459622853345874e-05,5.2092339353643136e-05,3.290174102109316e-05,0.028232351625101383
Z_M_1890_KLK_0728,0.006510850240555445,3.1387161003692925e-05,0.007530845076452881,0.022683221203928555,4.741991298999729e-05,0.036176944727572484,0.11042728769740812,0.0001344980585923836,8.136395682485192e-05,3.181876994281974e-05,0.021741948196116724,0.02706961904665659,0.3750802489265278,0.00038578340848501063,0.18619123931997758,3.815317512604162e-05,3.2792744273520826e-05,0.00013919095540259412,0.001017665210245285,0.03793372881220669,5.901256154206649e-05,0.0012220863661382298,0.054176165189720425,0.07304035551174656,3.4038543695583064e-05,0.00023191890633061566,0.03779634021522533,6.314806641845766e-05,3.988458481731785e-05,5.1043454076328e-05
Z_M_1890_KRG_0755,0.0004254758286772361,6.188476891029812e-05,0.0024365575159245637,0.023446372616754373,0.008958994927487505,0.030547292036479066,0.12020443249410658,0.002038284075453125,0.00016042195294888276,6.273575442804976e-05,0.16698468782328865,0.009044554550276673,0.00014761394459994953,0.004306832829286206,0.0018470153725829933,7.522503948641354e-05,0.18624013601741293,0.002047536866254612,0.00023338865183061003,0.2875643433027868,0.00011635263008992273,0.0024095372100710892,0.09617830831596981,0.0003895675364013547,0.05326010665294243,0.00045726492824599784,5.129086454408792e-05,0.0001245064342384651,7.863878845915669e-05,0.00010064027006218613
Z_M_1890_SAH_1025,4.8654167617706795e-05,7.076669734460494e-06,0.07469087010365548,0.045463119517822274,1.0691475505783433e-05,0.10264189437802825,0.21001555818752737,0.00023308260628556062,0.045233413864581865,7.1739819417124325e-06,0.009768218843783105,2.0475420792249586e-05,1.68800037962323e-05,0.019349005217617763,8.452419597614771e-06,0.000616876635245618,7.3935779308942135e-06,0.0006396570008108892,2.6688544497438917e-05,0.030653323250357266,1.3305198522688755e-05,0.10185737344019356,0.024177497368797738,0.16691451200613386,7.67446064801154e-06,0.00025504748436464263,0.020281681032033684,1.4237605317684578e-05,0.14700865708387797,1.1508452980560257e-05
Z_M_1891_GEY_0452,0.07450269037257069,9.730186080482276e-06,0.5618575814704617,0.023201491566337155,1.4700424076540873e-05,6.36148038903672e-05,0.17390469941031766,0.08311984554812578,2.5223257371285903e-05,9.86398713662779e-06,0.000606832772683973,2.815302421343717e-05,0.009780710335498068,0.046398027693307066,1.1621796494841916e-05,0.003636042302697592,1.0165924335542332e-05,4.314993307703112e-05,3.669586315618975e-05,5.0655691412324274e-05,1.8294206501271647e-05,0.0009364247228993116,6.775364381188222e-05,0.007309681212716185,0.01367105337525302,7.18960887833507e-05,8.064498987888069e-06,0.0005771477143560943,1.2364432449612755e-05,1.5823740996988772e-05
Z_M_1891_RAU_0454,0.11207664381560999,2.9805719728555498e-05,0.14635056769907331,0.014708466892495739,4.503066193103775e-05,0.00019486626459761677,0.19709353270113913,0.03599499064245046,0.0017852296391111283,0.2203577267811941,0.02577037632188885,0.004356151969896387,7.109568215646132e-05,0.00036634572167511996,3.560014229968332e-05,0.00174419603150275,3.114048272259334e-05,0.11371186382855818,0.0001124075740570633,0.014672873852902949,5.6039215193117276e-05,0.010554320193993537,0.007893387863879405,0.08473190596334035,0.0008863061141208204,0.002782181483024085,2.4703350439141597e-05,5.996635276593845e-05,0.0034538054072566706,4.847163099578914e-05
Z_R_1877_GEB_0339,0.13452397858472734,1.336738242318045e-05,0.09359466602300513,8.55539652904124e-05,2.0195522345479274e-05,8.739436269198437e-05,0.09069124052279619,5.728096861542172e-05,0.12987075744153687,1.3551199039977762e-05,0.00619563321802095,3.86767773932871e-05,3.1885261643650414e-05,0.024293133903999748,1.59660870723276e-05,0.047890919143750585,1.3966002001842034e-05,0.04563596564652314,0.006944365485278688,6.959106366705727e-05,2.513268013667949e-05,0.32070626496664223,0.01234899589569822,0.001999135110413774,1.4496571724134657e-05,9.877123680355641e-05,0.04941773870316868,2.689393771550748e-05,0.003463962579076426,0.031810519756797564
Z_R_1877_HLS_0610,0.0006955729771824084,0.00010116996090472491,0.09963991143733146,0.055722519316140015,0.00015284818982956203,0.0006614372191154639,0.17911953621555038,0.0004335264131710373,0.00026225972874881833,0.00010256116221447229,0.015005620020689059,0.00029272208521648744,0.00024132104340271633,0.021534285803786662,0.00012083804845051314,0.0001229787949103967,0.00010570056513618417,0.00044865298631867074,0.0003815465614089101,0.026614857483328355,0.003088899461597012,0.302503673570152,0.0007044709565575988,0.15136847871570372,0.00010971613949190039,0.06741729233194155,8.38509192498804e-05,0.00020354460889319232,0.07259567936552977,0.00016452791804702044
Z_R_1877_KLI_0337,0.10509212436693824,3.327221459924407e-05,0.1366790852759182,0.00021294893815730352,5.026786338194257e-05,0.0002175297973976891,0.06653426458418661,0.0001425757579075396,0.0010395538695567317,0.10775700797783155,0.00016844819887228618,9.626881289825939e-05,0.03821149821154528,0.02233492981661666,3.9740545947088084e-05,4.0444582747921635e-05,3.476221454493265e-05,0.0068206739315774334,0.00012548091308205723,0.00017321632098328795,6.255674450606466e-05,0.3330450473873656,0.02978408625680043,0.029761853921689566,3.608283432681073e-05,0.06125726173799707,0.003840789813179001,6.694061999283831e-05,4.2279977634403275e-05,0.05629900651181797
Z_R_1877_MLL_0336,0.011211905864477761,0.045344877686938616,0.03671358250408676,0.13377683377564595,2.4389720521727487e-05,0.00010554438972999001,0.22331033539152556,0.000994253265344946,0.011142762821047272,1.636550675270568e-05,8.173023909266191e-05,0.012072699854016088,3.850718030201736e-05,0.0372014702094198,1.9281917786434708e-05,0.05644927217579612,1.686645583133741e-05,7.159077879661246e-05,6.0882722976086134e-05,8.404370853171863e-05,3.0352225310616867e-05,0.12643892601198906,0.00011241120856761863,0.012590152991147225,0.0014051215254464763,0.032496951274151135,1.3379945737499234e-05,3.2479260174065436e-05,2.0514037573723803e-05,0.2581225153512824
Z_R_1877_ON_0338,0.00028297888401941667,4.1158819523259524e-05,0.036998549434972175,0.01677316942941899,0.0024207179390626377,0.0002690914860902018,0.14480624113298807,0.00017637088359732112,0.12628831428924225,4.172479981144347e-05,0.029690062755501987,0.0012983551481050707,9.817626876351997e-05,0.018194900139188463,4.916035731595585e-05,5.003127390423427e-05,4.300199827144108e-05,0.00018252480407550677,0.00015522400048704742,0.00021427426396787298,7.738474243750126e-05,0.2150499669141553,0.0002865988352771821,0.094600494515725,4.463564820775764e-05,0.053371157700512,0.054280416679685285,8.280774003912943e-05,0.02245838369675694,0.18167412541889708
Z_R_1877_VOI_0332,0.0658840425926661,1.752123583689711e-05,0.12067073545192653,0.03424895909903298,2.6471189247257094e-05,0.008648756671056307,0.0972866135757235,0.03822799682371962,4.5419752235113365e-05,1.776217263302417e-05,8.870526516767918e-05,5.069541041511698e-05,0.007571974262124973,0.011761632864870274,2.0927476160297296e-05,0.0893794437189325,1.8305873732505253e-05,0.01815013440291864,0.06733569372733346,0.004609324650920403,3.2942546412410385e-05,0.27327474949594077,0.00012200461144503345,0.06938796036662206,1.9001315587754744e-05,0.001133488057006506,1.4521817723161303e-05,0.0015412872668199725,0.004540373227666212,0.08587255507812294
Z_R_1877_VOI_0333,0.08265647404937661,0.0002566626294222881,0.002751643136657764,0.3105024596463842,0.00038776745541136467,0.0016780298651673446,0.005834375018572338,0.0010998326789241162,0.0006653385152104381,0.0002601920306696777,0.0012994132841699013,0.0007426198390290169,0.0006122182215035195,0.010508475522455235,0.0003065594863555797,0.00766579440994242,0.00026815652330659193,0.0011382079634799378,0.0009679626523772813,0.001336194687907423,0.0004825641673214506,0.5615286798906873,0.0017872040914593593,0.0016157033465741186,0.0002783438147077365,0.001896473411677903,0.0002127251727854048,0.0005163814837534263,0.00032614872085514924,0.0004173982838551322
Z_R_1877_VOI_0335,0.006488246130255442,0.0009437048719131537,0.010117324207560806,0.03307859055431863,0.0014257550375165527,0.27655670570722724,0.15664544299337765,0.11219864787909305,0.0024463366548095927,0.0009566818805240096,0.0047777218275210295,0.0027304869495355833,0.002251022361951641,0.25494737875932383,0.0011271671355355957,0.0011471358381589512,0.0009859659664881025,0.004184997258089692,0.0035590341801395677,0.004912960798543158,0.0017743064377428268,0.06378265608167166,0.03360993323746057,0.00594066663760274,0.001023422905772557,0.006973010453771897,0.0007821543104581053,0.0018986469634505127,0.0011991934218551251,0.0015347025583307302
Z_R_1878_HEN_0613,0.0008190260989224403,0.00011912601714859754,0.01834290868825891,0.045133447786877,0.0001799763083818502,0.000778831787641716,0.3098918997911413,0.000510470444665073,0.00030880665233961935,0.00012076413452652348,0.034734654299436056,0.0003446755917609923,0.0002841516839349381,0.011703657821685311,0.0001422848768862834,0.0001448055717369125,0.00012446073145058872,0.017594057534739783,0.0004492649973462974,0.0006201742406512653,0.0002239747461522805,0.30158277367760344,0.0008295033278761511,0.034881455473735196,0.00012918900627923084,0.03159861542863162,0.07860130176098085,0.00023967053414550234,0.10937234198278517,0.00019372900227914444
Z_R_1878_JON_0340,0.0015577719028162195,4.384764052686799e-05,0.16127732782868642,0.13721805217599986,6.624528094006719e-05,0.0002866706792758243,0.09019449884278435,0.0001878928305757437,0.003882584640008515,4.445059514289041e-05,0.0002219887122186986,0.00012686742835588388,0.00010458992242426414,0.003051549856824789,5.2371902322035047e-05,0.030204657885497935,4.5811230350705265e-05,0.00019444877401833752,0.00016536446509725914,0.0002282723608074573,8.244012845767609e-05,0.31578389357414133,0.0003053217475674028,0.05178459317276149,4.7551603276461046e-05,0.014143361556706322,3.634146867545622e-05,8.821739933591113e-05,0.0101061712049144,0.1784668431894894
Z_R_1878_KRA_0161,0.059528566612572095,5.895770770322742e-05,0.25232805031289635,0.030783566267550064,8.907366196795546e-05,0.0054531626669830505,0.1770206190935668,0.007009580307604538,0.00015283422363345414,5.9768442821072096e-05,0.001987721603899297,0.00017058643676580573,0.0018298667353078692,0.05140169793244677,7.041946321085374e-05,7.166700252904516e-05,6.159795820454895e-05,0.06614161063768687,0.00022234970184383505,0.00030693590267337153,0.00011084931682118423,0.2641269510655435,0.02574905760002277,0.003749610987207764,6.393807039800772e-05,0.05111267853553942,4.886487988699511e-05,0.00011861745767593867,7.491928604971112e-05,9.588012898781066e-05
Z_R_1878_LSC_0612,0.04707142480144153,8.11705055688621e-05,0.10552526361485155,0.07261520630006324,0.00012263289155004038,0.005182018540451371,0.17627021983671629,0.00034782615135818486,0.028118428111838876,8.228669176336505e-05,0.002736611951244895,0.0025605239654666683,0.00019361627623688227,0.005649011934753462,9.695057106841998e-05,9.866813101298832e-05,8.480549200862456e-05,0.00035996247699217484,0.00030612176787127456,0.009725247292752714,0.00015261270220392147,0.34735926304980547,0.0005652099021389422,0.005162307548492991,8.802726058190489e-05,0.05874145911681654,0.05588329981505615,0.00016330755356558718,0.07452451199572126,0.0001320037506058308
Z_R_1878_NIE_0611,0.0011999036219214935,0.00017452403486255713,0.026873041775560515,0.23613573946714686,0.0002636719691491688,0.0011410174646307376,0.10397520484040153,0.0007478581405932708,0.0154536100216035,0.00017692393759763717,0.020885163614804886,0.0005049625298706305,0.00041629275938484013,0.0021450961118755674,0.00020845262360396746,0.00021214553508140153,0.0001823395892402471,0.00577435129387913,0.010658987768646187,0.0009085782718754782,0.0003281313128856938,0.471832346212908,0.0012152531510583532,0.0010986370233163566,0.00018926668728973817,0.09629713335115327,0.0001446476861664987,0.0003511262246311891,0.00022177280290871823,0.0002838201759526539
Z_R_1878_RUL_0123,0.005901740889544106,6.357565873546671e-05,0.1555130436701758,0.11334278428216366,9.605049036333314e-05,0.0004156501252088251,0.10527333639612112,0.05127573381892978,0.00016480519381333728,6.444989589944197e-05,0.00942959915194413,0.00018394787570970064,0.027474845731421085,0.07182173224848212,7.593517346304351e-05,0.001898826994953347,0.14032550835294147,0.003925028689271606,0.00023976557629262456,0.05497737412180445,0.00011953175609806586,0.0480140376430778,0.038695170621881186,0.08783444697300413,6.8946115820671e-05,0.06058079557241299,5.269229501735042e-05,0.00012790834825590294,8.07874516861603e-05,0.02196194888550733
Z_R_1878_VIE_0114,0.04829336740144373,9.776913794829973e-05,0.05427183624309317,0.16589923579262608,0.0001477102059045714,0.0006392030415109054,0.12267602062774179,0.0004189534454151521,0.005855935184428045,9.91135740986175e-05,0.0004949786297982505,0.0002828822475971533,0.00023320904912167372,0.015207920607447951,0.00011677608375758294,0.005721336171912458,0.00010214744615494058,0.000433571539595783,0.005971212196433054,0.0005089895753887331,0.00018382061599677625,0.49962720657144005,0.0006807902021145674,0.0006154613304254456,0.00010602803718823552,0.0007224135863447144,8.103227497491727e-05,0.0001967024674868866,0.070155379391943,0.00015899732066748727
Z_R_1879_DRA_0346,0.003970060792015234,3.268028433481641e-05,0.15952876877442246,0.03579021640267212,4.93735715524903e-05,0.003959034136774526,0.10842238944638463,0.00014003925989874457,0.08529198161710064,3.31296751812983e-05,0.004847169303130864,0.0010308997172202218,7.795239064886329e-05,0.12025365524271407,0.016893217932600065,0.020639283753536096,3.4143776394797e-05,0.00014492549991559697,0.047876770985238556,0.011406257639144875,6.144382699326255e-05,0.11269732094813016,0.005845622203949494,0.007696472548479039,3.544090165350879e-05,0.004923191647232389,2.7085825261931524e-05,6.574971102057493e-05,4.1527794509757996e-05,0.24818419439188893
Z_R_1879_GEM_0347,0.06369169384173166,8.471692714178281e-05,0.21693602198796375,0.012678597917215645,0.0001279908467468791,0.0005538692335113002,0.04804404978932782,0.000363023028082775,0.00021960904337563832,8.588188064125499e-05,0.0004288988263303708,0.0099542312656315,0.0002020755673809116,0.0010412660420382708,0.00010118643968023167,0.00010297904155779665,8.8510729819499e-05,0.007657525017671139,0.046437787503319235,0.0004410393062577285,0.00015928050568259457,0.33098112081721676,0.0005899044950347994,0.000533297048357006,0.05106472116992008,0.000625971144319203,7.021444066340323e-05,0.00017044262592872,0.004962209224410786,0.20160188429304152
Z_R_1879_HEN_0345,0.0007361144908616926,0.08600084134460595,0.04102709877803874,0.00375288319146364,0.00016175695595778379,0.0006999891280400755,0.17422135532966174,0.0004587945267787565,0.0002775455531401924,0.0001085389458508123,0.0005420494537259449,0.02485086189173012,0.015593560506361506,0.004383604112588512,0.0001278811015232172,0.043077033964681266,0.00011186132906455756,0.00047480275317098497,0.00040378502616540777,0.0005573927937133714,0.00020130134613131014,0.21890317001873894,0.000745531089511051,0.05282378143291015,0.00011611095141813003,0.0007911127193550957,0.058373799569513975,0.0002154082189190083,0.07069165337385835,0.19957038010251973
Z_R_1879_HUM_0173,0.00012999114438168324,1.89070010286017e-05,0.004536431172923922,0.26989582154917763,2.8564811693946905e-05,0.0017487612081657803,0.2999990080090743,0.026625127049759778,4.901202804540308e-05,1.9166993662375244e-05,0.019055798230248572,5.470494123739536e-05,4.509893228223344e-05,0.13999524312141107,0.0005642991347335967,2.2982713258698873e-05,1.9753696412274492e-05,8.384586094483869e-05,0.007655335659005151,0.020683657200257236,0.03741398592415433,0.0018195934849159433,0.16264660155955207,0.002285886429460157,2.0504141186543524e-05,0.004473435266951101,1.5670357113211514e-05,3.8039138251067434e-05,2.4025679993091933e-05,3.0747560717930775e-05
Z_R_1879_HUM_0174,0.00013496272882830844,1.963010991954372e-05,0.07332696827243405,0.32127587537450786,0.009028613188950253,0.001815643564381144,0.27941385844865746,8.411756876714915e-05,0.0011757560081263369,1.9900046117861248e-05,0.02765868436634496,0.003993840368724555,4.6823766318892235e-05,0.030612752227860307,2.3446328854278927e-05,0.041081597993638995,0.006207291368869213,0.0006494873368139479,7.403186551524159e-05,0.0006646297873213314,0.024784036270298355,0.08456709219231621,0.013072688318970235,0.027120440166835933,2.1288333601336907e-05,0.03782817419649219,1.626967873675499e-05,3.949396649334176e-05,2.49445556406709e-05,0.015217661599663337
Z_R_1879_JON_0342,0.030260995354411166,4.5446285635240454e-05,0.1007497228572591,0.08232381982119684,6.866052365450025e-05,0.0015992328181674603,0.14296310295714693,0.0001947432323508201,0.031368458263777335,4.607122342837098e-05,0.0002300822188393084,0.00013149289944887577,0.00010840317590517038,0.010975468909564327,5.42813342654022e-05,5.5242973216514556e-05,4.748146615880543e-05,0.009316310905446884,0.02360938046121912,0.0028408157366615434,0.0013875562071480664,0.3767772819198699,0.00161856388745184,0.0393493981063599,0.006559837224296315,0.002940022181219265,3.7666445582560034e-05,9.143372551052658e-05,5.774992627837655e-05,0.1341912769585296
Z_R_1879_JON_0344,0.0035245368386980303,2.9012872112398783e-05,0.06598107429345174,0.2462404897156791,4.3832822949421834e-05,0.00018968272080928928,0.17273161934063153,0.00012432392253786906,0.0009064753829786845,2.9411831895731243e-05,0.0018094167451543572,8.394496100338036e-05,0.012538197816091473,0.029450918472614687,3.465316003539992e-05,3.5267069566551785e-05,3.031212971795432e-05,0.0001286618241077276,0.00010941747423928509,0.008463704244647605,5.454854298047518e-05,0.31202320804517913,0.00020202365985643383,0.03925214978716544,3.146369036103827e-05,0.020164764653795315,2.404622849459104e-05,5.83712166553839e-05,3.6867506380230314e-05,0.08566760303020979
Z_R_1879_LSC_0343,0.009295061797683772,0.0001448312580304745,0.01815132443436521,0.00507660183436864,0.0002188119420303382,0.000946889607310279,0.10288391516648719,0.0006206207380877641,0.00037544154515580555,0.00014682285152386437,0.09202559278729774,0.00041905035324796356,0.004495118816979521,0.04742631428860028,0.00017298738102228424,0.00017605199625131654,0.012600274117291648,0.017240884740016515,0.0005462082617398082,0.02150225831339588,0.00027230444724620645,0.1301287008842901,0.18359319796402282,0.029959285950784703,0.0001570656582918264,0.0010701543526336404,0.004269690280887192,0.0002913871025321823,0.31555761890978234,0.00023553221864269707
Z_R_1879_NAS_0149,0.25225450493805507,0.0001057688178573322,0.09507786864396357,0.30978279705681366,0.00015979617077375842,0.0006915040010598298,0.1993835252511095,0.00045323311209156063,0.00027418120194263744,0.00010722325864803414,0.0035659283995941415,0.0003060282779316086,0.0002522907121496299,0.0013000173879896628,0.00012633095261185284,0.00012856901043424722,0.00011050536860278665,0.00046904728999328334,0.00039889042554592613,0.0005506361907275873,0.00019886121182808022,0.11321438491829174,0.0037669434720447297,0.0006658196924107417,0.012236501717820899,0.0007815230105860314,0.0031181120689523804,0.00021279708395004955,0.00013440353481991782,0.00017200682139977648
Z_R_1879_NAS_0150,0.2946807987778076,0.0001057688178573322,0.06780382260412264,0.2794783014569904,0.00015979617077375842,0.0006915040010598298,0.18423127745119786,0.00045323311209156063,0.012395979441871943,0.00010722325864803414,0.0005354788396118151,0.0003060282779316086,0.0032827402721319564,0.010391366067936642,0.00012633095261185284,0.0031590185704165733,0.00011050536860278665,0.009560395969940263,0.00039889042554592613,0.0005506361907275873,0.00019886121182808022,0.12533618315822104,0.0007364939120624033,0.0036962692523930677,0.00011470347789159323,0.0007815230105860314,8.76625089700541e-05,0.00021279708395004955,0.00013440353481991782,0.00017200682139977648
Z_R_1879_ON_0614,0.0023999987347456194,0.0003490759217661918,0.0037423927529397216,0.002234156871484033,0.0005273860173307272,0.0022822170226064987,0.09794944819236164,0.0014958356307974326,0.0009048986056380855,0.00035387611023339645,0.01176887260590929,0.0010100056459890845,0.0008326519543356687,0.0643001098707448,0.00041693851386395686,0.0004243249261652852,0.0003647082777947152,0.041554411765308184,0.011318080704207732,0.1018332603994137,0.0006563149917782389,0.6336905190184566,0.002430700242628737,0.00219744937654373,0.00037856357937936626,0.00257931279585438,0.00028931845645032285,0.000702308484994302,0.010445176883917419,0.0005676856463612003
Z_R_1879_ON_0615,0.026600944321203072,0.00017718197656575922,0.05774162895367595,0.07220574708410558,0.00026768760357636333,0.0011583947726084745,0.1207883717979338,0.0007592477657616749,0.18829177595819582,0.0001796184290033958,0.0008970242944337058,0.0005126529374855734,0.00042263275654787517,0.0021777651962089704,0.00021162728617611808,0.00021537643943956078,0.00018511655917890376,0.0007857393854578435,0.051433747047966084,0.0009224156099896408,0.00033312864119827945,0.3622574661511223,0.0012337610432961732,0.036651242096798514,0.0001921491545760949,0.0013091929601977352,0.00014685062123865881,0.00035647375763012595,0.07129689673771,0.0002881426607179689
Z_R_1879_ON_0616,0.032644275277428005,0.0009188601007869479,0.11515834375800295,0.005880891462576073,0.0013882194067877187,0.006007398484546505,0.1261946186301608,0.1092448115578132,0.002381932330856939,0.0009314954657140259,0.030978783681498524,0.002658601845046532,0.0021917600469555532,0.1955817304572888,0.0010974923819798673,0.0011169353716805389,0.0009600085941096333,0.18836272883219915,0.0034653360418045896,0.0047836180450779,0.05438128293285519,0.08843030422497361,0.0063982455696863045,0.005784267632637224,0.0009964794103896322,0.006789433094005392,0.0007615626557924766,0.0018486615806679017,0.0011676224434817252,0.0014942986831963032
Z_R_1879_RIF_0617,0.00021618470978367646,3.144371525991333e-05,0.005742586658566679,0.00020124617062524216,4.750535550290473e-05,0.026332076981345858,0.08089610154120878,0.00013474040092037836,8.151056065629873e-05,3.187610188398361e-05,0.15421545962393213,0.028920221539342466,0.10638283728555425,0.03101754947766328,3.755657463997394e-05,0.0045427911785071,0.026159353527160898,0.0001394417535220697,0.0010194988676136606,0.0884532545445165,5.91188920102882e-05,0.07690105188848537,0.09211216307164943,0.14254232821992782,0.027962429274472133,0.031764321589773,2.60609414652061e-05,0.0018650895515271932,0.0423829074745388,0.02978129252794475
Z_R_1879_WEN_0110,0.11207748807729914,3.308298587224143e-05,0.35675817261108317,0.08552108496609914,4.9981975474826106e-05,0.006851464085863122,0.25857583679978113,0.0001417648882526266,8.575999064807207e-05,3.353791432001616e-05,0.0020632534547090505,0.00104360293904052,0.0019746762255236487,0.02884307604135819,3.9514529945131657e-05,0.03795547995391469,3.456451175642395e-05,0.008677646051799515,0.00012476726676390122,0.00017223118956626187,6.220096617057083e-05,0.03067244545802848,0.001178246483148613,0.009687075302797409,3.5877620790875406e-05,0.05711734739848363,2.7419589294204176e-05,6.655990928696602e-05,4.203951914849172e-05,5.380129377992738e-05
Z_R_1880_MLL_0348,0.002357893896459672,3.673958783272737e-05,0.14881742540796045,0.12550040269646562,5.550639186867886e-05,0.00024019907282965655,0.24610243030970735,0.010683926495905886,0.02851676888856825,3.724479869033167e-05,0.0022913010879125214,0.006422196761264095,8.7635060750186e-05,0.08676881000487432,4.388199871663343e-05,0.031624137185798776,3.8384864065005226e-05,0.00016292707489323958,0.0011912068240806672,0.00019126758815062432,6.907592527256253e-05,0.09406362257634297,0.00025582665400481153,0.0002312774366361909,3.984310864097791e-05,0.013955908219025863,3.0450226382286135e-05,7.391665440448273e-05,4.6686070361550245e-05,0.2000631071321336
Z_R_1880_ON_0618,0.20347440398743763,0.0004987139978317885,0.06250252671767421,0.03176981381802565,0.0007534601291685678,0.017549504454851185,0.1685152969975884,0.0021370542080352464,0.0012928007150044794,0.0005055718789732699,0.002524853716502255,0.015731935318286917,0.0011895841536367197,0.006129754325983699,0.0005956671890947848,0.014895191346492824,0.0005210474625149713,0.28799104851468765,0.001880821236833381,0.0025963226364034233,0.0009376569765413231,0.1623075767035484,0.003472666431413202,0.0031394281165663396,0.0005408421043495765,0.0036849846004010697,0.0004133403510984783,0.0010033664610568306,0.0006337304843775235,0.0008110349656202976
Z_R_1880_ON_0619,0.09290449579613501,0.0002884845071172953,0.1932005151068027,0.0018463594986207145,0.0004358441410121437,0.010151630322833137,0.1966654542353803,0.0012361935549599953,0.0007478293745321096,0.00029245149514965565,0.0014605188206369547,0.0008346922912775529,0.000688123051946467,0.053139114865888994,0.0003445677406269916,0.00035067204453123244,0.0003014034518017448,0.0012793267336213793,0.0010879738484232992,0.0015018605038893426,0.0005423940613230068,0.3418545064116541,0.018539893120219125,0.010081576357294113,0.0003128537971260113,0.0021316044281959106,0.00023909953997030905,0.0005804041599683259,0.025163244086298747,0.041796912652763404
Z_R_1880_ON_0620,0.01191232226125895,0.00012832378598159774,0.32492413290761185,0.08906176888046531,0.00019387235325547423,0.000838965710641803,0.1793979574887543,0.074083609544631,0.00033264974111484014,0.00013008838307675195,0.004326354799506708,0.00037128813611761756,0.0003060911524481945,0.0015772432409499274,0.00015327075081506133,0.058982966442954726,0.022194188035797015,0.0005690705944878249,0.0041606392061094245,0.008021430695797766,0.00024126792852208017,0.15206384896010192,0.0008935496213612435,0.019191235646267846,0.0001391637426463433,0.04506841635630585,0.00010635634648821302,0.0002581755947688438,0.00016306479345042367,0.000208686898311114
Z_R_1880_ON_0621,0.037167054095074134,0.00734056135098626,0.009747057358772614,0.10088645258022254,0.0003740152801557944,0.037083524842088045,0.005627458871684741,0.001060827106018772,0.0006417422805657638,0.1775759959021007,0.0012533295838388268,0.0007162828217469546,0.0005905058984107054,0.1519958176384264,0.0002956873522355383,0.00030092569943368757,0.00025864635051366244,0.05784185151756694,0.12151465532753715,0.0012888065348604608,0.00046545002607918787,0.26498701244119244,0.015909823413741923,0.0015584024171819727,0.0002684723495609155,0.0018292149701533145,0.00020518087318885177,0.0004980680111702901,0.0003145818544098415,0.000402595251081635
Z_R_1880_ON_0622,0.007898647207751524,0.00022232846977655242,0.11067481224320432,0.08423391146939244,0.00033589519901984515,0.0906345954155713,0.25985686792547447,0.0009527063486641389,0.000576335145880395,0.019335608212960584,0.0011255887455337173,0.007013352585138702,0.0005303208365883751,0.0345830370205898,0.0002655505464521019,0.025750551629005587,0.0002322848075761894,0.007356022270121334,0.0008384767809333673,0.02663774647752981,0.0004180108071481389,0.22523907339968538,0.014288275333840379,0.0013995681937227313,0.00024110932914164806,0.07808366911171824,0.00018426859513901938,0.0004473043284963533,0.00028251929854579937,0.00036156226539776914
Z_R_1880_ON_0623,0.026992678095213746,0.0004205871473727711,0.14911516733042182,0.08704540917861521,0.0006354256101971566,0.0027497489439175927,0.22646982566609827,0.0018022705138540818,0.0010902749215164595,0.0004263706960176,0.002129318661144536,0.0012169140493209565,0.001003227918031438,0.00516948771694785,0.000502351979158672,0.0005112515619870047,0.0004394219269115211,0.0018651552099911105,0.025687196969899764,0.002189591501445249,0.000790766801598195,0.2935376423725857,0.0029286502374410842,0.026748634746886275,0.0004561156070141005,0.13566331095402562,0.0003485878477812551,0.0008461824602078699,0.0005344524071638515,0.000683980967233384
Z_R_1880_ON_0624,0.0022018046883377613,0.0003202489193029062,0.29705430689240936,0.002049658194772741,0.0004838340073731967,0.0020937494955437317,0.034806764173976636,0.010547963317797287,0.000830171267809197,0.00032465270390453273,0.0016213334248149588,0.0009265984745704809,0.000763890809719195,0.003936218367687989,0.0003825073577263954,0.00038928379348013515,0.00033459034136078735,0.0014201906645578783,0.001207768322358191,0.0016672271524055264,0.0006021159115639502,0.5997110983087873,0.0022299708381850244,0.0020159820376620748,0.0003473014597233776,0.029893276235480486,0.00026542627902780317,0.0006443112208905997,0.00040694968184883963,0.0005208056569215759
Z_R_1880_ON_0625,0.004000423505819317,0.0005818551078932262,0.022909085083137763,0.003723990990070161,0.0008790702219240515,0.003804099764904127,0.19660865093516527,0.002493324655405857,0.0015083248169967933,0.0005898562732682585,0.0029457746083268077,0.0016835218572118175,0.0013879009193077166,0.0071516518088734415,0.0006949714627743476,0.0007072834598458955,0.0006079118068416402,0.01925142171827165,0.0021943748289469057,0.003029158183443808,0.0010939747102031556,0.7061701401531036,0.004051598130214583,0.003662805322147508,0.0006310064332416532,0.004299312073799933,0.0004822487350077327,0.0011706386886930367,0.0007393803281356519,0.0009462434170242527
Z_R_1881_HOL_0365,0.10723177303490862,2.306833463207525e-05,0.25140660349130406,0.061615573823843944,3.485177971172495e-05,0.00015081803899315532,0.1869110140896267,9.88508079022668e-05,5.979932313102713e-05,2.338555030624218e-05,0.00011678872195794694,0.0033714727329154062,0.004020697993976272,0.003588263218769062,2.7552966443947436e-05,2.8041090144474816e-05,2.4101383311368725e-05,0.00010229990334606938,0.000747944091235182,0.00012009456251433975,4.337192258287251e-05,0.37168861290024924,0.00016063040470829984,0.00014521625352638512,2.501699711757427e-05,0.00017045131727938358,1.911932205138397e-05,0.00797775739446222,2.9313608488484296e-05,3.751494056028706e-05
Z_R_1881_KLI_0364,0.0985836841274441,2.29018291611003e-05,0.2115338286482721,0.005395975156235391,0.0020031247697367715,0.0008059042951157207,0.11272649646089684,0.017814858237842325,0.0026840670928665634,2.321675519684858e-05,0.009302393638245835,6.626345535135963e-05,0.03483189481490144,0.07508542196907039,2.7354091244342542e-05,0.001996363239204716,2.3927421374219286e-05,0.00010156151048594305,8.63706389549868e-05,0.00011922772916846063,4.305886737052489e-05,0.3552261211531804,0.007377394327591665,0.05460668057455448,2.4836426350161838e-05,0.009355668901067971,1.8981320250488427e-05,4.607636316005694e-05,2.910202510957129e-05,3.724416059518708e-05
Z_R_1881_LOH_0363,0.028004704834701858,3.724932398569833e-05,0.2608093288315349,0.023717991984943912,5.627650433660468e-05,0.008781563935814427,0.04567140944996485,0.007630396422664449,9.656025876856752e-05,3.776154429153506e-05,0.00018858322507765045,0.00010777606013178665,0.06732585504976418,0.00045783596577194134,4.4490830838331e-05,4.5279022884095794e-05,3.8917427278013826e-05,0.010837727909909655,0.11540391557771808,0.014068223728670462,7.003430555085134e-05,0.366451214246017,0.000259376070373704,0.016243296752995205,0.029923508843392323,0.00347699637492355,3.087270203236338e-05,7.494219642275931e-05,4.733380702130203e-05,6.057681221995677e-05
Z_R_1881_WEG_0362,0.018601034722878988,7.878844105112775e-05,0.2040122682700085,0.025335856219044085,0.0001190340540459338,0.011802197756273808,0.18012698887041145,0.0025950363482340967,0.11081770578655609,7.987187116618442e-05,0.0003988845090978493,0.0002279640769769765,0.0001879343298396351,0.0009683982993666799,9.410541797127386e-05,9.577257366404699e-05,8.231675361766594e-05,0.0003493988635447831,0.0002971381869973863,0.0004101753988805744,0.00014813406430056248,0.08884956715674609,0.016350546577095382,0.13819845375148987,0.011372532237281248,0.007354418674170557,0.05875815980278281,0.00015851505996091738,0.07459490131222106,0.047533900614324345
Z_R_1882_DRA_0368,0.0348350530844671,2.748225254186976e-05,0.49400162362504946,0.03639681952535559,4.152035362966611e-05,0.00017967571138474434,0.13920913635561583,0.00011776501902138217,0.07487533083129846,2.7860164576125295e-05,0.001713958126971133,0.0008669277807906016,0.015026371397502607,0.00033778770425273375,3.282497822956657e-05,3.340650000057959e-05,0.00790282764437225,0.005633754342808833,0.0008910564516410166,0.050537407517625865,5.1670749044518114e-05,0.12784329169009068,0.008852891731294827,0.00017300207475953708,2.9803774030069795e-05,0.00020306564051021726,2.277763199753811e-05,5.529175157442976e-05,3.4922503260112866e-05,4.4693086302706044e-05
Z_R_1882_HOL_0373,0.10883392842734434,0.00010481589996356102,0.2143471463968116,0.0006708430703542522,0.00015835649664700563,0.0006852739367594695,0.17356201596650486,0.000449149735238997,0.012284298600010662,0.00010625723705618856,0.000530654474753259,0.0003032711343050781,0.00025001771393607384,0.010297745671420345,0.00012519278138407782,0.00012741067555720905,0.0031126566813737774,0.0004648214362424891,0.0003952966459059813,0.0005456752666127874,0.00019706958352999707,0.46956886824571864,0.0007298585138261816,0.0006598210293664101,0.00011367006370795245,0.0007744819253563006,8.687271879273438e-05,0.0002108799012382994,0.0001331926341413383,0.00017045713614014126
Z_R_1882_HOL_0376,0.06857539770183715,0.0001312184811114621,0.06156075880863161,0.0008398249577271868,0.00019824567619393895,0.0008578908844756413,0.17968514668955352,0.004321912243743262,0.0003401535688595565,0.037729263098885746,0.000664323582551222,0.00037966355889036994,0.0003129958783453358,0.02417056641961842,0.00015672819319443934,0.0001595047633976758,0.00013709472145447365,0.004341531564884675,0.030571861991479352,0.023240872163123504,0.0002467103887202657,0.429946619928297,0.05730806640811071,0.07225888293098884,0.0001423029627450227,0.0009695699023608504,0.0001087555057388117,0.0002639994537760459,0.00016674316733756073,0.0002133944039663345
Z_R_1882_JON_0374,0.011877173933402804,9.776913794829973e-05,0.5332848426304008,0.08186186625099316,0.008551447160067864,0.0006392030415109054,0.1450859858388439,0.0004189534454151521,0.00025344388165251717,9.91135740986175e-05,0.008898715583961542,0.0002828822475971533,0.00023320904912167372,0.009605429304672423,0.00011677608375758294,0.00011884486913692883,0.00010214744615494058,0.003234817190983547,0.00036872089365752613,0.0005089895753887331,0.00018382061599677625,0.1830864479646227,0.0006807902021145674,0.009019198284588737,0.00010602803718823552,0.0007224135863447144,8.103227497491727e-05,0.0001967024674868866,0.000124238107248891,0.00015899732066748727
Z_R_1882_JON_0375,0.1048326864249169,0.0006982632783701549,0.28757536404634504,0.004469026948586115,0.0010549403910894391,0.0045651625929810195,0.07589185722931253,0.002992148774337672,0.00181008608032451,0.0007078651876595327,0.0035351176047891527,0.002020333714145643,0.0016655697145595862,0.008582438772269397,0.0008340101262109542,0.0008487853087638594,0.0007295329807142693,0.0030965506191354512,0.002633389895950851,0.04364795234197627,0.0013128394977339828,0.3873024091331611,0.00486217643303937,0.04440836936401314,0.0007572480068849534,0.005159448980791322,0.0005787292714772432,0.0014048411665808374,0.0008873035999559223,0.001135552513923758
Z_R_1882_KHN_0626,0.002727330641864911,0.0003966858165327669,0.004252811587447572,0.01390456708906396,0.0005993153347681432,0.0025934848743993776,0.15677140227955064,0.0016998502090875371,0.0010283162483413419,0.0004021406948640762,0.024739707127888082,0.0011477586662371976,0.0009462159942801265,0.05033850240148255,0.000473804076715613,0.0004821979097252775,0.00041445024406512235,0.0017591612631469775,0.0014960380324778235,0.002065160331336001,0.0007458287214396522,0.5155359839931419,0.002762219478258385,0.036594247541437315,0.00043019524760076115,0.0029311010548651478,0.000328778128134163,0.0235294896146549,0.14825814403281867,0.0006451113643740705
Z_R_1882_MLL_0370,0.0006684463629171326,9.722443887508485e-05,0.2545354902725127,0.23461594329551458,0.00014688727124493323,0.0006356418634989724,0.16099150623367559,0.0004166193391907677,0.022537144934270986,9.85613847975e-05,0.0004922209661165388,0.0002813062318796311,0.005803188041367071,0.009551914785163691,0.00011612549170030146,0.00011818275130062897,0.00010157835430837765,0.017144990786156757,0.00036666664695693207,0.0005061538528303845,0.00018279650019426008,0.26006431812303354,0.0034626364628346272,0.0033976715564684075,0.0001054373254891944,0.01743222361348869,8.058082162260611e-05,0.00019560658330515382,0.005694824206934235,0.0001581115023506987
Z_R_1882_MLL_0371,0.14935710454082549,0.00010806113458153891,0.19621458334777672,0.0006916132317124149,0.0032593875987573474,0.0007064908962393093,0.12010928299826998,0.02213595326069856,0.00028012350296678217,0.00010954709731808875,0.0005470842174950839,0.0003126607973621373,0.0002577585828372148,0.032289474351190305,0.00012906891037032693,0.00013135547338999918,0.00011290034010473235,0.01595985381367413,0.0004075355367623362,0.0005625700723245331,0.00020317111044379895,0.44385765594345883,0.0007524558689614049,0.009968634480176243,0.00011718943458489993,0.000798460878511673,8.956240952173684e-05,0.0002174090132906903,0.00013731644882332265,0.0001757347075703886
Z_R_1882_MLL_0372,0.18620934298023026,5.496519567645514e-05,0.40374901087417203,0.03184864287414597,8.304175061099062e-05,0.0003593559377828511,0.08629095872875306,0.004960061164311869,0.00014248455944653447,5.5721029241396594e-05,0.0002782738787868961,0.00015903462400164653,0.00013110866360784717,0.014849168397633485,6.565078130749012e-05,0.02211461195208093,5.742665306842991e-05,0.011267650254424838,0.00020729257202411265,0.011310049800763125,0.00010334279650672767,0.2226180987443546,0.0019575787007695155,0.00034600849683276083,5.96082969896246e-05,0.0004061363837918291,4.5555836366890085e-05,0.00011058489255756293,6.984588407661693e-05,8.938729568365294e-05
Z_R_1882_SHR_0369,0.010761759635350032,8.858740035758116e-05,0.5009699827236404,0.000566977373387446,0.030591924672201082,0.013270043216820427,0.13653695566874952,0.04099039022958484,0.012920511638112532,8.980557723837134e-05,0.030906580273596315,0.0002563160875489465,0.015440350965519907,0.013779707786425559,0.00010580935764713198,0.00010768385835870557,9.25545309892911e-05,0.0003928537815495021,0.005410441132714167,0.00046118912612935726,0.00016655757476244368,0.14558696337550808,0.0006168555380546913,0.013248531147580194,9.607068627821597e-05,0.013345439256960035,7.342233690231119e-05,0.012869098948187782,0.00011257060435927687,0.0001440654954859235
Z_R_1883_ELA_0349,0.08455030459731715,3.4218204126578105e-05,0.3807649560435133,0.06982793552398942,5.16970700907096e-05,0.00022371456485906463,0.1488193691328337,0.056029856592991804,8.870278146058823e-05,0.00983876368121038,0.00017323748729058955,9.900591020024367e-05,0.014787733202983511,0.014146285016737042,4.087044188967246e-05,0.07749378650674162,3.575056747853005e-05,0.0001517456301313461,0.00012904856348001527,0.00017814117577841313,6.4335346438026e-05,0.08760817494352834,0.00023826964819562217,0.053157409873144795,3.7108734880796316e-05,0.0012332449032433081,2.836047227294742e-05,6.88438634717954e-05,4.348207423481927e-05,5.5647445485875746e-05
Z_R_1883_JON_0350,0.29385815290416695,5.419702949914746e-05,0.40431774996906344,0.00034687200783399964,8.188120049670971e-05,0.000354333758317788,0.16272667457263099,0.0033379083164029487,0.0016933267716901272,0.014030443848734322,0.00027438486176291273,0.000156812035367595,0.00012927635427653153,0.025511478359667362,6.473327871164584e-05,6.58800825455009e-05,5.662408678952832e-05,0.05924801785901198,0.0002043955543627301,0.0002821516442815423,0.009418899561643015,0.0021102084010817903,0.012800055094578716,0.008105340381673473,5.8775241142723376e-05,0.0004004604241311129,4.491917070518667e-05,0.00010903941322034825,6.886975281552523e-05,8.81380633943809e-05
Z_R_1883_JON_0357,0.002780282379817231,7.825845499781965e-05,0.35959622733088586,0.08794794476000684,0.0001182333479059033,0.0005116445077484757,0.07128816009740963,0.000335347636710684,0.0002028669478221698,7.93345972056268e-05,0.01833406281794735,0.00022643063146338078,0.00018667015234831785,0.027868676403160767,9.347239923908267e-05,9.512834047889703e-05,8.176303367107311e-05,0.00034704856288836735,0.00029513942813234314,0.00040741627282202313,0.00014713761117810258,0.39095331549698126,0.0005449325882704681,0.013946036775253308,8.486921896754821e-05,0.0005782496636788082,6.48615787923677e-05,0.0001574487770151225,0.022521772166582937,0.0001272680206182266
Z_R_1883_LOH_0355,0.024092875066734073,0.00019832492469829598,0.286242880345418,0.001269319840392855,0.00029963049770045935,0.0012966248627619883,0.13520192745092346,0.000849848042620454,0.0005141115059289875,0.0002010521165695635,0.001004065306721986,0.0005738273000101235,0.00047306510087543924,0.01948463578098975,0.00023688055866904876,0.0002410770946433423,0.0002072063331223648,0.0008795008808109604,0.04052428462317817,0.04080881997171097,0.023102213936994874,0.4054852874335807,0.0013809845151862394,0.006930798093387823,0.0002150781210977285,0.0014654176473214266,0.00016437415906265092,0.00039901141475682015,0.0002520172907510393,0.006004859783380421
Z_R_1883_MLL_0351,0.06246034304814841,0.00015308975859887623,0.1463882253354903,0.15449932139207692,0.00023128893471965396,0.0010008827056685093,0.3192915641349446,0.000656009484881507,0.02671448108015762,0.00015519491580924855,0.0007750519288355297,0.00044294524739960496,0.0003651655090995039,0.0018816448187038378,0.0001828513869276825,0.00018609075121955572,0.00015994544087747593,0.0006788989217350038,0.0005773538949503875,0.031500893837111896,0.05292309422866995,0.1682527422462975,0.0010660010907870725,0.0009637072442185037,0.013324837424137575,0.005517448076246913,0.00012688269197164972,0.009080546202903482,0.00019453564025052119,0.0002489626271607833
Z_R_1883_MLL_0352,0.0575476971886976,5.866043397801473e-05,0.42585037741406134,0.06760413235424423,0.026980101999131333,0.030636427110657338,0.2114231183871473,0.04395001844571973,0.00015206361024345936,5.9467081246144224e-05,0.008700568574418588,0.0035311609965319813,0.00013992292778843552,0.0007210025194883298,7.006439757191231e-05,7.130564660720579e-05,6.128737193492777e-05,0.00026013827274056406,0.005263380604615011,0.00198610562644731,0.00011029039771404074,0.10984990477032995,0.0037699015007966155,0.00036927019606672123,6.361568492695443e-05,0.0004334404023179988,4.86184957339816e-05,0.00011801937042166345,7.454153161993613e-05,9.539668680139542e-05
Z_R_1883_MLL_0353,0.0327792448718745,4.922821962422811e-05,0.1345223216367389,0.28664027328554753,7.437429243628359e-05,0.031352165798857363,0.23243595307146345,0.018547046033127665,0.0001276127756696045,4.990516328423657e-05,0.008712042996993666,0.00014243543212861184,0.00011742423559661556,0.0020155390058133995,5.8798500413447925e-05,5.984016471720486e-05,5.143276312846818e-05,0.00021830973885974723,0.01005893932181932,0.00025628384508134973,0.029712404974854494,0.14014270338455187,0.00034278802381832184,0.04121349434384033,5.3386698610234136e-05,0.0003637460187785397,4.080095941139924e-05,9.904262708332941e-05,0.029682404292758327,8.005752311759034e-05
Z_R_1883_MLL_0356,0.27120058371530126,7.05114087166698e-05,0.18864078701310266,0.0004512873517752441,0.00010652906345219357,0.00046099523692995516,0.11473780343322294,0.0023224176813729396,0.11533801169868503,7.148102028201522e-05,0.004397514426082671,0.00020401556357754449,0.020370862531693686,0.0008666642895353309,8.421927760595737e-05,8.571129210553562e-05,7.366905831780728e-05,0.06900177603070252,0.00228618980760631,0.00036708487704716764,0.00013257200438805862,0.1502249243933259,0.0025112551709541887,0.0267073455053891,0.02836020776109316,0.0005210069426628635,5.8440730683535e-05,0.00014186243605706782,8.960091233538749e-05,0.00011466936599532096
Z_R_1883_WIL_0354,0.047630176187417265,0.00014789992436414081,0.226177069966407,0.10264838104953021,0.14006341136390255,0.0009669521842647661,0.17286500082650896,0.0006337703716050282,0.00038339635301666705,0.00014993371548797748,0.0007487772056222821,0.0004279291390060243,0.004590360824589456,0.048431177023112205,0.00017665261572031118,0.00017978216362828903,0.00015452319491959465,0.000655883842880662,0.0005577812531421107,0.0007699722149737838,0.0002780739993521215,0.22611249347590062,0.0010298630172420752,0.009406186281774689,0.00016039354554717186,0.013805552580310645,0.00012258129294524423,0.000297560975519027,0.00018794076587820154,0.00024052264543088732
Z_R_1884_H_0627,0.0032878635687883,0.0004782144212413118,0.04623174313098664,0.030463919589150474,0.0007224892446678061,0.07163463439680791,0.10678199663180368,0.01575083589438749,0.0012396603030876757,0.00048479041003503617,0.002421069919844827,0.0013836510493285647,0.014842311478234067,0.01957941657268409,0.0005711823636870947,0.0005813013339840358,0.0004996298716481879,0.0021207117831410485,0.001803510314811767,0.0024896011187200717,0.0008991147036358676,0.5666846950152302,0.04443479800944637,0.04411525741390914,0.000518610857202573,0.0035335137686637024,0.00039635004759363125,0.014663748240648703,0.00060768107197142,0.0007776974746584024
Z_R_1884_JON_0390,0.1596924987358955,0.0001385088583459199,0.5888237103748899,0.004854990103084305,0.00020926002228537332,0.0009055545071670014,0.015054056010391103,0.0005935284348648748,0.0003590521859874808,0.00014041351169775745,0.000701232785290971,0.00040075731445774637,0.0003303856393503398,0.0017024292025573625,0.0001654358663970568,0.004136871949085769,0.00014471157715795522,0.0045827430361288,0.000522364327849527,0.00072108199454871,0.004228922638153826,0.20778673035216583,0.0009644707486102637,0.0008719197900503931,0.0001502091835090854,0.0010234383078134538,0.00011479786087388359,0.00027866701882797864,0.00017600726322453068,0.00022525039933725608
Z_R_1884_JON_0393,0.0013871890911526011,0.00020176440247558094,0.562908447991322,0.012853093214994215,0.00030482688156297855,0.018661751787302804,0.1664510858533943,0.0008645866513006735,0.0005230275567096913,0.0002045388910537545,0.006802358458664955,0.0005837789803114609,0.0004812692986289257,0.002479910779086169,0.00024098869292727416,0.0002452580079143273,0.0002107998379688749,0.0008947537479896758,0.0007609226423619781,0.0010503925850191393,0.0003793472820522886,0.21018667250270495,0.0014049344325150043,0.0012701164210507968,0.00021880814352945866,0.0072717118668327,0.00016722484093289973,0.0004059313260893311,0.0002563879359049371,0.0003281198962463777
Z_R_1884_JON_0394,0.0038098788882551574,0.000554140702443406,0.355235679544772,0.019423650286394638,0.0008371991302746554,0.0036229062653096106,0.07610470250303024,0.002374564831043137,0.0014364816296444775,0.0005617607634193078,0.002805464089863617,0.0016033338401239543,0.0013217936560387814,0.006811010685029548,0.0006618691996265308,0.0006735947625942804,0.0005789562918620696,0.0024574179802845904,0.002089854317064634,0.002884876012627138,0.0010418674789369423,0.49788706317040715,0.003858616008416134,0.0034883418338930005,0.0006009508955397943,0.004094531061564729,0.00045927869179876294,0.0011148798669287046,0.000704162821375648,0.0009011727914374345
Z_R_1884_JON_0396,0.0005659684177295675,8.231918802675631e-05,0.09050854656364632,0.27176348203007666,0.00012436832796622568,0.0005381930992296921,0.18112328294049485,0.0003527484047759987,0.0025719727851817513,8.34511699033532e-05,0.00041675972347362796,0.00023817983279852026,0.000196356232314739,0.07412775424532951,9.832256474381532e-05,0.00010006443069664222,8.600561488972147e-05,0.0003650564773303923,0.0003104538427089135,0.000428556591981413,0.00015477239718974064,0.3711435439169508,0.0005732084564791553,0.0005182031676425447,8.927297624350239e-05,0.0006082543131232354,6.822716472577878e-05,0.00016561859648330396,0.0024631847293547773,0.0001338717985086312
Z_R_1884_KLU_0392,0.017239247487192928,6.511765158635815e-05,0.4055609157022674,0.10862894282721995,9.838014250396051e-05,0.0004257314917930235,0.04066050503557891,0.0002790375885678209,0.00016880245370343687,6.601309289486994e-05,0.00032967300964584147,0.00018840943088542053,0.0020210525334369753,0.017591913613043977,7.777693958769227e-05,7.915482271488559e-05,6.803375736698284e-05,0.002154500931566121,0.00024558095928490234,0.0003390047874696259,0.00012243093350375572,0.3719493945507278,0.0004534299894118447,0.0004099186851858458,7.06183661725639e-05,0.0004811526132277271,5.397031783032505e-05,0.00013101069532556693,0.029934381836189513,0.00010589775411403174
Z_R_1884_MLL_0391,0.0415464680345401,0.0004475533783781441,0.05609069950168195,0.04133384069031163,0.0006761663553633887,0.002926050967628132,0.035819916168349626,0.0019178243136179303,0.0011601786396320292,0.0004537077431778686,0.002265841375305327,0.0012949373212460683,0.0010675505583157773,0.018324068962688126,0.0005345606179642526,0.000544030803598447,0.00046759576261701366,0.10456982910380598,0.14274237329797587,0.002329978649754947,0.013664603377776032,0.47905877627876425,0.003116422639261011,0.015640505631207592,0.0004853597693731485,0.0033069601301570105,0.0003709377947248399,0.026546708073900603,0.0005687191867432674,0.0007278348721396755
Z_R_1884_ON_0628,0.018213432500276207,0.00028379309352472124,0.3852059026463946,0.1563079198044829,0.00042875632493557094,0.0018554056254102965,0.00645109628554368,0.0012160902388244296,0.0007356679696522987,0.0002876955693177154,0.00143676746596001,0.008952254419402395,0.008808068728943732,0.019750407627579715,0.0003389642862228258,0.00034496932027512303,0.00029650194681362236,0.0012585219739917246,0.0010702809215071827,0.0014774368395043716,0.0005335735014348891,0.2793772225111246,0.001976120088136393,0.03431103538214884,0.00030776608350495155,0.06714602866790717,0.00023521123815818144,0.000570965469508062,0.00036062419624138684,0.00046151927327239985
Z_R_1884_WIL_0395,0.07575651135209499,2.962860354500651e-05,0.31016903965536574,0.045181749552014365,4.4763073727949694e-05,0.042639104965446456,0.2477057167884201,0.00012696241164143285,0.017903871902767494,3.003603033146753e-05,0.004394541250823442,8.572649958730849e-05,7.067320633621463e-05,0.11751346356185849,3.538859359710728e-05,3.6015531945042377e-05,0.0008798633682122714,0.002678116175116176,0.008600818941382296,0.00015424755351436785,5.570621025264015e-05,0.03765665653689363,0.03501153641273473,0.00018651345546383537,0.01955701390088828,0.0036145567048036535,2.4556554347971813e-05,5.9610011377775966e-05,3.764993434641821e-05,0.02975996126116329
Z_R_1885_BLA_0381,0.04331822305871216,8.769703903016374e-05,0.2999471497748038,0.008099269529414966,0.00013249321784157138,0.0005733528519932715,0.09747471669415318,0.0003757931943086455,0.00022733429431473807,8.890297243637141e-05,0.00044398632459527617,0.0052790670428847965,0.02282315598679449,0.028717194007588123,0.00010474590438236053,0.00010660156513548557,9.162429740373055e-05,0.00038890534404022333,0.07571064205558872,0.0029692174235508824,0.00016488356217421647,0.3828267563863143,0.010661309935745813,0.0005520569931220862,9.510511303173505e-05,0.0006479911126054347,0.017661329243325006,0.00017643833555788243,0.00011143919614184486,0.00014261754300872996
Z_R_1885_JON_0379,0.02442158083710757,5.248550328993582e-05,0.27726105808127605,0.05748014617941098,7.929541633128721e-05,0.015381098815166739,0.03427658471466974,0.0017287026748550466,0.0001360565303472498,5.3207238281891316e-05,0.00026571986874285205,0.00015185995753359336,0.024185921545044526,0.0006451056963342545,6.268902085937874e-05,6.379960896634608e-05,5.483591482681076e-05,0.00023275463960734197,0.009220713690498416,0.009296014266027386,0.003106271566083703,0.4742353497528605,0.0018692647606375805,0.021383535453836568,0.04065939712996349,0.0033954049645195297,4.350063654070468e-05,0.00010559598070590352,6.669486633087845e-05,8.535468934376043e-05
Z_R_1885_JON_0380,0.03337162602340438,0.00018665775712273512,0.6544632212774868,0.0011946475958054615,0.0002820036702467843,0.0012203463033247605,0.1219001442993594,0.0007998527152953636,0.00048386707194610665,0.00018922451225302728,0.0062930475220619566,0.0005400698725015312,0.0004452353673487043,0.0022942331660548592,0.00022294521908634824,0.00022689487893791827,0.0001950166851750189,0.027568010722849468,0.0007039503104834449,0.0009717468572869466,0.0003509445272292545,0.13562087993597993,0.006647793120354468,0.0011750193767049175,0.000202425387284763,0.0013792092532655981,0.00015470426577115826,0.0003755381521418896,0.00023719147918144348,0.0003035526740556025
Z_R_1885_JON_0386,0.08899338783959429,8.813997121608248e-05,0.32419028394279914,0.0005641137359130429,0.00013316240247137162,0.0005762486901520578,0.10554309592383151,0.005428399778521186,0.00022848249358153986,8.935199544047046e-05,0.00044622877012645735,0.0002550215096909056,0.00021024056576814435,0.11977499030679872,0.00010527494541849125,0.00010713997857327086,9.208706502714307e-05,0.043321892371212596,0.0003324060090509138,0.0004588597942611722,0.0001657163409934737,0.197884085957265,0.00566444854281532,0.020757679521337686,9.558546124044373e-05,0.08398795520495458,7.305150207665399e-05,0.00017732947417000407,0.00011200204304397523,0.00014333786265433954
Z_R_1885_KUN_0382,0.0005669733082540841,1.5958974329752782e-05,0.09482199020102061,0.0005593913873206697,0.0013958630358582773,0.05040191564477072,0.11604720328881392,6.838627629382887e-05,0.0014131220713009766,0.0009306798421046133,0.11073546703351708,4.617521052638319e-05,3.806699441665243e-05,0.014828176313461843,1.9061501022969145e-05,1.9399191356090497e-05,0.0013884257716203377,0.002814276646961876,0.021093719274597734,0.022488367621488214,3.0005260898619926e-05,0.1364248364774616,0.002854630447473643,0.006959223099220154,1.730708441569675e-05,0.0005751711480928203,0.07545959363781302,0.04072742089694619,0.2697981966189788,0.027460995739662843
Z_R_1885_LEH_0383,0.0006416358729699146,9.332489661456764e-05,0.3245437381849575,0.0112929417966137,0.00014099581917404393,0.035370988441101175,0.17057781737980438,0.003073820165483852,0.08313316021454235,9.460821942344462e-05,0.00047247864123307854,0.0002700234150071072,0.0002226081855234392,0.038581819834365885,0.00011146785348044529,0.008135175212133682,9.750418232073333e-05,0.0004138629014934364,0.029764979718902195,0.0004858526984881969,0.0028493756479535393,0.26032912949620735,0.0006498438726354497,0.008609217234794773,0.00010120837532668143,0.0006895752041327267,7.734883259865016e-05,0.002861671935757105,0.0027925015506093105,0.013521324216351317
Z_R_1885_SCH_0385,0.012045891438448012,9.915796706855596e-05,0.3078951489520305,0.04325019929504902,0.0001498084573530785,0.009171396670881493,0.19260356576627086,0.0004249047584494546,0.0002570440999890634,0.0001005215011890008,0.0005020098949745053,0.0002869006434970354,0.00023652182783000922,0.01542395199978095,0.00011843491014263065,0.008643646712122548,0.00010359846997244427,0.0004397305054263232,0.00037395864378097777,0.0005162198687005196,0.00018643182265929952,0.2851235513041899,0.0035314988322357383,0.10290156762453095,0.00010753418553628068,0.0035737134845215883,8.218335378697845e-05,0.0001994966632894158,0.00012600293309080458,0.011525407413202066
Z_R_1885_SEI_0384,0.04904812001006055,6.523937045321868e-05,0.09416015328814355,0.1293933545397958,9.856403610539484e-05,0.0490261075930712,0.15475860053030047,0.0002795591697100237,0.016992049630169714,0.0056737803683506016,0.013414791632497184,0.0001887616085496104,0.08053184467383195,0.0008018650268464157,7.792232138085998e-05,7.930278006734978e-05,6.816092706142418e-05,0.0058969574114338475,0.002115254630411886,0.0003396384601771925,0.00012265978319553236,0.3034837065783429,0.0004542775473806484,0.00041068491118832404,0.026239755153534362,0.0023512666183361096,5.4071199937870016e-05,0.00013125558243364227,0.0617669842898817,0.001975310327350679
Z_R_1885_ZER_0387,0.05085421128669693,6.764166962074313e-05,0.2953079294293247,0.24268847374203906,0.00010219344424098726,0.002380277649121038,0.10037787513172569,0.0002898533334335959,0.01180361194538378,6.85718190299981e-05,0.0022804958548551194,0.004071801200696708,0.00016134589896453353,0.08804339116713837,8.07916428731488e-05,8.222293397464074e-05,7.067080625246832e-05,0.00029996687557788703,0.00025509989547249846,0.01585650032569939,0.00012717646526975093,0.17899572994302973,0.0004710053386869751,0.002363851924079634,7.335559679185262e-05,0.000499802516034306,5.606225530360101e-05,0.0020741332127146373,8.595425081153721e-05,0.000110002445156678
Z_R_1886_HOL_0407,0.14948491294754668,0.00016700807198791393,0.20276275074604863,0.0010688856158776031,0.00025231680690592867,0.00109187898974825,0.06600208161308617,0.0007156512641901132,0.00043292980709620766,0.0001693046217385536,0.0008455165747859886,0.0004832160716788836,0.000398364908203865,0.049903259648143274,0.00019947550946972664,0.00020300938390916423,0.0001744870456958197,0.0007406217178166543,0.0006298446201291783,0.015224612849129664,0.00509905449238668,0.3988770581117283,0.0011629176800509306,0.0010513236828560747,0.0001811158248816082,0.006019072562011249,0.00013841836285302715,0.0003360048021249997,0.09591330834658457,0.0002715973213342926
Z_R_1886_JON_0408,0.14450522005789973,0.00023745449735041837,0.6896951329946484,0.0015197570609741336,0.0003587476931129755,0.0015524493732070408,0.03261158005390479,0.0010175233400021087,0.0006155458745699616,0.00024071976507183626,0.0012021677208619223,0.0006870436143976125,0.0005664010003447013,0.03013242038647359,0.000283617170541795,0.007092101263443439,0.00024808821056780276,0.001053026692887539,0.0008955222098035033,0.0012361964758699844,0.00044645000344833107,0.05686971408144728,0.001653453212706941,0.0014947872500632544,0.0002575131048910079,0.02216492376650094,0.00019680523452610116,0.00047773649768073813,0.0003017403848252486,0.0003861610079770377
Z_R_1886_JON_0409,0.042382850750822786,0.00010387999926888015,0.5249480827235814,0.027451839489055427,0.00015694253220772985,0.0006791551288907887,0.10950931330962334,0.00044513927929317154,0.00026928487652911216,0.00010530846666915443,0.0005259162633585208,0.00030056322772438324,0.00024778530690396664,0.010205797147094553,0.00012407493560774883,0.00012627302621388226,0.0001085319647341509,0.00046067104774958733,0.0003917670439501994,0.0035171347539056813,0.0001953099501137853,0.2659618580629392,0.0007233416104713839,0.0006539294903922301,0.00011265510422541519,0.0037438983990325573,0.006038760671221065,0.00020899695555799927,0.0001320033577160766,0.00016893512514579465
Z_R_1886_KLU_0402,0.00039533424452303974,5.7500724402360256e-05,0.21479012655431168,0.31503856160026283,8.687244277049855e-05,0.0003759329242168918,0.012839516933682718,0.0002463980669950755,0.00014905733134388583,5.829142435306322e-05,0.00029111057307406755,0.00016637084563439193,0.00013715666869000003,0.04024650276812296,6.867923303652783e-05,6.989594273083141e-05,6.00757281184795e-05,0.00025499537103607756,0.008454303748116024,0.000299350796297073,0.00010810997009600349,0.3383267528597678,0.0004003914794494477,0.06626156040280483,6.235801064859404e-05,0.00042487133879500974,4.7657314044160713e-05,0.00011568614196239203,7.306785469425928e-05,9.351070601900378e-05
Z_R_1886_KLU_0403,0.031158257203619748,0.000335647864561239,0.22478621460723144,0.0021482145752542174,0.000507098827157374,0.0021944259753792325,0.12303216391189085,0.0014382946628672293,0.0008700894724853013,0.0003402634020648193,0.0016992941083625469,0.0009711533140291885,0.0008006219649337529,0.004125488674363218,0.0004008999564441668,0.00040800223237074957,0.0003506788838664011,0.0014884795391855458,0.09743444394089111,0.0017473946037398918,0.0006310682339684316,0.4939117456570676,0.0023371974259894014,0.0021129191236866425,0.0003640012074635438,0.002480093234685685,0.00027818911597903787,0.0006752924752268229,0.0004265175726236997,0.0005458482326112065
Z_R_1886_KLU_0404,0.08455482263878673,0.00010450206491082716,0.3035300083220821,0.0036629894791771265,0.0001578823527481006,0.000683222120363724,0.053276143706940816,0.0004478049113058615,0.00027089743785721845,0.00010593908641676765,0.0005290656129954003,0.0003023630935167971,0.00024926912214356137,0.08212663303177656,0.00012481793478960856,0.00012702918824377419,0.00010918188778757112,0.00046342968880716957,0.06626552343975707,0.006532351464210771,0.0031906345436153523,0.38133241077098934,0.0007276732042953325,0.006646155456856179,0.00011332971791642226,0.0007721630064139443,8.661260840592349e-05,0.003204403511091603,0.0001327938347476009,0.0001699467610507893
Z_R_1886_KLU_0406,0.08500177136156904,4.6912326290947035e-05,0.39432859084670985,0.07422656508114012,7.087542675851865e-05,0.000306707231737915,0.1233808475948142,0.00020102540683569439,0.00012160935773837226,4.755742380008538e-05,0.00023750438507927157,0.0001357346968550714,0.00011190012754518424,0.005953064493953004,5.6032382602284776e-05,5.702504283002593e-05,4.901315920716728e-05,0.0002080395712064203,0.0001769224444087702,0.0002442272228272427,8.820219649685078e-05,0.2854348051418518,0.0030148915938191818,0.01776880833211418,5.0875173709657034e-05,0.008411323033537223,3.8881518273498996e-05,9.438326378472175e-05,5.961286707991275e-05,7.629129542375406e-05
Z_R_1886_NAU_0405,0.060665829006544755,7.241323166147096e-05,0.4738210373363312,0.10212657593693927,0.00010940234907857564,0.0025481866102779614,0.06388879945425038,0.00031030009607184455,0.0354585917220342,7.340899544184199e-05,0.0003666085529567821,0.00020951824019357104,0.02921933224505948,0.0008900398263637194,8.649082709646869e-05,8.802308398321404e-05,7.56560489052975e-05,0.00862015698617242,0.0002730950896280391,0.00037698583427613254,0.00013614771623912368,0.18124861534925815,0.027476078124666455,0.0004558447055382876,7.853022927933342e-05,0.01090884686352165,6.0016985144305904e-05,0.00014568872801193176,9.201761445573911e-05,0.00011776221061840881
Z_R_1887_BOE_0415,0.0005999278774625523,8.725853634280033e-05,0.2409450603867821,0.030559669144544055,0.015132429110839257,0.0005704859733712914,0.12948862017014376,0.02787501119349013,0.00022619757749864816,8.845843984143926e-05,0.0004417663044139714,0.0002524711928598784,0.00020813807624052354,0.15357858885551784,0.00010422215396763811,0.00010606853604686403,9.116615764116113e-05,0.00038696073974824746,0.0003290818163557776,0.00045427101326852453,0.000164059111475367,0.20340546534980244,0.08311089345619473,0.0005492965980421732,9.462956849673571e-05,0.0006447510277929092,7.23209579139137e-05,0.0001755561086873783,0.07761397363642347,0.032643200928794434
Z_R_1887_BOE_0416,0.0009522887831946222,0.0001385088583459199,0.1522881330049625,0.004854990103084305,0.00020926002228537332,0.0009055545071670014,0.20157380270481465,0.0005935284348648748,0.0003590521859874808,0.00014041351169775745,0.01657525378056106,0.00040075731445774637,0.0003303856393503398,0.0017024292025573625,0.0001654358663970568,0.00016836670026824685,0.00014471157715795522,0.008551248284946323,0.000522364327849527,0.00072108199454871,0.0002604173893363043,0.2633458038356111,0.0009644707486102637,0.15167511924511623,0.0001502091835090854,0.0010234383078134538,0.00011479786087388359,0.012184182765280546,0.17875874346001303,0.00022525039933725608
Z_R_1887_BOE_0417,0.049794580358566695,0.0007758756072205863,0.49738035368619443,0.004965761632937132,0.0011721975676975908,0.005072582804522355,0.2843982189714922,0.003324727676647074,0.002011278095522053,0.0007865447737529608,0.003928047776784249,0.00224489486388258,0.0018506986600648535,0.07622669536390993,0.0009267107882465721,0.0009431282400733219,0.0008106209533463002,0.0034407338411363455,0.002926092561159024,0.0040392357359488144,0.0014587622950258533,0.00797928575816438,0.005402609888355382,0.004884173507974935,0.0008414165191814475,0.02796302911210909,0.0006430553328993817,0.0015609899975172058,0.0009859278594912266,0.0012617697701760118
Z_R_1887_ERD_0480,0.005877039593451012,0.00016542493736723421,0.10604678519405888,0.001058753232431102,0.0002499249975302655,0.05795786767881723,0.20756726974044715,0.0007088673268678828,0.10470211412874358,0.0001676997172275023,0.0008375015935580208,0.0004786354781588348,0.0003945886519407122,0.376469156650791,0.023896059201547956,0.00020108497881805753,0.00017283301496776507,0.010212990915108388,0.0006238740774368016,0.019819987728419853,0.00031102364740244644,0.001701268649891103,0.020110673608567445,0.005781052695458192,0.00017939895737149297,0.001222320507085863,0.0001371062412306286,0.04299007395837038,0.00021021031320885174,0.009748412583724414
Z_R_1887_ERD_0481,0.06417526223909888,2.5383583448115546e-05,0.1355464308228742,0.017617208104647626,3.834967164893799e-05,0.024893514541923584,0.146033245133986,0.00010877194957159766,0.1404310663152147,2.5732636410312067e-05,0.00012851019880283485,7.344408765954245e-05,6.0547545815183586e-05,0.27740611736196497,0.0007575994815116905,3.0855428578216964e-05,2.6520313852587416e-05,0.003748973048153916,0.02918697686696468,0.00813224066718204,4.772493696431654e-05,0.08535294724166212,0.0009040332103924801,0.026341912868517073,0.03130061800715638,0.0045512456322604235,0.0029301628972937762,5.106942336490604e-05,3.2255662972663e-05,4.1280120106246025e-05
Z_R_1887_GER_0410,0.057448094834491016,1.7398953058782184e-05,0.21304964060156176,0.00011135683703484566,2.628644368528344e-05,0.007092870619413361,0.21176309115905473,7.455677204035388e-05,0.007522729539745316,1.7638208328500104e-05,0.04844340600739469,5.034160114726943e-05,0.04440875399264634,0.013673580844694532,2.078142082792023e-05,0.001516674936436929,1.81781148736742e-05,7.715820169182682e-05,0.04493137807309616,0.0060726809842479995,3.2712636483054475e-05,0.32121837786606944,0.00012115312682550032,0.012572238524930964,0.005003953221381505,0.00012856040609138627,1.4420468238969827e-05,3.500508514415603e-05,2.2109359267118226e-05,0.004514871160096622
Z_R_1887_JON_0412,0.0459736076990512,0.00017365568714868495,0.2556132248980119,0.0011114317044627839,0.00026236006416253943,0.0011353403101478,0.14823754841680778,0.0007441371579378084,0.0004501622121826558,0.00017604364912124956,0.0008791716474679682,0.0005024500790282603,0.00041422148670197987,0.017060981218255826,0.00020741546354002716,0.00021109000086491837,0.00018143235508427623,0.0007701015393674987,0.0006549150529284013,0.005879576980965417,0.0003264986891865078,0.5142644094614847,0.0012092066354805501,0.0010931707335395736,0.0001883249872233282,0.0012831373005311323,0.0001439279888039062,0.00034937918930348085,0.00022066936803479686,0.00028240802317304746
Z_R_1887_KLE_0491,0.00036974958118436447,5.3779476633047424e-05,0.15312268541391053,0.2515059986842189,8.12503590970413e-05,0.00035160384714537,0.2754973464231602,0.00023045203732852088,0.00013941085701633127,5.451900522098355e-05,0.018762710102363155,0.0016964738337418618,0.03248654895969657,0.0037427499461260127,0.0016051044840239667,6.537251935356961e-05,0.020087496965670144,0.0002384929536228084,0.0002028208195418188,0.003361717715608301,0.009346333065954645,0.11765919560218137,0.003456219395631609,0.0003385443395814982,0.013926151814271941,0.02659216400014717,4.457309770738367e-05,0.0016490692685800818,0.030885737818688818,0.032445727612592026
Z_R_1887_LEH_0411,0.0020338477208075383,0.0002958198509001342,0.46933617317141035,0.001893307190212299,0.00044692642283728276,0.018885479907446948,0.11690887577754092,0.009743348838656215,0.009242566940582208,0.00029988770820027797,0.0014976556768159332,0.0008559161516872106,0.0007056200718085122,0.012111680104101947,0.00035332912216262945,0.00035958864122258164,0.00030906728775048495,0.00978757877186116,0.0011156379413226737,0.001540048561958668,0.0005561856057817766,0.28274111901903,0.0020598653144543334,0.052716534202191474,0.00032080878291924404,0.0021858050902906737,0.0002451791639387731,0.0005951621935587621,0.00037590694910203976,0.00048107781944695837
Z_R_1887_MLL_0418,0.0004659592492038634,6.777301673809484e-05,0.30364859159558627,0.1751964573346045,0.00010239188426159226,0.0062685151628574095,0.25203379308133617,0.0002904161728787892,0.0001756858738233611,6.870497231866842e-05,0.00034311640325657047,0.0001960923835847851,0.00016165920167932952,0.022192891478102994,8.094852471029144e-05,8.238259510391684e-05,0.07774311747903602,0.0022423570896690868,0.0002555952504230031,0.00035282871196611894,0.01566188530624691,0.06866026427893747,0.0703769984397961,0.0004266343339411559,7.349803925718867e-05,0.002442580772518091,5.6171117424652285e-05,0.00013635304454113944,8.612115744071301e-05,0.00011021604875567222
Z_R_1887_ON_0515,0.0025000153059377933,0.0003636231697606799,0.5769102595807514,0.0023272622163145384,0.0005493640877290461,0.0023773252066288156,0.039520963710365294,0.0015581724765188528,0.0009426089821071353,0.00036862339932982983,0.001840925491500337,0.0010520962105106829,0.0008673515532410586,0.004469336548721109,0.010852712164908298,0.00044200807056532694,0.0628902969321556,0.0016125401210881646,0.0013713474714243592,0.0018930350278414448,0.0006836659958222626,0.24336274698660382,0.002531996255974127,0.012707423313145524,0.010812738009011086,0.002686802028302162,0.010719773721125092,0.0007315762031690557,0.0004620666123373002,0.000591343147109874
Z_R_1887_ON_0629,0.028136090225837455,4.225508044552513e-05,0.054933481956669146,0.26904076626665174,6.383923152133396e-05,0.00027625871012947143,0.21767173746399382,0.00018106850393125547,0.00010953652484198366,4.283613556043869e-05,0.00021392601243964024,0.00012225956349486809,0.0025221454643058337,0.002940716607194656,5.046973837387567e-05,5.136385173585511e-05,4.4147352069979286e-05,0.00018738633344806533,0.00015935837576560766,0.00021998143693726432,7.944587708850553e-05,0.3406348375476938,0.00029423236576033067,0.030532926231624163,4.582451410422746e-05,0.0317898273264231,3.502153511427772e-05,8.501331567316154e-05,0.019424529014191918,6.871743697873595e-05
Z_R_1887_ON_0630,0.004110141579898748,6.40422827364563e-05,0.23188601762534605,0.00040988363023506167,0.11753138633741879,0.00041870085764785154,0.1574236583636717,0.0002744294934755153,0.00016601480863213177,6.492293650784675e-05,0.011333725352745393,0.00018529799138989114,0.00015276026948757694,0.06317429912530027,0.001911408619477891,7.784764058233886e-05,0.0954825478120408,0.00028400486807970954,0.00024152537516430848,0.057215805706385445,0.00012040907907646977,0.1034139277869709,0.1472392305213517,0.00040314918760258326,6.94521571744979e-05,0.005977955063076643,5.307903878078708e-05,0.0001288471526098064,8.138040447163445e-05,0.000104148932661253
Z_R_1887_ON_0631,0.003000118114571628,0.00043636231181702796,0.00467817758709197,0.227837693590409,0.03816673983687574,0.0028528851002211893,0.2099591510104325,0.0018698691409321571,0.0011311683874338273,0.00044236278680283867,0.027214171382176768,0.0012625574299199127,0.0010408564701183817,0.017865875850226216,0.0005211939364786426,0.0005304273202409298,0.0004559035364917055,0.001935112483615533,0.014148165351627256,0.002271717563111208,0.0008204264723945884,0.31704999359126884,0.003038496530614655,0.0027469213149905005,0.00047322335448376395,0.040731750646631815,0.0003616624998631577,0.0008779206327673702,0.000554498370677725,0.07572459739571322
Z_R_1887_ON_0632,0.0014116711965498569,0.00020532528498130856,0.1198593651397706,0.43664910204061314,0.0061931117988995,0.0013423923889821744,0.09291096719805243,0.006762750609473995,0.0064151634356496194,0.00020814873971862193,0.001039506232291075,0.0005940819293584524,0.0004897630834839572,0.0025236780185033504,0.0002452418337697315,0.0002495864966817026,0.00021452018430362756,0.0009105450021904077,0.0007743519494753909,0.0010689306647509859,0.012151852503199116,0.20213038702573716,0.001429729720390637,0.0012925323442189312,0.00022266982616943323,0.03681457381200379,0.0001701761445488739,0.0004130954925124605,0.0002609128536032115,0.06504586705011646
Z_R_1887_UNB_0512,0.02769575641400606,0.00029834857055770843,0.4135109202492002,0.12158393221558324,0.0004507468278151066,0.0019505676099114532,0.07516736154861181,0.0012784623470438535,0.000773399678000746,0.0003024512006112282,0.0015104578986368097,0.000863232672168919,0.0007116518351973847,0.10624513055426416,0.0003563494410968977,0.00036266246761703454,0.0003117092488077625,0.009871244701531367,0.0011251746089410706,0.010101387501655013,0.0005609399773032301,0.19967629603536285,0.00207747340227118,0.010426292646433636,0.00032355111232419063,0.010752664069369876,0.0002472749981757016,0.0006002497437475597,0.0003791202672371165,0.0004851901565168231
Z_R_1887_WAG_0413,0.008517480935057404,0.007737739498049069,0.21816601020956292,0.0046519173600209135,0.00780553130828624,0.0198802376492097,0.12469723047587743,0.0005687025454614008,0.0003440338830119374,0.09139482999525768,0.0006719018778717047,0.011791530790729669,0.004119078458841617,0.028248805099852548,0.00015851607573281294,0.00016132431976117147,0.00013865863445312323,0.0005885456747190714,0.000500515064579664,0.0006909208416941239,0.0002495247464119996,0.4348512515617958,0.0009241292203339724,0.01984800979268848,0.00014392628894476403,0.012388166512171464,0.00010999613810813393,0.0002670110371033723,0.0001686452960560746,0.00021582870835574786
Z_R_1887_ZER_0414,0.005973485048351439,9.307601963383978e-05,0.473017939151007,0.1472686130719103,0.0081409602300995,0.0006085199899495869,0.12478766148826954,0.0003988428243250523,0.000241278057675423,0.002761136058694823,0.0004712186445767293,0.0002693033219270115,0.00022201453843559733,0.003810788801826375,0.00011117059322269217,0.0027799202112702304,0.0480992866547578,0.0004127592201276337,0.0003510215376515108,0.0004845570361615873,0.05884415989999776,0.035625357302451664,0.051316933515148516,0.0005859179294885471,0.0001009384748415011,0.006021296535858049,7.714256026813282e-05,0.00018726034728377776,0.026786075810264112,0.0001513651245242704
Z_R_1888_BER_1030,0.17416909772277017,0.00035260250957524553,0.2765514373850545,0.0022567277504682514,0.0005327140075569612,0.002305273435918585,0.32119704067820964,0.0015109475172696589,0.0009140404690325205,0.0003574511926107491,0.001785130877857093,0.0010202093678046678,0.0008410639359369426,0.014436518667980236,0.00042115069290133675,0.010531250119729604,0.0003683927936439444,0.001563667391879,0.0013297847885824787,0.07255412982871197,0.0006629455048116031,0.10465263039416735,0.002455256728220029,0.00221964941298028,0.0003823880703303211,0.0026053706603314636,0.00029224133619605146,0.0007094036536580255,0.00044806233664453917,0.0005734207691668722
Z_R_1888_GRO_0430,0.0001925880026833831,2.801161249984467e-05,0.07092721612937192,0.0033895939997287306,4.232011386107427e-05,0.072415201256769,0.11139258372558666,0.01215871083726122,0.0008751921240433098,2.8396803831831237e-05,0.04829652496561334,8.10479469192699e-05,0.0016719731845134304,0.05491963186938583,3.345724914948689e-05,3.404997212534278e-05,2.9266031588148046e-05,0.00012422159193569264,0.00010564138142644505,0.00014582944118612446,5.266602501402121e-05,0.09980781147960481,0.08446579374132228,0.08123676253088094,0.00885874130841651,0.00020697706730330367,2.3216372100759807e-05,5.635677487429235e-05,0.3483546625016605,4.555395934253147e-05
Z_R_1888_HLS_0633,0.01892300255834032,0.0067929468225279566,0.40299765979176444,0.17378140226980357,8.87737425916211e-05,0.0003841606334739681,0.0905636817670938,0.00025179076214398844,0.00015231961646426442,5.956719686688846e-05,0.015449404020695338,0.000170012056229567,0.0001401584946008356,0.09668439010219787,7.018235427178713e-05,7.142569300805571e-05,6.139055210043229e-05,0.0002605762277252211,0.008639335568235021,0.0003059024206937316,0.0203130389696452,0.07468035717529353,0.044181374092557034,0.005420532602981713,6.372278491659693e-05,0.0038012639350458663,4.870034725213349e-05,0.0001182180615677902,0.030378511365094694,0.005146198014816752
Z_R_1888_KER_0993,0.010254648150097046,0.002025311817450217,0.270799413933558,0.14134175211571934,0.05881344155016365,0.0004465604930627642,0.3459861107030164,0.004206706102878183,0.00017706114865624902,6.924279711509528e-05,0.014044860228877026,0.00606865221513568,0.00016292467525859898,0.04193670087979751,8.158219243992004e-05,8.302748878403323e-05,7.13623230143441e-05,0.000302902063860989,0.00025759605849972906,0.049280797449167135,0.0001284208922419856,0.04571363984381239,0.006346638959289589,0.00042997404162252066,7.407338434018974e-05,0.0005046931043237716,5.661082679028395e-05,0.0001374204206850724,8.679531671049284e-05,0.00011107882363184935
Z_R_1888_KER_0994,0.006351591425835824,4.230629971548404e-05,0.3628848119554576,0.08512089485294169,6.39166139046778e-05,0.017246618762304756,0.301573568374455,0.0013934326413404196,0.00010966929895522848,4.2888059153250095e-05,0.005062763946471318,0.0001224077597714265,0.0013130580132628058,0.08658226245820609,5.053091499754485e-05,5.1426112154258054e-05,4.4200865046875837e-05,0.01836978331563659,0.00015955154116921102,0.02567528586624462,0.01704956736363995,0.025890125636412138,0.03302249473507259,0.011175622055958146,4.588006004412139e-05,0.0003126001348053074,3.5063986280918054e-05,8.511636410945974e-05,5.375985419995654e-05,6.880073245275678e-05
Z_R_1888_KLU_0427,0.03483169171305486,0.00011872080462191218,0.20536549808220694,0.3307097175006434,0.0001793641108417281,0.0007761825561464708,0.016304905012087183,0.0005087340563963129,0.00030775623256695377,0.0001203533498696049,0.0006010512359367881,0.0037450483190104105,0.0002831851291506415,0.015065392457943907,0.00014180088845241939,0.00014431300904568748,0.00012403737265230628,0.0005264847693470716,0.0004477368021704367,0.0006180646899665816,0.0002232128859392519,0.36858782939119933,0.000826681734848632,0.0007473530594124682,0.00012874956404060485,0.017884950684000523,9.839727635169885e-05,0.00023885528400084262,0.00015086200376535346,0.00019307002432970253
Z_R_1888_KLU_0428,0.06247209383480567,0.00010772759613516682,0.257340388159425,0.08711348780280471,0.00016275550486232685,0.0037908820215673787,0.011708545471029546,0.0004616267312389149,0.000279258881673163,0.00010920897234109736,0.0005453956027989249,0.00031169574737448485,0.0033435347526517105,0.0013240929697347123,0.00012867052991646105,0.0001309500352952889,0.00011255186510325067,0.00047773377871016887,0.015839136449969416,0.006733977179780624,0.00020254400823181926,0.4702668032786803,0.0007501333599254889,0.07166930077804669,0.00011682772098551905,0.0007959963717124526,0.0031758577288949577,0.00021673796476985927,0.00013689261175017675,0.00017519228978471886
Z_R_1888_KLU_0429,0.007949284741058937,0.00022375379806345805,0.2780680544918838,0.001432069799987394,0.00033804859363044073,0.0014628758243466398,0.17177001745616316,0.0009588140653647051,0.013401854268389798,0.0002268306656844704,0.013954629084615417,0.0006474024281370002,0.0005337206768800145,0.0732702186981811,0.00026725296767526706,0.0002719875761183892,0.00023377396507000712,0.0009922689383645583,0.0008438521819109346,0.001164870152871348,0.0004206906377081176,0.41259951349429663,0.0015580519231751372,0.014230364990976104,0.00024265505986793706,0.0016533109231539952,0.00018544992491340215,0.0004501719572480914,0.00028433050494783497,0.0003638802093159145
Z_R_1888_MLL_0423,0.00036413867778351385,0.006122913082420632,0.16749142959904675,0.11566802074825934,0.03801720303625863,0.024626067113309124,0.19544233755091261,0.013884341787451819,0.007724732443019959,5.3691686172167966e-05,0.03668783744359863,0.00015324263098969132,0.00012633372564581206,0.01734334101713209,6.325979966465966e-05,6.438049959255136e-05,5.5335191694151564e-05,0.00023487385304053112,0.001717230464754447,0.01848557832844591,0.11391113600647775,0.15684589259623802,0.015543671106066305,0.00033340697179811346,5.743738080212267e-05,0.007978782147488631,4.389670655445332e-05,0.00010655742414342317,6.730211805695186e-05,0.06078562886318123
Z_R_1888_MLL_0424,0.0005838707902023131,8.492305905479156e-05,0.13960196372942674,0.020009000749578128,0.00012830227208981425,0.000555216899538767,0.20388475707036188,0.05146078058213154,0.00022014339269344678,0.0025192753352938093,0.04909363218015682,0.00024571379396787446,0.00020256725451690556,0.09350481018574476,0.00010143264495567707,0.00010322960856432404,0.05361878483299507,0.0003766037241838021,0.0003202739318758426,0.02477395731818401,0.012325590505502098,0.025205213433985976,0.31933850779475326,0.0005345946584626672,9.209680531663877e-05,0.0006274942475976167,7.038528535127256e-05,0.00017085734428225657,0.00010791421853726776,0.0001381063506946209
Z_R_1888_MLL_0425,0.0007842290580126973,0.00011406484400944091,0.19404338489220632,0.22296384875376182,0.00017232985734227127,0.010550175256109535,0.15292752309304114,0.0004887826608818759,0.00029568673133978797,0.00011563336453631455,0.04633149919147978,0.0003300317474648499,0.06890310898294953,0.04061971612862386,0.00013623977931446766,0.00013865338023737737,0.00011917290830351121,0.0005058372311421835,0.0036983218535376837,0.0005938255950446074,0.0002144589829612613,0.13516698465860869,0.0040624054256779,0.04974020766231419,0.00012370029823622483,0.0008428221294155702,9.45383584094985e-05,0.00022948792165916843,0.00014494553824200294,0.06554838371513641
Z_R_1888_NAU_0422,0.004843901832622074,0.0001363445225326466,0.07959159979997518,0.0008726326650210798,0.00020599013062698216,0.024330365270938663,0.07732271754967655,0.000584253974999168,0.0003534416458801761,0.00013821941382081195,0.051474690699037214,0.00039449509109910815,0.000325223041954213,0.0016758270881752266,0.00016285076985724696,0.00016573580659469465,0.00014245031782206486,0.0045111332127964095,0.0005142018764666876,0.1139981255715132,0.0002563481139926865,0.18500739286938936,0.0009493999538105662,0.012577775661577284,0.06265175784516472,0.0010074460874693624,0.0001130040324895936,0.00027431257524920615,0.3751966319369843,0.00022173064246349582
Z_R_1888_NAU_0426,0.03626177762759922,2.0012810518026556e-05,0.3362268030388674,0.20597859328935827,3.023547536964126e-05,0.05804421528556173,0.11169447485042977,8.575749050177272e-05,5.187858343547132e-05,2.028800928212042e-05,0.00010131943204677781,5.790445675269202e-05,4.773662332615841e-05,0.10517813259718932,2.3903428897097564e-05,2.4326898006758798e-05,0.0005943087679794647,8.87497348348089e-05,7.54751605021574e-05,0.001250986879560299,3.7627079817311415e-05,0.08220197946070246,0.013900947848105107,0.013314175641967048,2.1703362250861823e-05,0.0001478741300430604,1.6586865742594455e-05,4.026392471952649e-05,0.030415617169115814,0.004046344077517322
Z_R_1888_NN_0990,0.022629521838653556,0.00035260250957524553,0.36747518291552445,0.24472004916505485,0.0005327140075569612,0.002305273435918585,0.19996537997091632,0.0116135859095441,0.0009140404690325205,0.0003574511926107491,0.001785130877857093,0.0010202093678046678,0.0008410639359369426,0.05484707223707801,0.00042115069290133675,0.00042861172745516167,0.0003683927936439444,0.001563667391879,0.0013297847885824787,0.011938299475065313,0.0006629455048116031,0.054139438432795145,0.012557895120494472,0.00221964941298028,0.0003823880703303211,0.0026053706603314636,0.00029224133619605146,0.0007094036536580255,0.00044806233664453917,0.0005734207691668722
Z_R_1888_NN_0991,0.017974614302560216,0.0005059434087384121,0.2663540520068536,0.0032381406815336915,0.000764382366962572,0.0033077980688446095,0.21444643016310302,0.0021680331720642983,0.0013115412910255611,0.0005129007024508984,0.017057560123639983,0.0014638812576681431,0.0012068284914576695,0.006218611893591288,0.0006043020437254585,0.0006150077566808897,0.11649744750474053,0.0022436800331721313,0.001908085820586971,0.0026339592041884317,0.0009512493513339912,0.3241175689815797,0.0035230065716207607,0.003184937598885143,0.0005486822087479794,0.003738402527262359,0.00041933217658436905,0.0010179113674930666,0.0006429171085660109,0.0008227918143384001
Z_R_1888_NN_0992,0.0027586850205093528,0.0004012462600314485,0.40667435152578213,0.18650983962255227,0.0006062052804334373,0.01411966188743187,0.06660281198362453,0.0017193923013723656,0.0010401381435387205,0.011903125223314477,0.0020314009939114207,0.012657315088333228,0.0009570940352879449,0.004931766521304124,0.0004792510996018676,0.00048774143114912164,0.00041921491384231286,0.0017793852167427282,0.0015132370263279866,0.0020889021607996684,0.023747125785342556,0.23405373762379336,0.002793974951573914,0.014022225487973938,0.0004351409276284275,0.002964798051814708,0.0003325578803069617,0.0008072703828053278,0.0005098753751246553,0.000652527797745195
Z_R_1888_ON_0634,0.0009090003130332323,0.00013221262060017912,0.3120422674387312,0.2584375141949692,0.00019974762815605924,0.09556708403244188,0.06361514003922002,0.034659517928379464,0.1518670403764142,0.00013403069356669257,0.000669356641165421,0.0003825399718249104,0.0003153672025660792,0.0016250413796224349,0.0001579155997588966,0.00016071320585630633,0.00013813338060628005,0.0005863162002913997,0.04595591197883343,0.0006883035591037155,0.0002485795197879787,0.0051478131790216675,0.004708736262549104,0.008408500163292906,0.0001433810806551522,0.008553131059411322,0.00010957946088563666,0.00026599957052618234,0.003956114192774679,0.0002150111259544054
Z_R_1888_ON_0635,0.0008449826096986645,0.00012290134952434772,0.5717721934337087,0.09938368251811844,0.0001856801034063613,0.0008035144634628958,0.03800700126387384,0.0005266482338897699,0.00031859332850264863,0.0001245913819895081,0.0006222162009865141,0.00035559902353394347,0.0002931569967764254,0.19870477320287594,0.00014679415802525025,0.00014939473853903468,0.00012840513117284944,0.000545024007062932,0.0004635030683434755,0.0006398287539589367,0.00023107293620965778,0.015349244565030193,0.007898441088850744,0.0007736697865673795,0.00013328325411586067,0.060770633092820964,0.00010186216385288845,0.0002472661538827438,0.00015617434462103575,0.00019986864659810038
Z_R_1888_ON_0636,0.20560882976710287,0.0001876613795487233,0.26547535251435994,0.0012010709833827312,0.0002835199490879821,0.0012269078678499529,0.09567155092688218,0.0008041533676493406,0.0004864687310043103,0.00019024193562171661,0.07084854814106813,0.0005429737230781066,0.011201239999161144,0.002306568811202382,0.00022414395213174093,0.0002281148485355077,0.00019606525193002834,0.0008322118304513855,0.000707735314274731,0.0009769717509821784,0.0003528314876386925,0.313784663358486,0.001306731665974515,0.011934947915078797,0.00020351378918886788,0.012140235680858952,0.00015553608049408924,0.0003775573476851851,0.00023846681159424684,0.0003051848176956365
Z_R_1888_ON_0637,0.001538372596797181,0.00022375379806345805,0.11779525088533992,0.22581399484914888,0.00033804859363044073,0.0014628758243466398,0.06919542314797505,0.0009588140653647051,0.0005800299798662845,0.0002268306656844704,0.007543716940353661,0.019880138860922273,0.0005337206768800145,0.0027501851113017643,0.00026725296767526706,0.0002719875761183892,0.00023377396507000712,0.0009922689383645583,0.0008438521819109346,0.001164870152871348,0.0004206906377081176,0.4190104256385584,0.03361261264448392,0.014230364990976104,0.00024265505986793706,0.07217334451003332,0.00018544992491340215,0.0004501719572480914,0.00028433050494783497,0.0067747923535776714
Z_R_1888_SCH_1033,0.01414928973279482,0.0001524211977850648,0.15448316393819084,0.1756601874530266,0.00023027886899195944,0.005363628254214298,0.09080712163343152,0.0006531446150228407,0.00039511670884528525,0.00015451716152860664,0.009505900226641776,0.00044101085389225533,0.0003635707887722016,0.014974777016364129,0.00018205285361513592,0.00018527807122569595,0.00015924694050033014,0.005043050610982763,0.0005748325232178955,0.0007935101236331543,0.0002865746702464848,0.39460802195320827,0.005428462259757458,0.09703606206116516,0.00016529674666433222,0.0011262362176609596,0.00012632858047144534,0.004673773879626426,0.022029268680163465,0.00024787537835886073
Z_R_1888_UNB_0996,0.1201848290853299,0.013623294356044584,0.36654633924992996,0.15626608006398082,0.0001190340540459338,0.00728736245127599,0.14626572408292782,0.04097113644071556,0.00020424081410953682,0.03619855431114873,0.0003988845090978493,0.0002279640769769765,0.0001879343298396351,0.0032258159518655893,9.410541797127386e-05,9.577257366404699e-05,0.0023397344061165753,0.0003493988635447831,0.027386150016984297,0.004925010703878394,0.015950057631792927,0.02338445523427773,0.02989505249208884,0.0027533946015553283,8.544397478670162e-05,0.0005821657166738285,6.530083781117222e-05,0.00015851505996091738,0.00010011877975705486,0.00012812991184725313
Z_R_1888_UNB_0997,0.09889958090813837,0.00024240201426824792,0.5026541671283584,0.0015514221751499432,0.0003662224316448361,0.008530009680418803,0.10274320354086819,0.00798393811984505,0.000628371168098266,0.00024573531593921497,0.0012272156572177273,0.0007013586092427205,0.0005782023288634262,0.0029793926018678208,0.0002895265163958419,0.0002946557192666632,0.00025325728772824466,0.049691465374200335,0.0009141809900444879,0.0012619534231856728,0.049072250269963986,0.016383346923103472,0.001687903972048151,0.1265397846011452,0.0002628785557762397,0.022626744184900238,0.000200905797952779,0.00048769044435647554,0.0003080273394855019,0.00039420692052571883
Z_R_1888_UNB_0998,0.2726047902803021,0.0001504500984539089,0.3378429753790187,0.04837996553448372,0.0002273009201813914,0.009604907523207133,0.1068753760522099,0.009265980801417254,0.00039000708963318786,0.00015251895735381312,0.0007616880454147727,0.0004353077350887585,0.00035886911899797987,0.08806202646376715,0.00017969855996562766,0.04328929508357938,0.0001571875711837902,0.022220399469944852,0.0005673988327699355,0.0007832485110970533,0.00028286870841796267,0.04465367692711508,0.0010476204974698197,0.005257731760648042,0.004473800443142034,0.0011116718165959222,0.00012469490888185268,0.00030269169004208815,0.00019118134678866727,0.00024466987282817897
Z_R_1888_UNB_1029,0.022181341690347432,0.00034561917841335535,0.5384432785015604,0.0022120330112199924,0.0005221635485320686,0.002259617244074912,0.1464922711246729,0.0014810230368851021,0.0008959377978453166,0.0003503718327524757,0.001749776166109837,0.07031788576886162,0.0008244065729475362,0.053760819989035244,0.0004128097574918514,0.0004201230254425332,0.0003610967341837647,0.00153269878862744,0.03101111186674168,0.011701860151804029,0.0006498157967787169,0.07287231002339194,0.002406630100913054,0.0021756890142502513,0.00037481483288884747,0.0025537710102255004,0.00028645346465676846,0.020500462910881177,0.0004391884131953601,0.010464618645268906
Z_R_1889_BOE_1028,0.03732962604824959,6.13409507699069e-05,0.24143766610699938,0.07069333575230927,9.267428003094812e-05,0.0004010398692686548,0.10860301372730384,0.0002628539353971121,0.0019165307600713319,6.218445817357793e-05,0.0003105525976782787,0.00017748203970780087,0.00014631677338542153,0.05172198644399197,7.326602397439868e-05,7.456399248236552e-05,6.408792792236022e-05,0.0002720254164421645,0.00023133772742931014,0.0003193431500114711,0.00011533017057299627,0.4101326621146989,0.002184650436231567,0.002143662705478995,6.652263429828593e-05,0.000453246670323676,5.0840141319834566e-05,0.0001234123224121376,0.07037868893869968,9.975588436474548e-05
Z_R_1889_JON_0443,0.10083300172770644,0.0001203584230661744,0.539250979367529,0.0007703183782305747,0.04846035667274681,0.011132285919682818,0.11308684950452355,0.02120654508027626,0.0037604669824121187,0.00012201348741839331,0.028197066875723577,0.00034824139752784403,0.0002870913458589494,0.018721668011391565,0.00014375687039747093,0.00014630364283656206,0.0001257483271044778,0.10398771510932833,0.0004539128220158578,0.0006265901892609965,0.00022629185377623078,0.001237794102700806,0.0008380848689567118,0.0007576619446863452,0.0001305255178124402,0.0008893252193755435,9.975455484329836e-05,0.00024215002092445908,0.00015294297348832062,0.003644198808398019
Z_R_1889_KLE_1003,0.0006233026596371517,9.065836048251893e-05,0.19318769382686443,0.04214039595711841,0.00013696720023168222,0.0031902238719477513,0.23064171973590483,0.0003884828410773637,0.02621011334656563,9.190501540572885e-05,0.0290315914542679,0.0002623081405333582,0.00021624768804076215,0.034881926185456935,0.0027057931767847073,0.00011020124769240489,9.471823307657937e-05,0.0029995480081895895,0.00034190371722738356,0.04722715513758442,0.0001704512898330637,0.11002778227692221,0.013618827390892704,0.016155760157910162,0.08321864462336064,0.0006698722388545658,7.51387743571938e-05,0.00018239624056680398,0.00011520223404845599,0.1611930689691647
Z_R_1889_KLE_1004,0.0008921033941572085,0.00012975499116635287,0.20586417990070924,0.0008304583245298287,0.04480834632894253,0.0008483227605894604,0.1888341821720159,0.007991402261553345,0.00033635980959940997,0.00013153926895041653,0.0006569143298672437,0.00037542914163257176,0.041204124071295395,0.038771760776243454,0.00015498019144261017,0.0001577257943420042,0.00013556569334290951,0.015446188050581152,0.0004893504975433207,0.004393201695570478,0.00024395880852982437,0.21324291118684532,0.019491978659178465,0.03427604756032624,0.00014071584671248997,0.0009587562136855462,0.05215523953303599,0.0002610550472957775,0.00016488346779869092,0.12661256422251682
Z_R_1889_KLE_1026,0.03777338011175503,9.258222674688935e-05,0.19198207662106184,0.021813602394856267,0.00013987378903880952,0.056310567096527424,0.1957466984151933,0.0030493590227622597,0.0002399980138024035,9.385533700568343e-05,0.032300304685666935,0.0002678745966192166,0.00022083669262407292,0.0011379393948801157,0.00011058080383991256,0.013375700659918525,9.672825412998175e-05,0.005715833753452999,0.0003491592756087139,0.00048198633300174375,0.00017406844642494236,0.3829311689861882,0.011255201142544666,0.005888073810089695,0.029279356785061928,0.0006840876360326239,7.673329859481025e-05,0.008144163376782131,0.00011764694726063311,0.00015056209252831175
Z_R_1889_LEU_0442,0.0005250983741405482,0.002264634917791603,0.43628258429080685,0.08145444146741401,0.017621469059584245,0.0004993287832435356,0.056442631342621834,0.0003272755299166796,0.00019798376545101428,7.742494503874531e-05,0.006951445059564845,0.000220980250907447,0.00018217684081110643,0.04251567480933113,9.122243798588727e-05,9.28385192921011e-05,7.979492694436884e-05,0.02659781734018814,0.00028803516759133015,0.02446847173599742,0.00014359588199672468,0.19772887431613087,0.0005318155909622466,0.017986864066647613,8.282634368221906e-05,0.0005643306956353881,6.33003046591272e-05,0.002341919060470219,9.705157656702144e-05,0.08327809259862573
Z_R_1889_LH_0641,0.11130433252317336,0.00034561917841335535,0.16214620609629546,0.13094524199196855,0.0005221635485320686,0.16070048983576543,0.0969794984397696,0.0014810230368851021,0.0008959377978453166,0.010252926369733134,0.001749776166109837,0.0010000040099970191,0.0008244065729475362,0.024053156378093268,0.0004128097574918514,0.0004201230254425332,0.0003610967341837647,0.00153269878862744,0.02110855732976102,0.0017993056148233719,0.0006498157967787169,0.10257997363433391,0.08162706639675832,0.0021756890142502513,0.00037481483288884747,0.022358880084186815,0.00028645346465676846,0.04030557198484249,0.0004391884131953601,0.020367173182249565
Z_R_1889_LYO_1005,0.0032878635687883,0.0004782144212413118,0.018828493065684463,0.2085850450136146,0.0007224892446678061,0.0031265092335524647,0.16158849676240802,0.002049210861736402,0.0012396603030876757,0.00048479041003503617,0.002421069919844827,0.0013836510493285647,0.0011406864455829778,0.08808754173593952,0.014272807396338181,0.0005813013339840358,0.0004996298716481879,0.0021207117831410485,0.001803510314811767,0.0024896011187200717,0.0008991147036358676,0.41596681965606824,0.0033299229114931075,0.0030103823159558776,0.000518610857202573,0.030936763833965878,0.00039635004759363125,0.014663748240648703,0.014309306104622508,0.0007776974746584024
Z_R_1889_MLL_0436,0.23658477356592417,0.00012465718314836165,0.2834953682165604,0.0007978313167566317,0.00018833282748248454,0.0008149938956887411,0.09212447097889652,0.007677436423648037,0.02175293756552501,0.003698003467706588,0.0006311055104312562,0.00036067929909319377,0.0002973451925452035,0.07296481872806962,0.00014889133693717495,0.000151529070718403,0.00013023959472985492,0.0005528105080346428,0.00404175702550277,0.0006489696856424369,0.00023437416628212468,0.2477246189646345,0.0008680181772235992,0.0007847228419682852,0.00013518740911497447,0.0009210886444499321,0.00010331742055267176,0.007394062943612275,0.00015840553383543595,0.014489252505284727
Z_R_1889_MLL_0437,0.000493764314827676,7.181721841698889e-05,0.19419193034414095,0.17536250653673652,0.0001085018886581222,0.12393037604538916,0.16624698476530222,0.033230637723119225,0.00018616953148050996,7.280478634160457e-05,0.0003635910995426859,0.000207793753614934,0.00017130584936164714,0.021459521418400514,8.577894506478841e-05,8.729859036967923e-05,7.503334493064901e-05,0.0023761646836524654,0.0002708473196185157,0.00037388296833498655,0.00013502712211257154,0.27029476017752907,0.008730803602198214,0.0004520927740791589,7.788386872244642e-05,0.0005306555361606405,5.952300196997228e-05,0.00014448960446124154,9.126024296874822e-05,0.00011679294249409441
Z_R_1889_MLL_0438,0.023096186683256362,0.0003598738605348769,0.36474226290017064,0.0023032658749806414,0.0005436996086371252,0.012663787152755058,0.2350219792897414,0.0015421061998691845,0.0009328897649426596,0.010675797018540463,0.0018219437557274465,0.0010412480733276307,0.0008584083135054786,0.02504520230495124,0.00042983564099959763,0.000437450536627265,0.00037598977103588354,0.0015959132610424958,0.0013572075426355064,0.0018735159919688808,0.0006766167331826151,0.30271928682571664,0.002505888907180951,0.0022654229099090505,0.00039027365760392667,0.0026590984811402764,0.00029826792211840616,0.000724032939603852,0.00045730225528680757,0.0005852458230077447
Z_R_1889_MLL_0439,0.000747581018642958,0.00010873444614768064,0.18186006659253984,0.08792767302025194,0.12789648268719336,0.0038263125866944843,0.2049739954397021,0.04408181644303118,0.000281868907503076,0.00011022966767927506,0.0005504930113479292,0.0003146089365516641,0.00025936463514981246,0.007567307603941864,0.00012987311801184562,0.00013217392823828484,0.00011360380398291781,0.0004821988023283427,0.0004100748252084409,0.019258593311255293,0.07185908919860538,0.04473412564098242,0.17833606487502035,0.0006844884622437167,0.00011791962312161279,0.022611373574353267,9.012045850443566e-05,0.00021876365391887683,0.0001381720455517143,0.00017682968229592599
Z_R_1889_MLL_0440,0.0007741094525171542,0.00011259296381003685,0.16250571791034832,0.23621661027041616,0.00017010613182025835,0.023317926950258323,0.26708917311357033,0.0004824754631943525,0.00029187122228557387,0.00011414124432057669,0.0037960001385876577,0.0003257730541006786,0.0002685683701314291,0.07235528876777478,0.00013448175618923947,0.0001368642122713479,0.013021525109286832,0.0004993099631561077,0.00042462661640260745,0.0005861629348898875,0.10666878408726702,0.03664362979448852,0.05562554457327939,0.000708778012747881,0.0033480765819660424,0.004057918944142787,9.331844583226664e-05,0.00022652663476287841,0.006595020174502484,0.0034090771056791255
Z_R_1889_MLL_0444,0.00035031703374728703,5.0953044139289444e-05,0.05018245297418251,0.2309884171695715,7.698016776274589e-05,0.009092453092703706,0.16904537116475796,0.03671554093377179,0.00013208398437042918,5.165370608586221e-05,0.004637625506858225,0.00014742598687595177,0.00012153846523492854,0.026904254433858823,6.085864184728612e-05,6.193680326877957e-05,5.323482892321945e-05,0.00022595872540316083,0.0001921613748864695,0.05866078418467934,0.07600997644612868,0.07059863800430051,0.1726215848800939,0.0499569445299108,5.525722505307554e-05,0.016435258933378737,4.2230515376818886e-05,0.00010251281455980944,0.026342731904694924,8.286252357347417e-05
Z_R_1889_NAU_0434,0.07487366122481628,0.0004987139978317885,0.0053466410453980534,0.00319187098188757,0.04362037438337569,0.017549504454851185,0.011336611398828965,0.0021370542080352464,0.0012928007150044794,0.0005055718789732699,0.002524853716502255,0.001442963900217876,0.0011895841536367197,0.006129754325983699,0.0005956671890947848,0.0006062199284237857,0.0005210474625149713,0.0022116201533068426,0.001880821236833381,0.031174265472541506,0.0009376569765413231,0.5481098049914125,0.003472666431413202,0.04600634237077346,0.0005408421043495765,0.0036849846004010697,0.02899128318723656,0.0010033664610568306,0.15781241608313695,0.0008110349656202976
Z_R_1889_NAU_0435,0.021541397111256508,0.000335647864561239,0.3498053958079535,0.1752516962377925,0.000507098827157374,0.0021944259753792325,0.08456472354243791,0.0014382946628672293,0.0008700894724853013,0.0003402634020648193,0.02093301429308902,0.0009711533140291885,0.0008006219649337529,0.004125488674363218,0.0004008999564441668,0.00040800223237074957,0.029201259160956117,0.04957278000100174,0.001265843017258726,0.011364254696103129,0.0006310682339684316,0.20540594288617045,0.0023371974259894014,0.01172977921604988,0.0003640012074635438,0.021713813419412163,0.00027818911597903787,0.0006752924752268229,0.0004265175726236997,0.0005458482326112065
Z_R_1889_NAU_0441,0.004138407104453522,0.0006019245984244188,0.43760624382105534,0.021098563680707953,0.0009093913298009555,0.0039353117164291195,0.13440562974808826,0.01982544889794111,0.0015603503302595123,0.0006102017419777887,0.0030473809959082523,0.0017415903101892355,0.00143577274165733,0.007398328354827061,0.0007189425906417311,0.0007316792561664653,0.0006288800514882909,0.01991544652555709,0.002270063749184964,0.003133640657955772,0.001131708356930573,0.2821283149336771,0.004191346856671515,0.03828139145238973,0.0006527712634635937,0.00444760501096807,0.0004988825778487125,0.0012110166483593869,0.0007648832175890029,0.0009788814793881505
Z_R_1889_ON_0638,0.005258322727182458,8.193269848919625e-05,0.22389143671783623,0.059212030149734036,0.0001237844172314993,0.0005356662764192959,0.23191803395208757,0.007393609553501828,0.00021239157442860883,8.305936569782206e-05,0.07318748186617711,0.00023706157573548278,0.0001954343375385212,0.012744573593730213,9.786093916792645e-05,9.95946270400077e-05,0.12215590179784228,0.009753365608365625,0.00030899625833547055,0.00042654451383750114,0.0001540457389992167,0.13699794957976308,0.03343559800009122,0.0005157701977915882,0.009478876913998248,0.0006053985521052635,6.790683740020641e-05,0.0001648410152619565,0.0001041142797789068,0.07055841633443166
Z_R_1889_ON_0639,0.012654729603515439,0.0003562010802842953,0.37122554031126587,0.13495442258080811,0.0005381507499845868,0.0023288004649032637,0.008097052107184189,0.0015263678598109185,0.0009233689314496168,0.0003610992477343314,0.00180334946540094,0.0010306213627519034,0.0008496476185883983,0.004378110745407982,0.0004254488487749192,0.00043298602873235157,0.0514008691490779,0.0015796257799287347,0.0013433562308144053,0.0018543953686365141,0.03128694133635644,0.320041298137609,0.0024803144481892183,0.0022423025851642567,0.00038629062482727685,0.002631960404561533,0.0002952238762626991,0.010922386971889962,0.00045263514584666244,0.031196502934238337
Z_R_1889_ON_0640,0.01319332016024122,0.00037136114645302235,0.46150578180925983,0.0023767868403880357,0.03248136669543449,0.02370812319864446,0.05100208204770505,0.001591330710945685,0.0009626678973251566,0.00037646778194753706,0.0018801007689034357,0.0010744850367243467,0.0008858089747179781,0.004564444960176297,0.00044355612878004637,0.0004514140942521916,0.0216681994989401,0.0016468553103008313,0.001400530030879986,0.0019333192070175567,0.0006982145504275743,0.057019684712241524,0.0025858776629997604,0.012977839924610534,0.00040273131453003237,0.07722470579419523,0.0003077887272596654,0.0007471442969528493,0.000471899485965592,0.22404611123178003
Z_R_1889_ON_0642,0.116081884745736,0.0004916882780797079,0.01935899237474179,0.00314690494704388,0.0007428456292048226,0.04547761889444471,0.23657967388962864,0.002106948087040174,0.0012745881611992936,0.0004984495476337814,0.0024892844028189306,0.001422635896553701,0.0011728256810024976,0.006043400351098898,0.0005872756244820323,0.0005976797002694752,0.0005137071162141289,0.002180463571653347,0.001854324842163886,0.0025597464919425534,0.0009244475716130411,0.5122128671367896,0.0034237446420797577,0.0030952008796636434,0.0005332228976062213,0.03180841786284299,0.00040751734736954755,0.000989231362393729,0.0006248026965052279,0.0007996093701841165
Z_R_1889_WIN_0433,0.03614349821124351,8.858740035758116e-05,0.30553059568926055,0.1300138441104442,0.017901055384254343,0.000579173928873686,0.04008634908035429,0.00037960850815526226,0.00022964235016579082,8.980557723837134e-05,0.0004484939825241358,0.0002563160875489465,0.00021130781998381936,0.0010888384984788179,0.00010580935764713198,0.00010768385835870557,9.25545309892911e-05,0.0003928537815495021,0.0003340934175354711,0.00046118912612935726,0.00016655757476244368,0.3867134798464962,0.005693203253233387,0.015786705005169543,9.607068627821597e-05,0.005730917684191992,7.342233690231119e-05,0.0001782296602410408,0.050876047756146243,0.0001440654954859235
Z_R_1890_BAC_0643,0.10005677338154965,4.768139758470623e-05,0.4294822848541111,0.06588037055450383,0.019198137319724497,0.00031173532874711194,0.057096028619382524,0.03299192093496823,0.00012360299722469898,4.8337070693376285e-05,0.0002413979844623754,0.00013795990432551155,0.0014798845940963662,0.1522287076544857,5.695096627500845e-05,0.008254859889431518,4.9816671135544104e-05,0.011140650116265208,0.00017982287557418762,0.00024823103506767746,0.06293254808482313,0.0496717665536707,0.00033201712708117126,0.0030324566411059637,5.170921113134551e-05,0.0003523165914514935,3.951893410695112e-05,9.593056413256527e-05,6.059014849899025e-05,0.004175991994388837
Z_R_1890_BAC_0644,0.004349574721387126,6.777301673809484e-05,0.3619028236783352,0.15383657223759656,0.00010239188426159226,0.0004430919545825155,0.0811547123052726,0.0002904161728787892,0.0001756858738233611,6.870497231866842e-05,0.013935770555897991,0.0040797078557680486,0.004045274673862592,0.04355277657511094,8.094852471029144e-05,8.238259510391684e-05,7.08080353707652e-05,0.0003005493535774554,0.03909174997225563,0.00035282871196611894,0.0001274234175138605,0.20264499806926004,0.0004719199404973779,0.023728327167040736,7.349803925718867e-05,0.004384388508609722,5.6171117424652285e-05,0.025379853613732347,0.03503866040709008,0.00011021604875567222
Z_R_1890_BAC_0646,0.1354308522630225,0.0001950007469569154,0.5440383262847898,0.029183495526056136,0.0002946083098306802,0.0012748917824934795,0.021193966954994977,0.0008356035095586999,0.0005054943438289811,0.0001976822276270884,0.006574326116168568,0.0005642092253228799,0.0004651359286801322,0.01357095830715173,0.00023291013951123822,0.02817248743527173,0.0002037332916905514,0.0008647593285024748,0.000735414581642932,0.0010151807561867966,0.00036663059711548824,0.13050850823149654,0.0013578374599507116,0.0012275388908463414,0.00021147313849708633,0.07407302824306544,0.00016161903929318448,0.00039232347643787627,0.00024779316072990313,0.0059042107032792135
Z_R_1890_BRA_0446,0.0007429518053226761,0.00010806113458153891,0.2736177878975178,0.12763286869328774,0.00016325941676770505,0.013091003624197878,0.14178218027219747,0.0004630559867710635,0.00028012350296678217,0.00010954709731808875,0.0005470842174950839,0.0003126607973621373,0.006450014946816499,0.0013281925312938823,0.00012906891037032693,0.00013135547338999918,0.00011290034010473235,0.0004792129037259218,0.0004075355367623362,0.05938900553012773,0.00020317111044379895,0.1930712732022978,0.010040840414930332,0.16477504357965833,0.00011718943458489993,0.000798460878511673,8.956240952173684e-05,0.0033135371952803328,0.00013731644882332265,0.0001757347075703886
Z_R_1890_FRN_1020,0.0010125642832896225,0.0001472758320326,0.267419605868275,0.01782136878287623,0.00022250521924214978,0.026281032214378698,0.1004007760902332,0.0006310960549643879,0.00038177853796444766,0.021247767934384276,0.07670009841093564,0.008865510166532746,0.01723007104533403,0.006029878519702453,0.00017590719584743665,0.00017902353802282906,0.00015387115441714604,0.0006531162141717011,0.004775120965922053,0.06828181722656541,0.0002769006123382832,0.1745220475406658,0.001025517311087312,0.18659361696270657,0.012818796869886719,0.0010882172455773666,0.00012206403747505798,0.00029630535944088755,0.0044068410921134045,0.00023950771361654947
Z_R_1890_HOL_0447,0.08592348524853043,0.000572314003815972,0.17011301535423187,0.0036629259841313693,0.0008646554640834597,0.003741721156750929,0.27537337459832817,0.0024524397861095367,0.0014835917109948904,0.0005801839682261132,0.002897470585993921,0.001655915917110768,0.0013651424920972405,0.03982984478568016,0.0006835755070336472,0.0006956856152777793,0.000597943432000232,0.002538010142811463,0.0021583920587632823,0.0029794868595993725,0.0010760360061747162,0.3502381811201151,0.020382893033203238,0.020000475545376428,0.000620659358907676,0.004228813106960498,0.00047434094953087603,0.0011514428692971706,0.0007272561677257529,0.0009307271711379973
Z_R_1890_JON_0448,0.0005954617362825942,8.660894335487025e-05,0.14237332832145996,0.10725829152568765,0.13661267995270251,0.03530706862790931,0.2848583801394333,0.010297081882128575,0.002706001487644309,8.779991421572293e-05,0.015327404569806226,0.0002505916802825436,0.00020658859993122653,0.0010645210431359452,0.00010344627594765418,0.00010527891270290409,0.0025719753042618538,0.012791519173412955,0.0003266319787889382,0.022784279677070394,0.0001628377794099085,0.144817000705178,0.003084566892213815,0.03528603699611119,0.0025754129318817658,0.008084414691564968,7.178256718321539e-05,0.0001742491876459389,0.00011005652109692779,0.0299187019815548
Z_R_1890_KAB_0449,0.018101957646964244,0.0001950007469569154,0.23674836419511325,0.029183495526056136,0.01146878874945528,0.0012748917824934795,0.2782001170663607,0.0008356035095586999,0.0005054943438289811,0.0001976822276270884,0.0009872358963562682,0.0005642092253228799,0.0004651359286801322,0.019158048526964032,0.00023291013951123822,0.00023703633621023458,0.0002037332916905514,0.02880021042756397,0.01190959502126753,0.006602270975999095,0.1791535176311091,0.10816014735224735,0.0013578374599507116,0.0012275388908463414,0.00021147313849708633,0.012615035825130155,0.00016161903929318448,0.00039232347643787627,0.00024779316072990313,0.05060093246177761
Z_R_1890_KAB_0450,0.0004877426034999081,7.094137027510506e-05,0.10645503697182633,0.00045403919316662917,0.00010717865197941476,0.0024963925197385895,0.1947083104343228,0.004369165469152125,0.09571545261626696,7.191689429784283e-05,0.036945709329299546,0.020531122052019936,0.00016921668588296615,0.017132638959883328,8.473282644165362e-05,8.623393888567976e-05,7.411827446168065e-05,0.11820460209505786,0.0002675441964002823,0.03085811694819895,0.00013338039648586248,0.14910837349321843,0.06960191428660889,0.06955451160132999,0.028533141465701226,0.006621942652525839,5.879708815955359e-05,0.00014272747896573542,9.014727708126493e-05,0.046864852228865654
Z_R_1890_KAD_1017,0.003636660697527841,0.0005289463976634,0.06629147466465375,0.018540543589669622,0.04626467272851178,0.003458188885346124,0.16357563592523178,0.01742178306730645,0.016526350322697607,0.0005362200084727239,0.03298827036197554,0.0015304374056009805,0.0012616975972586189,0.0519668817311618,0.0006317769608388692,0.0006429694147860685,0.000552633732975566,0.00234569015142423,0.0019948379676469246,0.0027537135746503326,0.0009944984142048771,0.2176123155884057,0.03399354016268567,0.01848492160028209,0.0005736283401792386,0.06452908741553591,0.00043839733930269313,0.016219370356922436,0.0006721476803505237,0.21303270791673093
Z_R_1890_KAD_1019,0.0014813902214313903,0.00021546580402526585,0.03935066328342793,0.17423555675860103,0.000325527042028292,0.007582137465660025,0.25800925174791395,0.0009232989352249977,0.0005585452718670883,0.00021842870236075116,0.05665187301038308,0.0006234221984776633,0.03138118911961876,0.014995211498804522,0.00025735373458089247,0.0002619129698822428,0.00022511481717820114,0.03799620000369806,0.0008125953187277237,0.001121722564022252,0.00040510796815155744,0.1318582994513933,0.0015003406120723546,0.0013563673894384032,0.00023366695013782974,0.013938966282368943,0.00017858073258966085,0.0004334972794096605,0.0002737987081681642,0.22259451415835604
Z_R_1890_KAD_1024,0.012785212197580414,0.0003598738605348769,0.1482117987009758,0.04354716381768443,0.11396441895107254,0.0023528126670791113,0.2556439282610933,0.022164055171221077,0.0009328897649426596,0.00036482253286451683,0.0018219437557274465,0.0010412480733276307,0.0008584083135054786,0.004423253333599347,0.00042983564099959763,0.000437450536627265,0.00037598977103588354,0.0015959132610424958,0.0013572075426355064,0.0018735159919688808,0.0006766167331826151,0.28209733785436475,0.002505888907180951,0.0022654229099090505,0.00039027365760392667,0.09545786885222379,0.00029826792211840616,0.000724032939603852,0.00045730225528680757,0.0005852458230077447
Z_R_1890_KLE_1011,0.02466543536638389,0.00013796135797267134,0.06472415936481248,0.0008829807405632529,0.17413244544651243,0.0009019750145873094,0.42213485226168657,0.0005911823247062698,0.000357632917875741,0.00013985848257556466,0.004651279407366642,0.00039917319354397984,0.0003290796848935605,0.01355415521290423,0.00016478192844909627,0.00016770117726603372,0.00014413955856323478,0.0006118098168418626,0.0005202995164873896,0.0007182316883237302,0.0002593880066703527,0.230682297934907,0.0009606583708233308,0.000868473249401685,0.00014961543387445052,0.004972211309949213,0.00011434408576933673,0.02399447630656787,0.0001753115384639582,0.027894089301256888
Z_R_1890_KLE_1016,0.0016782402578474857,0.0002440973224160204,0.002616932287393817,0.20438210645175603,0.00036878371346478624,0.001595879376531843,0.24333751521942848,0.0010459887075703058,0.0006327658624423625,0.00024745393649014066,0.029210948054284917,0.0007062637622314401,0.0005822461530129171,0.0869256783753219,0.00029155140329178525,0.00029671647871690334,0.0002550285153505256,0.0010824852720608723,0.0009205745775137987,0.09219001517011298,0.00045893950904429435,0.28226184892911305,0.0016997088135430082,0.0015366041468719473,0.00026471707250155433,0.0018036286890137808,0.0002023108903866528,0.0004911012476305497,0.00031018161720445094,0.04235968818745141
Z_R_1890_KLE_1022,0.0033369500988665447,1.2604631035112375e-05,0.07164150332054374,0.04991844584776808,0.019159637379458767,0.03222416015355816,0.16749586656680487,5.401247992121546e-05,3.2674591219429085e-05,1.2777958958224303e-05,0.177024024602062,3.646985574559246e-05,0.033255248299186864,0.012433796819096553,1.5055051935387442e-05,1.532176469306031e-05,0.06393553094386616,0.002945043377919894,4.75363792401204e-05,0.0997411674459576,0.0003848418806314796,0.007713637999407466,0.0723164265592677,0.022831373845778356,1.3669388072559189e-05,0.00045427857417101836,1.0446874641921341e-05,2.5359352433683913e-05,0.0010994469357250758,0.16181269102203333
Z_R_1890_LEH_0451,0.0013713340558944814,0.00019945831332343386,0.2478750556106769,0.00699138054220837,0.00030134282810146524,0.012733648391684924,0.16454861426405595,0.15515448793284922,0.0005170495538508957,0.00020220109056930908,0.006724610130128945,0.07486959480650163,0.06333864320250707,0.0024515663571972016,0.00023823428529277108,0.0002424548036593206,0.00020839047728061762,0.0008845270584113115,0.0007522255906043647,0.029612420924579014,0.017519431841751254,0.17921028613787773,0.0013888765748624736,0.001255599481171357,0.00021630725100330655,0.00718859901021434,0.0001653135256220061,0.0004012916878968378,0.00025345752087395406,0.023183596749349562
Z_R_1890_LYO_1012,0.03797481831793439,7.687940291727831e-05,0.13519016893574173,0.06657366147194262,0.019940635166441692,0.0005026284286177576,0.13611355457614097,0.00032943821956050675,0.00019929207420020745,7.793658160030497e-05,0.026821866631801167,0.0068306022904104135,0.00018338069484525205,0.003147654668525879,9.182525061281043e-05,9.345201124572316e-05,8.032222472974395e-05,0.00034093295477019764,0.00028993855057314486,0.00040023687912331976,0.00014454478681392752,0.2519007928335345,0.04018430051196407,0.19432337127427626,8.337367355977884e-05,0.0005680598841618116,6.371860331216812e-05,0.00015467425171268145,9.769290908464668e-05,0.07722024593984503
Z_R_1890_LYO_1013,0.014360196885320696,0.00022375379806345805,0.03445339300993707,0.2129921705606254,0.00033804859363044073,0.02069561225713191,0.1525372810233779,0.0009588140653647051,0.006990942124128041,0.0002268306656844704,0.013954629084615417,0.0006474024281370002,0.03899919354245055,0.015572009399825278,0.00026725296767526706,0.0002719875761183892,0.00023377396507000712,0.0009922689383645583,0.007254764326172692,0.001164870152871348,0.0004206906377081176,0.35490130419594085,0.0015580519231751372,0.11039404715490246,0.00024265505986793706,0.008064223067415752,0.00018544992491340215,0.0004501719572480914,0.00028433050494783497,0.0003638802093159145
Z_R_1890_LYO_1021,0.13656187469368175,0.0004654593230174387,0.165024169832118,0.0029790343019196817,0.0007032187649999008,0.1097324828275513,0.09059770016615809,0.08201157729673077,0.001206595660475945,0.00047185991479414016,0.0023564943168039843,0.06802759890835625,0.0011102616674713412,0.04572952892157975,0.0005559475927789698,0.000565796666447267,0.0004863035732234945,0.00206414743481321,0.001755406472285478,0.0024231976281580106,0.0008751332094566758,0.11147625718573956,0.04324961791450638,0.06961094144355254,0.0005047782914543145,0.04344777852686346,0.0003857784638781696,0.014272631743881157,0.0005914727950615258,0.0007569544622415508
Z_R_1890_REI_1010,0.03192679817084216,6.463528435830869e-05,0.09143636768071829,0.39486977907972987,9.765137917360898e-05,0.007830204125306616,0.19406755279547958,0.00027697058238992516,0.018686617761474227,6.552409257223946e-05,0.00032723091519139556,0.00018701376423128685,0.0001541747582236128,0.02486922558452051,7.720079708498961e-05,7.856847336890082e-05,6.752978871707877e-05,0.00028663462048997724,0.00024376178731376816,0.015151746153304585,0.059382534357350324,0.15622487650332453,0.002301977722826626,0.0004068821607553456,7.00952517065137e-05,0.0004775884144788885,5.357052588490704e-05,0.00013004021705416893,8.21339490015394e-05,0.00010511330312625457
Z_R_1890_RTT_1023,4.596098672999415e-05,6.684950944258285e-06,0.01213835917332718,0.0073211064654464045,0.005756142890902381,0.04179828619669231,0.26925831799976174,2.8645882425692268e-05,1.732918947148131e-05,6.776876575404939e-06,0.06094190229471775,1.934203356879841e-05,0.007485801830139601,0.014255738836152252,7.984548168920563e-06,8.126001075894532e-06,0.008434514382706653,2.964539254255287e-05,2.521123882187716e-05,0.08909847210107354,0.006716285806158557,0.00045181914355922837,0.05386782048858941,0.005979660081935033,0.015521566363607053,4.9394926533297685e-05,5.54057031161939e-06,1.3449503323428501e-05,8.494762967077783e-06,0.40070161908177054
Z_R_1890_SPE_0645,0.011542171252903103,7.687940291727831e-05,0.09994663951570003,0.05335733793942697,0.00011614986766822743,0.09081417256747464,0.2330332604812557,0.011343041163323544,0.00019929207420020745,7.793658160030497e-05,0.00920010192178031,0.00022244052415259166,0.0794813218899391,0.01856669878979413,0.006699987016870632,9.345201124572316e-05,8.032222472974395e-05,0.00034093295477019764,0.00028993855057314486,0.03564376629916503,0.00014454478681392752,0.3047660869635971,0.0005353299144171432,0.004889400641552067,8.337367355977884e-05,0.03801430989295613,6.371860331216812e-05,0.00015467425171268145,9.769290908464668e-05,0.00012502533350378212
Z_R_1890_SPR_1018,0.008493815810356294,0.0002390810757856307,0.19436493772473962,0.06318074088881906,0.0003612051376668203,0.008413147460893465,0.10818567227127417,0.0010244934397081178,0.000619762403027546,0.00024236871079897238,0.008060466356913138,0.0006917499069281781,0.0005702808832827944,0.002938574543584615,0.00028555996622941864,0.0002906188983673408,0.0002497876306160341,0.04216062225625786,0.007751720304567408,0.001244664500488479,0.00044950821441553746,0.2833113776950003,0.0016647794725564344,0.001505026637959939,0.0002592770860658186,0.0017665637747238984,0.0001981533629211791,0.000481009023126717,0.0003038073256853542,0.26069122723723986
Z_R_1891_FRI_0463,0.34309295649677607,8.023747702739672e-05,0.35949405921689415,0.0005135361664141636,0.0001212232663772423,0.0005245831193294807,0.1466568322054705,0.00034382800296166023,0.0002079971047978515,8.13408330248994e-05,0.00040622058525760084,0.0002321566735613185,0.00019139072016136912,0.03776916701405081,9.583615581026367e-05,9.753397296231484e-05,8.383068048117963e-05,0.00035582482548271937,0.00030260299778864366,0.000417719131205126,0.0001508584688657342,0.04450494407784638,0.0005587129982830572,0.05797847125737963,8.701541587335804e-05,0.0005928726053538999,6.65018168127429e-05,0.0001614303863920464,0.00010196011221436263,0.0047283562151440245
Z_R_1891_JON_0473,0.010459338265067113,6.96669338124706e-05,0.44387477477893733,0.07829267325439687,0.00010525322565104131,0.05634547774937337,0.09939115334038158,0.05020032077239112,0.00018059541588265178,7.062493289341584e-05,0.00035270479176135344,0.00020157218559598152,0.00016617676836038208,0.000856284745909716,8.32106313785958e-05,0.08791183327438241,7.278676604627775e-05,0.07216752424922021,0.0002627378601547811,0.030303761862379243,0.00013098426514496735,0.06059861770362637,0.0024811793008431156,0.004430699744692009,7.555194209613497e-05,0.0005147671398281155,5.7740819401892386e-05,0.00014016343061554927,8.852781333995214e-05,0.00011329603643595009
Z_R_1891_KER_0472,0.0026087304789465865,0.00037943561527517214,0.04755367762781882,0.0024284650825060136,0.0005732536262052426,0.02422360658571268,0.19343987493626238,0.00162593085782154,0.000983599090578083,0.0003846532838421566,0.023663881098260505,0.0010978474590234032,0.13136247793334635,0.0046636892372725405,0.00045320032599054,0.07656138433889054,0.000396427542412032,0.0016826627230703793,0.0014309816173661762,0.001975355176072013,0.03332774798595137,0.41701733257829743,0.013513552888054722,0.0023885650777809293,0.0004114878618262034,0.0028036397719165664,0.0003144809472342225,0.0007633893817954986,0.0004821599499990843,0.011488508920470871
Z_R_1891_MLL_0464,0.014001156157154273,0.00021815939519918894,0.2023588028775409,0.0013962644842331084,0.00032959653589181886,0.03267941705889438,0.14247284530240917,0.0009348413230023315,0.0005655277841100112,0.00022115933345774602,0.0011044818516290035,0.0006312157531860022,0.006770999684711728,0.002681423626146668,0.00026057097710890844,0.00026518720853557483,0.00022792903304606762,0.050972446585117556,0.013324000484372787,0.026138238916715233,0.0004101723228060482,0.08350170573938236,0.05152408358457203,0.35765885493885174,0.00023658807832973057,0.007862597383217708,0.00018081321438561128,0.0004389165358481467,0.00027722153336815197,0.00035478229677603234
Z_R_1891_NAU_0457,0.08189481746072168,0.0005454800947279478,0.00584801364429271,0.09726456284084466,0.0008241146316715734,0.003566284238060264,0.12180195964555285,0.002337453002935386,0.001414031006851463,0.0005529810625591136,0.002761617781814092,0.04846496516669248,0.0013011354797213643,0.006704562103597543,0.0006515249143725611,0.0006630672197296374,0.0005699078438666333,0.018047907803977782,0.0020571922001280025,0.0028397885838515,0.0010255842398845143,0.5682501205394929,0.01942720665307445,0.00343382290022226,0.0005915586961587083,0.004030538059161892,0.0004521006726346785,0.0010974555248171125,0.0006931575334824208,0.0008870884551017884
Z_R_1891_NAU_0458,0.04208614438880016,0.0004533669646348407,0.3425928062039981,0.09382957418270685,0.0006849495566991185,0.002964059505857563,0.04927491108062361,0.0019427362852643326,0.001175249017648434,0.0004596012728163983,0.0022952739858401084,0.0013117581747526617,0.0010814177249019038,0.005572388432670088,0.0005415044025765597,0.0005510976031263176,0.013463374469668986,0.15788697941691995,0.001709802048611247,0.04132935871297299,0.0008523977653953978,0.21249780805408378,0.003156904049302694,0.0028539664057655473,0.0004916644494875216,0.016339621342095222,0.0003757561671686284,0.0009121324222769634,0.0005761066810795895,0.0007372892322545502
Z_R_1891_NAU_0459,0.014764251920686144,0.00041557920623424015,0.11161857834771535,0.25270728945507887,0.0006278595823866061,0.002717007618028545,0.03326086462035901,0.0017808108361024655,0.0010772929921686956,0.0004212938900281908,0.0021039648133467665,0.0012024242248750152,0.0009912824594186015,0.06464305308551074,0.0004963704622289085,0.0005051640775134392,0.00043418971960633136,0.0018429467626711995,0.0015672914738105164,0.0021635199835085706,0.0007813511225375168,0.4805548621637446,0.014800802445889102,0.002616090686013092,0.0004506846276640173,0.003070703813965541,0.000344437204010516,0.0008361069455858729,0.0005280886696765276,0.0006758367896350507
Z_R_1891_NAU_0460,0.019638029871830227,0.00021154786506813637,0.08106347293611176,0.08621064025450245,0.00031960779611671245,0.0013830748804208206,0.07754314672699149,0.0009065100582904008,0.0005483889211186794,0.00021445688731471223,0.0010710094676659907,0.0006120861531631664,0.000504605824410035,0.057150890375201796,0.0002526741232289259,0.0002571504553258319,0.00022102142465106896,0.0009381399435504375,0.000797819429486148,0.0011013256358296069,0.00039774165637208625,0.5840500595349104,0.056023788922588524,0.0013317037790836132,0.00022941804924573607,0.0015631216055955605,0.0001753334961552255,0.0004256147484136534,0.0002688200683789103,0.024588799108977908
Z_R_1891_NAU_0461,0.0010168551000222232,0.00014789992436414081,0.31092856285257986,0.0899356571166043,0.00022344810171743664,0.0009669521842647661,0.04997533614155839,0.0006337703716050282,0.004620970997325307,0.00014993371548797748,0.0007487772056222821,0.0004279291390060243,0.000352786180280815,0.010293005224334446,0.00017665261572031118,0.00017978216362828903,0.00015452319491959465,0.004893458487189303,0.0005577812531421107,0.0007699722149737838,0.0002780739993521215,0.4549415242685672,0.05188075874894576,0.01364376092608333,0.00016039354554717186,0.0010928286473847247,0.00012258129294524423,0.000297560975519027,0.00018794076587820154,0.00024052264543088732
Z_R_1891_NAU_0462,0.011435430744443413,0.0016632648468179864,0.5896947101149795,0.010645233185419144,0.0025128706067474612,0.010874228526863226,0.03780881888955557,0.007127305741212366,0.004311629496177436,0.0016861366183661545,0.008420658831060924,0.004812439877152352,0.003967391157412517,0.020443390268500106,0.001986614172314468,0.0020218086935027044,0.0017377493547256996,0.0073759911923511,0.006272741210341638,0.056314272611336466,0.0031271869132112255,0.017105403728070807,0.01158171622454163,0.10578084507047009,0.0018037666152437338,0.059945077406584786,0.0013785345483432545,0.0033463351147302,0.00211355935787789,0.0027048888816460868
Z_R_1891_NAU_0465,0.005688313499293595,0.00016011273863024715,0.16686624830360058,0.02854970452384412,0.00024189929549675365,0.0010467981171237732,0.017402108169118802,0.04197352953088253,0.00041505524986753216,0.00016231446975377116,0.09256044218331098,0.00505075706460203,0.0003819174466688276,0.10289278341172915,0.00019123967920049438,0.00019462764906170402,0.0001672829247671368,0.0052975350942591195,0.0006038399571950539,0.019183519518404583,0.0003010359185073974,0.263133665970809,0.042402329467846014,0.17074511163527206,0.00017363801872504194,0.0011830688104718249,0.00930768690611156,0.00032213202883415895,0.0002034599466794647,0.023197842469932634
Z_R_1891_NAU_0466,0.057645545582432955,0.0001789993763202532,0.11987739672553119,0.0011456324016100663,0.0002704333421353877,0.057585149400112036,0.0963842043267642,0.0007670355595872124,0.0004640144906665159,0.0001814608200586294,0.0009062252964999283,0.0005179113466126502,0.010684217384977435,0.012457352656115922,0.010471047578833591,0.00021758560933227825,0.00018701534592756408,0.06746592117241401,0.0006750679343807323,0.05734674974032684,0.00033654562481288524,0.33520148265690913,0.0063750408276205634,0.011384059087443412,0.06173761754900385,0.0013226216791372462,0.0001483569047115005,0.08754675161743705,0.00022745975038176096,0.00029109821190324267
Z_R_1891_NAU_0470,0.0004403093652522509,0.0037338744973829533,0.18417819883494158,0.2591330547628131,9.675546873086905e-05,0.07932009347254754,0.09870634292932773,0.0002744294934755153,0.00016601480863213177,6.492293650784675e-05,0.0003242287088059015,0.00018529799138989114,0.00015276026948757694,0.1622597689207557,7.64925121546424e-05,7.784764058233886e-05,6.691023123187326e-05,0.00028400486807970954,0.00024152537516430848,0.0517110573844157,0.07535196947932966,0.015337954635454957,0.05732834126251252,0.0077428136168955775,6.94521571744979e-05,0.0023081228484301457,5.307903878078708e-05,0.0001288471526098064,8.138040447163445e-05,0.000104148932661253
Z_R_1891_WIN_0467,0.06717468603065246,0.00016464457232424285,0.14800255252451738,0.019923103478646623,0.00024874601729580806,0.0010764267089433662,0.1075240452569809,0.0007055233613762809,0.1089255352423755,0.0001669086212831625,0.02913756792871073,0.00047637759369815373,0.005110063429902148,0.0020236664377619247,0.00019665253035302602,0.00020013639337116134,0.0001720177035322453,0.03846882991522977,0.0006209310536762461,0.038595834924266784,0.00030955644429607476,0.3790801380167312,0.0011464600590930859,0.0010364453411013145,0.033199905969191056,0.0012165544103277678,0.00013645946499764262,0.014483258215153134,0.000209218680491831,0.0002677536737190203
Z_R_1891_WIN_0471,0.001182169662146453,0.00017194465918813912,0.2383151832097339,0.001100480777638575,0.08893669600066625,0.02083013624935551,0.0876590178420404,0.000736805181055171,0.00044572676785904894,0.00017430909259235757,0.17822435111276985,0.0004974994428117814,0.05952808747797229,0.0021133926921453397,0.00020537180079915364,0.00020901013294005006,0.0001796447036828506,0.0007625137356626365,0.0006484621806629315,0.09942506213784302,0.029882255356439732,0.14463669166068788,0.006123787942448065,0.0010823997319015155,0.029745443078748643,0.001270494559976668,0.00014250986759410236,0.0003459367592192922,0.00514499072401777,0.00027962545940064516
Z_R_1891_ZOE_0469,0.057294488617905,7.620794369090053e-05,0.6471277408988807,0.039790425647673884,0.00011513542300126889,0.0026817206918455165,0.09998903354474532,0.00032656092962781325,0.00019755147142641014,7.725588905064797e-05,0.004752784519019302,0.00022049774446655172,0.000181779060924839,0.0009366810928599206,9.102325541775453e-05,9.263580803922819e-05,7.96206961430039e-05,0.0003379552706393387,0.00028740624793449903,0.002580223422847574,0.0001432823429466741,0.1405266000550693,0.0005306543810941518,0.0004797325965765535,8.264549383641445e-05,0.0005630984896155251,6.316208957165562e-05,0.0001533233378208643,9.683966617864813e-05,0.00012393337115071333
Z_T_1881_DRA_0358,0.15917787948952164,1.3811730351039838e-05,0.44969582708617556,0.026997946508059072,2.0866845886780078e-05,0.0024646713943645665,0.08974864027091355,0.00045491371341765393,0.07087123318762316,1.4001657254069282e-05,6.992504493509752e-05,3.996244016157774e-05,0.011904804854033741,0.017581822530896372,1.6496819079688195e-05,1.678907394061178e-05,1.44302487671053e-05,0.02538788413866091,0.03606339648372103,0.006007834198530288,2.5968120762730585e-05,0.06543727134015698,0.004053460988340807,0.006022875337292775,0.025341612455914965,0.0001020545119442198,1.1447333536649375e-05,0.00042351658092965613,1.755097030263926e-05,0.0020011046445250285
Z_T_1881_ON_0823,0.003692623061379878,0.0005370860326819725,0.005758022112337019,0.03421424571347912,0.0008114328318806984,0.003511404854821189,0.012208872553659399,0.002301483357615924,0.03216905724903069,0.0005444715726726208,0.0027191209222002174,0.10927273905215279,0.0012811130956736966,0.0066013896673663705,0.6931191818995951,0.0006528636807978659,0.0005611378780179427,0.002381786553221455,0.04819071417861319,0.0027960888012183854,0.0010098021465942749,0.005523518063469495,0.003739860209627939,0.01876937483758151,0.0005824555584871695,0.0039685145556935504,0.00044514356982964327,0.0010805674479522588,0.000682490952978528,0.0008734375893701861
Z_T_1882_KRI_0753,0.001675659886079699,4.716591190102071e-05,0.057263639563414896,0.00030187142567815364,7.125854543445734e-05,0.18004197039470524,0.18215714657218776,0.0029048730352947178,0.00012226671979246218,4.781449649891261e-05,0.008347071163871097,0.16635626875799323,0.00011250500614222674,0.0059852439148187385,0.044651891456798654,5.733329295145127e-05,0.001400658591519394,0.061021286210843455,0.008286161746189775,0.07592285487225041,8.867897540714773e-05,0.02345853358216508,0.026004656996806517,0.0002969116379514564,0.004105291652389541,0.0030512686625132355,3.909169317445843e-05,0.14604398643978797,5.993510574215573e-05,7.670368969670822e-05
Z_T_1882_MLL_0366,0.20018420892405045,2.64412455435937e-05,0.2510440797710621,0.2380508927668258,3.994759395017739e-05,0.0001728697309547638,0.19984588690185773,0.004658813661014647,6.85428147053868e-05,2.6804842555025203e-05,0.014527978246770656,7.650429497082496e-05,6.307039072058645e-05,0.00032499256078612855,3.158159281189828e-05,0.010638329901857185,2.7625340287464104e-05,0.0001172575700240735,9.971898996805565e-05,0.00013765405550675655,4.9713500042473624e-05,0.04118151336679605,0.01154789053104705,0.02516675109315514,2.8674829548787837e-05,0.0017105434979036041,2.1914832477103288e-05,5.319734172763026e-05,3.359966517630918e-05,4.300014590254089e-05
Z_T_1884_BAU_0388,0.2473630164680603,2.1624762865087047e-05,0.36144978126732175,0.00013840287896340985,3.267082274090038e-05,0.0007609649496221856,0.11449517275585808,9.266491552175344e-05,0.01492609268097287,2.1922127795861483e-05,0.00010948030960785434,0.0013017380542576216,0.0006711664304339557,0.14400946893082917,2.5828755091475058e-05,2.6286332954857375e-05,2.2593165355952206e-05,0.022400951398989993,8.155438470740496e-05,0.013743445137234305,4.065779154917507e-05,0.025625371391288145,0.009444350642036223,0.010049485890450518,2.345148182096759e-05,0.032997779830291646,1.7922871854283205e-05,4.350702382822217e-05,2.7479219561956275e-05,3.5167328134127316e-05
Z_T_1884_ON_0827,0.012348783242292822,1.937941778835494e-05,0.24618440186300516,0.019002600360710446,2.9278541796515892e-05,0.08230399697647377,0.17367915224092664,0.023403627501726514,0.01726304879305252,1.964590668652394e-05,0.0028743727580174978,0.04725249218438252,4.6225789546633726e-05,0.013008990877320017,0.11829182381990995,2.3556967150767092e-05,2.0247268990925062e-05,0.0017516968750987455,0.034498710687257426,0.05173932633291209,3.643620666265923e-05,0.10902869529976292,0.014571495694927798,0.0001219943481674004,2.101646463362096e-05,0.007916722068264916,1.606190198700724e-05,3.898959710010383e-05,0.024455714183717562,3.151582973017164e-05
Z_T_1884_ZEL_0517,0.19836625499475916,6.51159069286987e-06,0.02451018109189801,0.00022824322391182535,9.837750666459937e-06,0.003214223241350984,0.16936494110951797,0.0007741738895561411,0.02091246438572686,6.601132424619579e-06,3.2966417691727434e-05,0.0018845176340641296,0.00038866755803743975,0.44560374910192924,7.777485575742393e-06,7.915270196783211e-06,6.803193457987368e-06,2.887660115626762e-05,0.0005842605966892099,0.004511524840318898,0.0011316490827903314,6.696671785409067e-05,0.007694618286748822,0.11459357059049714,7.061647413760198e-06,4.811397219982129e-05,5.396887183640341e-06,0.005796700025409088,0.00019484218859486927,1.0589491685987206e-05
Z_T_1885_BLI_0104,0.10895621164419614,1.1912017844598987e-05,0.2363064676245346,0.163217059515471,0.00035929553570960887,0.00041917814847572686,0.23713213845101014,0.05773053954316617,3.087915168532711e-05,1.2075821553515576e-05,6.0307315729528267e-05,0.0017409598047544148,2.841377568582367e-05,0.05611941312400579,1.4227790310254083e-05,1.4479847440679486e-05,1.244546312785636e-05,0.00039412437208342693,4.4924297759969356e-05,6.201438441598626e-05,2.2396376851728765e-05,0.09909915419659794,0.030799837095911074,0.001440181861590022,1.2918267436109995e-05,0.005890096965012176,9.872828233384795e-06,2.3965878721560246e-05,1.5136949978126805e-05,1.93719507073497e-05
Z_T_1885_LEH_0378,0.039973382301726354,1.1700371742401645e-05,0.6970785458807383,0.09293491885238692,1.7676992510091283e-05,7.64956443464422e-05,0.11391055967136676,5.0137611489521193e-05,3.033050810716766e-05,1.18612650782001e-05,5.9235808913919664e-05,3.385349943417761e-05,2.7908935536063414e-05,0.017911254036904637,1.3974998851969649e-05,0.0030313355986886776,1.2224339066810243e-05,5.188700950681029e-05,0.00104983044821699,0.0017370864479747952,0.00035723323061896564,0.010847842316693451,0.003098585545172024,0.011471636915679009,1.2688742851302963e-05,8.645373877045339e-05,9.697413317077633e-06,2.3540066329123958e-05,0.006049094047311086,1.902776067064416e-05
Z_T_1885_ON_0830,0.009118531044395506,0.009666016705355907,0.07808224894292197,0.002908695902412282,0.01449928480832549,0.17302406757041686,0.12658085514521755,0.013877259727911302,6.231158125593304e-05,0.06889564826778435,0.061417134616856696,0.13092498176880027,0.06410762729379317,0.020268118732060223,0.00898197694063297,2.9219137869067277e-05,2.511391811736959e-05,0.011814715317286353,9.065352762155738e-05,0.08483681462766876,4.519404128249165e-05,0.05327809274169932,0.04768856210245164,0.018057849869923884,2.6067998215557674e-05,0.0008663250321079737,1.9922553085638944e-05,4.836116660672178e-05,0.0007192579191520201,3.909099877120421e-05
Z_T_1886_MLL_0399,0.00010561763363436686,1.536191343850368e-05,0.12516557074877876,0.07888408395122604,0.1426298442045248,0.003621585859879272,0.2697172911973041,0.007108130772272756,3.982220824656507e-05,1.557315711107956e-05,0.029127272991468955,4.444769271848128e-05,3.664282309185694e-05,0.018234716528765182,1.83483676752889e-05,1.8673424258452797e-05,0.06383692060304057,6.812465160725107e-05,0.0035790865249236813,0.0542176788164333,0.038761549083681825,0.00896086422600714,0.14183331618648282,9.67039689737433e-05,1.6659587713675335e-05,0.0009937966463897168,1.2732144519346813e-05,3.090674973805664e-05,1.9520833356741185e-05,0.01278915650273768
Z_T_1886_WEN_0401,0.08516232923282346,2.7460629727107985e-05,0.41414696130450435,0.09773795403256562,0.007909407074392808,0.00017953434398341713,0.16427694977297153,0.015853511139739093,7.11853324751728e-05,2.7838244423221368e-05,0.00013902572080474597,7.945375013683038e-05,6.550193119558533e-05,0.046758246328601774,3.279915180130215e-05,3.338021603567346e-05,2.8690374644745495e-05,0.0001217781782564954,0.01583940221402888,0.00565050457751664,0.04017801897699335,0.06479935050960962,0.019074221552680487,0.0174822886131356,2.9780324660915203e-05,0.004136865564422542,2.275971074029603e-05,5.5248248470005317e-05,3.489502651606285e-05,4.465792214268011e-05
Z_T_1887_DEN_0476,0.0006975950854456926,0.00010146407327057654,0.25982071319909944,0.0006493906980443378,0.10771642134669822,0.0006633600909208564,0.2319682653055127,0.0004347867228311051,0.00317013373650854,0.00010285931895777477,0.006327908264169801,0.000293573060982912,0.00024202259060477363,0.08264623175433701,0.0001211893381416117,0.0001233363079903389,0.00010600784847410433,0.00044995727061484484,0.006196878938765154,0.0005282255388046016,0.00019076764755767976,0.24233374212672354,0.04431319277418224,0.00354583271185337,0.00011003509655256842,0.0036568269556277663,8.409468322901884e-05,0.003111247925247505,0.0001289333697875613,0.00016500621906436513
Z_T_1887_GPF_0106,3.552889328687847e-05,5.167619879918107e-06,0.16218193180126977,3.307381788328976e-05,7.80727142038317e-06,3.3785286583610686e-05,0.16120757390961393,0.07908658892881731,1.3395859560137771e-05,5.2386804939672614e-06,0.11758640445928141,0.010083083407972308,1.2326340844441469e-05,0.16929696274051845,6.172238239880706e-06,6.28158457020475e-06,5.399036797401926e-06,0.0001709773244893189,1.9488863870451448e-05,0.014981039413523056,0.0034151133431182933,0.008492608239539576,0.018839699711482614,0.22316009337965848,0.00044978642203016427,3.8183407245464046e-05,4.282987493423585e-06,0.00015845753192845,0.030655143643011067,8.403855576281166e-06
Z_T_1887_HIL_1032,0.06986961797078617,2.4087237098864042e-05,0.036145449488287615,0.038801931797046114,3.639114373113191e-05,0.0008476182272993878,0.2634903976825594,0.04772278894044219,6.244059216159617e-05,2.4418463833563418e-05,0.00012194714881424042,0.031816074614079363,0.006268703888727528,0.1155492261793566,2.8769950067813014e-05,2.927963364470329e-05,2.5165914379633646e-05,0.0007969571000196908,0.000780979942835843,0.0001253990046401116,4.528761175653375e-05,0.010599799636197746,0.07746326243417782,0.2561930971505029,2.612196982068836e-05,0.03192436129626727,0.009681905946644257,0.0014287387437171865,3.06083576966854e-05,3.917193340732001e-05
Z_T_1887_LYO_0495,0.019400573415376356,1.8684325666874476e-05,0.09870222402775582,0.11521692637864084,2.822839240846649e-05,0.002798838300658554,0.3077078649837617,0.08038053654810609,4.8434793662357085e-05,1.8941256262745535e-05,9.459367353923412e-05,5.406065912412547e-05,4.456778400312423e-05,0.07945945014679606,2.2316678093067246e-05,2.271203659344604e-05,1.9521049178194433e-05,0.012395597381924185,7.046498927832695e-05,0.001167944214613819,3.5129329414619967e-05,0.0001921539642529452,0.030644282767101856,0.25065509068786296,2.026265566228123e-05,0.00013805799045274412,1.5485801009718395e-05,0.0005729276145921241,2.374271988878395e-05,3.0385434318575446e-05
Z_T_1887_LYO_0496,0.029086235259630375,1.5560530763031684e-05,0.029591908933660597,0.057166425413946655,2.350894414357265e-05,0.03309349680633443,0.3177879860148051,6.667889389704863e-05,0.00405284890335989,1.5774505648306973e-05,0.004091290572763279,4.502236603925788e-05,3.711658565501629e-05,0.08489983935923077,1.8585597478184924e-05,0.0009105841513685755,1.6257364150020278e-05,6.900544917786623e-05,5.868408916282407e-05,0.02906026074514581,2.9256127343679962e-05,0.00016002812867351482,0.020170910874976484,0.28632379783588713,0.1025588438601062,0.00011497635214798845,1.289676102301739e-05,3.130634943424053e-05,0.00046560786950057055,2.5305354546486255e-05
Z_T_1887_LYO_0497,0.006322251730659846,3.5362296316717234e-05,0.0682626836687843,0.005292263914137743,0.029435866134162332,0.014415820982586683,0.30374693879219716,0.0001515320293354174,0.07202798857413563,0.003075411384686166,0.012337280983071422,0.00010231619171644205,8.434980272753757e-05,0.05109402255992372,4.223695291989891e-05,4.298521564508328e-05,3.694589453000025e-05,0.00015681927425594133,0.0001333633268463218,0.00018409736001287385,0.026409364156866174,0.00036367410542364044,0.008351737084260655,0.23528213182292088,0.1591088035531251,0.00026129107650568626,2.9308710079820926e-05,7.114567119512674e-05,0.003084498722518162,5.7508028453528696e-05
Z_T_1887_LYO_0498,0.0001233111746870075,0.019031452052400435,0.10348192741535421,0.019642185742580916,2.709692649794142e-05,0.07154641670264032,0.29486027070373233,0.032965100563434,0.014435100592326817,1.8182042438107464e-05,0.0011185597743537238,0.0005657725982931449,0.004667690847124852,0.1204680920970399,2.1422168758880228e-05,2.1801680282954385e-05,0.0005326174239413901,7.953719966795221e-05,0.0031509135419144573,0.019106889019667096,0.003630873053519985,0.016114695616774533,0.0001248886084360011,0.19744237426839759,0.0724763652481236,0.00013252427434122993,1.4865090638184242e-05,0.004147115012796526,2.279105116501889e-05,2.9167508670862857e-05
Z_T_1888_GHR_0686,0.00014767011361212912,2.147837841753526e-05,0.0506923005677548,0.023522310995412812,0.0018786216384419796,0.03214073731328111,0.1709514520996175,0.07947743253024864,5.567772931188509e-05,0.30587093079139344,0.019801240263103634,0.06344738266755334,0.030205374692749625,0.02426422902284805,0.0012564352287117854,2.6108392953768552e-05,2.2440225504092984e-05,9.524901000391349e-05,0.035158269828849904,0.013650411672015575,4.038256687310657e-05,0.04145206274531734,0.008765028367242652,0.09121302479865609,2.329273176983174e-05,0.00015870317266871632,1.7801546607329096e-05,0.005581728434485698,2.7293204556851846e-05,3.492927003689389e-05
Z_T_1888_GHR_0687,0.00543259945026256,0.04496646666076242,0.008880773931802604,0.00010796605170975199,0.03965846447045506,0.014126829723817687,0.26331444341925936,0.016505472721851055,4.372939559231046e-05,0.2030152833926373,0.04696831750307566,0.10299788686075396,0.0010068960733334144,0.008907262987728135,0.03046987597167146,2.050558199597995e-05,1.7624596232225775e-05,0.023274601014110385,0.055646454996484025,0.054703999048242184,3.1716545621591195e-05,0.04077312282637241,0.0044674250956389825,0.0034894951928171156,1.829415629151964e-05,0.02815772808928093,1.398136891298612e-05,3.3939189846022544e-05,2.1436135305784724e-05,0.0029274075481350915
Z_T_1888_GHR_0688,0.058375491385679025,2.2330376534383434e-05,0.048864337335286376,0.00014291894990836455,3.3736868147130346e-05,0.0359748939942907,0.20076556966423284,0.025687760445901445,5.788633741078048e-05,0.24698613112723383,0.0013926562344597404,0.07940003287281787,0.0032522737067623595,0.05785662710995699,0.03713517577669967,2.714405315111298e-05,2.3330377893601426e-05,0.01161545966814765,0.009041440654923369,0.014191892262992806,0.005800200624833153,0.10835615451286205,0.019989347533903527,0.033410264222021736,2.421670113187372e-05,0.0014446021585349767,1.850769322098811e-05,4.4926653301854945e-05,2.8375863518955104e-05,3.631483424084788e-05
Z_T_1888_GRI_0518,0.09920966614789119,7.539888209465754e-06,0.02557238876679387,0.057512269976644104,1.139130878403132e-05,0.01733170486855946,0.2777701045784113,0.03070858710106137,0.00023557554129124248,7.64357019430151e-06,0.011055708766715761,0.0004538759323440296,0.021188937136885026,0.09060929591372138,9.00569070719414e-06,0.005409918350463013,7.877540306205272e-06,0.02314866007531684,2.8435499964643038e-05,0.001767493920825209,0.005846989484379302,7.754196941886449e-05,0.05341194285953776,0.26187597503755516,8.17680879922575e-06,0.015825911135541534,6.2491529279172785e-06,1.5169558068124391e-05,9.581156791088854e-06,0.000876382261891374
Z_T_1888_HAS_0710,5.363487576313269e-05,0.00045482996862338584,0.013047471557894659,0.030894920207239083,0.008728848785610113,0.001392089293497141,0.2737589964441169,0.14867052568800485,0.0002437369939346969,7.908379672508705e-06,0.059941362520294604,0.039361111423055685,1.8608003195241992e-05,0.02468247180056766,0.21011288328676667,9.482761123408574e-06,8.150455617377212e-06,3.459514381860457e-05,0.003605651544145351,0.028650460060897425,0.010743359957800501,0.0003037428220319548,0.14265652827695946,4.910832768384295e-05,8.46009218859493e-06,0.0022927864791422795,6.465653186829334e-06,1.5695103415984033e-05,9.913093447124421e-06,0.00023620100030491236
Z_T_1889_GHR_0689,0.001460524008155603,4.111033943717405e-05,0.05226738934653377,0.00026311453072412643,0.0024178666275956485,0.002624531406755307,0.1787941517107523,0.07909401854391214,0.00010656904849176022,0.3239582463402091,0.0049196442546249625,0.07668104593075901,9.806062905333547e-05,0.0005052921756823675,0.06836605190640595,0.01418451360949335,4.295134714484915e-05,0.00018230981204422867,0.06140471998632464,0.06381945757349795,7.729359261788721e-05,0.022802478660289886,0.015598680961898747,0.00025879152394311174,4.458307284012908e-05,0.021505575115316637,0.0035677080761457964,0.004794223958036871,5.2240112444632274e-05,6.685579886873987e-05
Z_T_1889_GHR_0690,0.003514431693972437,2.340871611640678e-05,0.03110306898104605,0.00014982054247533722,3.536603012030788e-05,0.010884211239672295,0.17088940890134,0.0584510344452832,6.068168341814807e-05,0.271656416229776,0.008837585840421934,0.10603801235686544,5.5836888216741834e-05,0.07205240421535226,2.795952026612441e-05,2.8454846405508902e-05,2.445700779648262e-05,0.0007745073639930068,0.06313389326600631,0.04438793388630054,0.010775179717589142,0.027068660264992953,0.019613242249656947,0.06654645989969643,2.5386131810139267e-05,0.03303716785686003,0.0006900994236288341,4.7096172856020754e-05,2.9746141210397826e-05,3.806848685464177e-05
Z_T_1889_GHR_0691,0.02877156619197099,4.515231911674466e-05,0.00953988587567196,0.002876359552825094,6.821639725748706e-05,0.0002952005133353648,0.16661842240971703,0.08040212498878917,0.00011704694612948596,0.2924192081450852,0.03127710031038772,0.055759216248387485,0.022100393984643307,0.021253976881772572,0.06473831847774594,5.4885637423702865e-05,4.7174335199593294e-05,0.0131371122138102,0.02216297686280898,0.024815132101903312,0.007847019710601697,0.05221186759110975,0.01583865972293359,0.05203174658366716,4.8966492606049774e-05,0.03526319895707858,3.742280248352026e-05,9.084229205043787e-05,5.7376374413044806e-05,7.342907907485149e-05
Z_T_1889_GRI_0519,0.07543220100727213,0.0005663204065305234,0.0398161625078495,0.09315634754055888,9.839586415659088e-06,0.02654013972181519,0.2543006978183101,0.014956110904909791,0.021476174305323097,6.6023642126545505e-06,3.297256930879197e-05,1.8843953968125342e-05,0.009718866763694035,0.10681669889810987,7.778936874255756e-06,7.91674720625595e-06,6.804462951123105e-06,0.0241006088222115,0.00021116455402460507,3.390589621777832e-05,0.005796923591029081,0.0045454400200799685,0.01870560360359665,0.28834191280977123,7.062965135058897e-06,0.015349530704450023,5.397894256462287e-06,1.3103163150832035e-05,8.276013054799698e-06,1.05914677119652e-05
Z_T_1889_LYO_1000,7.154523552400638e-05,1.0406138418722517e-05,0.011739525008950341,0.11455730708116003,1.5721656964120804e-05,0.3220731438239676,0.12695152283403238,0.029859879591106895,0.0009214341456201607,1.0549234583513693e-05,0.00661204680282563,3.0108804132567327e-05,0.0149324657651881,0.011755865406915396,1.242915829144707e-05,0.0023978723861516425,1.0872147245170657e-05,0.0009406061806910757,3.924511085803236e-05,0.10560029402143696,1.9565098091473536e-05,0.007262688260246037,0.10382966248586463,0.09577258141070878,0.007465107165482364,7.689068281489929e-05,0.008953211117891047,2.0936188524595702e-05,0.007765198248604793,0.020291318807707587
Z_T_1889_LYO_1002,6.25065318372375e-05,9.091473633549306e-06,0.010516891735166263,0.06986832375069453,0.014340442565030595,0.11389163911874332,0.16040529861531094,0.0005599293121823167,2.3567543050719122e-05,9.21649167164501e-06,0.04901731742858624,0.0010682473284504502,0.016692763288433124,0.029286129797639022,1.0858914262623645e-05,1.1051288953906505e-05,0.19198737390428058,4.0317469328377066e-05,3.428705983475876e-05,0.14696119982166073,0.021116425623093554,9.349883590847623e-05,0.11623987653003875,0.05658260294974004,9.859462042342701e-06,6.717665932826182e-05,7.535126184609971e-06,1.829120450828542e-05,1.155280183540788e-05,0.001056727368569339
Z_T_1889_LYO_1027,0.01015917718405139,2.0567089209004843e-05,0.0285059719567785,0.01132796746659634,3.1072882973830353e-05,0.12741910337376292,0.2568046432304387,0.10615866446415768,0.0012318768874076623,2.0849909931572927e-05,0.003050529256333117,0.003595192583762179,4.905874612670725e-05,0.1758584508229834,2.4565462911112816e-05,2.5000660503565678e-05,2.148812684276324e-05,9.120776474543031e-05,7.756553522123194e-05,0.05196377743487693,3.8669206735351676e-05,0.0019793589407319113,0.03373221536886134,0.13153907410299384,0.0560039740331523,0.00015196968069827656,1.7046258801003545e-05,4.1379082206631305e-05,2.6135202667911926e-05,3.3447283537369365e-05
Z_T_1889_MAT_0431,0.16251574370351968,1.828303506684343e-05,0.31764235094840043,0.055120094055308426,2.7622120138893043e-05,0.00011953231733470648,0.12456541095432297,0.029413320598815393,4.739454057762274e-05,1.853444746340552e-05,9.256204806393002e-05,5.2899577117486304e-05,0.0058058378989694764,0.03689343828062468,2.183737403348623e-05,0.029881038508687844,1.910178793871382e-05,0.002700273026625698,6.895158503067923e-05,9.518212444923974e-05,0.0016058913834015626,0.20448517724889437,0.0006511480509038929,0.026307034907117544,1.982746664909917e-05,0.00013509286477383968,1.5153206379869446e-05,3.678377641724843e-05,0.001594749328560247,2.973283441278795e-05
Z_T_1889_SCH_0504,0.17099789047834407,3.1874457362153914e-05,0.2779713378607244,0.10066208788472934,4.81561232804356e-05,0.033998838157548714,0.12675379400029402,0.00013658618673383703,0.0009958824770143486,3.231276717697608e-05,0.00016137173306186522,9.22245846569064e-05,7.603024889743869e-05,0.10267636833842086,3.8071055762184124e-05,3.874551615683625e-05,3.330186279069251e-05,0.0001413519423644417,0.00012020949197319267,0.006558726767030976,5.992875164729839e-05,0.031378485136080714,0.0029617155226553133,0.10065873608814473,3.456700367284005e-05,0.00023551952629429662,2.6417945865618114e-05,6.412846164458043e-05,0.04296350370859531,5.1835921075549085e-05
Z_T_1890_BAC_0474,0.09027621047734187,3.308298587224143e-05,0.24490813970695455,0.0845732033313184,0.0626101698710044,0.04192308457275091,0.2083381101564013,0.0001417648882526266,8.575999064807207e-05,3.353791432001616e-05,0.007750543263393558,9.572130425976896e-05,0.016192900747234916,0.007989680076181666,3.9514529945131657e-05,4.021456268464288e-05,0.009513380859563936,0.04469714817346806,0.00012476726676390122,0.0030158760939085153,6.220096617057083e-05,0.06953559248403927,0.009709181196175374,0.06845573665920397,3.5877620790875406e-05,0.0002444493116385617,2.7419589294204176e-05,6.655990928696602e-05,0.0009899211539292428,0.028490250337202462
Z_T_1890_GHR_0693,0.0003619417098097021,0.0030693076878421433,0.006597714684309681,0.010895254730490514,7.953462394747663e-05,0.0033608430062620973,0.16258819941964073,0.024358896490464643,0.007678126600743382,0.330378059697395,0.021383168430287255,0.06953558669690516,0.00012557151287856193,0.0006470517633700288,0.04078784015388926,6.399207094057792e-05,0.02569664409051757,0.00023345678211536395,0.003215201777328176,0.08172398969860319,0.10568221315991058,0.005066397255149259,0.004891567557505094,0.07876465560749919,5.709084226111957e-05,0.0034056477599437576,4.363186333855829e-05,0.0016142464549997687,0.007608555695902358,8.561217574982464e-05
Z_T_1890_STI_0510,0.01414390505924101,4.820827546827634e-05,0.3209658853478498,0.26550775768297286,0.018029030198069167,0.004458917727034503,0.10054556110997238,0.00020657871725980953,0.00012496880630076431,4.8871193743349e-05,0.00024406542429413955,0.00013948435675540166,0.029121155491132457,0.019929976524101348,0.012488793471895791,5.860035497473622e-05,5.0367143722002494e-05,0.00021378664734766317,0.00018180991246696546,0.011300941268157472,9.063877496196071e-05,0.10685172030163533,0.00033568590547456437,0.09284694940500623,5.2280596222849243e-05,0.0003562096782621481,3.995561703610032e-05,9.699059372817564e-05,6.125966765789566e-05,0.0014596447472548305
Z_T_1891_SCH_0455,0.3168925851620457,1.3633687404753568e-05,0.3782735216446417,0.018056120370043314,2.0597857524934155e-05,0.0008703903026230929,0.14601394990287112,0.009433480554143309,3.5342181895118855e-05,0.009779507034889508,0.01217847413918757,3.94472961205112e-05,3.252047979973022e-05,0.024777101697532708,1.6284163445770602e-05,0.007438493911279232,1.4244232682165891e-05,0.00045108801528672646,0.0012232996074058788,7.09774567798459e-05,2.563337336956517e-05,0.005999623543364215,0.023532580754851835,8.582470465446295e-05,0.0062648243284930474,0.031741561172451464,1.1299769333020593e-05,2.7429718720421134e-05,1.732472591591552e-05,0.006662838211243382
Z_U_1891_MLL_0468,0.017889757578990483,4.384764052686799e-05,0.2856516802857058,0.0002806338142310439,6.624528094006719e-05,0.0002866706792758243,0.20828731834742903,0.0001878928305757437,0.00011366486858368486,4.445059514289041e-05,0.009016134845543302,0.00012686742835588388,0.00010458992242426414,0.014358309171099278,5.2371902322035047e-05,5.32997140992931e-05,4.5811230350705265e-05,0.0077322883168679975,0.05293024126504488,0.0002282723608074573,8.244012845767609e-05,0.0054761657268303145,0.0003053217475674028,0.004044942734713648,0.39201520783145877,0.000323989061481946,3.634146867545622e-05,8.821739933591113e-05,5.571848111485349e-05,7.130734204744393e-05
Z_X_1881_MLL_0359,0.06010724236258637,1.4345355985110556e-05,0.3010188995937299,0.19491429928127005,0.007008977404035283,0.021466719201041682,0.28064030410656005,0.0037606328404797638,3.718701812095517e-05,1.454262084373863e-05,7.262664679761185e-05,4.150641632736132e-05,0.00661050447539765,0.04045607502024273,1.713418495042327e-05,1.743773127747795e-05,1.4987771282563694e-05,0.004173795610280456,5.4101249020548325e-05,7.468242847270213e-05,2.69714168418923e-05,0.0256306409821711,0.02517198228163605,0.028039522105134024,1.5557158115397193e-05,0.0005170153608414298,1.188960908516192e-05,2.8861530115374155e-05,1.8229064025747396e-05,2.3329173331363575e-05
Z_X_1881_MLL_0360,0.2395150787769197,2.6602474611406064e-05,0.23580635835364905,0.08020172237944623,4.019117980256528e-05,0.00017392382749983234,0.2849069572952011,0.00011399505640431496,6.896076378051507e-05,2.6968288704749072e-05,0.0008968855059366522,0.0008391751819931252,6.345497095095708e-05,0.0003269742468430547,3.177416584181463e-05,3.233707159802166e-05,2.7793789532988633e-05,0.006215607697865872,0.00010032703998480817,0.00013849341971194706,5.0016634826964885e-05,0.05820111982796971,0.028386801972470833,0.06343042834609781,2.884967819690493e-05,0.0001965649845438192,2.204846112957059e-05,5.3521719707582096e-05,3.380454367517764e-05,4.3262345102961765e-05
Z_X_1881_MLL_0361,0.1300144502161877,1.5743019130952246e-05,0.2369769782763927,0.24457703319139973,0.0004748478860705172,0.006868874554980805,0.2502468989285747,0.02622912864915792,4.081013662602067e-05,1.5959503437543848e-05,0.005041398247596352,4.555037232796018e-05,3.755187576446806e-05,0.004704131734389768,1.8803562752138193e-05,1.9136683494412704e-05,1.6448024731950804e-05,0.0018740676701124238,5.937231527909969e-05,8.195871203280295e-05,2.9599232795025386e-05,0.035795900635842016,0.005071318068913329,0.051520312110314596,1.707288672990428e-05,0.00011632475389420617,1.3048009647270194e-05,3.167349916073818e-05,2.0005115522721057e-05,2.5602126740260688e-05
