,0 Literaturvermittlung (Unterstufe),1 Bildung (Weltmodell Religion),2 Literaturvermittlung (Methode Sprache),3 Mittelalterlive Literatur (Nibelungen),4 Literaturvermittlung (Patriotisch),5 Literaturvermittlung (Oberstufe),6 Lyrik (Poetologie),7 Lesebuch (Sprache),8 _Rauschen_ (Nathan),9 Literaturvermittlung (Praxis Methode [Rhetorik]),10 Schiller (Drama),11 _Rauschen_ (Wackernagel),12 Deklamation,13 Handlung (Drama) ,14 Handlung (Religion Welt),15 Allgemeiner Diskurs der Literaturvermittlung,16 Literaturgeschichte (Lyrik Form),19 Lyrik (Patriotisch),18 Handlung (Maria Stuart),19 Handlung (Hermann und Dorothea),20 Mittelalterlive Literatur,21 Drama (Historisch),22 Drama (Handlung Poetologie),23 Prosa (Unterstufe Jugendliteratur),24 Allgemeiner Diskurs der Literaturvermittlung (Verordnungen Verfächerung),25 Literaturvermittlung (idealistische Poetologie),26 Lesebuch (Form),27 Kanon (Poetologie),28 _Rauschen_,29 Handlung (Ballade)
A_L_1825_ARN_0912,2.5287570918297556e-05,0.01476287776074983,0.20670745972012794,3.887201172099705e-05,0.00022212974752766499,0.2846899845178589,0.01592571236580902,4.0372463603693764e-05,2.8747414742229923e-05,0.002109327188073238,0.013155893667250042,3.3332571688518924e-05,7.742321410917908e-05,2.5346252944449634e-05,9.14614116339721e-05,5.2289011067540934e-05,0.006966173314501873,9.521583501945606e-05,2.988430616976834e-05,0.0001607783214762786,1.764219025345103e-05,2.9589463992210228e-05,0.0022271693545592814,5.5806182557475065e-05,0.049703256306971116,0.3340586299913741,0.06705079701709059,0.00010550790498371459,0.0014201277163290544,9.290520489607742e-05
A_M_1787_BTT_0916,1.0517730198389422e-05,0.08917053332294199,0.06049306966956986,0.0003024791648125608,0.12463781677240403,0.008179789906596707,0.002615541607181646,0.00030310324009954104,0.0017298247306244121,0.13143528704209398,3.194842692885744e-05,0.012325250930621413,0.0020363815347529666,0.01718922179009243,0.001469597715453751,0.22706663104285252,3.429160675032493e-05,3.960263587928751e-05,0.00029874095435352495,0.013809815428028716,7.3378260724990845e-06,1.2306994609744742e-05,0.0029305144656436395,0.1302948652124975,0.08709704949216808,0.014684183384483681,0.048788822405900975,0.002334373984309518,0.008607383637977221,0.012063717344100264
A_M_1804_LEN_0927,1.5094411574831145e-05,0.04250564622454205,0.007512932291304984,0.0004340998409705477,0.034237020684250156,0.0026994125679158476,5.5596820857288894e-05,2.4098739412060184e-05,1.7159627994067538e-05,0.11261209478484807,4.585045405580365e-05,0.02056473339259846,4.6214714057988324e-05,0.001247819649712157,0.02388660498991231,0.18657833033103638,4.921324431110851e-05,5.683531276564579e-05,1.7838250198572954e-05,0.03296770917581202,0.014391916591132174,1.7662255865544258e-05,9.67301201429679e-05,0.2736905379566168,0.1997796347074507,0.0005290168807568401,0.04248869186727709,0.002528359175811376,2.5895389485983682e-05,0.0008772495473302239
A_M_1833_BIS_0915,2.3239866718447425e-05,0.011669536995467059,0.3342087283469546,3.572428424986563e-05,0.07422191289018491,0.08703070462780631,0.02412555838869561,0.043055978384060896,2.641954378567619e-05,0.04305950441902389,7.059291022737956e-05,3.0633409825210114e-05,0.010825872524644883,2.3293796867410686e-05,8.405516777875112e-05,0.014598556708011102,0.022850468984471677,0.0007201360872305155,2.7464373490146556e-05,0.01659615246212569,1.621358379720945e-05,2.719340666096529e-05,0.00014892896544111412,0.0051123313169550415,0.1810613809434063,0.06344491346039384,0.037581284686569266,0.02666744593239831,0.0025703914853398096,8.538204741810948e-05
A_M_1834_NIE_0929,1.175641643025808e-05,0.09071140251634721,0.1271431002013886,1.8071943673452715e-05,0.10955372518954441,0.01394359254488758,0.006763944056972574,0.0019389529398243992,1.3364928568858692e-05,0.2701263547073205,3.57110331014989e-05,1.5496608777797205e-05,3.5994740237304736e-05,1.1783698225676237e-05,4.252122301277237e-05,0.08579250250816493,3.833017213934643e-05,4.426668780723038e-05,1.3893479496162706e-05,0.009995694954505264,0.007048874561057831,1.375640474779021e-05,0.006475950521756542,0.015067381601618439,0.17832231220131792,0.034335269961393494,0.04237358132581721,4.9051562590977326e-05,2.0168853943838253e-05,4.3192455330156747e-05
A_T_1793_GED_0920,9.559756861125496e-06,0.032905510581197374,0.3493074438331027,1.4695242257794924e-05,0.0029465437915624777,0.0022300884964520274,3.5211183093315e-05,1.5262475671662273e-05,0.0062564738587183545,0.22017432922888408,0.000809739275165116,0.06767333424865077,2.9269205202902986e-05,9.581941115356344e-06,0.00029480981859474233,0.2217387852749453,3.1168266986030415e-05,3.59955582549215e-05,1.1297514572255772e-05,0.0018824160367064656,6.669483987434894e-06,1.1186051927663805e-05,0.01125130649940841,0.004965535256792455,0.059126110913522406,0.015688824475283015,0.0008860414135442401,3.988639010958617e-05,0.001577801883766417,3.512204366362839e-05
A_T_1820_BER_0914,1.8161499423078645e-05,0.09613185908551937,0.2394244712626076,2.7917826537224508e-05,0.0006539216103900534,0.05120358340257466,6.689373911125478e-05,2.8995449061349032e-05,2.06463546041203e-05,0.03661648698679889,0.015381205031460317,2.393940815615198e-05,5.560524824309283e-05,1.8203644775336853e-05,6.568746282476752e-05,0.10039838376451242,5.9213060657120986e-05,0.0010571605335875655,2.1462868498319674e-05,0.006048130667867006,1.2670597312217664e-05,2.125111324294454e-05,0.02285824798716188,4.007992525642075e-05,0.05349479151228436,0.37093336475278427,0.005144008009153414,7.577563545676347e-05,3.115716693417051e-05,6.672439320378613e-05
A_T_1867_WEL_0932,1.4504390700893178e-05,0.15613606902975255,0.056968511739504075,2.2296125126161312e-05,0.1679324192282481,0.06142435856225163,0.032429919761755445,2.3156751099483905e-05,0.003964842069302028,0.07346472672035155,0.006756258640529423,1.9118824991054454e-05,4.440824112314704e-05,1.4538049411616316e-05,5.246024035604203e-05,0.08334024410251711,4.728956273704969e-05,5.461369447053851e-05,1.7140976249236916e-05,0.03562739758405962,1.0119169653831295e-05,1.6971861305289864e-05,0.03049526861958653,0.014246080670200572,0.04035374673576715,0.22793348197529692,0.00766169749733949,0.0008501876356503942,2.4883172463826923e-05,5.3288368199264e-05
M_X_1782_MIE_0944,3.3390555052661197e-06,0.16028848412964347,0.022022433052534318,5.132790537973215e-06,0.06320137743385625,5.177057260484689e-05,1.2298649062171302e-05,0.010367364471123294,0.009275089086455987,0.0167305232679066,1.0142641882725732e-05,4.40134433476538e-06,0.010826731932194715,0.0010940871783813111,0.014827966955235078,0.5769176673921375,0.0018287871531728504,0.011192661454182521,3.946023813818379e-06,0.0213815620378539,2.329533852067743e-06,3.907091865813531e-06,0.0026573537072329023,0.005097490581892553,0.004381503578261968,0.0418378438675604,0.017306849567865632,1.393161692450469e-05,5.728354655994696e-06,0.008647295477468927
M_X_1785_BAS_0936,2.9704251392406385e-05,0.12892848915758232,0.1781223977487661,4.566132555869861e-05,0.05605450372368325,0.0020777563613846757,0.0009180114003931241,4.742384359848325e-05,3.3768385154269134e-05,0.09627563629120656,9.022898355312708e-05,3.9154377151928996e-05,9.094580981849365e-05,2.9773182712961807e-05,0.00010743589301865508,0.3518035388710645,9.684660932994559e-05,0.001729051193422464,3.5103843940665946e-05,0.05840824447530451,2.0723542648455052e-05,3.4757505172439944e-05,0.01878821400786786,0.012194591710108454,0.08830263036007024,0.00023244830942074468,0.0011359189518737735,0.00012393572097724358,0.0032853697390969948,0.0009177344247266034
M_X_1787_TRA_0955,2.0411880609243327e-05,0.09470795882221127,0.19796851683441352,3.13771087327322e-05,0.01351484585910385,0.006984249589830204,7.518250472808941e-05,0.0005882359627492676,2.3204632799199024e-05,0.0578230464264185,6.200268155051483e-05,2.6905726766060538e-05,0.0011737906710831603,2.0459248168412803e-05,0.010631133133355909,0.28897901320312064,0.0017334932293968089,7.68572933638417e-05,2.4122320471121473e-05,0.008464494251351033,1.4240603903889814e-05,2.3884326741066095e-05,0.037359202429891006,0.1133971778000542,0.03956433601880079,0.11962398792103449,0.006892694558251256,8.51649518578576e-05,3.501783397764989e-05,7.49921752644042e-05
M_X_1788_TRA_0954,0.0025456272600094987,0.09315858419480944,0.1904055761441891,6.523203945085899e-06,0.013552816666408013,0.004455457362730745,1.5630210406610887e-05,6.774998313508871e-06,4.824171452804987e-06,0.024497116253630304,1.2890165895823907e-05,0.00012111105804729286,0.029816492245828007,4.253414471756547e-06,0.022310214390130992,0.4804458101800457,1.383556382385714e-05,1.5978393788610246e-05,5.014955883991166e-06,0.008228718871533473,2.960577545800244e-06,4.965477722952593e-06,0.00037374654093829535,9.364967083050878e-06,0.009380477603932501,0.11994031104121784,4.676061194642754e-05,0.00036425785210478635,7.280099473061875e-06,0.0002466255226907984
M_X_1793_MOR_0945,1.27566319166582e-05,0.15155947801707395,0.04663130363363292,1.9609473246241187e-05,0.00011205613366763852,0.022769569914907774,0.18860819711977989,2.036639499400657e-05,1.4501993473670884e-05,2.230187641018757e-05,3.874926575983988e-05,0.0014058478950396455,0.01115132000387036,1.2786234799836045e-05,0.04518970686030985,0.268109720156291,4.159123659700576e-05,4.803282070487726e-05,1.507551259566048e-05,0.007026270946812412,8.899823869760642e-06,1.4926775765825499e-05,0.0007762652643080929,2.8152127852043928e-05,7.083874540377436e-05,0.25394558150823504,0.00048782579182972684,5.3224784322843405e-05,2.188478499963587e-05,0.001783158271529905
M_X_1794_RAM_0947,5.308030115547305e-06,0.25870875335017746,0.05104746030004634,8.159495015698062e-06,0.06232355042424294,0.001671732902257745,1.9550917766894085e-05,8.474449892384969e-06,6.0342744539956e-06,0.014603176124372947,1.6123556041464728e-05,6.996729536535868e-06,1.6251650008685654e-05,5.320347864969065e-06,0.0036315489360647414,0.32382208131888457,1.7306099120996923e-05,0.0020429027618030096,6.27291556171524e-06,0.014916632811352738,3.703213625068806e-06,6.211026218414196e-06,0.03615752140712137,1.171409063392756e-05,0.04164375459664153,0.18614983917967104,0.0022259004645342703,2.2146814294315158e-05,9.106251447033707e-06,0.0008864655612316366
M_X_1796_NIE_0946,0.006015838535441546,0.06962977757663259,0.00024299747080295812,4.827678671819002e-05,0.17467934353581951,0.2013928909383882,0.00011567572323548615,5.014026103595291e-05,3.5702623784205534e-05,5.4905244896184905e-05,9.539726106272811e-05,4.1397123095283224e-05,0.0009510741235807117,3.147857785923474e-05,0.0001135897749282887,0.03853629387647569,0.00010239394160800857,0.00011825255128089227,3.711457707756606e-05,0.01644313791972843,2.1910578290125606e-05,3.674840017312221e-05,0.03183326052892423,0.0034889839529130555,0.1942410064409843,0.13275820424542428,0.12858391143857972,0.00013103470596121747,5.3878402776748926e-05,0.00011538288252148711
M_X_1810_GLE_0959,0.0006153161771507969,0.007471413389380884,0.28951094554148,0.0009458629983719747,0.00540502792940447,0.07654020811618473,0.002266376738308024,0.0009823731210501325,0.0006995036968678622,0.0010757310727204105,0.0018690709452555095,0.0008110731810600161,0.0018839198229955963,0.0006167440723059317,0.0022255077937402756,0.11852234264001522,0.002006153416751408,0.0023168632447017577,0.0007271673933647951,0.00391217893008151,0.00042928302992778587,0.0007199930719503724,0.003943155216527487,0.0013579179678265762,0.0704169111633631,0.3733151313103921,0.023530278470468048,0.0025672976247312672,0.0010556126673341136,0.002260639256287827
M_X_1829_ARN_0935,1.2025820544901308e-05,0.06823778207481505,0.2056777844857169,1.848607122789168e-05,0.025640046498623666,0.15797601374088452,0.007573671649986566,1.9199629882294252e-05,1.3671192537111503e-05,0.0052588519058394834,0.002982807436796692,0.001980037099692912,0.013458752996888316,1.2053727516195475e-05,4.3495617932113596e-05,0.04290958078891566,0.00036657275678838355,4.528108091822988e-05,1.4211855471119168e-05,0.025938234290568886,8.389964172220796e-06,1.4071639586887433e-05,7.706554577229939e-05,0.00035390355765289085,0.11300743974307165,0.32352996610621654,0.0007872430965161406,5.017560348133554e-05,2.063103323736206e-05,0.00397255298874581
M_X_1829_KLU_0940,8.222414146299992e-06,0.06859143460334896,0.22366853223850927,1.2639481273331543e-05,0.14354644996033727,0.09480704237682427,3.0285386352425105e-05,1.3127362724103901e-05,9.347404320081596e-06,0.004043292236860555,0.0009202911896670739,1.0838297196268951e-05,2.5174649356403497e-05,8.241494979469987e-06,2.973925836093586e-05,0.12401812468896888,2.6808045759379194e-05,3.0960032948409804e-05,9.71707178188731e-06,0.014377317523674068,5.736470109382006e-06,9.62120197693402e-06,0.008110526705374677,1.8145734376549402e-05,0.2357373242272096,0.08153800563330836,0.0003144329724237676,3.430656480559167e-05,1.4106056124011725e-05,3.0208716901695793e-05
M_X_1832_REI_0949,2.3517056484253173e-06,0.1498937839742028,0.1293977889494235,3.6150379894249765e-06,0.0709521713222745,0.021098256350380498,0.07919844745412552,3.7545777332433526e-06,2.6734658637381996e-06,0.01325575697696827,0.010954155064023755,3.0998784885151456e-06,7.200241198653539e-06,2.3571629876378803e-06,0.007498566323160808,0.13514604077310785,0.0026323894848869415,0.020302437788119583,0.003715800664732694,0.042394610983208396,1.6406968705568364e-06,0.0007709631137212698,0.022677305016615093,0.0035261585251860003,0.12145446834049241,0.13234280615621333,0.016670492861284233,0.0005859705786684402,4.034495377342502e-06,0.015500902037046627
M_X_1833_TIT_0953,1.4892475676138209e-05,0.025721010340703118,0.013088018411874158,2.289268870101824e-05,0.0293195948274392,0.05009506214735139,5.485303605132753e-05,2.3776341909089244e-05,1.6930063238724813e-05,0.01543122380956854,0.00045063674031981806,1.9630375519192846e-05,4.559644485485502e-05,1.4927034972083238e-05,5.386388643120389e-05,0.12408309708362124,4.855486020197706e-05,5.607495918021938e-05,1.7599606706768038e-05,9.4686328298274e-05,1.0389921992594862e-05,1.7425966859280487e-05,0.0013116350932471262,3.286564055521699e-05,0.27007888771173877,0.46956937204593907,0.00016410281539106224,6.213621362395588e-05,2.5548956057828388e-05,5.471417197688742e-05
M_X_1841_GNT_0939,6.961568294711422e-07,0.10067418573148823,0.223073221481074,1.0701311139091495e-06,0.129021986444869,0.030407599942989905,0.010918125513981521,1.111437961008344e-06,0.0010430759116513443,0.25801400903543403,0.01014070028671833,0.0025592523307573414,0.002257256090401512,6.977723224500828e-07,0.00261770447692178,0.02450460071669731,0.0011393073668601332,2.6212542927414723e-06,8.227031335397012e-07,0.01531653309825929,4.856825225107862e-07,3.871584103366516e-05,0.020490089422888907,0.0016123396506616478,0.07868687076398055,0.07270005440586579,0.01126434374709838,0.0029402518370341265,1.1942997680374574e-06,0.0005710764653895301
M_X_1842_HIE_0933,1.6891574469405645e-06,0.06513083946945575,0.15078762397838882,2.596570002244549e-06,0.08586299058627098,0.19526521304111094,0.02230742896269651,2.6967970853290393e-06,9.388400945450659e-05,2.953082041179177e-06,0.07031141139666369,2.226546862696156e-06,5.171710604436268e-06,0.0003695480436629301,0.00019003691635947778,0.04828445713492532,5.507264572991098e-06,0.021204002658420627,1.996209856471042e-06,0.019461071006648418,1.178461827877508e-06,0.0003698314813866807,0.031094569354024763,0.00023363709158337405,0.13938043043247136,0.09478185408337832,0.038275529627059164,0.01564088378094493,2.8978532733671706e-06,0.0009258432915198411
M_X_1843_WAC_0956,2.715962048545645e-06,0.0934107599180627,0.21442763888307514,4.174972318454584e-06,0.09635897179040763,0.002925509217999819,0.01627533375967657,0.09767025024332716,3.087559801056386e-06,0.008581013180122445,8.249946843359575e-06,0.2640933947275403,0.02832477658424212,7.665558346389718e-05,0.003632555854434451,0.04192580775121777,0.0025225878579339884,0.008438624812097076,3.209665399118278e-06,0.019609597559471652,1.8948249057375536e-06,3.1779984522555026e-06,0.0014221378649522355,5.993753784814546e-06,0.014136345874366713,0.08534030343026003,0.0007692608525770737,1.1331869980045542e-05,4.659399588223191e-06,9.97830164966635e-06
M_X_1844_DIE_0937,3.851183724173683e-06,0.040303814408146656,0.4419138432422913,5.9200331795202335e-06,0.05853235777053345,0.03245405726825133,0.0043124639253614835,6.148545276954082e-06,0.0027301159851250457,0.005982388987963685,0.01437424019168343,5.076401287669385e-06,0.02045482532872414,3.860120733772138e-06,0.0037880277699100496,0.007660996668070874,1.255625266113392e-05,1.4500944962064505e-05,4.551245902624769e-06,0.0032744040625779895,2.68682651182221e-06,4.506342760322947e-06,2.4679694368021776e-05,0.01405653273461122,0.060302127612401515,0.1427120316904358,0.1462887578861748,1.606838109353291e-05,0.00011144301445895877,0.0006431654808167494
M_X_1844_DIE_0938,4.812882041465949e-06,0.20719348933037546,0.032004950653246794,0.00013841356573939488,0.43226145985277814,0.009114671193001165,1.7727152816795945e-05,7.683929218656516e-06,5.4713802523175135e-06,0.004331916136739038,0.006303349657815419,6.344054800434327e-06,0.00027676607312401033,0.007472691107112328,0.015608217654262558,0.00511954520703157,1.5691737208368793e-05,0.02713827083194243,0.019395939064464535,0.0363218138833214,3.3577673758107437e-06,5.631644111837829e-06,0.0021270859683182905,0.012850112095573376,0.03605590954141429,0.11926150531282353,0.02691115235642481,2.0080896768197865e-05,8.256794535910967e-06,1.7682275361588922e-05
M_X_1846_SEI_0957,5.154372832897658e-05,0.16478996653123992,0.04810462028924198,7.923293297807803e-05,0.27686582852221353,0.044295634114879516,0.00159296154613285,8.229130835396121e-05,5.8595937918329405e-05,9.011170553663311e-05,0.0001565681004454129,6.794187647244464e-05,0.02541382766888286,5.16633400711858e-05,0.0029926500253734446,0.00010658084122686577,0.008586723110889047,0.00019407870960465927,6.091326697575109e-05,0.09012688188093282,3.596012699242757e-05,6.031228931961003e-05,0.0017334217153249201,0.036594661482365405,0.2416214882684686,0.05512471880851963,0.0005679694309046197,0.00021505706533105719,8.84264294783224e-05,0.00018936894559715622
M_X_1848_SCH_0951,4.411745992428094e-06,0.05169466625855156,0.1377837593952392,6.781728560715081e-06,0.10476209449530509,0.09962763352222742,0.005420550517613082,0.00048742580040792976,5.015360794892812e-06,0.0066129694717732305,0.028355956633354128,5.815301123198817e-06,1.3507487756363308e-05,4.42198383593392e-06,0.00842264685749805,0.08179420881505835,1.4383888519771363e-05,1.6611642135181414e-05,5.213706306823309e-06,0.015880665721375163,3.0779097921184014e-06,5.162267250084981e-06,0.00038855869178505795,9.736115147086117e-06,0.20490754913141346,0.23938500399300988,0.007854826157296567,1.840722774383125e-05,7.568621023799738e-06,0.006501369552109692
M_X_1849_SCH_0952,2.6245090267453448e-05,0.0024619924540278094,0.17023932345006454,4.034390886302492e-05,0.06238665094456479,0.16472766958755394,9.666780150714875e-05,0.017188414335968665,2.9835941827050758e-05,4.588317381444802e-05,0.03222943368700916,3.4594716734083136e-05,8.035486087837259e-05,2.630599430123409e-05,9.492461779258627e-05,0.027202914782917264,8.556849221290241e-05,9.882120323262814e-05,3.101588189470074e-05,0.00016686622743750123,1.8310215608031275e-05,3.070987545423769e-05,0.0001681874594546564,5.791929574552919e-05,0.2351958592956311,0.2866950362994971,0.000289199277322473,0.00010950298465495766,4.502506316335882e-05,9.642308059923237e-05
R_X_1889_HER_0988,3.540063526607794e-05,0.2413469164119839,0.0754400329385024,5.441779732184598e-05,0.16702557533929763,0.0005488711270027618,0.010730741147378216,0.022220888554663667,4.024414790255651e-05,0.03379027892084046,0.00010753219446593274,0.026065706338185855,0.05985581931071233,3.548278554501126e-05,0.03963843799841142,0.18509750865514835,0.0010790871536036843,0.00013329477386219988,4.183570760172463e-05,0.05804517344433623,2.469769613202617e-05,4.142295145276457e-05,0.00600886893203549,0.02609716764793578,0.00019658296995077928,0.04556943367230695,0.00039008584201374007,0.00014770287245398828,6.073196253604823e-05,0.00013006007115007215
V_X_1835_ALT_0967,7.19310452815036e-05,0.12814933170408116,0.0005565570290533093,0.00011057228249878975,0.12790776928201245,0.08922935486898376,0.00026494159237459565,0.00011484035050206641,0.0020398636675799152,0.07061703075109822,0.00021849616797019175,0.023591907480691843,0.00022023201587532482,7.209796758076254e-05,0.0002601639739542213,0.13525701769972875,0.00023452123903224404,0.0002708435129032064,0.011833552686549096,0.00045733743109450595,5.018359375386469e-05,8.416787366235434e-05,0.006335231652339591,0.00015874189962725946,0.34502345943435764,0.05538943939825313,0.0007926208711980695,0.00030011952968755494,0.000123402122995265,0.00026427087527934937
V_X_1835_ON_0966,0.0005591241923970101,0.022009463220045686,0.0043261501091007935,0.0008594847733920983,0.14189462628933022,0.00866897227433445,0.0020594063841154167,0.0008926607138513037,0.0006356235283801362,0.12274033482325397,0.0016983834028836075,0.000737004249481836,0.00171187624946026,0.0005604216891232284,0.002022269678671769,0.12291898492270946,0.017043302436518488,0.017325637580747892,0.0006607609171518489,0.0035549104119496503,0.0003900799886808306,0.0006542417700600073,0.0035830578778959597,0.001233910004801245,0.44449516939276495,0.004375382889203166,0.05182215374041458,0.017553201759428875,0.0009592118686692577,0.0020541928611819073
V_X_1835_ON_0968,2.593015692543285e-05,0.017255614323138952,0.18090207182693985,3.985979385641117e-05,0.05457937950970587,0.08439997086333637,9.550781640196572e-05,4.139837393209708e-05,2.9477919325463953e-05,0.05369107277881384,0.012784334921740782,0.022621859670148434,7.939062624910905e-05,0.0014377203351169715,9.37855503778127e-05,0.0452289778940753,8.454169554542471e-05,9.763537794190157e-05,3.064370046033443e-05,0.0029883238919031115,1.8090498421472156e-05,3.0341366006898007e-05,0.0008720342620434695,5.722428128031932e-05,0.47236767920488365,0.0354961645513541,0.007344378996237124,0.007166839006078831,4.4484775685883096e-05,9.526603207276205e-05
V_X_1835_ON_0969,1.0575258709232286e-05,0.00012840899110143372,0.06888451275033453,1.6256270000231755e-05,9.289463012130451e-05,0.027512313505040943,0.0006147062643460867,1.6883758772939097e-05,1.2022164924536243e-05,1.848827451320256e-05,3.21231742736097e-05,0.025347147000893213,0.0003202557335353137,1.0599799524565843e-05,0.0023412679975041706,0.08868809289115387,3.447917051489624e-05,3.9819249219296593e-05,0.0014518843925348818,0.004673275167379204,7.377961557894921e-06,1.2374309806036638e-05,0.005249562259639421,0.0003112154938885909,0.7692670204894954,0.0029615294242207155,0.0018437947761239491,4.412339147468411e-05,1.8142505379092565e-05,3.885294401683077e-05
V_X_1835_ON_0970,5.602441437965754e-05,0.009830776066001051,0.05228634536212807,8.612063608103403e-05,0.01421788477332678,0.034420486711667614,0.009356858524045145,8.944487541997792e-05,6.368967114580388e-05,9.794509817412451e-05,0.006270515452333072,0.03820095378815497,0.00017153052160968958,5.6154423946824116e-05,0.00020263203775821795,0.05501887815509479,0.00018265986577775624,0.007836371080800035,6.62084451572296e-05,0.004931455794598853,3.9086133678775573e-05,6.555522463298526e-05,0.00035902349071492804,0.006223975076373064,0.7399769600190722,0.018739425452359418,0.0006173429005540174,0.00023375193324164133,9.611332140329598e-05,0.00020583075036909257
V_X_1869_ONJ_0971,0.004865286305857598,0.0728527733309022,0.08109450857093105,6.805993487889559e-05,0.18238208589271918,0.0320230405042936,0.00016307800758226407,7.068703476140806e-05,5.033305683626161e-05,0.0012826573905599383,0.04111308316835973,0.015726646813333505,0.00013555817353129673,4.437805630449143e-05,0.00016013726699865127,0.03142812285249104,0.00014435353865854347,0.00016671078351634196,5.232360872943372e-05,0.012334029821359387,3.0889225090513674e-05,5.180737768000445e-05,0.0075152477376363115,0.0025082150054177798,0.4317263488497984,0.07989315441359596,0.0004878774649332625,0.00018473088539746235,7.595701440880654e-05,0.001367917913436798
V_X_1886_ON_0980,0.00019675950170022053,0.002389132010632421,0.15149442390170315,0.0003024583769243831,0.049933657570666264,0.23336484695981152,0.0007247187287669386,0.09136857578345402,0.0002236801240469457,0.00034398625892138635,0.0005976723536405692,0.000259356670397878,0.0006024205756009857,0.00019721609938062835,0.000711650076476015,0.0004068544106228183,0.0006415071816281283,0.0007408627864229777,0.00023252613743005997,0.0012509964883570634,0.00013727172824882817,0.00023023200644674098,0.001260901767808444,0.005790364773341088,0.23676294548929233,0.21042932973150053,0.002168127642852833,0.0008209441261520547,0.0003375530014095483,0.006079027736363248
V_X_1886_ON_0981,5.871057137495011e-05,0.03906983591540102,0.13150717388777952,9.024979212147831e-05,0.01969419672711661,0.2981766348549457,0.00021624699333128454,9.373341605824805e-05,6.674334796814126e-05,0.05603985825255694,0.00017833794593925692,7.738878263761612e-05,0.0049743733610966056,5.8846814405012584e-05,0.00021234747114063743,0.00012140026127163881,0.0017896239114146236,0.00022106417797093813,6.938288758694134e-05,0.005167900291633127,4.096016471618533e-05,6.869834762990869e-05,0.0003762372977977279,0.00012956613645454543,0.41426143142767674,0.00045943501086588204,0.026218241365771087,0.0002449594469228229,0.00010072158859335895,0.00021569954982147944
Z_B_1852_KAL_0886,0.0010859261287126229,0.16805887114247733,0.05790735129862589,5.914878101695796e-05,0.10508278177080098,0.18808975001336387,0.00014172604449782088,6.143191214156017e-05,4.374290046000771e-05,6.726997647967419e-05,0.009543911289741516,5.0719808320887404e-05,0.00011780940924390681,3.856759397409504e-05,0.050416666034548634,7.956447655516246e-05,0.0001254531886098642,0.0011923310045369743,4.5472827446297516e-05,0.029573184115745586,2.6844868628119444e-05,4.502418703323837e-05,0.003388925517568444,0.1551071947045824,0.0892467388295906,0.035914335076240464,0.07060300360094894,0.00016054388983600747,6.60118881977003e-05,0.033659697720074475
Z_B_1852_KAL_0887,4.0426138145821384e-05,0.18867147968470058,0.054235890559324214,6.214299194320598e-05,0.12360790599143374,0.19430975577941545,0.00014890045559595703,6.454169901107879e-05,4.595723976254691e-05,7.067529599971874e-05,0.04854353916753367,5.3287330451361505e-05,0.00012377311997992008,4.051995054494685e-05,0.002347158175591852,8.359216437808429e-05,0.0001318038403326886,0.002353160208722272,4.777473856679988e-05,0.007960329101805821,2.8203801096008564e-05,4.730338722033447e-05,0.002460007235275184,0.08482551274048634,0.18510368530717644,0.10045924903266173,0.00044546274436740196,0.00016867089196224766,6.935352116976694e-05,0.0034499377053448166
Z_B_1852_KAL_0888,2.3417643307934737e-05,0.06849362690317375,0.244332167218575,3.599756212588611e-05,0.04674100759992284,0.1731174262957484,8.625354578657711e-05,3.7387060828756237e-05,2.66216437566842e-05,4.094006868611052e-05,0.02302004975050255,3.0867744349976134e-05,7.169803764942552e-05,2.3471986003065724e-05,0.04343265217168575,0.0013233622450878454,7.634999188874838e-05,0.006462874075787887,2.767446603115103e-05,0.00014888932575392777,1.633761185923558e-05,2.7401426403560912e-05,0.00015006821825494282,0.16260650705596605,0.09638799702170475,0.040981327311156904,0.09077877063683697,9.770596365538288e-05,4.0174404367902164e-05,0.001360975013141988
Z_E_1843_HIE_0021,2.1299507282926058e-05,0.036206876903196586,0.19556093426773238,3.2741566970921394e-05,0.04657193649546584,0.14644248063235696,0.007036177647992107,3.400538491161787e-05,2.421370449719117e-05,3.7237021662544415e-05,0.05224764221399475,2.8075743444560994e-05,0.05688664006468073,2.1348934657640752e-05,7.703717409230854e-05,0.17862567076442595,6.944410190647667e-05,0.0012398204553395506,2.5171298538903935e-05,0.032604809161881895,1.4859867758917409e-05,2.492295546441477e-05,0.06507526836345978,4.700507595829077e-05,0.025629939282218434,0.008284024373062589,0.146926754739339,8.886841673593981e-05,3.654061201501897e-05,7.825326895569456e-05
Z_E_1843_HIE_0030,2.210703436753366e-05,0.15492918326328076,0.06997901565338216,3.398289625475451e-05,0.0001941914460076684,0.05691128341467124,0.16136189794367653,3.529462925769017e-05,2.5131717385491215e-05,3.864878688054685e-05,0.049414161849468945,2.9140177609672008e-05,6.768533287307809e-05,2.2158335679672024e-05,7.995788036850667e-05,0.006063640426094283,7.207693244151367e-05,0.300377849762851,2.6125616639079084e-05,0.09040947721958413,1.5423249133407336e-05,2.5867858146840536e-05,0.015186489514448604,4.8787176898286925e-05,0.007946068850973226,0.03989132200513163,0.045378061681044905,9.223768028402168e-05,0.0006397187792421829,0.0006830128859226626
Z_E_1843_HIE_0031,2.3936441183759673e-05,0.14820214624651015,0.009307500257643837,3.679505735289121e-05,0.015848481539105445,0.038815082161791296,0.11346526169713587,0.003947770417755251,2.7211423524456825e-05,4.184706092231408e-05,0.014407744097560807,3.155159284786698e-05,7.328644640363754e-05,0.0013271770139759063,0.18904840337105858,0.013081345440371438,7.804146071378221e-05,0.20273539996830317,2.8287570176720012e-05,0.12330317281564053,1.6699557688590313e-05,2.8008481589507995e-05,0.031429833479733896,0.0013560094516979523,0.00013292125021452896,0.04514719616239322,0.00026375986599671376,9.98705557850557e-05,4.106443396543804e-05,0.0476541946809573
Z_E_1843_KEH_0025,0.010759678364164324,0.3193907894936683,0.02154841678544989,7.785985593125592e-06,0.0474750944515853,0.00449068039481951,0.11556180925793598,0.0015247627597666422,0.20834192110671476,8.855010343670103e-06,0.010632119140192903,6.676446920508842e-06,0.008977685475958315,5.0768033741511784e-06,0.028145769744019992,0.016418152671301152,0.0015331901310102324,0.016288871169730282,5.985766287796397e-06,0.06318108688299469,3.5336951462780425e-06,5.926709993946978e-06,0.07379807552484172,1.1177865877343707e-05,2.8126683681041855e-05,0.030924679516099476,0.0008830906206267879,2.113302069520458e-05,8.68940325811545e-06,0.020011159117948568
Z_E_1843_VIE_0018,8.99118352713101e-06,0.12762705643559075,0.0008038361373968199,1.3821232279743305e-05,7.897988040485823e-05,0.024125493419760953,0.1388097754095986,0.005398986978829576,1.0221356678071243e-05,1.571890332130235e-05,0.03674071312500572,1.1851643261863035e-05,0.0010065524438285624,9.01204835707383e-06,3.251978374310702e-05,0.0044241999503178316,2.9314512153923608e-05,3.385469684355879e-05,1.062558686326564e-05,0.4961776009362423,6.2728116868893504e-06,1.0520753538683809e-05,0.07421868999994227,1.984230240792998e-05,4.992886562207055e-05,0.08597971979211325,0.0023018795388248356,3.751411870822523e-05,1.5424927180549775e-05,0.001991081225970321
Z_E_1843_VIE_0019,0.008216388623244763,0.23422775947822932,4.321839814047654e-05,8.586284385739403e-06,0.03775793817521622,0.004496108639808005,0.2775153029439552,0.010196395450075862,6.349902343702329e-06,0.0025946476019154795,0.005338783640633728,7.36269946304514e-06,0.04000675312118831,5.598633213427813e-06,0.03240725863693001,0.01643315581626159,0.007924910448478331,0.08547420331203331,0.02965672279714696,0.06070422438671536,0.0030449350437798312,0.00928170219697047,0.012504051214143509,1.2326806169955548e-05,3.101774361442302e-05,0.012664018476564497,0.014354428708419777,0.000783564754969355,9.582561722490758e-06,0.09429270350426679
Z_E_1843_VIE_0020,1.8036659826648792e-05,0.0935071023127098,0.0021035161641188437,2.772592331839243e-05,0.021761995293071757,0.02826607860763753,0.2686379467221775,2.879613841662763e-05,2.0504434462149497e-05,3.153272438481493e-05,5.478776291490985e-05,2.3774852026541568e-05,0.018221851862222443,0.11490973115805324,0.030015624018469397,3.729575720595166e-05,0.0005497960069520725,0.11741451630879711,0.02064289401519115,0.050195653837278066,1.2583501405754545e-05,2.1105036075022874e-05,0.02466508347494683,3.980442147904034e-05,0.00010015922398184009,0.042366281774902974,0.02082032781438043,7.525476438057816e-05,3.094299694438339e-05,0.1453992964322682
Z_E_1843_VIE_0024,1.2291388772076125e-05,0.1410130975167587,0.0141480287209537,1.889430226252989e-05,0.02453329263131065,0.03967260190615814,0.14726639903633007,1.962361855327232e-05,1.3973095792019592e-05,2.1488511630287685e-05,0.02078213115256255,1.6201777494580595e-05,3.7632670519216364e-05,1.2319912017733004e-05,0.021123844707545032,2.5415828416856336e-05,4.007437557696019e-05,4.628103067958833e-05,1.452569827695831e-05,0.42166591999400777,8.575241168743213e-06,1.4382385981661887e-05,0.08439632167137139,2.7125400376160725e-05,0.0017412225543195507,0.06601109876736908,0.017199707916589545,5.128363981151463e-05,2.1086631830503706e-05,4.515791556320652e-05
Z_E_1843_VIE_0026,9.141085005999443e-06,0.21435930408906678,0.0045497866795715285,0.00026288825687112,0.03367323713605899,0.004869623792593717,0.23294472322714116,1.4594051872176772e-05,0.00025922836395639846,1.598096969409332e-05,0.032127687680891075,0.0007585590233403652,0.025906993367341546,9.162297695471025e-06,0.02466788498785606,1.890170853469292e-05,2.9803245223482246e-05,0.003269294875862235,1.0802737199463566e-05,0.26755746000923075,6.377392329214193e-06,0.016682748107436318,0.027928277964225867,2.0173114304509347e-05,5.0761282263593586e-05,0.04137840783382594,0.007814661712434966,0.005014871481819781,1.5682092367849663e-05,0.055772981433984924
Z_E_1843_VIE_0032,1.9419180108100073e-05,0.2835785971780486,0.013894493744147623,2.9851131182711428e-05,0.023430064666596615,0.025146443381624382,0.32940467072639495,3.100337887972301e-05,0.09358863565444882,0.0005625743559145226,5.898727624682374e-05,2.5597208018787606e-05,0.012217822396375592,1.946424401869225e-05,0.0016561101987977835,0.039158377132256776,6.331355483739938e-05,0.04923521006433498,0.00530919547030447,0.04769968382230209,1.354803397843315e-05,2.2722749149112675e-05,0.03871404271070734,4.285545312875311e-05,0.00010783648572875876,0.0006805879140576765,0.025587965618747308,0.00801039253789713,0.0016191886859058802,7.134504586011574e-05
Z_E_1843_VIE_0038,0.0007141518417158452,0.19387322852143868,0.018794659034179758,3.889878858388385e-05,0.02157653515845695,0.012791585961451872,0.4933075508556495,4.0400274048135834e-05,2.876721730836485e-05,4.4239636863783736e-05,7.686588403702608e-05,3.335553272558009e-05,0.01592095413212702,2.53637126309886e-05,9.152441453941302e-05,0.004185406139391811,0.0007713502772513691,0.0007841282756815631,2.990489187998366e-05,0.028403609986008264,1.765434302066128e-05,0.0007184566981352575,0.00291755038469094,5.584462447062591e-05,0.000829367779679582,0.020174580927395828,0.025077326803938454,0.00010558058377187457,4.3412263767348604e-05,0.15852774505515962
Z_E_1843_VIE_0040,0.004165488414194108,0.24233814540846377,0.007759281384975655,1.8043072000327477e-05,0.001700701563338036,0.019672663544417122,0.3380946425135223,1.873953097309271e-05,1.3343576806372343e-05,2.052040647693336e-05,0.011857867739097253,1.5471851450568506e-05,0.010899593120728227,0.0012898420356382704,0.06170967640634986,2.4270788923639534e-05,3.8268935992264645e-05,4.4195967503769896e-05,1.3871283322589266e-05,0.10168176231345193,8.188907517090238e-06,0.009918832440869309,0.03937609151360088,2.590334087093435e-05,0.01252643249830063,0.02054108655353808,0.0010878969355793086,4.897319798853065e-05,0.000659175213757847,0.1144310295403514
Z_E_1843_VIE_0041,8.042402073132108e-06,0.11853796834548908,0.01648186394978942,1.236276701553623e-05,0.013425283671427386,0.013260403407013288,0.1254756484104162,1.2839967351267308e-05,0.0011037852242410482,1.4060189103819095e-05,0.034615131199428044,1.060101598989868e-05,0.010095334147910131,8.061065172498428e-06,2.9088181261585856e-05,1.6629879254528668e-05,2.6221141255560575e-05,3.02822296150789e-05,0.00022843282964133863,0.4827884589794379,5.610882434195377e-06,9.410566452692735e-06,0.07930365263956322,1.7748472549772374e-05,4.466019530981637e-05,0.09573468630391867,0.001183263107754734,0.0002524839886017635,1.3797234364133754e-05,0.007254187606164257
Z_E_1843_WIN_0039,1.9007224930850844e-05,0.2848065558303925,0.06378855462732935,0.0005466283517491859,0.031729001383279595,0.01995629672099091,0.3534613648238041,3.0345678483999613e-05,2.1607792221381454e-05,3.322952203041364e-05,5.773593022158277e-05,2.505419321034744e-05,0.03213764421197407,1.9051332863323853e-05,0.0021383882366632807,3.930266762211459e-05,6.197043187545516e-05,7.156831310689716e-05,2.2462328671521188e-05,0.00374272123683574,1.3260628294573407e-05,0.011922681692267597,0.07307668206814638,4.1946324849831206e-05,0.0026926012477784624,0.05654648159464007,0.03849781928878058,7.930427515112682e-05,3.260806094970866e-05,0.02438812398088503
Z_E_1844_BIL_0048,3.0118264393344717e-05,0.1971351651946016,0.02892858197217389,4.629774565128548e-05,0.00026456327052054904,0.06277729844733497,0.1534271358753151,4.808482937943639e-05,3.423904338732376e-05,0.0008725272178345815,0.0501037236357874,3.9700104461141224e-05,9.221339765123557e-05,0.003309679110920419,0.0296243519070132,6.22777990534154e-05,9.819644154183035e-05,0.014871114244166237,3.5593115580013215e-05,0.11825316622050376,2.1012383998759332e-05,3.524194959864253e-05,0.042826390483681205,6.646685703738809e-05,0.0001672494806860135,0.14207367191605924,0.00033187846595307633,0.00012566311679972712,5.1669731094914855e-05,0.15424672777782025
Z_E_1844_DEL_0060,1.572100334520064e-05,0.2543953762711457,0.01723978638035602,2.416630004815088e-05,0.03180666788968475,0.005379191328197129,0.4147450201349624,2.50991143996519e-05,1.787195001009187e-05,2.74843607575578e-05,4.775377549610249e-05,2.072249140545861e-05,0.026153307604141196,1.5757485312267412e-05,0.04413608953411707,0.015438839961163355,5.125616024232254e-05,5.9194632244167986e-05,1.857874284492793e-05,0.009942888733241794,1.0967954687592512e-05,1.839544272192784e-05,0.001384606571603123,3.4694086889703044e-05,8.730017145107787e-05,0.12208982213809669,0.027562267993937486,0.0009215004573260017,2.6970346125531368e-05,0.028302700984045654
Z_E_1844_HEN_0066,0.013378587720867884,0.14387667031760148,0.0025388804304150255,6.276462804627495e-05,0.040371932983163404,0.0028560188211235013,0.004596309016591013,6.518733014347366e-05,4.641696464125738e-05,0.0011828620490535284,0.02902249984053534,5.382038055739771e-05,0.00012501126184536688,0.03449679801811985,0.009039516138566921,0.0011959081289724313,0.00013312231604671314,0.1502035084432603,4.825264446381473e-05,0.041384351772351224,2.8485932684089787e-05,0.21900929040142236,0.2214461292930447,9.010735837503493e-05,0.0024496952242365902,0.06700830210213844,0.0015613986154085686,0.00017035816051340474,7.00472864888473e-05,0.013487766419321817
Z_E_1844_SCH_0221,7.179047300090444e-05,0.06340816903415514,0.012281055731994391,0.00011035619502416622,0.12179501050155703,0.13204879378048118,0.0002644238264541934,0.00011461592209411394,0.04502969389724178,0.00012550822715236745,0.00021806916868895586,9.462993086947047e-05,0.0021740660180426777,7.19570690898574e-05,0.04129920781360458,0.02750814806954394,0.00023406292252522418,0.002224578606824003,8.484043335610157e-05,0.08058128381676503,5.008552174344088e-05,8.4003387383758e-05,0.004368586540940896,0.3147949990704342,0.025804096190617302,0.06309825136406448,0.06137326808683636,0.00029953301677681626,0.00012316096262018168,0.00026375442011748463
Z_E_1844_VIE_0051,1.0667385672704303e-05,0.1827818283702484,0.004438315734577302,0.006985643066567434,9.370388693773214e-05,0.01584619473014911,0.2924572031897163,0.0003074160583890252,0.00581983121265408,1.8649336160730055e-05,0.009905500354253886,1.4061113216976165e-05,0.06740203050879211,0.0020433886508630394,0.10080225224142172,2.205775514397707e-05,3.477953775601141e-05,0.17746553298946208,1.2606486423867139e-05,0.04275444993746177,7.442235086669091e-06,1.2482109304737972e-05,0.007618375844112088,0.0006043118810372102,5.923696965856552e-05,0.017506589744951215,0.008538717061797506,4.450777489133764e-05,1.8300554839281315e-05,0.056373923278453204
Z_E_1844_VIE_0053,2.373538578798769e-05,0.14437283681979762,0.042181412224101926,0.03557305450951153,0.012484764247802448,0.00941367860026238,0.11251220426801532,0.011668044043010643,0.08143803072858366,4.149556433470362e-05,7.209808810192579e-05,3.128657358545598e-05,0.1738787968787461,0.0013160293208933837,8.584738711599524e-05,0.03493952852785358,0.013645893925503035,8.937135894206828e-05,2.8049967244285475e-05,0.048609866596544746,0.1815761184249427,2.777322287633005e-05,0.004674940412785004,5.2380723978438794e-05,0.00013180477118729074,0.051875293618220894,0.011245574669157876,9.903168780275282e-05,0.0019790777936855436,0.025931979659624328
Z_E_1844_VIE_0058,0.05024692112034224,0.10707223592884507,0.033407842245944876,6.914329173013737e-05,0.005292861925297023,0.009268459147599113,0.07485636661149558,0.03802937739172431,0.08943507806021489,0.0013030743315154594,0.00013663048227339816,5.929005539813794e-05,0.13482585046577691,4.5084452386530184e-05,0.018529250080258648,9.30086760745253e-05,0.00014665131333883077,0.00016936443385878917,0.031888533729692456,0.09089436460613594,0.2694076499490549,5.263203138639388e-05,0.00028824759182127584,9.926481779775073e-05,0.00024977846052998744,0.017494114268719618,0.0053933936926690105,0.00018767137411064447,7.716607451305252e-05,0.020980693389494574
Z_E_1844_VIE_0059,1.6799408657376977e-05,0.20416415169998434,0.027111260866731022,2.5824022890346525e-05,0.0001475684800147046,0.015351690459818377,0.026128534852868507,2.682082501221082e-05,1.9097902667605732e-05,2.9369690846986832e-05,0.0018802686782637685,2.2143981136264967e-05,5.1434921036506566e-05,1.683839315855176e-05,6.0760981566161157e-05,3.473739996822385e-05,5.477215182844206e-05,6.325517497561671e-05,0.2510829282193257,0.1318120302973773,1.1720317646819285e-05,1.9657305130806386e-05,0.11992282145864107,3.707397873130011e-05,0.014269892163572502,0.0001314624660991718,0.011617860411193665,7.009255329947884e-05,0.0027726791602365724,0.19304645177732066
Z_E_1844_VIE_0069,1.9553554484708627e-05,0.20569848737843943,0.009200096239591463,3.005769124968685e-05,0.010285129558403707,0.005625994575574282,0.3636209957248263,3.121791212399648e-05,2.2228870549601696e-05,3.4184646727039757e-05,5.9395448910622105e-05,2.577433232842874e-05,0.0421101879599204,1.9598930222826974e-05,0.04105647788344254,4.043235430418036e-05,0.0037897294423820116,0.01870351431177211,0.0032168032078300295,0.09380604845829978,1.3641781943588696e-05,2.287998314327451e-05,0.045369321704774854,0.006430542476190123,0.0006408652187275434,0.05338126879792679,0.03960437200823616,8.158373832473332e-05,3.354532283068459e-05,0.0570260704865191
Z_E_1847_HEN_0536,0.0036078530594866385,0.10864428269271471,0.012218386968479775,6.708961555629546e-05,0.003947585050945509,0.05176367745569728,0.27698098332786264,0.0012577489192325362,4.96154667048479e-05,7.63010967074447e-05,0.11893953811157833,5.752903750225649e-05,0.04171606357029419,4.374536563841445e-05,0.013226620453444329,9.024615642532586e-05,0.00014229551394701054,0.14986111091386362,5.157763962633836e-05,0.027603091135304136,3.044884247747118e-05,5.106876839826477e-05,0.045426333137550026,9.631647984462513e-05,0.00024235960527601108,0.10726780261219403,0.00048092187597878786,0.0001820972074795928,7.487410771929787e-05,0.03580243581207032
Z_E_1847_HIE_0534,1.564734362414394e-05,0.18207001891998198,0.001824863392404746,2.4053070448141754e-05,0.028676000135918662,0.058597553835439416,0.17980791342532051,2.4981514159714736e-05,1.7788212170745596e-05,2.7355584603620946e-05,0.0980156921166054,2.0625397542999005e-05,0.000899804693396822,1.5683654657367706e-05,5.6594132382660126e-05,3.235518850679556e-05,0.006014295434354271,0.09376759405979068,0.06646646250106726,0.026082346157018255,1.0916565061554603e-05,0.06391058887487361,0.11595827387930695,3.4531530040976684e-05,8.689113227361015e-05,0.028660998635610443,0.027433126810798993,0.002620976951174762,0.0004527925091716884,0.018373274342293296
Z_E_1850_BEC_0866,1.4492946046945265e-05,0.14733334719614916,0.011158802970367443,0.00041680230746219386,0.04668111362732295,0.02744684716926419,0.0036040954351756224,0.00041766225436070065,0.0004109996450303443,2.5337400472958247e-05,0.0075399751812793,1.9103739329034896e-05,4.437320090928555e-05,1.452657819934517e-05,5.24188467319126e-05,2.9968153868889427e-05,4.725224902342777e-05,5.457060166871583e-05,1.7127451203921513e-05,0.6806456580619464,1.0111185147807117e-05,1.6958469699706662e-05,0.03599453925313843,0.0035826979090981706,0.005209289732303212,0.017077935748969895,0.00015970032795992544,6.046924710149854e-05,2.4863538457556174e-05,0.011888959572311076
Z_E_1850_BEC_0868,1.1477262734795832e-05,0.27695367955309586,0.0035255504277769112,1.7642829079685372e-05,0.047277976012279656,0.007051443086441286,4.227387845064902e-05,1.8323838755714335e-05,1.3047581082767306e-05,2.0065209744307018e-05,0.020342911247421137,0.000327560155220642,3.514005251727927e-05,1.1503896729580608e-05,0.0003539430755366506,0.004710205052388185,3.742003006808878e-05,4.3215584389741905e-05,0.004700036235247222,0.5387048960621308,8.00725595235399e-06,1.3429761740169585e-05,0.0306918382041907,2.532873645742968e-05,0.0025631863730646463,0.05820207533131424,0.0007513330022790664,0.00036031835354173987,1.9689948646032538e-05,0.00316648196172268
Z_E_1850_BEC_0869,6.978984655807523e-06,0.16308790616505928,5.39989784750654e-05,1.0728083540238769e-05,0.058005319803654726,0.009037283836472917,0.03175242866981753,1.1142185420563732e-05,7.933848886805794e-06,1.2201061712783847e-05,0.09596129024088866,0.00019917966068757568,2.1367628587856415e-05,6.995180001790349e-06,2.524195742067582e-05,1.4430971131500276e-05,2.2754015630687167e-05,0.0004062388776808522,0.0024779925312175648,0.44839806510333813,4.868975967342969e-06,8.166241662451736e-06,0.07128736555982114,1.540165692569543e-05,0.0013686175889333727,0.11670256576385594,7.690266249177585e-05,0.0009790204671603212,1.1972876516775466e-05,2.5640422384153205e-05
Z_E_1850_RNN_0871,1.6609516296883894e-05,0.2945451986948846,0.00012851395399620681,2.5532120671400144e-05,0.05621133269501989,0.019247427647555514,6.117736339082196e-05,2.6517655425958496e-05,1.8882029246583477e-05,2.903771011863914e-05,0.04842949505418403,2.1893676322896838e-05,5.0853525657264525e-05,1.6648060136181717e-05,0.005937901744305655,3.434474526162727e-05,0.0005062936167338492,6.254016918377603e-05,0.17906729952601996,0.00010560326886967247,1.1587836865556429e-05,1.9435108495891947e-05,0.10952446044481264,3.665491247261573e-05,0.000544374747971548,0.046248315915793786,0.00018302318874823738,6.93002611021472e-05,2.849464462720623e-05,0.23879125016582906
Z_E_1850_RNN_0873,9.08007969064467e-06,0.29597983385259397,7.025592574687596e-05,1.3957883313613634e-05,0.025786056757038378,0.01818462498714975,3.344440168654445e-05,1.4496654819618816e-05,1.0322415608949855e-05,0.001004578008992666,0.03191327552770509,1.196882089639057e-05,2.7800572711731217e-05,9.101150811931524e-06,3.284130804570109e-05,0.0007603033324791937,2.9604345817967378e-05,3.418941948126595e-05,0.13744054387127638,0.0114278235885107,6.334831207648265e-06,1.0624772617377911e-05,0.12117439054308074,2.0038483984473294e-05,0.0002975984372334559,0.06928031391810614,0.0008415827683765958,3.788502218502494e-05,1.5577434005117506e-05,0.28552155088482606
Z_E_1851_LWF_0878,1.6163711821876644e-05,0.10139741432321181,0.038845503879128954,2.4846830778047216e-05,0.04722251854845534,0.15909241321426765,0.24734234073842287,2.5805913479697816e-05,1.8375229832025935e-05,0.00046826332094150776,0.06604984730773587,2.1306043383764296e-05,0.018969703249134537,1.620122113279111e-05,5.8461759939300996e-05,0.0004734279136452655,5.269955008983295e-05,0.04010131582620322,1.910192617889396e-05,0.03926321311557196,1.127681579558775e-05,1.8913464265870296e-05,0.03750400686297121,3.567108346042728e-05,8.975857216940475e-05,0.06392721168158924,0.1348196382827896,0.0018274601882099818,2.7729839688790713e-05,0.002259409585704777
Z_E_1851_RNN_0879,1.641652924036184e-05,0.3894380277369521,0.001020795005376429,2.5235461290894054e-05,0.037682724274447424,0.0476245669558952,0.055921358003331825,0.004495080862150959,1.866263771342094e-05,2.8700319064994297e-05,0.10730277810008348,2.1639292265319243e-05,5.026265521558854e-05,1.645462523626915e-05,0.018381748563329817,3.394569141944616e-05,5.3523826367204485e-05,0.0009555877742860329,0.044261226739627055,0.03317402400410705,1.1453197030887611e-05,1.9209290698746784e-05,0.0009989769629669928,3.622901664646871e-05,0.004560033807547914,0.24725705010853055,0.003309106552312788,6.84950568344695e-05,2.816356348703611e-05,0.0031885233865434027
Z_E_1852_BEC_0652,0.0008362781695444666,0.25364658937457396,0.00022927656854670748,4.5550828009165955e-05,0.0002602950934974815,0.001266082520473056,0.40181875275902484,4.730908086562486e-05,3.368666777603786e-05,0.006504971413578372,0.017836218247843004,0.012945392435306145,0.06784897297545539,2.9701133474545783e-05,0.028339778925217687,6.12730765518981e-05,0.003323195448921778,0.00011157539660798182,3.5018894835768976e-05,0.04616721317121364,0.004053902395877481,3.467339418568188e-05,0.009869643899687319,6.539455281524756e-05,0.00016455125886111899,0.043790759030436555,0.011619565506669727,0.004963510607776611,5.0836147662817614e-05,0.08400003102470988
Z_E_1852_BEC_0653,4.791342191893369e-05,0.17926931992750633,0.02123934117649269,0.01181224969606742,0.0017251671401488293,0.005960030666209833,0.2153840946641928,7.649540119137716e-05,5.446893321914081e-05,8.376499541621618e-05,0.00014554076119227454,6.315662252080921e-05,0.01710244861676616,4.802460921672385e-05,0.07451774511405153,0.00531622852336886,0.00015621509503619608,0.027570469721486246,5.662304912136264e-05,0.12160347182843154,3.342739830246246e-05,5.606439927324231e-05,0.03552283728609606,0.0001057383162345019,0.004178933374948052,0.03689502313438695,0.0018322550293509328,0.00019991025565882308,8.219841601946881e-05,0.23886084242617425
Z_E_1852_COR_0660,7.991118760840205e-05,0.1793469381615246,0.28558583705230317,0.00012283934393654786,0.009403250412025591,0.02734288378230506,0.07643069886355398,0.00012758091805938296,9.084463114884015e-05,0.0001397053267255172,0.00024273647354979659,0.013157282328833808,0.0024199895916366407,8.00966285278257e-05,0.20694487275919884,0.00016523836895115208,0.00026053939098365355,0.0003008913145558333,9.44373188154388e-05,0.04836521839401887,0.004406400424913849,9.350558881093022e-05,0.0026874227454736807,0.04585817151617691,0.028722975146405483,0.004975988169623377,0.02045847769917211,0.00033341525829285525,0.00013709254694350235,0.04162475865592431
Z_E_1852_CUR_0664,0.00010782251654311248,0.230248640108616,0.07714740134479882,0.00016574459209202044,0.0009471288663866451,0.09266048260335624,0.08845076128803402,0.00017214230021776012,0.005992816229698955,0.00018850151465449143,0.000327519315107612,0.006012366670597029,0.22926953759210847,0.00010807272814928095,0.11485968627410237,0.00022295272167772488,0.00035154042425360947,0.00040598644210318403,0.00012742232564685635,0.006555776771521235,7.522372775959478e-05,0.00012616516157720016,0.018301687666340334,0.003173070149951114,0.003533869031443549,0.11824858558652916,0.0011881153215932193,0.0004498703282846428,0.00018497614480702612,0.00039613425204871195
Z_E_1852_KRN_0741,7.336765066166084e-05,0.04083481866261851,0.0844499875480504,0.00011278062988637975,0.0026416702252151023,0.0011375328380843538,0.002267430976048189,0.00011713393965741312,8.340580789860214e-05,0.00012826553970139273,0.00022285996901355614,0.02006868862818229,0.5514512717382211,7.353790672970132e-05,0.05618690327909518,0.00015170780577707362,0.00023920509247044085,0.006267846720722689,8.670430791528507e-05,0.0563880146805298,5.1185859472377266e-05,8.584887273120597e-05,0.07436648993949253,0.02213109002073012,0.010393407161585008,0.02054611260060876,0.046744004516940045,0.0023033114864130042,0.00012586670769751745,0.00026954888785040814
Z_E_1852_RNN_0889,7.922720928168632e-06,0.42022244890371796,6.13010141107161e-05,0.003462907730359934,0.016891897915439054,0.01931751798126698,2.918153476616146e-05,1.264889234905782e-05,9.006707095152732e-06,1.3850955654030541e-05,0.0360410491635365,1.0443259424147539e-05,0.0006712687512576282,7.94110629694148e-06,0.003263713690662615,1.638240555554072e-05,2.583093741108997e-05,2.9831591624162332e-05,0.17556519757068578,0.007167501075173576,5.527385385941182e-06,0.12035344220317035,0.12578670713068263,1.7484352763569953e-05,4.399559495032581e-05,0.07080194184504521,8.730185888121619e-05,3.3056148002608524e-05,1.3591914014440537e-05,2.9107659788443675e-05
Z_E_1852_RNN_0890,1.1006164585397688e-05,0.36445621591591393,8.515875501250106e-05,1.6918657792363578e-05,0.0687067699065358,0.0004702530741365771,4.0538695910512014e-05,1.7571714601449203e-05,1.2512027314918212e-05,0.0009180637504249107,0.05695883438054788,1.4507671426556503e-05,0.0012321272085240571,1.1031705355609314e-05,3.980767282506842e-05,2.2758273765259754e-05,3.588407961345164e-05,0.030002179798926172,0.28853491427471445,0.01564956095702664,7.678588433967835e-06,0.06592650223208657,0.04860692688566104,2.4289087793161237e-05,6.111823998926431e-05,0.04203116115585822,0.00012127886822840981,0.0015439581723500214,1.8881750856783668e-05,0.01442159033378909
Z_K_1840_AHR_0219,4.056004364992292e-05,0.10648768461237684,0.3304446753917986,6.234883126014783e-05,0.005876868129468656,0.021607079844096617,0.00014939366596632692,6.475548368451144e-05,0.023232556940604776,7.090939729092372e-05,0.00012320430038976097,5.346383672115597e-05,0.06195470969821771,4.0654166788514776e-05,0.010083748608926479,0.02768678271084846,0.00013224042073565969,0.0012568381516908176,4.793298520485447e-05,0.0013619972166353295,2.829722194639298e-05,4.7460072577926656e-05,0.004676388732152964,0.16349875929139263,0.059847527142841604,0.03012854622036246,0.1406697396655019,0.0034815792281297658,6.958324428059083e-05,0.006773714744457759
Z_K_1844_ON_0063,2.5533644197282884e-05,0.10874115006480263,0.037731409136636314,3.9250275153884566e-05,0.41518181000089827,0.04001494738806882,0.0014841897934800812,0.0028210502104048215,2.9027155751393172e-05,4.463938294291411e-05,0.0014677028797046353,3.365693084657758e-05,7.817661918027048e-05,2.5592897258060607e-05,9.235142236430736e-05,0.013259151027039862,8.324892055607393e-05,9.614238003282506e-05,3.017511026610309e-05,0.030050405341464363,1.7813866355445012e-05,2.9877398980173544e-05,0.00016362827120795518,5.634923235747129e-05,0.23924629055771432,0.09681471121314644,0.007927143154436718,0.004276961925812949,4.3804533764514375e-05,9.380926517444285e-05
Z_K_1844_VIE_0052,2.0734470312213967e-05,0.1724026628730743,0.048701338822421954,3.1872993084592746e-05,0.20224777732519203,0.10135430009521182,0.05990586265818303,3.310328424688739e-05,0.0028457172067465853,0.001729536700110805,0.0034495575900184957,2.7330945322440994e-05,6.348293948871842e-05,2.0782586469081786e-05,0.008541431061393294,0.000607303392229834,6.760187689845918e-05,0.0017713594558404567,2.4503550027805134e-05,0.052059313312395175,1.4465662646463394e-05,2.426179504085446e-05,0.0001328735336556963,4.575811726695734e-05,0.0706687866012496,0.093857498123478,0.14754449002607,0.029436827714620403,3.557125641224956e-05,0.0023338940308917496
Z_K_1847_KCH_0520,2.9897653950541835e-05,0.009315569816530107,0.13126396928761488,4.595862364758987e-05,0.10932084760031106,0.1298684552972989,0.00011012118640736644,4.77326173341818e-05,3.398824903794905e-05,0.003307738114912363,0.009043357087649027,3.940930889901619e-05,0.00416087460182412,2.9967034078695706e-05,0.00010813540152573317,6.182162625917567e-05,9.74771716606948e-05,0.0009264416097629639,3.533240291455909e-05,0.001003956549357452,2.085847236302328e-05,3.498380915586484e-05,0.00019159432908607055,6.598000020622307e-05,0.47709227972253015,0.11417538794981584,0.009281988149305215,0.00012474265885171524,5.129126034017662e-05,0.00010984240736927644
Z_K_1848_GOT_0245,5.899342233526226e-05,0.0007163215626184659,0.0020623597763591464,9.068459014458905e-05,0.06636034914187315,0.1807761285162247,0.0002172888103038658,0.016153244077929195,6.706489857862112e-05,0.00010313568836433719,0.011420538484334046,7.776161994738511e-05,0.00018062076358592904,5.9130321745785455e-05,0.00021337050131604483,0.01457513830612004,0.00019233990617922744,0.00022212920277933868,6.971715475422647e-05,0.0019809859603189153,4.115749922772544e-05,6.902931687690989e-05,0.00037804990289584043,0.00013019034952660113,0.4612225914943733,0.1931703574078335,0.04722133025684719,0.00024613959239197796,0.001707112744849042,0.0002167387293657605
Z_K_1849_DEI_0247,0.0016569167731030328,0.035873423511944856,0.0691771320203843,9.024979212147831e-05,0.23705024016213583,0.08082059141992652,0.00021624699333128454,9.373341605824805e-05,6.674334796814126e-05,0.0017008473938021297,0.0017765441476673394,7.738878263761612e-05,0.00017975475591235735,5.8846814405012584e-05,0.00021234747114063743,0.00012140026127163881,0.00019141770968654113,0.00022106417797093813,6.938288758694134e-05,0.00037328168644887863,4.096016471618533e-05,6.869834762990869e-05,0.005170855902981976,0.00012956613645454543,0.38229730739311507,0.18105673580613924,0.0006469421381217644,0.0002449594469228229,0.00010072158859335895,0.00021569954982147944
Z_L_1843_NOD_0042,5.326259623144693e-05,0.32252511859360117,0.05405850951915558,8.187517384287087e-05,0.14545812910176661,0.005175520776924066,0.0407934541511988,8.503553918800422e-05,6.054998121648058e-05,9.31167291021617e-05,0.0001617892959454497,7.020758589021754e-05,0.011762295643700457,5.3386196757376444e-05,0.1263341714211358,0.03345789547422251,0.00017365533912914045,0.02194909019163258,6.29445880080786e-05,0.07718348265629268,3.71593166913476e-05,6.232356909305441e-05,0.0003413248212460965,0.004467251084782714,0.0002957720751553919,0.029414854827318614,0.03683447559226991,0.08866628892981757,9.13752528616495e-05,0.00019568397582225185
Z_L_1843_VIE_0022,0.0001664478663280731,0.0020210760959932846,0.0012878685359468238,0.00025586338172790384,0.14192332081778677,0.002580700241451237,0.08217119945858732,0.0002657396571206541,0.00018922125267595703,0.10450415564043342,0.05487768287536715,0.00021940167581564735,0.005040622172178958,0.00016683412320013012,0.0006020173652508796,0.00034417676386226545,0.0005426802807156017,0.023281764934035443,0.00019670450019592826,0.0010582751758956704,0.0001161244365672172,0.0001947637898162468,0.0010666545050554766,0.05473941197396772,0.059827391768243386,0.055674609316251414,0.13323332255174808,0.27255489661101606,0.00028555153053222735,0.0006115207022330169
Z_L_1843_VIE_0023,9.270264749103761e-06,0.1648991366957556,0.04499057902860609,1.4250235467383809e-05,0.0005861375683902454,0.0006484375350760208,0.1297436376434309,1.48002917080892e-05,0.005309953694747655,0.025251516680437618,0.0017946308441885745,1.22195115268056e-05,0.006589563430785077,9.291777211498874e-06,0.07044004372025568,1.9168823198996094e-05,0.02198494400596555,0.051010231467399136,0.12290691447226142,0.0437160264006713,6.46751619330939e-06,0.005814968582142487,0.0005641132050123605,0.02020870609322645,0.006865012294459272,7.254373592336221e-05,0.00010215068184975751,3.867853561271066e-05,1.5903708145636155e-05,0.276360701555602
Z_L_1843_VIE_0033,0.00012857928064882268,0.008561574225408026,0.04299674653582931,0.0001976518551586882,0.04313134055461581,0.07899701353372068,0.09147766840760636,0.00020528117726118075,0.03164758240085468,0.09472902241546297,0.007390883143061476,0.003669642326806599,0.003893829264496643,0.00012887766014656204,0.0004650522801505097,0.007266186578798511,0.0004192149869868567,0.00048414233271887807,0.04215383343708054,0.06732048538019073,8.970494395003448e-05,0.014151080114700357,0.0008239797360365894,0.03878548119201015,0.014714639593618803,0.0115066574659553,0.16592420585761222,0.22804666416039135,0.00022058564759031457,0.00047239351113101445
Z_M_1849_VER_0539,3.951299676528938e-05,0.011235923173437651,0.22080661045834177,6.073931254032258e-05,0.059505861693375954,0.16733281192092858,0.0001455371076774819,0.3689987089745197,0.005422989499706194,6.907888980514479e-05,0.00012002381370168021,0.04307664637995639,0.01840641649240516,3.960469013975462e-05,0.0001429126772879157,0.0065353883980343135,0.051758301906754504,0.00014877913712169958,4.6695607768500945e-05,0.00025122354839642096,2.7566736586503312e-05,4.623490325695394e-05,0.0034800549165746883,8.719973610755626e-05,0.00021941929000407728,0.02182148723266851,0.01226715542047755,0.00016486097149479159,0.005445857308355852,0.0022963968058091373
Z_M_1850_DEI_0250,2.5622692176917636e-05,0.00031112090419766614,0.40195552488625375,3.9387159559242325e-05,0.004410045092293592,0.10920652980920358,9.437534015680789e-05,4.090749604552761e-05,2.9128387269864787e-05,0.0028347761219144527,0.04402003262650044,3.377430859608477e-05,7.844925828884785e-05,2.568215188134202e-05,0.018925045651980783,5.2981966482577434e-05,8.353924919561381e-05,9.647767430704037e-05,3.0280345248767192e-05,0.00016290902171735904,1.7875991792620355e-05,2.9981595701776213e-05,0.002256684716065195,0.051671195362307784,0.020369647842729585,0.14806950457472726,0.019114713119235897,0.1758757129303648,4.395730103895566e-05,9.413642276582552e-05
Z_M_1852_KRN_0740,3.742002262293084e-05,0.20621956551088708,0.010475928395361496,5.752199618928327e-05,0.011533738456057674,0.019934332999247278,0.08875947225342937,5.974233374469883e-05,4.2539827707478404e-05,6.541983222963813e-05,0.025579655936233524,0.01125436031357526,0.02354327978474351,3.750685906733529e-05,0.00013534269873236366,7.737619336392124e-05,0.00012200281583285926,0.03783056316507001,4.422217604673787e-05,0.01857342900367042,2.6106546988445678e-05,0.0010624254625097385,0.09497328188971027,8.25808307388314e-05,0.00020779681289759201,0.003348746240588849,0.013654652468743358,0.0001561284080683238,6.419634548794626e-05,0.43204066442045386
Z_M_1852_OST_0762,2.497807488530723e-05,0.12813344919080832,0.005632845663031974,3.839625493673048e-05,0.0008993587243511112,0.007866697948551573,0.2489528356553601,3.987834270264873e-05,2.8395573481944626e-05,4.366810477059386e-05,0.012994877928980368,3.2924612428996e-05,0.16598369870421845,0.002064878945386565,9.034201016342885e-05,0.001411544313982794,0.08235510146661619,0.02661200826988677,2.9518550429998212e-05,0.05387467375580985,1.74262664735694e-05,2.9227316842787002e-05,0.040276978492405434,0.0027749137097340328,0.0042183913509372785,0.1912607495757696,0.004354923624795712,0.00010421658767423147,4.285142051139106e-05,0.01981024956407221
Z_Q_1844_VIE_0064,1.9125976699664296e-05,0.06687455351364432,0.06626965993341333,2.9400419393659954e-05,0.06212453569915775,0.1314986039447353,0.04432511067307616,0.0010718214932818652,2.1742791599553576e-05,3.343713069145138e-05,0.024528322902033876,2.5210724727743943e-05,0.002661773757110157,1.917036020603191e-05,6.917583477992372e-05,0.06564058030487843,0.054729884343365884,7.201545169779394e-05,2.2602666951891757e-05,0.0027248184776351952,1.3343476951928028e-05,2.237966630717683e-05,0.0037670675423567856,4.220839363100588e-05,0.040195727908029694,0.4249944480624708,0.0012520387332175045,7.97997458462402e-05,3.281178689757545e-05,0.006838628285211243
Z_R_1804_ON_0072,0.00012095855063522877,0.10354264187791035,0.2906941115811768,0.006771351160351542,0.0010625177246452791,0.06772954739144382,0.00044552322145749825,0.00019311442363737676,0.00013750809174059017,0.029845829137540122,0.01353824880185478,0.00015944036591789609,0.01024846084760571,0.00012123924556059853,0.00043748922449061067,0.23073960083853928,0.0003943686492459839,0.0004554478339848326,0.029777308661361246,0.0007690542046196981,8.438824630420699e-05,0.0001415358829891122,0.0007751435077319887,0.00026693884440094005,0.017135228606741798,0.017410086428623194,0.16596821056305874,0.007090091979522512,0.00020751181752471642,0.0037371022893835162
Z_R_1804_XYZ_0073,0.00046091098708544905,0.005596564251193153,0.16667485997749348,0.038348962751626955,0.004048709997682544,0.04478667129945345,0.05188492865645321,0.0007358600045362767,0.0005239727986450673,0.000805791053409185,0.001400053121144134,0.0006075454447044241,0.001411175875835853,0.0004619805714549924,0.014213864062122935,0.12642123080184753,0.0015027366188247143,0.00173547805942989,0.00054469466836394,0.0029304710639467854,0.00032156031713523087,0.0005393206449145623,0.002953674274413586,0.001017167001573288,0.040199932078958875,0.2670899811604711,0.20582793225374857,0.0019230693524688919,0.013337538138115623,0.0016933627129461669
Z_R_1805_MG_0075,0.00020106728272331875,0.07359575767058428,0.0015557317299417517,0.00030908029070813046,0.012713022914439842,0.003117458916831403,0.12115558662519885,0.00032101072815052706,0.054962668735375954,0.00035151736906134683,0.0006107575749426945,0.0002650349310831288,0.0006156097527490945,0.08230267103696318,0.0007272306846196589,0.06609667166120896,0.0006555521067235844,0.0390709469750103,0.10970579986014509,0.0012783853508309972,0.00014027710557926656,0.00023527262232404776,0.00128850749287087,0.0004437277713326686,0.012063363324564475,0.028940482105626827,0.3798808267774044,0.0008389175784992244,0.00034494326414754483,0.00621211976035857
Z_R_1826_CH_0206,0.0002405693106663098,0.029115986592089062,0.03460499659340494,0.00036980274199316187,0.0021131962581089777,0.003729920315701836,0.020532256025543268,0.0003840770539179633,0.03956583171182445,0.0004205770825415133,0.0007307480699899613,0.13129159656634168,0.0007365535150842897,0.00024112757285074497,0.0008701036892962902,0.046338515589647716,0.013881792254555447,0.0009058208030006282,0.00028429962522814444,0.0015295391594788517,0.0001678361896296497,0.0002814946907550122,0.008090374535737589,0.052920700265523105,0.00788462803629211,0.008431281054156501,0.5920360915061803,0.0010037327845282631,0.00041271141754648953,0.0008838389883857735
Z_R_1826_K_0207,0.00018212702406452321,0.007169280263727566,0.1947642266622745,0.0002799653567762721,0.0015998306046922253,0.07223330112600751,0.0006708233361723286,0.00029077196358838904,0.00020704563176380497,0.04493879939046889,0.0005532250600026508,0.10435432277019271,0.0005576201694015659,0.00018254966579724186,0.0006587265645820737,0.00037659773680030816,0.16915973467038536,0.0006857668034601256,0.00021523379080252926,0.001157963227040362,0.0001270631971422857,0.005170931875885599,0.0011671318773643293,0.0004019292318124599,0.035716119299298923,0.006383042472009568,0.3440965807219088,0.0007598927082419861,0.005270271695631635,0.0006691251027034787
Z_R_1826_SJB_0205,0.00010942844502580261,0.04303244096610111,0.3523494485796982,0.00016821322266962342,0.06649564852307524,0.004675476390716696,0.006360728612368431,0.00017470621944222893,0.0031032373898409,0.10445060241161565,0.0003323974482993203,0.15206492661943835,0.027144570755731647,0.00010968238332986245,0.003374623486330328,0.05980301246103535,0.00035677633228308034,0.0004120332791819572,0.0001293201773076,0.0006957458179693062,7.63441238591883e-05,0.00012804428880401657,0.0007012546717656634,0.00024149349100477754,0.0006076661776993913,0.0902214323477092,0.08163440903515237,0.000456570780072193,0.00018773121368398965,0.0004020343487885224
Z_R_1831_SCH_0122,2.527017562008036e-05,0.062217762858347694,0.0352783806680934,3.8845271697672e-05,0.10891004062609559,0.02309247437792222,0.049621814806000565,4.034469142081317e-05,2.8727639420431318e-05,4.417877204772432e-05,7.676013208640399e-05,3.330964224121293e-05,7.736995474699225e-05,2.532881727891728e-05,9.139849540781978e-05,0.005555446139295846,0.010400876976010264,9.51503361286961e-05,0.0014056620232298135,0.0001606677222076507,1.7630054205996936e-05,2.9569109425459058e-05,0.0001619398750091135,0.01450164967524164,0.08543982061550069,0.08549724281007082,0.5017569275573908,0.002857031875083858,4.335253724976758e-05,0.01247502576552207
Z_R_1832_COM_0196,5.5349117845705106e-05,0.0805272481634447,0.06069631479929751,8.508257137850646e-05,0.20238418997127788,0.11084736981226266,0.00020386584625847282,8.836674162742104e-05,6.292198058358093e-05,0.14474010432770812,0.00016812726830937449,7.295791456004564e-05,0.00016946295931577411,5.547756032803804e-05,0.00020018958986686564,0.0001144495311536054,0.00018045815469129958,0.0017151086811279961,6.541039427123424e-05,0.00035190957214423945,3.8615004602440915e-05,6.476504741351214e-05,0.01692841198222164,0.00012214787196731549,0.08769604319639915,0.12398264964870927,0.12867952548944764,0.00023093437821548695,0.039269192677132476,0.00020334974643814306
Z_R_1833_KAN_0163,3.1432570483173085e-05,0.028618132877444476,0.06783959399043621,0.012883075423646856,0.05846034155301856,0.008188202442239103,0.04546525059657418,0.02144144537836235,0.0008913836613431922,5.4952224595806564e-05,0.0009511293763672683,0.0008970830331553876,0.001807538399210742,0.01029931137561778,0.00011368696807470508,6.499548854202676e-05,0.11048139458333789,0.00011835373413417295,3.7146334183576346e-05,0.0001998482154848908,2.1929326087144875e-05,0.000892430332551187,0.05924131430877732,6.93673493710464e-05,0.001030198431370664,0.01821463339649019,0.5453957222692885,0.004409399268828904,0.0017652254810414125,0.00011548160994129172
Z_R_1834_POL_0134,1.4784589653061642e-05,0.06739081344427665,0.23595761387076952,2.272684648678921e-05,0.02307025148530157,0.04570752860767759,5.445566250229865e-05,0.026988613898852903,1.6807416256921286e-05,0.02055145174368126,4.490934577085003e-05,1.9488166581449962e-05,0.06926887337850603,1.4818898590028022e-05,0.006090416171288758,0.02095863851522898,4.820311272344175e-05,0.000860594399306177,1.7472109330469e-05,0.0008989260548863165,1.03146539587076e-05,1.729972738750991e-05,0.01740064648830351,3.262755097679669e-05,0.2496090565445324,0.06853437724035562,0.14504953382458383,0.0004641489111712121,2.5363870963665468e-05,0.0008592434700957546
Z_R_1834_POL_0135,1.3522020020911294e-05,0.027035010951149942,0.1639062062290541,2.0786026559952704e-05,0.13447288548514122,0.09628204109058912,4.980527535003887e-05,0.014745326014497039,1.5372101929039046e-05,0.02505399397933628,0.003353915163484503,1.7823922399540546e-05,4.140050678058972e-05,0.0007497402816276423,0.0033617481221818006,0.05376960292500055,0.0004121801200929069,0.0007871016355798843,0.000384073473043936,0.004135000828345056,9.433806457356303e-06,1.5822370832035505e-05,0.0030314012308840263,0.004446962529312176,0.2761451699806464,0.09102489551398568,0.08591477334267336,0.0018968854368819374,0.005544599474568645,0.0033625201615943377
Z_R_1836_KRG_0159,1.646804474131705e-05,0.1091343040358911,0.045852945816413825,2.5314650832800395e-05,0.1305968950412285,0.027600987712571464,0.07268355128288256,0.0013711602171781363,0.008536221232154735,0.011684316739075171,5.0022972081912574e-05,2.1707196934146773e-05,0.014843973065464797,1.6506260283462475e-05,0.006783904616605594,0.030966026009203642,0.004984876013781428,0.03233884970448475,1.9461580262375576e-05,0.028795230211862876,1.1489137464699547e-05,0.0031572958970192025,0.018485401315456947,0.03545121125250894,0.011746974918398042,0.00012886940354143778,0.38346896566541017,6.870999612608957e-05,0.021097857280325635,6.05027298143049e-05
Z_R_1836_POL_0133,6.6589232710343795e-06,0.03252778038914059,0.08270961106396318,1.0236085714882684e-05,0.05842670459207408,0.12119009261787973,0.06582471551088288,1.0631196577489379e-05,7.569996723987404e-06,0.013969257336413674,0.054038012917284446,8.777396532756553e-06,2.038769337773147e-05,6.674375886502985e-06,2.4084342632151626e-05,1.3769156149556487e-05,0.0005655137136253737,0.0003876084630644474,0.0012767435378245474,0.004211495393345985,4.64568113759461e-06,7.791731795504047e-06,0.02904551072042706,1.4695325577146481e-05,0.07236280506447691,0.16790603425490946,0.2924582372099709,0.0029280669840746833,1.142379156722078e-05,2.446453369845286e-05
Z_R_1836_POL_0136,2.3181206164693563e-05,0.016688350890511048,0.14973434187104473,3.5634111344747636e-05,0.04374495051608898,0.21554189655082595,8.538268351866948e-05,3.7009580920112325e-05,2.6352857298736834e-05,4.052671569593317e-05,0.012060054497391056,3.055608697282519e-05,7.097413563354315e-05,2.323500018669704e-05,8.38430012139635e-05,0.013299640640068796,7.557912123659588e-05,8.728469447938805e-05,2.7395049712305952e-05,0.00014738605890604497,1.6172658527912448e-05,2.712476683989782e-05,0.00014855304867323393,5.115772595592779e-05,0.1881767616981823,0.12765020452527545,0.2293206608330663,0.0019898204884240592,0.0006708024542096715,8.516653163039592e-05
Z_R_1836_ROS_0125,0.036624033176304735,0.028994534375009026,0.12678086378363793,9.384957548723628e-05,0.0005362928643412033,0.03917152411998096,0.08498450977522973,9.747215034239994e-05,6.940553242466958e-05,0.00010673522982398875,0.0001854512916454882,8.047558035633186e-05,0.008496692982608392,6.119403071037398e-05,0.00022081735097530708,0.00012624253991684706,0.0035229601140061954,0.0002298817401161628,0.010043872397683683,0.0003881707313323512,4.2593938225664034e-05,7.143851093931924e-05,0.0003912442328205474,0.00013473412644998833,0.013634658700161013,0.008787528812614737,0.6355390500268897,0.00025473011698853485,0.0001047390593339348,0.00022430313364363047
Z_R_1839_BEN_0522,8.603714339111494e-06,0.01275172389569765,0.19328850896198457,1.3225615291979506e-05,0.02911741922426979,0.1643134926899711,3.168981860919083e-05,0.004229487514504232,9.780873980708945e-06,1.5041507438092551e-05,2.613445426865562e-05,1.1340904427813639e-05,2.6342080050450707e-05,8.623680012820686e-06,3.11183648794513e-05,0.012899253136861223,2.8051222378201126e-05,0.00026660416149885545,1.0167684129802687e-05,0.0005231192187078878,6.0024889597884945e-06,1.006736852894772e-05,5.5135525990673834e-05,1.898721133129487e-05,0.11621514893486277,0.4654394398142254,0.0005632226668087236,3.589747223768189e-05,1.4760200007328024e-05,3.160959374568059e-05
Z_R_1841_JAC_0172,1.824267009097963e-05,0.07570439578231707,0.0026241399395644867,2.804260195216028e-05,0.16552735847459563,0.03901748338498521,0.02787667704223481,0.030818196977002898,0.006476511778954783,3.1892883358151525e-05,5.5413535182540015e-05,0.0005206443369571037,5.5853769305894306e-05,1.8285003806891748e-05,6.598104514999295e-05,0.018411845314955065,0.014957415740064756,0.002551679190589379,2.1558794243793414e-05,0.004585368267274296,0.009944685916147698,0.011443098585042324,0.03636855444607267,0.03380891860068084,0.052244086335640844,0.0006393545306726607,0.18791503842242546,0.029375392438528238,0.17930315075851322,0.06959073343369017
Z_R_1842_CAD_0197,1.0024088465331637e-05,0.03232079198323414,0.40120163646461954,1.5409012023164925e-05,0.036107357888641195,0.10139149546301372,0.000309794963965196,1.6003796807307326e-05,1.1395583603373322e-05,0.1364542853655429,3.044895161049966e-05,1.3213157106400996e-05,3.069085401710752e-05,1.004735024177406e-05,3.625564845058562e-05,0.0002936010825133941,0.00030555567741156667,3.774391603761468e-05,1.1846251652192362e-05,0.0030653418678163605,6.993430740903707e-06,1.172937510122973e-05,0.013435040312686553,2.212178119741042e-05,0.12585035802692265,0.03691636810799079,0.10134653362174281,4.1823731380355234e-05,0.010659264271920139,3.682797354387962e-05
Z_R_1842_JAC_0171,2.0816717249216033e-05,0.05068622374146164,0.0052610793166805985,3.1999422938590586e-05,0.09481642604534589,0.01958946858889994,0.04087677520486462,0.01589994076300296,0.009090354098439304,3.6392980403518114e-05,6.32324044628094e-05,2.7439358342127228e-05,6.373475577561719e-05,2.0865024267314596e-05,0.008575312155621202,0.01534308238217512,6.787003167775989e-05,0.02954512166112793,0.05045805964116395,0.008065705727837628,0.0011478591981607918,0.10202461197560185,0.10440032685167173,0.007412624631830005,0.020515647925846328,0.007529584609004878,0.25693002216491045,0.022753577159134442,0.12866936593832495,7.647952377674742e-05
Z_R_1842_OLA_0144,5.9397033130412544e-06,0.13395085534679954,0.12778049772022151,9.13050199838367e-06,0.18712668514251735,0.11359797488140191,0.0003452561242493445,0.004375093799842297,6.752373137676192e-06,0.15329183218419346,0.00017973160390951336,0.00016951865476476477,0.0029285928918157513,5.953486915518441e-06,0.006650743969234688,0.0008207284269639255,0.014571401789982839,0.001477568513483212,0.0037258731108369145,0.003594929027193095,4.143908334900756e-06,6.950158948579559e-06,0.0023017137145502167,1.3108106290469101e-05,0.11774278770719245,0.04176231781496118,0.03822412336037863,0.03462629067462781,0.006801140155818346,0.003902365146122677
Z_R_1843_BEC_0029,1.9501652538991993e-05,0.07402768184069718,0.24010398524772733,2.99779076655396e-05,0.07183871171305288,0.14363717711071783,7.182988732328639e-05,0.06214288719704453,2.2169867383015806e-05,0.03719497126235039,0.04359055126403942,2.5705918271105363e-05,5.970840872330189e-05,1.9546907834093265e-05,0.005379231363639898,0.08179425521063713,6.35824448083859e-05,0.001666039021460296,2.304663256010801e-05,0.0027783398472716637,1.3605571901753693e-05,2.2819251697028843e-05,0.00012497321831534945,0.0021665161643322044,0.031429605374998525,0.05430131566640218,0.14195709576805907,8.136718666088102e-05,3.3456281857291914e-05,0.005380344810029299
Z_R_1843_BEC_0037,1.0679790685996426e-05,0.08065992220500016,0.4382020472895191,1.6416956380079118e-05,0.11783658829763212,0.10947739668696685,3.933657212267501e-05,0.07269777622985597,1.2140998959626957e-05,0.022985780307305442,3.244069831714236e-05,1.4077464767553827e-05,3.269842420193933e-05,1.070457407695e-05,3.8627226602844515e-05,2.2083405922354346e-05,0.0009069886895755363,0.0020752731620239002,1.2621146401152408e-05,0.013731878495658534,7.450889599405935e-06,1.2496624644915015e-05,6.843972890475131e-05,0.001767906239568935,0.05209870537271813,0.04979719016978838,0.037330213994790445,4.4559532609308096e-05,1.8321836400949737e-05,3.9236988998883096e-05
Z_R_1843_BEC_0047,1.754562057603614e-05,0.04367673949134081,0.40993629657869013,2.697109860363609e-05,0.06224511417005411,0.19800796177602994,0.0005422482964809197,0.07310433218346087,1.9946211252902394e-05,0.005284527333686571,0.014859609396638314,2.3127593297112574e-05,0.00196421163198447,1.758633672741438e-05,6.34599199370775e-05,0.0005139034050138007,0.002445320105603553,6.60649027729668e-05,2.0735036153806718e-05,0.00345491606388082,1.2240921728599709e-05,2.0530461780334425e-05,0.006321537386081723,3.8720765553719845e-05,0.07986047453592922,0.028794682283889882,0.06323957515464415,7.320599019169683e-05,3.0100588972102934e-05,0.005318314759043371
Z_R_1843_ECH_0028,6.528380082172701e-05,0.14651828034767575,0.0005051248468370495,0.0001003541494330392,0.018344874535579734,0.111194950820834,0.5191656887805415,0.00010422779954237727,7.421592624435695e-05,0.00011413288923169514,0.0055297282478359334,8.605322266895326e-05,0.00019988007963328162,6.543529760722315e-05,0.0002361218718586279,0.0001349922218598068,0.0002128488164954081,0.00024581450027637037,7.71509884435357e-05,0.003969356667840042,4.5546060485071305e-05,7.63898074643211e-05,0.00041836078641216477,0.00014407234757637266,0.0003625269252585385,0.0467165445420521,0.14466781102237922,0.0002723850810474857,0.00011199836714555163,0.00023984924891890666
Z_R_1843_ECH_0034,7.440790183807455e-05,0.031286222242931344,0.25579066974913095,0.00011437970225489562,0.09180180581468086,0.2219348469629166,0.03875885832976232,0.00011879473589973126,8.458838617395634e-05,0.00013008416653984808,0.00022601981320716366,9.808006985816394e-05,0.00022781543288744906,7.45805719002047e-05,0.0002691223985419669,0.0001538588113225355,0.00024259668776622096,0.00028016967420273523,8.793365433016413e-05,0.0024986007429832965,5.191160372139834e-05,8.706609026573301e-05,0.0004768311271162373,0.0001642079805573444,0.15840340002601808,0.03299052066147757,0.05550883129760796,0.10766277332573695,0.00012765132243675,0.00027337071593347526
Z_R_1843_ECH_0044,3.909251220469459e-05,0.015373025023506848,0.04712585329087451,6.009294437705577e-05,0.06632179362355002,0.08467536268176665,0.17253916055242563,6.241252001863849e-05,4.4441147206071744e-05,6.834377455183633e-05,0.029915442989274524,5.1529424069926026e-05,0.04162223140025954,3.918322980785854e-05,0.001205559576346998,8.083452578081275e-05,0.017154139411571175,0.0001471958775559952,4.6198688179463516e-05,0.00024855010846509866,2.7273380271631473e-05,4.574288633665745e-05,0.025790543617877935,8.627178465555763e-05,0.02575710981238392,0.13758355253951576,0.33351526666616005,0.00016310657423735262,6.706560401560147e-05,0.00014362383275222346
Z_R_1843_ECH_1045,6.528380082172701e-05,0.16251255115989338,0.0040594072495520805,0.0001003541494330392,0.014790592132864704,0.0880921152031863,0.49783999436425136,0.00010422779954237727,7.421592624435695e-05,0.00011413288923169514,0.00019830464376338668,8.605322266895326e-05,0.00019988007963328162,6.543529760722315e-05,0.0002361218718586279,0.0001349922218598068,0.0002128488164954081,0.00024581450027637037,7.71509884435357e-05,0.003969356667840042,4.5546060485071305e-05,7.63898074643211e-05,0.005749784390484711,0.00014407234757637266,0.0003625269252585385,0.07159652136105732,0.14822209342509424,0.0002723850810474857,0.00011199836714555163,0.00023984924891890666
Z_R_1843_HIE_0036,1.8851164292202516e-05,0.10542715529966547,0.004764318473739638,0.028252900581614306,0.12537717531694986,0.1593725699671263,0.04933300796094281,3.009652238774365e-05,2.1430379376207203e-05,3.2956687860832795e-05,0.23765137398150332,2.4848483360148365e-05,5.771680221552757e-05,1.8894910072276307e-05,6.818187886370728e-05,0.029802389260161263,0.012377355117378785,7.098069462544712e-05,0.02875936273211945,0.007304126870136174,1.3151750637363687e-05,0.004640518165496105,0.06272659662514006,0.0010679263788420238,0.00010468224187892718,0.0345293876734968,0.10591914350870568,7.865313981324066e-05,3.234032934578391e-05,0.0021219071022525347
Z_R_1843_HOF_0027,1.931706534286806e-05,0.06912023536312119,0.16947151610466857,2.9694160536388356e-05,0.23364481271483914,0.11283030782562468,0.02846677377154635,3.0840349197827144e-05,0.02000406564023015,0.011602358664291344,0.08261632397873768,0.0005513074910217001,5.914325621998354e-05,1.9361892287191582e-05,0.012690144204883406,3.994334793045598e-05,6.298062374802098e-05,0.0016502696157143196,2.2828491391001286e-05,0.0006486627444889124,1.3476792334792079e-05,2.2603262735068877e-05,0.0180025163976232,4.263009992069832e-05,0.11106054008619205,0.10374260646125533,0.0217724984181817,8.059702932102509e-05,3.3139611193181687e-05,0.0016485045354216845
Z_R_1843_H_0046,6.948210416400023e-05,0.01030081173943252,0.07997752113559814,0.00010680777430892872,0.21623296059092117,0.16373996707451377,0.0002559214765572351,0.011459489456942954,7.898864117945138e-05,0.002012899091519501,0.01723389570390127,9.158717638790113e-05,0.00021273406784805732,6.964334348061262e-05,0.00025130651538933925,0.00014367336923605298,0.00022653680473205763,0.026741593284627524,8.211245282773529e-05,0.0004417670687398705,4.847505934167915e-05,8.130232144108596e-05,0.00044526494128308794,0.0001533374242224268,0.2349227249153892,0.09133219819425023,0.14262262210589513,0.0002899017571869429,0.00011920081420282873,0.00025527359447941885
Z_R_1843_NA_0045,9.283586985076068e-05,0.14012091452290432,0.0032454629042444837,0.00014270714386238395,0.21562387457996413,0.026710954297723556,0.00034193974370154054,0.020365475905255084,0.00010553766758294743,0.00016230099836464515,0.00028199620529894594,0.00012237072105756937,0.0002842365307324356,9.305130362888176e-05,0.005390088712466273,0.00019196370587650034,0.19742096640055692,0.0028767144355393488,0.00010971142966323615,0.010698880407797796,6.476810617925506e-05,0.00010862900343452731,0.00817639642034024,0.0027320335020228413,0.15467213583105036,0.023470897711384442,0.18550547500341544,0.0003873412027964756,0.00015926563259107573,0.00034107410071363065
Z_R_1843_PAS_0035,5.706883168199829e-05,0.003799982671681087,0.07190325842194906,8.77261126113569e-05,0.0005013010231065138,0.07545355296328037,0.0002102000197774735,9.111232302346876e-05,0.028028149263507465,9.977100847314698e-05,0.003280381286505167,7.522473903746126e-05,0.02037042486991657,5.720126491111515e-05,0.0002064095409875974,0.00011800551271108555,0.12136024491527406,0.028178154778122733,6.744271500991721e-05,0.0003628435090143358,3.981478447767691e-05,6.67773170300882e-05,0.03143601900285529,0.0001259430433028648,0.01274502946164542,0.00044658770456301587,0.5723224180904142,0.003345139832317164,9.790508338725506e-05,0.02506590990942519
Z_R_1844_ECH_0065,0.005165558549541185,0.01717004952161883,0.0014162052556161296,0.0002813602909060705,0.17599614436101393,0.28684174043513405,0.0006741657295936681,0.015239792961481419,0.00020807724160831797,0.0003199913814984496,0.0005559815171820087,0.0002412651584446626,0.0005603985253193082,0.0001834592239016303,0.0006620086855477569,0.040238666729648875,0.0005967586319698745,0.0006891836530669636,0.00021630619834656786,0.001163732806694965,0.00012769629258086425,0.00021417209524316914,0.01612051935962453,0.0004039318538856862,0.04087659979670366,0.1509080442574381,0.24117804468176726,0.0007636788919538471,0.0003140068780325167,0.0006724590346356778
Z_R_1844_E_0049,0.0003838528777741745,0.03600836876178798,0.07611411887809173,0.000590058001703103,0.06606676956903643,0.07909557596482558,0.0014138344893649371,0.0006128341226281091,0.00043637160378216284,0.0006710736419881797,0.0011659830957517587,0.0005059720290094732,0.001175246275664632,0.0003847436420427107,0.0013883392032559894,0.000793721446756995,0.0012514992956016468,0.0014453295019903724,0.00045362905597428466,0.0024405357707851278,0.000267799763010317,0.0004491534968661936,0.012909017942531277,0.0008471103785131728,0.09617399421711922,0.08659707665047837,0.5266876538210246,0.001601558057386145,0.0006585231710424679,0.001410255274212772
Z_R_1844_M_0061,8.773623427949319e-05,0.1324238293215889,0.16547405810386268,0.00013486799259160347,0.06286743398917267,0.15421383992310225,0.00748816555176619,0.00014007387014823865,9.974030020135454e-05,0.0001533855226348102,0.00026650566396167237,0.00011564868481241946,0.0002686229244280302,8.793983390600966e-05,0.0003173290097565281,0.00018141880610388176,0.00028605187496894214,0.0003303551311976698,0.00010368479028144695,0.026829527013015816,6.121028161547031e-05,0.00010266182360547425,0.0005622436118608282,0.052737022221219766,0.06497228971335586,0.06039498267949523,0.26846045604653884,0.00036606387778003683,0.00015051689477510517,0.00032233830797281373
Z_R_1844_M_0067,0.00021775321701104523,0.020426935920517662,0.019467726839265485,0.00033472988098724125,0.35757057395379443,0.14563928596625608,0.0008020442888577367,0.000347650387487574,0.00024754619813411276,0.000380688677499544,0.030299592205448776,0.0002870293370556343,0.0006666972481492781,0.0002182585324490771,0.0007875812461393062,0.0004502646937134023,0.0007099542910412709,0.000819910874510969,0.00025733605760850135,0.001384474485121985,0.00015191825641228893,0.0002547971489532867,0.0013954366315357208,0.00048055132777513875,0.17903810236937656,0.17953290967833493,0.055748130737016545,0.0009085366801156667,0.0003735690085282455,0.0008000138609024274
Z_R_1844_ON_0054,0.00010750697060596035,0.09495438432961435,0.02717060008466551,0.00016525953540519504,0.12678519006069255,0.09238930882855054,0.09697150039290006,0.2752655525123389,0.0001222160673983126,0.00018794985912832436,0.000326560819678879,0.014774364292894141,0.00032915518973124284,0.00010775644996010682,0.029654146844080017,0.00022230024362621985,0.04424847662901162,0.00040479831019482436,0.00012704942026076972,0.05043455608627817,7.500358318837724e-05,0.00012579593532073533,0.0006889412105511237,0.00023725306187856018,0.0005969960542595729,0.050592314437096345,0.09190709926260156,0.00044855376882297634,0.0001844348063850038,0.00039497495287996377
Z_R_1844_ON_0055,7.787826154424031e-05,0.011545552922059376,0.16384140461936572,0.00011971433339087952,0.049443745172518296,0.1029667396182234,0.00028684680646788677,0.09976362221610387,8.853356027154764e-05,0.00013615124864831097,0.00023656130185518642,0.00010265449157958824,0.0002384406686380258,7.805898488043512e-05,0.000281674177383402,0.059520609929277886,0.0002539113163107174,0.0002932366942936745,9.203485061799117e-05,0.0004951498192937758,5.4332743592123755e-05,0.002211111652024797,0.0026190552000998446,0.00017186658596187766,0.3820297342257014,0.013329339249992916,0.10897738054269115,0.0003249332348233217,0.00013360493750826905,0.00028612063488006454
Z_R_1844_ON_0056,0.0019642977149332244,0.023851282955113445,0.015198495950128465,0.003019515162018281,0.07072635882708933,0.03045556364909259,0.0072350424278626495,0.0031360678437318016,0.002233052801743821,0.003434098056403801,0.05943838610349264,0.002589220396539915,0.11295746713188616,0.0019688560400586627,0.00710457490984957,0.004061726026906329,0.006404321418262531,0.06086789084143064,0.002321364693797676,0.012489000644112291,0.0013704168784434642,0.00229846182908542,0.012587887445633907,0.004334934234330745,0.010907925119612805,0.06884313740089518,0.44941836991280115,0.008195683853404098,0.00336987329002208,0.007216726441317439
Z_R_1844_ON_0062,4.1382483169088755e-05,0.17849024304200894,0.0003201915361760912,6.361308391344213e-05,0.099495933395151,0.01979219884756724,0.086893293556107,0.001192573349508077,0.19267936750111483,7.234723328330182e-05,0.0001257025246630455,5.4547927570397246e-05,0.010265244490738524,4.147851485071656e-05,0.00014967433367928887,0.0012120744841346333,0.00013492187120407728,0.05873406864458189,4.890492649871297e-05,0.09601601886692539,2.8871007167439323e-05,4.842242458147633e-05,0.050957909615724536,0.0023443350613911876,0.0002298007192292653,0.07354664826665697,0.00045600087880631626,0.00017266107196698395,7.099418975348203e-05,0.12632057615187672
Z_R_1844_ON_0068,0.00027892844818220994,0.02616564575088885,0.002158172286127741,0.10672976855516605,0.0024501485719281148,0.02710344746563246,0.5021606560038369,0.00044531871640240495,0.0003170914204930051,0.0004876387293515829,0.0008472669461034017,0.0003676668876200143,0.0008539980781280271,0.00027957572610952337,0.016194700201005812,0.0005767613172959318,0.04646697920266946,0.0010502552890571666,0.0003296316270102508,0.0017734264732509161,0.0001945979218735374,0.00032637944152708753,0.03975211123962531,0.0006155566285912598,0.0015489152196080296,0.0021827328813235573,0.21567556217485864,0.0011637794829383648,0.000478518872272114,0.0010247684411222894
Z_R_1844_VIE_0057,4.663605749285511e-05,0.025956602585549927,0.00036084037849589,7.168886957709429e-05,0.0016791744507184167,0.04896469656199027,0.2997776561190301,0.03308188381639446,5.30167998745782e-05,8.153183357951112e-05,0.006489242930595595,6.147287672164984e-05,0.05219296065507441,4.674428055446382e-05,0.00016867573659489995,9.643288136567874e-05,0.00015205042473664335,0.00017559975098219155,0.019097860278214748,0.00029651195317249813,3.253622902801221e-05,5.4569731050165416e-05,0.010454991330347965,0.00010291934905950189,0.02945785271123399,0.12858610856637162,0.3407443002702036,0.0014640971318500005,8.000701894745574e-05,0.00017133842119188586
Z_R_1845_ON_0081,0.0008405958891440908,0.055971880245123194,0.07515154713529024,0.001292162594857524,0.03026643366339314,0.013033065919879527,0.003096143154069276,0.0013420398127416957,0.000955606164542813,0.0014695780009237951,0.002553375665134512,0.0011080234960684024,0.0025736610176901966,0.0008425465656289718,0.0030403112613399423,0.047503194426589124,0.002740646805228272,0.1862252382936619,0.0009933981004895136,0.02822702241671595,0.0005864522397371998,0.0009835971147324233,0.005386824186255331,0.2535627504210781,0.004667905961978778,0.006578017764404005,0.23808782994667796,0.003507237270359643,0.024324609402561297,0.0030883050637032007
Z_R_1846_HEN_0178,6.326019930314818e-05,0.03348717865389717,0.021154129510744104,9.72434725632452e-05,0.07460405912955997,0.11635851754575172,0.10527836975392915,0.000100997051167171,7.191545569637329e-05,0.00011059511286049799,0.00019215779610424623,8.33858315262865e-05,0.00019368439819947406,6.34070001438413e-05,0.00022880280384407424,0.00013080786890067391,0.003650361479092261,0.00023819498992637845,7.475953979304233e-05,0.0004022082110249501,4.4134269565995415e-05,7.402195313532962e-05,0.05551115823406177,0.0001396065380237564,0.015849786192130802,0.017715589449815043,0.5517547290307463,0.001985997130529063,0.00010852675454056586,0.00023241464342362185
Z_R_1846_KAP_0079,0.00011175882423318054,0.06524477444552614,0.18340116043905624,0.00017179547768953978,0.06791173441064083,0.06257825133123485,0.043003474406965274,0.00017842674878989332,0.00012704965936489058,0.012364479273370652,0.0003394761571480074,0.0001473138338440247,0.006426721173193893,0.00011201817038657607,0.00040421517194929603,0.006315640160745243,0.033829388430714286,0.0004208079061660743,0.0001320741692172995,0.0007105623639545253,7.796994207130844e-05,0.00013077110949658892,0.015927558633334404,0.00024663631662038367,0.04321244326543098,0.07084686244611675,0.36630437257771636,0.009593115933719818,0.009318551181933211,0.00041059603936950055
Z_R_1846_LAN_0080,6.948210416400023e-05,0.0008436793028538307,0.19724596334917388,0.00010680777430892872,0.02709031185934739,0.010534421601939006,0.0834786869184497,0.00011093053304852624,7.898864117945138e-05,0.034167149375887045,0.00021105731805962723,0.019005852049545278,0.00021273406784805732,6.964334348061262e-05,0.00025130651538933925,0.017166511755077694,0.013466522215942222,0.0021530489495229345,8.211245282773529e-05,0.002333193556055608,4.847505934167915e-05,8.130232144108596e-05,0.028816662251019153,0.0001533374242224268,0.03443151725992099,0.0024351532904105565,0.47551368387346493,0.04946699042739613,0.00011920081420282873,0.00025527359447941885
Z_R_1846_WIL_0078,0.00013570406307069683,0.12355327131280365,0.2226963536367582,0.0002086040587810712,0.008580256519278448,0.03535098541342959,0.0004998349519452642,0.00021665613375426238,0.0001542710842375242,0.00023724563526920407,0.0004122116902777291,0.00017887702323572265,0.00041548651567026215,0.0001360189762509223,0.0669847299405042,0.00028060549108255967,0.004136550376872288,0.0005109694293120039,0.00016037213627157203,0.019333336244820216,9.467563755311977e-05,0.00015878988538679857,0.011951955825917003,0.06309928251050466,0.00814178913281535,0.19684956069401627,0.234224026307758,0.0005662011364645149,0.00023280864912321038,0.0004985695868356694
Z_R_1847_BER_0537,2.42045568198702e-05,0.08001972416270262,0.1181287860715194,3.7207204260284744e-05,0.33031705633783354,0.11765789629318392,0.023809231479206806,3.864339490775951e-05,2.7516222724627097e-05,4.231579607272377e-05,0.02115803835802412,3.190500692984195e-05,7.41073387846287e-05,2.4260725616821567e-05,8.754430948993082e-05,0.022452346903075786,7.891561471694568e-05,0.004044484524901544,2.860442345552314e-05,0.00015389252016926965,1.6886611916830334e-05,2.8322208755556218e-05,0.044959705670844216,5.341611976004663e-05,0.08249579733289,0.1418509968818341,0.0121267540379933,0.00010098922072724391,4.152440279495778e-05,8.892626808776069e-05
Z_R_1847_HLS_0535,9.649369123665338e-05,0.10098740252911077,0.006000067165387026,0.00014832994077890592,0.16107814127858994,0.08817817992301194,0.00035541249415035767,0.00015405544684479814,0.08416505410650792,0.008048885638744462,0.0002931071234401909,0.08943601028293208,0.0002954357198221313,0.02899074697897198,0.00034900343899346427,0.023840096739083584,0.029208633719582384,0.00036332977235703864,0.00011403416412292474,0.008493696508213919,6.732003103639374e-05,0.00011290908927343616,0.11094102195078862,0.00021294827273824382,0.00316256824755652,0.037529323069927824,0.15078688771096144,0.06607085137214817,0.00016554084967974927,0.000354512744007112
Z_R_1847_ON_0233,9.354507930735884e-05,0.0011358615034046358,0.07966416065942199,0.04852660345748604,0.005914640714591123,0.037100863626206494,0.01053040587449645,0.1325654488426306,0.00010634391103170774,0.07910390875585083,0.05885281052203281,0.10452830823452985,0.00028640792456792344,9.376215886822488e-05,0.0003383387448524026,0.00019343019157594063,0.1556392630856314,0.00035222730039944305,0.00011054955811013013,0.0031412228928110637,6.526289503039766e-05,0.00010945886280483804,0.0005994686652954542,0.0052993680525355875,0.08200629574980646,0.0007320297439033861,0.19201555071545953,0.0003903002534780168,0.00016048232494206307,0.00034367969893784803
Z_R_1847_PRE_0222,0.00040501310801979685,0.0049178300043170855,0.09133515450873995,0.0006225854722452283,0.04765840414643633,0.11653132173681167,0.02354212804502832,0.0006466171470315729,0.022510781651171707,0.022758421847341666,0.001230258947770057,0.0005338641857487122,0.05636591945820151,0.0004059529764584675,0.001464872632861287,0.0008374760452939568,0.0013204893039629878,0.056650891261858426,0.0004786357599129935,0.0025750724691471303,0.000282562462401502,0.0004739134816406376,0.002595461665001674,0.0008938080892525998,0.0242994295594927,0.0031693985823359415,0.5116210683947177,0.0016898453653842892,0.0006948248447517733,0.0014879968466623124
Z_R_1847_WAC_0234,2.6339178825027302e-05,0.0010368200758947245,0.5637652506703642,0.0007574878479068552,0.005250362370164135,0.11154326974135595,0.002248012274051731,4.2051391250677955e-05,2.994290357501037e-05,4.604766483342025e-05,8.00073128122598e-05,0.09539562647264943,0.026609617264784217,2.6400301199557792e-05,9.526492221811264e-05,5.446349977787877e-05,8.587525496067872e-05,9.917547690344119e-05,3.112707372371008e-05,0.00016746444228406452,1.8375857667474384e-05,3.08199702512194e-05,0.0008857897171839135,0.05383307490650702,0.018071246529163847,0.04250907426567741,0.06482017362007311,0.00010989555247511843,0.012234174684457042,9.676875700872295e-05
Z_R_1847_WED_0111,5.3966815884107695e-05,0.0006552865108241092,0.0004175611601135636,8.295769911510168e-05,0.20173701755180842,0.13892956887416655,0.0001987744523907082,8.61598497193681e-05,6.135055215665022e-05,9.434788633565973e-05,0.00016392841814106784,7.113584634404365e-05,0.00016523075128432356,5.409205061350451e-05,0.0016642627455962856,0.00011159124149019012,0.03396462432176034,0.00020320241332584665,6.3776819612248e-05,0.045884375774161656,3.7650624343340015e-05,6.314758979960377e-05,0.009160274127555828,0.00011909732211941991,0.0002996826713855792,0.029803767879163636,0.5265227100282913,0.009039603395830499,9.25833848977298e-05,0.00019827124176937186
Z_R_1848_BUM_0235,6.540002590232788e-05,0.0007941130874457074,0.002286329177976613,0.003661142920075394,0.16614285355862365,0.25737792624920763,0.00024088607271161225,0.046392344782177776,7.434805323299803e-05,0.0001143360805913157,0.00019865768652307318,8.620642365625447e-05,0.00020023592714941087,6.555179239831703e-05,0.0002365422408206517,0.026839808371516102,0.066084514780712,0.0002462521250737608,7.72883407382462e-05,0.0004158132239373397,4.562714636678008e-05,7.652580462468667e-05,0.0004191055962349534,0.00014432884030502285,0.16771184748698992,0.11267100127083679,0.14670566891243372,0.00027287000958413246,0.00011219775840471259,0.0002402762537491521
Z_R_1848_RIC_0129,1.3566965219149292e-05,0.04078959772932851,0.12641136251754906,2.0855116243511273e-05,0.050715593568051935,0.04489769824473087,4.997082073234446e-05,2.166011956199228e-05,1.542319652640445e-05,2.371854761942864e-05,0.009274133955013225,1.788316648617754e-05,4.153811595300106e-05,1.359844855182552e-05,0.014821746892444079,0.004829173517762679,4.423321641789637e-05,0.014823761167822816,0.0029705685833624393,0.004148744960631272,9.465163037268851e-06,1.5874962056759416e-05,8.694172469843088e-05,0.05579679678262295,0.060273998115853475,0.036668543256026045,0.5293806568161332,5.660575631737002e-05,2.327496151479459e-05,0.0037430136117311266
Z_R_1848_SCH_0521,3.921771488452705e-05,0.015422260639780274,0.2639947063522013,6.028540572708707e-05,0.10176421127108262,0.1511362649279627,0.00014444950424585687,6.261241033831183e-05,4.458348010849291e-05,6.85626610659327e-05,0.00011912687192688593,5.169445879447881e-05,0.004390377155496505,3.93087230314904e-05,0.00014184468630801041,8.109341677246226e-05,0.0011954399125186583,0.00014766730590098882,4.634665000740965e-05,0.00024934614683402043,2.736072948777338e-05,4.5889388355321094e-05,0.0002513204475514905,8.65480897079484e-05,0.21693570133847856,0.09852388435737773,0.12106823145067519,0.023650300285671128,6.728039689725025e-05,0.00014408382080963533
Z_R_1849_COR_0538,5.610998683569895e-05,0.0037361370716682604,0.224963952273147,8.625217791733709e-05,0.0738087342610347,0.013089269737309511,0.010898563981612886,0.0779876783590481,6.378695161976803e-05,9.809470085539806e-05,0.004752679459309381,7.396084680041316e-05,0.0001717925196721903,5.624019498125487e-05,0.03686086947684415,0.03524653710928986,0.0017103525269585563,0.0002112721410353416,6.630957284103534e-05,0.00035674717554512784,3.91458343734297e-05,6.565535457883666e-05,0.007996640188130073,0.04594623692510374,0.047661407480155536,0.02793253029088664,0.385526529168034,0.00023410896913846242,9.626012620370037e-05,0.00020614513906967892
Z_R_1849_FO_0249,4.427531156086616e-05,0.05115822385656692,0.10158380529669216,0.0350203896435302,0.08355136050963619,0.04407556799003544,0.08212026491062671,7.068703476140806e-05,5.033305683626161e-05,7.740464198575519e-05,0.007366006208282609,5.836108186912556e-05,0.0061618219164022115,4.437805630449143e-05,0.00016013726699865127,9.155138956228443e-05,0.00014435353865854347,0.00016671078351634196,0.0012575763573036166,0.012334029821359387,3.0889225090513674e-05,5.180737768000445e-05,0.0002837312461912136,0.06397610518270111,0.035198194568892144,0.001551725756274053,0.4355841197002133,0.03754756609119714,7.595701440880654e-05,0.00016266516486261484
Z_R_1849_GL_0238,0.0002257833789404264,0.1072273807749949,0.0017469692828864518,0.00034707383247427575,0.1925162973343656,0.046524247790279326,0.21594950545293873,0.00036047081303470027,0.0002566750463013422,0.00039472746768122127,0.0006858346475680972,0.0002976142188161768,0.0006912832769299227,0.0002263073290734975,0.0008166251566075572,0.000466869263102696,0.07449083857467935,0.0008501470160493493,0.00026682592986494665,0.0014355302373870009,0.00015752059935704576,0.00026419339298276414,0.0014468966387275028,0.0004982727880152313,0.0012537957825904495,0.03864420179945874,0.29750675906252083,0.013234491614921637,0.00038734524417452775,0.0008295162532756709
Z_R_1849_HLS_0542,0.00022036570977808806,0.038668247931572655,0.079688757374522,0.0003387458004992268,0.1998943646733824,0.015414165779633851,0.0008116668098576564,0.018348061304439476,0.0002505161319932369,0.000385255987365796,0.0006693780543590229,0.00029047296961032075,0.0006746959439320779,0.00022087708773471348,0.0007970302468807884,0.00045566674136958613,0.17468212513915204,0.0488197210397515,0.00026042344524129774,0.001401084708512407,0.00015374089467916116,0.0002578540760464457,0.001412178373204542,0.0004863167391212393,0.0012237109695316353,0.007723201387124979,0.4043442749157652,0.0009194368428686005,0.000378050900213556,0.0008096120218565114
Z_R_1849_KRU_0540,4.622527129576442e-05,0.0030779538452172374,0.10983273055592237,7.105740972198504e-05,0.0708727604027789,0.03846672594988139,0.029111945036806787,0.008882139062939602,0.0013108839315657938,8.08136735621664e-05,0.025307095304413742,6.093140279331488e-05,0.00014152838516400305,4.633254109197495e-05,0.035400545389172144,9.558346787019248e-05,0.0001507111130730629,0.02408240131983055,0.0013129621507368477,0.00029390017541546274,3.2249638897786546e-05,5.408906236804551e-05,0.002812895494245788,0.044143707057585094,0.035490048570865296,0.016720075847154563,0.5516597096887244,0.00019286674657196718,7.930229001407575e-05,0.00016982921431976292
Z_R_1849_KZH_0236,6.516798810505594e-05,0.016757192750920358,0.2399926861395386,0.00010017612231867445,0.08040193099884602,0.10567572652916309,0.00024003141443075824,0.00010404290061698209,7.408426803925199e-05,0.00011393041879037484,0.012615872865805084,8.59005652352538e-05,0.0001995254946560072,6.531921613698574e-05,0.00023570299435607438,0.0001347527472007602,0.00021247122512713175,0.0020193670013351514,7.701412347162784e-05,0.00041433792812166126,4.5465262294217724e-05,7.625429281877248e-05,0.00041761861915760575,0.035623588228345895,0.011005815245676013,0.0785654642429774,0.414057435101075,0.00027190187302620456,0.00011179968332202134,0.00023942375909204028
Z_R_1849_ON_0077,8.187022515435646e-05,0.23723133783914688,0.09200824049873182,0.00012585077317560977,0.1678681485961151,0.10378740774686497,0.08499037112330896,0.00013070858786514848,9.307170408562435e-05,0.00014313022865247016,0.00024868720309954265,0.00010791646053825459,0.0002506629043877805,8.20602121922221e-05,0.0002961125205580912,0.00016928921813129288,0.0002669265623474215,0.0003082677207901523,9.675246715493438e-05,0.08743800472481845,5.711778695283512e-05,9.579789561701663e-05,0.0005246522314601272,0.00018067629926762436,0.013826551937098053,0.0006406690805845684,0.20148092862247244,0.00034158899502407,0.00014045339609079497,0.006986746438313424
Z_R_1850_KAP_0239,0.020125737570870685,0.0008944318665591051,0.004580364314551587,0.00011323292703164714,0.0006470568509262928,0.13348579434111393,0.002276524315556849,0.00011760369538208272,0.004094155436907568,0.00012877993776337879,0.08644767917753736,0.06827415404597176,0.010251569189472278,0.0020790403928112244,0.10854763286873995,0.00015231621705777737,0.014276617384024722,0.00027736068244679156,8.705202818419983e-05,0.026536040499946945,5.139113601801048e-05,8.61931623499097e-05,0.002477257968738399,0.29492807420157213,0.0004090511962556953,0.014612888335949016,0.20333765772690665,0.00030734115311633475,0.00012637148544732382,0.0002706298907904304
Z_R_1850_LBK_0252,1.4351396865236389e-05,0.0470547268990564,0.0008923831600281272,2.206094325787883e-05,0.09818437396087987,0.22642076308414452,5.2860095712431286e-05,2.2912491258093846e-05,0.0004069855085498634,2.5089936065655547e-05,0.01684242733191866,1.891715761812219e-05,0.015670761997937786,1.4384700540345624e-05,5.190688423395042e-05,2.9675461986664344e-05,4.679074746525561e-05,0.0008353787324685763,1.6960171432450565e-05,0.003607281140793844,1.0012431590100972e-05,0.003142157276251404,0.002435991956264817,3.1671554219414775e-05,0.30636540934145706,0.22357586290851253,0.043522572120968,0.00045054921273421995,0.00940071400991082,0.0008340673858779323
Z_R_1850_MIN_0154,2.8728590873274215e-05,0.02850239467130106,0.04479875483089508,4.416154184052513e-05,0.16526350367807005,0.12557236053825938,0.03842593951129152,4.586616852856489e-05,3.265923482576459e-05,5.022497217764404e-05,8.726533852564401e-05,3.7868319495276065e-05,8.795862004393193e-05,2.879525808802508e-05,0.02043703425356691,5.9404266664479746e-05,0.036067659845624565,0.025133559680764358,3.3950829372137196e-05,0.01895169679338241,2.0042860879655515e-05,3.361586638503893e-05,0.04476057370229846,6.34000391762772e-05,0.019710616323889388,0.09407001572608685,0.3256466002986586,0.00011986495049155514,0.011779935957402819,0.0001055473311406855
Z_R_1850_NIE_0251,8.297982465477848e-05,0.019078441602829354,0.17683300477904654,0.00012755644767180297,0.02105863307124341,0.2949381641077884,0.00030563725013259236,0.0204622061705154,9.433311891821004e-05,0.10405255889367233,0.0002520576982435385,0.00010937906859234014,0.011548352437319899,8.317238661560183e-05,0.0003001257781772133,0.0024304420725808676,0.0002705442582762119,0.00031244571966996594,9.806376792413717e-05,0.0005275855465713268,5.789191292779837e-05,9.709625893429971e-05,0.0005317629222250039,0.0001831250323818607,0.10210942491366654,0.13843971774708264,0.1048218581187475,0.0003462186021555242,0.0001423569821361624,0.0003048635092987328
Z_R_1850_OAR_0240,0.00010356678241507283,0.0012575490025535884,0.16713838638302508,0.00015920268470830633,0.0009097458709830693,0.026979205571492224,0.014477824949475528,0.00016534787651663042,0.036768273661393985,0.0001810613958850364,0.00031459219031417125,0.03114850831497408,0.0003170914753112545,0.00010380711821694973,0.028567306441571173,0.017129785225801872,0.025711113799050656,0.00038996223479868217,0.00012239299079811275,0.02603192598788453,7.225466159671341e-05,0.00012118544675409971,0.0006636911453067145,0.08198744756947304,0.006213659963507548,0.045918806883476375,0.44658620731376697,0.03426337884328229,0.005816219306862837,0.0003804989088033603
Z_R_1850_ON_0241,0.00022036570977808806,0.008674514625323565,0.09768499735827146,0.0003387458004992268,0.03792820481963733,0.1293903523433804,0.0008116668098576564,0.10233051456193692,0.0002505161319932369,0.006384002648615614,0.0006693780543590229,0.006289219630860139,0.018670935927681532,0.00022087708773471348,0.0007970302468807884,0.00045566674136958613,0.15668588515540258,0.0008297477497529592,0.00026042344524129774,0.001401084708512407,0.018149980878428614,0.0002578540760464457,0.03740465834070345,0.0004863167391212393,0.0012237109695316353,0.02571944137087443,0.3323593149807673,0.0009194368428686005,0.01237554422271319,0.0008096120218565114
Z_R_1851_ASS_0543,1.2073248742200646e-05,0.060619175156054424,0.2603884204192091,1.8558977773454407e-05,0.002077985053090812,0.1194890677614366,4.446905691937359e-05,1.9275350605943147e-05,0.007244141922092929,0.09533114694435567,0.02074195794375976,0.21134127834135213,3.6964788962170044e-05,1.2101265774786315e-05,0.014175845473545634,0.024016802368117478,3.9363160135995605e-05,4.54596633302739e-05,1.426790509224541e-05,0.0004054169991667285,0.011840014200342147,1.4127136215675479e-05,7.736948178200638e-05,2.6643995405724615e-05,0.024716192079575965,0.04117639197508098,0.09741500891223961,0.005637513753223573,2.071239922076563e-05,0.003002254267395857
Z_R_1851_CAM_0253,7.488285214031315e-06,0.11587457080074993,0.059988206614061235,1.1510979506512085e-05,0.11381097881263001,0.05963868063463343,2.7581389940829246e-05,1.1955301014650033e-05,8.512831914594935e-06,0.31128355979264044,2.2746251184457808e-05,9.87061210929386e-06,2.2926959307785434e-05,7.505662436627498e-06,2.7084022368377567e-05,1.548409017609776e-05,2.4414519763318906e-05,0.002474329147982301,8.849494035852093e-06,0.011462899451620172,5.224295874241242e-06,8.762183857827693e-06,0.016355543120359656,1.65256130391826e-05,0.08137551690484933,0.1476419775659608,0.005790159210317841,0.0691345105807278,1.2846612883062506e-05,0.0049197782588402215
Z_R_1851_C_0549,0.0001442288071483917,0.0017512834553654827,0.11890089309442578,0.00022170828111928243,0.0012669270853099958,0.07683333328661333,0.0044573986221101225,0.26720946717008126,0.00016396218325073704,0.00025214908236176814,0.004364270986704127,0.051230255200191144,0.0004415868116649144,0.0001445635027449087,0.0005216543076713958,0.035633715229604485,0.17714765052909776,0.0005430678316578599,0.00017044649504884853,0.000917006445449663,0.00010062303192194188,0.011947259010805922,0.0009242672213074953,0.00031829309219835055,0.0008009157759057996,0.028611804358336386,0.17434053035886965,0.012380263280775062,0.027730586414261706,0.000529889047996401
Z_R_1851_FRI_0550,0.0008217912383434769,0.05471975460870707,0.006358501928124974,0.0012632561170984522,0.007218735278428759,0.03511212767454366,0.0030268805136104146,0.0013120175507189476,0.000934228662631117,0.0014367026306197903,0.0024962550696548814,0.11293633389128335,0.002516086626306847,0.0008236982769869208,0.0029722976149100444,0.001699279511495411,0.04742057586523074,0.003094308236380613,0.0009711751695580772,0.04996618595168542,0.0676851914801737,0.0009615934379242157,0.005266317591998755,0.0018135799606574902,0.3401227747155512,0.006430863431843798,0.165649799151803,0.0034287781998410313,0.00140983330735178,0.0701310763065361
Z_R_1851_HLS_0256,0.004967551009619176,0.0021372847214279006,0.20260629056868748,0.00027057511472430016,0.020712301755123234,0.03626981496581022,0.000648323432708189,0.014655617235994442,0.0049916338290602645,0.0003077253882589807,0.005326202147046016,0.0002320169193560234,0.010121982499914806,0.00017642681699880092,0.000636632395650906,0.00036396637431496424,0.2066097878457564,0.0054542983438566235,0.00020801469263741462,0.0011191242967012738,0.0001228014049305551,0.00020596239453175068,0.005919518082454438,0.00038844823252761544,0.010560511341654066,0.0013774179181052265,0.457135179816795,0.005525938011783188,0.0003019702843434699,0.000646682159227235
Z_R_1851_LOO_0242,0.03770780236466363,0.06353069350246848,0.06814695701337298,0.006357027042161795,0.06015365068280173,0.06590701746550928,0.00037872552350539843,0.1844942370628878,0.02336515549377155,0.025040592942461137,0.0007044017978832402,0.033375045062620505,0.0871042276173095,1.2282923942512724e-05,0.06976440679728362,2.5339522468249294e-05,0.03873626869643144,0.015391232367882906,0.0006816599263235871,0.018425304557976658,8.549495719837006e-06,1.4339205740295627e-05,7.853091386357796e-05,0.028382102100347077,6.805028498215444e-05,9.589652986402687e-05,0.16592872722646962,0.006055730217916529,2.1023323429991887e-05,4.502233794096062e-05
Z_R_1851_LWF_0883,3.1594774991121634e-05,0.04768726541818549,0.23332234205588107,4.8567435272657176e-05,0.055321756124599074,0.09767731913078667,0.0009764381283858889,0.001770574096301336,3.591757006996681e-05,5.523579983048273e-05,0.036218742919068056,4.16463528971128e-05,0.006117195932297934,3.166809343749548e-05,0.01645552733131968,6.53308909948258e-05,0.0018231423681657347,0.02334074605067884,3.733802397431634e-05,0.015682067221010614,2.204249009164501e-05,3.696964251577536e-05,0.009663195880127337,0.01899117695743945,0.01651670237274867,0.13011720601881036,0.22826563412143777,0.04313512278878454,5.420277564720265e-05,0.016457331234248807
Z_R_1851_NIE_0255,2.1766462946974878e-05,0.013299777627220353,0.07008599286125859,0.004181112285371134,0.10032739161990425,0.12298950125372213,8.017179968628994e-05,0.06876728491436128,2.474454900511232e-05,0.001815618915339213,6.611733119638274e-05,2.869125662285543e-05,6.664260187694629e-05,2.1816973933262156e-05,0.0006712479287984064,4.5008151459579294e-05,0.08835672144996426,0.005414654336309223,0.005950941586582537,0.006656131419469486,1.518564522056814e-05,2.5469349099927364e-05,0.00013948689324591257,4.803558272852783e-05,0.13936350473511802,0.017945987112915292,0.3373847782928551,0.01608890652117816,3.734170311640333e-05,7.996883949372709e-05
Z_R_1851_WIE_0254,8.529176905596154e-05,0.01264461499172357,0.00530352126063197,0.00013111036473846966,0.13541324958757694,0.15223900096622336,0.016566708612555454,0.00013617119861104813,9.696138340341985e-05,0.0001491119681683672,0.0072244614853932245,0.00011242653617004026,0.00026113868029104236,8.548969608653598e-05,0.00030848773983951195,0.00017636420162880432,0.049035749561955125,0.0003211509336815623,0.009387970741263425,0.0005422848840984331,5.95048698667173e-05,9.980150871221724e-05,0.05394783355970069,0.0001882271749218465,0.0027954266971999295,0.06567766747732476,0.486194726632999,0.0003558647801532358,0.00014632326465348832,0.00031335747137180926
Z_R_1852_FR_0551,0.00026108673198460997,0.07424267209112305,0.016234615007701222,0.0004013420877273347,0.19418904822837602,0.0466915058027505,0.008068898733954567,0.0004168338120933939,0.000296808601834672,0.007563692146961606,0.0007930713396871315,0.15670354626636115,0.03633559856519568,0.0002616926066446864,0.008051557504237087,0.000539868659684236,0.0008512372319946667,0.09337726478560154,0.000308546671434016,0.03719621553180812,0.00018215042532975596,0.0003055025126716505,0.0016731325250675564,0.0005761824208241757,0.001449838535453042,0.02336484990966615,0.26584503795875897,0.0010893380862773405,0.0004479103130881564,0.022280954905707855
Z_R_1852_GUD_0885,4.919675729808593e-05,0.07693309221566688,0.09278705819230572,7.562517303480848e-05,0.10489156561040121,0.213699271739104,0.0015204282870283701,7.854428959800015e-05,5.592785446219195e-05,8.600859601594032e-05,0.07112827161509991,6.484823887511283e-05,0.00015062621420118032,4.931092268817782e-05,0.0015171606668656131,0.00010172783282182987,0.0001603992328036211,0.10732310217127862,5.813966720670554e-05,0.031114927788658053,3.432273328703412e-05,5.7566054221202456e-05,0.004332939314416533,0.0027870169745349118,0.03643222203891651,0.0003849853986169195,0.2482984102933921,0.00020526474493275568,8.440005662795086e-05,0.005537639325640083
Z_R_1852_HLS_0258,0.0001768658092790967,0.002147574896682232,0.0013684760032090784,0.00027187782620773494,0.0015536153190979106,0.0027422258198935563,0.0006514448519918116,0.048428392068687105,0.0002010645779103813,0.0003092069635229804,0.0005372437091827788,0.00023313398847564376,0.0005415118543671743,0.00017727624190147306,0.0006396975272443494,0.014809524671361056,0.16908771588948443,0.0006659566381963431,0.00020901620058872065,0.0011245124347574627,0.00012339264481803686,0.00020695402148453098,0.0011334162246693378,0.0003903184561575649,0.15023481345740178,0.006198651618415843,0.5797011532910773,0.01036714518515618,0.0003034241510727556,0.005464397657705371
Z_R_1852_HUD_0257,5.250137738203834e-05,0.1578473910013674,0.006122946101054253,8.070502950073307e-05,0.10907892783578392,0.00938909590714221,0.0044809195284136495,8.382022750814823e-05,0.11010661351122648,0.0015209668173892452,0.0001594770342379833,6.920419248598178e-05,0.0015899248980472103,5.262321143286541e-05,0.0016190706277178866,0.00010856104415328183,0.00017117349019952525,0.008772769934930324,6.204499598196333e-05,0.12324336059628169,3.662824283656062e-05,6.14328525506257e-05,0.010340712935636523,0.03584538567112055,0.2689775531775468,0.0004108454461112976,0.1077670890438726,0.0002190526861688449,0.03296122991535826,0.008767972666561222
Z_R_1852_LBK_0156,4.5821658600081495e-05,0.03922414382252271,0.006591274403905277,7.043697696124179e-05,0.34841233561402124,0.14041331585815822,0.00016877362406232652,7.31558301930099e-05,0.0012994380409843968,8.01080546718895e-05,0.04254898711096686,6.039938454780151e-05,0.00014029264005206623,4.5927991777633e-05,0.001413077242009461,9.474888756274611e-05,0.003891436387640025,0.0051619215413302244,5.415104832471679e-05,0.012764804666831293,3.1968053450574055e-05,5.361678753531069e-05,0.00029364076364040207,0.00010112208298631634,0.01771731079107129,0.1762345101331444,0.1950910592326531,0.00019118274417869965,0.007562692263702452,0.00016834636251433514
Z_R_1852_NIE_0260,0.026680799221386574,0.03248883446794598,0.012764925529219179,4.4265394212473995e-05,0.0778573115095623,0.1423291937531735,0.009512653368544743,0.03375291908996276,3.273603782813571e-05,5.0343083599354573e-05,0.044768769821913,3.795737242770092e-05,0.0055753425705506844,2.8862974379818515e-05,0.00010415142571641741,5.9543964549559644e-05,9.388587141695072e-05,0.02519266494927585,3.403066974937448e-05,0.02526732404665911,2.008999461992459e-05,3.369491904746202e-05,0.019781596601455606,0.16546274466255761,0.022892498515194797,0.008064166468267455,0.34679334978158927,0.0001201468305823145,4.940156337191824e-05,0.00010579554124012939
Z_R_1852_ON_0552,0.0004789384462779512,0.05796568706807069,0.04281839310088559,0.013773779940558274,0.017244622416462234,0.007425727894364278,0.0017640604847281968,0.013802198015814905,0.0005444667736428989,0.026912420816689268,0.0014548129364142395,0.01366886473098845,0.0014663707317362135,0.00048004986494764175,0.00173224967015977,0.040103006709589835,0.07978685203173837,0.0018033572395155992,0.0005659991310073614,0.02912020273466738,0.0003341373996034531,0.0005604149151539236,0.003069200360668637,0.0010569511185212807,0.34163605966944127,0.0167854521303076,0.2790661949900637,0.0019982857288351973,0.0008216482997495157,0.0017595946493961484
Z_R_1852_WAG_0259,3.634633205457158e-05,0.016271920724466427,0.021058873205418802,5.5871520843397614e-05,0.09629221811111736,0.05102353657510692,0.00903857980419856,5.802815038035883e-05,4.131923486472693e-05,0.0010529545651068433,0.05057040766174064,4.790957275959996e-05,0.005058341037912507,3.643067690584456e-05,0.00013145931842045068,7.515604267434162e-05,0.12379497974361404,0.00013685562633326446,4.295331167933341e-05,0.004188737182503844,2.535747332923455e-05,4.252952911343002e-05,0.03090468608216355,0.010963741367875273,0.05066183735025222,0.026998544545424386,0.4802652395263495,0.0011410604449683325,6.235436341946662e-05,0.019921770919002865
Z_T_1800_WIN_0070,0.0001916275775085221,0.11187213321070467,0.30403642056212843,0.00029456959164028045,0.001683284865471443,0.008187544054382469,0.0007058164569874415,0.00030593991899905505,0.00021784605031795467,0.00033501433437128203,0.0005820837330969448,0.00025259207321404734,0.0005867081108976859,0.00019207226610874975,0.000693088664132861,0.2873006393354047,0.0006247752515505579,0.0007215394418143604,0.0002264613400527134,0.0012183677253908367,0.0001336913771249992,0.00022422704509352786,0.006444458227552063,0.14648331572566303,0.0010641254889342555,0.053664002450189006,0.059492457383330366,0.0007995320825931553,0.010761636019216649,0.0007040296361279281
Z_T_1805_H_0074,2.9278112960443953e-05,0.16772599408252628,0.03290363075873648,4.500626627382183e-05,0.03532528542196202,0.01400298361088906,0.00010783924853456766,4.6743499156143396e-05,0.0024242909083103947,5.118567824432329e-05,8.893455478396028e-05,3.859266682085315e-05,8.964109742976421e-05,2.9346055389393708e-05,0.00010589461320713433,0.2798083555558325,9.545724382480138e-05,0.00011024150885546226,3.4600242728330613e-05,0.028878233769042815,2.0426241839481398e-05,3.425887255054879e-05,0.07909085397192168,0.12519397730328563,0.00016258404283026132,0.18513365228640793,0.04176674143006978,0.00012215773394421981,5.022839974693113e-05,0.006483584821894925
Z_T_1812_BES_0017,1.5063463933958537e-05,0.1826570642327414,0.03251084024185624,0.09269542437140037,0.16825457731566854,0.0010536608918301868,0.03737042294035896,0.022577035110061,0.0028875044544124507,0.024219537739816187,0.011937330768335466,1.9855762068976756e-05,0.004556717117271094,1.5098420023152294e-05,5.4482325722332676e-05,0.02422435078379915,0.02547247813172155,0.051723558934590165,0.03528247035050944,0.061193862219660576,1.0509214090096786e-05,1.7626043446874133e-05,0.010347888969688947,0.011514763021319603,0.030837720312521397,0.08827954964957015,0.04691217567197312,6.284963180546987e-05,2.584229690863507e-05,0.0332697396128946
Z_T_1825_ON_0016,0.0001664478663280731,0.02920711833677119,0.0012878685359468238,0.00025586338172790384,0.21441943345986117,0.01617372136184019,0.05498515721780942,0.0002657396571206541,0.06362331981449107,0.0002909937174514438,0.0005055983938113358,0.004750408715945298,0.000509615132049307,0.00016683412320013012,0.0006020173652508796,0.1362743879677518,0.02772872252149351,0.00062672973338719,0.00019670450019592826,0.010120289256154973,0.0001161244365672172,0.040973827150983105,0.050907731946481634,0.00036732749241191287,0.0009243002465579224,0.12363971491819617,0.21026044223395213,0.009756488283496324,0.00028555153053222735,0.0006115207022330169
Z_T_1839_TEL_0523,1.8754921120902677e-05,0.0083964068015101,0.13543882822674225,2.883003337859489e-05,0.029265658161612744,0.2228872377227608,0.0005796217913393997,2.99428669044645e-05,2.1320968220410425e-05,3.278843002242557e-05,0.052132286056175633,2.4721621337012683e-05,5.742213351515421e-05,1.8798443560256496e-05,0.0005783761003269972,3.878096007047243e-05,6.114783014778618e-05,7.061830814119987e-05,2.2164161468010376e-05,0.00011924374812358387,1.308460538469576e-05,2.19454871714129e-05,0.0006307302283739201,4.138952512701853e-05,0.22014788720126113,0.31208812196890257,0.017054560303477975,7.825158224942235e-05,3.2175218278431594e-05,6.890459329513724e-05
Z_T_1841_HIE_0986,5.628462093182642e-06,0.15114005997981245,0.10775492577664783,8.652062515782078e-06,0.17808730645804338,0.039617188686386674,2.0731155841708735e-05,8.986030399517886e-06,6.398547914167715e-06,0.24010048956741598,0.04536925533083303,0.009200424192617181,1.7232719866761158e-05,0.00015885827491160263,0.009673012659790078,1.1638394119963007e-05,1.8350823330501987e-05,0.002013010738675977,0.00046630184960058543,0.01918787968468659,3.926767003564393e-06,6.585969723064261e-06,0.05044438033469831,1.242123982982883e-05,0.0921145230040831,0.028695577618909673,0.016149779921484857,2.3483759893373474e-05,9.655972171388866e-06,0.009673334016699859
Z_T_1842_S_0220,5.787806168084911e-05,0.007004953637719778,0.2399304825421037,8.89700596121165e-05,0.13285408918814964,0.02925716216251008,0.0002131806338315829,0.011121210933591695,6.579693435132639e-05,0.00955444859150522,0.003326896746283647,0.0016518352246630936,0.00017720585248060422,5.801237279915149e-05,0.00020933640645326768,0.00011967881840354647,0.009641966267485109,0.0033690171248629466,6.839904557743411e-05,0.003519076205165994,4.037935391159576e-05,6.772421232460963e-05,0.00037090229269790334,0.08520709446847428,0.13266708194706556,0.01778390214557494,0.30786881088916246,0.0033925735614277553,9.92933671173029e-05,0.00021264095301286074
Z_T_1843_ECH_0043,6.250671917168489e-05,0.20324272910373886,0.09577010704562779,9.608522416538954e-05,0.007355244620888535,0.01798457990192285,0.03596265530149228,0.005204426389461322,0.03580348494840244,0.00010927783562939102,0.00018986904135694465,8.239263883968876e-05,0.020609906639781288,6.265177149564929e-05,0.1584696787177285,0.040966308200188546,0.00020379452530705164,0.00023535789497093,7.386909321696597e-05,0.10249006348294377,4.36085947246111e-05,7.314029181282406e-05,0.048043799055156114,0.17539698583439486,0.00034710553650498085,0.007295317863386189,0.03131656632914165,0.0002607982003695693,0.0001072341131297058,0.01214045508504971
Z_T_1844_V_0050,3.909251220469459e-05,0.17499818447136123,0.21632852230560018,6.009294437705577e-05,0.00034339438510354087,0.12192123321959934,0.24064589525017685,6.241252001863849e-05,4.4441147206071744e-05,6.834377455183633e-05,0.026722939800317435,5.1529424069926026e-05,0.11504980474627256,3.918322980785854e-05,0.00014139184669463548,8.083452578081275e-05,0.00012745573713337333,0.0001471958775559952,4.6198688179463516e-05,0.00024855010846509866,2.7273380271631473e-05,4.574288633665745e-05,0.05345890458883937,8.627178465555763e-05,0.00021708430072722156,0.026910108655670055,0.0004307672849705387,0.00016310657423735262,6.706560401560147e-05,0.021426978425799475
Z_T_1845_ON_0082,0.00016348486208384694,0.001985098121733592,0.4641012171799305,0.0002513086565594385,0.0014360751080683433,0.055938945695944035,0.0006021591862057,0.00026100912047108394,0.00018585285038192243,0.03588860396950367,0.0004965980370042132,0.0002154960198828116,0.004950892064973687,0.00016386424304468619,0.0005913006162309774,0.00923874752383172,0.0005330198145859319,0.00061557306973643,0.00019320288565561247,0.0010394364012876647,0.00011405725958263005,0.009091994309180684,0.0010476665666978116,0.022612532516942462,0.040960985552096,0.010180035661942768,0.3177762328443784,0.0006821115935076719,0.009181165901447304,0.009501332367108399
Z_T_1845_WAC_0083,1.5843044954078516e-05,0.0001923725437328398,0.6539368011614259,2.4353902205197827e-05,0.00013916764038306582,0.12272798622300347,5.835424108976778e-05,0.004338052649775928,1.8010689344034094e-05,2.769772090590077e-05,0.0030670555706841358,2.0883359394323468e-05,0.06819009414317279,1.58798101294023e-05,5.730195520804311e-05,0.018146346360472677,0.00048292992923473836,0.0013534817656847028,1.8722968987365303e-05,0.002688385260809744,1.1053098543031109e-05,1.853824591180759e-05,0.00010152761730664548,3.496341589432162e-05,0.058741496088345994,0.06395280715514667,0.001468404913417849,6.610229535562566e-05,2.7179715995944752e-05,5.820651348411615e-05
Z_T_1847_JMT_0243,5.9969118623158325e-06,0.09573533016025505,4.640031903503127e-05,0.00833479553676757,0.2646754320548077,0.121221963840476,2.208825649501039e-05,0.007029178489348505,6.8174089569769534e-06,0.016661638333429846,0.03576922360894141,7.904772475229483e-06,1.8360806287408045e-05,6.0108282222490635e-06,2.168994507792149e-05,1.2400265401245223e-05,0.07772493831249162,2.2580301301115443e-05,0.00033358024052730883,0.001017608010818316,4.183820595105066e-06,7.017099751801662e-06,0.01179218614688244,1.3234357671235585e-05,0.15560732042965614,0.093097495887317,0.10013625276549541,0.010636050680670282,1.028807036418188e-05,2.2032338618535784e-05
Z_T_1848_DEI_0244,3.0118264393344717e-05,0.008564435313551841,0.003512527075162832,4.629774565128548e-05,0.3405117497950234,0.02834264342557805,0.00011093375463547878,0.0025077030452192164,3.423904338732376e-05,5.265447922132156e-05,0.036165887079361976,3.9700104461141224e-05,9.221339765123557e-05,3.018815646737966e-05,0.0001089333169358427,0.003341768753506455,9.819644154183035e-05,0.00011340494912755876,0.005774702285872833,0.00019149186019432572,2.1012383998759332e-05,3.524194959864253e-05,0.0026526262916314654,6.646685703738809e-05,0.24776881654189054,0.21340260017541285,0.047064624566908894,0.042759045524689246,0.015629251764746853,0.0009305256571406479
Z_T_1849_NIE_0248,1.2357544832846826e-05,0.0543095413737606,0.08553978105517167,0.012465587132646042,0.09497175860697224,0.08395379264184279,4.5516196699796604e-05,1.97292389453716e-05,0.03769021606452414,0.059227010651345474,0.026612691053422247,1.6288980478425667e-05,3.7835221206042666e-05,1.2386221599444914e-05,4.46954157199991e-05,2.555262427617397e-05,0.030988570729265044,4.653012951902342e-05,0.015825138565588395,0.00916121682874224,8.621395772295549e-06,0.002369220281512166,0.05457507685950711,0.023574876248433296,0.07643014116571427,0.021962336081845203,0.09163543452837966,0.21366197509606522,0.00035759448162387173,0.0044185275845889565
Z_T_1850_GRU_0872,2.5622692176917636e-05,0.0219334741205954,0.027400567557041403,0.0007368824246043304,0.1683214323778893,0.183838523169028,9.437534015680789e-05,4.090749604552761e-05,2.9128387269864787e-05,4.479506173410019e-05,0.03913756577118483,3.377430859608477e-05,0.0007759445233339361,2.568215188134202e-05,0.01683255985684552,5.2981966482577434e-05,0.000781034514240702,0.009861411384938274,0.012585195116060354,0.11315714195902164,1.7875991792620355e-05,2.9981595701776213e-05,0.0001641989209299305,0.22465002109348964,0.0022347709515572927,0.11249724605742777,0.0602669337568961,0.00010690613900258297,0.0007414525660840439,0.0035816127479912662
Z_T_1850_GUD_0865,1.7835250458229454e-05,0.14975279484184553,0.021500316789556148,0.003425967047803616,0.33952623328267784,0.12068232495075759,6.56920754913333e-05,2.8474581537075038e-05,2.0275468276918484e-05,3.118060896189704e-05,0.08307591524303408,2.3509366178443793e-05,5.460636845586345e-05,1.7876638721151198e-05,0.0029775509518690855,3.687928791641761e-05,5.814937096416593e-05,0.02919759028636889,2.1077314504833155e-05,0.028272816823531062,1.2442985639809218e-05,2.0869363171769617e-05,0.0010853088418173477,0.01654660634468641,0.09234541775354112,0.09529898882318877,0.0006820370168324582,7.441441951018014e-05,3.0597466811228594e-05,0.015116250435890802
Z_T_1850_KRN_0870,6.414387361555823e-05,0.013001632871257716,0.033672401551177324,9.860185523829654e-05,0.24501889890844228,0.011471184400547299,0.03166624570916162,0.035024614963558465,7.292003427127805e-05,0.00011214000303456433,0.05432426302529011,8.455063843727365e-05,0.00019638995286558078,6.42927250999956e-05,0.00023199892340410765,0.008863186882799834,0.0037013529509121175,0.00024152230783339358,0.05245911449167022,0.00040782661040146713,4.475077600672852e-05,7.50559571261589e-05,0.00041105574540011215,0.03331765342699258,0.12956836306181863,0.08082302921680534,0.26436947623148255,0.00026762893694232847,0.0001100427520595929,0.00023566121634757364
Z_T_1850_LWF_0867,2.2267841891921803e-05,0.06816145542679321,0.13352975431299727,3.423008931228608e-05,0.2905511642187087,0.23857016983521884,8.201851462748781e-05,3.5551363917833536e-05,2.5314526585006392e-05,3.892991982834709e-05,0.032194664716902736,2.935214452227264e-05,6.817767891261254e-05,2.231951637202407e-05,0.006748412487789622,4.604489038899509e-05,7.260122316629913e-05,8.384558432563365e-05,2.6315655504763115e-05,0.00014157889082544502,1.5535438514847263e-05,2.605602206610083e-05,0.00014269989994984653,0.0006553123287827907,0.10620345293911464,0.10928490419798093,0.007519416538373459,9.290862116081163e-05,3.820184946891973e-05,0.005537343325996342
Z_T_1851_GIT_0875,3.550327540619267e-05,0.05262006007273307,0.0186374859900789,5.4575575573560064e-05,0.10372333408782589,0.12135825233853588,0.00013076821397240625,5.668218188213896e-05,4.036083126002932e-05,6.206886468455715e-05,0.04746449758203275,4.679830563709279e-05,0.00010870074085929107,3.5585663870573144e-05,0.035887515894193305,7.341279107615228e-05,0.00011575352624695316,0.11900854643158996,4.195700550662846e-05,0.002158654385772698,2.476930431002775e-05,4.1543052617874215e-05,0.0002275170567918155,0.11218797978847943,0.021459323948677063,0.13558255272125594,0.22750986171670023,0.00014813112023570404,0.0010273703665699976,0.00013043716562382491
Z_T_1851_LBB_0548,1.3724089920404467e-05,0.1608121250306148,0.00010618834583410232,0.035138946131698566,0.4387200788291642,0.042802518271298134,0.004533679275031468,2.1910974470245875e-05,1.5601819019162862e-05,2.399324204435789e-05,0.029555625326990673,1.8090278920406467e-05,4.201918625534148e-05,1.3755937874730516e-05,4.9638007603312594e-05,2.8378332266809463e-05,0.016482887811291494,0.018731382783290146,0.00487294269836527,0.03931464279567618,9.574783051069965e-06,1.6058816635164677e-05,0.0703236476004468,0.0004038813177233537,7.621112830734715e-05,0.12862378214280215,0.003139981314275751,0.005661173482910394,2.354451858342892e-05,0.0004240157276348119
Z_T_1851_LEH_0881,7.38887722961614e-06,0.3118542128813045,5.717046850718091e-05,0.0002124965530736927,0.17304391467080632,0.0019248067099487249,0.0010329071600855232,1.179659280002218e-05,8.399822936156269e-06,1.2917659446594463e-05,0.020538559393832923,9.739578417776562e-06,2.262260086677879e-05,7.406023767265951e-06,2.6724478361099234e-05,1.5278536814959148e-05,2.4090413758971158e-05,2.7821498456582894e-05,0.008054267350005246,4.697846552404081e-05,5.1549426501047304e-06,8.645864699103647e-06,0.02398281805604788,1.630623332320008e-05,0.012913887646689702,0.4308962382296552,8.141934103687893e-05,0.00023196716320049456,1.2676072384568358e-05,0.014911386714368747
Z_T_1851_LEH_0882,0.00163085238907973,0.30587635532869206,0.009885511695455913,8.883010389207368e-05,0.06028409384555157,0.004042092759811638,0.004932041406878996,9.225892814695554e-05,6.569343147222418e-05,0.00010102657902271234,0.03006377466756229,7.617140649506843e-05,0.00017692709609010786,5.7921115544273907e-05,0.0033551378533480673,0.0001194905557983896,0.004907602704097724,0.015948240427670235,6.829144940726444e-05,0.04284017480258111,4.031583454815824e-05,6.761767771126279e-05,0.027112430186495368,0.00012752797642636102,0.006613158084380989,0.48023714667674144,0.0006367653153612083,0.00024110607468447255,9.913717215968501e-05,0.00021230645489271505
Z_T_1851_LEH_0884,1.5469435672417966e-05,0.13073055958987184,0.01527949288485728,0.015183579745812728,0.22669067700924905,0.015399646884693747,0.0678549732749504,2.469747808803861e-05,1.7585962864525892e-05,0.015186844710877254,0.03541985664777318,2.03908898643444e-05,0.001310679608764732,0.010122038770634919,0.005951428503701834,3.1987314862986145e-05,0.14827959303136568,0.11080900964378884,1.8281445592449884e-05,0.04641996622395588,0.0025374258045480894,1.8101078640084734e-05,0.006836822359889012,3.413891172012158e-05,0.021141181186415472,0.06791905000432728,0.0001704604393225372,6.454347688635336e-05,2.65387663427426e-05,0.05648497891466624
Z_T_1851_LWF_0874,3.1139480851120865e-05,0.06564885713198552,0.1519742377113252,4.7867557882148105e-05,0.12149063942258763,0.30310173187736983,0.03656459407006594,0.012764796246848079,3.539998261506269e-05,5.4439828471669724e-05,0.05434560091787194,4.104621124610285e-05,9.534006650834631e-05,3.121174274751145e-05,0.00011262690613481425,6.438944508045129e-05,0.0001015259767663013,0.016223019437780675,3.6799967174750855e-05,0.00019798475223507114,2.1724848438157333e-05,3.6436894249643195e-05,0.040887811612535054,6.872054096209106e-05,0.029841442747740546,0.059580724303008224,0.10036843538178959,0.0009775960287468316,5.3421690606056366e-05,0.005200437218375584
Z_T_1851_LWF_0876,1.9849387999110508e-05,0.1493736597504975,0.06337285359441248,3.0512446033230443e-05,0.0001743599477809361,0.16943281575413577,0.16595615657458704,3.1690220351288516e-05,0.018934313081961765,3.4701839863855645e-05,0.04598882468539875,2.6164282468698323e-05,6.0773073932510615e-05,1.9895450244844983e-05,0.02816924633246845,4.104407149752756e-05,6.471618825175293e-05,0.0773427378987609,0.001644464541856966,0.016336271996444402,1.3848173896429391e-05,2.3226143521840152e-05,0.055241438368242926,4.380486263039974e-05,0.00011022546954996524,0.06337460140029857,0.0012993952149897407,8.28180511984118e-05,3.4052843381616015e-05,0.1427215383533423
Z_T_1851_LWF_0880,1.9512010873892084e-05,0.15905126557136065,0.17596216737253884,2.9993830480623238e-05,0.000171396377421074,0.23241579558105116,0.15676160443108925,3.115158634201149e-05,2.218164294462961e-05,3.411201780115113e-05,0.033521823130323675,2.571957201197856e-05,0.03405344564510231,1.9557290206417968e-05,0.06380876991745912,4.034645145756886e-05,0.006437436002133642,0.003260378887184698,2.3058873816991223e-05,0.0059667254597648555,1.3612798523701954e-05,2.283137218019173e-05,0.0261514703884495,4.3060317830051514e-05,0.043131635534956324,0.05326785460218204,0.003401916180977063,0.00114371370254371,3.347405221656259e-05,0.0011339893987762633
Z_T_1851_WEI_0877,1.0048766846884882e-05,0.1464687573995055,0.07338789431182137,0.005486353163727861,8.826984805597862e-05,0.016294975004519752,0.0003105576506025344,1.6043196679453033e-05,1.1423638479500817e-05,1.756783120796708e-05,0.008783973859942444,1.3245686680907692e-05,0.44837153082456654,1.0072085891676107e-05,0.15951326110693248,0.0030297770093766427,3.2762616509391514e-05,0.033957455378133466,1.1875416031503222e-05,0.0610644943479232,7.0106479225743496e-06,1.175825174124846e-05,0.01510938800803024,2.217624298302965e-05,5.5801722659945234e-05,0.008284995167758739,0.019258900890217055,4.192669755075112e-05,1.723927627545396e-05,0.00031046395142599704
Z_T_1852_DEI_0891,5.579732311030152e-06,0.02877500670751993,4.317244697037973e-05,8.577155176160042e-06,4.9013190453348804e-05,0.09516980158373309,2.055167080810437e-05,8.90823165155891e-06,6.3431509263604555e-06,9.75480841773189e-06,0.5869208366797349,7.354871207719749e-06,1.708352339513185e-05,5.592680569226061e-06,0.005640119952496301,1.1537631886748795e-05,0.0003219724268370631,2.1009486158093307e-05,6.594007359066661e-06,0.008237548892272848,3.892770061330555e-06,6.528950085274297e-06,3.575682126698498e-05,0.0004679844202662043,0.00868872845116149,0.26524402300331845,0.00021337429429720895,2.3280443519419112e-05,9.572373239284088e-06,2.0499642899525257e-05
Z_T_1852_NIE_0761,5.560043762676398e-05,0.09754186358849092,0.08216151380752389,8.546889972560641e-05,0.02016445919779063,0.025078745339510912,0.00020479152532692496,8.876798217149978e-05,6.320768592089341e-05,0.010692003673854733,0.00016889067177281047,7.3289189345036e-05,0.0001702324276558397,0.42082063565466654,0.006255269888526556,0.00011496920395475097,0.00018127754812867527,0.06529169512956892,6.570739857061708e-05,0.1108421339087008,0.0015523331690186824,6.505912143257068e-05,0.11841264708962923,0.00012270250007403994,0.029066068055046957,0.0034621825571213337,0.006666842338061908,0.0002319829654311653,9.53859632618572e-05,0.0002042730820890504
Z_X_1828_ZIM_0208,1.6639610068855057e-05,0.06950489242982714,0.02957113306824403,2.557838076734102e-05,0.08802036379984576,0.027888536876522853,6.128820693320892e-05,2.6565701152356224e-05,1.8916240446496996e-05,0.005464607786572775,5.054411516383083e-05,2.1933344142904053e-05,5.094566406621666e-05,1.66782237433901e-05,6.018301365731959e-05,0.1889186388740064,5.4251150599708336e-05,6.265348191105922e-05,1.9664332467908788e-05,0.0010117141824727614,1.16088321621104e-05,1.947032178644514e-05,0.00010663227732416548,0.0018485604802095784,0.3062932184621158,0.2696412862707053,0.010601429938182985,0.0005223856107614901,2.8546272340047656e-05,6.113305179973719e-05
A_L_1859_DEI_0917,1.824267009097963e-05,0.08067037512686877,0.0021275420051093167,2.804260195216028e-05,0.04137787486080313,0.048949442074088606,0.01198554313966937,2.9125040782361225e-05,2.0738631037574215e-05,3.1892883358151525e-05,0.0387900524226858,0.02485394312526043,5.5853769305894306e-05,1.8285003806891748e-05,6.598104514999295e-05,0.003017309346844797,5.9477706409656844e-05,6.868951831352974e-05,2.1558794243793414e-05,0.00011598685717776633,1.272722704429971e-05,2.1346092573416413e-05,0.042824327593989873,4.0259057729279855e-05,0.0020876949556686785,0.6943866689645452,0.0006976171328263825,0.0075250833225007615,3.1296420196857364e-05,6.702260996637111e-05
A_L_1859_DEI_0918,9.61983858401836e-06,0.0024736299841766926,0.2878685955676359,0.0042046935263075425,0.062147483615682036,0.11170539661845065,3.5432480410399e-05,1.5358398177567504e-05,1.0936024279341877e-05,1.6817954189504704e-05,0.023073703606915394,1.2680298960694319e-05,2.9453158027419503e-05,9.642162263156623e-06,3.47935362960716e-05,0.000281760783700193,3.136415514587687e-05,3.622178525921285e-05,1.1368517857147731e-05,0.012892749812999281,6.711400753163628e-06,1.1256354685563021e-05,0.01551192529960876,0.0039492664635622145,0.06604443818751246,0.1836455327046969,0.029173475062848068,0.19670384649674805,1.6503423514754392e-05,3.534278075197529e-05
A_L_1859_HAU_0921,0.0008984973215273504,0.12270913596398322,0.0037632620745464557,0.00030608138085901586,0.2972780814139427,0.12213216582707945,2.0138722627019772e-05,0.011618115385373159,6.215696927031472e-06,0.0013491033589854856,0.02338421889672105,7.207088542470866e-06,1.6740261283821956e-05,5.480305897112379e-06,0.015201280529802035,0.019360282718173295,1.7826412760204405e-05,0.0018066467464499202,0.00045297636471765886,0.014174400077789398,3.814551977204124e-06,6.397762792169011e-06,0.0021187743287776305,1.2066278673827913e-05,0.0722169298995928,0.28224017279254604,0.0003579252126366426,0.0007670040854129872,0.00015821831788525188,0.007610840221717635
A_L_1859_HEI_0922,6.8297696013797464e-06,0.04804989736586896,0.13279863847746004,1.049871040814134e-05,0.22669461964563808,0.1467955725028177,2.515589793891749e-05,0.036265007370331545,7.764218238244137e-06,0.00875010871002562,0.011547691658742016,9.00259600218589e-06,2.0910775331978238e-05,6.8456186807419265e-06,0.00021062074762742404,0.005405758319959368,0.0076449251609829886,0.00058347171557545,8.071274480892289e-06,4.342366042698871e-05,4.764874217617808e-06,7.991642311080598e-06,4.376748512620594e-05,0.008939159353547095,0.14765719868981877,0.057502255852697276,0.08448224791732878,0.0738381321792675,1.1716888932733274e-05,0.002627950920614248
A_L_1859_SCH_0930,1.0010430558148129e-05,0.07941955371156528,0.2597716019641694,1.5388017111085907e-05,0.11154114018603575,0.16038622382911513,0.0011268780521250714,1.5981991495818517e-05,1.1380057022208854e-05,0.04143776359096674,3.040746465072575e-05,0.0011032020693672072,3.064903746321357e-05,1.0033660640219073e-05,0.0035787287245463077,0.0035632217944052843,0.0008501428128106213,3.769248962575023e-05,1.1830111031915746e-05,0.0115087189066115,6.983902131067123e-06,1.1713393726264097e-05,6.415024168196752e-05,2.2091640079305462e-05,0.12704139447037147,0.11425656022374604,0.012917887954202914,0.07089221624078752,1.7173508019211323e-05,0.0003092795239369754
A_L_1862_KHN_0923,4.192233635977982e-06,0.11474156180905233,0.014982164423792292,6.444294533524347e-06,0.213783693372037,0.09295872573281153,0.0007001614825595101,6.693043014433448e-06,4.765814771974909e-06,0.00023556921907213528,0.0292274690222591,5.525952993181524e-06,1.2835404533029668e-05,0.0003465621353455169,0.0005857629790717613,8.668596588324582e-06,0.010740953627727068,1.578510753508021e-05,4.954291336148692e-06,0.04327815610141713,2.924764250065802e-06,0.0010319859314899987,0.0101835503982865,0.3432823854073861,0.01554360771196564,0.0631411979366004,0.04489537765917622,0.000245731466875523,7.1920341035954435e-06,1.540204577897762e-05
A_L_1862_LAN_0924,9.574706823047894e-06,0.1890806612401946,0.0005953641454785045,1.4718223314257545e-05,0.34699668245355003,0.14480395881518782,0.054509141946650116,1.52863437923109e-05,0.00027152527117643813,1.6739052253483248e-05,0.03182723145686346,1.2620808958161549e-05,0.0005505960848193754,9.596925769976564e-06,0.003944238605118395,1.9798340957950603e-05,0.0002918575628548943,3.605184966830198e-05,1.13151821149691e-05,0.018566355269746235,6.679914015426469e-06,0.0005324846523256551,0.0821631323544287,0.0005424111650356258,5.316922392876817e-05,0.11996958077173887,0.00036614593632599017,0.004470838177080195,1.6425997208818277e-05,0.0002958175226197442
EM_UM_1875_GUD_1045,0.0033155435424022284,0.19280471743597719,0.004516225819583949,0.015154257083592616,0.04424857709267885,0.008897181841192241,0.052767905156282074,1.322484278076042e-06,0.0060440959150780725,0.0015347858053867977,0.010938821405200862,0.0034285524879921338,0.006316279387974265,0.002030247735881289,0.023408944122810013,0.0008585779881682558,0.0006340750343732763,0.14591823483352623,0.001286276651572072,0.09849966100271852,5.779067502554071e-07,0.0017597977355809677,0.05249957346312179,0.0006106532878883479,0.0016055847777911084,0.009229057097192328,0.0021287415015787264,3.4561315584649454e-06,1.4210803679104711e-06,0.30955685419150114
EM_UM_1875_GUD_1046,6.22761880808915e-07,0.23015723128416782,4.818538377055761e-06,0.0017470839993432544,0.016330907356953712,0.03244014457396006,0.017378797277912243,9.942604391682895e-07,7.07968121220807e-07,1.0887480793923197e-06,0.00017141855103820834,8.208876646953781e-07,0.00039181850173903015,0.08003425631743413,0.008817649323506553,1.2877315493556411e-06,0.0002224153512477736,0.060421718938406525,7.359665654358286e-07,0.3290047429048746,4.344776182467567e-07,0.06694688697780687,0.09734631571154502,6.918509488387075e-05,5.4316312718407355e-05,0.006955474765320677,6.862322973118794e-06,2.5983635027721344e-06,1.068386228944536e-06,0.05148759634414108
V_X_1886_BET_0977,1.0502694995654497e-05,0.0012711360639780145,0.018378993949968545,1.6144725181086083e-05,0.00037815926234959104,0.1019439667783768,3.868428055624154e-05,1.676790834606997e-05,1.1939673048341537e-05,0.00030426345703866525,3.1902756326277154e-05,1.3844027763536223e-05,0.017472180805666055,1.0527067420526526e-05,3.798669762972573e-05,0.004310247850495333,0.0026073609697339823,0.0031844684918449473,0.008303571093241632,0.0003526781547553491,7.327336575188103e-06,1.2289401635260242e-05,0.0026404232227098152,2.317799982318088e-05,0.8214548907486431,0.0026553064061677033,0.011837714793668607,4.3820632248732085e-05,1.8018017874804595e-05,0.002611704731937246
V_X_1886_ON_0978,7.381453761234434e-06,0.011743934136669767,0.030398494834508502,1.1346758375953173e-05,0.016541616650803167,0.24304643689843064,0.001433742024030337,0.0004136573476582871,0.00020932768712781435,1.2904681312909543e-05,0.01268140885262873,0.0020190928266284147,2.2599872357828425e-05,0.0018158253131186244,2.6697628771646588e-05,0.00021619949008992457,2.4066210565538045e-05,0.00042966615338832785,8.723242927975495e-06,4.693126712804623e-05,5.14976357450456e-06,8.637178358644633e-06,0.0008510480781006365,1.628985075197339e-05,0.5761253715602934,0.07500700413767734,0.019773095267703378,0.007063568423588335,1.2663336968939325e-05,2.7119072699157264e-05
V_X_1886_ON_0982,0.0008405958891440908,0.010206849119896498,0.006504000447450201,0.001292162594857524,0.007383918100779791,0.08168061260771957,0.025978658716682625,0.11575461762580844,0.000955606164542813,0.0014695780009237951,0.002553375665134512,0.0011080234960684024,0.0025736610176901966,0.0008425465656289718,0.0030403112613399423,0.0017381633013624348,0.002740646805228272,0.0031651137927551152,0.0009933981004895136,0.005344506854102601,0.0005864522397371998,0.0009835971147324233,0.005386824186255331,0.09338514148278468,0.5996133105899258,0.006578017764404005,0.009262674320544471,0.003507237270359643,0.0014420938399479478,0.0030883050637032007
V_X_1886_ON_0983,5.272744856841322e-05,0.0006402376206751161,0.1382001273667365,8.105254575031421e-05,0.0004631656743987526,0.17736371509662094,0.0001942095256769078,8.41811578155017e-05,5.9941614684666584e-05,9.218115322914514e-05,0.00016016374312311174,6.95021860754371e-05,0.00016143616771783714,5.2849807237255754e-05,0.0001907073990422408,0.00010902850853744909,0.00017191056408091593,0.0001985357968983161,6.231216203644985e-05,0.0003352410045214029,3.678596422837541e-05,6.169738271251939e-05,0.00464390027713965,0.00011636220932828315,0.5844741269034026,0.024813308778055095,0.013499027645006576,0.05332738925103131,9.045717420067813e-05,0.00019371787146828132
V_X_1886_RAU_0976,4.07852017303164e-05,0.012707933365893457,0.03473318839674409,6.269494388474157e-05,0.0003582632192111709,0.250437650169422,0.00015022298437984363,6.511495618723356e-05,4.6365430403540466e-05,7.130303157578015e-05,0.0001238882356441559,5.376062670862505e-05,0.00012487246862321155,4.087984736798121e-05,0.0001475140548723845,0.0011945803770549508,0.0001329745175611034,0.00015356939785699607,4.819907217037662e-05,0.0002593122248261064,0.002248945806128496,4.772353429727817e-05,0.0013716111859819297,9.000731706336297e-05,0.675255899909046,0.002539652924447578,0.017103105578042597,0.00017016902108973138,6.996951678672997e-05,0.00014984268499831043
Z_A_1864_CS_0527,0.0005270374062365956,0.006399497493945536,0.03277167445419217,0.0008101610193729149,0.004629574203201167,0.094252855840308,0.0019412220287198564,0.0008414330727858069,0.0005991466302043907,0.015268292878788385,0.0016009172838929477,0.0006947093567299069,0.0016136358086128687,0.00052826044276137,0.0019062165090529574,0.0010897948583813099,0.0017183326760125577,0.0019844652886369116,0.04366352891218536,0.01769779851699718,0.00036769424084080266,0.0006166964159891523,0.003377434845496743,0.001163098891628841,0.44768045748221286,0.032818081884025845,0.13492958051079218,0.14566792833306372,0.0009041650176636265,0.0019363076972679259
Z_B_1860_KNI_0533,0.0003202686580114407,0.01260711188120267,0.21171682020020238,0.0004923164454313218,0.0028132870640267442,0.04855703652002783,0.009897919168508998,0.09641242884871816,0.000364087795167798,0.0005599120579547844,0.0009728410621950146,0.0004221590929885488,0.000980569820715251,0.00032101186952138925,0.0011583644652341434,0.0006622435763978132,0.0010441917284267645,0.0012059144708539264,0.00037848659578723496,0.01947283272690226,0.00022343943651649377,0.00037475240127575737,0.002052390423693632,0.0007067887720086038,0.42897433076001573,0.0025062374786607626,0.06455707532384128,0.0885190906195258,0.0005494405395165159,0.0011766501966709196
Z_E_1853_BEC_0651,2.220055530868846e-05,0.1652540088571338,0.00017177388508094602,3.412665648907965e-05,0.0001950129477293792,0.0027615641953217312,0.1813833540840889,0.00668316866343037,0.0006295766452032485,3.881228555990243e-05,0.027867012042631478,0.16803539740594445,0.18257823229382614,0.006065638187118959,0.020627808917622815,4.5905756863408435e-05,7.238184455434689e-05,0.03876126335494299,0.004256606417103451,0.004975859973653726,0.07555781491362049,2.59772887651375e-05,0.020085442879119106,0.0012576707874163721,0.00012328171696174297,0.050333833461056195,0.000848970444806695,9.262787982533897e-05,3.808641520562497e-05,0.04117658924361547
Z_E_1853_HOF_0892,2.0699420242483654e-05,0.16591300359199757,0.021008735686801616,3.1819114176026145e-05,0.00018182675620713524,0.01497128646806255,0.2581478118599669,3.304732562321943e-05,2.3531513586535034e-05,3.618791504108382e-05,0.10092490902721815,2.7284744405565745e-05,6.337562633230496e-05,2.0747455062590613e-05,0.0028922419691112906,4.280174705779041e-05,6.748760098672802e-05,0.10544777324814456,0.014111338234976135,0.00013160686935377182,1.444120952676373e-05,2.4220782292751437e-05,0.10493900715225155,4.568076659550132e-05,0.0018053709092150632,0.11680131586419057,0.0024819907384955146,0.0006498397042378893,3.551112586640631e-05,0.08910510557297396
Z_E_1853_JOS_0717,0.0014526175271303524,0.07068228844654259,0.24840109942205585,7.912191606945489e-05,0.006056717384168606,0.12830233060894433,0.0001895835553127876,8.217600621485526e-05,5.8513836453180225e-05,0.0491300961140688,0.0015574947447658902,0.05471254142453688,0.00015759084177433916,5.159095218791211e-05,0.05763315163025805,0.00010643150590546936,0.0015689617625295202,0.00019380677699330635,0.0028631199567764843,0.07038455669189639,3.590974160364612e-05,6.0227782995527584e-05,0.008736723033844752,0.10379839593448378,0.007291556093835162,0.1839529147845918,0.0019683196418886755,0.00021475573898009116,8.83025311386764e-05,0.0001891036120528933
Z_E_1853_RNN_0894,1.7528876186943592e-05,0.3275495380126539,0.014927810410503756,2.694535915672878e-05,0.04643919409809175,0.040830988973710666,0.024877257730496507,2.7985444634342847e-05,1.9927175897572933e-05,3.064498786863996e-05,0.03918095528059589,2.310552183949369e-05,5.366833922087096e-05,1.7569553481498386e-05,6.33993579531566e-05,3.624577480779062e-05,5.71504799647599e-05,6.600185476434277e-05,0.13887636885156013,0.00011144855707208577,1.2229239796040706e-05,0.00526935000850827,0.1322876438772499,3.868381299558244e-05,9.733945492302557e-05,0.01254351791489036,0.00019315377748293299,7.313612719777405e-05,3.0071862944916863e-05,0.2162211392835505
Z_E_1853_RNN_0898,1.1159970625415175e-05,0.278714840211256,0.0006939373181611915,1.715508817983088e-05,0.03594575286177905,0.014147566096944675,0.0012562822235357817,1.781727115461506e-05,1.2686877087422197e-05,1.9510501459583782e-05,0.007932549900501809,1.4710409398960982e-05,3.4168596025902456e-05,1.1185868316032158e-05,0.0003441582211133717,2.307631007466699e-05,3.63855429653935e-05,4.202087758150894e-05,0.15950517224773406,0.038652825396169245,7.785893142232834e-06,0.29864281070794324,0.13799410844766033,2.462851651786518e-05,0.0009733551026452186,0.02439087184574532,0.00042676793864612994,4.656299824809829e-05,1.9145614558379745e-05,4.10011448287499e-05
Z_E_1853_RNN_0899,0.00028840650471907594,0.3253249423109946,7.9070405227197e-05,1.5709073334222445e-05,0.014277315758584366,0.021300673956382413,3.764041774161393e-05,1.6315440424995443e-05,1.161749100088546e-05,1.786594711745033e-05,0.03118801009327302,1.3470458303816853e-05,0.000587662932494352,1.0243003349297666e-05,3.696165850437548e-05,0.0014120672717600523,3.3318579115254823e-05,3.8478907282586496e-05,0.11879801822043298,0.017868956046901616,7.129614552932074e-06,0.2317419088147796,0.21287870901077574,2.2552560968303168e-05,0.00033493586166397164,0.02344769640274276,0.00011260814293149859,4.263816929840219e-05,1.7531816798233988e-05,3.7545128544379026e-05
Z_E_1854_BEC_0649,2.9728289763857007e-05,0.27712684461258186,0.00023001874315960592,0.01704009392102166,0.003498165417596832,0.002079437800130229,0.19675893267795685,4.746222167281936e-05,3.3795712454152997e-05,5.197270318147311e-05,0.05592903054563059,3.9186063103191056e-05,0.02679649827704645,2.9797276867561656e-05,0.00010752283626019295,6.147141920051349e-05,0.0114265220789326,0.10531533817323421,0.06477568708518344,0.04712591465641919,2.074031331906969e-05,0.06963088207862919,0.04065335575656739,6.560623679686401e-05,0.0009743408512661478,0.040695483190585774,0.00032758126674847673,0.00012403601681899008,5.100070568308131e-05,0.03895355307218768
Z_E_1854_DEI_0905,1.3457622407843977e-05,0.011886301353992395,0.004500211672713713,2.0687034656853552e-05,0.016969873227247814,0.10608103690552816,4.9568081436278724e-05,2.1485550059685705e-05,1.5298893438700567e-05,2.3527388238174624e-05,0.6942559814765118,1.7739037296852307e-05,4.120333995105358e-05,1.3488852000936704e-05,4.867423394027006e-05,2.782733736269498e-05,4.3876719282532405e-05,5.067227528810323e-05,1.590392804641198e-05,0.000451903957999009,9.388878656846223e-06,1.5747017969587932e-05,0.14662241049581756,2.9699117218818627e-05,7.473140980453449e-05,0.015491609372753339,0.0023463344563825466,0.0007888303902139143,2.308737721101392e-05,4.944259657261539e-05
Z_E_1854_DEI_0906,4.653157814193257e-06,0.15788387391912764,0.00016267043221371638,7.152826409360262e-06,0.000294208491382189,7.214514526086125e-05,1.7138845070831483e-05,7.428924079055349e-06,5.289802566559335e-06,8.13491767789611e-06,0.457662850380807,6.1335158256485764e-06,1.4246620796282412e-05,4.663955875004415e-06,1.6829785020348454e-05,9.621684155883572e-06,1.5170978424218443e-05,1.7520635263355136e-05,0.01989225472258238,0.056523171083043826,3.2463337701578053e-06,5.444747778977753e-06,0.25336428680023526,1.0268877753683933e-05,2.5839411521530317e-05,0.017643158435577105,5.127396642262263e-05,1.9414475756502723e-05,7.982777820845978e-06,0.036243924349967024
Z_E_1854_GUD_0703,7.109577330928065e-05,0.3530975977829693,0.0005500942217148006,0.00010928830382011891,0.0006245157443749373,0.045615437330388545,0.023486106245587886,0.0001135068105030404,8.082309243323116e-05,0.00012429371326139616,0.009892726125341082,9.371421906196402e-05,0.00021767465514843822,7.126075728667086e-05,0.0060632032152481315,0.00014701007421533054,0.00023179795012287234,0.0002676984453694161,8.401945223665737e-05,0.1301207067340752,0.0019849542880558953,8.31905061632914e-05,0.0507747951200289,0.00015689856954555169,0.01587762879875234,0.0044270613099987215,0.0007834168620568186,0.00029663450551636845,0.00012196916266155416,0.35443088023075237
Z_E_1854_HIE_0900,1.1982670868889924e-05,0.271861450803224,9.27143443114665e-05,0.023177882675935745,0.00010525754582808383,0.002795302940198014,4.413543399070724e-05,1.9130739962819213e-05,1.3622139125208085e-05,2.0948793265169684e-05,3.639829862967018e-05,1.5794843919476413e-05,3.6687465762502185e-05,1.201047770757648e-05,0.003631425358648026,2.4777469204395525e-05,3.9067843489412706e-05,0.01537603069179517,0.39209408265154816,0.09238784791407348,8.359860260855517e-06,0.0068640031439939405,0.10869793208611903,2.6444102527520626e-05,6.654086881899178e-05,9.376945909267108e-05,0.00013203916314867605,4.9995569110640285e-05,2.0557007319825003e-05,0.08224380763811995
Z_E_1854_KRI_0746,4.328411391286761e-05,0.26327991340231627,0.00033490515465573454,6.653626751221526e-05,0.001558484617092859,0.01716688915497194,0.1026689680702962,6.910455413892436e-05,0.0012274768287977716,7.567177334235833e-05,0.004844561217399027,5.7054544093466895e-05,0.09203762905978302,4.338455849541811e-05,0.28176322211608046,8.950181568451767e-05,0.006032474801656832,0.0025195197760954136,0.0012294228179248064,0.12635015292034488,3.0197703649357357e-05,0.0024071887290205824,0.004990461655574281,9.552207171912331e-05,0.00024036064891843592,0.026260669342155315,0.0004769552832770464,0.00018059528899704093,7.425655400826253e-05,0.06378563515808566
Z_E_1854_LBE_0757,0.03535157620561084,0.16838996393175187,0.00017313409613097097,3.439689230073971e-05,0.011769915752370125,0.0027834319555581593,0.0841415488742433,0.0006448487408593251,2.5437884097957794e-05,3.911962505839736e-05,0.006159211273567796,2.9495177319504655e-05,0.18036925398401357,2.242827922092371e-05,0.03236451114158773,0.02928422776559054,7.295500842461515e-05,0.0006933782986691275,0.0018538162976850885,0.05922730993671051,1.5611142599273478e-05,0.03779187938712491,0.04643682956529311,4.9381525837213684e-05,0.00012425793726204292,0.00017510440984364303,0.0008556931138528453,9.336136422909125e-05,3.838800681714448e-05,0.3009895324263696
Z_E_1854_RNN_0902,8.343807095800711e-06,0.2742511745450223,0.00029169238628479573,1.282608631226883e-05,0.0180168218115271,0.01852716215061351,3.0732509582984353e-05,1.3321170680245572e-05,9.485406245112467e-06,1.4587122671306233e-05,0.04545199960127865,1.0998310160930006e-05,2.5546319389516017e-05,8.36316963195674e-06,3.0178318742006843e-05,0.0006986529366076988,2.7203830706133022e-05,3.1417116433792025e-05,0.4149823506271998,0.018450845034960195,5.821161419489993e-06,9.763246158234195e-06,0.17699028975753894,1.8413631879354844e-05,4.633392500616034e-05,0.01891735548735798,9.194188161037035e-05,0.0004890796017143246,1.4314313179451704e-05,0.012522984732989536
Z_E_1854_RNN_0903,9.263251918126666e-06,0.2010857490747681,0.005871403727319415,1.4239455355335097e-05,0.023784616285121622,0.04553281806279448,3.411907479101498e-05,1.4789095485870135e-05,1.0530649448795377e-05,1.6194548904771782e-05,0.034826521034089286,1.2210267630187822e-05,2.8361392991109342e-05,9.28474810663244e-06,3.3503814956774943e-05,0.0012799653071294507,3.020155356849092e-05,0.008608393819051196,0.4803799323538148,0.006867275054155794,6.462623604032509e-06,1.0839105897824776e-05,0.18943317199718468,2.0442719836123368e-05,5.1439686315814035e-05,0.0005768132515151475,0.0008585599971615847,3.8649275819162725e-05,1.589167720367787e-05,0.0005383570940607104
Z_E_1854_RNN_0907,4.621546295970169e-06,0.27708249675466395,0.00028737203260013216,7.10423323641943e-06,0.015514821935014895,0.00824909131098004,1.702241125643845e-05,7.3784552193518e-06,5.253865962449483e-06,8.079652606586098e-06,0.14343369013285526,6.0918474028191e-06,0.0001399565476153524,4.632270999480815e-06,0.0017780094206057957,9.556318643649545e-06,0.00014087462556201238,1.7401607733444537e-05,0.3616997590095413,0.025945566479610986,3.2242795989408847e-06,0.0035279956981070604,0.10973306941451973,1.0199115491322857e-05,2.5663869865561717e-05,0.020668466340024356,0.0014347994669288457,1.9282582302922365e-05,7.92854632115671e-06,0.030210590228433806
Z_E_1854_SAN_0786,3.6454537706110405e-05,0.1502886084528859,0.00028206220446016215,5.603785438996423e-05,0.004289651511437971,0.013465857235599054,0.663028995611666,5.820090436857619e-05,4.144224520653833e-05,6.373191605932737e-05,0.00011073350543896738,4.805220301256787e-05,0.08942377659503659,3.653913365808791e-05,0.00013185068229120322,7.53797876330474e-05,0.034851362960754015,0.00013726305540181285,4.30811867856587e-05,0.00023177787228037671,0.0010177903350745805,4.265614258849674e-05,0.00023361306895514804,8.04501386411739e-05,0.004171864869601084,0.00028527215005547666,0.008340557944579103,0.002136814834915995,6.253999685587395e-05,0.026927581062661226
Z_E_1854_WER_0901,0.000568790500383091,0.277854633677598,0.00015594133495178562,0.03514369731916578,0.1631219868007162,0.17313288341862418,7.423380434063104e-05,3.217703960020934e-05,2.2911822068736558e-05,3.523492304950179e-05,0.0192634869351962,2.6566213291481204e-05,6.1706658548789e-05,2.020108043730729e-05,0.0033647123054358413,4.167458286152528e-05,6.571034625407987e-05,0.0006245236492254374,0.05982516261701134,0.05554039623227378,1.4060906958568251e-05,2.3582939202630357e-05,0.09065412698850278,4.447778475238e-05,0.007244189199920451,0.05886178829795737,0.0007707200919125774,8.409028663996367e-05,3.457595680446046e-05,0.05329175628631486
Z_E_1855_DEI_0909,1.3457622407843977e-05,0.010054599235529633,0.00010412658840308628,2.0687034656853552e-05,0.030158128480179697,0.11670490919261217,0.00041590850512883095,2.1485550059685705e-05,1.5298893438700567e-05,2.3527388238174624e-05,0.6880281942737384,1.7739037296852307e-05,0.0004075437636436058,1.3488852000936704e-05,4.867423394027006e-05,2.782733736269498e-05,4.3876719282532405e-05,0.0004170126989806555,1.590392804641198e-05,0.000451903957999009,9.388878656846223e-06,1.5747017969587932e-05,0.13892926159827396,2.9699117218818627e-05,0.0004410718334970868,0.01256088598321292,0.0008809727616123376,5.6149542828809674e-05,2.308737721101392e-05,4.944259657261539e-05
Z_E_1855_DEI_0910,8.016077855552362e-06,0.2200549298148431,6.202335109251435e-05,1.2322301472301096e-05,0.01338134032151491,0.018235873444521267,0.07247587626419681,1.2797939846151545e-05,9.112837111326743e-06,1.4014167595093761e-05,0.49601999864515905,1.0566316972248625e-05,2.4542907427980935e-05,8.034679867263035e-06,2.899297045198369e-05,0.0008894230475405242,2.61353147796739e-05,3.0183110472074318e-05,9.473228001614419e-06,0.03649235354121145,5.592517014427872e-06,0.0013186511652628,0.00048779355208398246,1.7690378630958094e-05,4.451401451858025e-05,0.13120808122152008,8.833057532521724e-05,0.0013427170644994765,1.3752073553209669e-05,0.007666867155658332
Z_E_1855_JDE_0911,6.369897187800772e-05,0.35624332250870805,0.045576845229343015,9.791795303145222e-05,0.08552550871427797,0.028731613676152977,0.0037026193043989473,0.00010169756644663573,7.241426110665792e-05,0.0035793608763171024,0.00019349060206920937,8.396419543295492e-05,0.02967301653906905,6.384679092894317e-05,0.2239163043844946,0.08509768271507592,0.04702566382722855,0.0002398471097457897,7.52780717630906e-05,0.033350985348554775,4.444038474284173e-05,7.453536920627303e-05,0.005610202677908429,0.0001405748486018241,0.0003537262249807434,0.007434468703189784,0.012839905569007921,0.0002657726633443529,0.0018432788338460153,0.027978016079148193
Z_E_1855_KEL_0731,4.645911565773583e-05,0.13588700161959202,0.0888884559970238,7.141687488409218e-05,0.0029375032772196883,0.03360252226471809,0.00017112155168195743,0.0038682728955271527,0.015229213023058305,8.122249370324889e-05,0.00014112319234028264,6.123964252043425e-05,0.20502360890039095,4.656692811029754e-05,0.1746966055672707,0.01147836503607579,0.00015147353031996395,0.029263028475278476,5.490438133335456e-05,0.0040894863009129446,3.241278334281552e-05,5.4362688069410434e-05,0.012944723616969587,0.1923368956025563,0.001522691505586217,0.05853975213123622,0.0017766409685183594,0.0001938424207007149,7.970346436938803e-05,0.026729383751031843
Z_E_1855_KEL_0732,3.749641328487568e-05,0.11171367579097713,0.0400981676033458,5.763942378705802e-05,0.04422029435041741,0.008747117854519091,0.28389801303282153,0.008225616914175605,4.262667013486919e-05,6.555338277124789e-05,0.03583906599704365,4.942554142185659e-05,0.05931650964755288,3.7583427000510975e-05,0.0001356189924815617,7.753415207734594e-05,0.18283096675292212,0.03994923007517959,4.4312452884218475e-05,0.00023840211496790976,2.615984188956418e-05,4.387526086687322e-05,0.00024028976180987539,8.274941439757637e-05,0.00020822101723993642,0.14727697242910312,0.00041317958954092043,0.00015644713455763979,6.432739835703933e-05,0.035862927562471225
Z_E_1855_KEL_0733,8.589002581635394e-05,0.15067998633445942,0.06613078335487757,0.00013203000402993326,0.0030925499425945835,0.08784062099435153,0.3814232830542424,0.00013712633579534485,9.764149361522745e-05,0.0001501578749891486,0.00026089766156310595,0.0001132151226427525,0.21536626644445786,8.608934115421074e-05,0.0026487308514074387,0.00017760126209880598,0.07743664963774768,0.0003234035627371898,0.00010150298091968857,0.0005460885992934789,5.992225118109332e-05,0.00010050154023865057,0.0005504124804806425,0.00018954744510891078,0.0004769551799627524,0.0006721257180788421,0.007960675254528787,0.0026964402055536553,0.00014734961084434057,0.0003155554352286106
Z_E_1855_KRI_0745,0.0001526176347757371,0.19296122643314462,0.005335382465790825,0.00023460357291734283,0.0013406157827707316,0.002366268643775537,0.10027069701728474,0.0500979416155548,0.00017349876973361974,0.0002668149125114268,0.0004635879853083066,0.004355695019944751,0.12510297694991407,0.03754368359109405,0.31214126040662726,0.004470102487199846,0.021270206383950087,0.0753560780522911,0.00018036023069514597,0.0009703425934504384,0.00010647560247856842,0.0001785807748543128,0.0009780256802066024,0.0003368060781837338,0.000847499704047025,0.0053488209657785385,0.022454338291070575,0.0006367700148339036,0.00026182491946470795,0.03379689742034754
Z_E_1855_KRI_0747,4.675476939082489e-05,0.1380244991702667,0.12254556706704017,7.18713533081024e-05,0.03095665282349352,0.001997659935573978,0.00017221052474678027,7.464557318015632e-05,5.3151753926780394e-05,8.173937253605055e-05,0.00014202126364556161,6.162935568367203e-05,0.351421598045947,4.686326793380442e-05,0.13253489728504475,9.66783508798067e-05,0.0014251854702643466,0.00017604673944654256,5.5253778541509304e-05,0.028297722762306632,3.261904986897387e-05,5.470863808246887e-05,0.009208856467217407,0.09555928146329097,0.0015323815184415221,0.010547859826375143,0.0005151990479519665,0.001467823985247946,8.021067649444311e-05,0.0727184106638725
Z_E_1855_MOR_0760,4.681435226412364e-05,0.16878527233105653,0.024575249029137075,7.196294400128219e-05,0.0004112241655277597,0.05679811369779313,0.20789473242002385,7.47406992557857e-05,5.321948892496536e-05,8.18435387364359e-05,0.00014220225127672257,6.170789428281449e-05,0.07150804938148514,4.692298907438635e-05,0.00016932060246674914,9.680155486533067e-05,0.0001526317302147888,0.04223047955662991,0.012799023728208278,0.030882524437132283,3.2660618606041584e-05,5.477835712704306e-05,0.0003000022820680612,0.00010331282103775566,0.0002599643858149049,0.0003663420732833082,0.004338965462912267,0.004018434443214222,8.031289457052485e-05,0.3735623898690086
Z_E_1855_OTT_0765,6.598741454063433e-05,0.08702339668389437,0.12265861662700431,0.00010143574326491764,0.07602402554758221,0.0010231055548774923,0.20861324853635674,0.00010535114267997736,7.501580834695603e-05,0.0001153629871370123,0.010978210836678787,8.69806844169511e-05,0.00020203434094153954,6.614054412347535e-05,0.02897938383560411,0.0001364471368318335,0.00021514285185263735,0.27148898143297595,7.798250396825779e-05,0.10819723695254439,4.603694539979908e-05,7.721311915634956e-05,0.04173765060890471,0.010923394037335943,0.01653308752361942,0.0005163793811998743,0.009708601048796174,0.00027532078450589873,0.00011320545966508828,0.0038350239257942628
Z_E_1855_WID_0842,4.55376523150415e-05,0.27822690002465394,0.07596891210218497,7.000040297489173e-05,0.000400009445131148,0.0019456569837708927,0.17123472308578044,7.270240453804908e-05,0.032281781762316816,0.0025588433579108566,0.001377940085136257,0.01121656821136199,0.008816734462778978,4.564332643109992e-05,0.26296327581662277,0.0025733934457548018,0.007586164684353573,0.0001714639023262204,5.381541581957443e-05,0.04119685331443159,3.176991291228195e-05,5.328446642104062e-05,0.048636841231847305,0.018694733965279018,0.010169802031402784,0.007794046815112873,0.015377178336291465,0.00018999777832201094,7.812263744958192e-05,0.00016730293836779832
Z_E_1856_BEC_0650,2.237635293143733e-05,0.25001259807414916,0.00017313409613097097,3.439689230073971e-05,0.029434515678709826,0.007047300903295329,0.16332768647507648,0.004299593553205471,2.5437884097957794e-05,3.911962505839736e-05,0.058543886917195885,2.9495177319504655e-05,0.04148895111486003,2.242827922092371e-05,0.02688239392306852,4.6269266821374064e-05,7.295500842461515e-05,0.148101419063297,0.04205600923349269,0.011715627376210614,1.5611142599273478e-05,2.6182992881402774e-05,0.04339120888833799,4.9381525837213684e-05,0.00012425793726204292,0.03124043531478588,0.0008556931138528453,9.336136422909125e-05,3.838800681714448e-05,0.14078988481853022
Z_E_1856_DEI_0849,1.1204219733978825e-05,0.018435973725606736,0.0013066863567467283,1.722310783550628e-05,0.042188253088303984,0.15633309897838338,4.1268186858929614e-05,1.788791635540377e-05,1.2737180356168851e-05,0.000324586654291277,0.5770917519391692,1.4768735941597929e-05,3.4304073973449594e-05,1.1230220108533079e-05,4.0524009065078705e-05,2.3167807282322442e-05,3.65298110727984e-05,0.0003471862837016077,1.3240905344582045e-05,7.1236404955648e-05,7.816764086474484e-06,1.311026897168252e-05,0.09309643261828793,2.4726168199732405e-05,0.0006722156463676448,0.10073727977003633,0.008968426298812159,4.674761980613688e-05,1.92215266199386e-05,4.116371372517957e-05
Z_E_1856_DEI_0850,1.0704687468471294e-05,0.09920619716026452,0.0021226305746426814,1.6455227672458486e-05,0.020492076144240305,0.06893652176638697,3.94282737400793e-05,0.00030849103321203765,1.2169302118276104e-05,1.8714549301981482e-05,0.5764229763903307,1.4110282225163269e-05,0.0003241752879755722,1.0729528634592162e-05,0.000621518548671341,2.213488687078473e-05,3.4901155109508317e-05,0.002954312960516949,0.028278512361809643,0.0009422622910080865,7.468259151212217e-06,0.0008867276679614488,0.15043132798884323,2.3623769361491633e-05,5.944410994690377e-05,0.04350246361840399,0.0001179568387190468,4.4663410018816726e-05,1.8364548359341647e-05,0.004118937377034483
Z_E_1856_MER_0223,1.8036659826648792e-05,0.13867817942004718,0.0521844929570364,2.772592331839243e-05,0.23632461155292442,0.0002796503998306629,0.13410669533728134,2.879613841662763e-05,2.0504434462149497e-05,3.153272438481493e-05,0.027059236033605744,2.3774852026541568e-05,5.5223025575881314e-05,1.807851547767448e-05,6.523593643046969e-05,3.729575720595166e-05,0.0005497960069520725,6.791382343147817e-05,0.015242004361052984,0.0030606168557086037,1.2583501405754545e-05,0.0250615934325338,0.0855478395761407,0.04570187149737445,0.0005911491925398554,0.022235693064024346,0.14847771963946438,0.04426435193460195,3.094299694438339e-05,0.02019685444997431
Z_E_1856_SAN_0787,3.659981810315693e-05,0.13295392701771808,0.014231556554696854,5.6261179173316085e-05,0.00032149819296918233,0.0015637760858749866,0.676630764796374,5.8432849443927286e-05,4.1607402858149316e-05,6.398590359153197e-05,0.00011117480599162341,4.824370298957775e-05,0.09376540122601133,3.668475119103753e-05,0.00013237614004432433,7.568019482967402e-05,0.032997629984642715,0.00013781008280754653,4.3252876026979316e-05,0.003221638049493174,2.553432104268979e-05,4.2826137923005976e-05,0.0052161048830570355,8.077075244729215e-05,0.0002032421420773564,0.000286409030505326,0.013355357949772589,0.0051342670581053795,6.278923429368643e-05,0.019064396875944523
Z_E_1857_BRE_0657,8.649673449098757e-05,0.1070070524608896,0.014796827106933216,0.0001329626355898323,0.05962467492213303,0.00840487843568322,0.23577809045042328,0.00013809496674704167,9.833121213163827e-05,0.0001512185579317205,0.0002627405865472061,0.00011401484992603374,0.004974017924575835,8.669745774953499e-05,0.10156043069208281,0.09671725058003398,0.00028201065709086286,0.261685732422542,0.0001022199761521364,0.0005499460517410807,6.0345529079191495e-05,0.00010121146150945335,0.0005543004758952466,0.00019088636750541935,0.00048032428880099594,0.0006768734696335418,0.02920826270473835,0.00036089228473397015,0.0001483904568128154,0.07566482427989597
Z_E_1857_KRN_0739,0.001196184967020768,0.09858764014751702,0.257625303938558,6.515441593984555e-05,0.010756515748844281,0.024886958960847746,0.00015611611083029197,6.766936337206552e-05,4.8184308822349114e-05,7.410019196445876e-05,0.0001287482711532888,5.5869612710715074e-05,0.34165451035765043,4.248353079105442e-05,0.22745186047585958,8.764300650633692e-05,0.0001381910005774007,0.00015959380140766817,5.008988287598811e-05,0.012961282576279586,2.957054577245724e-05,4.959569003587702e-05,0.0002716185912074006,9.353823147775645e-05,0.0025429683331842303,0.00033168186974869685,0.020081646197503272,0.00017684461446427864,7.271436446635238e-05,0.00015572089261091482
Z_E_1857_PET_0768,0.00015786444726475948,0.2597579189878138,0.0012214554566664956,0.08189233991968584,0.0013867045564721326,0.002447618141104514,0.0005814576706619281,0.0002520359378172656,0.00017946345076937315,0.00027598769137986807,0.004776876690943056,0.00020808752341307398,0.1465932726893636,0.0001582307855600748,0.2841961451977816,0.0003264281831128906,0.0005146952282812405,0.052162623635835736,0.07324152955014135,0.018193106227623983,0.00011013610686052697,0.004482071272087597,0.0010116490380907232,0.00034838506995614466,0.0008766357343502784,0.0012353559562761599,0.001739536179858219,0.0006586614094383012,0.0002708261483161664,0.060742901113073317
Z_E_1857_SCH_0791,1.9165891056303274e-05,0.09205713853975882,0.013713264509645405,2.946177567592682e-05,0.0027770042678904048,0.013340399918144369,0.018331130992001166,3.059899432820086e-05,2.1788167035896486e-05,3.3506911261634037e-05,0.001101677194140389,2.5263337458257622e-05,0.6996981431802978,1.9210367187436144e-05,6.932019911663513e-05,3.963075349547235e-05,6.248774086475075e-05,7.216574208388615e-05,2.2649836878106598e-05,0.012643368332136447,1.3371323702252294e-05,2.2426370849196988e-05,0.029339682033383708,4.229647911301821e-05,0.0006281596000109079,0.00014998119009047864,0.002819840590901722,7.996628142062803e-05,3.2880262426159305e-05,0.11276401921764459
Z_E_1857_WID_0839,7.626152870579471e-05,0.3372338642185337,0.05456540016742598,0.00011722909437568,0.000669892500636926,0.01156227355318716,0.0563322030150426,0.00012175411398684172,0.012542542531724949,0.00013332478346636734,0.00023165034958903369,0.00010052341052744666,0.10403221491431905,7.643850027164302e-05,0.28053238206876174,0.0001576916949203499,0.00024864018217145203,0.0002871491753416432,9.012423060253263e-05,0.0004848706353863654,5.320480969855153e-05,8.923505404776684e-05,0.0004887097981545822,0.008472196616540102,0.006651410706428144,0.03173639592660425,0.0008403392316228002,0.000318187703777501,0.0001308313330958826,0.09162305815105315
Z_E_1858_BRE_0658,3.835776841674419e-05,0.2510657624415453,0.05772595651548284,5.8963497455110746e-05,0.07969360922906339,0.024610554184929998,0.07845378433266344,0.0011054061732714297,4.36058758203886e-05,0.0011112259498724803,0.008469848290169182,5.056092851676756e-05,0.0011616070678590405,3.8446780982507794e-05,0.060700402789669664,7.931524082520848e-05,0.00012506020648527804,0.23717026945919653,4.533038381023851e-05,0.1401622159534653,0.0010709274736749007,4.488314876331356e-05,0.0002458096182798243,0.014702984058818848,0.009610504470579614,0.0003001657339832494,0.031747671911622505,0.00016004098608667926,6.58051059519931e-05,0.00014092442273826045
Z_E_1858_GUD_0704,7.888162868047852e-05,0.22857142834918628,0.0006103362565284793,0.0022685549745304714,0.0006929078447264855,0.0012230246182942128,0.0002905424803701767,0.00227323545920993,8.967420803472571e-05,0.00013790539268982772,0.00023960910789605939,0.00010397707045071121,0.00024151268804511225,7.906468041811289e-05,0.008874496275644659,0.0001631094725715506,0.0002571826562874121,0.0002970146941662868,9.322060826932532e-05,0.09498265296704811,5.503275522901713e-05,0.0022395991493341038,0.021978482957955185,0.000174080878894876,0.00043803690877327705,0.000617282051276322,0.0030165088420888993,0.0024764178731111453,0.00013532627541279845,0.627300900874876
Z_E_1858_KRI_0748,3.804000754461216e-05,0.09780046483160713,0.00029432956939997164,0.012484675200162111,0.00033414902914700523,0.07928906112845874,0.020850445294963816,6.0732160674548645e-05,0.0031497946799732457,6.65037254696289e-05,0.0011510661742501155,0.007298758837481044,0.20618428686900567,3.81282827184029e-05,0.13993233693980292,7.865818278616526e-05,0.0011595408713953852,0.22070828577344737,4.495486086174151e-05,0.0033484083271484695,2.6539087226411293e-05,4.451133076962558e-05,0.00024377329860047242,0.00111946573233116,0.0012467563263006676,0.0800324635078621,0.008703302993330327,0.00015871518520162118,6.525996767306972e-05,0.11404659182440653
Z_E_1858_KRI_0754,3.938590466593516e-05,0.1977546478669499,0.016387059187958096,6.0543946777762566e-05,0.00463458916532252,0.01347651369191241,0.23173041818473047,6.288093102186624e-05,0.00862200983685687,6.885670009934887e-05,0.00011963776152379916,5.191615655913067e-05,0.07517139583496625,3.947730311203728e-05,0.14381114185439256,8.144119542506239e-05,0.00012841230273399236,0.00014830059450471648,4.6545413065295505e-05,0.20932052240636764,2.7478069193191314e-05,4.608619039284823e-05,0.0002523982648404767,8.691926136677985e-05,0.0012908679303425801,0.00030821133425175916,0.006866926594672307,0.0001643307022496288,6.756893679001344e-05,0.0891335164769548
Z_E_1858_MIT_0759,2.674183017234883e-05,0.2674861004891379,0.030781239479528055,4.1107496614010065e-05,0.004602665328694697,0.00041462019973631184,0.0022823780064443514,4.269423776674859e-05,3.0400645653732295e-05,4.6751603039290555e-05,8.123039772745165e-05,3.5249489726869586e-05,0.016096999964688875,2.6803886934645154e-05,0.07289274048076172,0.0007832562845135669,8.71880440700583e-05,0.061249347740249906,3.160291840574395e-05,0.5104701192873184,1.8656772417973996e-05,3.12911201920927e-05,0.002355251314454593,5.901553222888853e-05,0.00014849983221168668,0.00020926611252583975,0.0002946729419221763,0.0022954561206543584,0.004413638404640979,0.022665014037566544
Z_E_1858_SAN_0788,0.002734398342465841,0.17323268404964545,0.04723656482882444,0.050757074718844414,0.0001461647856765518,0.05597204377795838,0.19619287672824906,2.6565701152356224e-05,0.0009248358179121589,2.9090321778801637e-05,0.010015659467286114,0.006363370386402539,0.24464923157979496,1.66782237433901e-05,6.018301365731959e-05,3.440697241585842e-05,0.0005072109393325394,0.04671751172139266,1.9664332467908788e-05,0.030907060238839608,1.16088321621104e-05,1.947032178644514e-05,0.016866144460438916,0.0004896811140110852,9.240127872204768e-05,0.005112769650732031,0.0210195050790381,6.942582202865903e-05,2.8546272340047656e-05,0.08974717122090028
Z_E_1858_SCH_0789,8.392772895437531e-05,0.09697489174567898,0.030349987011930684,0.00012901356457573028,0.03957648912335668,0.01729389681682024,0.10083426075615039,0.00013399346238113523,9.541071542301057e-05,0.09381787311106557,0.01167824749940672,0.04808853250449699,0.12819803962437068,0.0069381087713024665,0.10539801051206787,0.0024582057669500115,0.0025582968628978554,0.0003160148841300975,9.918398079077888e-05,0.24727711842498754,5.8553230222748634e-05,9.820541964537009e-05,0.0188151341636934,0.00018521692648118833,0.009604706740019127,0.0075107561972690045,0.0009248144439046284,0.00263483565830175,0.013851955731524776,0.014016318621200171
Z_E_1858_SEY_0808,4.033735792828954e-05,0.5385365682148588,0.04203818152245481,6.200651914130498e-05,0.00035432929329169585,0.0006254128192899793,0.00014857345392217073,6.439995838630257e-05,0.007732238826860397,7.052008532561602e-05,0.00012252787511819494,5.317030564992986e-05,0.05722234283487977,4.043096430513379e-05,0.19779573034985878,8.340858684934103e-05,0.00013151438469450574,0.00015188312195070012,4.766982001961667e-05,0.025511721667330577,2.81418624664146e-05,4.719950381222198e-05,0.11335812392426452,0.0033831829222029054,0.0013220516879332844,0.0025117661475466363,0.008130866973715272,0.00016830047224949442,6.920121325764729e-05,0.00014819733043566096
Z_E_1858_SEY_0809,3.8559078947185325e-05,0.18310673021399818,0.02234092709127649,5.927295166580387e-05,0.000338708628800722,0.006895721757769535,0.011688137570233164,6.156087575263232e-05,4.3834729644635605e-05,6.741119590099979e-05,0.0011667729412065055,5.08262840825221e-05,0.20060058165530675,3.864855867169068e-05,0.1586361183316848,7.973150574002608e-05,0.0001257165516675916,0.019038828422667242,0.24776219594988724,0.06217431545636986,2.6901223885124336e-05,4.511870601438312e-05,0.00129674641196655,8.509457100198165e-05,0.0012637688243713077,0.010798208347682949,0.00042488928984842783,0.0012105276459529381,6.615046652253005e-05,0.07046799476148029
Z_E_1858_SEY_0810,0.00013470880584921907,0.15198323511123363,0.0010422917180940656,0.011208114196831083,0.004850315340301895,0.0020886002052767317,0.11050656960692605,0.011216107217671453,0.00015313965598712164,0.00023550566944634772,0.00040918851873633806,0.0001775651343717978,0.04441659950961703,0.00013502140944777346,0.01515527526248057,0.0002785475229195818,0.0004391994573786135,0.24986412967036442,0.0001591959627426708,0.022858558389250355,9.398128389973162e-05,0.0001576253161281279,0.0778705401375236,0.00029728376187692344,0.03741818382271573,0.0010541532849988983,0.0014843800841820283,0.007896075299404542,0.00023110122427520382,0.24618480742006843
Z_E_1859_DIE_0667,2.9704251392406385e-05,0.11113923265764702,0.053597602249219035,4.566132555869861e-05,0.01885878558745491,0.0222928205658566,0.22894393562683643,4.742384359848325e-05,3.3768385154269134e-05,5.193067792020537e-05,9.022898355312708e-05,0.03885207764973802,9.094580981849365e-05,2.9773182712961807e-05,0.05590101309736116,6.142171325307835e-05,0.08661732140446977,0.2645248858515575,3.5103843940665946e-05,0.010700692952750772,2.0723542648455052e-05,3.4757505172439944e-05,0.036577470507803155,6.555318742530152e-05,0.0017821555649304092,0.026916333059323682,0.018116572883630187,0.00012393572097724358,5.095946638148704e-05,0.024367208901914034
Z_E_1859_PFE_0770,5.303192285878433e-05,0.16232974276000653,0.026395546705517255,8.152058312022561e-05,0.11739932643049943,0.016702092562239212,0.00019533098725184184,8.466726133434042e-05,6.0287747127831025e-05,9.271345266666899e-05,0.003048335180623944,6.99035259725706e-05,0.00016236837976186093,5.3154988086921466e-05,0.24560776734804324,0.00010965809291273112,0.00017290326045494816,0.13878751774756443,0.07080021302325483,0.06530022474534228,3.6998384526685863e-05,6.205365382612686e-05,0.0003398465878654299,0.00011703414210851761,0.004625360984385655,0.08847601766693274,0.0005843681088344639,0.00022126629307995995,9.097951853311804e-05,0.05793976795526754
Z_E_1859_SCH_0793,2.830796777061261e-05,0.0011143198308241698,0.15510827121967263,4.351496071062494e-05,0.0017898478462268772,0.07826882010541383,0.03246918218551279,4.519462949628912e-05,0.012361672965114959,4.94896147171392e-05,8.598766299998437e-05,3.731387914319107e-05,0.12106981009235608,0.0023401533907083756,0.5241057916194971,5.8534512659977016e-05,9.229421941621653e-05,0.00010658860029266073,3.3453746057071854e-05,0.002491761729978809,1.9749407909177302e-05,0.003115496663108471,0.00018140707969169394,0.030886201539525197,0.00015719673773624069,0.01871575965504216,0.007247269683714086,0.00011810997519191241,4.8564056130481324e-05,0.007809934423381164
Z_E_1859_SEY_0805,0.006131154625085966,0.2600380476878792,0.0002476554279541343,4.920219225095848e-05,0.02206382797246561,0.015308479213054213,0.10815992421864863,5.110138703731627e-05,3.6386998363174894e-05,5.595770966981477e-05,9.722590706838994e-05,4.2190654093456265e-05,0.059346854105190826,3.208198276861001e-05,0.0985734245554577,6.618473964309805e-05,0.00010435670521609932,0.1665400995231798,0.05580145499080669,0.08123502827888354,2.2330576632065774e-05,0.022691427091571296,0.021987783828240487,7.06365943366346e-05,0.00017774172342142363,0.00460700732852979,0.00035269855704784305,0.00013354647714824866,5.4911184273110304e-05,0.07592127776408182
Z_E_1860_FOS_0583,0.0014152645685454514,0.22158070773674868,0.006191091618327537,0.3612135581005194,0.026715127202615294,0.0016635885299815358,0.05505672931509831,0.0004933813689655715,1.94628248216986e-05,0.0014280750433119127,0.007974821477626601,2.2567107666810362e-05,5.241773797231995e-05,1.716014067239285e-05,0.0005279700530178281,3.5401161169891915e-05,5.581873647061012e-05,0.11191599643608431,2.023253294654665e-05,0.05417042561976178,1.1944269126558717e-05,2.0032916330467712e-05,0.02714050045568398,0.001901974596928783,0.007085791998198044,0.008522839390710697,0.0025188930925403624,0.000537479932145275,0.0004954191687166358,0.10119532686729477
Z_E_1860_WID_0840,3.430955528170783e-05,0.11062472195177935,0.047897789472395993,0.026203820317810423,0.026452459913830696,0.019211297078447317,0.05336249800500374,0.01406428336377376,3.900378642501587e-05,5.998193461880443e-05,0.00010421795379834789,0.008450929012685534,0.11685093755333421,3.438917361384469e-05,0.04215261358698096,0.0019388787124527565,0.2027827294494624,0.03561993756473602,4.05462927973541e-05,0.00021814007864231607,0.24565729249597631,0.0009741133912712985,0.003955735824876574,7.57164581644868e-05,0.00019052410286635562,0.032957336415410196,0.00971773437028689,0.0001431505347188815,5.886014785711523e-05,0.00012605150070123684
Z_E_1861_KRE_0743,0.0013006953164478594,0.19464846219656595,0.005689907068001054,2.4187001881051562e-05,0.03483215674525977,0.045217585583147986,5.7954332209821936e-05,2.5120615319164666e-05,1.788725984742655e-05,2.750790497585565e-05,0.015895645115510292,0.011157067573862412,4.8174389294193707e-05,0.39749699263449234,0.0004852295397254288,0.0017458164752964759,5.130006834833599e-05,5.924534076731362e-05,1.8594658149675203e-05,0.0853357758384577,1.0977350282480947e-05,1.8411201004354387e-05,0.07934008399686901,3.4723807251860314e-05,8.73749563191785e-05,0.12604929176974025,0.00017338090585982313,6.564928809507622e-05,2.699345001804498e-05,5.7807616999845574e-05
Z_E_1861_SEI_0796,1.7663733050049766e-05,0.17475876054441403,0.012157626773974922,2.7152660901141363e-05,0.20403057384845238,0.08490139826682232,0.12941054641802424,2.8200748184654308e-05,2.008048386800137e-05,3.0880752380284454e-05,0.12410992043578517,0.012044239238246572,5.40812318557585e-05,1.7704723291782965e-05,0.0005447253535669985,3.652462847982878e-05,5.759016214237722e-05,6.650963421339486e-05,2.0874618929364574e-05,0.00011230597671748471,1.232332437393827e-05,0.01636916876772827,0.04435031312399311,3.898142349941245e-05,0.013561558998281225,0.08716994729167682,0.025679066415994503,0.04911919909448138,3.0303218170503484e-05,0.02122177810850014
Z_E_1861_SEY_0801,4.705421015054692e-05,0.3310433733971133,0.0003640757798437354,7.233165314311885e-05,0.04268300840781112,0.0007295546297809937,0.00017331344646009806,7.512364049679973e-05,5.349216415195664e-05,8.226287206626534e-05,0.000142930838340011,6.202406068013641e-05,0.009110361539567948,4.716340357207172e-05,0.5317434026039924,9.729752704543235e-05,0.002715212377684061,0.0014580735421619077,0.002617406275132499,0.06050143822984557,3.282795846164663e-05,5.5059019366864363e-05,0.0028633379968912324,0.00010384215432329881,0.0002612963386266215,0.009334514246369175,0.0017993979504604338,0.00019632534693379226,8.072438549611831e-05,0.0014537740040308264
Z_E_1861_SEY_0816,2.8796150387290095e-05,0.16653273226620707,0.0025744537667782754,0.02199297380562365,0.0026045969561525537,0.016124120387559233,0.00010606404936852447,4.5974029581312976e-05,3.273603782813571e-05,5.0343083599354573e-05,8.747055582597142e-05,0.0016057222589570706,0.06515040825866672,2.8862974379818515e-05,0.10749604615297824,5.9543964549559644e-05,9.388587141695072e-05,0.10044537950268559,0.0008179131130140592,0.01194132251115947,0.004723384654208033,3.369491904746202e-05,0.04564971722919021,6.354913370911492e-05,0.00015990766051893898,0.000225342035620607,0.0011011923018633002,0.0009040292738469993,4.940156337191824e-05,0.4492704355319045
Z_E_1861_WID_0841,1.5106826266061706e-05,0.2584388163476104,0.05604480448161994,0.004546803742049049,0.03796629176573001,0.02449707114852697,0.1332956810465785,2.4118559887165376e-05,0.16368857905798304,2.6410621121389418e-05,4.588816465002336e-05,1.9912919715635666e-05,0.03829107858970974,1.5141882981350184e-05,0.05063650562810507,0.0053772884475693635,0.017321110563165314,0.02390849388814457,0.0012515569817893222,9.604916888769627e-05,1.0539466363645286e-05,0.004541258336509772,0.04327645178387425,3.333868275413842e-05,8.388958987859066e-05,0.03589563503932614,0.08775945305485303,6.303055344599418e-05,2.5916687650749487e-05,0.0128037769732532
Z_E_1862_KRI_0751,0.008793049633519035,0.17485662621604647,0.020750517228169497,2.4781407121024083e-05,0.00014161056923637312,0.007271494079579316,0.09002289552379565,2.5737964482590467e-05,1.8326846408603023e-05,2.818392273691285e-05,0.015408594100300625,0.05180512798681581,0.08694095026616637,1.615856204502994e-05,0.09484913543134907,3.3334916662430704e-05,5.256078803518102e-05,0.18393735301701808,1.9051629306911667e-05,0.06636830828578692,1.1247123053864915e-05,1.886366362890766e-05,0.0027363883631847333,3.557715869590478e-05,8.952223079883103e-05,0.0141692403886812,0.00017764181093028573,6.726264559329304e-05,2.7656824842860793e-05,0.1813028014160083
Z_E_1862_PET_0769,3.0518606367442885e-05,0.16984780395129218,0.00023613371422921673,4.691315066427906e-05,0.012729641324021691,0.0013039481966038188,0.00011240832294874132,4.872398890292443e-05,0.023296275422642614,5.335438004831719e-05,9.270265039220317e-05,4.0227811436028815e-05,9.343912876149678e-05,0.16618474130259933,0.025033504076036134,0.022493916119386444,9.950170125875344e-05,0.32577705004063207,0.025789959771739583,0.16053279379310373,2.12916875861344e-05,0.0008664811566739676,0.0001955736032427431,0.0008981211159537423,0.0076464094507160225,0.00023882098095233555,0.010305539017263714,0.00012733347268723466,5.2356542322730186e-05,0.04580451551953435
Z_E_1862_REU_0777,1.943973275117318e-05,0.2812328072045167,0.004383885260203054,2.9882724671268176e-05,0.0033458661339279866,0.054278183611471235,0.0947955574556958,0.0010894044112648394,2.2099475733816703e-05,3.398565703676061e-05,0.025989071081663647,0.07093629499870274,0.011701569241613011,1.9484844355976168e-05,0.07362690189200671,0.0010985652159448268,6.338056389169615e-05,0.0032483015022938674,2.2973457089710986e-05,0.08426387122083523,1.3562372787031196e-05,2.2746798184669366e-05,0.08532321807650213,4.2900809978372316e-05,0.00010795061643814523,0.04936624631881037,0.0007433939525930606,8.110883732749083e-05,3.335005466092135e-05,0.15406399647704772
Z_E_1862_WOL_0845,1.3074446544899643e-05,0.11227030905208589,0.0008129812054475711,0.15306126687385538,0.0374853658407585,0.0005586231818239931,0.021758648136497825,2.087379681416775e-05,1.4863291478873649e-05,2.2857498192386573e-05,0.0007515340425451503,0.02172772535358978,4.0030166498606936e-05,1.3104786944796125e-05,0.0039622949885658575,0.009992506476253262,0.11322191044210293,0.1452603850611265,1.545109907196873e-05,0.05097821369015419,0.2523490953169295,1.5298656660551664e-05,0.01609972177330046,0.011062054046386877,7.260359914280805e-05,0.004373229404928279,0.028260935538023082,5.455080949573455e-05,2.2430015500464275e-05,0.01570806140927978
Z_E_1863_GAR_0677,3.1841245137562846e-05,0.35056386629708597,0.005447019496661879,4.89463087695341e-05,0.00027969818715389274,0.05770085678647716,0.09026191529357303,5.0835626504654874e-05,3.6197762245965686e-05,5.566669309295547e-05,9.672026895660808e-05,4.1971235182243114e-05,9.74886653903393e-05,3.1915135539528076e-05,0.23761160817155114,0.0009326158755776212,0.0018373646617757147,0.00011989252560586993,3.762929708005491e-05,0.08861353122109529,2.2214443073185262e-05,3.725804188583901e-05,0.06954607670091524,7.026923798831117e-05,0.0010435926903008608,0.059189894289822256,0.002951190313785166,0.00013285194838964461,5.462561031068863e-05,0.033054445969071714
Z_E_1863_GUD_0706,1.3388953598765573e-05,0.2782540511752243,0.0004680664090431668,2.058147707838993e-05,0.00339785076935652,0.00020758977899427742,0.13052998203842645,2.1375917979792226e-05,1.5220829367587928e-05,2.3407337483139397e-05,0.024824707277270843,1.7648522157665296e-05,0.010975127192287788,1.3420023839864263e-05,0.05544803862373546,0.000756627618793551,4.3652834114106014e-05,0.030665989184869385,1.5822776728183645e-05,0.06386757583342863,9.340971002997094e-06,0.25186522201945083,0.002637098921537228,2.9547574624719132e-05,0.00043882122216275335,0.03545847446004314,0.000876477513600685,5.5863034401132005e-05,2.296957165444695e-05,0.10902606013774427
Z_E_1863_JTT_0718,0.11545087532267329,0.043177609364947155,0.005610821387208073,0.07678513029761633,0.002612367393119214,0.02572643142652516,0.004916479570630983,0.05926062785065927,0.0006295766452032485,3.881228555990243e-05,0.006715160645470428,0.03387222568680865,0.027263209177529255,0.010900347077898628,0.018210454472232983,4.5905756863408435e-05,7.238184455434689e-05,0.002500946674095473,2.6236137671240884e-05,0.021897341091382565,0.4762343142369856,0.0024433317341549716,0.001955284538695347,0.042352696359043554,0.007375345053131247,0.009843146500776466,0.003870663501543988,9.262787982533897e-05,3.808641520562497e-05,8.156367198828041e-05
Z_E_1863_JTT_0719,0.06219896645334085,0.12569074819805393,0.002151484694395986,0.024542180360087838,0.0408049613452139,0.004304001109028309,0.00012744266360429547,0.000997125038487779,3.933441992369059e-05,6.0490399019777925e-05,0.00010510140512057563,4.560818368152923e-05,0.06886349278246912,3.468068922888214e-05,0.09996488395078329,7.154583941434513e-05,0.0019965784809609474,0.009549124957663302,4.089000205931644e-05,0.031302172271829645,0.49545529918969666,4.0486576355569605e-05,0.00022173109849980154,0.0010182426376790714,0.002075907836281369,0.027585408399995605,0.0003812678641676536,0.00014436401593364133,5.935910291769437e-05,0.00012712003410555574
Z_E_1863_JTT_0720,0.08573000775516111,0.06635578129503877,0.00013240522954286452,0.048472724301474715,0.022510203894063916,0.014240249305127033,0.014037958338146453,0.005151461064865518,0.0070069180507552,2.9916943289839603e-05,5.198036097673377e-05,2.255659520954351e-05,0.03731886954587274,1.715214694771288e-05,0.07878732418220599,0.005159525151247725,0.026608157045190404,0.01450519336117359,2.0223108006446173e-05,0.012686236557683502,0.5305933939685947,2.00235843779657e-05,0.00010966230686035827,3.776478700479126e-05,0.0033558435943895058,0.012245516810887105,0.0001885649500644315,0.0028663843214629396,2.9357434311910986e-05,0.01170864401006652
Z_E_1863_JTT_0721,0.03873800528813098,0.15454087194623845,0.00896593016599504,0.08333216715876314,0.010748326515936138,0.006786856503031127,0.00301243713290504,0.011180050737340127,2.4497785958429655e-05,3.7673896058500304e-05,0.0006520709493930315,2.8405135348390204e-05,0.024117109702765246,0.011167245798329187,7.794099419915608e-05,4.45593112492596e-05,0.00945606632648579,8.114041443640606e-05,0.0017853055188101817,0.03944007988761799,0.49863605702695585,0.006477958006292679,0.0013113218073438958,0.0006341695197234847,0.0007062787522900426,0.0517905743292424,0.00023745662316431725,8.991104405003894e-05,3.696931595236896e-05,0.035862562405993274
Z_E_1863_REU_0779,4.359229502669757e-05,0.2378612796374761,0.000337289665605802,6.701000300494778e-05,0.1617686571219248,0.01728911670088924,0.16747959737074658,6.959657572698615e-05,4.955659002389026e-05,7.6210553261501e-05,0.009625693587931736,0.019044017944427626,0.00013346697483388527,4.369345477055161e-05,0.01795756424793364,0.010770077475493885,0.033368601712642554,0.21613622686458275,5.151643451360823e-05,0.00027715971796325517,3.0412710059434274e-05,5.100816714257628e-05,0.00027935424407475313,0.007216161125318732,0.00024207200686961612,0.0003411281149242018,0.06337332182525482,0.0049285204136202375,7.478525762385481e-05,0.03101331120633174
Z_E_1864_BEC_0212,7.158501328115559e-06,0.1010281006454463,5.538796518329816e-05,1.10040362686609e-05,0.015457385505849979,0.11079552573642061,2.636670624574231e-05,1.1428789869145555e-05,8.137927018653957e-06,1.2514903067268171e-05,0.021457130068136054,9.435910608919568e-06,2.1917256616629063e-05,7.175113258280912e-06,2.5891242728235586e-05,1.480217124777285e-05,2.3339304948420073e-05,2.695405911649722e-05,8.45976254885382e-06,4.551373603810007e-05,4.994218019921185e-06,8.376297508797045e-06,0.3560681415681813,1.57978254710769e-05,3.975181351691782e-05,0.031429628071515045,0.003586489334745493,2.9867577253381323e-05,1.2280848386072815e-05,0.3597510431034564
Z_E_1864_DIE_0669,1.664715055865511e-05,0.11711872031758612,0.0005819701984409779,2.558997199564985e-05,0.042743746124777,0.019744204009808874,6.131598060683054e-05,2.657773979976092e-05,0.22886727722406544,2.9103504496049553e-05,0.03358478103671636,2.1943283567993115e-05,5.096875086083856e-05,0.03491039496129763,0.0027792006121764436,0.0013939177272936174,5.4275735325314606e-05,6.268187427959028e-05,1.9673243656198987e-05,0.08439454264351968,1.1614092879167272e-05,0.0059106248506969,0.35085643261212696,3.6737966099617146e-05,9.24431517525353e-05,0.010099902176349193,0.001089767995874713,6.945728338506709e-05,2.855920851310213e-05,0.06531692857149383
Z_E_1864_GRU_0700,1.3379200933624906e-05,0.13309751842294845,0.00010351981253135331,0.02478655079741438,0.00011752487161024953,0.000935849871550354,0.2477091223549952,0.0029350055607096975,1.5209742343431012e-05,2.3390287313936577e-05,0.05285045985684451,0.05865474558222701,0.03281947188451215,1.3410248542808784e-05,0.10603223522483562,0.004033927347522588,0.06377961007543151,0.10494160466806993,0.021503944698516343,0.049981239206623986,9.334166934134736e-06,1.5655255522529715e-05,8.5738467333459e-05,2.9526051837377457e-05,7.429592817563061e-05,0.01977180308555154,0.00014742777417514714,5.582234313543772e-05,0.00257239240190023,0.07289028480995746
Z_E_1864_GRU_0702,0.0003634222844400816,0.11443400431945418,9.963695973938355e-05,0.07819131104209866,0.07512972845159438,0.0005502028136530339,0.0694553239573923,0.0010721939010733686,0.014386980752037315,2.2512957262992114e-05,0.028082709189816507,0.040680184284205195,0.0003899716892000972,1.2907252838680331e-05,0.040709785647216896,2.66275053757442e-05,0.088729848296545,0.09855160845908192,0.11429286037955158,0.07825339026012314,0.011226421327501361,1.5068053409926933e-05,0.0032374267946822114,0.01089531093434221,7.150921377676751e-05,0.010617118295812248,0.002595712410799283,5.372854161476668e-05,2.2091918202071565e-05,0.11783040210715874
Z_E_1864_HAG_0709,0.07557005788949173,0.13500329558404328,0.0031269292614925477,0.0001374950683872305,0.0007857001342345542,0.0013868086702716429,0.14885581795321237,0.017186811659219814,0.00010168312832144822,0.00015637329894978592,0.002706555365220866,0.02446648611693202,0.11227734513757964,8.965280230337811e-05,0.0003235102195807601,0.00018495263904102843,0.0002916238416200675,0.15129801538052928,0.00010570445260227557,0.17344364418241265,6.240258859791686e-05,0.00010466155969367687,0.005442912426172982,0.00019739330555474253,0.00049669759210001,0.059136550089097725,0.01802962214425841,0.00037319438765483996,0.002588307266135193,0.06606979585528812
Z_E_1864_JTT_0723,0.03465281405514474,0.11398498396504982,0.033107980022217105,0.025795963966361246,0.11824865379967194,0.014117556023845896,0.014806585927997634,0.0292876992054564,0.011021764643184781,1.7247018026324868e-05,0.010771966130423517,1.3003801906581608e-05,0.08005810178570438,9.888155508783035e-06,0.08086922838096033,0.005391398957205252,0.011311263932257044,0.01131624549143992,1.1658554316742226e-05,0.019129772652082575,0.35583562022458126,1.1543529610382967e-05,0.00113741991672334,2.177127375353079e-05,0.009991132358878258,7.719984300856724e-05,0.0001087070648022656,4.11610573827771e-05,1.6924462966647274e-05,0.018834743799532015
Z_E_1864_KRE_0742,1.486836515409739e-05,0.01960821844367372,0.045851040691104086,2.2855626046863036e-05,0.00013060590946040675,0.03503845558616705,0.011387578059119271,2.3737848643891725e-05,1.690265391661165e-05,2.5993729712872772e-05,4.5163820398244335e-05,1.9598594463314848e-05,0.6694910252192637,1.4902868499461419e-05,0.006934413649641115,0.022291628742499032,4.847625117467044e-05,0.04295877938386593,1.7571113411587225e-05,0.01466529367051817,1.0373100985218216e-05,1.7397754682394647e-05,0.005356945101156152,3.28124319572495e-05,8.256539348337427e-05,0.1251820467017683,0.0005685804883214941,6.203561674666743e-05,2.5507592977468338e-05,5.4625591187629686e-05
Z_E_1864_MEI_0758,3.804000754461216e-05,0.09780046483160713,0.001329846249748986,5.847503597393888e-05,0.00033414902914700523,0.000589793421933641,0.004282178409379588,6.0732160674548645e-05,4.324463892620268e-05,6.65037254696289e-05,0.00011554949390110128,0.021795992362367247,0.02807541784897518,0.042494312177027996,0.5168604085868441,0.021824508470115467,0.00012402419104637087,0.10576593425470678,4.495486086174151e-05,0.02095219189308171,2.6539087226411293e-05,4.451133076962558e-05,0.00024377329860047242,8.394905198214562e-05,0.00021123964595165314,0.02722111281006235,0.0004191695505382118,0.0011942318655506355,6.525996767306972e-05,0.10783349174231245
Z_E_1864_OLA_0145,4.133591805843497e-05,0.06238996467963061,0.0003198312447394579,6.354150410322739e-05,0.17590010837880504,0.07940750101879908,0.035034605493941606,6.599419346094256e-05,0.001172228723821201,0.0011975030536000681,0.00012556107950262635,5.448654821157841e-05,0.010253693655481823,4.143184168163953e-05,0.00014950591454693932,8.547338468482623e-05,0.39846874880551253,0.01815943867177194,4.8849896854778295e-05,0.007014237046757115,2.8838520435361287e-05,4.836793786666156e-05,0.013767741350896638,0.0012164599001879223,0.00022954213890494048,0.0003234710124185777,0.06459400977231088,0.0001724667873009601,0.1294731955379041,0.00015186598780856376
Z_E_1864_OLA_0146,1.6015724845410356e-05,0.044664074640524506,0.0001239195705166393,0.006564267190882557,0.008424238423536186,0.060413076878544726,0.07504695222908156,2.5569647258615952e-05,1.8206995286973346e-05,2.799960980731043e-05,4.864901507120162e-05,2.11109757547711e-05,0.056725983502095914,0.00045202941376871477,0.0004939030359170503,0.0004690934410756494,0.5703095091811164,0.07286838369931962,1.8927038360362653e-05,0.016668935819206743,1.117357082981834e-05,1.8740301911699823e-05,0.0001026342087462651,3.5344496606692325e-05,0.005320655063284844,0.0001253298093691451,0.0010484331421024718,6.682277157796045e-05,0.05234465872244561,0.027525361881154595
Z_E_1864_OLA_0147,0.00721793826558982,0.06656345729256424,0.0551674563502052,2.9037582182153113e-05,0.013021375444726816,0.07434023432924888,0.013953455695128028,0.010828730917378458,2.1474458901005146e-05,3.302447551471971e-05,5.737966414855746e-05,0.0015675528063877515,0.09364546376773959,0.0005331515120985886,6.832212018969518e-05,0.0005532778837108544,0.518393067572081,7.112669275427125e-05,2.2323722337543474e-05,0.0001201021896290045,1.3178802091198408e-05,0.0010505389490634601,0.0006352708857692114,4.168749031863478e-05,0.033014832768360265,0.03614306338084632,0.0007223693029870071,0.0016214681320757059,0.06893758369227573,0.001612053853696228
Z_E_1864_OLA_0148,1.3969377162694224e-05,0.030211054311198676,0.02102300764426255,0.0011622875988770314,0.008868948933312857,0.11429797855525985,0.0015725382075283544,2.230258386182362e-05,1.5880666446140485e-05,2.442206728586999e-05,4.243307416198297e-05,1.841360197165242e-05,0.07913920028428542,1.4001794327578824e-05,5.0525175354936865e-05,2.8885531134120804e-05,0.6035360960328036,0.0015736843907031676,1.6508708783446453e-05,8.881726993642942e-05,0.05819125458977944,1.634583186675537e-05,8.952051721731062e-05,3.082848940589429e-05,0.016048967770166834,0.012658269127041854,0.00015393103010608242,5.828474878529144e-05,0.05098031933035957,5.132275661287856e-05
Z_L_1853_OTT_0763,5.7515588364683906e-05,0.23554987285418574,0.0411526119164388,8.84128662367604e-05,0.02399037497346402,0.041599346247367636,0.00021184554607910723,9.18255852015446e-05,0.032944594270855616,0.014191641798471523,0.00017470809171552318,0.05644017260437077,0.00017609606422703907,5.764905833186555e-05,0.05344103109470553,0.00011892930508327196,0.003318874909129804,0.0002165646827238786,6.797068242647547e-05,0.0003656839870413704,4.012646986724659e-05,6.730007545628565e-05,0.18824977603131446,0.0001269289737061162,0.0003193893299996905,0.03802632308240996,0.008462157600911083,0.04094756618692008,9.867152189638518e-05,0.2194060386010978
Z_L_1854_OTT_0766,0.06493936190720187,0.08081377787108526,0.12391475224681724,5.8173836085805177e-05,0.0003324278561964846,0.06651845611000569,0.00013938998471231371,6.0419334530936784e-05,4.30218895051889e-05,6.616117049145234e-05,0.003205502776975827,4.98837975159088e-05,0.029991169428640555,3.7931887208793784e-05,0.39469689756082726,7.825302124224501e-05,0.0001233853530901926,0.0001424950789517006,0.0031352717708281845,0.00024061249484188052,0.002086768032396611,4.428205672771702e-05,0.03732909926640118,0.06601521730095902,0.00021015156867781618,0.010597974030048021,0.0065981073813715764,0.00015789765691400878,6.492381918448224e-05,0.10830823351056483
Z_L_1858_HOP_0712,0.011980409529432344,0.1965221079930727,0.002273545454666294,5.62051812676749e-05,0.031176114060577007,0.051328245210289704,0.009092557507450742,5.8374690030321206e-05,0.0010368865018132202,6.392221710923044e-05,0.0001110641514268405,4.8195685042433954e-05,0.00011194650316957662,3.664823810571207e-05,0.393283846487703,7.560486877943388e-05,0.00011920988201605827,0.026016006220676298,4.3209825552281524e-05,0.10772708521100148,2.550890620920478e-05,0.002033424535502641,0.00023431062859311435,8.069035966063943e-05,0.018118809060822815,0.11673862382554152,0.007370142018125229,0.0001525542585072619,0.0020533677621940275,0.02203138322566125
Z_L_1861_KRI_0752,0.014957737896801073,0.16692528165909581,0.031652539778222265,4.436973618409499e-05,0.042682976871238384,0.0012332541443457314,0.013463727523748463,0.0055461938243316165,0.020461798496507033,5.046175184333368e-05,8.767674059888584e-05,3.8046845189598126e-05,0.023660279398508118,2.8931009912026377e-05,0.23975210902845454,5.9684321023725655e-05,9.410717831154152e-05,0.1776837083609396,3.411088652458693e-05,0.05989901290405837,2.0137350566613692e-05,3.3774344394272356e-05,0.00018497050523320948,0.10378008580631974,0.002517475204154666,0.0033687940241508667,0.04196175860921373,0.00012043003956328048,4.951801227325735e-05,0.049607047748291506
Z_L_1861_SEI_0795,1.4874385462713992e-05,0.2629654059087411,0.00011508860673057059,0.00123758658406034,0.3317496838769414,0.03383792120671568,0.1276005652834177,2.3747460270539935e-05,0.002851260139668794,2.600425476208606e-05,0.05146840089350682,0.006498122282636751,4.55410578636826e-05,1.4908902778732176e-05,0.009366664851105395,3.075688481885566e-05,4.8495879559474207e-05,0.009368873238016353,1.757822808252641e-05,0.0009043857798303492,1.0377301128851693e-05,1.7404799159130213e-05,0.04139585804060179,3.282571794833168e-05,0.011824908626324878,0.0592328545888991,0.000568810710674631,0.023951587572984455,2.5517921186400492e-05,0.024753989016122552
Z_L_1862_WID_0843,3.938590466593516e-05,0.11841522268086972,0.000304743271860758,0.05259610927269573,0.03679922099751719,0.0006106609590345414,0.000145068992928845,0.004351498508647823,4.477468160495793e-05,6.885670009934887e-05,0.00011963776152379916,5.191615655913067e-05,0.027996602481080737,3.947730311203728e-05,0.4804676216980301,8.144119542506239e-05,0.0033448754859534595,0.06554971865330055,0.003263008596284763,0.033487201723703404,2.7478069193191314e-05,0.01076763013445774,0.0002523982648404767,8.691926136677985e-05,0.00021871353593609102,0.0013803657286582483,0.0004340002282333727,0.0001643307022496288,6.756893679001344e-05,0.1588235521133766
Z_M_1853_COR_0661,0.00012903090905843487,0.05074105709489162,0.08880963215387426,0.00019834609759457504,0.0011334265100044192,0.0020005669373102286,0.00047525591179298346,0.00020600221731632772,0.00014668490972321127,0.00022557924424844631,0.007416843257184739,0.00017008086858643202,0.13738064022324656,0.0001293303365995086,0.6116331417795157,0.0002668069089597473,0.0004206874590438094,0.00048584285888956765,0.0001524859467176297,0.0008203782421016404,9.002002816085034e-05,0.00015098150193240266,0.000826873924399295,0.007309655219888236,0.00422897135254945,0.0010097213451850354,0.05410857778881225,0.0005383585848116799,0.00022136044384599268,0.028573659943755044
Z_M_1853_COR_0662,0.00012903090905843487,0.04371615530148856,0.13095904291429264,0.00019834609759457504,0.0011334265100044192,0.0020005669373102286,0.00047525591179298346,0.00020600221731632772,0.00014668490972321127,0.00022557924424844631,0.000391941463781673,0.00017008086858643202,0.1514304438100527,0.0001293303365995086,0.5800210837092019,0.0002668069089597473,0.0004206874590438094,0.00048584285888956765,0.007177387740120694,0.0008203782421016404,9.002002816085034e-05,0.00015098150193240266,0.004339324821100827,0.0037972043231867033,0.0007165204558479178,0.0010097213451850354,0.06113347958221531,0.0005383585848116799,0.00022136044384599268,0.0074989545635458475
Z_M_1853_GUD_0893,1.278771639367799e-05,0.14392238668036297,0.09408712863038676,1.9657256252325808e-05,0.037011394544671505,0.09940801906795566,0.033117017703753894,2.0416022414575193e-05,1.4537330926833953e-05,2.2356220077802947e-05,0.06478626026304647,1.685600704005526e-05,3.915228186661453e-05,1.281739141111101e-05,0.0153628444512227,2.644212234532091e-05,4.1692583241376365e-05,0.1566951254502712,1.5112247560493117e-05,0.1483737744952119,8.921510344087653e-06,0.004888424610990663,0.016442854372384907,2.822072700713378e-05,0.004248264042658763,0.032125673177932974,0.028685470097501102,0.0004014588689827299,2.1938112327793377e-05,0.12014299601345664
Z_M_1853_SAN_0785,0.09674844278960962,0.0640207978694143,0.04404742408938279,4.668046606682499e-05,0.0077066022489524055,0.022790386420572115,0.021604756467097756,0.01823478712747347,3.4522080514262316e-05,5.308974758880073e-05,0.0017455432911902243,0.02814613571097939,0.28446065080867483,3.043770692874746e-05,0.015816187963992385,0.005022693929000836,0.01745866276898966,0.23653630487309757,3.5887346147689895e-05,0.025819231598400084,0.0644999031179289,3.5533277251967275e-05,0.0324339620949777,6.701630545624967e-05,0.000995282267280962,0.0027175871076487285,0.0019879223768118695,0.006739903658409907,5.209685903985642e-05,0.00011156763112005789
Z_M_1854_OTT_0764,6.315144902399363e-05,0.19674361624692316,0.0726906073129107,0.0018161710936838524,0.07275671288819031,0.08005749559502484,0.020861741455264978,0.00010082342766251552,7.179182621103084e-05,0.0018294997812458075,0.00019182745863774661,8.32424833775941e-05,0.00019335143635926328,6.329799750012606e-05,0.421406633477755,0.00013058299777451144,0.0002058965779494508,0.000237785510159747,7.463102105754168e-05,0.07088440324356532,4.405839857304162e-05,7.389470238121079e-05,0.021033833453694355,0.00013936654115132908,0.008946159739764356,0.01424694508852133,0.000695876951974303,0.007139867388808808,0.00010834018676205685,0.007108394268091894
Z_M_1854_OTT_0767,0.00010327562034337722,0.3470495861101514,0.2706883088950302,0.0001587551108586776,0.03745468779436566,0.007223934860693254,0.0003803921825432506,0.00016488302640586705,0.00011740578406540045,0.02267132131357434,0.0003137077627811807,0.005758824015107053,0.00031620002142308964,0.0001035152804781305,0.08752526233335223,0.00021355076264895613,0.000336715897147966,0.006011558151969153,0.00012204890173856295,0.1356012398355306,7.205152873432662e-05,0.0029321908705115286,0.0006618252797818102,0.00022791505523564172,0.0005734989787051782,0.06546913604995068,0.003949358388629606,0.0004308992102692957,0.002988521783300377,0.00037942919467319556
Z_M_1855_DEI_0908,1.6299981210758637e-05,0.1497297029640728,0.06224614714679822,0.0017999142518528668,0.0019180393837615807,0.10541305738810794,6.0037261529478366e-05,2.602347217526059e-05,1.853014358991584e-05,2.8496563107383947e-05,0.22412532840074786,2.1485665585854618e-05,0.024454202603897718,1.6337806746741456e-05,0.03289382666417161,3.3704696298581775e-05,5.314383761266406e-05,0.22103118919583145,1.926296640502221e-05,0.08307824431437162,1.1371885839766573e-05,1.9072915649658474e-05,0.028502182988127914,3.5971811213896145e-05,0.0027528022105639005,0.014326417819437118,0.00017961236705545073,0.001399152241848995,2.7963618189040444e-05,0.04576247743419899
Z_M_1855_GLK_0680,2.8977872350318735e-05,0.006662494741460782,0.15720123092651966,0.004777520167252199,0.0002545458988473914,0.029635970861035435,0.0024732210959258435,4.6264154851235875e-05,3.29426229784388e-05,5.066078036970578e-05,8.802255048144167e-05,3.819690750916845e-05,0.4363112906775508,2.9045118044600215e-05,0.2809280175541993,5.991972471121061e-05,9.447835078051431e-05,0.00010911100642435931,3.424542484777698e-05,0.03883687393116615,2.0216775221167002e-05,3.390755534610069e-05,0.00018570005594704841,6.395016902706795e-05,0.00016091677922341847,0.027046958191983165,0.0018969707617320503,0.00012090503324522059,4.971331855279794e-05,0.012727730992415488
Z_M_1855_GLK_0681,4.9595272149493224e-05,0.0006022054906853225,0.17049275098653377,7.62377693978576e-05,0.0004356521753997888,0.026420311932426572,0.0811869652841128,7.918053205821727e-05,5.638089408989513e-05,8.670530256213327e-05,0.00015064951262274396,6.537353744556039e-05,0.32551908755380426,4.9710362328249384e-05,0.3282467630623685,0.00010255187193350023,0.00016169853543934715,0.00018674214561724653,5.861062346704124e-05,0.00436554125437019,3.4600762159402634e-05,5.8032363970137045e-05,0.00031782336196151687,0.00010944992781254491,0.0002754070886407771,0.00038810394559744913,0.05994964682013279,0.0002069274774748701,8.508373331464913e-05,0.00018221042012348383
Z_M_1855_GLK_0682,4.8804595799617855e-05,0.052405973795683874,0.13456095941913668,7.502234303527125e-05,0.0017572546812498688,0.020684912432335407,0.00017976059260290186,7.791819048097439e-05,5.5482037452767804e-05,8.532299676616905e-05,0.00014824777145693263,0.010692714701839152,0.19278887441730863,4.891785114455819e-05,0.5714521260666692,0.00010091693101556649,0.00015912064439771724,0.0001837649949400716,5.7676219201909826e-05,0.00031029951505990927,3.404913691083785e-05,5.7107178650450973e-05,0.0003127564391511454,0.00010770501412085082,0.0002710163904524516,0.00436756033940174,0.008509073986778028,0.00020362852062903253,8.372727950816098e-05,0.0001793055168202369
Z_M_1855_GLK_0683,7.293067964443583e-05,0.0028708561229763173,0.15740321648761463,0.00011210891876955534,0.0006406338318844819,0.0011307577965380894,0.00026862351745814134,0.00011643630062574083,8.290905053495154e-05,0.00012750160187794107,0.00022153263542061237,0.004066738577585212,0.2503714513378325,7.309992168290648e-05,0.3377652635063416,0.00015080424796087627,0.00023778040881709296,0.0002746074576841527,8.61879049872119e-05,0.08781701837544244,5.088100117475607e-05,8.533756469685212e-05,0.052085238609076455,0.09148487892021033,0.0004049907437330697,0.000570713362350172,0.0008036360185037435,0.0003042903267848117,0.002110419904171263,0.00820915486761969
Z_M_1855_LAU_0756,3.588476945860975e-05,0.056116021248509805,0.12238356186947735,5.516200759286947e-05,0.00031521710035667145,0.039630268027709296,0.04018291124071778,0.001034138515437031,4.079452130412099e-05,0.018622833856652823,0.00010900278988738901,4.730116840283731e-05,0.5227231557417118,0.011758135227735639,0.03920368052971039,7.420163500242292e-05,0.00011699733491824588,0.00013511769475690834,4.240784695364654e-05,0.03930204590206312,2.503545840901367e-05,4.1989446008671165e-05,0.002183656331107813,7.91927386742808e-05,0.00019927141146340441,0.07647490017233532,0.0013722678674230604,0.00014972283651261807,0.009830035178225923,0.01771508953148116
Z_M_1855_PFL_0771,2.040054509320416e-05,0.18017758995728908,0.0573577770328553,3.135968379643596e-05,0.0012898796548310315,0.055850214488804936,7.514075294124897e-05,3.257016132280796e-05,2.3191746358585648e-05,3.566540434352238e-05,0.003394003034903802,2.689078496313994e-05,0.08947206064470926,2.0447886347314492e-05,0.5059877340815823,0.003929557657294064,6.65131598389501e-05,7.681461150133569e-05,2.4108924402633867e-05,0.002906402276688354,1.4232695539293224e-05,2.3871062839809713e-05,0.00013073362734709637,4.502119034768879e-05,0.00011328609537354176,0.07346440816835628,0.001890814596442312,0.0006404567874055995,3.499838720416001e-05,0.022843854899276914
Z_M_1855_SCH_0790,0.0013526819936956521,0.0833140270019437,0.03804488135627815,3.750373478403938e-05,0.0015425954162079,0.014325259385497896,0.025327268616442605,3.895137145046059e-05,2.773551896304381e-05,4.265304057743741e-05,7.410919038388017e-05,0.0026887283477833,0.5446713567470167,2.4454076496492537e-05,8.824201200375545e-05,0.0013787329955684815,0.001407829082704872,9.186428141257353e-05,2.883239233514196e-05,0.029377378738685064,1.702119326943908e-05,2.8547928466648236e-05,0.026057895623070933,5.3841830594394216e-05,0.00146376586385187,0.00019092042644069032,0.002925408981470363,0.00010179407524698506,4.18553401269661e-05,0.22523386343723054
Z_M_1856_BES_0567,1.2069282108552042e-05,0.08096919339884462,0.13545488478621853,1.8552880270844147e-05,0.14302410725942705,0.15197599569857165,0.004972664409064346,1.9269017740950898e-05,1.372060050910099e-05,0.007906236151743498,0.032562847138445136,1.5909009703307398e-05,0.001351141967568736,1.2097289936216438e-05,0.002672031458571656,2.4956561774571533e-05,3.935022747480019e-05,0.0030023707050801825,1.4263217410110926e-05,0.03720258485259457,8.420285675900056e-06,1.4122494782779655e-05,0.016176163272539373,0.002326466557348451,0.13904254276681044,0.0805885432800841,0.0034184668558935242,0.1570959810722209,2.0705594217286723e-05,4.434190736889798e-05
Z_M_1856_COR_0659,0.04972631606749755,0.16068140646346663,0.12182151665877801,7.792095113411591e-05,0.00044527052849151417,0.003545686637938859,0.015365369377823625,8.092868427306095e-05,5.762567462263581e-05,8.861958708097486e-05,0.00015397556098729572,6.681685806120865e-05,0.00015519882342463948,5.080787048771613e-05,0.4817609339480231,0.00010481601789712047,0.0001652685247475453,0.0001908650491514818,5.9904632089665095e-05,0.025160101346719397,3.536467972135797e-05,5.9313605747249885e-05,0.02378277470277218,0.05116737069282217,0.0030412445321986617,0.0003966725262125291,0.0005585646852608035,0.0002114960338946949,8.696221673696075e-05,0.06090088706193727
Z_M_1856_COR_0663,4.68740871924437e-05,0.10137285130654013,0.08457842104642523,7.20547684331864e-05,0.0004117488859364217,0.008382738170983076,0.11118430588582769,7.483606809240757e-05,0.0051572715752275745,8.194797076814058e-05,0.0001423837007868865,0.0651375849084887,0.10349919448493657,4.698286262284661e-05,0.25792073766637064,9.692507326645105e-05,0.00015282648769882504,0.035904385258449655,5.5394785747246895e-05,0.08196177220061412,3.270229342619745e-05,5.4848254094067477e-05,0.006680365306849911,0.03710732994151678,0.0002602960993429445,0.00036680952431979245,0.014552470322571138,0.00019557381583535887,8.041537350632813e-05,0.08438795187412935
Z_M_1856_HFE_0570,1.7587621840145036e-05,0.07968877093622444,0.1461598204075123,2.7035662876575263e-05,0.02600787546880019,0.08357803415802896,0.036451023025591715,2.8079234059725506e-05,0.15561905956339014,3.07476903927775e-05,0.034524601385750885,2.3182956864908054e-05,0.012023007094022776,1.7628435459140346e-05,6.361183231008566e-05,3.636724761039174e-05,5.734201205389671e-05,6.622305103667003e-05,2.078467234228061e-05,0.0005905884175141363,1.2270224436032094e-05,2.0579608252172026e-05,0.1920980160968703,3.8813456552791235e-05,9.766567491572451e-05,0.10690252788937782,0.12515181994530963,7.338123301739625e-05,0.000508939000423961,6.46159971621112e-05
Z_M_1857_GLK_0684,0.0008309161294925452,0.014784028605874537,0.15571371536452655,4.525876566307317e-05,0.00025862613600524854,0.020493334834543468,0.00010844426082833664,4.7005744971350296e-05,3.347067593455612e-05,5.1472846089273483e-05,8.943350576624499e-05,3.880918388855566e-05,0.246142587429067,2.9510696042268043e-05,0.4946157968201093,6.08802064489338e-05,9.599278915572786e-05,0.0017138075127049515,3.479436103407271e-05,0.0001871945405765199,2.0540839517009014e-05,3.445107566161834e-05,0.00018867673037756272,6.497525667175998e-05,0.002567917461909005,0.059539457018275156,0.0019273782074007318,0.00012284307747006536,5.051019695672432e-05,0.00010816972703782453
Z_M_1857_KEL_0734,3.6454537706110405e-05,0.12151024470204472,0.022113924360270747,5.603785438996423e-05,0.0032972941407193083,0.0005652114162564373,0.13608723176005597,5.820090436857619e-05,4.144224520653833e-05,6.373191605932737e-05,0.00011073350543896738,4.805220301256787e-05,0.33949783401613964,3.653913365808791e-05,0.06761215189116028,7.53797876330474e-05,0.25813177137245313,0.00013726305540181285,4.30811867856587e-05,0.024048354769528282,2.5432964355917752e-05,4.265614258849674e-05,0.006187757293267125,8.04501386411739e-05,0.00020243538672643193,0.01219356059867943,0.0004016989788298,0.001144457464197332,6.253999685587395e-05,0.006088076277569308
Z_M_1857_SEY_0806,4.1243101511986376e-05,0.1363487723061393,0.010423508458262868,0.14938390817414696,0.0003622854783369665,0.011866561937255493,0.00015190955374400132,6.584600870031753e-05,4.688598000383911e-05,0.00231752475146222,0.011352385107969888,5.436420296148007e-05,0.18312810167047303,4.133880974625447e-05,0.0360759093019218,0.007944255637118753,0.00013446743656053649,0.09783111544175295,4.8740208261095175e-05,0.03506625204517877,2.8773765810395333e-05,4.825933147390461e-05,0.002509721006708689,9.101783874974658e-05,0.00022902672012151194,0.0003227446837519087,0.0004544650077502353,0.00017207952672163224,7.075507196608273e-05,0.31338778143543744
Z_M_1857_SEY_0807,4.293003155901142e-05,0.4387582110948493,0.00033216548888094727,6.599197271008632e-05,0.008557526555581927,0.001834242906033731,0.0048326503100817745,6.853924966622682e-05,4.880371571122049e-05,7.505274623972497e-05,0.0001304033237633957,5.658781379811017e-05,0.14971631401764648,4.302965446240514e-05,0.3262035531640104,8.876965298769609e-05,0.00013996743900372027,0.0001616453717721522,5.0733785824363626e-05,0.0259828493876044,2.9950673664852173e-05,5.02332401599187e-05,0.0002751102346625282,9.474066078236224e-05,0.0002383943971773291,0.035394900631852064,0.0016416854209928547,0.00017911794317099173,0.002410912771211224,0.0024949863441388427
Z_M_1857_WID_0837,0.026660276390677973,0.18084322352964757,0.020924911850390353,4.17765533050996e-05,0.0017183440530524838,0.00042136846809960393,0.32709537549119244,4.33891199123832e-05,3.089543996288367e-05,0.0022669374650048915,8.255248604700388e-05,3.582320276954649e-05,0.047430940444035195,2.7240141179685215e-05,0.0045371453528707225,5.6196079426321926e-05,8.860709774817017e-05,0.17099805103594204,3.21172806452123e-05,0.08377113130106957,1.8960425995752946e-05,0.005210458608059878,0.05418016687744368,5.997605622008898e-05,0.0001509167832437532,0.026105963084286664,0.00029946897475597526,0.00011339152314261754,4.662393913529435e-05,0.046707770944737076
Z_M_1857_WID_0838,0.09750948531666397,0.1176642509543178,0.12389808353224563,9.17155964722497e-05,0.003772425853786597,0.0009250657923863678,0.011588905003912775,9.52558001639744e-05,6.782736918898868e-05,0.0017284719395349063,0.01967119868399816,7.864570314263436e-05,0.33800872105767915,5.9802582995236025e-05,0.07655148960677116,0.00012337200023051896,0.00019452664661678425,0.07656034788718846,7.050977925176787e-05,0.010124326510999366,4.162542483743285e-05,6.981412124533358e-05,0.008503166439822648,0.0001316705025928306,0.00033132036268737473,0.015084370165901688,0.002281613223893562,0.019738902227208095,0.00010235747205974996,0.07493073244220487
Z_M_1858_SCH_0792,3.1731229747783384e-05,0.09194602885426935,0.008883321479630567,4.8777193296370843e-05,0.0002787317957660119,0.007402222824993157,0.0001168747444789827,5.0659983208030295e-05,3.6072694557644156e-05,5.5474357871393094e-05,9.63860886177782e-05,0.0009056067445432296,0.6798924250864028,3.180486484938777e-05,0.0001147671745534957,6.561304875147067e-05,0.00010345529231980324,0.006165941958013698,3.74992832640906e-05,0.05030101754643481,2.2137689459974733e-05,0.04149859451575772,0.03389078498507579,7.002644919115858e-05,0.0001762064250295265,0.003703432371332624,0.0003496520155997436,0.0009961734537899268,5.443687215725562e-05,0.07267414297703641
Z_M_1859_REU_0778,2.2638354728196604e-05,0.23075473650796544,0.0020239301719091065,3.479964102450817e-05,0.010675215579325596,0.0071298168300249504,0.359977056815008,3.6142900212305457e-05,2.5735732963670647e-05,3.9577671643792846e-05,6.876577057796141e-05,0.0006460968229146274,0.014243206761334106,2.2690889015831123e-05,0.0647887900810023,4.681102762927153e-05,7.380922909893168e-05,0.022886723429544138,0.006189316423712106,0.027259211388790346,1.5793931430992718e-05,2.648956612863758e-05,0.008772662337921214,0.006828778922217148,0.0001257128572359998,0.2053904993918874,0.017504632154007303,9.445452026085695e-05,3.883748698001626e-05,0.014257066803505214
Z_M_1859_WES_0836,4.6517946894994985e-05,0.1550535945844712,0.03961526594908577,0.02159862893627519,0.042196562477207024,0.0007212401061790117,0.00017133824312054018,7.426747804305043e-05,0.012715895250634433,8.132534585035042e-05,0.00140760316894248,0.022854740088593454,0.00014242447303487737,4.662589587060252e-05,0.19011343936662684,0.0013624899273291934,0.00015166534144410126,0.04196309700670503,5.497390682128218e-05,0.17251273401513814,0.2279666828100495,5.443152761046882e-05,0.038287140979437265,0.00010265869525422141,0.01798653622939153,0.00036402257611615183,0.010642999636106376,0.00019408788360463988,0.0013461056650919223,0.00017090448907044778
Z_M_1860_SCH_0579,9.747466609378507e-06,0.12615646421006357,0.17493670868975786,1.498378936885638e-05,8.56231823915083e-05,0.011826238962387717,3.590256912019337e-05,1.5562160643535933e-05,1.108111436290958e-05,1.704108083191738e-05,0.0005602954557474409,1.2848530631443802e-05,0.4983447159046872,9.770086460543184e-06,3.52551480262457e-05,2.015556935322249e-05,3.178026869636906e-05,3.67023458099203e-05,1.151934590615365e-05,0.01863601113373958,6.8004420419592535e-06,1.140569464680297e-05,0.031903670957053674,2.151131489985323e-05,0.015178701366771713,0.0865782206765,0.006475650228838743,4.066957574442567e-05,1.672237722551307e-05,0.02895824035168175
Z_M_1860_SEI_0794,0.04634661421490643,0.2771361543486123,0.0003463311657658899,0.0488075993168982,0.08203066416354209,0.001912466843213083,0.0074756853114492615,7.146220493162518e-05,5.088502063509695e-05,7.8253478971296e-05,0.03181618002559104,0.05367167340617347,0.01963256194391837,4.486471620719594e-05,0.0013803631943793413,9.255536301328784e-05,0.002582876203599445,0.1500403275123216,5.289740137503091e-05,0.038057153945983996,0.0024681676144502006,0.002489315160279317,0.07095809258862806,9.878101305685729e-05,0.00024856107046109427,0.041778246577889595,0.0004932276406594606,0.00018675668648476568,7.67899763796573e-05,0.11957449189022303
Z_M_1861_ULL_0819,5.5349117845705106e-05,0.10011436709763469,0.020015375474441422,8.508257137850646e-05,0.005006299172902018,0.050579311553216585,0.00020386584625847282,8.836674162742104e-05,6.292198058358093e-05,9.676450599753528e-05,0.00016812726830937449,7.295791456004564e-05,0.10262516199969408,0.13867201155613398,0.018280607067580685,0.0001144495311536054,0.00018045815469129958,0.028835734897698726,6.541039427123424e-05,0.03801944598404803,3.8615004602440915e-05,0.02567868980750809,0.001861397417460125,0.00012214787196731549,0.0003073587207823536,0.006459936043569434,0.0021166031454508895,0.00023093437821548695,9.495480875253513e-05,0.4597472939716644
Z_M_1864_SEY_0802,2.1651004707677234e-05,0.4953411427990796,0.00016752180937960878,3.3281888224353506e-05,0.03378478099404843,0.006818856741363716,7.97465356066068e-05,3.45665624574331e-05,2.4613293776952173e-05,3.7851529643688195e-05,6.57666177770463e-05,2.8539066440142615e-05,6.628910220666589e-05,2.1701247762994e-05,0.3566525226067022,0.0012235271424025358,0.000659968977027226,0.011869100320225133,0.01652819494733293,0.041983556549434094,1.510509433528941e-05,2.533424923504356e-05,0.021945765051119007,4.778078231290757e-05,0.0018883666110751326,0.009010111248391567,0.00023857623848718673,9.033497740372751e-05,3.714362742056344e-05,0.0012583023846205724
Z_R_1853_BRO_0557,0.00013228338122546352,0.030414149152934913,0.008225503263945878,0.07582411427557875,0.001161996704573011,0.0020509950737107284,0.029295147454012186,0.00021119489931056297,0.0001503823849225977,0.00023126540284975597,0.0004018211020122076,0.05058821373938798,0.0004050133791337968,0.0001325903564134576,0.00047844946522092877,0.003874521265514704,0.2416975530465489,0.0004980894623400038,0.0001563296482088553,0.0008410574531398504,9.228915606365154e-05,0.00375577625639093,0.0008477168715998954,0.00029193118413151575,0.04754743841176469,0.040646052042510546,0.43357633094949805,0.0005519289481126773,0.025433863087207444,0.0004860021817360463
Z_R_1853_HG_0554,0.00040059646099637565,0.10300873645862961,0.0030995625784231927,0.0006157962098278679,0.12347333015034465,0.2679298305712836,0.0014755056576843447,0.0006395658204419395,0.0004554060429821485,0.011605294084103452,0.001216843037489345,0.03324288746987678,0.0012265102753961892,0.03311637112571704,0.001448898272462804,0.0008283434122769206,0.0013060894363085252,0.001508374476253443,0.0004734162616733975,0.035261836482376206,0.00027948113334378875,0.00046874547960168883,0.00256715828960432,0.0008840611582058292,0.002224548838249248,0.0031348364544997605,0.3642775385393744,0.0016714176889578221,0.0006872478157085011,0.0014717703179067297
Z_R_1853_HLS_0555,7.594620394267156e-05,0.009191732102446256,0.04193543945725216,0.00011674437767720206,0.11850839728572407,0.0880079250572341,0.00027973051314119024,0.00012125068732068765,8.63371586734018e-05,0.002200164297841799,0.0002306925259936878,0.00010010776818259958,0.00023252526814974533,7.61224437697516e-05,0.00440946777666996,0.004291821240671931,0.12222366832004475,0.000285961876224615,8.975158659514544e-05,0.00048286580122104976,5.298481943216269e-05,8.886608659120763e-05,0.05837363102039874,0.0001676028012127191,0.0004217362263508339,0.0316051728617409,0.5052802157211789,0.0023842628503577073,0.0001302903741114817,0.008548585489848586
Z_R_1853_KLE_0558,0.00011278822226825169,0.004439815453209314,0.053067717195450406,0.00017337786662733622,0.025553116882946654,0.014029915555675072,0.0004154296811884976,0.00018007021762440098,0.0001282198995728029,0.06160310416172823,0.003412899099836701,0.11374962515820125,0.00034532485187614167,0.00011304995723007054,0.04339208327333963,0.00023322068464098745,0.00036773042197672904,0.009635572118020986,0.0001332906896237085,0.0007171072744461045,7.868811449047556e-05,0.0001319756275655961,0.0007227852663638396,0.06472512543710897,0.012907507591484495,0.016234095791563808,0.5723179015398351,0.0004705888547701573,0.00019349511775193187,0.0004143779935823785
Z_R_1853_ON_0556,0.0005858759108403596,0.0071139379839441855,0.02048172261626367,0.0009006074702397519,0.005146420293905846,0.04098091497575298,0.002157940234908217,0.09662687830387405,0.0006660354152174703,0.0010242619086786857,0.001779643837006513,0.0007722667733393093,0.001793782258998299,0.0005872354872754743,0.0021190266957996137,0.0012114596568059623,0.0019101674943233014,0.0022060111763476903,0.0006923755213030931,0.03562216696867129,0.00040874365977479186,0.0006855444607046224,0.003754491982910748,0.0012929473590809117,0.21058502231765078,0.0045847263816247924,0.5487077461694629,0.0024444633346915974,0.001005106083563001,0.0021524772670400904
Z_R_1853_STE_0559,0.00029696725761929,0.027857825593333947,0.26906898856085637,0.0004564975717211573,0.0026086041309418473,0.18245184100302997,0.001093811132715501,0.0004741182867449055,0.00033759829867514656,0.0005191752118087857,0.017070015381204433,0.23482677964049511,0.0009092276851881169,0.0002976563961859886,0.001074086739239812,0.0006140615194129424,0.000968220730511087,0.0011181772064630655,0.00035094950312802934,0.05039197961255957,0.0002071829229819056,0.00034748699290184634,0.0019030671295553938,0.0168233199365407,0.0016490863805734756,0.00232389418184649,0.18111983014279912,0.0012390432161872406,0.0005094655570051259,0.0010910420777735888
Z_R_1853_TEI_0117,0.02550830279187556,0.1266471031138006,0.013682810877870669,6.847256863665189e-05,0.0016038387619724177,0.0006906309657132257,0.0801930237247822,0.0012836755507647745,0.08371727508796947,0.017053713296142175,0.00013530510106226783,5.8714913423052704e-05,0.05833925785951688,0.019445606386214804,0.013499267648500131,0.05344474445256785,0.00014522872526000118,0.01593100092826235,0.009753120473612882,0.03666000766786527,0.00730643622826762,5.212147543765936e-05,0.05848832927584814,9.830190145400134e-05,0.0014599154443248133,0.007623933332162645,0.18722506838673292,0.0013984108264326143,0.14922129195037823,0.029265090283148186
Z_R_1854_HEF_0180,5.235173717687391e-05,0.0034858904281244536,0.10586301394232041,0.007206012113765826,0.08739141812364325,0.14902286234100098,0.09710013038725382,8.35813218514456e-05,5.951449848474143e-05,9.152431300088178e-05,0.00015902249042766125,6.900694566926524e-05,0.00016028584831371604,5.2473223974480764e-05,0.0001893485063930348,0.00010825162185371525,0.14980696493867882,0.00019712112270966746,6.186815441339633e-05,0.0003328522323025774,3.652384447510448e-05,6.125775572235358e-05,0.00033548772681248035,0.00011553306608740372,0.031643077279528475,0.20990046550990488,0.1388122929750727,0.0016435357611386645,0.015765994262312982,0.00019233752758608213
Z_R_1854_HLS_0263,8.836940185253025e-05,0.037156601349272955,0.07766206127469982,0.00013584129672587455,0.08256570912289475,0.11202645559021139,0.0003254885279697203,0.00014108474362754865,0.033778472742912805,0.0001544924625428569,0.00026842895991615446,0.0001164832886416007,0.00748727849545036,8.857447079993166e-05,0.00031961908341437094,0.0025883003860845957,0.0892942925069751,0.00033273921068750106,0.00010443305406963537,0.0005618524667955367,6.16520188950978e-05,0.007320119700330923,0.0005663011648900984,0.009817308413380793,0.019735302036571225,0.0006915278824496576,0.5157662370258229,0.0003687056571882134,0.00015160313260772327,0.00032466453231822905
Z_R_1854_KAR_0262,0.000409528229373517,0.016120741374694013,0.0812052797811992,0.0006295261092384217,0.19311483483985753,0.05094190120410201,0.0015084037884886443,0.0006538256912254097,0.00046555985533323625,0.000715960765948299,0.001243973981520052,0.0005398157501236179,0.0012538567618448596,0.00041047857554728587,0.0014812031603779149,0.00084681230108534,0.012483297207338097,0.001542005455954009,0.0004839716329932585,0.013751866574763537,0.0002857124933078756,0.00047919671035200794,0.0026243960973801896,0.000903772339569444,0.2809763221102667,0.014352818287152957,0.2832148381136947,0.0017086839084898095,0.034146831733852405,0.0015045851649255944
Z_R_1854_KLE_0561,9.354507930735884e-05,0.0011358615034046358,0.29866001993051944,0.00014379733945288164,0.005914640714591123,0.10076245062361855,0.00034455195491052393,0.04089276356635727,0.002652807390928189,0.007802931318749349,0.0002841504844137354,0.05869196559639319,0.00028640792456792344,9.376215886822488e-05,0.002884802224748884,0.00019343019157594063,0.056327187369668616,0.00035222730039944305,0.00011054955811013013,0.0005947594129145822,6.526289503039766e-05,0.00010945886280483804,0.003145932145191936,0.06386802809015467,0.0005194643931190436,0.0007320297439033861,0.3524427499489378,0.0003903002534780168,0.00016048232494206307,0.00034367969893784803
Z_R_1854_MIQ_0904,4.1853970157457334e-05,0.035827732892164676,0.024249969690639406,6.433785292337891e-05,0.3034319658576979,0.1134435404795998,0.0012934990769059328,6.682128118637781e-05,0.12879294707942548,7.317151390943453e-05,0.03088930195629127,5.5169413670852543e-05,0.00012814472783051202,4.195109596599322e-05,0.0001513796325260056,0.0331273909088088,0.00013645908941447652,0.0069936308219683,4.946211965739922e-05,0.00254478650796923,2.919994596419842e-05,4.897412040509666e-05,0.0002682144674351991,9.236594162834779e-05,0.0070684560970093084,0.05615516185553053,0.22718976232752383,0.005871325907267923,7.180305461984992e-05,0.021801220313903143
Z_R_1855_CRE_0195,3.631040610956395e-05,0.023174873972887207,0.00126938085737855,0.13942498946190185,0.000318955955390255,0.09446419268301749,0.005075910356969102,5.797079339213979e-05,4.1278393534237824e-05,6.34799369261218e-05,0.0010987295467012486,4.7862217316037836e-05,0.0347063567697053,3.6394667591530665e-05,0.003096630936311017,7.508175589756163e-05,0.1721058753548387,0.01595166198949845,4.2910855172003585e-05,0.039768215573647535,0.12951016705306828,4.2487491487134325e-05,0.026920403435272192,8.013206007937137e-05,0.005143804271988379,0.0062147473729167796,0.056740840345244084,0.00015149872995337432,0.24420545423444856,0.00013340252135597098
Z_R_1855_PAL_0141,3.0825917619311445e-05,0.02974407167697606,0.0002385114947364409,0.042004201467649535,0.14544136247919134,0.09362207350108673,0.0001135402338240254,4.921462172689771e-05,3.5043517682077886e-05,5.389163922483092e-05,0.03701563414072698,4.063289084704434e-05,9.438002675950745e-05,3.089745186472168e-05,0.00011149279420644994,6.374106681780872e-05,0.025274593198339676,0.016059659540133747,3.6429404907095706e-05,0.011943899575102064,2.150608712613009e-05,3.6069987994120154e-05,0.10005476484457355,6.802855014121682e-05,0.025345268695048974,0.000241225821256814,0.19418016576575706,0.01858961467858782,0.2559894608573583,0.0034697980727335866
Z_R_1855_PF_0142,0.00018303447634630406,0.00222247730203419,0.0014162052556161296,0.0002813602909060705,0.02652042216516754,0.23701649970318525,0.0006741657295936681,0.0002922207418967783,0.00020807724160831797,0.0003199913814984496,0.05536374632232569,0.0002412651584446626,0.0005603985253193082,0.0001834592239016303,0.0006620086855477569,0.005360998217284707,0.010561806778359635,0.010654231799456723,0.00021630619834656786,0.001163732806694965,0.00012769629258086425,0.00021417209524316914,0.02110304343281941,0.0004039318538856862,0.025929027577119023,0.0014323220615917005,0.3408285261456649,0.01571125111153849,0.23947516239138675,0.0006724590346356778
Z_R_1855_PF_0143,0.020301487751858506,0.05486400001732042,0.0003031183236471409,0.0117910332447096,0.008875626532996164,0.07845733984228152,0.00014429545788253672,6.254563811807001e-05,4.4535934614925965e-05,0.0011349270096024586,0.00011899983056741674,5.1639329886818876e-05,0.00011994522749826737,0.024567328528259283,0.00014169341782013214,8.100693571454363e-05,0.020390039444494603,0.00014750982795342442,4.6297224203403e-05,0.00131551770108803,2.7331550980741578e-05,0.004311590315500582,0.094097549466793,0.0011528932579095224,0.013014796910315447,0.008838067624296416,0.3939471111324061,0.021492203786702448,0.2400156385701537,0.00014393016442483238
Z_R_1855_SAC_0566,1.861238496819932e-05,0.022012474909597648,0.2600617354693878,2.8610927043057474e-05,0.06400293505629645,0.13202075686234815,6.855447313556177e-05,0.0015497019965685509,2.1158930280476848e-05,0.1038982966265951,0.03602955498489308,0.1317567138385593,5.698572912088851e-05,1.8655576639909718e-05,6.731824929197425e-05,0.02638492224733407,6.068311070699313e-05,7.008161369775332e-05,2.1995715315494963e-05,0.00011833750357145293,1.2985163254326172e-05,2.177870292900263e-05,0.00011927448944900194,4.107496748980997e-05,0.05076957939376914,0.089824864685402,0.07772441451827268,7.765687543061563e-05,3.19306887602196e-05,0.003108354309891264
Z_R_1855_SCH_0265,0.00010156245702758735,0.04270387315876889,0.11413896754550615,0.00015612163907498882,0.16401007470109497,0.15363377284895835,0.000374082136371854,0.00016214790313770597,0.00011545822585511188,0.011236400378104295,0.00030850389540872304,0.0001338735891506534,0.0030756655765426656,0.00010179814161661406,0.00036733641672306345,0.0002100083260950749,0.00033113036475494604,0.00038241530527995826,0.00012002432226379676,0.0006457338832053189,7.085631891168096e-05,0.00011884014778990538,0.02829795439430756,0.00022413433999570698,0.08903473009751509,0.0007947691098088026,0.3384138479199993,0.05018854510543895,0.00017423662849290472,0.0003731351227993829
Z_R_1855_SCH_0266,0.00018033884838605674,0.031644611623599016,0.1830336867130663,0.00027721657611413843,0.03594813299741914,0.03225093945553408,0.0006642369990790144,0.000287917080542123,0.0002050127980042109,0.0003152787299137647,0.030002659043518717,0.00023771194202380408,0.000552145293666524,0.00018075734050028227,0.000652258997082985,0.00037290019154599566,0.0005879699092878518,0.0006790337470927594,0.00021312056333464469,0.0011465940099250668,0.0001258156540062515,0.00021101789009140353,0.0011556726397943659,0.00039798297463023563,0.06972945812472117,0.006320371919071623,0.6009027882735202,0.0007524318623510384,0.0003093823628207872,0.0006625554393564191
Z_R_1855_SCH_0267,0.00022304165049048696,0.002708260298925699,0.6270995799095124,0.0003428592520866941,0.001959230709492798,0.07024565753813053,0.0008215230268870129,0.0003560935506865679,0.0002535581947415133,0.0003899342205733387,0.0006775064332681075,0.0002940002354722119,0.0006828888989370847,0.00022355923820222782,0.0008067087294758774,0.00046119998511129584,0.0007271964980366585,0.0008398235269091296,0.00026358581428812515,0.007489688861870111,0.00015560779819898232,0.0002609852447779399,0.03178727935121021,0.0004922221713350174,0.0012385707133950358,0.03817493826023811,0.19067704164465749,0.019145373315123004,0.0003826416407432838,0.0008194432872231382
Z_R_1855_VIL_0112,2.7920688874778324e-05,0.021620447148107735,0.04581908207273256,0.03348515586612125,0.027607089086117097,0.11216036892108117,0.07078756606344139,4.457632561976949e-05,3.174079572788221e-05,0.0008088633749200534,8.481127310679762e-05,3.680339114098022e-05,0.05328904269669303,2.798548128208496e-05,0.00010098501064142887,5.773370697816867e-05,0.12473936658871133,0.00010513037073113362,3.2996068206811144e-05,0.00017751967977675898,1.9479217941800438e-05,3.26705250087966e-05,0.06098299113739837,6.161711085301988e-05,0.00015504614255708256,0.004018745296663742,0.013988577815141684,0.00011649412268176422,0.42947661488003064,0.00010257914171083794
Z_R_1855_VIL_0113,3.631040610956395e-05,0.054804757244685455,0.12284674468335308,0.15919366650677577,0.000318955955390255,0.057892140150000757,0.007052778061456493,5.797079339213979e-05,4.1278393534237824e-05,6.34799369261218e-05,0.006040898807919725,4.7862217316037836e-05,0.1819830007540159,3.6394667591530665e-05,0.00013132937957993103,7.508175589756163e-05,0.00011838506443571173,0.00013672035359932664,0.001031344707415699,0.0269185754944795,0.047470157316841566,4.2487491487134325e-05,0.02790883728751589,8.013206007937137e-05,0.00020163501076990214,0.004237879668429389,0.0527871049362693,0.0011399325821970696,0.24717075579117967,0.00013340252135597098
Z_R_1855_WEN_0264,1.97321064320648e-05,0.018502458481579876,0.15753558572687656,3.0332161004526528e-05,0.06463049470174304,0.316683188953226,7.267871165443141e-05,3.150297635651198e-05,0.0005595748934005699,3.449680149396815e-05,5.993781439590404e-05,2.600968888381334e-05,6.0413991761044734e-05,1.9777896515636814e-05,7.136811655889674e-05,4.080155958615872e-05,6.433380789968713e-05,0.0006114407664620437,2.3318978002889136e-05,0.0001254566902289183,1.3766350943733446e-05,2.308891014674607e-05,0.01140645391538743,4.354603838182616e-05,0.14352676625812635,0.07804015307294693,0.0598403091596207,0.14081380557133097,0.007016711178344925,7.249472070786013e-05
Z_R_1856_HLS_0270,7.19310452815036e-05,0.006747688382425132,0.07300592481778351,0.035356210666205375,0.01629658106694159,0.05985798954922827,0.03746867099739821,0.00011484035050206641,8.177264626288268e-05,0.00012575398368505592,0.00021849616797019175,9.481522488745383e-05,0.0021783230371923575,7.209796758076254e-05,0.004176346016588286,0.00014873722885351564,0.0021926122603492765,0.06097166517373121,8.50065586469008e-05,0.00045733743109450595,5.018359375386469e-05,8.416787366235434e-05,0.00046095858838849393,0.00015874189962725946,0.0003994396825599281,0.026018074078497648,0.5568904709252352,0.11582748978739248,0.000123402122995265,0.00026427087527934937
Z_R_1856_JB_0851,5.918350862759335e-05,0.0474399611244355,0.00045792463604298837,0.001702057185598155,0.0794628160178885,0.20552482419618598,0.0002179889497885861,9.448847640314476e-05,6.728099246522297e-05,0.00010346800813545977,0.05495650796396066,7.801218039016557e-05,0.003403363542974105,5.9320849150029346e-05,0.0002140580153791805,0.02751074490626581,0.048525371509970994,0.00022284493878690283,6.994179463668303e-05,0.0003762886204833597,4.12901153079616e-05,0.003291412530680973,0.011656830806330166,0.00013060984376611414,0.0986045555464815,0.048795547798247754,0.3663674032100027,0.0002469326937355105,0.00010153294147710093,0.00021743709640125057
Z_R_1856_KPK_0269,2.5097529928239406e-05,0.1205478411007576,0.050750945507968416,3.857988102893184e-05,0.16008912335677655,0.14727700013944456,9.24410248430888e-05,4.0069056725305895e-05,0.17219478378790626,4.387694293582838e-05,0.023305015795125852,3.3082070960499744e-05,7.684136366927993e-05,2.515577094760659e-05,9.077406142247122e-05,5.189604902842128e-05,8.182703021184981e-05,0.0014608990982843573,2.9659719824561328e-05,0.005625165356049852,1.750960577891243e-05,0.0007125665077904577,0.11972073101353013,5.538678829383251e-05,0.005604964197135261,0.06305074488879174,0.07337889144277517,0.024016694494815617,0.03147022941295054,9.220700429875431e-05
Z_R_1856_ON_0568,0.0017521255419531254,0.07680571260283035,0.16272434041263878,9.543567214656296e-05,0.10363788052713498,0.058423994250253554,0.005298796985446021,9.91194700157478e-05,7.057851464164859e-05,0.00010853909937350332,0.020469082037796835,0.09303411147114744,0.0001900837170787733,6.222823515058116e-05,0.0002245492555778051,0.0846304450185183,0.00020241684058508913,0.00023376683664585394,7.336972592043576e-05,0.00039473097731128337,4.331379340643127e-05,7.264585133441284e-05,0.0003978564222464004,0.00013701118893801937,0.16934889690050636,0.06132732442071232,0.15785796454857967,0.0019490765399180572,0.00010650919277618105,0.00022809394941558943
Z_R_1856_ON_0571,3.5366553640467327e-05,0.012945061355154481,0.08403206834268916,5.436540710396042e-05,0.0484476904601027,0.09585965308529842,0.0010930051394213494,5.6463900951621214e-05,4.0205403231125504e-05,0.011614715946359891,0.022250460373023553,0.028928833353430813,0.0001082821384330106,3.54486248299993e-05,0.00012791560450929647,0.0019986110989576008,0.00011530776381190024,0.03286634374738144,4.179543067129894e-05,0.0002248604719325062,2.467391865948395e-05,4.138307189940377e-05,0.00022664089724368024,0.18011052426769847,0.04448245711987674,0.0002767582153531837,0.4095544265630424,0.024216073394825444,6.067349341553121e-05,0.00012993485705098862
Z_R_1856_ON_0854,0.0005677657893965733,0.03780522743662318,0.31350491072748976,0.0008727686218463636,0.020442933189469582,0.1479033102254743,0.002091235734860477,0.0009064573162007294,0.0006454474681244592,0.0009926007544765808,0.0017246329286920803,0.0007483950885791098,0.001738334315239061,0.0005690833397065367,0.002053525059542695,0.016629606867240538,0.0018511219444720566,0.0021378207463081584,0.0006709733701931108,0.003609853667074992,0.00039610890695267734,0.0006643534658049214,0.0036384361688515782,0.0012529808179411817,0.018608450299519713,0.2208213352110086,0.19172344978163489,0.0023689020647417046,0.0009740370587056636,0.0020859416338286627
Z_R_1856_ON_0857,7.516918355633418e-05,0.06434614016416285,0.41392187070320935,0.00011554994323892611,0.023168925145514656,0.13621723259885168,0.00027686853584532183,0.002166249053911931,8.545382640786397e-05,0.00013141508295296423,0.024783199137404798,9.908354613237923e-05,0.00023014625689821126,7.534362023945947e-05,0.02073426490175471,0.00015543297075130023,0.0043375565535912295,0.0002830361446408542,8.883332065333226e-05,0.008662881131117342,5.2442721437425875e-05,8.795688037219089e-05,0.00048170967913562754,0.00016588802434977227,0.0004174213609787745,0.1724722987012909,0.04789179732489529,0.07807070851384898,0.00012895734794858666,0.0002761676249069415
Z_R_1856_ON_0858,0.00017434756685664232,0.03533935399431981,0.30984230269267926,0.0002680067881678128,0.0015314947067496326,0.07389394572649298,0.005388220423091225,0.00027835179662192064,0.00019820178972192022,0.0003048044275210495,0.0005295943511458847,0.00972191647603984,0.32326526581315335,0.00017475215567661594,0.00537664035854883,0.005106562510867965,0.0005684361632930529,0.000656474645805294,0.0002060401959813397,0.005854552397315779,0.00012163576148334278,0.00020400737849839292,0.015355431298627514,0.005130811984788129,0.01995237177696359,0.010856445211809824,0.1680329495671511,0.0007274343027048981,0.00029910395163826304,0.0006405437862846892
Z_R_1856_ON_0859,0.00046676743266853315,0.005667675539289373,0.041730271549537325,0.0007175141168083552,0.05492511355317447,0.10888694108377042,0.0017192313332279993,0.0007452100183005087,0.0005306305227355373,0.0008160296278581642,0.0014178425320003512,0.000615265062886367,0.026841586452531756,0.0004678506074336892,0.0016882289103434054,0.0009651701039862372,0.0015218307508381547,0.0017575294600266893,0.0005516156895026226,0.0029677063323601746,0.0003256461396730924,0.0005461733824219683,0.0029912043683860507,0.29327360950020787,0.0661232018981206,0.00365265224775867,0.3609181103676399,0.014653744251766717,0.000800768178898656,0.001714878985846284
Z_R_1856_ON_0860,0.00031477997640139686,0.003822183485057344,0.04527992361482838,0.00048387925324043144,0.11416039623709864,0.14198245918747715,0.0011594202179190187,0.000502556895697776,0.00035784815249346693,0.0005503164296007028,0.000956168763129851,0.00041492423939848476,0.0009637650681811096,0.0003155104509442867,0.00113851271396527,0.0006508942168891019,0.0010262966400570147,0.001185247819859856,0.0003720001901837516,0.002001370412511191,0.00021961018911594783,0.00036832999133413715,0.002017217086267792,0.2320541920961593,0.03602348590427269,0.011032157193742183,0.39763668050930023,0.0013133636262747227,0.00054002436934307,0.0011564850692556373
Z_R_1856_RAU_0268,2.5838962827629005e-05,0.025635518277204766,0.00019992558607878313,3.971961044179336e-05,0.07689566977881601,0.09254373397818891,9.517192375098643e-05,4.125277946569487e-05,2.937424805707361e-05,4.517315850406479e-05,0.0021886354783922177,3.405938370243842e-05,0.011333232006960407,2.5898924407066293e-05,9.345571478605995e-05,0.001460194239388993,8.424436978398627e-05,9.729200284275528e-05,3.053592924148343e-05,0.00016428407004913834,1.802687571810356e-05,3.0234658071921282e-05,0.01704676574269036,5.7023028479619385e-05,0.5635528981946561,0.016379999143332602,0.0762500380740822,0.04371752577855842,0.07108596455485092,0.0007983135266693939
Z_R_1856_SAC_0569,7.80437130318174e-05,0.0030721264700882766,0.20243028065380772,0.00011996866514085789,0.03255287815336616,0.05219776220129387,0.0002874562092703606,0.00012459943163597035,8.872164882099608e-05,0.0001364405004392173,0.010859507434708484,0.08083344364377519,0.20631435231727963,7.822482031269998e-05,0.0002822725909937734,0.03627768495893327,0.021499337870111643,0.0002938596723407065,9.22303776192588e-05,0.000496201759495717,0.05104217726587384,9.132042156340167e-05,0.0005001306411015532,0.00017223171458375934,0.05567009040382854,0.1387024913010163,0.10495992433312494,0.0003256235518129249,0.00013388877968990056,0.00028672849493919687
Z_R_1856_SCH_0853,0.0001171027018454422,0.014172883013987808,0.3388069176020394,0.0001800100774172306,0.03609383001161979,0.18989251403765503,0.00043132108225148847,0.038439884936608576,0.003320868561483078,0.012955701169534997,0.013106684104821633,0.00015435781541824918,0.0003585345380557184,0.00011737444893551961,0.0004235431885308719,0.025744093062472575,0.01313277268884384,0.0036286731990661006,0.01926485270166956,0.016683258103888973,0.012832673667212136,0.0001370240815474703,0.01668915329561424,0.0002584295177371778,0.12497229317379459,0.03279381684234927,0.08417171608316566,0.0004885902556463091,0.00020089687227060183,0.00043022916451666496
Z_R_1857_DNT_0574,0.00015325433351078588,0.04357943103005163,0.0011857853061151159,0.0002355823051479523,0.018033631057918168,0.2902341771143605,0.1257201455161656,0.00024467573503849597,0.00017422258154857966,0.10039246254387989,0.021324800032043238,0.01688943316538706,0.0004692203578944599,0.00015360997363280695,0.0005542983043807395,0.037863595948675714,0.0004996645890707257,0.0005770518403181639,0.025212246297054534,0.026005524352157673,0.00010691980331755586,0.00017932578806081973,0.07190365114576248,0.0003382111845087757,0.005022890955357532,0.0011992798695843257,0.16856296072032528,0.03401427136674941,0.004434772820142495,0.004734903961839453
Z_R_1857_HAN_0271,2.0310312204169303e-05,0.1130347134436443,0.10962794895653898,3.1220977950330176e-05,0.09527425574200063,0.04343976320450375,0.028271832792391486,3.2426101458767004e-05,2.3089167811486145e-05,0.0005883904852356464,0.010013585121366759,2.6771845336548907e-05,6.218429027795044e-05,2.035744406494679e-05,0.01776571000021375,4.199715912059292e-05,6.621896796595427e-05,0.07692718839384691,2.4002289119584625e-05,0.044912642249290466,1.4169743435249113e-05,2.3765479633354796e-05,0.00013015538432292027,0.05865040216705814,0.0006656678550863287,0.0018175852624209535,0.33416503296221023,0.0625605011024262,3.484358714491826e-05,0.00173326751191868
Z_R_1857_HAN_0272,1.6445927133181262e-05,0.10227241895937855,0.12637509349633735,2.528065168256676e-05,0.1263923087382827,0.0445760388665346,6.057482003340258e-05,0.07031317744024665,1.8696057824042008e-05,2.875171414926592e-05,4.995578811978018e-05,2.1678042818824795e-05,0.01124253752935988,1.648409134947719e-05,0.006774793410855453,3.400647965205118e-05,0.0027397440420524714,0.023341668725321445,1.9435442149885118e-05,0.010401373246329308,1.1473706838644415e-05,1.9243689727970974e-05,0.00010539109123721606,0.04614809554296321,0.02560950723484064,0.037286750080086806,0.34848201361065134,6.861771432863273e-05,0.017488022388828885,6.042147088586509e-05
Z_R_1857_PRH_0573,0.0002470405117937833,0.002999664003768324,0.02208609024402965,0.00037975026154293666,0.08959350920412865,0.2728255425294687,0.0009099173565396557,0.00039440854573405014,0.0002808405787022405,0.0004318904079328277,0.0007504048488256351,0.00032563410680843134,0.0007563664576581221,0.0002476137909679889,0.0008935090686424661,0.0005108242344451234,0.06132938152166898,0.03455459809517918,0.0002919471512164804,0.0015706830423204323,0.00017235090406497836,0.0002890667653273934,0.0015831195716061067,0.0005451843494497292,0.0013718385882503649,0.02210784299835312,0.46673905668120796,0.014480497179304906,0.0004238131602548626,0.0009076138408069141
Z_R_1857_RIE_0572,9.42244283856019e-06,0.11040754357019733,7.290491570268016e-05,1.448416337197147e-05,0.15500614497791332,0.006558482217340395,0.05056434985511503,1.5043249183036458e-05,0.2593278208883628,1.647285561271217e-05,2.8621406029712882e-05,1.2420103631623304e-05,2.8848789457807685e-05,0.01975960990052829,3.407958501983095e-05,0.011305292403035372,0.00028721623061940646,0.16316671640428956,0.009757970207342896,0.038790752084338485,6.573685141496278e-06,1.1025378198287065e-05,0.07983053155596988,2.0794032249478876e-05,0.0010783063162374072,7.373459372878964e-05,0.08551688135339074,3.931347170265176e-05,1.6164778998128207e-05,0.008242478584452293
Z_R_1857_RSZ_0126,0.023450782564556672,0.08880059836951987,0.0003024731861705577,6.009294437705577e-05,0.03439676173397914,0.14958959419056075,0.07037905850579884,6.241252001863849e-05,4.4441147206071744e-05,6.834377455183633e-05,0.034172113907883966,5.1529424069926026e-05,0.01714637361825521,3.918322980785854e-05,0.00014139184669463548,0.01923585365952334,0.00012745573713337333,0.0001471958775559952,4.6198688179463516e-05,0.0034410532974221866,2.7273380271631473e-05,0.09156416763643985,0.13433565204241893,0.0075354458922220965,0.0023454197600319467,0.038615953681846046,0.060024160145502846,0.039537312571374765,0.18310391510422197,0.0012077915624045862
Z_R_1858_BEC_0273,1.3172902180447285e-05,0.02992290671322976,0.17724530089353954,2.0249363199506862e-05,0.011231997522707962,0.18702954276770806,4.851937944491292e-05,2.103098457156716e-05,1.497521780813408e-05,2.302962398783284e-05,0.04522233262326607,1.7363736030410597e-05,4.033160912336077e-05,0.0032405119642030388,0.002199183438333555,2.7238599948192037e-05,4.294842830267389e-05,4.960021208811872e-05,0.0010913369495355026,0.0015181126140013169,9.190240027735997e-06,1.5413861457891813e-05,0.0008015960999436236,2.9070778932027766e-05,0.029477516603206272,0.3414806041301853,0.07760055836738443,0.08611652141544777,0.005401446410765621,4.8396549439428425e-05
Z_R_1858_NIE_0578,0.00037599521087324026,0.08644755159982777,0.013144472185420954,0.0005779792092852914,0.15683167561256126,0.016064897303857916,0.0013848925662643427,0.0006002890912372779,0.0004274388514020598,0.0006573364175200019,0.011377373372196546,0.0004956145199341206,0.0011511883766740477,0.0003768677407365794,0.0013599191818458286,0.0007774735583031972,0.0012258804578620041,0.001415742859695053,0.00044434303462386463,0.03309635240159726,0.00026231776338044276,0.0004399590925250578,0.0024095051165554256,0.0008297695910185515,0.06349948716322003,0.013177579838046585,0.5875528950670585,0.0015687733357750407,0.0006450428612044815,0.0013813866194971787
Z_R_1858_PAL_0140,0.00015012287864723002,0.030429134439960533,0.0011615560848010841,0.0002307686379691946,0.005405313310014475,0.06362676604592189,0.0005529433690974426,0.00023967626126879352,0.04512339283902619,0.00026245343659717167,0.000456009968723594,0.0001978830481885014,0.0004596327505612903,0.0001504712519535972,0.0005429722943335804,0.00031042035980593857,0.04544218507075463,0.01282509640350518,0.00017741198168364183,0.005041092771881157,0.0001047351046507111,0.00017566161362398712,0.005048650267464328,0.008504524160419673,0.03761315258751297,0.005261386745583269,0.6636853473395573,0.0006263610873250299,0.0656433343326364,0.000551543556531085
Z_R_1858_SAC_0575,0.00024539029098703526,0.023019507212401348,0.10877803970024714,0.00037721354487887265,0.11571486924786427,0.29104295958658094,0.0009038391447383605,0.00039177391231379194,0.00027896457479102585,0.00042900539716179834,0.0007453921742403006,0.00032345888390859106,0.0007513139597625717,0.0002459597406791268,0.0008875404635526145,0.0005074119488481109,0.000800061153894571,0.007603933625638576,0.000289996955842005,0.02828003206869806,0.00017119960687131286,0.00028713581081625305,0.01493246495910435,0.0005415425396492121,0.048122396732719994,0.008600242921852812,0.3166621321237343,0.0010238474699304663,0.00042098210517750736,0.02762139214311466
Z_R_1858_SAC_0576,0.0050646201816348475,0.11453778196185527,0.0551253171811691,0.0002758623281426374,0.19698287701995196,0.05163403765257385,0.0006609920935210282,0.0002865105588696089,0.00020401127720873495,0.00031373854214278757,0.0005451172773534957,0.00023655068060213943,0.0005494479742839562,0.0001798743115518054,0.02996004651278116,0.0003710785135819565,0.0005850975808430012,0.02510152814599575,0.00021207943478949496,0.07441842747900439,0.0001252010241143114,0.0002099870334463483,0.0011500269913627353,0.1420657459792649,0.000996545954314942,0.040485632100905646,0.25600591836991293,0.0007487561105703725,0.0003078709797601446,0.0006593187484906247
Z_R_1858_SAC_0577,9.213733318284778e-05,0.018675762972468445,0.1838072757252328,0.0001416333544648025,0.10615131719497096,0.15693336023750415,0.0003393668432744078,0.0854239326555943,0.00010474355717313274,0.00016107977645140375,0.00027987434561334946,0.00012144995157617098,0.0002820978138830525,0.0026004932718852727,0.00033324713489959096,0.00019051928910441917,0.09059351758396185,0.00034692668361921544,0.00010888591408792979,0.0030939510920245062,6.428076333267844e-05,0.0001078116324956883,0.0005904473496198032,0.00020333439113522707,0.07324776870221247,0.005737297787954448,0.2693864849960266,0.00038442668243293736,0.0001580672500641273,0.00033850771375342983
Z_R_1859_DEU_0274,4.593625550714182e-05,0.0668325059350526,0.00035542575241100615,7.06131351351064e-05,0.13545390338481897,0.35584473498357083,0.003920595508691763,7.333878803717521e-05,5.222125102626319e-05,8.030839956503577e-05,0.04140493268757231,6.0550439373597646e-05,0.006392976491023498,4.6042854616866835e-05,0.00016614465610146744,9.498584820087714e-05,0.0014002354146992416,0.00017296477150420024,5.428647647903672e-05,0.00029206261365340115,3.2048003416640284e-05,5.37508795390874e-05,0.0002943751395737072,0.00010137498256044282,0.061527951520917556,0.10164726500829767,0.20558270172033133,0.00019166087945000007,0.017585338833352563,0.00016876738552066878
Z_R_1859_H_0275,7.19310452815036e-05,0.04199332676613172,0.0005565570290533093,0.00011057228249878975,0.12399158723937836,0.006989531973668388,0.00026494159237459565,0.00011484035050206641,8.177264626288268e-05,0.00012575398368505592,0.0922487741698707,9.481522488745383e-05,0.00022023201587532482,7.209796758076254e-05,0.0002601639739542213,0.00014873722885351564,0.04918679677195806,0.08446875742953561,0.02358209881445129,0.010247792537679667,5.018359375386469e-05,8.416787366235434e-05,0.020041868801558817,0.00015874189962725946,0.0003994396825599281,0.11021598799513005,0.39436891615592157,0.0394619399560282,0.000123402122995265,0.00026427087527934937
Z_R_1859_ON_0276,0.0008282608122724025,0.06826392335624801,0.00022707850547260724,4.5114134483629164e-05,0.2710891464318271,0.0891343226596501,0.04085263660618735,4.6855531057288616e-05,0.0319898648096971,5.130835688303546e-05,0.053616287040579455,3.868516331581519e-05,8.985594361687256e-05,2.941639018323112e-05,0.00010614841480634715,6.0685654610532954e-05,0.0032913361392217337,0.011295281111838957,3.468317043042652e-05,0.00977354666062197,2.0475198180958633e-05,3.4340982077910205e-05,0.039334787626119895,6.476761848566642e-05,0.0009618862414742524,0.15042521786478463,0.1928613130196536,0.03527460171774104,5.034878404029208e-05,0.00010782405443777875
Z_R_1860_BCH_0580,0.00020789463717182574,0.002524339247731816,0.2675938657685175,0.0003195752885473152,0.0018261771135130497,0.12206781345904526,0.0007657324595087679,0.00033191083080856527,0.0002363387680364136,0.00036345334213903007,0.0006314961973071412,0.0002740343435744694,0.0006365131335828595,0.00020837707491069797,0.0007519242179607397,0.00042987936718327747,0.1138630493185122,0.0007827901516653421,0.00024568540048266563,0.0013217936557212186,0.00014504029483526388,0.00024326143861916994,0.0013322595008765277,0.00045879480129647904,0.05208781486561116,0.00162686331696559,0.38146137350846826,0.04048223665205304,0.0003566560097372933,0.00642305583561704
Z_R_1860_BRE_0582,7.471055661344907e-05,0.01921095363082084,0.0005780631334491724,0.00011484494266939747,0.05760138794369319,0.06420473620275347,0.00027517928814874875,0.006220540728468017,8.493245015619958e-05,0.00013061328499677725,0.00022693915072517713,0.08551615812691372,0.020566284720659748,7.48839290125297e-05,0.00027021705619346503,0.0001544846333498996,0.0002435834518628927,0.002315063531397801,8.829132521916558e-05,0.0004750095581611325,5.212275461230535e-05,8.742023233050266e-05,0.00047877064179282364,0.04490746972034187,0.041089959856671465,0.0005846416511650791,0.5662069343709166,0.08166188713400599,0.0021619248099351315,0.004341991182963382
Z_R_1860_HAN_0277,2.325457827432153e-05,0.07308093036205938,0.024868137923073897,0.008898180781635415,0.0976910443515766,0.03454422545584927,8.565293294274834e-05,0.030422614320172254,2.643626817567722e-05,0.001306716972289122,0.015896412388453175,3.0652801723008745e-05,0.0488145851352064,2.3308542562740467e-05,0.03806596787504696,4.808523937256279e-05,7.581834086691015e-05,0.05073004029438555,2.7481759289731492e-05,0.04509305296428251,0.004447440788901471,2.7210620930149656e-05,0.0026811472086079226,0.0006843506397149179,0.00012913480302709462,0.002081069868859263,0.5016167916685624,9.702560372171367e-05,0.015232638455391313,0.00325059105504542
Z_R_1860_HLS_0585,0.0001571889511521597,0.03186139094977788,0.30502259458040076,0.00024163059280544558,0.0013807708991259008,0.062342625431757386,0.0005789696348629952,0.0002509574853906373,0.00017869553332216514,0.00027480675028842763,0.01759332530379001,0.00020719712462106282,0.0004812670169061174,0.0001575537218995016,0.004847492132640931,0.00032503140902881856,0.000512492866496167,0.0005918669408043324,0.000185762513841806,0.0009994070131336451,0.00010966483854565182,0.00018392975842233453,0.001007320229391957,0.06453133779802293,0.14635762314024015,0.005509032810965011,0.3312122358373423,0.0220506575066573,0.00026966729327598674,0.0005775039350902617
Z_R_1860_SAC_0584,0.00020106728272331875,0.05717553023858913,0.20954527920188037,0.00030908029070813046,0.012713022914439842,0.08521859607680718,0.006213994601232763,0.00032101072815052706,0.0002285772953921027,0.005824926513059732,0.0006107575749426945,0.0002650349310831288,0.0006156097527490945,0.00020153387698740286,0.0007272306846196589,0.01683598936522349,0.0006555521067235844,0.0007570829670216003,0.00023761698017737325,0.0067517944948293825,0.005613686249577652,0.00023527262232404776,0.00128850749287087,0.005917136915331054,0.13795177363652733,0.012520254673631671,0.18831150673746092,0.24166891991442815,0.00034494326414754483,0.0007387106163601842
Z_R_1861_HW_0587,7.563347604013315e-05,0.11415664923834169,0.2270617591719006,0.00011626365286847163,0.03360641996739709,0.13499971872312638,0.00851408974473926,0.00012075140663042745,0.004203737190094458,0.0454275377998189,0.00022974259056518696,9.969554886489441e-05,0.0187614677462449,7.580899015468768e-05,0.008509066213009503,0.004274148569952558,0.0002465925031928966,0.00028478435512263627,8.9382011501615e-05,0.0004808774778897431,5.276664089805314e-05,8.850015777023005e-05,0.0004846850231903926,0.00016691265384837707,0.03747979954028118,0.04382829712608916,0.2355454847724577,0.08061180042674718,0.00012975387020079798,0.00027787341106087527
Z_R_1861_HW_0588,0.00031210558392491,0.003789709949500702,0.027903083758121474,0.0004797681815986187,0.011237650664050093,0.31919362053036804,0.0011495697034633744,0.1619236027949928,0.00035480784981064043,0.0005456409031080823,0.000948045087108269,0.0004113990143290721,0.0009555768534258049,0.00031282985230550166,0.0011288398311109595,0.000645364174551157,0.0010175771527370454,0.0011751778723096866,0.0003688396508087487,0.0019843666309013403,0.017209882856003385,0.00036520063422270396,0.0020000786702204006,0.0006887739929626061,0.27360736673723446,0.002442357977170433,0.1648644621187645,0.001302205197961857,0.0005354362849070732,0.0011466594920262819
Z_R_1862_LAA_0590,0.0001403709702890778,0.16983493173609443,0.039297577351935335,0.0002157780207515523,0.1426154981807357,0.07859934030829971,0.0005170244398091405,0.004045254547131384,0.00015957651740086643,0.0002454045904450002,0.00042638778544634574,0.0001850286627080529,0.0004297752331577506,0.00014069671343681272,0.02343458630860868,0.0002902556059149232,0.00045766016255595696,0.0005285418355028626,0.00016588738661454125,0.008534773402817752,9.793156376714397e-05,0.00016425072160311343,0.13846085625609444,0.0003097793781392415,0.000779492854489578,0.043131085029517596,0.23463677228494514,0.10757780404060989,0.00024081501489081904,0.0043368630962871
Z_R_1862_SAC_0589,0.015767533481556316,0.0028370615645675703,0.3694009897980446,0.0001107892178715628,0.21840761825889593,0.14826239677642158,0.00026546138993874106,0.029544055620300956,8.19330786886117e-05,0.00012600070453328216,0.00021892484273910244,9.500124597420987e-05,0.0002206640962609404,7.223941893837093e-05,0.0022226070622036703,0.00014902904128116378,0.0002349813539115151,0.0002713748896380175,8.517333579096871e-05,0.024001426664950334,5.028205058564986e-05,8.433300536295622e-05,0.00046186295809982816,0.00015905334054529168,0.12792584651963151,0.00252592781927668,0.05572829053340178,0.00030070834399596855,0.00012364422965118266,0.00026478935694171726
Z_R_1863_BAU_0203,1.6542201690477428e-05,0.05784030638303286,0.008233539984883978,2.542864477101886e-05,0.10461680211211942,0.11103228669747146,0.000511237584776933,0.002277950982272749,1.880550466006511e-05,0.018941862720786923,5.0248229606761424e-05,2.1804946213113758e-05,0.01986420644052638,1.6580589320327283e-05,5.9830701929942584e-05,0.004987595306962156,5.393356403468844e-05,0.0023138275049437683,1.9549217346241193e-05,0.00010517528274701026,1.1540873988145388e-05,1.9356342404484857e-05,0.026674189454700927,3.6506358417105964e-05,0.3481800675612347,0.03795533510083743,0.0055859793497819825,6.901940284495452e-05,0.25039971577715076,6.077517854330589e-05
Z_R_1863_DNT_0592,2.8199316755734342e-05,0.068661973034741,0.0032887307951084063,4.334794255227782e-05,0.04323529887285605,0.11942073123472002,0.086079049590918,4.502116447041337e-05,0.049160734026628045,0.0023522063748289885,8.56576270564767e-05,3.717066183876268e-05,0.03616520992693305,2.8264755743475683e-05,0.00010199276656212033,5.8309846790019594e-05,0.0008595755478058505,0.00010617949428794518,3.332534462995302e-05,0.04163161197623182,1.9673606169187876e-05,3.299655275093962e-05,0.14449619797049484,6.223200417118287e-05,0.004762406808809088,0.0631667883019473,0.2866388008603975,0.00011765664810125597,0.049177054139816406,0.00010360280588378736
Z_R_1863_FUN_0189,3.392928919026971e-05,0.023502373243515624,0.0011861390388372757,0.04346208988486118,0.08711790755019118,0.029158142580563397,0.0075138957035325825,5.4169259568628604e-05,3.857149235144519e-05,5.931713160264438e-05,0.00010306286584622557,4.472357063986812e-05,0.00010388165118895335,3.4008025081590305e-05,0.00012271723112930208,7.015814147257962e-05,0.1127917266183429,0.034301532385281414,4.009690252814897e-05,0.013146340937773176,2.3671193132511307e-05,3.970130164025903e-05,0.006682739713164318,7.487726332889831e-05,0.05468173365166006,0.01689059205860453,0.45663998592875427,0.00014156394189137705,0.10904485018049367,0.0028955012638316765
Z_R_1863_HLS_0591,3.5955014573936015e-05,0.04937455318538853,0.23909550603178498,0.0029915483754229784,0.00031583414379603104,0.0602617937374615,0.00013243209212086783,0.06954932522813258,0.002977152764507918,6.285862103674108e-05,0.017726886487849352,4.739376133514963e-05,0.0040251216848239445,0.010802392537578507,0.00013004398085040035,7.434688610718911e-05,0.0001172263594154961,0.08039365810580748,0.0010212503235020563,0.00022860190528105296,2.5084465792639626e-05,0.0039571094906856305,0.0012091714173157128,0.01378198023335509,0.07556414009270133,0.0022388820953992495,0.3047903874472295,0.05691806474015404,6.168303426407056e-05,0.002089615756326017
Z_R_1863_HOL_0281,5.0620389354866355e-05,0.032308125120322335,0.0555107507966252,7.781357785140213e-05,0.05005183091152597,0.09448728634838707,0.00018644865384361307,0.06622371577387735,0.013837316810989068,8.849747132341376e-05,0.00015376338619732882,6.672478596395839e-05,0.0001549849630071025,5.073785840800508e-05,0.0001830864768631192,0.00010467158382953279,0.0015430178428350217,0.00019060204149327895,5.9822084881197913e-05,0.007211729598188248,3.5315948004168476e-05,5.923187295952105e-05,0.009970232041719838,0.0690105649362684,0.1904419331548604,0.03346757522431045,0.2968228616752529,0.047062424444173835,0.03040233757989007,0.00018597664679331286
Z_R_1863_SOR_0282,0.00010719326618947483,0.027563505877180587,0.0008293938386611415,0.0001647773095008584,0.0009416014385986291,0.23218330518413016,0.00039482193710559284,0.00017113768071191958,0.00012185944196377343,0.00018740142305432791,0.047013470439644864,0.0001412957868247359,0.0003281947177158395,0.00010744201756500952,0.003305693629971302,0.0002216515734254107,0.16667499907369235,0.00040361711220386403,0.00012667869114410798,0.00068153455573834,7.478472337709421e-05,0.00012542886386235816,0.003604922293620384,0.0002365607594825713,0.04144713373133076,0.0008388325690443445,0.4505518582717006,0.020873184745993645,0.00018389662720470963,0.000393822419361242
Z_R_1864_BUD_0283,0.0001409094059185717,0.0707554628129946,0.01643348690250101,0.0232314339849764,0.48838496760903255,0.09040824616928163,0.0005190076445924307,0.00022496663994521146,0.00016018862175849987,0.0002463459145297795,0.0004280233257236019,0.00018573839652462806,0.00043142376702290543,0.00014123639855340815,0.004345453237003795,0.0002913689697362539,0.00045941565756473705,0.0005305692187668437,0.0001665236982340517,0.0008959016995742658,0.003934111923767014,0.0001648807552952584,0.0009029953699225369,0.0003109676313380983,0.12352823367352574,0.001102675598672948,0.15882069884915126,0.0005879195063457377,0.007913348161551969,0.004353498456194275
Z_R_1864_ECK_0191,9.190681782140882e-05,0.0036178361695274656,0.005714851124650247,0.00014127900663674594,0.013316658463126328,0.09649592372367358,0.0003385177925385616,0.0001467323480540908,0.00010448150271479227,0.01016814512707514,0.0002791741371993668,0.00012114609993951934,0.00028139204264698533,9.212009565281365e-05,0.0003324133948607141,0.0001900426351654361,0.00280151657432853,0.03036846377161243,0.00010861349600315866,0.0005843433499126713,6.411994140652394e-05,0.00010754190212067572,0.058131913146014645,0.00020282567551424758,0.07306451252044867,0.0032210767437426753,0.2962330537800839,0.23055523696671207,0.1727865008383712,0.00033766081244545633
Z_R_1864_GOR_0287,0.010079488261984551,0.012899810480234657,0.0005688085981510724,0.0441392909946977,0.14273058975893138,0.12921627375390868,0.000270773789357841,0.00011736834748340112,8.357271916412829e-05,0.00012852222402703325,0.008228084985907245,9.690240592836979e-05,0.00022508001458738087,0.006077269343422142,0.00026589100054315946,0.00015201140264269275,0.00023968378844750138,0.08432698545196914,8.68778201217528e-05,0.008472183895752041,5.128829234602037e-05,8.60206730452678e-05,0.01047707952376996,0.19227693304426627,0.018418985424203137,0.022588424131108658,0.2729725559907811,0.002307920861284902,0.032145234714261145,0.00027008830767171095
Z_R_1864_G_0187,4.033735792828954e-05,0.07405945342705214,0.060705110485558156,6.200651914130498e-05,0.07941426372525881,0.12360753304679438,0.00014857345392217073,6.439995838630257e-05,4.585631264137187e-05,0.07583629058262743,0.00012252787511819494,5.317030564992986e-05,0.010005993104677197,4.043096430513379e-05,0.000145894269940995,0.001181463231737773,0.00013151438469450574,0.00015188312195070012,4.766982001961667e-05,0.009040901994004097,2.81418624664146e-05,4.719950381222198e-05,0.0002584955007560137,8.901898753760926e-05,0.05622478393235489,0.08376780986929061,0.08938691069545925,0.19672008190727883,0.13732603182431166,0.001246251975324093
Z_R_1864_HW_0284,0.0002216956055517051,0.038901608827644735,0.04999493099365048,0.0003407901140581199,0.10454153628513772,0.03964698464137922,0.018921411547956547,0.0063888933344992465,0.000252027984020924,0.0003875809875206494,0.0006734177166383336,0.00029222595910684344,0.0006787676994026336,0.00022221006964811117,0.000801840283604919,0.0004584166668191287,0.17573632281892237,0.0008347552349314651,0.00026199508739708485,0.0014095401829789496,0.0001546687131055026,0.00025941021219071884,0.0014207007973693966,0.0004892516357376315,0.0012310960025667102,0.013804759302147914,0.4973087037608081,0.025064780757753403,0.018485178788503146,0.0008144979889483097
Z_R_1864_H_0593,0.003154298583660935,0.06728504618626559,0.11659293930227105,0.01867189349327917,0.028376406946201527,0.11238872084477619,0.00020954894486626766,9.083011112032496e-05,6.467603515827838e-05,9.946197710125966e-05,0.00017281409477882604,7.499173744050067e-05,0.0001741870203874812,5.702408934037879e-05,0.00020577020673009916,0.00011764000166693099,0.00018548872507134786,0.0002142169217149398,6.72338175048977e-05,0.0003617196351647366,3.969146190474886e-05,6.657048053310806e-05,0.0003645836992150391,0.017161288791925418,0.11182256147953114,0.008188720734271649,0.5101502758142679,0.0033347785743990973,9.760183154388966e-05,0.00020901845790741405
Z_R_1864_KMM_0164,9.721670799262264e-06,0.05542804985217779,0.01489512592318968,1.4944136092690355e-05,0.22344254784185635,0.08695303541451177,0.005328631045562839,0.0002801621512299973,0.040236510308788276,0.03230321926859717,0.0008234538577440039,1.2814528129078462e-05,2.9764938760709943e-05,0.0005390265797313103,3.51618483884475e-05,0.0026665139741293806,0.007177007875741403,0.0024183757865313643,1.1488860973856209e-05,0.01964525727288532,6.782445272270182e-06,1.1375510482533076e-05,0.048756275873687846,0.022251313042681027,0.172070748734604,0.02071808778761742,0.0683845478182703,0.02835716761571581,0.14715717112889584,3.571690695226647e-05
Z_R_1864_ON_0285,5.097157767717514e-05,0.018656898467060697,0.033695274502988176,0.03199170500438965,0.004610352921578746,0.06322945780906299,0.0196132605292054,0.05142024778420217,5.794550565120833e-05,0.0014766484641502917,0.00015483014815470138,6.718770151908821e-05,0.005706208300825229,5.108986169361661e-05,0.0334852452788634,0.0014929347875561735,0.3401127569724476,0.007129609504623429,0.02226082951545166,0.00032407718117378174,3.556095893135401e-05,5.964280504354821e-05,0.00032664319560565103,0.000112487244357532,0.04052162357114562,0.02537454057173529,0.18787916320889825,0.00021266986820557305,0.10970286986359247,0.000187266894209588
Z_R_1864_ON_0286,0.00010782251654311248,0.08055748330220418,0.0008342625807457414,0.00016574459209202044,0.030298336083330133,0.08091999971657884,0.03268346757584139,0.00017214230021776012,0.00012257478631025738,0.00018850151465449143,0.053159692305605896,0.00014212522720833065,0.00033012129994927625,0.00010807272814928095,0.003325098849717105,0.00022295272167772488,0.00035154042425360947,0.07671912520615626,0.01773814665581295,0.05351770831863081,7.522372775959478e-05,0.00012616516157720016,0.0006909633361742415,0.003173070149951114,0.018209472639915295,0.14759979280347266,0.16555487573647676,0.1178546991960586,0.10584932212580357,0.00920149641713176
Z_R_1864_ON_0288,0.00013421663166928428,0.05278032852989497,0.030267407519456186,0.00020631758171861636,0.0011789786612180807,0.06784604811590379,0.0004943563377739288,0.00021428139913421757,0.00015258014256759565,0.014849107189549219,0.0004076935012252096,0.00017691637964605057,0.0004109324317593812,0.0001345280931344882,0.0004854417467336584,0.0002775298173746358,0.02601290323415119,0.0005053687718436673,0.00015861432190695957,0.01912142651438251,9.363791242493477e-05,0.00015704941383121973,0.0008601057975789012,0.00029619760131906447,0.17977247634746085,0.03393284124057271,0.5349068185352894,0.0005599950927335027,0.03311279629560865,0.0004931048421370356
Z_R_1864_ON_0289,0.00033794653866798884,0.022502493095509495,0.03941284104309733,0.0005194908540095099,0.13176165624883607,0.014439216992382915,0.0012447489639804135,0.0005395430971384976,0.055581220395473176,0.0005908175439931134,0.0010265390053595268,0.0004454610236559623,0.0010346943684422963,0.00033873077325043225,0.0012223027503612,0.0006987974589469696,0.010301334022412303,0.01967148938640664,0.00039937793405296965,0.002148663365544622,0.0002357726311451228,0.00039543762307248716,0.0021656762918643544,0.000745801417324993,0.05707368411465549,0.205033706480651,0.42690116875220224,0.001410021998813553,0.0005797680287742858,0.0012415977999749848
Z_R_1864_ON_0290,4.2780049177076664e-05,0.0820378855908713,0.00033100501987103276,6.576142004342857e-05,0.21581735982672698,0.15321921073333206,0.00015757054977418337,6.829979771271892e-05,4.8633212749451784e-05,7.479053842754797e-05,0.00012994774056440927,5.6390115944330255e-05,0.00013098011342170478,4.287932403319896e-05,0.0013192781699976502,8.845952314350264e-05,0.0211013612763611,0.00016108063988152247,5.0556539878666005e-05,0.02822117257286637,2.984603657949084e-05,5.005774294414963e-05,0.02705877716250077,9.44096703438698e-05,0.07476870049731886,0.14008065750952428,0.1215845017248976,0.07005143494894865,0.06295904030261734,0.0001571716495468024
Z_R_1864_SIE_0120,0.0014345276823675248,0.061499879529598456,0.0003932944760206356,7.813658913218361e-05,0.00044650276762572594,0.032613139377073025,0.0001872226192638,8.115264585475237e-05,5.778514758763515e-05,8.886483242346095e-05,0.00015440167208115936,6.70017666551078e-05,0.00015562831976803176,0.009736828617916743,0.00018384648557905647,0.00010510608515035331,0.02368857766139391,0.13717741239938194,0.20069615906788488,0.21341254345618454,3.546254773536993e-05,5.9477749883266654e-05,0.09995193499153493,0.00011217594779571691,0.0016659636919167146,0.00039777027551096493,0.02546665939061554,0.000212081326818928,0.10248079294822811,0.08735966993101763
Z_R_1864_SIE_0121,6.70717401137709e-05,0.16513749977975237,0.0005189587926196155,0.00010310256672235946,0.02067310103096661,0.021123850528174754,0.05502140614204729,0.00010708230518971192,7.624849127515331e-05,0.0019430707570826792,0.00020373564900383714,0.0019142220675996554,0.0002053542316215995,6.722738596920472e-05,0.16091405247939813,0.00013868927832014585,0.027605859491373227,0.14814332593357551,0.00738251229541937,0.08806542228566788,4.679343870316005e-05,7.848190897431273e-05,0.007733066868001911,0.05309656868485274,0.00037245551590330814,0.004176488866085713,0.02082300831761477,0.0002798449406580076,0.10966379106970192,0.10431770715761136
Z_T_1853_BEC_0560,1.6409196181746512e-05,0.019406810027544043,0.20917671999773688,2.522418892545545e-05,0.10154220620367524,0.26648017493267867,0.0022938770939972064,0.0022596354016184714,1.8654301346198288e-05,2.8687498990854345e-05,4.984421498605212e-05,2.1629626263678312e-05,5.024020351514314e-05,1.6447275160648166e-05,0.0005060371534445787,3.3930528302975445e-05,5.3499917942328524e-05,6.178589954294635e-05,1.9392034303313794e-05,0.00010432963400874487,1.1448081030792178e-05,1.9200710148461746e-05,0.0036786558092828134,3.6212833597131404e-05,0.22879512832723517,0.15200216324359117,0.011794691159098062,0.0014085269993732734,2.8150983174910263e-05,6.028652330311391e-05
Z_T_1853_DEI_0897,6.975009311085304e-06,0.0002745654954289707,0.12081266345618773,0.0003904662972898143,0.00917513330055881,0.17441078943255633,2.5690855269438997e-05,0.011593337740254471,7.929329635674786e-06,1.2194111786873776e-05,0.4788787805101548,9.194042347563302e-06,2.1355457234325442e-05,6.991195431932046e-06,2.5227579185565753e-05,1.4422751012420869e-05,0.0015417183531395737,0.006861660996246651,8.242915638790478e-06,4.4347094188721236e-05,4.866202518357338e-06,8.161590036564269e-06,0.0011839312044832186,0.005521685591209071,0.07579772563178576,0.09233245328118449,0.019823563738894677,0.001168334963282568,1.1966056568915124e-05,2.5625817176830465e-05
Z_T_1853_EIC_0261,3.145948881014432e-05,0.04919583904735806,0.022509378255588908,4.835947358153113e-05,0.036244441423652386,0.2180091117501434,0.00011587384873988003,5.022613959569154e-05,3.576377404242377e-05,0.005193298804804548,9.556065429630549e-05,4.146802670119379e-05,9.631983814430787e-05,3.1532493313069995e-05,0.00011378432769028733,0.000921434402930601,0.00010256931852168185,0.00011845509029005579,3.717814568209416e-05,0.0010564026154904862,2.1948105994762952e-05,3.681134160211285e-05,0.00020160309775279573,6.94267544073764e-05,0.4780365527867937,0.052485562237122446,0.02518177200117186,0.10974831556541924,5.397068390045843e-05,0.00011558050645811426
Z_T_1853_KAP_0553,6.975009311085304e-06,0.06483110068471068,0.025686710133157917,0.002479060082825399,0.1515792550416214,0.1277022375014878,0.012936997893125782,1.1135838648047368e-05,7.929329635674786e-06,1.2194111786873776e-05,0.07995736747285807,9.194042347563302e-06,2.1355457234325442e-05,6.991195431932046e-06,0.00021509974150698253,0.000773911400298088,2.2741054568239285e-05,0.00040600747731847934,0.001337348051888708,0.013525270619009313,4.866202518357338e-06,8.161590036564269e-06,4.469823055471765e-05,1.5392883887983988e-05,0.13332899081517505,0.37106478756902433,0.0048236629155027485,0.001927823612568235,1.1966056568915124e-05,0.007240767985390668
Z_T_1853_LWF_0895,1.2357544832846826e-05,0.0038503881221489352,0.3354807868281548,0.0006917847072699865,0.0017905222689960194,0.34499581213018043,0.0007183049067212855,1.97292389453716e-05,1.4048303320762948e-05,2.160416945444787e-05,0.04175043702890575,1.6288980478425667e-05,3.7835221206042666e-05,1.2386221599444914e-05,4.46954157199991e-05,2.555262427617397e-05,4.0290068276554904e-05,0.00206489625958349,1.4603880083405638e-05,0.0020969353735166064,8.621395772295549e-06,1.4459796436954955e-05,0.018580880873357464,2.7271397681183872e-05,0.00040501693328602064,0.17199421841663723,0.07515211113285318,5.155966424250659e-05,2.1200126613127247e-05,4.5400969449278753e-05
Z_T_1853_LWF_0896,1.2420216192072218e-05,0.046470563381438006,0.3777542252638474,1.9092335557078183e-05,0.011266413578230862,0.21657681371444015,4.5747032351419274e-05,0.0010341304386059826,1.411954937132006e-05,2.1713735123272883e-05,0.03384776546714099,1.6371590135990117e-05,3.802710274656303e-05,1.2449038393055955e-05,0.004440227040530685,2.568221455618711e-05,4.049439958801929e-05,4.676610733673196e-05,0.008129087085445292,0.0041361722786695185,0.0010229662619427888,1.4533129377201928e-05,0.032537229533941586,0.004084614275580642,0.0061547774543485295,0.19923831778856393,0.05051381730693957,0.0010661222920868771,2.1307643176373978e-05,0.001398032744342009
Z_T_1854_KEL_0735,0.00012903090905843487,0.18421419116954987,0.07475982856706813,0.00019834609759457504,0.06786999354733354,0.10737409383835621,0.21473476061058647,0.00020600221731632772,0.00014668490972321127,0.00022557924424844631,0.06010360670770773,0.00017008086858643202,0.003907506148588327,0.0001293303365995086,0.12340246713800257,0.0002668069089597473,0.01447049104584994,0.00048584285888956765,0.0001524859467176297,0.0008203782421016404,9.002002816085034e-05,0.00015098150193240266,0.000826873924399295,0.0002847534264851706,0.0007165204558479178,0.03613423031220036,0.09977043944593217,0.0005383585848116799,0.00022136044384599268,0.0074989545635458475
Z_T_1856_GIE_1050,5.951250354459764e-06,0.04008715713019761,0.0737576951229003,9.148252091139253e-06,0.08186410587376815,0.05322945957717832,0.001803959917017213,9.501372793305526e-06,0.015883120476246293,0.019612842604537006,0.0024481317208457747,7.84458419186546e-06,1.8221003982524333e-05,5.965060752859291e-06,0.003099593616060185,0.0063304471137088794,1.9403229877404205e-05,0.004882517037227059,0.003571112747908807,0.0027918996144501457,4.151964272824886e-06,0.00016896729256581466,0.0002001412573788589,0.00033714083343114125,0.48523389634567876,0.07424423001728218,0.047532639183409046,0.06320624319706271,0.01945064439998177,0.00018386820284756783
Z_T_1856_LWF_0852,2.206719473049087e-05,0.024296280608338414,0.4080516771507326,3.392165483132593e-05,0.00019384148876794378,0.2250070459370316,8.127947659117246e-05,3.523102392755818e-05,2.5086426891874836e-05,3.857913693945271e-05,0.07936052631581787,2.9087663370085142e-05,6.75633554495145e-05,2.211840359125736e-05,7.981378628154628e-05,4.562999717214044e-05,7.19470408070281e-05,0.012697964365486494,2.6078535014872242e-05,0.0037445529715294974,1.5395454512144258e-05,2.5821241035630094e-05,0.00014141408473702154,4.869925631212162e-05,0.0001225411534566141,0.23204608858986606,0.011055911694507104,9.207145646389768e-05,3.785762694863449e-05,0.002483906908857959
Z_T_1857_EIS_0863,1.831543334190958e-05,0.12237416976614013,0.05598252537801412,2.815445349978996e-05,0.3132682962496537,0.11445849028657322,6.746071957728198e-05,2.9241209777372533e-05,2.0821349751808752e-05,3.2020092251536944e-05,0.078831065935214,2.4142314690801148e-05,0.0005546552288890729,1.835793591132715e-05,0.0035562949762523444,3.787219815680081e-05,5.971494094027326e-05,0.020012110679139116,2.164478428513522e-05,0.06044446971673789,1.2777991236736907e-05,2.1431234226614506e-05,0.007097473036817115,0.0005389983157868062,0.1461852604001127,0.06196708226913108,0.004190450426221359,7.641789743337877e-05,0.0005299999296144908,0.009540284850622064
Z_T_1857_HOR_0861,2.3492522188188023e-05,0.17231297432101012,0.042389314695718695,3.6112665815373134e-05,0.08590046704434763,0.003561782363975998,0.040375548986572425,0.021780787048950718,2.6706767560509792e-05,4.10709762441597e-05,0.025651690302070762,0.01601867265218635,7.19272950817363e-05,2.354703864632786e-05,0.014793658695716257,0.012838742219448378,7.659412413659245e-05,0.012878621864963444,2.776295627761909e-05,0.012300022122796026,1.638985204694131e-05,2.7489043594559214e-05,0.06985694712987726,0.22515874815136494,0.000130456127373904,0.21505861032698578,0.02839723116854388,9.801838250370073e-05,4.030286368271682e-05,8.631029031894818e-05
Z_T_1858_UD_0218,9.495509547368664e-06,0.16787184443306236,0.05151191816553278,1.459648139454447e-05,0.27433563723085236,0.06063263476346499,3.497454277277037e-05,1.5159902658830664e-05,0.17758975805768062,0.01500871103992155,0.0039061132945090757,0.010868872255225863,0.0046817964297199794,9.517544710073155e-06,0.00029282851936412345,0.024575677548881656,3.095879749246503e-05,3.575364646169792e-05,0.001562129565539774,0.00548855034896918,6.6246610451193456e-06,1.1110874933276081e-05,0.041159911844851224,2.0955280401933455e-05,0.0003112140970462831,0.14870298750629152,0.006308264602229698,3.961832958699917e-05,1.629012942160608e-05,0.004946094596430306
Z_T_1858_WOL_0109,4.2093765612658894e-05,0.08301355666804022,0.07366119494534944,6.470646609604598e-05,0.25016880455728163,0.10721829351180481,0.0001550427808579139,0.016109344737811962,4.785303191196304e-05,7.359073809341734e-05,0.00012786310063766593,5.548549777505187e-05,0.00012887891202441752,4.219144788757974e-05,0.0001522469372943049,8.704044303449359e-05,0.0780562096110899,0.00015849656160617952,4.9745504756921656e-05,0.0002676320711738343,2.936724226388048e-05,4.925470959296714e-05,0.002561485531801214,9.289513713679215e-05,0.1526340863788365,0.14929213577220535,0.006193174559418221,0.0024673631453987614,0.0768453159533619,0.00015465027984407195
Z_T_1859_BAL_0209,2.4140931839553534e-05,0.1856119985179517,0.08496031281164652,3.710940004695764e-05,0.07907115100575393,0.1429778218473925,0.002717554064215272,3.8541815471347074e-05,2.7443892578602438e-05,4.22045632287495e-05,0.03095980825528001,0.003974775815504749,7.391253753267512e-05,2.4196952989157874e-05,0.0014016324124066896,4.9918019260038475e-05,7.870817425561399e-05,9.089837021821837e-05,2.852923282539216e-05,0.027097011606814953,1.6842223153226057e-05,2.824775996527234e-05,0.05141311407512784,0.11045600661489444,0.008019966156033431,0.2650240353384298,0.005523286084908473,0.00010072375678056709,4.141525023619985e-05,8.869251325808855e-05
Z_T_1861_BAR_0224,3.6060899413505306e-05,0.08191413815758268,0.03954468992350456,5.5432754264949585e-05,0.2967725987518139,0.06829239491975504,0.00013282209476706922,0.01576384182498267,4.0994749348098486e-05,6.304373499324736e-05,0.00010953779838141043,4.753333243183876e-05,0.00011040802397675907,3.614458189330093e-05,0.00013042695068680473,7.456583214854721e-05,0.11398802456906323,0.03449324514391079,4.2615993537388114e-05,0.10428330974668794,0.025547846076085665,4.21955389930535e-05,0.00023109050097375988,7.958143320126794e-05,0.08167652187292755,0.09059324068473382,0.044571244033246214,0.00015045770751331435,6.18646862051028e-05,0.0011141276829766348
Z_T_1861_SCH_0586,1.7033090630665256e-05,0.0414735441894426,0.1475791787322668,2.618323842884156e-05,0.08685610372068125,0.20196098840116336,0.0023810926510297137,2.7193906198691795e-05,1.9363556993424742e-05,0.050106249428854464,5.173934310177926e-05,2.2452006812282347e-05,5.2150387520409236e-05,1.7072617411354032e-05,6.160617477271359e-05,0.004671930898208133,5.553403962946862e-05,6.41350627389581e-05,2.012933931332627e-05,0.014945769302242966,1.1883348799351636e-05,1.993074081810836e-05,0.03256612590973017,3.758968262804254e-05,0.3172455705901566,0.07942103719566872,0.019198202844503253,0.0009984096091821644,2.9221312393959314e-05,6.257867867847976e-05
Z_T_1863_CAU_0278,3.434162923471017e-05,0.03594091894075867,0.09561941865483434,5.27898950216631e-05,0.03208623019686302,0.32772653681566266,0.001996170041683977,0.17019575182996974,3.904024873420168e-05,6.003800814514882e-05,0.0010391556240979915,4.5267092757344956e-05,0.0047793453327255675,3.4421321997268e-05,0.00012420860420976076,7.101076797502223e-05,0.04685397829745378,0.00012930727566029228,4.0584197103572114e-05,0.0002183440047664775,2.395886732378253e-05,4.0183788508489186e-05,0.0002200728332674958,7.578724095664867e-05,0.13667737771417146,0.047010749907234355,0.08825339932508794,0.01042652703238567,5.8915172692050554e-05,0.00012616933871680336
Z_T_1863_HOL_0280,1.3379200933624906e-05,0.050422835498677085,0.038709318887301246,2.0566485297847473e-05,0.0576620178321163,0.21217512782783843,4.9279233829871055e-05,2.1360347519517383e-05,1.5209742343431012e-05,0.0011160072422602542,4.064036777249439e-05,1.7635666774639154e-05,0.001497785842717712,1.3410248542808784e-05,4.839059504281852e-05,0.00876860081895663,4.3621036896316326e-05,5.037699322343396e-05,1.581125123876528e-05,0.001177681885688463,9.334166934134736e-06,1.5655255522529715e-05,0.012468730623391726,2.9526051837377457e-05,0.34716228194945586,0.1676392976549532,0.013987242536828502,0.0867367674355433,2.2952840358821948e-05,4.9154480202952405e-05
Z_T_1863_MHL_0526,4.110465561470201e-05,0.002736992758703292,0.11445011088502452,6.318600786151802e-05,0.026096731967532715,0.10022313434361221,0.00015139961987135008,0.01684975276971083,4.672859194780744e-05,7.186151919969746e-05,0.00012485860176782737,0.14104085518624943,0.00012585054384319638,0.002279083748516519,0.00014866947242167243,8.499518594763122e-05,0.0001340160528326483,0.02924726042170733,0.004524344007771049,0.0002613433119355223,2.8677177297896762e-05,4.8097333316556854e-05,0.002501296311087623,9.071230774231421e-05,0.5384392891967604,0.0036784868450635802,0.00045293944799658674,0.015836687827371937,7.051755953208411e-05,0.0001510163417595543
Z_T_1863_WOL_0279,1.0999573478604486e-05,0.041754047470050557,0.04110673811999019,1.6908525954024993e-05,0.042315964071764724,0.00466196288423629,4.051441907256996e-05,1.75611916761759e-05,0.2685993836251685,0.21500850454210257,3.341206352522775e-05,1.4498983421670589e-05,3.367750644358754e-05,1.1025098953574727e-05,0.0069266268873737335,0.0679928913043717,0.0045272819730085715,0.020402518132727296,0.0003124270176642499,0.037498430121075635,0.03084875375188054,1.2870808525912376e-05,0.004861336347378906,0.004216265966065179,0.12552139639819634,8.60763069122322e-05,0.05970737005132188,0.016813859465342883,0.006606285538165084,4.041185415162872e-05
Z_T_1864_HEG_0210,4.4453798304722324e-06,0.1933087801692926,3.4395543423269605e-05,6.83343044030241e-06,0.0006441046088256536,0.054160906584848394,0.379144298746989,7.097199489432698e-06,5.053596412491346e-06,0.009446641175447254,0.03910010383991735,5.859635247713524e-06,0.010904613742327034,4.455695724249082e-06,0.027606619919067394,9.192046001808495e-06,0.006186062070923334,0.05193052057379124,5.2534540515562025e-06,0.04879575616911314,3.1013748600620802e-06,5.201622838763004e-06,0.046496768155680726,9.810340390470075e-06,0.00014569674887553053,0.10410437384812271,0.006462575243158876,0.007158205263110558,7.626321937263217e-06,0.01429564749986143
Z_T_1864_JTT_0722,0.06556977516051875,0.12310599526041659,0.00012258348250456072,0.07592890687812218,0.036366340651616175,0.0028332945905891476,5.835424108976778e-05,0.01382612177176555,0.0069184245962455775,2.769772090590077e-05,0.00867364187004164,2.0883359394323468e-05,0.059995852628727205,1.58798101294023e-05,0.05655444081796444,0.005639346154213629,0.00393313688268551,5.965415814066351e-05,0.003468929922438137,0.01303900612116206,0.48692150940428325,1.853824591180759e-05,0.0044142863091201105,3.496341589432162e-05,0.00483201244067769,0.00012397851630739483,0.004056060128505928,0.0009286540337183187,2.7179715995944752e-05,0.02248455171091413
Z_T_1864_ON_0211,1.5667364096299796e-05,0.21770193643786726,0.02443135502512411,2.4083845884454583e-05,0.08884827736095623,0.08596811378311567,0.008587577634496225,2.5013477521717852e-05,1.781097184261203e-05,0.10281232979435034,0.06060967120578408,2.0651787338425745e-05,4.7968928643777726e-05,1.5703721588785084e-05,0.026925758535819404,3.239658634186312e-05,5.1081276879182824e-05,0.018398214181809803,1.8515353136914914e-05,0.10629650046551771,1.0930532594453618e-05,1.8332678424437633e-05,0.0047918305552219565,3.457571246275322e-05,0.05809012152935698,0.18010287073575157,0.011261473063412988,6.536929813300344e-05,0.0047183070852698855,5.756107125714287e-05
A_L_1865_BEE_0913,0.005374418637885924,0.14364754117405196,0.056595683818175244,0.0008477833891388554,0.1349393937019814,0.04970502963251573,5.578018000881372e-05,2.417821741715612e-05,1.7216220705322564e-05,0.003324490990992029,4.600166954300354e-05,1.9962174547213356e-05,4.636713088015495e-05,1.5179336599737942e-05,0.010773323200887575,3.131478649728519e-05,0.0037596424735951484,0.00046927463684478073,1.7897081016066887e-05,0.049978764271473144,1.0565535852603878e-05,1.7720506251080397e-05,0.03225269580582223,0.31334485022198805,8.409709172561248e-05,0.12956560013990193,0.047988094656923226,6.318646023106464e-05,2.5980792870050246e-05,0.016957966063677662
A_L_1865_STO_0931,7.953597350264666e-06,0.02867603693845793,0.6383361733996288,1.2226256544074327e-05,0.053764610856845904,0.09062494413009912,2.9295261021701594e-05,1.2698187602892676e-05,0.0002255528777299263,1.3904935588081574e-05,2.4159673139875353e-05,1.0483958886991408e-05,0.07212253782119121,7.97205437048299e-06,0.009555254054600516,0.0026145790874854075,0.0030570865815574525,2.994785128080494e-05,9.399389887400439e-06,0.005030323557995467,5.548926708147417e-06,9.306654370424561e-06,5.0969355343585075e-05,0.008461484211171353,0.021695274024809724,0.05743767372876774,0.008098551670616612,3.318497439796578e-05,1.3644884411606838e-05,2.922109813847571e-05
A_L_1866_DEI_0919,1.0786409802353721e-05,0.042706636203251255,0.050293378636194444,1.658085110741824e-05,0.08319069922536802,0.04773453131910623,0.029402255714979317,1.7220868645985742e-05,1.2262205696615501e-05,1.885742097862036e-05,0.019118406745395333,0.001188719061171002,3.302486103925095e-05,1.0811440612317789e-05,3.9012852210013805e-05,2.230387028301716e-05,0.0015032939212762603,0.002976866944541578,0.0011872482040011796,0.004766584200016668,7.525273759968751e-06,1.262138168522262e-05,0.012988634612138037,0.005602684142062306,5.989792155184158e-05,0.67600976676025,0.00775311422479984,0.013258141278014984,1.8504748038878525e-05,3.9628702021973255e-05
A_L_1867_LEC_0926,3.466569813141583e-05,0.09006881230497926,0.06632455954738757,5.32880531876591e-05,0.14185380485796759,0.1722839557149191,0.0680713453938539,5.534496138949206e-05,3.9408656716477015e-05,6.060456399860084e-05,0.06899262394524266,4.569426109891328e-05,0.0001061363219640342,3.47461429242708e-05,0.01899862021487142,0.0010153428446553028,0.00011302272121698058,0.00013052749925169057,4.096717473952383e-05,0.0002204044341142922,2.4184958044373266e-05,4.0562987640784215e-05,0.012489755252753571,0.009513122166978494,0.02378405117334711,0.2701585985935706,0.05322705804376224,0.0020319604277278473,5.9471132774289136e-05,0.00012735995079046444
A_L_1870_MAR_0928,4.365608449956086e-06,0.04770770003342948,0.22677978975478844,6.710806007594243e-06,0.07692758787324797,0.21778188647592422,0.0013233156375635831,0.0796295210259569,4.9629107168321166e-06,7.632207368079054e-06,1.3260876627618976e-05,5.754485359322203e-06,1.3366227971434857e-05,4.37573922724813e-06,1.578976141141601e-05,0.00226698004075144,1.423346343441228e-05,0.0012048342057845627,5.159181953748473e-06,0.00121615281546047,3.0457213583321857e-06,5.108280840869348e-06,0.00062217444603548,0.0341166077136524,0.07002078388846295,0.07882483651319541,0.1563222170618059,0.0050094791296205286,0.00012632909787106987,1.6039015722373805e-05
EM_UM_1875_GUD_1047,0.0025510501218317496,0.2565181301552134,0.00013809427781417825,0.012536426265904716,0.010990597916825672,0.019512841960085174,0.015421568754376723,9.77653439377986e-07,6.96143023914823e-07,1.0705628651226195e-06,1.8600912412151202e-06,8.071764872830871e-07,0.002318939240665145,6.137810070183191e-07,0.015254832803228667,1.266222740669654e-06,3.533557082870052e-05,0.1478776873364816,0.000684174315880835,0.11832420210025026,4.272205964133715e-07,0.23277400350526503,0.06361484250664524,1.3513940306303118e-06,3.673954672068287e-05,0.003705427159217695,6.747702505798472e-06,2.5549633829989234e-06,1.050541115952927e-06,0.09768568301032818
EM_UM_1875_GUD_1048,0.003407561897875799,0.19184198818480638,4.793913653590125e-06,0.03418843795951026,0.03738061167364778,0.017752692040296694,0.014507086009543015,1.785523043922788e-05,0.00040548957607959406,1.0831841265334115e-06,0.0012668358516951762,8.166925893099193e-07,0.008721645381699027,0.0016366279720530447,0.024879666272878794,1.2811507086899632e-06,0.0011151794241855224,0.4280964414788484,7.322054719805794e-07,0.11057777017756733,4.322572579706449e-07,0.017760676770799132,0.028743721518563886,1.3673261144763316e-06,3.4405806557989396e-06,0.001303534403026346,0.00012488961123936648,3.631718695492404e-05,1.06292633356059e-06,0.07621996114137843
EM_UM_1875_GUD_1049,6.220132003871868e-07,0.19102089565282387,4.812745560482657e-06,0.40768008544773243,0.01493975766434191,0.01768697140389936,0.0017801831637874437,9.930651455129726e-07,0.00017003017606278655,1.087439193289374e-06,1.889413676384078e-06,8.199007987006301e-07,0.00028975362456329704,6.234566365721012e-07,0.012972396053658146,1.2861834465748609e-06,0.008959217812219386,0.10801352145176452,7.350817910532466e-07,0.1379006540541171,4.3395529198292384e-07,0.014867292414536675,0.0398626341738931,1.3726973747743268e-06,3.4540962714833668e-06,0.0012239935411369203,0.0005486878621120033,2.595239766488642e-06,1.0671018217303119e-06,0.04206213311337566
M_X_1872_LAA_0941,1.348692801365356e-06,0.05846477373107963,0.030593045262750935,0.006830843252507393,0.09021769657090348,0.08482982917361122,0.007568013995221243,0.22333230473267524,1.5332208635609052e-06,3.9071679639975374e-05,0.008411560953908714,3.849158406218686e-05,4.1293065223620305e-06,0.006279414605122046,4.878022799105466e-06,0.0031234632760360876,0.013955647854529074,0.012047210382966874,1.593856077959674e-06,0.00904017407662994,9.409324079415902e-07,3.829194834307974e-05,0.03719973995052811,0.0007005389104606793,0.040355974783273185,0.04469126991740331,0.04399801477915361,0.27789251139908455,2.3137652776430944e-06,0.0003353793833595084
M_X_1872_RAU_0948,0.0006279823721316726,0.027596007489240012,0.14936493415907892,1.1677608602064083e-05,0.143789415002181,0.14115212983093678,0.011815308739958065,0.10051460998018612,8.63606082675768e-06,1.3280957654469225e-05,2.3075518321100743e-05,1.0013495794160622e-05,0.0027115968279875944,7.614311899744542e-06,2.7476081632196055e-05,0.022763183496079503,2.4767936198835684e-05,2.860395448675264e-05,8.97759635646283e-06,0.00811331365201136,5.299921036802635e-06,8.889022305456252e-06,0.02610488106576111,1.6764832295250556e-05,0.25957019830944766,0.01474190855947201,0.036272874382645724,0.05462563644523555,1.3032576161374341e-05,2.790981407542991e-05
M_X_1872_RIC_0950,0.007589424349547639,0.09622812346032604,0.08886312759949254,0.007474730726245256,0.25404833339863925,0.16046666659712217,7.836696689431501e-06,0.17138363309705804,2.4187498101405413e-06,3.7196720182542264e-06,0.005277027775375717,2.804535717942866e-06,0.006145853551713183,2.1325828790824404e-06,0.013097230151590384,4.399492501364342e-06,0.031166979846820677,0.021148189108905827,2.5144055742906794e-06,0.019010728473320252,0.010310940968743073,6.0407893595726805e-05,0.006210892288756288,0.0029006101927958666,0.0077149483052398075,0.07056113358343201,0.018731054331436334,8.877223480301393e-06,3.650106425640027e-06,0.0015716108347474417
V_X_1886_ON_0984,0.0003508573976137111,0.0042602498611896255,0.1459791514247377,0.0005393374047868767,0.003081983058078325,0.3110706898825613,0.0012923031669621271,0.05786593105117741,0.00039886168415182306,0.0006133890489513197,0.001065756747765522,0.00046247934988267195,0.0010742236771179973,0.00035167159297667976,0.0012689994215597936,0.0007254942124028679,0.0011439220894118533,0.0013210909104112518,0.00041463570882680043,0.0022307505789356174,0.0002447800534314243,0.0004105448627957984,0.0022484134645442775,0.0007742939029665239,0.23117144458519479,0.0027456072817885675,0.21398733574058532,0.011014852823124888,0.0006019173997080657,0.0012890316163590156
Z_B_1865_ON_0529,0.00020789463717182574,0.002524339247731816,0.012927081246125025,0.0003195752885473152,0.05841879589626694,0.0032233140152620847,0.0007657324595087679,0.00033191083080856527,0.0002363387680364136,0.00036345334213903007,0.0006314961973071412,0.1360963194221838,0.0006365131335828595,0.00020837707491069797,0.03470749548761308,0.017407665002009444,0.05161116865748291,0.051716147056143844,0.00024568540048266563,0.029618103047098162,0.00014504029483526388,0.00024326143861916994,0.0013322595008765277,0.00045879480129647904,0.5727399076669469,0.007286125195240979,0.007950089542292545,0.006526665382400708,0.0003566560097372933,0.0007637939573416512
Z_E_1865_DIE_0524,9.154753231803838e-06,0.2086988171980625,0.01776464925200151,0.002755368038183759,0.20517915187342728,0.054718639049717264,0.00028292811434831066,1.4615873657693375e-05,0.3414262848108675,0.013473273029697535,0.017223206488042427,0.007986744681887313,0.018220262090401843,9.175997639592166e-06,0.011745918867667533,1.8929971352528164e-05,0.0002790564782976509,0.0005328879287961161,0.0002600275597256612,0.009777344020097842,6.386928137965748e-06,1.0712149537226755e-05,0.02223823837485193,0.001764663966175569,5.0837183173348175e-05,0.05564517315521329,0.001097712518919451,3.819658429238885e-05,1.570554104811338e-05,0.00875593752154711
Z_E_1865_GRU_0701,5.154372832897658e-05,0.07639391154795534,0.020042380612008786,7.923293297807803e-05,0.042546127217316355,0.03728007419557122,0.00018984956227119008,8.229130835396121e-05,5.8595937918329405e-05,9.011170553663311e-05,0.018397023890646992,0.036548853456875606,0.00015781195937297957,0.2540149324190316,0.0001864260576501247,0.021153260599151767,0.035245850804260584,0.3579876345943279,0.01268892112173069,0.08311132196162452,3.596012699242757e-05,6.031228931961003e-05,0.0003303097314632603,0.00011374990196224903,0.0002862270442631222,0.0004033514379148988,0.0005679694309046197,0.00021505706533105719,8.84264294783224e-05,0.0015924809294588162
Z_E_1865_HOR_0715,0.001768457635544597,0.17751653225506217,0.0011150758384610064,0.016546361720350164,0.00028018390014436495,0.007440786061541673,0.2684161729784312,5.092390567594073e-05,3.626062187164933e-05,5.5763361706531434e-05,0.02961842686398397,0.013066252341842485,9.765796041397073e-05,3.197055812228404e-05,0.00011536507518482605,0.0009342354200247914,0.00010399426162730017,0.011407747851208147,3.76946426534392e-05,0.11307926937795805,2.225301981079856e-05,0.13375252714549155,0.020174856472128116,0.006148355101301422,0.00017712440469731477,0.07492173102278586,0.01858536510132667,0.004474485394263454,5.472047102040705e-05,0.09996944923536587
Z_E_1865_RIC_0781,4.287992071863709e-05,0.0016879327540618948,0.15090931459509832,6.591494241007557e-05,0.0003766635393336703,0.19092947368936264,0.00015793840380925783,0.0012357269733939912,4.8746748708894454e-05,7.496513959118796e-05,0.06666451156894367,0.0047255926701971354,0.49622007002847285,4.297942733543078e-05,0.0013223580716602058,8.866603503659267e-05,0.00013980405952928693,0.00016145668834640194,5.067456591348294e-05,0.0049417013531735665,2.9915713210069844e-05,5.01746045198382e-05,0.00027478910736413413,9.463007306656013e-05,0.00023811612709111532,0.07737522349238113,0.0016397691345824163,0.0001789088645765332,7.356313577593901e-05,0.00015753857233515313
Z_E_1865_SEY_0803,2.1091611942584362e-05,0.44350082917411165,0.00016319358122449728,3.242199060146253e-05,0.017983959027697057,0.00204946967574246,0.005819198140586799,3.367347295817479e-05,2.397736492977723e-05,3.687356709108345e-05,6.406741856362306e-05,2.7801708174109832e-05,6.457640366544013e-05,2.1140556877928415e-05,0.3996855204884335,0.0006177639113732948,6.876628786088403e-05,0.001801870300559659,0.02701003201508302,0.01908109002528778,1.4714826973506887e-05,2.4679693203003265e-05,0.03573253662228125,4.654627960519534e-05,0.00011712365288245645,0.01394467957055623,0.0025290169912099226,8.800101029796292e-05,3.6183954798950606e-05,0.029359200675426755
Z_E_1866_HOR_0713,6.598741454063433e-05,0.24509734071616066,0.02386240160683786,0.00010143574326491764,0.0221351809911278,0.042337886381492544,0.00024304958473297407,0.00010535114267997736,7.501580834695603e-05,0.0001153629871370123,0.0002004419253879043,0.03960546669248353,0.00020203434094153954,6.614054412347535e-05,0.03796085792834651,0.06480306060457713,0.00021514285185263735,0.0002484638321553935,0.018040930689453064,0.03454914939205668,4.603694539979908e-05,7.721311915634956e-05,0.3560892438548888,0.009127099218787462,0.00036643415668309587,0.05260892911910581,0.02048636996008706,0.00027532078450589873,0.012687269189504453,0.01820538247418211
Z_E_1866_SEY_0799,1.3121145975523615e-05,0.2294694834607624,0.009388227497664298,2.01698036478628e-05,0.002972705571627211,0.0009177994139340789,4.832874727358719e-05,2.0948354037131988e-05,1.491638032258706e-05,0.006452195999568074,3.985650568276415e-05,0.018947885153731418,0.006112249068774591,0.0017990562777315338,0.3900890400124876,2.7131579753140028e-05,0.0018286843673303516,0.10363187694652319,0.03823386650335252,0.10830924800682486,9.154131663788739e-06,1.5353300545698612e-05,0.011156693797959106,2.8956560123515697e-05,0.0011444057351498232,0.00010267850750997122,0.006216660143242653,5.4745654588012767e-05,2.2510131239907728e-05,0.06291205124097282
Z_E_1867_DIE_0666,6.261325839197602e-05,0.1371158178814037,0.0004844618750305601,9.624899607662937e-05,0.000550004083960091,0.0009707907623864092,0.1093150559159035,9.996418808694766e-05,7.118000037141262e-05,0.00010946409361185015,0.0035990812333545692,8.253307250211788e-05,0.0001917036526053835,6.275855794954507e-05,0.19794200002017145,0.0001294701405528772,0.00020414188172110652,0.09057130617546044,7.399499897076712e-05,0.05323586780942822,4.3682923144683674e-05,0.03416215066331633,0.002105691328170488,0.00013817882862812405,0.0003476971585531066,0.0004899751846383768,0.01773438938847919,0.00026124271637183123,0.0001074168877010294,0.3496411163230574
Z_E_1867_JEE_0165,1.7512163726872752e-05,0.2681249250563852,0.0025190593281957173,2.6919668791060226e-05,0.08071819994906554,0.13851807129013985,0.01245902060131992,2.7958762625694477e-05,1.990817683979187e-05,0.0009840402734234573,5.319456504787086e-05,2.3083492468811833e-05,5.361717051120973e-05,1.755280223869819e-05,0.0010167634146889472,3.621121719795006e-05,5.709599129678973e-05,6.593892697875135e-05,2.0695497570717624e-05,0.026807228389927197,1.2217580139163198e-05,0.18832183070262734,0.1264409705766789,3.864693090039381e-05,0.0005739589007201465,0.017298681133739273,0.00877379014907296,0.0005497786490406082,0.11015057331558506,0.016272555323056225
Z_E_1867_KAL_0724,1.1545800903043698e-05,0.1739465680339115,0.001346523084688172,1.7748185837282795e-05,0.06578954340777586,0.02343700835723256,0.030843655951973997,1.843326226309632e-05,0.0009560172199699839,2.0185032105540825e-05,0.014178447121956251,0.029873456893406976,0.008521375406507735,0.009126192586148303,0.004441920833282745,0.004424035495885352,3.7643489300129485e-05,4.347365262972862e-05,0.01981437076856178,0.4844054567284222,8.055072462993095e-06,1.3509959544379987e-05,0.08493424451655127,0.004425641366290849,0.0006927093721068507,0.03780601970039484,0.0007558196981847251,4.817280665569092e-05,1.9807530080236553e-05,4.241866496597475e-05
Z_E_1868_BLO_0655,0.0359518299960223,0.14445567670941756,0.0041344654127705785,0.06241272471059842,0.06853450425389623,0.03172606535338647,0.014540741835555043,2.9270396969116686e-05,2.084213263774969e-05,3.2052053192254736e-05,0.009039064161294666,2.4166412406777773e-05,0.0005552088594891997,1.8376259934154873e-05,0.11036218087036447,0.015010200117510017,0.07042953809601978,0.009551482738953242,2.166638908445785e-05,0.028064840605421942,0.028460141968145808,0.008505750358903533,0.000616565014426645,0.25806292633281547,0.0006008851354743824,0.012121301154302927,0.034638289706993466,7.649417416207962e-05,3.145261322446221e-05,0.051971296176626755
Z_E_1868_BLO_0656,0.040548161903597134,0.052572238958821,0.003244305717906309,0.010852448988722748,0.10284884337376661,0.042831009754468526,0.029400448087219644,2.0494498889997575e-05,0.020981140641315614,2.2442154415052725e-05,0.00038843545443574117,0.010500194514700628,0.008425921750360688,0.0031578487743826153,0.02660405581225176,0.009810932563397726,0.04302327507717202,0.015074360604184522,1.517033703062474e-05,0.04411136640085127,8.955803443548032e-06,1.5020664651450524e-05,0.026639889776399812,0.38511391701648856,7.12843185784088e-05,0.02945362033640265,0.08540541129343848,5.355956631234345e-05,2.202243951444833e-05,0.00878322341688016
Z_E_1868_BOX_0201,2.057191090003089e-05,0.16993100828374696,0.0012791804887826337,0.013471719421616467,0.008020762878872201,0.0008789623548277815,0.13727675515121238,3.28437526385331e-05,0.00450341866328686,3.596499588694468e-05,6.248878605739913e-05,2.711666917556462e-05,6.29852296764325e-05,2.0619649823525532e-05,0.008474465761984394,4.253808640646612e-05,6.707187438546454e-05,0.04543778492059776,2.4311440818891696e-05,0.0477311372793961,1.435225103858342e-05,0.08738469762602918,0.04213213278077527,4.539937105673276e-05,0.0001142377053941193,0.0018409959283667461,0.03438693031312836,0.052166205868895324,0.19827671301594227,0.1462366275392806
Z_E_1868_DIE_0668,3.574509944802404e-05,0.07633155673160283,0.0041687538158180415,5.494730708620155e-05,0.0012870354176209402,0.006392483086408575,0.2395007779230935,5.706826215686675e-05,4.063574165168495e-05,6.249163536016884e-05,0.0001085785313217877,0.02048106624709485,0.13438967862685497,3.582804908630265e-05,0.29398893490997446,7.391282882357262e-05,0.026388762338784,0.09646606651396208,0.001988333186364321,0.0012003124645713816,2.4938015878554105e-05,0.0010148712147023578,0.00022906674745076176,0.001051929705426675,0.0011715410103114595,0.0022258108945521085,0.0003938815535722492,0.005014366084209052,6.132291198189073e-05,0.08575930314483028
Z_E_1868_GRT_0678,4.5821658600081495e-05,0.19264783294133886,0.004096580271892006,7.043697696124179e-05,0.03158618084833583,0.06307779776574683,0.013889591350135316,7.31558301930099e-05,5.2090974977761575e-05,8.01080546718895e-05,0.005128575130767801,0.01877060537464733,0.01011906916810515,4.5927991777633e-05,0.10244818958854691,9.474888756274611e-05,0.0101281717176732,0.26086807007269047,5.415104832471679e-05,0.18988808803977353,0.008763397515497021,5.361678753531069e-05,0.01900384675373993,0.00010112208298631634,0.007738534263018205,0.00035857382620880796,0.0005049169356180098,0.00019118274417869965,7.86098676626391e-05,0.060041005530832824
Z_E_1868_JEE_0168,4.4062883913080776e-05,0.21643964525045006,0.000340930785396095,6.773339145401478e-05,0.019578576303592183,0.07385085094006977,0.0037607058490601777,7.034788682559633e-05,5.009156485139152e-05,7.703326377417333e-05,0.0001338444512664297,5.8081072380618055e-05,0.0001349077816328287,4.416513569971848e-05,0.00015936894755036148,0.0012905822270309075,0.00014366094765046948,0.002564851105287383,0.09361073959275479,0.0002801517210901089,3.0741022284106075e-05,5.155881208011335e-05,0.31214459335908434,9.724070973867047e-05,0.008640975860634548,0.06031831517578908,0.018477588038464485,0.00018384456871046743,0.18719292663462125,0.00016188471686281062
Z_E_1868_JEE_0169,1.0692224584250372e-05,0.3709420211909631,8.272968542709811e-05,1.6436069747678824e-05,0.006206210953953857,0.022286442705501324,0.0006215051198696466,1.7070498754699268e-05,0.0008853392595428398,1.869276097216015e-05,3.24784672541957e-05,1.4093854392569866e-05,3.273649319519445e-05,1.0717036829155354e-05,3.867219817761907e-05,2.2109116428338248e-05,3.486052159670494e-05,0.0003313210385057832,0.12546008853444546,0.052750090044843545,7.4595642640978066e-06,0.00961753655406174,0.22214834865658056,2.3596265494304366e-05,5.9374902409358554e-05,0.04199650919506985,0.0006999422583201657,0.00091779553632446,0.11120378847861118,0.03351134081387915
Z_E_1868_MAA_0155,4.156979747686624e-05,0.29019534053412466,0.00258484854000476,6.3901023154066e-05,0.00036515522381119715,0.014223767350748307,0.00015311286378654122,6.63675898752829e-05,4.7257374489586997e-05,7.267470691185876e-05,0.0001262715065024613,5.479483414803775e-05,0.00012727467343246528,4.166626383777357e-05,0.0024135595058220887,8.595699473730358e-05,0.0012671364256046866,0.011472562072800887,0.215053856264682,0.013843546786526058,2.9001689337968115e-05,4.86416045882518e-05,0.3386159421411335,9.173881170186528e-05,0.01041527547046029,0.0003253012176206705,0.006116084138038553,0.00017344260769656947,0.08607320752861397,0.005810744458331549
Z_E_1868_SEY_0815,2.0923426992544715e-05,0.2502965665179292,0.00016189227223115205,3.2163456977558554e-05,0.011575252594692241,0.0003244084426124021,7.706666910850313e-05,3.340495998806378e-05,2.3786168925708195e-05,3.6579536504143036e-05,6.355654364236886e-05,0.009710319427446892,6.406147008645256e-05,2.097198163996161e-05,0.032541332618257125,0.0017519836621816486,6.82179440586285e-05,0.016026824812248795,0.10197827712023874,0.029181249335795603,0.012545201433857473,2.448289681875155e-05,0.11290951992126037,4.617511860852796e-05,0.0006857626129608918,0.00016373465089070493,0.00023055893135400473,8.729928842100581e-05,3.589542319469653e-05,0.41928253076107574
Z_E_1868_SEY_0817,2.014325927093663e-05,0.19490363782990075,0.00015585582680481067,3.0964184460768515e-05,0.014981995891967302,0.01347236076472557,0.0011708638056658022,3.215939579183612e-05,2.2899258706690675e-05,3.521560249552745e-05,0.006092875608150364,0.03841002636815474,6.167282260638056e-05,0.010438561713743402,0.12564165107213635,4.16517312144136e-05,6.567431494815956e-05,7.58458476574291e-05,0.03237559070672687,0.06537997782659086,1.4053196866185203e-05,2.3570007843333845e-05,0.08018604641549135,4.4453396010569487e-05,0.00011185736363787018,0.002350970921741345,0.00022196212566653577,8.404417696294058e-05,3.455699758497481e-05,0.4135188615664759
Z_E_1868_SPI_0818,1.637992934215521e-05,0.21511826557841454,0.00012673755504450065,2.5179199988585815e-05,0.026451441936618452,0.012293015598414444,0.18510502093981807,2.6151112075329283e-05,1.8621030219499568e-05,2.863633302136128e-05,0.06514981465035685,0.11506142192931919,0.0009419322316688706,1.6417940404788755e-05,0.061146285766169726,3.387001105898052e-05,5.340449745376689e-05,0.0022911297873203697,1.9357447383210086e-05,0.02685759259756664,0.0058080082884338505,0.02811028795863118,0.023291290658078445,0.014750545218850811,0.0009827408825980836,0.10580430357947838,0.0006263841469798474,0.0014060148023531335,2.8100774115320005e-05,0.10841164761882169
Z_E_1869_GTZ_0186,3.876251367530683e-05,0.056395452712939026,0.00029991986582898273,0.0011147702537889499,0.0035060493772142358,0.0976779771577355,0.3367466547236443,6.188566618755977e-05,4.406599829915275e-05,6.776685217404639e-05,0.00011774416270195003,5.109443963929556e-05,0.00011867958395014195,3.885246548794095e-05,0.00014019829072073605,8.015216301804762e-05,0.2924125092025179,0.00014595332699104109,4.5808703031437244e-05,0.004467190308922777,2.7043152668607518e-05,4.535674882924917e-05,0.019241725850262424,8.554352339890263e-05,0.0012704363712685391,0.0003033330365304868,0.12810446546750734,0.00016172971389770584,0.05704646693164845,0.0001424114355201117
Z_E_1869_JEE_0170,0.0012787861152699532,0.2385335829155282,0.03422924307882031,2.3779590642307704e-05,0.01698010819605822,0.15057453160163,0.14112734069160746,0.0004458030379538836,1.7585962864525892e-05,2.7044555706831883e-05,4.6989619042194716e-05,2.03908898643444e-05,0.037525757757227406,1.5505333854636405e-05,0.012689117461555354,3.1987314862986145e-05,5.0435958588216705e-05,0.01058588639571771,1.8281445592449884e-05,9.83546387129251e-05,1.0792445353019041e-05,1.8101078640084734e-05,0.0506318005859369,3.413891172012158e-05,0.0009281143128549069,0.05149593316955932,0.005644832717578523,0.01311881583272755,0.16678434047321739,0.06701261791131237
Z_E_1869_KRA_0160,3.560651246396946e-05,0.10705233605962662,0.010937499484821589,5.473427140610587e-05,0.09530148911506119,0.06549332836318826,0.10287404564885058,5.684700334210093e-05,4.0478193205400254e-05,6.224934963689655e-05,0.00010815756253386078,4.693438658533312e-05,0.00010901682281331022,3.568914049899686e-05,0.0001287835001566262,7.362626210008383e-05,0.0010853627313664807,0.02339661272651358,4.207900883595715e-05,0.26289926478114783,2.4841328935104992e-05,4.166385224760605e-05,0.1562810696419482,7.857866385108161e-05,0.002136271454787417,0.08751317133999413,0.0013616270541089049,0.00014856185855050317,0.08244925742828056,0.00013081645314165765
Z_E_1870_DNT_0192,0.00369032400201687,0.15312439111989437,8.7143015498313e-05,0.010747908583462218,0.0013252862745614592,0.037885001066469755,0.1833813756716055,1.7981148240380423e-05,0.006144572543001366,0.001246043747573919,3.421107623801954e-05,1.484571064693535e-05,0.0015674251110352577,0.0006244656496979985,4.073522034742613e-05,2.3288557977975952e-05,0.0003433086534014586,0.0021885265127970137,1.3309916991301867e-05,0.035942456201384296,7.857505089267673e-06,0.022087546914834957,0.06261621823213462,0.007076389363955332,0.00036913078793587677,0.020322972349192038,0.05592320243881086,0.03622442822941844,0.34585109197908936,0.011078562416697439
Z_E_1871_EIC_0315,0.09255958005185665,0.07024507304885926,0.00020077290701887743,0.09045442872866132,0.000934298808985434,0.139555948717966,0.016341938075926977,0.004985972815104363,2.949874145467443e-05,0.050197180199069755,7.882051348893927e-05,3.420373355572038e-05,7.944670489765979e-05,2.600868875192298e-05,0.019872032592548102,0.0035854736072601636,0.0007909650125600878,0.10534588071991985,0.05865884413263058,0.04113406912639098,0.016264466073171068,3.0362798043414648e-05,0.014293558632230951,0.024073627096930523,0.01921591144305037,0.0002030577580139875,0.14085228716765485,0.0001082654018960151,4.451619811217457e-05,0.0898035105039893
Z_E_1871_FAH_0190,1.222593727179254e-05,0.18785428655313716,9.459658619934825e-05,0.016659381843462225,0.013087053193188088,0.060761298604802026,0.1035494897627871,1.951912301585816e-05,1.3898689221683807e-05,2.1374085559227366e-05,3.713723932797506e-05,1.6115503220457052e-05,0.0050296087229333665,0.00034506607169423187,0.023341042824987633,2.5280489430214515e-05,0.03365384904933518,0.0692708813017846,1.4448349104905962e-05,0.05732135572965163,8.529578110630293e-06,0.004008046956698643,0.04334387715993509,2.6980957938993163e-05,6.789174943490162e-05,0.01973156714211282,0.031751837249495485,0.006707245816288788,0.057597409355616795,0.2656287043742532
Z_E_1872_DRS_0670,1.218134223793907e-05,0.16661000976123005,0.00440502302773272,0.0033347032079598044,0.03625116365699179,0.04926534172306508,0.0056820299120239484,0.000351045732438175,1.3847992698171467e-05,2.1296121960371036e-05,0.007995349144138884,0.016595947065927142,3.729573992188876e-05,1.2209610110961897e-05,0.03585662126263256,2.5188276926836653e-05,0.001697704618573238,0.13467457627334317,0.3362545718488682,0.06639701032864277,8.498465827281925e-06,1.4253618455123394e-05,0.04384897269304547,2.688254284770487e-05,0.00305202437126843,0.0007585197602512573,0.002455413006326801,5.082449016424194e-05,2.089784024701374e-05,0.08427059656414305
Z_E_1872_KAL_0725,1.6206497460570546e-05,0.21681110499502873,0.00012539564860646494,2.491260079028656e-05,0.02970072969222672,0.004221801782257213,0.03711794714808581,2.5874222201263496e-05,0.005753629878494913,2.8333129447411897e-05,0.0009315678878041399,0.028256222793339423,4.9619598770623836e-05,1.62441060593121e-05,0.025205289010699735,3.351139292183539e-05,0.0004940087397632156,0.04153097381637877,0.0004603221823317172,0.09495452487256117,1.130666573176359e-05,0.0004601332215565877,0.4933315735267544,3.576550546606414e-05,0.0014135052437618996,0.017332440712921882,0.0010609216391433546,6.761873648178012e-05,2.7803241077966598e-05,0.0005007115118751007
Z_E_1872_KAL_0726,0.0003417393885703971,0.31428473038308663,0.0017418439232477847,1.861403618990438e-05,0.02416938135907565,0.0008470063370127155,0.03696319709627662,0.0003489628567145764,1.3765827768800984e-05,2.1169764704494514e-05,3.678223408291396e-05,0.019793780797522094,0.009596353802401003,1.2137166272040696e-05,0.026084592178314717,2.5038826169621064e-05,0.00036911026020482293,4.559452728161145e-05,1.4310233299651379e-05,0.08973643712228513,0.007589945457801933,1.4169046807869878e-05,0.39761176788439306,2.672303942489672e-05,6.724275323642522e-05,0.04986893724501317,0.00013343193473026017,5.052293088878196e-05,2.0773846134270003e-05,0.020151937741088255
Z_E_1872_KAL_0729,1.179037595694864e-05,0.25658621576879426,9.122648764994752e-05,0.0805778314524795,0.05081445985075958,0.00018280454264835673,0.0019691572146897677,1.8823734621791874e-05,1.340353443580327e-05,0.0003415676214467846,3.581418781611386e-05,0.02151952698782585,3.609871446695711e-05,1.181773655842689e-05,0.06680128596078741,0.001950109901691749,0.012876641260020517,0.025399840282224417,1.393361213271685e-05,0.05816781984805301,0.3886847418304138,1.3796141430900243e-05,0.03217105765565829,2.6019734169035708e-05,6.547303756083173e-05,9.226467021243729e-05,0.0014137402683610367,4.9193252693476144e-05,2.022711359616402e-05,4.331722084423297e-05
Z_E_1872_KAL_0730,0.001188428039705077,0.1499825805027291,0.002144502402460092,0.10659060580148841,0.0554428138092348,0.006350150125395793,0.024769708595381423,1.7266497565194592e-05,1.2294695996875912e-05,1.8907386154942712e-05,0.0073929329381225055,0.046529971147811,3.3112364680746685e-05,1.0840086922813034e-05,0.0368395240316399,2.236296727261215e-05,0.04154612079008655,0.1599016934397256,0.00472323312144664,0.039224395591472914,0.22640365405902757,1.2654823668728679e-05,0.01626148556704779,2.3867191378513955e-05,6.005662884352655e-05,0.037179442933924146,0.007479253841420548,4.512362689562037e-05,1.8553778762624445e-05,0.029774463213738018
Z_E_1873_DEJ_0665,2.9092617888377086e-05,0.11043469555452726,0.02319173198154006,0.018259635893262974,0.08578645797655436,0.0004510681191971546,0.006442778548354671,4.6447349989824487e-05,0.05546977019317875,0.002426719833330317,8.837109901510067e-05,0.0008303009743255776,0.0008810259813474737,2.916012985974334e-05,0.0840522222087618,0.1307323716449069,9.485246276030762e-05,0.01198883530137947,3.438102865100623e-05,0.09205149746651556,0.14336375653828876,3.4041821265813346e-05,0.0627507078542101,0.022238882246683366,0.00016155397170571626,0.13485964075158902,0.0042803407666380895,0.000121383788653001,4.9910171565919317e-05,0.008818365724053506
Z_E_1873_DRS_0673,2.81776865612491e-05,0.059404744999232255,0.00021802115424223876,4.331469265349259e-05,0.20965128178562614,0.09785182073601993,0.0031719731095567654,4.498663113218102e-05,0.07596966196250347,0.04990730109643766,0.11360851205485305,0.030719012455933302,8.627191068614511e-05,0.007698710651786774,0.005471241836844008,5.826512041110063e-05,0.002393009728455466,0.0024072383225808873,3.329978253240727e-05,0.028559883703314665,1.965851559336465e-05,3.29712428521386e-05,0.17430018617843673,6.218426931416172e-05,0.0024576135471780485,0.13368663812496898,0.0010775416542920934,0.0008846131575940693,4.834055071972398e-05,0.00010352333768745145
Z_E_1873_ECK_0674,3.0167731795113938e-05,0.3222842856636152,0.00023341886824329355,4.637378685854865e-05,0.0002649977994636946,0.00046773728282124496,0.24811935340339558,4.8163805762100806e-05,3.429527891581619e-05,5.274096097354251e-05,9.163684147489875e-05,0.017285371224627366,9.236485250037776e-05,0.0008514570679568745,0.2645417362659853,6.238008651815253e-05,9.83577231735545e-05,0.00011359120980008113,3.5651575089021436e-05,0.006761561008182564,2.1046895550548e-05,3.529983233906737e-05,0.0001933250797167857,6.657602477290117e-05,0.00016752417769872106,0.00023607523927114845,0.0003324235559755107,0.00012586951076071773,5.175459545874402e-05,0.13725446265130342
Z_E_1873_KAL_0727,7.394826763617825e-06,0.17985099477069066,0.00025851684250082234,1.1367315332849967e-05,0.05522125047722584,0.013199175621188278,2.723715706368267e-05,1.1806091432600137e-05,0.010878624960232843,1.2928060763562034e-05,2.246236384207505e-05,0.023159286550017352,2.2640816615786494e-05,0.3486596013080565,0.008682660627894792,0.016320618399735334,2.410981139291738e-05,0.00022914424061959508,8.739046853901219e-06,0.11720381432081943,5.1590934169425665e-06,8.652826361126547e-06,0.19712042167273452,0.0002176197033790544,4.1064150305135395e-05,0.026830812895665416,0.0008866862610194525,3.085360322142581e-05,1.2686279175304778e-05,0.0010336699056791598
Z_E_1873_KNA_0738,2.1274836536511838e-05,0.1317228576942318,0.010009972548497607,3.2703643140796406e-05,0.00018688129768637632,0.01017521818252462,0.17266175304834985,3.396599722923026e-05,0.014502658145076787,0.013936527478151961,6.462397757780636e-05,2.8043223934240365e-05,0.0521876383366691,2.1324206660595742e-05,0.24041959122412454,0.00873107507064431,6.936366634497093e-05,0.13733602577452533,2.5142143182635782e-05,0.056890877513074534,0.006964509449556451,2.4894087758416317e-05,0.015773086669815976,4.69506310223707e-05,0.004172113412131207,0.01985720716096613,0.01992515375709655,0.0006679043818928452,3.6498287835362216e-05,0.08347416415376102
Z_E_1876_BAR_0648,1.7064740333549647e-05,0.1548965596121927,0.0019901665537361266,2.6231890299179882e-05,0.10977959063663166,0.00026458121975737593,0.02747027693828205,2.7244436021500645e-05,0.21370439133481506,0.019075669784375617,0.012129682844031008,2.249372556786084e-05,0.000516779880603728,1.710434056014979e-05,0.04930217527874554,3.528604621806681e-05,0.0019137675925739136,0.11341020640505783,2.0166742249900733e-05,0.15990770883980662,1.1905429610575288e-05,1.9967774732788722e-05,0.00010935665656720195,3.76595291586865e-05,0.02146326124580011,0.00013353879849844162,0.014588549699484463,7.119960266255308e-05,2.9275609401778656e-05,0.09900813681222405
Z_E_1876_HEI_0711,2.9584640311732808e-05,0.10827566504896106,0.023583956985668432,0.0008508240013746765,0.003481262005067244,0.04233671688034,0.09030778095023399,4.723288045628605e-05,0.005671058201277185,5.172156696083155e-05,0.017807489574474724,0.011313848297708639,0.025056322390194532,0.12083163455943445,0.06534007316069403,6.117438443128884e-05,9.64566339204159e-05,0.00011139568288837231,3.4962490144063854e-05,0.16286810051679704,2.064009448142936e-05,3.461754598948421e-05,0.14193057978265913,0.01697756659941315,0.008217751634977928,0.03164002743120632,0.026902434246487965,0.00012343666495579013,5.0754266231383384e-05,0.09594493088225839
Z_E_1876_ON_0820,7.293067964443583e-05,0.11206251271200102,0.0005642915688336762,0.00011210891876955534,0.0006406338318844819,0.0011307577965380894,0.00026862351745814134,0.00011643630062574083,0.011994726132974011,0.00012750160187794107,0.00022153263542061237,0.013993252812951093,0.016105715383197675,7.309992168290648e-05,0.4628393428719517,0.00015080424796087627,0.00023778040881709296,0.05387778432865992,8.61879049872119e-05,0.11561125823446691,5.088100117475607e-05,8.533756469685212e-05,0.0004673645851738675,0.00016094795484421809,0.0004049907437330697,0.000570713362350172,0.0008036360185037435,0.0003042903267848117,0.00012511705709808662,0.20673943957493734
Z_K_1865_LEH_0528,2.589360215033999e-05,0.013706938813868379,0.01993670601220709,3.980360191727794e-05,0.08340210336017127,0.09273942786030971,9.537317522882419e-05,0.0803965104921014,0.002848916029061944,0.001455008515072224,0.03884649924544891,0.19387335843893855,0.0014890185390876946,2.5953690525117748e-05,0.011371572000885871,0.037411647721016406,0.0296889590060519,9.749773746051009e-05,3.0600500815165995e-05,0.0001646314667453436,1.8064995525249187e-05,3.0298592574651458e-05,0.00016593500412516863,0.05080777759673541,0.051599293447604104,0.005136717785482895,0.2836430325941052,0.00010803646282163766,4.442206372563812e-05,0.0008000016482360069
Z_K_1869_FRI_0096,2.1766462946974878e-05,0.009744646557276545,0.061790687031389714,0.0012185030604179613,0.0025612871964495894,0.15083802796828194,0.2898233540001065,3.475089544769346e-05,2.474454900511232e-05,0.0024081407603298473,0.03976508094556889,0.016026781071369983,0.012509601346680268,2.1816973933262156e-05,0.0024488134637703097,0.004785182911384655,0.07176610979022649,8.195773139351384e-05,2.572313667619395e-05,0.0036935221945163135,1.518564522056814e-05,2.5469349099927364e-05,0.00013948689324591257,4.803558272852783e-05,0.028561919721869396,0.29820881979348535,0.0032024577181373527,9.081670643103351e-05,3.734170311640333e-05,7.996883949372709e-05
Z_K_1869_ZIL_0095,3.550327540619267e-05,0.21498572959316117,0.08049107437881342,0.148889772635966,0.0003118660004103578,0.18031245377154845,0.033956949364061594,0.00875484304904793,4.036083126002932e-05,6.206886468455715e-05,0.01170539179479561,0.09282718088873888,0.00010870074085929107,3.5585663870573144e-05,0.00012841010695615986,7.341279107615228e-05,0.00011575352624695316,0.00013368124699080186,4.195700550662846e-05,0.00022572974862474431,2.476930431002775e-05,4.1543052617874215e-05,0.05821525617123043,7.835083389811374e-05,0.042721494957304554,0.0949911353411489,0.0013576791703896634,0.028175538358881033,6.0908047996020644e-05,0.0010968994841978018
Z_K_1870_STO_0099,3.526470137083792e-05,0.27401905204471366,0.0002728560018639486,0.040372861013641625,0.21822248565057528,0.04662522315938909,0.0030097932076411415,5.630129035284712e-05,4.0089615540527066e-05,6.165177585688522e-05,0.00010711928464249045,4.6483831535876236e-05,0.00010797029629900329,0.008675057716276715,0.0001275472198831682,7.291947361140259e-05,0.00011497568855318192,0.18060674981168667,4.167506385475e-05,0.06742196651821504,2.4602860149184425e-05,4.126389263641875e-05,0.027105089642396545,0.019277182511835914,0.0001958281165804256,0.028115030536351903,0.00038858796245354695,0.00014713571238355732,6.049875959573245e-05,0.08460673664011252
Z_K_1875_BAR_0100,0.012783213286343525,0.1606357472579719,0.009058271701274156,0.007684580153928874,0.004393191332474353,0.01258439190055418,0.019634539231270523,2.496025059557464e-05,1.777307134349181e-05,2.7332300297309885e-05,0.05069222064193438,2.060784178313727e-05,0.005154898558647106,1.5670305170438054e-05,5.654596104459879e-05,3.232764867787724e-05,0.003030074407140484,0.0021867970078584885,0.025979220451739195,0.060107023625691244,1.0907273187575635e-05,0.21919507098674293,0.290349823353548,0.008971807620680753,0.0030659190006155712,0.03076453307437446,0.018898056995203263,0.014535153359656437,0.010666470513927873,0.02942287088632244
Z_K_1875_FAL_0530,0.0066191921890449345,0.007949439933732427,0.0009237345727809292,0.00018352016918943346,0.017298220537991845,0.15459647125804626,0.0004397315923946482,0.058688858484877204,0.00013572053988662283,0.00020871769887158943,0.00036264471354809335,0.22115077349306567,0.000365525752937333,0.03586859647196468,0.00043180203427198527,0.0002468636875996789,0.006889048062428079,0.00044952718880883176,0.00014108796230430972,0.010508765877244869,8.329123183600599e-05,0.00013969597141127294,0.0007650669428055331,0.00026346874296789147,0.4718989009669333,0.0009342469267094283,0.0013155368877090692,0.0004981174813490544,0.0002048142443896298,0.0004386183828993193
Z_L_1867_HOR_0714,5.1616151569804994e-05,0.6258888894392024,0.058007795609450616,7.934426186274831e-05,0.025744906397666398,0.08229512695799251,0.00019011631675355464,8.240693451132735e-05,0.011299346056673527,9.023832000483544e-05,0.001561871565017201,0.05908154321997915,0.000158033698348987,5.1735931376496406e-05,0.05920019388132165,0.00010673059620544633,0.0001682873336937241,0.01846043655957029,6.0998855200484736e-05,0.0003281753805959126,3.601065397256317e-05,6.039703312057119e-05,0.03405277720392169,0.00011390973006958811,0.0002866292171526339,0.00040391818035425347,0.0005687674753653355,0.00021535923845937487,8.855067599298721e-05,0.021265887124594023
Z_L_1869_EMS_0214,2.994639874170893e-05,0.07454629779991105,0.00104690058258913,4.603355405904405e-05,0.055696262564984486,0.042039212352877185,0.0001103007267232514,4.7810440044541026e-05,3.404366308830332e-05,5.235401382050268e-05,0.025361986269413966,3.9473561383023794e-05,0.0009068814446491412,3.0015891986425846e-05,0.00010831170424078438,6.19224195276575e-05,9.763609732034755e-05,0.0001127578196905505,3.5390008457935536e-05,0.00997273013657378,2.0892479776483955e-05,3.5040846355986065e-05,0.20643605190637154,6.608757323976535e-05,0.00016629509498143085,0.004310314463765725,0.0011451788978520479,0.0547429607756914,5.137488502116714e-05,0.5226495356268616
Z_L_1872_SEY_0811,1.3492221631166384e-05,0.2881131323797033,0.001573523399776044,2.0740220525075988e-05,0.0008530822142742686,0.0005764731800763597,0.044490850928492205,0.0003888230649968446,1.5338226525528947e-05,2.3587876587095093e-05,4.098367696837064e-05,0.047397198261486764,4.1309272746416056e-05,0.02351958920223824,0.3026893948847887,2.7898880777326578e-05,4.398952527181518e-05,0.0353099010585735,1.594481666265526e-05,0.04048683388764981,9.413017237908349e-06,0.019114465860636604,0.0015555918468006104,2.9775472934411697e-05,7.492354246056133e-05,0.003043840540038193,0.0001486731691697306,5.629390195205664e-05,0.00039042901040722735,0.1899345064586113
Z_L_1872_SEY_0812,1.6460665598173052e-05,0.19870312257620404,0.00012736224123681615,0.0013695691132967007,0.07363112362107137,0.0002552153092784259,6.062910580623961e-05,0.0009224572140233204,1.8712812804864473e-05,2.87774807800561e-05,5.0000557358289996e-05,0.03273216540816635,5.039778795300557e-05,1.6498864016369624e-05,0.23440987458645826,0.011236252002737226,5.366772686635263e-05,0.29580045694593227,0.0394512498260818,0.09913223789416706,1.1483989313156067e-05,1.9260935484021802e-05,0.0005535741422207976,3.632641950297053e-05,9.140758368695753e-05,0.00012881165863057849,0.00018138297665304395,6.867920795998956e-05,2.823928211775901e-05,0.010814602064593889
Z_L_1873_RAM_0776,0.014889370904286619,0.0732101040281457,0.06246486059965421,0.00027579006935504855,0.0016505301269949622,0.030430344082749264,0.001079516657112287,0.0010595054586587035,1.0901766248082547e-05,1.676527050980308e-05,2.9129473707566925e-05,0.025856471083266008,0.02117431312602169,9.611957365308808e-06,0.5889607615374919,0.0002808781439502165,3.126590424774751e-05,0.030578817097741188,1.1332905002770834e-05,0.08464078024508061,0.0010508855486931878,1.122109319191285e-05,6.145408043298789e-05,0.004720041427622521,0.014671984910174565,0.00372972658186289,0.0016719633930254347,0.00030106013063172996,0.0002775005181234926,0.03684311187865163
Z_L_1873_SEY_0813,2.9656291086136564e-05,0.207835428316921,0.0002294616628334264,4.5587601056116434e-05,0.0010678022322649847,0.0012671046250977878,0.013833281237784727,4.734727334483744e-05,3.371386292198524e-05,5.184683095887481e-05,0.0073557563302439535,0.0008463881620477898,9.079896925903196e-05,2.972511111059495e-05,0.7274818624176778,6.132254212298255e-05,9.669024137495833e-05,0.006570041497639659,3.504716548462942e-05,0.03005854375768745,2.069008254069857e-05,3.470138591290287e-05,0.00019004759380883044,6.544734564176866e-05,0.00016468410059928987,0.00023207299977350102,0.0003267879006235087,0.00012373561510494547,5.087718753248606e-05,0.001723549659543299
Z_L_1876_GUD_0705,2.5784553613427642e-05,0.08875266537460906,0.017747040134572036,0.49558203941479034,0.00022649531672177788,0.0018035808944661439,9.497151982533867e-05,4.116591331207547e-05,2.9312394577690437e-05,4.5078037191588125e-05,0.006395435387169762,0.10110779233279032,7.8944831101888e-05,2.5844388931511436e-05,0.014131287350810805,5.331665954077685e-05,0.07027420910666461,0.0513358908900023,3.0471629605076933e-05,0.1236985882862547,0.009142707393428246,3.0170992823501126e-05,0.0001652361840337293,5.690295484540832e-05,0.00014318398780373864,0.001605577861865558,0.010812645862319033,0.006424694268895629,4.423498426763986e-05,9.473109316624955e-05
Z_M_1865_DIE_0525,2.6918188499431832e-05,0.051620119913588176,0.15555360364820917,4.137859433943475e-05,0.04420211211414639,0.09714180387682092,9.91470052599508e-05,4.2975799810187685e-05,0.1458500360923355,4.70599227932984e-05,8.176609991982864e-05,0.035940769959767256,0.030858376839738477,2.698065451669359e-05,9.735911475016192e-05,5.566076160152213e-05,8.776303603937138e-05,0.00010135563449196145,0.013221508969359011,0.003102189703322087,1.8779811011488226e-05,3.14974803990817e-05,0.008965632658042129,0.03449917077633943,0.04484789892746206,0.33141860901239256,0.0010293772451182516,0.000845072347349554,4.617980449216098e-05,9.889600808440616e-05
Z_M_1865_HOR_0716,5.852350611411322e-05,0.053283376086732115,0.037094438861346994,8.996223571539497e-05,0.1231838534423932,0.03276966002033799,0.025705381221608287,9.343476003236665e-05,0.006438986498570754,0.006474769963964037,0.1196613161603566,7.71422043388375e-05,0.0017722959688230985,5.865931504283143e-05,0.00021167088370252016,0.008086583215021976,0.00019080780923841516,0.04482755048796098,6.916181789437817e-05,0.0003720923259230673,4.082965629637076e-05,6.847945903765876e-05,0.29191489183302816,0.00012915330921502312,0.00032498638957671966,0.24420440588331846,0.002237994785558418,0.0002441789502974293,0.00010040066665714079,0.00021501228189672931
Z_M_1865_RAM_0773,8.061262211808733e-05,0.21164305329597227,0.0006237295912308469,0.00012391758789165503,0.0007081131460387547,0.001249862902742886,0.004685756175221695,0.00012870078201563797,9.164203588295184e-05,0.00014093161481214093,0.0024392861234035037,0.00668951572626979,0.0002468124883293933,0.019830570580504425,0.19559485386551345,0.002361107765555877,0.02440143518655159,0.178051470448551,0.16467669034005278,0.07731719944909662,5.6240404459243234e-05,9.432635056911905e-05,0.0005165930837293662,0.00017790094275538273,0.00044764927387273964,0.00721408476905969,0.0008882846971393757,0.00033634186938726545,0.00013829590089586824,0.0990450209803766
Z_M_1865_RAM_0774,8.096797745232913e-05,0.19273918345395422,0.011646941067222027,0.00012446383951710357,0.1219363162073084,0.02550038884290794,0.002502319462156626,0.00012926811884464412,0.002296138403050654,0.00014155286741217968,0.013470500908074806,0.00010672717128995962,0.000247900483385017,0.0221220797921405,0.2581716591041133,0.00016742357274252074,0.00026398490832077194,0.2802246042698188,9.568621027104978e-05,0.04459664206917836,5.6488322554442166e-05,9.474215855245442e-05,0.0027229627136402482,0.0001786851629843459,0.000449622594590519,0.005041793395631636,0.0008922004202254134,0.01356237887933535,0.00013890553478192557,0.00029747208854238356
Z_M_1865_SEY_0798,2.787831100830424e-05,0.221177601268065,0.019947032559871705,4.285449305422495e-05,0.0002448871900658322,0.0027089324978086947,0.00010268339744471386,4.4508667920366294e-05,3.1692619724447263e-05,4.873846409412171e-05,0.00843255199440366,0.0030723364211132794,0.006915430311897157,2.794300507405499e-05,0.34615796519101516,5.764607907842925e-05,9.089338288088188e-05,0.06612902916095814,3.294598695778075e-05,0.10338727249986052,1.944965249301587e-05,3.2620937867423754e-05,0.006249831473023195,6.15235887444516e-05,0.002431502481849391,0.0055304401123541505,0.00030719602464354646,0.00011631730854948531,4.782695358427714e-05,0.20652246796459456
Z_M_1866_BES_0654,0.001390281912196327,0.024736512904970462,0.0258605283619469,7.57265878424224e-05,0.0004327310857822868,0.022220103663756853,0.00018144802942171047,7.864961899691718e-05,5.600285478778368e-05,8.612393519293744e-05,0.00014963939319248933,0.013475127012637868,0.02294815428559556,0.00407243459289051,0.4762399853189026,0.000101864251796896,0.00016061433125144498,0.0001854900216212812,5.8217633615612684e-05,0.15721245652732857,3.4368760730719914e-05,5.7643251404093503e-05,0.00031569232583855163,0.00010871605554971008,0.0002735604576983819,0.0003855016714209094,0.0005428347201675514,0.00020554000889291474,8.451323872277513e-05,0.248269537185847
Z_M_1866_WK_0835,1.824267009097963e-05,0.18644573516581997,0.005107129611840336,0.035783093882724396,0.027473132696058368,0.0027658341697577985,6.719271274529047e-05,2.9125040782361225e-05,0.36998619980013914,3.1892883358151525e-05,0.0020418052730032197,0.02088115964961907,5.5853769305894306e-05,0.02186859411983437,0.005528558324156862,0.010466278363672346,5.9477706409656844e-05,0.0005652874527686997,0.012436507155623043,0.09645598614148074,0.0010059230959546396,2.1346092573416413e-05,0.14512350209175487,4.0259057729279855e-05,0.00010130321784799842,0.0041155400718588505,0.01956833864212284,7.611430567321219e-05,3.1296420196857364e-05,0.03184929041509725
Z_M_1867_SEY_0797,2.3827759257010535e-05,0.1598532895485908,0.0021302661553042924,3.662799167686789e-05,0.00020930654688070235,0.0010180728221402123,8.776411430648573e-05,3.804182483439572e-05,2.7087871743491517e-05,0.003933461043101915,7.23786797285957e-05,0.01430135628406718,0.005262025675391386,2.3883053662170405e-05,0.3347813242984687,4.927044877224629e-05,7.768711830124154e-05,0.13695149268820556,2.8159132218618567e-05,0.15387775429557432,1.66237343825474e-05,2.7881310815828786e-05,0.00015269638065994819,5.2584579488816263e-05,0.00013231772952119293,0.0008350962748748053,0.00026256228068252484,9.941709972010018e-05,4.087798344967571e-05,0.18559686527417837
Z_M_1867_SEY_0800,2.4220515501916018e-05,0.3827028975373858,0.00018740306215669973,3.723173591963396e-05,0.00021275657558463142,0.0016941793784100245,8.921074231714641e-05,3.866887348425622e-05,2.7534364872522313e-05,4.23436959570334e-05,0.001392222750322327,3.1926042715171636e-05,7.415619964441337e-05,0.0006836022427448643,0.6040297796435151,5.008258038042099e-05,7.896764579576652e-05,9.119802829491672e-05,2.8623283081932658e-05,0.00015399398543537173,1.6897745691037287e-05,2.8340882310611528e-05,0.00015521329617985865,5.3451338371059254e-05,0.0027718008265713123,0.004804814410521195,0.0002668901309978812,0.00010105580549785695,4.1551780893481906e-05,8.898489944583491e-05
Z_M_1867_SEY_0804,2.4220515501916018e-05,0.37874694440891093,0.00018740306215669973,3.723173591963396e-05,0.012080615961009192,0.0023535048998225,8.921074231714641e-05,3.866887348425622e-05,2.7534364872522313e-05,4.23436959570334e-05,7.357170749737578e-05,3.1926042715171636e-05,7.415619964441337e-05,2.4276721332388724e-05,0.6020518030792776,5.008258038042099e-05,7.896764579576652e-05,0.0007505235497073922,2.8623283081932658e-05,0.00015399398543537173,1.6897745691037287e-05,2.8340882310611528e-05,0.00015521329617985865,5.3451338371059254e-05,0.00013449874092140982,0.000189535760633866,0.0002668901309978812,0.002079032369735284,4.1551780893481906e-05,8.898489944583491e-05
Z_M_1867_STA_0300,3.831775828964976e-05,0.0046375796376947965,0.17553350698916648,0.002145057093476136,0.00033658883260104835,0.33124968309802955,0.0001411347194768926,6.117559914798522e-05,4.35603915102827e-05,0.007368532153595886,0.010547168681089304,5.050818954733666e-05,0.007418860720169342,3.8406678008404375e-05,0.00013858967613551414,0.001122310058638888,0.0001249297589915248,0.00014427867996537143,4.528310070456401e-05,0.017975942570673167,2.6732863508950373e-05,4.483633215847598e-05,0.0023317083193069577,8.456200958226953e-05,0.3329545203949533,0.010730628135452306,0.034843789277076535,0.059615294387289124,6.573646612331495e-05,0.0001407774276366892
Z_M_1868_JEE_0166,0.0038748901500163272,0.14088881314016977,0.12015467409747951,1.28435895514739e-05,0.008943679327374231,0.14864997453996753,3.077444899096171e-05,1.3339349540985414e-05,9.498350593873528e-06,0.014343530691322008,2.5379552963553563e-05,1.1013319108235637e-05,0.007986094327079137,8.374582509978675e-06,0.0382406826010594,0.00047216312716918203,2.7240954669324215e-05,0.009811518997628011,9.873987619420251e-06,0.013472273033876492,5.829105322119059e-06,9.776569663843393e-06,0.10354021381394513,1.8438760215120854e-05,0.009826456162563363,0.1065088158365919,0.009872126358494103,0.07281669503797165,0.17400840688830116,0.016406609298242156
Z_M_1869_BCH_0198,1.5353061004121653e-05,0.07039994553628934,0.022269486916966945,2.360069969684453e-05,0.015598556020470899,0.1924893541969999,0.04519381400775685,2.451168198783726e-05,1.745366582161052e-05,2.6841102829412743e-05,0.018853829668041656,2.0237491699441674e-05,4.700662365689274e-05,1.5388689128715717e-05,5.5529755581363376e-05,3.17466782143263e-05,0.0004679941694130186,5.780921102842363e-05,1.8143916518225685e-05,0.32149165555069603,1.0711255109582879e-05,1.796490644433352e-05,0.09329848009560368,3.388208887205157e-05,0.023071826843662387,0.07409510546650654,0.006856180236072712,0.06609820415290303,0.049342979972788435,5.640633823542934e-05
Z_M_1871_HLS_0175,4.2631111117686543e-05,0.09915969231068947,0.4598857488415531,6.553247270763974e-05,0.0015349726465519584,0.1608092433049408,0.00015702197041647247,6.806201305553061e-05,4.846389699437099e-05,7.453015636000911e-05,0.0001294953295767154,5.619379465440446e-05,0.00013052410824436199,4.2730040349979474e-05,0.0001541904366752374,8.815155272352875e-05,0.00013899285018748348,0.00016051984020104597,5.038052809083846e-05,0.007234016637138106,2.974212807881951e-05,4.9883467709899866e-05,0.028125067148466864,9.408098458125007e-05,0.05013800602278694,0.053716362065385506,0.0016302544177361896,0.0013383654380421418,0.13469052002602977,0.00015662445895387554
Z_M_1872_LAN_0158,0.00020789463717182574,0.013842863004282596,0.10913453317680664,0.0003195752885473152,0.0018261771135130497,0.3484382885900608,0.0007657324595087679,0.00033191083080856527,0.0002363387680364136,0.023000500855240583,0.0006314961973071412,0.005933296221849858,0.0006365131335828595,0.00020837707491069797,0.0007519242179607397,0.00042987936718327747,0.0006778117530044078,0.023419837664766897,0.00024568540048266563,0.012640317412271998,0.00014504029483526388,0.00024326143861916994,0.0013322595008765277,0.00045879480129647904,0.21054714745732206,0.024263910830067147,0.0022908276640171547,0.10273411731308232,0.11354189357524508,0.0007637939573416512
Z_M_1872_LIN_0322,3.0217361958555233e-05,0.009415185066424943,0.09236168214653252,4.645007826278191e-05,0.0027331448100420723,0.26862644108431283,0.0034015801604555798,4.824304199928835e-05,3.4351699475022185e-05,5.282772727506445e-05,0.0412203051288514,3.983072897652902e-05,0.0025602278575913248,3.028748399718156e-05,0.005867284192665715,6.24827105374326e-05,0.0009210898861048091,0.009984622290973556,3.571022694626495e-05,0.03391750629844133,2.1081520655053695e-05,0.004148209658717882,0.02158047224325101,0.018163233265727684,0.00016779977854190087,0.17462137795142219,0.08423514620453038,0.22551035265851208,5.183973905021123e-05,0.00011101699776735651
Z_M_1872_RIC_0127,3.483003703913547e-05,0.10376969754456893,0.3302206720734539,5.354067468174144e-05,0.0372832395029167,0.154137986999849,0.00012828849406401678,5.560733402275203e-05,3.95954804629636e-05,6.089187071351534e-05,0.00010579895778697718,0.0019421820278700862,0.00010663948007597604,3.491086319483908e-05,0.002970381820649394,7.20206855022367e-05,0.001061694098028982,0.00013114628807784026,4.116138691790057e-05,0.0030658560180346008,2.4299611139579666e-05,4.075528369832966e-05,0.02582286317398228,7.68650896430376e-05,0.14336188583317078,0.001220695318909427,0.0003837983195403316,0.0020415932975450485,0.1915831387111698,0.0001279637232897456
Z_M_1874_HEI_0179,7.657948281045977e-05,0.019691526338851444,0.3445564342115285,0.00011771785289357845,0.0006726854563234499,0.4222825425197289,0.002366692811998726,0.00012226173848583805,8.705708271508287e-05,0.00013388064908925892,0.0002326161600146688,0.00010094251871390113,0.00023446418452609477,7.675719221669399e-05,0.019038644532221805,0.00015834915252082554,0.00024967682761834663,0.00028834637477496804,9.049998190907151e-05,0.0025715219475464612,5.342663435796584e-05,8.960709814648866e-05,0.0004907473561336878,0.0001690003603622224,0.06504877546195958,0.050630381043315034,0.005013102345259191,0.00031951431089103396,0.05433175057969688,0.010704497793389793
Z_M_1874_NOE_0325,0.0005645852067059971,0.05139642998849667,0.3834167482164681,1.049871040814134e-05,0.008612243737732669,0.3064995459937731,2.515589793891749e-05,1.0903958531414423e-05,7.764218238244137e-06,1.1940195386614937e-05,0.0031813601021727566,9.00259600218589e-06,0.002251932523750448,6.8456186807419265e-06,2.470226859255159e-05,1.4122427948067336e-05,2.2267520553217965e-05,2.5716278470832686e-05,0.0005658267115855097,0.000601179097531606,4.764874217617808e-06,7.991642311080598e-06,0.00487764794003289,1.5072359873217578e-05,0.08463083429699703,0.06010511455918549,0.010114856303379804,0.08294813765197626,1.1716888932733274e-05,2.5092214126033758e-05
Z_M_1876_BRU_0199,6.403206656109533e-05,0.0007775027818536462,0.04232904214647983,9.842998562117853e-05,0.0005624671038924887,0.30080027282968336,0.00023584750661332352,0.00010222936339198045,7.279292978282651e-05,0.0001119445355219239,0.00019450240318430597,8.44032610292099e-05,0.00019604763206519364,6.418065858745683e-05,0.00023159453379053608,0.00013240391684548727,0.012410235085028512,0.00024110131832490552,7.567171587881345e-05,0.009122449580831169,4.4672772416233976e-05,7.492512958156025e-05,0.0021534060156788264,0.00014130994264282038,0.12411331645033107,0.003987211493413549,0.17152612388494107,0.2896162459112892,0.040200386601625664,0.00023525044311287807
Z_R_1865_BLI_0296,0.00013983663387981852,0.06260358314704952,0.023921579316393566,0.00021495663971694083,0.12303960799603389,0.1506255809607273,0.0005150563335682421,0.00022325392304450335,0.05345139637645835,0.00024447043285241477,0.0004247646968707078,0.00018432433223973839,0.0004281392499170481,0.003946763087291612,0.0005057684652319376,0.0002891507183593798,0.00045591803248862494,0.0005265298871210548,0.00016525591936513434,0.0008890810172606228,9.755877728551804e-05,0.00016362548448593093,0.02373573238348149,0.004115202121592832,0.11497458414262626,0.06580651385855968,0.3403284580966473,0.0005834435552668598,0.026886111979655406,0.0005137524345282957
Z_R_1865_HJ_0297,5.619582110070821e-05,0.09246736550155482,0.011143059373460443,8.638412220594761e-05,0.21771816437676494,0.2639883300166902,0.004796235160709357,8.971853205664758e-05,6.388452972338613e-05,0.0016279949866488846,0.061360708211684975,7.407398842247708e-05,0.00017205531931788133,0.026062080060278818,0.00020325199056908685,0.013883952351739079,0.00018321871371944736,0.0002115953346407117,6.641100992503528e-05,0.0003572929096173298,3.9205717722386035e-05,6.575579087230253e-05,0.00036012192324662014,0.0490760236422018,0.04926406775439406,0.0004397560281458422,0.17654050758275192,0.00023446709738677077,0.029161661662805555,0.00020646048964263644
Z_R_1865_JEN_0595,7.973773215072995e-05,0.011821221842609744,0.14170615045857748,0.0001225727084971264,0.009382839689163905,0.2595380463598095,0.000293695742160801,0.00012730399054529493,9.064744352662393e-05,0.000139402081934498,0.00024220958904997388,0.002275708461482711,0.00024413382878223726,7.992277055155123e-05,0.0024590025344792344,0.0001648797020639589,0.00025997386341915105,0.01766506160990813,9.423233289485994e-05,0.015701192813963174,5.5630026526747305e-05,9.330262530622574e-05,0.02221701575508319,0.00017597018122064308,0.05904906994160911,0.0288418194651561,0.3481751123487279,0.02855052958890282,0.00013679497345992395,0.05021681953843662
Z_R_1865_KPK_0293,5.7787015706140985e-05,0.006993934387710194,0.016177773188950268,8.883010389207368e-05,0.2632095270107445,0.18966380681789513,0.00021284528675822863,9.225892814695554e-05,6.569343147222418e-05,0.004820222699143479,0.0017485979468376896,7.617140649506843e-05,0.00017692709609010786,5.7921115544273907e-05,0.0002090071066008896,0.01585014428953428,0.04108810629169027,0.00021758669393434434,0.0032144221961544423,0.00036740972149420636,0.015770969568284048,6.761767771126279e-05,0.03812388780011049,0.00012752797642636102,0.000320896590886633,0.017755926904906273,0.36086873581791307,0.022264021301914717,9.913717215968501e-05,0.00021230645489271505
Z_R_1865_KPK_0295,0.00024539029098703526,0.08313914974751108,0.00857863547506424,0.00037721354487887265,0.23595415431808373,0.1975235156430769,0.0009038391447383605,0.00039177391231379194,0.00027896457479102585,0.020468886242198378,0.0007453921742403006,0.00032345888390859106,0.0007513139597625717,0.0002459597406791268,0.0008875404635526145,0.0005074119488481109,0.000800061153894571,0.0009239733439597162,0.000289996955842005,0.0015601909419826253,0.00017119960687131286,0.00028713581081625305,0.0015725443957466294,0.0005415425396492121,0.16836168180293945,0.04200004433024711,0.16970300592679938,0.0611434900050402,0.00042098210517750736,0.000901551016399222
Z_R_1865_ON_0294,6.658545003507797e-05,0.006246230203966986,0.16727204178187186,0.00010235504242673491,0.024148363712744415,0.17503952105913026,0.00024525231201956297,0.04179551732534539,7.569566701922204e-05,0.00011640850712795687,0.04732919312957205,8.776897923005226e-05,0.005641588578244395,6.673996741173431e-05,0.00024082974494339248,0.00013768373977360199,0.02921828320224369,0.0020632900367144385,7.868924942333079e-05,0.00042335014802217244,4.645417234521744e-05,7.791289177532024e-05,0.004051851014299203,0.00014694490792867984,0.06924758263090992,0.029522249799711138,0.39587493789832234,0.00027781598154671033,0.00011423142626062512,0.00024463143963465023
Z_R_1865_ON_0596,0.0004789384462779512,0.018853017382112407,0.05585594966287168,0.0007362233785721802,0.05635729210242051,0.05957595414230865,0.0017640604847281968,0.0007646414538288119,0.0005444667736428989,0.0008373076927170788,0.040567482622372524,0.0006313081690023569,0.0014663707317362135,0.00048004986494764175,0.00173224967015977,0.0009903370236315542,0.0015615126598217991,0.0018033572395155992,0.0005659991310073614,0.01608264617268129,0.0003341373996034531,0.0005604149151539236,0.055219426608613016,0.0010569511185212807,0.0026595890578028736,0.003747895568321509,0.3312164212380081,0.3279371997784875,0.0008216482997495157,0.014797151211382241
Z_R_1865_PAS_0291,2.941879404341165e-05,0.060419608027919826,0.2180539039334039,4.5222520999264274e-05,0.056316652810734155,0.12138174394146414,0.00010835741520366829,0.06731684865022082,3.3443871549175045e-05,5.143162499155991e-05,8.936188456088821e-05,3.877810425564631e-05,9.007182213807685e-05,2.9487062935152807e-05,0.0001064034359200787,6.0831451636843146e-05,0.13543650892426404,0.0009116031296619326,3.4766496599423433e-05,0.00018704462921480562,2.052438975723896e-05,3.4423486140850014e-05,0.00018852563203095718,6.492322241277253e-05,0.23160378762260894,0.00023021448513381055,0.06919571525037717,0.0001227447008135454,0.0376895695777393,0.00010808310126857636
Z_R_1865_RUD_0597,0.00014594785308382052,0.037528798675907624,0.10045325760009806,0.00022435079565604127,0.14828155517549665,0.2565323100247238,0.0005375656150741907,0.05982741382834675,0.0001659164289403046,0.028065875881024816,0.00044332800249868317,0.00019237977785291336,0.004419810241281207,0.00014628653787719892,0.0005278718430932816,0.00030178734564266746,0.00047584281870730565,0.0005495405923159514,0.0001724780264766884,0.0803871403182363,0.00010182234582778298,0.00017077633741559997,0.0009352834519860451,0.08772721139024046,0.04848598430488868,0.02100690462077402,0.10490519056454249,0.0006089415335896392,0.016142223336095784,0.0005362047323052179
Z_R_1865_WIL_0292,4.166409196995698e-05,0.05834860794826794,0.06837261279687867,6.404597249113325e-05,0.013976031990434864,0.08457461547245008,0.00015346017603612476,6.65181342277885e-05,4.736457034914764e-05,7.283955795912656e-05,0.00012655793338977242,5.491912753948031e-05,0.00012756337584486654,4.176077714950558e-05,0.023968277693486004,8.615197454808731e-05,0.2133599327130299,0.00923024434879706,4.923772570874535e-05,0.0013990709129039023,0.10323860170520517,4.875194035426851e-05,0.06491472789552995,9.19469066475043e-05,0.0013655352245184817,0.01733859969922863,0.15810883208560328,0.004710518858048757,0.16452622965165473,0.011494778739747162
Z_R_1866_GS_0182,0.00017434756685664232,0.002116997397095021,0.0013489914327347826,0.0002680067881678128,0.025261749419053053,0.06440184384157162,0.08132503550246216,0.00027835179662192064,0.00019820178972192022,0.0003048044275210495,0.0005295943511458847,0.00022981459111847042,0.0005338017258268554,0.00017475215567661594,0.0006305894160881459,0.0003605115684072812,0.0005684361632930529,0.10506959537994034,0.0002060401959813397,0.0011085014548550944,0.00012163576148334278,0.11410922999755481,0.0011172784712454615,0.005130811984788129,0.000968168007120851,0.0013643433268884554,0.41008154763264604,0.15734711540390747,0.014537256779020315,0.010132645671206057
Z_R_1866_G_0188,4.459782144210729e-05,0.06367119060721477,0.06590280002467752,6.855569652892703e-05,0.02831449078226256,0.16944192315481246,0.0001642658991408834,7.120193271203793e-05,5.069969249867698e-05,7.796847227885248e-05,0.000135469365790309,0.003700882319115254,0.00013654560532806097,4.470131459819757e-05,0.022013880481073528,9.221826748441043e-05,0.00014540503758578427,0.00016792513691325835,5.270474395451821e-05,0.003925648976654405,3.111422814445891e-05,5.218475257888061e-05,0.005141926164343186,9.84212431120874e-05,0.184780526065054,0.003991092907602637,0.14738930825572336,0.17379265840686697,0.12633584259531244,0.00016385004919549615
Z_R_1866_HAN_0181,3.5955014573936015e-05,0.06405594512117013,0.05117368925378065,5.5269988266660864e-05,0.13342712102821574,0.059283034275076064,0.06375179714717442,0.06074049006666363,0.001998393302122479,0.0010416180834221804,0.002066735089682325,4.739376133514963e-05,0.00011008383528218747,3.603845133867483e-05,0.05787685226159132,0.0010531063484926285,0.0001172263594154961,0.052009633696629747,4.249086111661709e-05,0.019803791152989837,0.011770198014417912,4.207164114387379e-05,0.0031666903420865915,7.934775995894014e-05,0.00019966148902250984,0.00028136317062837094,0.25193737647841585,0.0001500159217985619,0.16351451325263242,0.00013209683155513866
Z_R_1866_HOL_0299,0.00022859335139902075,0.002775671256157353,0.02665958189040597,0.0003513933174378205,0.05178973929628033,0.05332598001455383,0.0008419714504201081,0.00036495702925445965,0.0002598694790106937,0.09374040557595069,0.08781241800790358,0.0003013181573526808,0.0006998865983009456,0.012674559229395236,0.0008267884122459096,0.00047267965436018956,0.0007452970521257921,0.0008607274658241096,0.00027014669474001375,0.0014533960362313047,0.0001594810118016277,0.00026748139479010726,0.007687621600923304,0.0440634979345782,0.013714835224091948,0.014234274902660684,0.5625635037641896,0.013399200625460628,0.006614883627928943,0.0008398399442249327
Z_R_1866_JEE_0167,1.1370685917585625e-05,0.12302159635249017,0.05766061492932349,1.7478999374524404e-05,0.09141132018203621,0.13265526569303637,0.012423093313796128,1.815368525668042e-05,1.292642243229243e-05,0.0006389394853694266,3.453934654309738e-05,1.4988161762160744e-05,0.014273207529931138,1.1397072591518789e-05,0.0006601866920178946,0.0021902241196005484,3.707255107447157e-05,4.281428840614693e-05,1.3437631491743095e-05,0.02112035517403959,7.932901302320393e-06,0.00589438074789327,0.13905197177147507,0.0006441541354525244,0.006253748453699859,0.0688047069448157,0.033864098256910606,0.0003569724701033066,0.18728533840891798,0.10156771359293824
Z_R_1866_MAR_0298,0.00025040844641579857,0.13255526340324658,0.0019375025128804638,0.00038492744501087496,0.022649314875690794,0.003882471745555128,0.02137201257520058,0.02084947576741076,0.00028466931392226636,0.0004377784246278686,0.007577198613268232,0.0003300735178769471,0.0007666780974826228,0.08886631374101181,0.0009056903910721959,0.0005177883660058136,0.028082675756581705,0.000942868312596715,0.000295927303747906,0.06975773036327138,0.00017470058579418642,0.09572489524901413,0.001604702441465334,0.000552616916815139,0.0013905410376730803,0.0564920590251598,0.4322027890235199,0.0010447848335025588,0.00042959105880811506,0.007736550855371288
Z_R_1866_PET_0137,0.0003202686580114407,0.003888829236939275,0.0024780367378808626,0.0004923164454313218,0.028968134996816934,0.18804955882824217,0.0011796365242456018,0.0005113197618208095,0.000364087795167798,0.0005599120579547844,0.0009728410621950146,0.0004221590929885488,0.000980569820715251,0.00032101186952138925,0.0011583644652341434,0.07912678737476839,0.39336691072027963,0.0012059144708539264,0.00037848659578723496,0.0020362674383754683,0.00022343943651649377,0.00037475240127575737,0.002052390423693632,0.0007067887720086038,0.0017784811911092794,0.011224520122924159,0.18661303234352883,0.05364596004247222,0.0354225711165701,0.0011766501966709196
Z_R_1866_R_0130,2.6301462564202437e-05,0.007479088829324858,0.06320909314169336,4.043056426330224e-05,0.16920057012330955,0.13071480615998735,9.687543599943286e-05,4.199117596260861e-05,2.9900026977809254e-05,4.5981727100555816e-05,0.0007958653492761235,3.466902334220707e-05,8.052745651498492e-05,2.6362497414841795e-05,9.512850806952784e-05,0.0014863307161341556,0.05879550569555022,0.0015309786681584623,3.108250145974251e-05,0.0008831972449307291,1.8349544446197778e-05,3.0775837742596725e-05,0.0016004939173974806,0.0007740163041840864,0.13045306809498167,0.020969025524054722,0.16066768342520754,0.1662153819800876,0.0845298888744129,9.663018945112047e-05
Z_R_1866_ZAC_0108,3.0722795166407195e-05,0.026299251774245424,0.04456315811076934,4.7227029344531966e-05,0.0011062026996169203,0.2471934401086577,0.00011316040579879507,0.2400755136640669,3.492628602181077e-05,5.3711354631310376e-05,9.33228898165232e-05,4.0496960964129424e-05,0.02602026768978895,3.0794090107121156e-05,0.00011111981551489218,6.352783277098611e-05,0.08206042332165299,0.00011568120185812258,3.6307537015334765e-05,0.0010316646072934756,0.018420675260847678,3.5949322465712645e-05,0.00019688211447272704,0.0009041301148504519,0.049514025858395316,0.006931051978480981,0.1400055065685587,0.0026371728394738087,0.11212081183457628,0.00011287393277659422
Z_R_1867_KOL_0302,0.0004551996799790518,0.0179185604030556,0.0035220478240471703,0.0006997321867216759,0.02878123125671617,0.10618842975368444,0.026459314377545878,0.12464019281861172,0.0005174800708683141,0.0007958062183790884,0.001382704579746396,0.0006000171394285155,0.013785034619480645,0.00045625601075954684,0.0016463900562347614,0.0009412505922877371,0.05104949613450802,0.0017139731518630392,0.0005379451687481565,0.0028941585856558133,0.00031757575227162667,0.012923982847612476,0.015308419388068538,0.001004562934221339,0.014919110625263372,0.0035621296986142535,0.5502351104178883,0.014290585047384688,0.0007809229891814804,0.0016723796711720625
Z_R_1867_MAR_0303,0.0002854302015936103,0.01900564262597814,0.0022084787504384534,0.0004387628284947322,0.0025072609315306923,0.14428399036841563,0.00105131701932126,0.1403142208493257,0.00032448274338728875,0.0004990054679999888,0.0008670165298876846,0.0003762371121934533,0.0008739045629415485,0.00028609256740994856,0.0010323589104333935,0.0005902054815134265,0.22625822431029685,0.0010747364811082836,0.00033731525902909497,0.001814764607447951,0.0390487233579784,0.00033398726590351497,0.001829133752959186,0.04724941238974124,0.0015850200517923674,0.0022336118470576314,0.36056142825951343,0.001190906895981474,0.0004896730292987299,0.001048655541026885
Z_R_1867_MLL_0301,5.7157626920016404e-05,0.0006940306056195076,0.001998181932929227,0.06854888340821973,0.06273937264966219,0.1424760420916136,0.001766459367678453,9.125408762896014e-05,6.497792975292935e-05,0.0016558585363095856,0.0001736207558699945,7.534178363800438e-05,0.0017309323809191716,5.729026620627083e-05,0.00020673070025757038,0.014121579739422751,0.2009016200752052,0.00021521684279220192,6.754765130798729e-05,0.0330379861779024,0.04671784546066628,6.688121801395517e-05,0.0019222177927687345,0.00012613900215075429,0.08589367753695829,0.00044728256479326556,0.2884773037863419,0.012685938388815805,0.03277263552602379,0.00020999411361157254
Z_R_1868_BM_0204,0.013126702495434578,0.024618237814274066,0.005953155172557692,0.00014717021157481682,0.05035864799497684,0.03797109160887063,0.010777404271976466,0.00015285095232523774,0.00010883828550498463,0.0001673768503920348,0.0002908154425482877,0.0001261977811424228,0.00029312583261790516,9.596141911144181e-05,0.018589623275103537,0.005410352537725042,0.00031214459525642253,0.013391452297855228,0.00011314257912192772,0.0006087099314061671,6.679368412623443e-05,0.00011202630075784787,0.00582591494181526,0.00021128332006882297,0.06568646504988841,0.06851020892649447,0.5978730843947361,0.03688615212574786,0.041863328948104954,0.0003517409584843251
Z_R_1868_GRO_0184,0.00013878007288760212,0.005462963240420987,0.0010737926128537277,0.000213332495926852,0.0843315551689031,0.19859942837112105,0.0005111647322350042,0.0002215670876287508,0.00015776795351941174,0.00024262329225745375,0.00042155531033777734,0.00018293163639203786,0.0004249043663379145,0.0001391021242183879,0.0005019470400686539,0.00028696598778189445,0.29134619024886593,0.0005225515952776862,0.00016400729836154156,0.0008823634047459726,0.015208183575721899,0.0001623891825281126,0.0008893498800742597,0.0003062684869150977,0.03477122277873311,0.001086012668619469,0.2810894376400448,0.0005790352419046774,0.07579489533991857,0.004287711165398326
Z_R_1868_KOL_0304,0.0001664478663280731,0.1107652450591049,0.11003203749905846,0.00025586338172790384,0.20988842641973152,0.03429774952235879,0.0006130727362536071,0.0002657396571206541,0.022844256453324212,0.0002909937174514438,0.0005055983938113358,0.00021940167581564735,0.01863364329256791,0.00016683412320013012,0.0006020173652508796,0.00034417676386226545,0.005073687320845253,0.005157736773516841,0.00019670450019592826,0.06902338077784044,0.0001161244365672172,0.0001947637898162468,0.005597661545185127,0.00036732749241191287,0.05529638472811373,0.005833531874825252,0.23744648447473005,0.10037662908608934,0.004816558570661878,0.0006115207022330169
Z_R_1868_ON_0115,7.578951739294774e-05,0.009172768405587818,0.017091415423743175,0.2683228180768741,0.07700138965780022,0.17035137352699187,0.00027915339398735275,0.006310377021724637,8.615903428003904e-05,0.006321876075974515,0.00023021657836143605,9.990123329365472e-05,0.00023204553934042272,7.596539361514702e-05,0.0002741194980812003,0.000156715681651175,0.06833024264214635,0.0002853719009867215,8.956641780848104e-05,0.00048186958847511624,5.2875505100259644e-05,8.868274470217859e-05,0.010801312472200288,0.0001672570156002362,0.010736493614570145,0.010908712457824047,0.23396831917110372,0.012694971299861281,0.08678129242575684,0.008530948685164647
Z_R_1868_ROT_0124,0.00012994375114892245,0.01926432904422935,0.0010054227322911368,0.017886249728900044,0.10726044752120331,0.20717812492735518,0.0004786181573448707,0.00020745960063690057,0.00014772264680971105,0.0002271751272069792,0.00039471429292593015,0.00017128412272736094,0.00039785010983689326,0.00013024529702012762,0.00046998736855719165,0.0002686944611618406,0.07824426546728215,0.000489280002859129,0.00015356472382140613,0.025587282666907435,9.065688386691134e-05,0.0001520496356908536,0.0008327237268011094,0.0002867679431231066,0.004258889633977082,0.0010168647199800718,0.39407218225199164,0.07482546898682162,0.06389432796357317,0.00047740650394855307
Z_R_1869_BEL_0306,8.338125498590726e-06,0.06388223423949399,0.09267178803001136,1.2817352570540367e-05,0.016642681852049743,0.30155687300449024,3.071158271606404e-05,1.3312099817832091e-05,9.478947292138237e-06,1.4577189776823001e-05,2.5327707422668154e-05,1.0990821017472176e-05,0.035207213473042266,8.357474850102127e-06,3.01577692434868e-05,1.724136880869332e-05,2.718530664309246e-05,3.139572339353755e-05,9.853816963555672e-06,0.009586115403719734,5.8171975821073545e-06,9.756598014108122e-06,0.0005073907624116175,1.8401093377648098e-05,0.012757104534235765,0.1133275757396671,0.0532048740136652,0.28602783794223585,0.014086978385673504,0.0002576124443150785
Z_R_1869_GRO_0183,3.519712514957986e-05,0.024380586570065452,0.17560982373947057,5.4104961911145045e-05,0.000309176731463702,0.2448684485959718,0.0020458973072244205,5.6193402626420934e-05,4.001279354502996e-05,6.153363522661456e-05,0.00010691401659261007,4.639475658095862e-05,0.0039402768532246805,3.5278803165439074e-05,0.004917944626330409,0.0010309081051125947,0.00011475536561645085,0.004923170312506053,4.159520373325409e-05,0.003098168337751354,2.4555714752898802e-05,4.118482042453626e-05,0.04142507479100628,7.767520249145339e-05,0.10654770125620779,0.028061154919932458,0.10194944990506394,0.19081439818527018,0.06329685484802473,0.002045569113557153
Z_R_1869_JEN_0600,8.879661521396255e-05,0.03250182768047625,0.01519026320165625,0.00013649800839053453,0.015283213583988285,0.3011097801826492,0.0027442639104373464,0.024313785199536374,0.00010094576238696475,0.00015523934147216128,0.0026869284933980567,0.00011704641588075878,0.0002718695035633677,8.900267554743773e-05,0.00032116425108712747,0.00018361143546308045,0.009958316458682894,0.00033434780635181657,0.0001049379256104452,0.005398972367489137,6.19500696420658e-05,0.00010390259534981781,0.015072249930508205,0.00019596188717084875,0.06334034356489351,0.0006948710073887454,0.4022339709221712,0.10672736906851658,0.0001523360433497592,0.00032623409172772894
Z_R_1869_ON_0599,0.00040059646099637565,0.026674098019132488,0.16667378780591705,0.0006157962098278679,0.1998079685898418,0.2897397272682828,0.0014755056576843447,0.0006395658204419395,0.0004554060429821485,0.0007003457356038622,0.001216843037489345,0.0005280424243780087,0.0012265102753961892,0.0004015260802182682,0.001448898272462804,0.0008283434122769206,0.0013060894363085252,0.001508374476253443,0.0004734162616733975,0.0025469914368774376,0.00027948113334378875,0.00046874547960168883,0.00256715828960432,0.0008840611582058292,0.13308392902024432,0.0031348364544997605,0.14617857156938263,0.0016714176889578221,0.0006872478157085011,0.012376718666406319
Z_R_1869_PRH_0131,0.00041414515558777366,0.005028714952585111,0.0032043938259023407,0.0006366232404929583,0.04873298372191478,0.06278997629468248,0.012799177101778515,0.0006611967703277976,0.00047080846909468976,0.0007240323414627456,0.001257998255485046,0.0005459015076095595,0.0012679924519816304,0.0004151062157437483,0.0014979019010489794,0.000856359066438773,0.0013502630838679215,0.012833157586644578,0.0004894278168630282,0.11537081319843327,0.0002889335496490018,0.0004845990628520888,0.013927750848959948,0.01218772917822764,0.013573553899280527,0.014514628629506619,0.6246207740413269,0.0017279472143211395,0.023258027270940482,0.02406908334698988
Z_R_1869_RCK_0305,0.0001409094059185717,0.020890001535597145,0.001090268047917178,0.0002166057031006523,0.12014771509902061,0.31288491956074715,0.0005190076445924307,0.00022496663994521146,0.00016018862175849987,0.0002463459145297795,0.0004280233257236019,0.00018573839652462806,0.00043142376702290543,0.00014123639855340815,0.0005096485233578379,0.0002913689697362539,0.0579964863622541,0.0005305692187668437,0.0001665236982340517,0.0008959016995742658,9.83072101210567e-05,0.0001648807552952584,0.0009029953699225369,0.0003109676313380983,0.20408013266009084,0.001102675598672948,0.2662232308312381,0.008259528933637654,0.00024173873426005396,0.0005176937425483172
Z_R_1870_BUR_0601,0.0001182333951896336,0.0046541601994564,0.0363185723477946,0.00018174817733478569,0.020349719717234555,0.0919518103576112,0.12595789676934546,0.022718427139962413,0.00013441008070249222,0.00020670241050326014,0.0003591431721023954,0.00015584822812237016,0.05507689351173895,0.0001185077661527832,0.0004276327394695132,0.00024448007796392594,0.0840670910137142,0.06159713058566254,0.00013972567759687774,0.0007517276721615055,8.248700750998852e-05,0.00013834712716945903,0.0490355301838457,0.006697971521859299,0.010312130952102498,0.010580796319741256,0.41649234805638735,0.0004933078730999628,0.00020283664609960404,0.0004343832723649883
Z_R_1870_HOL_0176,0.00012016719988932227,0.0014591178642089577,0.0009297779491222534,0.000184720818684771,0.0010555663831359667,0.15233672741461207,0.00044260846155199746,0.0001918510053640246,0.0001366084684366102,0.00021008319891948612,0.0036361822190685202,0.0001583972544401699,0.02980840182042907,0.00012044605841588106,0.0004346270256439103,0.00024847875129127653,0.0003917885594292326,0.32429779959559574,0.00014201100630261822,0.0007640227982803179,8.383615055481294e-05,0.00014060990854590199,0.0007700722631626144,0.0002651924424101859,0.0006672994670112064,0.027109678791599562,0.33171180494398256,0.07573817050588072,0.023104308955853897,0.02333964271817632
Z_R_1870_JAC_0312,5.5265848710958913e-05,0.014210972385702547,0.11626908588786473,8.495457020384601e-05,0.04712293975227607,0.20545999469700263,0.0017079938658892367,8.823379963300358e-05,0.006080566208525603,0.013636531432512252,0.0001678743318091327,0.001577282876628706,0.0001692080133556038,5.5394097959961586e-05,0.006217627307651209,0.00011427734930496537,0.00018018666717742576,0.00020809368958666082,6.531198860288094e-05,0.00035138014716472955,3.855691084870794e-05,6.466761262737964e-05,0.004867466511530158,0.11897230718506722,0.18384793246326034,0.004945782768991828,0.272911668902134,0.00023058695251828326,9.481195544118056e-05,0.00020304382001879226
Z_R_1870_WIL_0313,0.16585978063965634,0.10043019718567178,0.03905593213773696,4.2182241352410385e-05,0.002482023246033122,0.07064275730580853,0.00010107261911645396,0.02842952626361156,3.1195462576473e-05,4.797391146274082e-05,8.335414521262422e-05,3.617107840863664e-05,0.06955432080269627,2.7504667542186915e-05,0.0038342126093046294,5.674179408981963e-05,0.047896988893584534,0.00010332414391592917,3.242916843487105e-05,0.024825222936109663,1.914454884912052e-05,3.210921833854227e-05,0.0009228437016407753,0.11808537678827978,0.00015238232145255295,0.0823839146249741,0.19974938018302543,0.015054343076238187,4.707669967510234e-05,0.029980517585200813
Z_R_1870_WIL_0314,2.7237526039676025e-05,0.12489498668843176,0.026903087749114638,4.18694794721916e-05,0.07141883434346827,0.1138647548393239,0.005290500621814277,0.0037507552112894635,3.096416259769283e-05,4.761820701770713e-05,0.0023070978596061915,0.0007773568021871434,0.03493172744743464,0.03635854260023713,0.08017553700231574,5.632107983572736e-05,0.007503343348543936,0.004551281536939262,3.218872109569612e-05,0.09285491558890425,1.90026008420441e-05,0.0007733250589375873,0.012037809975715115,6.0109464665278893e-05,0.0023756142237304836,0.051373465322232977,0.26722354473814075,0.04015215519231706,0.017100167707723157,0.003065884900026207
Z_R_1871_DUN_0193,0.08544472585037301,0.06262150655866819,0.009007919766466973,0.02798469526839969,0.06651440024050197,0.07309767346543193,0.0017045609705179483,4.681812746874637e-05,0.0008316118575927066,0.0008495421743557175,8.907654320749386e-05,3.865428192574867e-05,0.02723112658563552,2.939290782095747e-05,0.047204275441950244,0.002455461537702498,0.00249043397296388,0.06397239956606786,3.465548373033269e-05,0.06085533032579898,0.006406657058464815,3.431356853814671e-05,0.12232396432388798,6.471591612955105e-05,0.004154217494509694,0.00022947938746793368,0.06019374394207288,0.0025171770917388177,0.22037414666845012,0.05119732362215964
Z_R_1871_GRO_0185,5.956737997989111e-05,0.018560121403117545,0.16261390041607449,9.156687687594232e-05,0.0005232486393639149,0.2765836753342398,0.00021940285232464323,9.510134002097562e-05,6.771738507121183e-05,0.011454849507880838,0.00018094056899486312,7.851817677119303e-05,0.0034254381680833244,5.9705611309467394e-05,0.00021544642140206152,0.0001231719488240445,0.00019421121581255206,0.00022429033785141447,7.039544552545102e-05,0.00037872927371512604,4.155792795995445e-05,6.970091554938304e-05,0.003624788131093469,0.00013145699491535373,0.05384127497327111,0.011816850293782195,0.12389266773881535,0.2629364034426513,0.06820645385917333,0.00021884741954989086
Z_R_1871_HLS_0604,3.6856864700933477e-05,0.031550122934094406,0.00028517515681710854,0.014102988292646276,0.12774405339227585,0.04471706411779371,0.053311153496944576,5.8843233044895385e-05,4.189961855487386e-05,6.443528721353535e-05,0.00011195560510811273,4.858252652369099e-05,0.0021194638935786766,3.6942394287988394e-05,0.00013330583964909506,7.621170940018922e-05,0.016173117553629702,0.12254252807364284,0.0221163640482407,0.00023433586644759993,0.0020323325073710926,0.005059674049381525,0.045385115544541964,8.133801884894232e-05,0.00020466954537751915,0.0032983488104977496,0.5020608459292396,0.00015377873151311417,0.006083086777168338,0.00013541018146545473
Z_R_1871_MLL_0320,3.0543981414076616e-05,0.07520241334851296,0.17816909389404909,4.6952157143523516e-05,0.00026830283153409743,0.11438379818657139,0.00011250178614304648,4.876450102447111e-05,3.4723006983406095e-05,0.027491628680680155,9.277972907818412e-05,4.02612593130017e-05,0.04748682307724153,3.0614861401795503e-05,0.07078470170208188,0.00588338867915421,9.958443309385681e-05,0.010092546070049217,0.02664286464400747,0.025138043966748905,2.1309390804915236e-05,3.57400891192994e-05,0.01765642799422393,0.03083148234747949,0.00016961352629324774,0.051789633375289364,0.10094341262476939,0.18138604924244736,0.029153553039867768,0.005932447573478919
Z_R_1871_MLL_0321,5.287924743284764e-05,0.0726154403138277,0.024880088468816185,8.128589071083231e-05,0.08251412891778527,0.2124215461494202,0.014589440540368292,8.442350984485483e-05,6.0114182659953536e-05,9.244653672033159e-05,0.00016062484402956106,6.970227830838996e-05,0.00016190093185119772,5.3001958364268555e-05,0.004509658002593113,0.00010934239445903867,0.023203880520451768,0.01603324645646176,6.249155466200642e-05,0.026246615558154687,3.689186860548077e-05,6.187500542874441e-05,0.1370882512248449,0.00011669720849320947,0.007490979253271664,0.0061716711980945435,0.1517267406826117,0.09090706224067142,0.12100596153944225,0.007391611521613931
Z_R_1871_NIE_0602,0.0002190516742783695,0.008622788700396398,0.0016948836009320692,0.00033672586732684344,0.1987023993188859,0.08091499052413016,0.0008068268599254717,0.0003497234185009273,0.125471524131772,0.0063459349922682365,0.012591339123331907,0.000288740886183362,0.0006706727480240772,0.00021956000290037088,0.0007922775744264148,0.0004529496114004831,0.10804776072152031,0.0008247999836051091,0.0002588705464152931,0.001392730073633178,0.00015282414137135142,0.0002563164983079973,0.007366733864281684,0.0004834168439426464,0.0012164140100501494,0.007677148120469393,0.2826736540522993,0.14998836119318013,0.0003757965916640025,0.0008047843245764324
Z_R_1871_ON_0116,0.0001526176347757371,0.022625761595125377,0.0261080001289639,0.00023460357291734283,0.20906679241450152,0.1727017334817948,0.0005621322340539609,0.00024365922393941385,0.00017349876973361974,0.0002668149125114268,0.0004635879853083066,0.0002011714873101358,0.0004672709708755961,0.00015297179738250205,0.0005519954590310903,0.0003155789545652293,0.08774258290610394,0.004729177997502628,0.00018036023069514597,0.021742960256623516,0.00010647560247856842,0.0001785807748543128,0.0009780256802066024,0.0003368060781837338,0.000847499704047025,0.03443048569422085,0.34650717383657065,0.0006367700148339036,0.054270630843714716,0.013024279757174458
Z_R_1871_PRH_0132,0.010332019218118339,0.003701174796203609,0.04167947900326059,0.00014453343769430652,0.059694392975751916,0.11407574747286403,0.041298296842637625,0.00015011239949997785,0.00010688828526140156,0.00016437804443400004,0.00028560505007310574,0.0001239367596385872,0.0002878740460581175,0.007772738588466293,0.005459068340974467,0.005313418001155638,0.10268650487689976,0.0003540303511192432,0.007789611922365314,0.0005978039849461863,6.559697563609561e-05,0.00011001918246531,0.02875702436884828,0.0027669966846520276,0.09522357988650082,0.0007357770024354855,0.4003178823224417,0.00039229819955480775,0.04367278378111027,0.025940427198932654
Z_R_1871_STA_0118,0.00023442848042032073,0.09218836786067408,0.0018138596217753763,0.00036036306800984476,0.021203935190161248,0.041924071248938835,0.02638970500261497,0.0003742730104056912,0.0002665029700087696,0.00040984133049530493,0.0007120948185092813,0.00030900967731095023,0.0007177520724119406,0.00023497249226959107,0.0008478932126665893,0.0004847453892210461,0.0007643216844334803,0.013645819195651951,0.00027704252442551557,0.0078720560704607,0.00016355196257344422,0.0002743091893862551,0.05255477975934392,0.0005173513350600877,0.0013018028229068136,0.008216062140462164,0.6790286001871672,0.0009781112593842199,0.04507309852165171,0.0008612779011987542
Z_R_1871_WIL_0317,2.7379631182924543e-05,0.07262871459063275,0.02704344804222079,4.208792326071592e-05,0.1306719040447097,0.21656796745648862,0.00010084662409456826,0.042527081925290415,3.1125710557485725e-05,0.00302915572525587,8.316776811033616e-05,3.6090201077782376e-05,8.382849638484124e-05,2.744316801840399e-05,9.902808482865505e-05,5.6614921321415484e-05,8.926750618090151e-05,0.00010309311455931681,0.01792009114909237,0.0016647241770698683,1.9101742273274657e-05,3.2037423191997286e-05,0.021044481556353866,0.014966868480458912,0.07542959091678021,0.05611342745974342,0.20153871400973866,0.11563918857776262,4.697143773703856e-05,0.0023365581356222043
Z_R_1871_WIL_0318,1.9668716945417373e-05,0.09500771700274234,0.10402317268441229,3.0234718791673892e-05,0.03872283051898624,0.12130930222603478,0.001143280164620748,0.04821897378833347,2.2359789530765463e-05,0.015561492518661913,0.02415353127159927,2.592613263340081e-05,0.013445656582477952,1.971435992812607e-05,0.005425313514524006,4.06704843800987e-05,6.412713523294088e-05,0.026309514918298776,2.3244065674099757e-05,0.04831262567544899,1.3722126475234049e-05,2.3014736912049113e-05,0.04456569357139114,4.3406146524458735e-05,0.018313416059140743,0.06012067230086578,0.2481150202062036,0.05415922838392851,0.03269420836823159,7.226183106953686e-05
Z_R_1871_WIL_0319,2.373538578798769e-05,0.10883626830562088,0.00018364943462031717,0.034280815654450555,0.05577476589234503,0.08888636818651217,8.742387771072517e-05,0.018775357745845992,2.6982859742387973e-05,4.149556433470362e-05,0.0020104563706933847,3.128657358545598e-05,0.00330326801069772,2.379046583241112e-05,0.006547041662420858,0.002633557151329262,7.73859473628218e-05,0.0007354907864725545,0.0006741693947747716,0.028580164343099675,1.6559288876091378e-05,2.777322287633005e-05,0.06217956946299828,0.1105388028316916,0.000777924198717777,0.10162648953806833,0.31750618331860836,0.022067092223839284,0.026531616039844018,0.007194516261240231
Z_R_1872_ANT_0323,0.00014479730521976822,0.04905786937731127,0.0011203501588591801,0.0002225821754037636,0.028863402601780015,0.057427981398677545,0.004474968083926573,0.00023117380288464615,0.05534757195454667,0.00025314296333365014,0.00043983312350202885,0.00019086319410180876,0.0004433273880153693,0.00014513332006591974,0.0320568324763468,0.00029940827134598857,0.00047209161629411297,0.0005452084096812674,0.00017111833381409924,0.17041115167841164,0.00010101965171458032,0.00016943005964520103,0.0009279103501881858,0.00031954768906166,0.020512273944676997,0.0011331000523251368,0.39970121222523364,0.11491170830876561,0.059373012404871174,0.0005319776799956906
Z_R_1872_JNI_0324,6.794006060193226e-05,0.06370623201588578,0.08744979526332024,0.00010443734752445567,0.009844042090088418,0.05838630932861907,0.00025024171095329586,0.07408644133575706,7.723561531656482e-05,0.00011877671510348592,0.00020637324030382134,0.0019390038644841248,0.03719699914107376,6.809772147121455e-05,0.027987468944236735,0.00014048476985874944,0.16482249850333552,0.002105265490582305,8.029009898897196e-05,0.00043196275909092763,0.16464838855202843,7.94979471656108e-05,0.005983730956540245,0.003848832983060912,0.0003772773791029055,0.00792945693386096,0.15610238623503903,0.00028346785390089447,0.1314274569351284,0.00024960820757628457
Z_R_1872_PER_0139,0.0004188673690958231,0.005086053944377796,0.0032409313335989127,0.0006438822191994156,0.00367939266469871,0.33716148670423357,0.001542802378690598,0.0006687359441614002,0.06889006660624279,0.0007322879862698606,0.0012723423478280388,0.0005521260485428944,0.012684765473082983,0.023224469331126436,0.001514981450321571,0.012268438514025265,0.035572604124191,0.0015771703197479969,0.0004950084269868521,0.0026631578312522703,0.0002922280609880147,0.0004901246140017587,0.0026842444792062785,0.0009243825333265542,0.002326008864344567,0.003277814025056683,0.3010757626631859,0.0017476498127134423,0.1375463723413262,0.03574584158817635
Z_R_1872_SCH_0605,0.0103430466889092,0.1229779917602302,0.00032532221474695916,6.463240594287276e-05,0.007236668696628812,0.09221635239124597,0.29430567457047724,0.018380018051813517,0.018360689109372545,7.350650939628467e-05,0.00012771675419982504,5.542199153352706e-05,0.039043624454763816,0.0023312545134163334,0.0390669657340277,8.694082040120326e-05,0.01730541899944186,0.012748427611411628,4.9688568256997395e-05,0.06207333236309705,2.93336298200003e-05,4.919833483543452e-05,0.01285955487094667,9.278881348012412e-05,0.00137803867327628,0.03924391752300747,0.12407532095979623,0.00017542775491102315,0.08476925195662514,0.0001544732739881729
Z_R_1873_CRO_0194,0.00012381229382866103,0.09587432340993071,0.0009579813854209925,0.0001903240509917375,0.011198758143127745,0.23447662713872827,0.0004560343333555277,0.0001976705213180665,0.07091896130951829,0.013698019385376181,0.00037608951243918817,0.00016320200043324905,0.00037907736434695773,0.00012409961111539754,0.013929374416344885,0.00025601598600441376,0.02062601832070183,0.0004661930946495147,0.00014631869974034362,0.004157589203684015,8.637919594961533e-05,0.00014487510175938877,0.014274994888065481,0.00027323666217629616,0.000687541007507838,0.014450447101440838,0.26762519106948707,0.07803557567585942,0.15525038926430063,0.00045487985239744423
Z_R_1873_PET_0138,5.444673315215715e-05,0.04660735898859255,0.07452812144365557,8.369542713686389e-05,0.06421015653190901,0.20686120703842337,0.00020054211814208835,0.0030511999333601935,6.189613167439635e-05,9.51869052608023e-05,0.00016538620432506054,7.176844473767748e-05,0.0031309739983495528,5.457308157166542e-05,0.0001969257976198584,0.010487542180624249,0.00017751605402271638,0.00020500945614404474,6.434397549372379e-05,0.006274719971134474,3.798544463019954e-05,6.370915005258616e-05,0.0018310501128687825,0.00012015643336263834,0.11294475511559576,0.053782998506784196,0.08063535289847532,0.2714582293091533,0.062343158181188775,0.0002000344325584499
Z_R_1874_MLL_0151,1.8063266474563996e-05,0.032672471779190644,0.04291890180517771,0.04084004947746019,0.045888095536167975,0.2063083331917202,6.653192045977725e-05,0.013796837584596638,0.001987391676824961,3.157923965447003e-05,5.4868582685973274e-05,2.3809923327058733e-05,5.5304487421501914e-05,0.006410390418902537,6.533216874890925e-05,3.735077377167097e-05,0.07479945861070665,0.019244869711117166,2.1346778917439976e-05,0.016341416421379793,1.26020638665794e-05,2.1136169015904542e-05,0.03256889597550803,3.986313868266562e-05,0.040420875378732964,0.001124781184865466,0.29080216338790604,0.017777078734455776,0.11558383712174061,6.636349052006116e-05
Z_R_1874_NIE_0606,0.0001495118816226874,0.07507506196121601,0.001156828575456419,0.00022982941436498796,0.06236302548751902,0.06743778582493702,0.016830610527075705,0.0002387007838211964,0.00016996808763425272,0.00026138525651504927,0.0004541540175417185,0.0042670570747833396,0.012667700274309539,0.04898961171536727,0.05345049469311358,0.00030915695533416203,0.11037690681774298,0.0005629603056786071,0.00017668991857171847,0.0009505962215873475,0.00010430883493164237,0.00017494667447402038,0.0009581229583191309,0.07765956083316419,0.0008302531723344842,0.0011699936033531103,0.40864543843886875,0.0006238118105985678,0.0002564968093130247,0.05345903107045046
Z_R_1874_RIC_0128,0.00013983663387981852,0.009311155843709685,0.0010819676149622093,0.00021495663971694083,0.001228345588399987,0.34856888237313244,0.0005150563335682421,0.00022325392304450335,0.00015896907311851603,0.00024447043285241477,0.0004247646968707078,0.00018432433223973839,0.0004281392499170481,0.000140161137053052,0.0005057684652319376,0.0002891507183593798,0.00045591803248862494,0.0005265298871210548,0.00016525591936513434,0.0008890810172606228,9.755877728551804e-05,0.00016362548448593093,0.13793379089063829,0.004115202121592832,0.0045831275857080404,0.06199991190832112,0.33271525419617015,0.05006926890836813,0.04211251978060965,0.0005137524345282957
Z_R_1874_SEH_0327,9.803882026485754e-05,0.0385535017374952,0.003427353617270818,0.0028194962138754893,0.16098865363757106,0.15897872346234165,0.0830936278278653,0.00015652229768055976,0.00011145248533750973,0.00017139709503511487,0.0002978005735403652,0.00012922894078258866,0.008306539767162328,9.826632794573719e-05,0.0003545919426315865,0.013546677754208682,0.00031964203372540303,0.008375520989957485,0.00011586016429905231,0.0006233306082512234,6.839800963583223e-05,0.0001147170739110703,0.02731617711821479,0.00021635815947277485,0.0032132096515732024,0.006104777371003195,0.43075567468472786,0.051116080554107844,0.00016819161336093595,0.0003601894667504703
Z_R_1874_WIL_0326,2.6800358955724615e-05,0.03242577239706149,0.03595548330711696,0.07956252350491605,0.005342292449691892,0.1375715762417513,0.01906710270414822,4.278768095210799e-05,3.046718234147894e-05,4.6853926419146095e-05,8.140818347814552e-05,3.532663888738083e-05,0.0737669533715297,2.686255153919601e-05,9.693294268189691e-05,5.541711659762293e-05,0.02853996341477509,0.00010091196837510536,3.167208646019241e-05,0.03154119496981048,0.3633363156507207,3.135960582615384e-05,0.04613361315298929,5.914469718429248e-05,0.00014882484790638083,0.014800793122758601,0.12796717161156657,0.00011181974478157605,4.597766067806611e-05,0.003016676908099086
Z_R_1875_BEL_0328,5.7246698907393995e-05,0.04121239386348624,0.051868719457305715,0.003204713507537512,0.00517793440159943,0.23464113297043315,0.03449470890808968,9.139629407417898e-05,6.507918856388164e-05,0.001658438955032211,0.004848962285575469,7.545919303309001e-05,0.02666734161329037,5.737954489300716e-05,0.0002070528604891292,0.02661044211280253,0.011095143877712318,0.00021555222746328804,6.765291466248432e-05,0.0019223313773129916,3.993887577297859e-05,6.698544282747084e-05,0.0003668563054378273,0.00012633557174632402,0.0018762531510783554,0.08459925698927284,0.18763365013277056,0.18568333337328893,0.09515798654613455,0.0002103213594061391
Z_R_1875_FRI_0330,2.7564531314497602e-05,0.02134465575402776,0.052738167615537276,4.237215143371616e-05,0.06852448877350042,0.20902622733196713,0.002352594404522392,0.015051119327895714,3.1335908713148725e-05,4.818989641598999e-05,0.013590129874598377,3.633392543196366e-05,8.439460700581977e-05,0.003779406402198448,9.969684131379226e-05,5.699725322104518e-05,8.987034752408006e-05,0.01135912303791866,3.257516888000371e-05,0.00017525523077499317,1.9230740163567854e-05,3.2253778325632404e-05,0.00017664288617794504,0.09010350083953778,0.01966231347285643,0.002466770839322056,0.33871410545929953,0.1374300794403818,0.012803333522164216,0.00010127063757574029
Z_R_1875_MRK_0608,0.00024376197070454512,0.016231123669284652,0.028428614305675736,0.0003747104936640684,0.06186195161470006,0.18957718728005488,0.0008978415985210012,0.0003891742438224059,0.0002771134678323872,0.02033306219433531,0.02064734954439836,0.0003213125289770188,0.0007463285149257831,0.00024432764173661,0.0008816510694265456,0.013775313962071534,0.007430386747224457,0.0009178421945552382,0.0002880726420349731,0.0015498380851309175,0.00017006358885241892,0.0002852304825218828,0.20726677927452594,0.0005379490612862535,0.1937870332444774,0.0019075403464241393,0.21502636035188682,0.0010170535923293672,0.0004181886217936756,0.014166837666825555
Z_R_1875_WEI_0607,9.032495067240848e-05,0.0010967614226784946,0.0006988774596404912,0.00013884736310104722,0.0007934276705791898,0.15876402262357703,0.08393209023533181,0.12554330517780327,0.00010268320460437483,0.00015791126527855875,0.00027436909218796923,0.005036672676147064,0.000276548823843367,9.053455764235704e-05,0.00032669201486212,0.00018677168956418789,0.02242374467446951,0.002798908330437408,0.00010674407950786299,0.0005742858419837182,6.301633199743851e-05,0.00010569092951452725,0.0005788329864423656,0.0001993347128122939,0.0005015827238799418,0.24412860999707875,0.3476869313644321,0.00037686483782859017,0.00015495799663130935,0.0027906549654704575
Z_R_1875_WIL_0329,0.001858841402102568,0.027786814941702646,0.11342891815132458,5.153723881515041e-05,0.05322862915263353,0.2268588360082461,0.00286146007598235,5.352656593215714e-05,3.81138591314069e-05,5.861336080499371e-05,0.00010184007180097998,4.419294580800921e-05,0.00010264914262788093,3.3604535325906845e-05,0.000121261246975923,0.009195899089533884,0.02748902931219701,0.00012623893158920365,3.962117100989904e-05,0.0002131629000756399,2.339034518821408e-05,3.92302637466821e-05,0.00021485070504836918,0.004637275549898876,0.11426834380377235,0.03494333954824112,0.1345300651240696,0.2474700219321627,5.751716921619256e-05,0.00012317545503602795
Z_R_1876_FIE_0331,0.002780692396317658,0.01546189397414884,0.0001957940427634397,3.889878858388385e-05,0.01537691349465151,0.058944325014225696,9.320515735007757e-05,4.0400274048135834e-05,2.876721730836485e-05,0.0007330864883977214,7.686588403702608e-05,3.335553272558009e-05,0.02694250375667002,2.53637126309886e-05,0.028334245327430858,5.232503018818463e-05,0.0007713502772513691,0.0042283625333512515,2.990489187998366e-05,0.00016088907311682244,0.016549978779835165,0.05307081741471452,0.2088827589933383,5.584462447062591e-05,0.0015182146312135195,0.00019802223291163836,0.15871361600152237,0.08345604961937833,0.32173489193011623,0.0014706629054218366
Z_R_1876_KOL_0162,9.803882026485754e-05,0.030547128427479024,0.0621407578907228,0.00015070511053676296,0.09160008495076417,0.3057622341459716,0.00036110362436478106,0.002825313401019286,0.00011145248533750973,0.00017139709503511487,0.005635382780217818,0.00012922894078258866,0.00030016645714614997,9.826632794573719e-05,0.0003545919426315865,0.00020272223751505018,0.00031964203372540303,0.00036914767994130596,0.00011586016429905231,0.0006233306082512234,6.839800963583223e-05,0.0001147170739110703,0.037991341531569696,0.00021635815947277485,0.04858265840833154,0.0167799417843581,0.0891504134573709,0.2486066222011736,0.056212804783474186,0.0003601894667504703
Z_T_1866_SEY_0814,6.250671917168489e-05,0.0977469950102,0.019200622622897987,9.608522416538954e-05,0.002250612326039882,0.0009691389190940031,0.08190434595513016,9.979409461266868e-05,7.105888446186487e-05,0.005213910130478045,0.0018914131396398292,0.0647410683735893,0.4170696815396934,6.265177149564929e-05,0.005330709872268868,0.0035323380379650845,0.00020379452530705164,0.0478785926468917,7.386909321696597e-05,0.025920579060213965,0.04088066695351384,7.314029181282406e-05,0.002102108401518234,0.0001379437112577642,0.00034710553650498085,0.029415391141063684,0.004091860756615494,0.0002607982003695693,0.0001072341131297058,0.14826398294768048
Z_T_1868_DRS_0672,2.754386362270616e-05,0.06106767907291493,0.0009629100020365613,4.234038109246201e-05,0.04223035565564633,0.1481362703941909,0.0008512445064675735,4.397471133963995e-05,0.0802591601663465,0.015044013157069028,0.0368235221500645,0.027028853590087557,8.433132852281002e-05,2.7607781573966057e-05,9.962208932307838e-05,0.013553227970870012,8.980296336932606e-05,0.00010371150249944805,3.255074424739216e-05,0.018919948067008287,1.9216321089791952e-05,3.2229594669399036e-05,0.26635301466808353,6.078550947551511e-05,0.00015295359741917706,0.26939121846904374,0.017548748991993574,0.000864714855801221,4.7253188567357085e-05,0.00010119470556365353
Z_T_1868_KLE_0213,1.3879650605785093e-05,0.18454897786961308,0.001618707104430403,2.1335775696867323e-05,0.140674227817383,0.00021519781815050595,0.16100618367878203,0.0003999881144229418,1.577866350749553e-05,0.0007799227662644648,0.009865708856005559,1.8295329761949057e-05,0.00042032425004307573,1.3911859552324954e-05,5.020064764199521e-05,2.869999678831778e-05,0.06616528954247172,0.04803651666733828,0.0015277178000678608,0.03371500839102107,0.021545923888689412,0.00039406962317784514,0.06469766724928086,3.063047526561554e-05,7.707497104095496e-05,0.24758646636845466,0.00015294231735446604,5.791038063931683e-05,2.3811392486837965e-05,0.016297630734061326
Z_T_1868_RAM_0775,0.005579624442658402,0.08247029103032032,0.46226159991065413,6.255603873247307e-05,0.02694433155797929,0.12470297852520254,0.00014989015456572222,6.497068932385185e-05,4.62627044615245e-05,0.029981364913338773,0.00012361375235778334,0.09199987293382283,0.02892702974275541,4.0789275129272424e-05,0.00014718722688620013,8.414777771475484e-05,0.00013267990296437273,0.002368800995212439,4.809228366329486e-05,0.020198884272463958,2.8391263738593925e-05,4.761779937851756e-05,0.0013685722828609339,0.02556888407536005,0.005764911772681936,0.011396313506497406,0.07799343805712203,0.00016979199939832823,6.981449429558169e-05,0.0012572966184593072
Z_T_1869_LAN_0157,3.0467982549444392e-05,0.02525173501378386,0.44230204524943795,4.6835331815922417e-05,0.0002676352463133703,0.2642192676354532,0.0026003999286289044,4.8643166262575635e-05,3.463660995901099e-05,5.326587658284211e-05,9.254887659123305e-05,4.01610821306308e-05,9.328413330097648e-05,0.005836287509087943,0.00011019819588899521,0.008356927827445956,0.0017581220272667106,0.00011472175042737839,3.600640495777813e-05,0.0001937153674781669,2.125636924609411e-05,3.5651161413441466e-05,0.00019524918860936615,6.723863679140315e-05,0.04412700401397712,0.008532351718076623,0.015264800473754989,0.0838957838415266,0.09626182161661104,0.00011193776463037243
Z_T_1870_ALL_0098,2.9849067588666026e-05,0.04261476481205871,0.08148542551333625,0.013046599499588944,0.012450369446278113,0.23366313194383562,0.14068017925257292,4.7655047561552993e-05,3.393301509317148e-05,0.030116338592920934,0.0025283030420875565,3.9345265247075786e-05,0.03015554393405639,2.9918334967905915e-05,0.08054988721674736,6.172116058684738e-05,9.731876253786624e-05,0.00011239133660523047,3.5274984599503716e-05,0.03269156921452844,2.0824575479739968e-05,3.492695733684744e-05,0.040818519104962724,0.02525475917975944,0.0001657546061740946,0.19686940444488885,0.014954717147063706,0.00012453994087343017,0.021177370697029654,0.00010966390363240857
Z_T_1870_GTH_0309,4.180633854343837e-05,0.01644022991421607,0.0037375997934038863,0.006892522097401427,0.03337047744333788,0.24418937158381426,0.00812028448316702,6.674523570104516e-05,0.0011855691897088908,0.004625259884063738,0.00012699001846640297,0.0023311924497492254,0.00012799889363147127,4.190335381863642e-05,0.001289250266627639,8.644610847969821e-05,0.10938842321256241,0.0001574143062764189,4.9405829642778914e-05,0.002541890431724796,2.91667151727034e-05,4.8918385754565824e-05,0.005958123780958219,9.226082522329499e-05,0.10151797347205617,0.023088010463728152,0.18937579457870674,0.24485365531648404,7.172133966257899e-05,0.000153594287916461
Z_T_1870_LAA_0308,3.939145164310368e-06,0.04208220207031499,0.13235296411446665,6.055247358178845e-06,0.022660245823475846,0.15318628481569596,1.4508942395355963e-05,0.014053489626908803,0.00011170863805125382,0.052978773053635964,0.003657803797267417,5.192346825445806e-06,0.006231431800336312,3.9482862961452825e-06,1.4247306652070342e-05,8.1452665326679e-06,1.2843038788697959e-05,0.0007654459231610701,4.6551968363333285e-06,0.006458877434437231,2.7481939111217638e-06,4.609268101552306e-06,0.012463985939898458,8.693150278061548e-06,0.15132416538524293,0.09610938868637343,0.011731534918762833,0.2932919603682848,0.0004356800024943207,1.4472212051844062e-05
Z_T_1870_LAA_0310,7.346027753370809e-06,0.0988753389100519,0.030852518360809513,0.003410815356034265,0.12464704993845424,0.12149686713626066,2.7057417044188292e-05,0.20518294311593996,8.351110797331555e-06,1.284274753177965e-05,2.2314133037170385e-05,9.683096787200906e-06,2.2491408187793243e-05,7.363074855052896e-06,2.656949812998741e-05,1.5189933732248298e-05,0.032019461809743896,0.006626734320938261,8.681377235584964e-06,0.019843928522256672,0.008803890600892587,8.595725718236614e-06,0.018644466670177464,1.6211670436888655e-05,0.1268230059017902,0.03805215520112657,0.0024806105076615324,0.1610080652238273,1.2602561478154924e-05,0.0010268486413099332
Z_T_1870_LAA_0311,5.3646164312713075e-06,0.05176131802442324,0.0003335768223978976,0.02936116151602662,0.09263293518892977,0.08784985229866081,0.029226639974003002,0.1013564405899469,6.098602905791483e-06,9.378730484654135e-06,1.6295441394956527e-05,7.071318251741198e-06,1.642490090937928e-05,5.377065494201585e-06,1.9403025828939845e-05,1.1092820613500913e-05,0.03316730010995853,0.041640004408377916,6.339788049767925e-06,0.01843444301880052,3.742691776251067e-06,6.27723893441515e-06,0.02763488048420283,1.1838968831036783e-05,0.01857615940862728,0.024575760120822843,0.06519045746697404,0.36598459724783694,9.203328744680287e-06,0.01214056478136022
Z_T_1870_UHL_0097,2.3122840999616122e-05,0.003427991061636332,0.3199369032211472,3.554439251060898e-05,0.022233684843644404,0.32955817568110807,0.0007146125773952895,0.13788534263213914,2.6286506615533574e-05,4.042467836298187e-05,7.023743546653701e-05,3.0479153484221573e-05,7.079543841161905e-05,2.317649958013514e-05,0.0013425216403157554,0.0006772577049526051,7.538882967643968e-05,8.706493086718297e-05,2.7326075018435246e-05,0.0001470149733120923,0.0019044665452742247,2.7056472658695593e-05,0.00014817902485639837,5.102892208354983e-05,0.15434239607181852,0.015287622841645084,0.0002547946621095878,9.647595330620561e-05,0.010740231419873649,0.0007143969697298036
Z_T_1871_HAR_0603,7.157106643202831e-06,0.22920601500913282,0.004146789862882783,1.100189236134573e-05,0.00045252743024002106,0.08154956318625238,2.6361569242099543e-05,1.1426563207436541e-05,0.0003977946928360016,1.2512464799020092e-05,0.0008010569730559202,9.434072218234016e-06,0.002554692270094832,0.1870431823503578,0.005481103116880202,1.4799287352950647e-05,2.333475777087646e-05,0.00041660715900233906,8.458114340290136e-06,0.24124402433754685,4.99324500054129e-06,8.374665561658312e-06,0.16331271437647638,0.003912378260823367,0.00042940242002681954,0.018369949893667355,0.002221986352354525,2.986175817792604e-05,1.2278455718505333e-05,0.058280218355975445
Z_T_1871_KOL_0215,1.3398720492537884e-05,0.24526596247788773,0.00046840785132704575,2.0596490731161155e-05,0.26892887179675523,0.047258815341494856,0.05330095440988807,2.1391511156559492e-05,0.0368536698181966,2.342441252765307e-05,0.033231767457900574,1.766139629602724e-05,4.10229993554733e-05,1.3429813398570175e-05,4.846119440637232e-05,0.00039244255021380356,0.026669486317830806,0.0638794270251452,1.5834319032692145e-05,0.03254678281646186,9.34778499864235e-06,0.0029335741658756812,0.07631589838794108,2.9569128812689106e-05,7.440432207405649e-05,0.04788539879399594,0.01108975312669485,0.019751702258538128,2.2986327360162828e-05,0.03287555698321003
Z_T_1871_LAA_0316,3.7751946214471865e-06,0.039816867771075695,0.05079636191357175,5.8032228579042864e-06,0.02572504032729381,0.11957715131969694,1.3905067980256642e-05,0.10431505378057927,4.291716506343045e-06,6.600012011162262e-06,1.1467448511275776e-05,4.976236972861891e-06,1.1558551923571021e-05,0.00010655146913844552,1.3654321737193743e-05,7.806253672239337e-06,1.230850068624431e-05,0.007721778360066426,4.461443619171698e-06,0.009992451522415836,2.6338117635167554e-06,4.417426477055142e-06,0.010506479142739432,0.0018581465832762168,0.08357095275893019,0.031579169242905554,0.08081686541876189,0.43235868208343115,0.00041754663346523554,0.0007332424633120507
Z_T_1872_CRO_0216,0.03693695052984746,0.08721045642306736,0.08006793187371862,0.006040152025616349,0.0950658688249976,0.10927436091199866,0.00013494152267236917,5.849112486297317e-05,4.164889816190472e-05,0.0020586612960514024,0.037011599891803096,4.829181671387491e-05,0.006096004529804342,0.04691009344237847,0.0011298139490090655,7.575567112612616e-05,0.002114059238374826,0.11881733646899352,0.0648681723281733,0.03912785942883145,2.555978656889595e-05,0.01699706726973437,0.03713509219781979,0.08983837235823615,0.00020344483664231521,0.0002866946678896066,0.12207500837823007,0.0001528585449976983,6.285185436056416e-05,0.0001345999093178795
Z_T_1872_HER_0177,1.1516843206674427e-05,0.015188272216719109,0.00040261902496684234,1.7703672114857012e-05,0.03866276786209934,0.1879704312366094,4.2419664087510184e-05,0.0009589139136142104,1.3092576952258426e-05,2.0134406597979702e-05,0.02323464643198391,1.5180817606096587e-05,3.526123645221315e-05,1.1543569051415587e-05,4.165472202343427e-05,2.381424233441063e-05,3.7549076730348755e-05,4.3364617592359937e-05,1.3610357025175517e-05,7.322406432223884e-05,0.0025161065585486727,1.3476075597330099e-05,0.00132783969037388,2.541608510180934e-05,0.019188000712130567,0.6308701538903415,0.0001269061260016634,4.8051985803148474e-05,0.07902401604809837,4.231227591329754e-05
Z_T_1872_ROM_0225,4.448979736308764e-05,0.1264937218921177,0.007610782574372131,6.838964209533321e-05,0.1626770570475039,0.04428908616134664,0.00016386801709428924,7.102946861049833e-05,5.0576888572125146e-05,0.04125488836387872,0.0025573241015956496,5.864380429437613e-05,0.01345822063750439,0.010944415943059787,0.00016091303048775834,9.199489797685002e-05,0.0001450528399949129,0.00016751839152362425,5.257708342668181e-05,0.03419342617923746,3.1038863794115584e-05,0.001263149785256352,0.034195665887469126,0.339203784282373,0.00024705591954517165,0.000348151449666392,0.10706628708662452,0.0001856257893688345,7.632497796672356e-05,0.07282893919587989
Z_T_1873_CON_0217,2.7096888381727007e-05,0.21276516760068737,0.001684909636886186,0.06421507252275553,0.4074073036983117,0.01812313742130334,9.980520550140635e-05,4.326110022584469e-05,3.080428290444357e-05,4.737233618858166e-05,8.230891476904174e-05,3.571750633692412e-05,8.296281986313522e-05,0.0029776618027087,9.800544584880116e-05,5.6030272779693036e-05,0.03696962108258809,0.11812210984184322,3.2022518543354224e-05,0.011236664584093474,0.0022317810084360153,0.0007693320889092578,0.0016488970881177929,5.979909674424304e-05,0.007526726587020289,0.05405870670651598,0.00029858539093695135,0.02002894568816448,4.648637510806024e-05,0.03919370448752633
Z_T_1873_DRS_0671,1.2694914131489996e-05,0.14218676531805496,0.002517272265755581,0.026629031959491126,0.03950742281236012,0.01471111120097008,0.0003923369670477152,0.0014025804505226858,1.4431831465112028e-05,2.2193977834284124e-05,0.0003841399406829929,0.0107296562536102,0.014898728491414675,1.2724373793134424e-05,4.591563067838961e-05,0.0014085628181959645,0.00038696816179791796,0.09991988506548288,0.37462171448303705,0.060556890052001905,8.856765684714833e-06,1.4854558620579958e-05,0.04327862176439027,2.801592520935958e-05,7.049602089004859e-05,0.0004449212108748197,0.009470497480173706,5.296727780968833e-05,2.1778904351210472e-05,0.15624796312366734
Z_T_1873_WOL_0846,2.6510249298230302e-05,0.09052891658694849,0.0023700880237861144,0.15158854277853726,0.0702335163771831,0.04804033546811465,0.0015409567520813523,4.2324511056268197e-05,3.013737989933608e-05,4.634674005764332e-05,8.05269527354866e-05,0.04549928161389147,0.025339131912266555,2.6571768656797527e-05,0.020302255827890893,5.481723505342351e-05,0.02029280517563345,9.981961223798259e-05,0.15446574510435104,0.05068448253053639,1.8495207123566723e-05,3.102014304058399e-05,0.17769729931647973,0.0015018167629555262,0.005198806884662571,0.01897051376563708,0.03204499166275508,0.000110609313685736,4.5479959754965066e-05,0.08308785438368915
Z_T_1876_BER_0202,1.7040992044992947e-05,0.07906755892722468,0.06461202314894107,0.0028095121056754394,0.13374889320194813,0.2781319990134608,0.0005266527260576329,0.07285732739262371,1.9372539478751714e-05,2.9792040797080644e-05,5.176334426491249e-05,2.2462421986613224e-05,5.217457936134305e-05,1.708053716160666e-05,6.163475302210932e-05,3.5236940096834816e-05,0.04087753837878338,6.416481410438092e-05,2.0138677034442536e-05,0.015416588557378954,1.1888861319921163e-05,1.9939986412139202e-05,0.016809104796696055,0.005140354442170542,0.1884323949911841,0.00013335295811304639,0.03173203386976131,0.012596025762565926,0.05662334153227127,6.260770805893922e-05
Z_T_1876_EYA_0609,6.187502071372547e-05,0.0007513110745265723,0.00047874985781554,0.0017794623207879532,0.3963653327678247,0.24350547722579075,0.00022790252042007914,9.878556662534733e-05,7.034075706158354e-05,0.00010817346411268053,0.00018795020795425108,8.155997151060877e-05,0.00018944338276723552,6.20186071260153e-05,0.00022379281733476955,0.0001279436310176894,0.00020173495972621478,0.03055124591101242,0.028707040987002413,0.00039340124853449126,4.316788239149934e-05,7.24011295249113e-05,0.007133908734537245,0.00013654963985485809,0.167094063758235,0.0004841981630937804,0.02594703389989116,0.05752599939339372,0.03716180952923725,0.00022732557017559154
Z_X_1868_VOI_0598,0.00225829696551797,0.050156897318862664,0.15340522502970536,0.007478588751683273,0.05675809006284315,0.13205128859504547,0.00010062163745271524,0.03722658861537758,3.1056269768996355e-05,4.775985394056865e-05,8.298222261463361e-05,3.600968461808734e-05,0.013469511983026415,2.738194290284158e-05,9.880715530865602e-05,5.648861465382755e-05,8.90683523012099e-05,0.00010286311604572137,3.2284470885106655e-05,0.0001736912682252001,1.905912669852249e-05,3.196594839229717e-05,0.00017506654031113118,0.016420796665032635,0.3511589734497829,0.03739675279995998,0.11705556508836937,0.02391108491805187,4.6866645473198824e-05,0.00010036690714862699
A_L_1878_LAZ_0925,5.952214634790748e-06,0.049167325258527524,0.005717099987227888,9.14973438125124e-06,0.026949243821001344,0.07819068457104719,2.192362445624492e-05,0.005356488676163775,6.766596257661431e-06,1.0406003404289474e-05,0.014276709020468506,7.845855248835077e-06,0.02043398778199298,5.966027270887355e-06,0.006502723147093161,1.2307841584331421e-05,1.9406373780250492e-05,0.00034647174513283884,0.00016906407057168068,0.0034404714721152857,4.152637015063033e-06,6.964798682288967e-06,0.00020017368624110032,1.3135717052603728e-05,3.305319302597066e-05,0.7886459638269324,6.558850258497346e-05,2.4834559956716364e-05,1.021138952704109e-05,0.0003459278666211226
M_X_1878_REU_0958,5.45275504489106e-05,0.00956811675456717,0.17557365754895873,8.38196593502627e-05,0.10438256315740443,0.12107671680846521,0.00020083979021413284,8.70550814473178e-05,6.19880063884851e-05,9.532819469956451e-05,0.004618642484159571,7.187497329063381e-05,0.00016694755802742356,5.465408641204404e-05,0.00019721810185379982,0.00011275071449610531,0.022442833502575747,0.00020531375925086578,6.443948363279323e-05,0.034486435445944964,3.804182782847907e-05,6.380371589680901e-05,0.00034943107784470685,0.011995030228617198,0.3565436597604743,0.0019110380362155066,0.01841289185690125,0.13678650412412052,9.354535945909903e-05,0.00020033135105403357
M_X_1883_APE_0934,1.6804260349316156e-06,0.05935061393899075,5.874626228487388e-05,0.012536490174772489,0.07782562188493193,0.18478682243731934,0.014781561617758976,2.682857090274588e-06,0.01239858480981265,0.0070932866827442395,0.008101825387816789,0.002792610397589588,5.144977551126068e-06,0.004301637831115032,6.0778529419808465e-06,0.005721498021813516,0.009200060228992179,0.0012871645587210474,0.0013285672918962332,0.015883916766495768,1.172370249040583e-06,0.03504201294945429,0.11889990874979443,0.004944080581281493,0.01807828512004396,0.02279375478518972,0.014656656503985488,0.36271266388750656,2.8828740001697082e-06,0.005403987771821124
M_X_1890_LEH_0942,1.102575816523776e-06,0.050016837297688944,0.016306173902311358,0.004473792091538377,0.035516336221722365,0.5272443409769723,6.408923696041368e-05,3.177437490219407e-05,6.128158069001533e-05,1.9275863530141348e-06,0.00279465815939634,1.4533498517927358e-06,3.375767636604232e-06,1.105134440406985e-06,3.987853991139022e-06,2.279878888299963e-06,0.005136001665749147,0.006307107357188836,1.303000330986205e-06,0.0018678828408290639,7.692258140101395e-07,0.003693021401832535,0.07390171897233916,2.433232812245353e-06,0.002347220574824216,0.023239522373059693,0.00016221985363721646,0.24681034117040712,1.8915364845568056e-06,4.050805531245447e-06
M_X_1890_LYO_0943,0.417620155100107,0.10389928401510856,0.008110720743978948,0.09196786542079934,0.00986721734985089,0.024108527378527825,1.97990425405629e-06,8.582000902858568e-07,6.110856689213657e-07,0.00011800201889984745,0.0001772262104520427,7.085526489874527e-07,0.024848110773414457,0.0022686201016631413,0.041339555259653576,0.0004839933392100151,1.7525734433194831e-06,0.13866227264284472,6.352526440987096e-07,0.050969399734244504,0.004199983649074667,0.007887698847293088,0.005739495544929885,4.508462368673899e-05,2.985006316490788e-06,0.0003407604754336645,0.00010835272173761048,9.003948446658188e-05,9.221820782765482e-07,0.06713718180747837
R_X_1902_WIL_0987,6.857418298173638e-05,0.08296795029326545,0.07893245656224306,0.00010541211938609212,0.3198099907559502,0.1560002466231311,0.00025257735604795813,0.00010948100612463151,7.795649827952148e-05,0.0038533078392585535,0.0002082994365584303,9.039040869545991e-05,0.0002099542762929179,0.039269669722877175,0.009581578985977331,0.00014179599236576222,0.00022357665310663853,0.011458471392036294,8.103949114721427e-05,0.0657708885202996,0.001914552894268314,8.023994573022153e-05,0.020973270506228374,0.00015133376735048293,0.14598427680371798,0.002403333193983932,0.0026223422711177096,0.05628745134205605,0.00011764321969040004,0.0002519379398315192
V_X_1886_GOL_0979,5.1471508039219325e-05,0.0006249874919859337,0.06625211694020855,7.912191606945489e-05,0.00045213330780407353,0.35388683968261675,0.0001895835553127876,8.217600621485526e-05,5.8513836453180225e-05,8.998544587914694e-05,0.00015634872567475713,6.78466799826957e-05,0.00015759084177433916,5.159095218791211e-05,0.00018616484752159338,0.00010643150590546936,0.03239417418253445,0.00019380677699330635,6.082791859421818e-05,0.0003272557373397412,3.590974160364612e-05,6.0227782995527584e-05,0.01294016109111815,0.0001135905217399426,0.48087891054663817,0.0004027862836533697,0.013177487794617741,0.03664455223534955,8.83025311386764e-05,0.0001891036120528933
Z_E_1877_HEL_1034,2.8527801078366747e-05,0.1315879929963741,0.009539660091435767,4.385288810362342e-05,0.0002505924065040121,0.06878113068033925,0.154643997682169,4.5545600819112444e-05,3.243097298405342e-05,4.9873939928715875e-05,0.045904727786347625,0.027217816068767893,0.011736006324922364,2.859400234278834e-05,0.2315232751514125,5.898907851366496e-05,9.301095555585267e-05,0.04359575621287484,3.3713540321078604e-05,0.13685901928770902,1.990277736692295e-05,3.338091845644533e-05,0.00018281584625175917,0.0023926894167910764,0.00015841749222857102,0.012648482051684395,0.00963328284228202,0.00011902719068175595,4.8941193662346276e-05,0.112708546802091
Z_E_1877_KRI_0749,0.2525427793584891,0.07013721015601666,0.0004485305910978892,8.911045704082652e-05,0.04785011357210742,0.0040548498475905855,0.0002135170392804633,9.255010287121328e-05,6.590076389173812e-05,0.03008391660814436,0.00017608656481976935,7.641180803373791e-05,0.023847936422719932,0.09158384752983144,0.12171798154052388,0.00011986767517680444,0.00018900120648384852,0.1769576403850636,6.8506981327586e-05,0.09820643314951678,0.06473967562688951,6.783108316760154e-05,0.00037148758766594617,0.00012793046238752397,0.00032190935982123227,0.0004536349927954298,0.0006387749849817121,0.00024186701995256943,9.945005503559821e-05,0.014415247067275327
Z_E_1877_KRI_0750,0.09727080780969473,0.10419073733320737,0.02339030277272279,7.223912210132136e-05,0.08100622694679502,0.004566403462662054,0.00017309173337790517,0.021822459570676446,5.34237337281809e-05,8.215763640631874e-05,0.01037683365507631,0.0038997268391895152,0.04108022470745924,0.016677492270913336,0.08332191642619952,0.009051998012866122,0.00015321749754047885,0.11019336845047611,5.553651449289576e-05,0.1474137692487563,3.278596294426877e-05,0.0026135100001622082,0.023327846366182053,0.17280390486852704,0.0002609620724875198,0.00420553013779637,0.028661570915536703,0.00019607419563151117,8.062111796159039e-05,0.012965260618428861
Z_E_1877_RIC_0782,2.0110177906422605e-05,0.006265968782033009,0.00015559986408553,3.091333184256764e-05,0.09707261382984095,0.019472018061917402,0.0011689408908171909,0.06189224119245695,0.02794203744957144,0.0016774622264850866,0.0006085210556040933,0.033967466853975545,6.15715370548316e-05,2.015684533800947e-05,0.04879443448761909,4.1583326390526326e-05,0.13801914099109444,0.14678825293227982,0.012614766624988524,0.05377647278638066,0.24635969892682144,2.3531298714360422e-05,0.0012237424948686154,0.035627643662495434,0.00175397811852138,0.0023471099117142236,0.028140773394697307,8.390615083638401e-05,0.010435761816433938,0.023613580977214752
Z_E_1878_BOX_0200,2.7096888381727007e-05,0.2533345705629756,0.012749292262964793,4.1653291499615233e-05,0.1189957299118627,0.0004201252195775723,9.980520550140635e-05,4.326110022584469e-05,0.0022436808081201646,4.737233618858166e-05,8.230891476904174e-05,3.571750633692412e-05,8.296281986313522e-05,0.19033454093763977,9.800544584880116e-05,5.6030272779693036e-05,8.834566232607094e-05,0.12033498636705894,3.2022518543354224e-05,0.07614770932375463,1.8904483220294156e-05,0.028799101408308395,0.1535997518195973,5.979909674424304e-05,0.0045762245533993275,0.00021204459293342923,0.00029858539093695135,0.00011305696122298986,0.03250200874493864,0.004525305592480031
Z_E_1878_GRI_0697,0.008962753466151533,0.09250657533248735,0.006623103527156746,0.10739671758477692,0.0005379620994788987,0.0018585275220789662,5.503151411805936e-05,2.3853704181870618e-05,1.6985149432197638e-05,2.6120595360435895e-05,4.538424807001513e-05,0.0024600067571490035,0.03421011993442097,1.4975603812308655e-05,0.007374976673938011,0.004098082003730638,0.017944337913743922,5.625741307934699e-05,1.7656871427308306e-05,0.022057806997597143,0.6796374575669206,1.748266659916484e-05,9.574657130042408e-05,3.297257713358085e-05,8.296836420847899e-05,0.0005236378536245932,0.0013847930195762855,0.00046905714087900854,2.5632085973918192e-05,0.011443017241592336
Z_E_1878_GUD_0707,6.610616069456411e-05,0.16995825346719717,0.0005114877484999919,0.10267467438612425,0.0005806862522521543,0.001024946661254392,0.0002434869590959823,0.00010554072493732814,7.515080134201648e-05,0.000115570585981788,0.0020003299262182383,0.027080046710235808,0.0002023979072536243,0.025259641767427427,0.00023909622614057244,0.0001366926771795847,0.023609384908763614,0.3187652430696959,7.812283561307989e-05,0.05080706723060499,4.6119790139859855e-05,0.14044048147512606,0.0004236307480072843,0.00014588718243495853,0.0003670935649517412,0.004116363220220581,0.0007284354408618389,0.00027581623177390575,0.00011340917598027752,0.1298088361639911
Z_E_1878_GUD_0708,0.00010356678241507283,0.17323314512465673,0.000801334396072863,0.205966063617717,0.003729017938558531,0.0213406614363413,0.05112836182795653,0.00016534787651663042,0.00011773678291298783,0.0001810613958850364,0.00031459219031417125,0.000136515571644003,0.003136363542886716,0.00010380711821694973,0.006013129900967481,0.00021415282034910178,0.0031569372584469655,0.12161866114054352,0.00012239299079811275,0.39535656684027004,7.225466159671341e-05,0.00012118544675409971,0.0006636911453067145,0.00022855760978464747,0.0005751158283566248,0.000810453802268993,0.0011412206368440524,0.00043211403237674824,0.00017767517171191473,0.008838315111529745
Z_E_1878_KRI_0744,0.014232841552041166,0.17671253564530032,0.008613245452389872,6.677229500555085e-05,0.08433553582509382,0.008950633864320863,0.0013424430258098619,6.934969224632555e-05,0.027245738259259977,0.058016006108935265,0.00013194527828841484,0.043807918943655405,0.04861345682576173,0.030787246896151355,0.20235611308931695,8.981931003752029e-05,0.014331026378625107,0.01080560966863374,5.133368763948276e-05,0.16581922196732243,0.02486176164032597,0.004780628521332761,0.0014608136010404594,0.050941224876194964,0.0026061139415311575,0.013346871583442903,0.0004786472110655172,0.00018123592387128242,0.0012569702925828053,0.003706938642777116
Z_E_1882_FRB_0675,7.471055661344907e-05,0.0009071652489205141,0.18158219268779685,0.00011484494266939747,0.0006562685333366146,0.230972585904512,0.008410196346771117,0.00011927793450124069,8.493245015619958e-05,0.00013061328499677725,0.00022693915072517713,0.069246124009669,0.0002287420741038275,7.48839290125297e-05,0.20771315205106383,0.0021882388980054915,0.0002435834518628927,0.00028130926674220914,8.829132521916558e-05,0.085892688673696,5.212275461230535e-05,8.742023233050266e-05,0.05132262725818262,0.061177503837586605,0.00041487456355962776,0.033124709885654545,0.0028570030613176895,0.05929059022279448,0.0021619248099351315,0.0002744826536521986
Z_E_1882_ON_0821,0.007455507214245648,0.09070757002412791,0.0003510361624537091,0.013654994563790386,0.09920037114355927,0.12914582203251102,0.00016710610953876682,7.243303710251572e-05,0.03216217552889145,0.06553553806403682,0.0050779038628890934,0.1729630292093812,0.002608952616928726,4.547421475084562e-05,0.00016409273130723302,0.024794273691354042,0.013733172654750185,0.00017082861671290913,0.030929192201320423,0.006463570808130534,3.165220318833711e-05,0.051924055018355494,0.0002907395387552937,0.00010012297816191544,0.15709986480633134,0.09298175957670536,0.001734951310212977,0.00018929382341668381,7.783318767635078e-05,0.0001666830694136464
Z_E_1884_GRI_0698,0.29443717764472477,0.11383459478219125,6.678910730453337e-05,1.3269123657068176e-05,0.00031080380482790296,0.016582357707577374,3.179406874555148e-05,1.3781309177999912e-05,9.813050165078758e-06,0.0047146687329946745,2.6220428898388223e-05,0.03525821128847429,2.6428737707635472e-05,0.023506540766586446,0.25239854555799496,0.0002528279596292457,2.8143502608456602e-05,0.007551826712724202,0.008704419958174916,0.14409694018849994,6.022235374252974e-06,0.0037697626819501577,0.01485898679741993,0.0028387963197101865,0.00028291327381634507,0.0017124013959512333,9.511772856109221e-05,3.601556431078374e-05,1.4808756702538269e-05,0.07452002081353867
Z_E_1884_GRI_0699,0.2429093941741434,0.11593289651643846,0.013152923667822917,0.003454998551941432,0.020724450255335914,0.05894440396572436,4.6485723876026584e-05,2.0149485686329157e-05,1.4347542115674439e-05,0.017887173571437962,3.833657237883414e-05,0.022004462677000503,3.864113817269676e-05,1.2650056878360524e-05,0.33879560301441775,0.010332890692798538,4.114827522174231e-05,0.0003910810468331627,1.4914953056234424e-05,0.03615402105234307,8.805037598817317e-06,1.4767800326226394e-05,0.004890715276599743,0.04606486451308624,7.008428771861255e-05,0.015558953517894557,0.00048263027466509807,5.265792155100062e-05,2.1651704301538e-05,0.05192389673263488
Z_E_1884_ON_0828,5.8245132713335474e-05,0.14816209593174304,0.03691799514186716,8.953432058931157e-05,0.01319592289119313,0.004074137180436228,0.006556677189508607,0.03973139366050274,6.621422801882961e-05,0.00010182748548004415,0.0001769241396531119,0.08093911806847265,0.0001783297176091803,0.030183566828758605,0.00021066404819907293,0.02707455210523109,0.0017754363445316044,0.00021931165176115855,6.883284221042498e-05,0.3713857776256457,0.009553852245538614,6.815372906757523e-05,0.14465704274089256,0.008056219644106487,0.0019089766899075768,0.00045579275681267823,0.0497934335204041,0.024026059486472223,9.992310000275743e-05,0.00021398955267056387
Z_E_1884_ON_0829,0.017861049823768405,0.18296474262550422,0.0001748380654986559,0.03755699914526911,0.029109088315352562,0.044023804415576975,0.08619990017970948,3.6076203650004905e-05,2.5688241342719395e-05,3.950463670119014e-05,6.863887316589548e-05,0.059696335974835806,0.011756446647086676,2.2649016219680028e-05,8.172849060224852e-05,4.672464456088772e-05,0.051128556449739446,0.2559746195873553,2.670414978641586e-05,0.033975218257419844,1.5764785985401188e-05,2.6440683416203458e-05,0.046893856441453934,4.986753413503909e-05,0.000125480872105715,0.008173375777182999,0.04084685479604678,0.0037849946823891555,3.876581794253605e-05,0.08927528486619668
Z_E_1885_ON_0825,4.416884232364234e-05,0.06065403895084512,0.007555877423839936,0.0012702507370686178,0.013613884748310216,0.1161108470693472,0.11438636017213592,7.051705301746675e-05,5.021202048485992e-05,7.721850635171279e-05,0.00013416630821402878,0.06739007086574826,0.016968194726903973,4.4271339996064794e-05,0.000159752183482186,9.13312351179712e-05,0.29712555964162235,0.008582791158267742,5.2197785680112836e-05,0.002685534337482639,3.081494549500364e-05,0.020491708726908937,0.00028304895512891323,0.042179880873650814,0.0014476280933382031,0.02920214703751779,0.1291386321796077,0.06631378232015808,0.0036828377594670544,0.00016227400248757426
Z_E_1886_GES_0679,3.985595376159143e-05,0.03520234576390968,0.12182277652244831,6.126650546142695e-05,0.08606114796355391,0.18505944325659138,0.04028994909162797,0.11181347798441373,0.0022152089768475497,0.018513827906428453,0.0012060155393934027,0.09986793271407267,0.00012202738062818173,3.994844299784549e-05,0.01099365277242376,0.0011673631183002418,0.005554694668043661,0.00015007048048101907,4.710090695337198e-05,0.023037353375870297,2.7806004826108518e-05,4.6636203711068066e-05,0.00025541049922076474,0.11509265310009144,0.0002213237616157226,0.0762583873589963,0.0004391797820998135,0.06417833995350802,6.837533486318177e-05,0.00014642867685918983
Z_E_1886_KIL_0737,0.045487690297839264,0.12021208112215452,0.0008461706816432969,3.7207204260284744e-05,0.039087191156231056,0.026072033713449218,0.0027247163529369478,3.864339490775951e-05,0.1799047858937144,0.07317922764032131,0.008639107501801394,0.06328545038573943,7.41073387846287e-05,0.028356577926541948,0.07058889176295478,5.004958141405869e-05,0.01128006427554781,0.056096881242880266,0.0006874955211514563,0.18991452865659803,1.6886611916830334e-05,2.8322208755556218e-05,0.0021317843206085612,0.007960109292111245,0.04889235135039742,0.00018941087720848932,0.00158449647485837,0.00010098922072724391,4.152440279495778e-05,0.022491223589749487
Z_E_1886_POL_0772,0.043696702111851136,0.05146838592456823,0.00034465137655524924,6.847256863665189e-05,0.0016038387619724177,0.0043283108297083395,0.0013766266715547063,7.111559609973656e-05,5.0638216081839256e-05,7.787393083164073e-05,0.00013530510106226783,0.02673503391605389,0.01589965944624055,0.0036823269755693095,0.5555135673837721,9.210644730617024e-05,0.0013577886799250392,0.15658795566940678,5.2640836292578086e-05,0.07788704612647657,3.107650027739063e-05,5.212147543765936e-05,0.00028545145192630697,9.830190145400134e-05,0.00024735548965977507,0.001561133558837454,0.0004908353683170703,0.00018585087176757622,7.641752657854671e-05,0.05594140928577902
Z_E_1886_RIT_0105,4.468632266163793e-06,0.19152210509386966,3.45754560948581e-05,0.0013449544961856165,0.0006474737249791692,0.13874358118038163,1.645918731891929e-05,0.0002504225631798072,5.080030244936228e-06,7.812319519262928e-06,1.3573819515671763e-05,0.0008573991265870677,0.0015950552195707261,4.4790021192570105e-06,1.6162383348600885e-05,9.240126810801642e-06,0.00013621347855350245,0.0009899787988023958,5.280933278787816e-06,0.04223892126184033,3.1175972127606475e-06,0.31007609120686286,0.24051906213913038,9.861655310171211e-06,2.4814724252762953e-05,0.042123834521625415,4.924064687241969e-05,0.006344138825749034,0.01290194295354022,0.009504658894976873
Z_E_1886_SCH_0400,4.82913369561805e-05,0.15570635292685833,0.00037364788625218607,7.423336239958807e-05,0.0030533504256764796,0.05990466043552297,0.0001778701207663192,7.70987553504552e-05,5.4898554567437194e-05,8.442568818444005e-05,0.008034145334843897,6.365476764166318e-05,0.008035310706704732,0.009250436132984225,0.00017466263809894748,9.98556271271179e-05,0.0027865994438928854,0.00018183241037048585,0.0013716457655004457,0.010823645052718241,3.369105545673362e-05,0.07235819235421793,0.38153653761718054,0.00010657232261763578,0.0015827423216208806,0.0030070523112083617,0.011048739593170194,0.05804283563867134,8.284675246064774e-05,0.21182417266097878
Z_E_1887_HIL_0483,0.0440192396862985,0.27311132916907915,0.0002500520199653909,0.015884970333488926,0.012600219454932613,0.03481086703228721,0.15407326177980213,5.1595901439643216e-05,3.673911981801715e-05,0.0026957145535658916,0.059040642572655955,4.259893823802504e-05,9.894666234715764e-05,3.23924440584904e-05,0.061698578574361534,6.682521750221898e-05,0.00010536657787711073,0.05290599226995072,3.8192064047991773e-05,0.019559720053143863,2.254667236639013e-05,0.013233891927840987,0.02571951609349274,0.0009510585980950004,0.00017946175192206143,0.11637837238840684,0.00035611166432833084,0.05203940706332178,5.544256655148276e-05,0.0599409468488138
Z_E_1887_KER_0500,3.2546507898588045e-05,0.30517019591907013,0.00290974587672599,5.0030437506198066e-05,0.0029438148594845884,0.11479524538529567,0.00011987763552077249,5.196160239385852e-05,3.699951901251899e-05,5.6899673948392114e-05,9.886255967535157e-05,4.290087059946325e-05,9.964797558768905e-05,3.262203492464502e-05,0.0018896636088656885,6.729886066232143e-05,0.00010611339413570708,0.0045524173005926614,3.846276140720239e-05,0.046277570660088266,2.270647846277967e-05,0.16482921878549767,0.25979890619409424,7.18256556655932e-05,0.009040472207139657,0.005570533247412205,0.0021305834028709724,0.027600983782574588,5.583553186318956e-05,0.0515060572710233
Z_E_1887_KIR_0487,0.0022098494562138283,0.4113677352689031,0.00015559986408553,3.091333184256764e-05,0.013862521254159538,0.04684375904075997,0.23054413029351795,3.2106580272737115e-05,0.007139514305651083,3.515776775453216e-05,0.0011559558751809448,2.6508040210760954e-05,6.15715370548316e-05,0.0027573309432222665,7.273554527931533e-05,4.1583326390526326e-05,0.0006130012773047476,7.57212856836451e-05,2.3765774720939622e-05,0.023120122890076984,1.4030117238312448e-05,0.04546062132359303,0.08936074844674169,0.00880333750322972,0.00011167365979082587,0.0488790695757466,0.017192077003160278,0.019791559655603034,3.4500244473760665e-05,0.03018279881213697
Z_E_1887_ON_0831,0.0013575137759767898,0.09224291889818813,0.08417455699279697,7.394175620209617e-05,0.0030413561433422238,0.14870936620590106,0.047316008402005914,7.679589321202634e-05,5.4682900066176175e-05,8.4094044121632e-05,0.00014611247971046457,0.18861875270516687,0.00014727327371511645,4.821326123553367e-05,0.004102212938390494,9.946337061625198e-05,0.07872155707340363,0.09314937998511612,0.01838861542117147,0.0003058301055913632,3.355870902578061e-05,5.628463348813257e-05,0.00030825164129407817,0.1415226646727151,0.012051822046067577,0.0514434890347478,0.033265343891698336,0.00020069555040511932,8.252131083064911e-05,0.0001767228837971586
Z_E_1887_SCH_0508,0.00012550428787066524,0.13476547266984124,0.024886222925018693,0.00019292498140316953,0.01818469811977566,0.1317709880119538,0.12687091618324423,0.0002003718471235061,0.0035591257703951598,0.0241345637601913,0.0037976790704326003,0.00016543228632681596,0.027715857711330925,0.00012579553157797188,0.09269808032160524,0.00025951464925975053,0.000409189397708591,0.28403791349353597,0.00014831826182371046,0.06571050587710477,8.755963676353093e-05,0.00014685493592150244,0.0008042741370872474,0.0036934206536910776,0.017779186775108743,0.004398574039259332,0.011632303859420056,0.0005236443833411259,0.010464660290579993,0.010710446131303614
Z_E_1887_UNB_0513,4.354062711381617e-05,0.16053788725585025,0.019300943186096084,6.693057917568343e-05,0.003938227274284324,0.1512022511079477,0.00016037196505872624,6.951408615378742e-05,4.949785291049705e-05,7.612022444939907e-05,0.0001322580554495871,5.7392664535611965e-05,0.0001333087826574,0.11738372142475784,0.00015748002179112147,9.003222731032015e-05,0.00014195820148325862,0.030980531063414543,5.145537448800556e-05,0.006203097867918699,3.0376663293535035e-05,5.0947709542568104e-05,0.4163029422798177,9.608816098751484e-05,0.001427038421104029,0.06908541698312816,0.004035541840128596,0.014404705515478606,7.46966181481549e-05,0.003715725965524606
Z_E_1887_UNB_0514,1.5802154426766468e-05,0.1047214258111683,0.0960485617482353,2.4291045355005005e-05,0.0005689712082501489,0.1662878293107791,5.820363016264037e-05,2.5228674850416512e-05,0.00044812696045912697,2.7626233738095146e-05,4.8000278244385636e-05,2.0829459933698565e-05,0.024997821481914612,0.14799182698562283,0.010811222967249023,3.2675302439361805e-05,5.15207421363176e-05,0.003500802242411866,1.8674645443693007e-05,0.022899096146768043,1.1024570755022766e-05,1.8490399134059283e-05,0.36875074771034033,3.487317613822087e-05,0.0035290528610933207,0.0487320499904997,0.00017412672594333594,6.593168688222532e-05,2.7109565786658133e-05,5.805628383847289e-05
Z_E_1887_WID_0844,6.315144902399363e-05,0.06437331727309992,0.0004886260544616779,9.707630181601858e-05,0.0005547316297413002,0.16085495081281304,0.1635466091802952,0.017291771346340853,7.179182621103084e-05,0.00011040498937797346,0.00019182745863774661,0.001802337275245428,0.12740636603457897,6.329799750012606e-05,0.034610305307492296,0.025917004875792023,0.34574394974338407,0.000237785510159747,0.006951010188528877,0.00040151677698413066,0.003482247982308709,7.389470238121079e-05,0.00040469595128034996,0.00013936654115132908,0.005507970156028687,0.017685134672256998,0.02132501445438831,0.0002634882213374723,0.00010834018676205685,0.00023201510062055848
Z_E_1887_WLK_0847,0.014355422909007317,0.17276204937812478,0.013489006980538744,0.1053326309383111,0.0016426982593268974,0.01857395398765881,6.689373911125478e-05,2.8995449061349032e-05,2.06463546041203e-05,3.1750976135658394e-05,0.0005495552974076561,0.02375457898264041,5.560524824309283e-05,0.003478921916054291,0.1651913878352777,3.75538974227593e-05,5.9213060657120986e-05,0.008472985400613895,0.2012375109271461,0.15584779298179888,1.2670597312217664e-05,0.014852900847295604,0.00011638506161446653,4.007992525642075e-05,0.00010085246969478224,0.0006365097259362158,0.00020012476446919393,7.577563545676347e-05,3.115716693417051e-05,0.09894438928688819
Z_E_1888_BOR_0475,8.539712022920654e-06,0.2888266556170465,6.607490178749971e-05,1.3127231038577724e-05,0.0035620063954881075,0.05104249212828359,0.057683060227595284,0.0002461000933509988,9.708114871740117e-06,1.4929614913876192e-05,0.013973909271326643,1.1256540381952722e-05,0.0014209430464146079,8.559529173641828e-06,0.00026335303176656054,1.7658204416819195e-05,2.7842551665364024e-05,0.02746316091201995,1.0092047572270092e-05,0.009352941623391186,5.9578369430903105e-06,0.0788160186225812,0.32109048380032984,1.884596704361745e-05,4.742180300924613e-05,0.07166640222837968,9.410059254524025e-05,0.011658938124834073,1.4650400105718714e-05,0.0625647698297001
Z_E_1888_GPF_0107,0.009123913640852325,0.10847555333156446,0.03602404761550989,0.4904311059633662,0.011474965473281327,0.10091131329930184,3.425728908345951e-05,1.4849005210298315e-05,1.057330846787669e-05,1.6260152035338522e-05,2.8251835895965968e-05,1.2259730680150395e-05,2.8476283265509156e-05,9.322360055313469e-06,0.10586442223629362,1.923191523323891e-05,3.0323898221233195e-05,0.027378859007204052,1.0991457503733815e-05,5.91343187955924e-05,6.4888032983600325e-06,1.08830144551809e-05,0.05778548401151036,2.052553204820995e-05,0.00030483175601834594,0.000579149886840669,0.006178895475419524,3.880584167985968e-05,0.001788241888098801,0.043328581668809325
Z_E_1888_HEI_0989,0.0014097966310439674,0.11105827448484196,0.2812236559755113,0.001423456295363259,0.06044341262573991,0.2059730447229282,9.365676351679138e-05,4.059602515693487e-05,2.8906602864969382e-05,4.44539908050128e-05,7.723832165987829e-05,3.351715000836968e-05,0.06306664284495873,2.548660721494267e-05,0.0007841523924198391,5.257856021783433e-05,8.290317887367648e-05,0.004248850182848915,3.004978980164249e-05,0.058305167921423394,1.7739883460740854e-05,2.9753314942566026e-05,0.08253290603840127,5.6115207960915246e-05,0.051362855932822846,0.015427041047235376,0.00028019121054920036,0.052712115323097206,0.0021201761550529003,0.00701526481927739
Z_E_1888_JON_0484,9.830116554090093e-05,0.1965366922101301,0.07301077280498754,0.00015110838725631247,0.0062153571337475655,0.0095519137377762,0.032473261215056635,0.00015694114080087697,0.00011175072467732022,0.00017185574211071763,0.00029859746780592513,0.0001295747487191878,0.00030096968235679845,9.852928201700252e-05,0.18499489079171175,0.0002032647085608802,0.00032049737426648883,0.06191658548923479,0.00011617019829072369,0.15582908989063884,6.85810381001717e-05,0.008142821874501991,0.008657745107962814,0.0002169371193268182,0.013925538417967181,0.0007692481268830278,0.0599537152625497,0.061956594174789596,0.0001686416827836009,0.12345405329944854
Z_E_1888_KER_0486,0.0001886749409583043,0.17691726291941862,0.0014598476108001772,0.067058909013326,0.017065551134889324,0.2545926313365287,0.0006949410939747578,0.0003012259347241815,0.00021448943422515467,0.0003298523656120227,0.0005731148689701055,0.0002487000833587045,0.0005776679934204991,0.00018911277770645735,0.07772342273236152,0.00039013735672008916,0.0006151485878553617,0.0007104218158649842,0.0002229719778296732,0.0011995948685590233,0.00013163143329185923,0.0002207721093400294,0.13988291712842837,0.07232132534586067,0.0010477292277410774,0.04770106907009902,0.0020790424425275278,0.13432496914953299,0.0003236834412615996,0.0006931818048131716
Z_E_1888_KIR_0488,6.1065682849410695e-06,0.22747904912290604,4.724877122356925e-05,9.387006554098828e-06,0.020167670958857367,0.08038456783095003,0.005674368339029204,9.749343130813123e-06,6.942068564281345e-06,1.0675853318561797e-05,0.0005172441358735886,8.049315048340665e-06,0.0003511598476600062,0.008151471716112135,0.00035454986135723365,1.2627010228370122e-05,1.990962253940221e-05,0.012656598789968717,7.216610755670872e-06,0.055393965861094546,4.260323770388994e-06,0.022780881815882892,0.5015600288348319,1.3476354277370486e-05,3.391033298239313e-05,0.03861352987656292,0.00754771371930496,0.007339671287228563,1.0476192687429974e-05,0.010827492629014302
Z_E_1888_KLA_0489,5.048126530434127e-05,0.10230301248318398,0.018255060221699385,7.759971659362625e-05,0.00044343486976903054,0.22065306562325657,0.00018593622214823773,8.059505014351672e-05,5.738810877111087e-05,8.825424666969904e-05,0.000153340786028052,6.654140091670702e-05,0.0001545590054809193,5.0598411507918926e-05,0.00842772238665937,0.00010438390657333561,0.00016458719375976892,0.00019007819471159973,5.9657671077479754e-05,0.026430566929179288,3.521888636957635e-05,5.9069081282267314e-05,0.4771673791123532,0.00011140519255125284,0.00028032708977711226,0.007265986466928342,0.0005562619634973759,0.1362554192925043,8.660370895019903e-05,0.00018546551235253299
Z_E_1888_SCH_0509,1.8306306207932173e-05,0.19407273909778247,0.003131623980019432,0.2377316566847179,0.11776673786383907,0.14131128419120698,0.004054068884024268,0.003517538197390891,0.0020141318649251495,3.200413567183211e-05,5.560683485786405e-05,2.413028384574309e-05,0.004042690386817401,1.8348787597034856e-05,6.621120759249045e-05,3.785332529585653e-05,0.06434428392054917,0.05737690474733879,2.163399803496059e-05,0.025531232816757704,1.2771623577517348e-05,2.1420554394888116e-05,0.06739189310670389,0.0005387297166360273,0.00010165659503382121,0.021571454154825163,0.05501804492069757,7.637981608552715e-05,3.1405591861197654e-05,6.725640571145744e-05
Z_E_1889_DIE_0477,0.03569387972072139,0.13878394146840484,0.05118804304085611,0.017030180922956602,0.0002739983077235548,0.11426457863334985,0.031532019289706524,0.0008989112673801003,3.546009968708567e-05,5.4532279451794135e-05,9.474923769204291e-05,4.1115916874622065e-05,9.550197522189801e-05,0.007673269181127939,0.24720429486703757,0.0009136103964942452,0.0009508099943000512,0.12069129700883821,3.686246173304327e-05,0.0783165885208092,2.1761742079955035e-05,3.649877222906817e-05,0.0018981144699839064,0.056110203092192924,0.00017321404662652023,0.0010932050120360452,0.03345906669071494,0.003526591016301952,5.3512412560828936e-05,0.05785418815490711
Z_E_1889_DNT_0478,1.1153194072856904e-05,0.22693193570248246,0.0003899061611151579,1.7144671274572394e-05,0.01133153333435839,0.023854488529197596,0.1497207041156299,1.780645215889573e-05,1.267917336737947e-05,1.9498654301287682e-05,3.3878698078279186e-05,0.001229140615856389,0.048004493834968374,1.117907603788934e-05,0.0015583883804124133,2.306229768759889e-05,0.0033760710809428557,0.0003456051464087883,1.3180604318263263e-05,0.09024301804767436,7.781165395551202e-06,0.28054849165014306,0.06625840652909422,0.0045787603324977545,0.00036554449292592077,0.00039088823765324153,0.010445631692775757,0.00035014450901082203,1.9133988966550693e-05,0.07989034963119349
Z_E_1889_GHR_0692,4.766474757428205e-05,0.0797274371310778,0.0003687997330874297,0.03640380852141741,0.14963340524833904,0.025391886051093535,0.0468862543875376,7.609838417613841e-05,0.0402772822669166,0.003975887929130117,0.0066323815275856225,0.04417848254692489,0.028691358634588587,4.777535780144556e-05,0.057263242337193876,9.855998116607444e-05,0.057246250307085224,0.06765047289491101,5.632917114169639e-05,0.02236087921856242,3.3253907534461414e-05,5.577342072925206e-05,0.0029004903579299512,0.2686916694795165,0.00026468670885929795,0.00945563136344676,0.005715303165317047,0.00019887270605739384,0.003974329480400919,0.04169573303289767
Z_E_1889_GRA_0999,5.0620389354866355e-05,0.10671888605373088,0.03897502614475664,7.781357785140213e-05,0.00044465695592028686,0.250198693486816,0.00018644865384361307,0.0014587942207254763,0.20262017325315518,8.849747132341376e-05,0.00566567160348685,6.672478596395839e-05,0.0001549849630071025,5.073785840800508e-05,0.0015610635311854994,0.00010467158382953279,0.00016504078851264147,0.00019060204149327895,0.0207294778997169,0.025125431304379192,3.5315948004168476e-05,5.923187295952105e-05,0.30347934461238685,0.00011171222014938883,0.0002810996583719479,0.0003961259205733281,0.0005577949959411593,0.04017253917256194,8.68423847977042e-05,0.00018597664679331286
Z_E_1889_GRA_1008,0.022258327046897782,0.11344696191176415,0.010729415277972085,0.26473634157723597,0.0278686131487443,0.12219460892850739,0.00023101540334405165,0.00010013486238090186,7.130152985651665e-05,0.00010965098761107203,0.0001905173888341266,0.00179002836151115,0.0001920309586755174,6.286570904807954e-05,0.0002268495665023743,0.00012969119196388644,0.00020449042425614846,0.12316567663170601,7.412133465604767e-05,0.08576649344160689,4.3757505374662774e-05,0.006902807547833559,0.058451980891089786,0.0001384147488558261,0.0003482908008182178,0.0021981661217204524,0.002398478893544945,0.027579358763171524,0.00010760028639428127,0.12828200875812237
Z_E_1889_LAN_0492,1.7404304737979278e-05,0.13192109635925114,0.0020297680775405386,0.4818570862696814,0.00015288197628126132,0.02680130974609298,0.006696970718026819,2.778656209613384e-05,1.9785560590986627e-05,3.0427204908592937e-05,0.0014741953491090077,2.294131916592091e-05,0.028006079082766016,0.004755206073499753,0.0005367249394632828,3.598818905965213e-05,0.004794505712505666,0.06449908757863472,2.056803214283337e-05,0.05933267378889505,1.2142330966012026e-05,2.036510545112342e-05,0.10292095465854513,3.840890098268833e-05,9.664769825751898e-05,0.002505076723613325,0.00019178110272173512,0.006231706169629382,2.9858152978564604e-05,0.0749205723124049
Z_E_1889_LAN_1006,9.348112579933678e-06,0.15050661129688972,7.232979507502855e-05,0.516338575629112,0.011278894424956259,0.0464588887733903,0.00028890389483881494,1.4924578407154202e-05,1.062712074088382e-05,1.63429071864931e-05,2.8395622063824898e-05,1.2322125906427816e-05,0.0013009824875618266,9.369805695047843e-06,0.007159033888014324,1.9329795010049096e-05,3.0478230036547115e-05,0.04227759300657557,0.01807857751450898,0.03772132904381525,6.521827706532912e-06,0.00866299507850788,0.11202769815474631,2.062999561678459e-05,0.0003063831805063328,7.315292806994875e-05,0.0031566755627823336,3.900334188077526e-05,0.0007794540263669218,0.04329462785145182
Z_E_1890_GLO_0482,3.346564826147651e-05,0.04960005525531574,0.001169930547036566,0.005517410234489279,0.00029396718345108176,0.17816279413142228,0.00012326307932193536,5.342904111967737e-05,0.0018600333814188278,0.0009695010505674789,0.0028346379682912077,4.411242674840211e-05,0.00010246211702271356,0.015520449513437925,0.00012104031032201215,6.919943627565258e-05,0.0001091101243501167,0.00012600892564885457,0.000950543464332618,0.03209758141269211,2.334772823738617e-05,0.014615070509184501,0.4748425847148216,7.385407172235974e-05,0.0020078267752083696,0.022125750411945568,0.0003687638790234634,0.19418145428872788,5.741237356856431e-05,0.0019449399960343385
Z_E_1890_LEG_1009,4.133591805843497e-05,0.08264423478573675,0.0003198312447394579,6.354150410322739e-05,0.03299498040794506,0.24594261078011623,0.10254883918096208,6.599419346094256e-05,4.699149570419325e-05,7.226582548306019e-05,0.0046265099919706575,5.448654821157841e-05,0.006877981971130799,4.143184168163953e-05,0.00014950591454693932,0.0012107106128018343,0.33545546403096005,0.06429416502456926,4.8849896854778295e-05,0.00026281367805506856,0.010155973573488433,0.030429773097025874,0.0227696391758327,9.12226720709145e-05,0.009231439963841005,0.0036991826967696013,0.035337841841268675,0.006923890156003008,7.091430444819141e-05,0.0035275776721595876
Z_E_1890_LYO_0494,0.27601962072911207,0.10305314565213423,0.0033694772612740606,5.7935101101821095e-05,0.06188837187749873,0.029311091355544938,0.0001388179532286283,6.0171384424289246e-05,4.2845335390950385e-05,6.5889656920397e-05,0.00011448255652904783,4.967908336256571e-05,0.00011539206587088826,3.7776221550577254e-05,0.02578519312314599,0.008285572984294902,0.013460295788282771,0.38487508683952976,4.453976582766107e-05,0.03922592028653524,2.6294036010468454e-05,4.410033111333463e-05,0.0043453429440925275,8.317390033167737e-05,0.00020928914435172348,0.006450661296733619,0.00041529910815376616,0.00015724967326481484,6.465738348114765e-05,0.0422026271609075
Z_E_1890_LYO_1015,0.00013620722700806022,0.05356312477983778,0.0010538855552915032,0.007624983598147346,0.13467737372272656,0.2764892573941605,0.0005016882414987362,0.00021745945202526312,0.0001548430910323822,0.00023812529535647905,0.0004137400900353643,0.0001795402640059584,0.0004170270578354377,0.00013652330782433215,0.0004926414362674885,0.007697251997578284,0.018983100044134397,0.10433134907576104,0.0001609667645656987,0.000866005256180956,9.502667616969238e-05,0.0780232424513412,0.008288468285740322,0.0003005905707834984,0.06008121981952249,0.0010658790632577621,0.16464422513641355,0.07843216430309351,0.00023367185773977232,0.0005004181846645435
Z_E_1890_ON_0834,4.3386355646182135e-05,0.10800270898511975,0.05820733180365581,6.669343333366242e-05,0.146831781736446,0.14948546334700719,0.00015980374130870328,6.926778652966507e-05,0.03193777472523338,0.011886388389027166,0.002493897017980974,0.1535941816336702,0.00013283644812957373,4.348703748964186e-05,0.0001569220446627432,8.971322860124743e-05,0.00014145522066885135,0.0013444173657601983,0.0224912950143434,0.016810603374967332,3.026903387386984e-05,0.014223412638565688,0.10657287535186576,0.08395056658792073,0.009689358703280453,0.00033951655231615683,0.06071182504412502,0.0013620756615786236,7.44319559769167e-05,0.019056259780915186
Z_E_1890_RIC_0780,0.036978553832395525,0.09646800671634602,0.039054379195622664,5.215604659500666e-05,0.18963924065758575,0.09565846675833287,0.00012497079489153095,0.28729862508298953,0.017587268150373942,0.02961501676616685,0.00010306286584622557,0.036989348113845126,0.00010388165118895335,3.4008025081590305e-05,0.00012271723112930208,0.07765386968220361,0.011194009124528436,0.004745832750717207,4.009690252814897e-05,0.022382497073574488,2.3671193132511307e-05,3.970130164025903e-05,0.00021743041810339702,7.487726332889831e-05,0.00018841245043230707,0.019661438899344925,0.022540647546092474,0.010301335691272822,5.8207778038173635e-05,0.001048270036671414
Z_E_1890_SAH_0501,1.7843913807702093e-05,0.10367994371879917,0.0030525234169516175,2.7429634460444026e-05,0.32463312035108377,0.17854437195799716,6.572398496234954e-05,2.84884128679846e-05,2.0285316945307845e-05,3.119575472689984e-05,5.4202281828592406e-05,2.352078569035707e-05,5.4632893121411186e-05,1.78853221746861e-05,0.004436226513690201,3.689720177528213e-05,0.20358452772513588,0.046698523658420366,2.1087552664478163e-05,0.018571688568268616,1.2449029733966077e-05,0.0009923656583563755,0.021001302262811432,3.937905758958969e-05,0.0005848319667031033,0.013254699293415037,0.07451531632232002,0.005903367514014726,3.061232931896763e-05,6.555760036457135e-05
Z_E_1890_SCH_0503,7.151097031480634e-05,0.22862704710804937,0.004446618420871977,0.00010992654396257716,0.0006281628960254317,0.01278868083427126,0.0002633943420856846,0.00011416968658742615,8.12950966663045e-05,0.00012501958450731823,0.00021722015745033409,9.426150705558976e-05,0.00021894586806011593,7.167691779326256e-05,0.0002586446248016135,0.0001478686082709457,0.00023315164261819606,0.0002692617955902197,0.35437587180011726,0.029654504096212786,4.989052319730037e-05,0.0117636113363566,0.3099765441142497,0.00015781485209252096,0.0003971069677954997,0.0005596035373900453,0.000787991991070316,0.0002983668413880132,0.00012268145860752064,0.04308915587654012
Z_K_1879_WEN_0341,4.4980072184068035e-05,0.08258348419803621,0.07503872018831995,6.914329173013737e-05,0.14242987161782666,0.2639514771480113,0.0013901114190689914,7.181220897056653e-05,5.113424276252694e-05,0.011098575023839007,0.00013663048227339816,5.929005539813794e-05,0.00013771594632814514,4.5084452386530184e-05,0.0001626862821519984,0.0013174462626149687,0.011166589592202819,0.00016936443385878917,0.0037264692392622563,0.00028598320214313325,3.13809101573728e-05,5.263203138639388e-05,0.005185997937983049,0.001323702404338194,0.22799516955705243,0.056676117038013805,0.03233102059655876,0.08222498967232035,7.716607451305252e-05,0.0001652544183070364
Z_K_1887_BOE_0421,0.00012381229382866103,0.11272627793984129,0.021180326821313676,0.12826517847831206,0.11231048532259115,0.2648101452925673,0.030789552487194553,0.0001976705213180665,0.00014075228389390026,0.003586846667429841,0.04756156219618878,0.00016320200043324905,0.00037907736434695773,0.00012409961111539754,0.007188592604380656,0.00025601598600441376,0.0004036728848091457,0.0004661930946495147,0.006887100511704571,0.01763915282761247,8.637919594961533e-05,0.0035152660077415027,0.024386167606011824,0.0980145729356576,0.007428322819472065,0.0009688834775123834,0.10921681848832772,0.0005165848382707997,0.0002124075891234003,0.00045487985239744423
Z_K_1887_HFM_0420,0.0003094762522560194,0.16382317258871051,0.019243520232574897,0.008900220536751992,0.002718484982268341,0.19013716334753636,0.093809320913579,0.0004940893204326346,0.0003518187731522024,0.00054104415450672,0.0009400582868090802,0.00040793318573567513,0.0009475266018052641,0.00031019441904186893,0.0011193299265468705,0.0006399273078319667,0.0010090045799570763,0.001165277593188161,0.00036573236332475636,0.0019676493458092095,0.00021590997960484502,0.0003621240036126867,0.04410569981613037,0.000682971420481748,0.01856753829227512,0.002421782346656604,0.2645694923333182,0.1782056121252167,0.0005309255050521443,0.001136999465832889
Z_K_1887_LEH_0419,0.00027892844818220994,0.0033868599913586656,0.002158172286127741,0.00042876834402520524,0.010043077158438177,0.42952866255066574,0.001027369294172793,0.00044531871640240495,0.0003170914204930051,0.0004876387293515829,0.0008472669461034017,0.0003676668876200143,0.0008539980781280271,0.00027957572610952337,0.0010088430279856892,0.0005767613172959318,0.0009094076836090927,0.0010502552890571666,0.0003296316270102508,0.009366355059760977,0.0001945979218735374,0.00032637944152708753,0.03215918265311525,0.0006155566285912598,0.0015489152196080296,0.0021827328813235573,0.261233133693919,0.23654456566475027,0.000478518872272114,0.0010247684411222894
Z_K_1888_ERD_0479,2.6918188499431832e-05,0.03256833444155544,0.006803124770415172,0.005903466431887966,0.06252113660648556,0.17481446772433895,0.03673719598993827,4.2975799810187685e-05,3.060113331576521e-05,4.70599227932984e-05,8.176609991982864e-05,3.5481954782503224e-05,0.00741002548954435,2.698065451669359e-05,0.0015628810741372947,5.566076160152213e-05,0.06457072924907323,0.03307559972070245,3.181133487481347e-05,0.019955692236274115,1.8779811011488226e-05,3.14974803990817e-05,0.0009052618814128987,5.940473074180713e-05,0.020666786597574368,0.00021064619090051964,0.44141872604095167,0.09024191186996466,4.617980449216098e-05,9.889600808440616e-05
Z_K_1890_ON_0833,4.542503312751745e-05,0.09823903577951294,0.00035147023629587376,0.0013063774999760318,0.0003990201816003678,0.10828416367104195,0.00016731274463444945,7.252260419011995e-05,5.164008323359325e-05,0.04583177260727641,0.08422339670778449,0.09280114270353226,0.001375628502820345,4.5530445900874e-05,0.00016429564020941547,9.392875526172057e-05,0.00014810204704317675,0.002644140284931321,0.02725778705550408,0.00028881226286396876,3.169134272699575e-05,0.07177306516019902,0.27604179700400305,0.0013367970002799321,0.0014887995844304503,0.06712918167591893,0.0202853498900463,0.0978769948819342,7.792943232130827e-05,0.00016688918139897135
Z_K_1890_SCH_0502,0.0013791848323098438,0.1030276720833617,0.3369478951971123,7.512214640687885e-05,0.003089907695066864,0.22824161840548401,0.00017999973087155758,0.017372120889362193,5.555584605667721e-05,8.543650325514827e-05,0.00014844498773712477,6.441689584977511e-05,0.00014962431240622443,4.898292731091746e-05,0.00017675384553446607,0.00010105118235403655,0.09461171940667946,0.0001840094603264679,5.7752946759395246e-05,0.09077215345988043,3.409443299899699e-05,0.005378444393241322,0.005634433747867509,0.00010784829575020825,0.06412651185614714,0.00038242463876544415,0.028475123403322936,0.014837367831868828,8.383866319003984e-05,0.00417048998272217
Z_K_1890_WAE_1014,0.01337989847700776,0.10422903319969919,0.3158228845635517,0.00018716987280584425,0.0010695612280001894,0.16761456686569673,0.0004484766256523073,0.01676706719722111,0.003452954163321849,0.00021286851097984482,0.00036985670407945853,0.00016049730711163075,0.0003727950392957692,0.0034365774698372985,0.00044038937076484386,0.026768049284465117,0.043485931718564574,0.007087536071015881,0.00014389380783359619,0.08032298082077406,8.494766181528198e-05,0.00014247413412935253,0.0007802819875621204,0.00026870840043043744,0.0669668370344339,0.0075818955307420145,0.03117250993080204,0.10657312831718688,0.0002088874276900968,0.0004473412775291705
Z_K_1890_WEN_0445,1.7562396985738095e-05,0.06618824685925455,0.0015701258142319264,2.699688727257063e-05,0.07760318050921537,0.21062736089371104,0.02444675128688872,2.8038961725156755e-05,0.033963623293759675,3.070359085387696e-05,5.334715249497076e-05,2.3149706962393952e-05,0.0005318506604850941,1.7603152068246417e-05,6.352059773481648e-05,3.6315088282968664e-05,0.0751157711457831,6.612807134948058e-05,2.0754862153131942e-05,0.01493213208129844,1.225262600073751e-05,0.01197254234948021,0.12823790280787695,0.00434147500140718,9.752559898887684e-05,0.02117293954479057,0.19859659462035928,0.13011095174627801,3.012936993260973e-05,6.452332237437765e-05
Z_K_1891_HUT_0453,0.01633675061355906,0.02783591228633598,0.0023003626005715025,0.013657022187863674,0.024005782645359987,0.41885363382737295,3.0265063779047587e-05,0.0002367970978637075,9.341131878714211e-06,1.4365250478740865e-05,2.4959465215811193e-05,1.0831024312657848e-05,2.5157756269657128e-05,8.235964642676137e-06,0.032015751103946916,1.6990694730957182e-05,0.00069782568880869,0.07496325152035883,0.006496388329245184,0.026222632666910845,5.732620733535541e-06,9.614745807582872e-06,0.017499583103804867,0.1022392281969032,0.06916229929640813,0.00028797922955696355,0.07770699822413626,0.08861098699470654,1.4096590457722655e-05,0.0007012240779794967
Z_L_1877_RIC_0783,0.03607687623229568,0.004774902860186555,0.029491742542562517,7.82448563179014e-05,0.003218350316118578,0.011874112105129524,0.0029587109054406563,0.11647287754028872,0.0028290940833354482,0.14696411795892023,0.0001546156132666143,6.709460527008235e-05,0.000155843960614227,5.1019070843827645e-05,0.047294991978748355,0.0014908661555656543,0.10685826693091777,0.04730254919807784,6.015364625830902e-05,0.04050644671844598,0.29517138610726457,5.956016311200119e-05,0.00032619059407908244,0.03336707779416713,0.03215178962120035,0.00039832143174609193,0.03935809070051681,0.00021237518976653037,8.732370504510649e-05,0.00018700741449797833
Z_L_1878_GRI_0695,0.002105041232797839,0.1075963949942175,0.07869106755539731,0.14128652111295215,0.01810618182662336,0.014865859594533922,5.654949701255434e-05,0.009637077272238937,1.745366582161052e-05,2.6841102829412743e-05,4.663612189820027e-05,0.01924536867220164,0.14381755284306463,1.5388689128715717e-05,0.05355154695350053,3.17466782143263e-05,0.06650214039809449,0.020118815660248108,1.8143916518225685e-05,0.05066806848623031,0.2624755456324005,1.796490644433352e-05,9.838763360390325e-05,3.388208887205157e-05,0.0013390698570077272,0.0030457076255201543,0.006020304967355226,6.405792422157629e-05,2.6339118456709065e-05,0.0004743439725941728
Z_L_1886_B_0647,5.027400721302442e-05,0.017033021955672724,0.0003889885373357754,7.728111980230257e-05,0.09350287258516422,0.15679393859898538,0.0029222686666423815,0.04250524955750445,5.7152493641092315e-05,0.004193535654746935,0.0001527112233884946,0.10544445775234626,0.046684553591764356,0.005524582337220503,0.00155038157997227,0.00010395534343986113,0.38335732799089023,0.00018929780135974194,5.9412737933166056e-05,0.001688189945855097,3.5074290168921385e-05,5.88265646779668e-05,0.00716491250791441,0.00011094780251889618,0.0002791761666134131,0.014078894495968778,0.11551200311009846,0.00020975937915587928,8.624814497394438e-05,0.00018470405703116687
Z_L_1886_LEH_0398,1.3345178208344732e-05,0.02123225302094304,0.00010325656615660475,2.051418562145134e-05,0.008835933831906565,0.6395788179289404,0.002592110366654648,2.1306029086066017e-05,1.5171064631069862e-05,2.3330806831996405e-05,4.0537021087227574e-05,1.759082004210386e-05,0.0007674180534743983,1.3376146864810647e-05,4.826753986714295e-05,2.7594828039791116e-05,4.3510110499282415e-05,0.000776807871800893,1.5771043915480348e-05,0.002264525569559623,9.310430554145016e-06,0.001468733415043949,0.04295250055769969,2.9450968373480403e-05,7.410699686603332e-05,0.04551436822165155,0.00014705287176622803,0.2332811145991279,2.289447228543684e-05,4.9029482500583515e-05
Z_M_1877_GRI_0694,0.09804475519989464,0.21875876267064323,0.022601065719330984,0.18527143133253496,0.024946091743906048,0.01896236486264583,0.0008762095864051451,4.5264390363098724e-05,3.2230735671606175e-05,4.95660051745723e-05,8.612039058228048e-05,0.030136896971147225,8.680457603491454e-05,2.8417455490985728e-05,0.13439273445297123,5.862486450901194e-05,9.243668158085314e-05,0.00010675312676917602,3.350538410232149e-05,0.07427139949360426,0.012368303172654506,3.3174815932107683e-05,0.004040600618460794,0.09499184092812635,0.00015743938118317996,0.01179860430913177,0.000312411973378671,0.00011829228566419819,0.003135769837988298,0.06416212703411771
Z_M_1878_GRI_0696,2.1740699268490973e-05,0.08726159944325175,0.008453702974865277,0.10892839394281169,0.00019097350454054258,0.007438926028198472,8.0076905055241e-05,3.470976286223283e-05,2.471526034179803e-05,3.8008338825218465e-05,6.603907201080412e-05,0.0018041188319569718,0.07049320462843095,2.1791150467902734e-05,0.020792350814347556,4.495487796511286e-05,0.027294626091508775,8.18607228604308e-05,2.5692689716366923e-05,0.0397902016116021,0.605447551270392,2.54392025334869e-05,0.006649347420939213,0.0024152607731521823,0.0007125486060801403,0.0001701301515337111,0.0008313851104956781,0.0018661707475341439,3.7297503944701614e-05,0.008957181862507064
Z_M_1880_HAR_0101,6.616942931321962e-06,0.014670467183138847,0.40749385373549923,1.017155360689078e-05,0.007623372456090757,0.149246058355524,0.01209274421541868,0.003072688467144067,7.522272636900046e-06,1.1568119581384378e-05,0.0021815989823129665,8.72206054625577e-06,0.2660648227881391,6.632298127730396e-06,2.3932505939597137e-05,1.368235024578131e-05,0.0043445726313190115,0.000925539709865194,7.819760510268206e-06,0.0020234450518351126,4.6163930283292376e-06,7.742609807697676e-06,0.006346777165131338,1.4602680755333217e-05,0.010303867121624424,0.040039521147625524,0.01682453439647482,0.04505884763266646,0.01153934911233355,2.4310300139397693e-05
Z_M_1881_SCH_0102,6.392064860273403e-05,0.0007761499007547408,0.13795724568998313,9.825871412193714e-05,0.000561488392135602,0.12279342536600907,0.00023543712398657534,0.00010205148084710209,7.266626762658014e-05,0.00011174974824943042,0.0036742315081215136,8.425639650448092e-05,0.5761468853138699,6.406898207395129e-05,0.09593304905789043,0.00013217352955851932,0.007168539538320161,0.0193810532951704,0.005295641363069006,0.0004064073462503412,4.4595040283503166e-05,7.479475732565363e-05,0.012589861653547842,0.00014106405857018325,0.0003549572161363575,0.0005002060650678907,0.0007043528977615553,0.014186967752915176,0.00010965979584951216,0.0002348410993967852
Z_M_1882_ZOE_0367,8.41645001776143e-06,0.011328622273311967,0.05161503829666654,1.2937752890408263e-05,0.0009903743076017904,0.40611472947031113,3.1000073210673846e-05,0.0009298801185611467,9.567988166975953e-06,0.00024382486394746965,2.5565624266917148e-05,1.1094063739308191e-05,0.011252195125656264,8.435981128188987e-06,0.0034671021987007088,0.0002465140690528491,0.0007147729011671375,0.001635465839632816,9.946379191816338e-06,5.351177109959357e-05,5.871841662916231e-06,0.0006971804752586084,0.0005121569580636575,1.8573944792664954e-05,0.031893130559887115,0.17762668790545053,0.014526719139950073,0.28275777269707614,0.003221989335053661,3.0921594483079847e-05
Z_M_1884_ISR_0103,3.8397862185659095e-05,0.08095111735651395,0.19157933444108477,5.90251295296281e-05,0.05991700533519118,0.23682367699124507,0.00014142976390007687,6.130348773153483e-05,4.365145521618347e-05,0.06382787468694553,0.00847870146787235,5.061377773787056e-05,0.005343853728354369,3.8486967792529876e-05,0.00013887940010426012,0.027256109274012435,0.00012519092668163552,0.001189838417207774,4.5377765762013325e-05,0.02428507029247047,0.0010720468693130318,4.4930063239023886e-05,0.011743905876285715,0.023080417434849305,0.00021322684554903116,0.05151812738027325,0.12794460349281503,0.08378085789572756,6.587388927334786e-05,0.00014107172513547886
Z_M_1884_LEH_0389,9.557269738520186e-06,0.011823512995155449,0.09997764800741021,1.4691419057085867e-05,8.395246506397958e-05,0.5579438389207798,3.520202234469939e-05,1.5258504896170025e-05,1.0864894768433535e-05,1.6708567741064014e-05,0.0005493627235094287,1.2597824430626796e-05,2.92615903542246e-05,9.579448221164895e-06,0.00029473311913734543,0.0005400940552285504,3.116015806626232e-05,0.004718972125606699,1.129457534437742e-05,0.0013615945260312162,6.667748815230006e-06,1.118314169856304e-05,0.010988213408173783,2.109157662877636e-05,0.009679210143657885,0.015684742778376906,0.002706972091638763,0.28075886605799416,1.639608282009855e-05,0.002636771757310524
Z_M_1884_ON_0822,2.7420505409623036e-05,0.21232047352269875,0.00021216256438642684,0.03811033267642189,0.10772749706565,0.04670410901521385,0.15983807425680185,4.377776577361441e-05,0.029142134822945445,4.7938102059034097e-05,0.07024817625242542,0.03437215130224681,8.395364142211861e-05,0.013463313050521421,0.07324980000507153,0.0008031343796668452,0.07174715497588056,0.06280378194847723,3.240496217048797e-05,0.003906514212555122,1.9130258688955997e-05,0.011228609345416167,0.0233152030478982,0.014989212067600375,0.00015226857796363813,0.011411101127340324,0.0010485863236637802,0.00011440719587940204,4.704155998162216e-05,0.01279013546776944
Z_M_1885_BAU_0377,5.36515438027203e-05,0.019637834474498576,0.017941007435264653,8.247306339889984e-05,0.03406256389515022,0.3864013276916439,0.00019761321961635968,8.56565071613898e-05,6.0992144569398284e-05,0.019080172832073566,0.0016234612255316627,7.072027344112676e-05,0.0001642654795332816,5.3776046915601444e-05,0.00019404971511075632,0.0015714298006718876,0.00017492344896928854,0.0031229962544945993,6.340423786300045e-05,0.04269534005790291,3.7430670831023284e-05,6.277868398693785e-05,0.00472528874237392,0.12426009159179272,0.08354588878142218,0.000419845983997547,0.07653670031124515,0.18278516042171242,9.204251629207998e-05,0.00019711294873229273
Z_M_1885_GBL_0676,0.002797025999277098,0.2490979862025437,0.0002617980230321137,5.201192950445842e-05,0.011349978185422842,0.09078882675663905,0.0010456889645079584,5.401957958719131e-05,3.8464911971629246e-05,5.915322707029705e-05,0.010234476448493731,0.1603096468550542,0.00010359460640108914,0.17779916718536512,0.00012237814004657834,6.996428116514849e-05,0.00011031609257027709,0.00012740167229536602,0.014777001910750237,0.11166380828044832,2.3605785117395574e-05,3.959159938219103e-05,0.06561233724492405,7.467036318895924e-05,0.0057142727572964125,0.09697644356778992,0.0003728397383581879,0.0001411727737572133,5.8046938861015935e-05,0.00012430997917820398
Z_M_1885_KIL_0736,0.013118498423803925,0.12751482496420846,0.018914610458487875,0.005731915480398139,0.056229661758337615,0.05463234971377396,4.547030883415939e-05,0.019846966961629364,0.004718807133225181,0.015144067008976775,0.0013817200191724476,0.18955141313045412,0.007094956566417708,1.2373734236402328e-05,0.03499439258846605,2.5526862998332653e-05,0.05750569100560802,0.1932782311429882,1.4589156953275296e-05,0.10324744066312555,0.005385496124458606,1.4445218567006443e-05,7.911150977060691e-05,0.01851028066149955,0.048796559393461496,9.660551349859979e-05,0.02197962157928193,5.150768356053826e-05,2.117875337388383e-05,0.0020616864804322873
Z_M_1885_ROT_0784,1.964767752595697e-05,0.1457163382070137,0.039195687086006584,3.0202377031268744e-05,0.099118864329195,0.17573370205634695,7.236773704341173e-05,3.136818274782765e-05,2.2335871499289918e-05,0.01875391497239559,5.9681354999571304e-05,0.10164639831769413,6.015549491705325e-05,1.9693271684847555e-05,7.106274966698437e-05,0.0005754717160014811,6.405853911146007e-05,0.011305719287665059,2.3219201741742617e-05,0.04237765406784547,1.3707448060998776e-05,2.2990118290254557e-05,0.018845474770430706,0.2995564121052383,0.0038530185076906774,0.01299002504649334,0.013587619633294613,8.197645002191031e-05,0.0005685515330951875,0.015582681889250527
Z_M_1885_ZIM_0848,1.9913949300064027e-05,0.14498066820675284,0.03267966923968358,0.0016568910729922854,0.11130401826516376,0.20684623863561055,0.002241720999613523,3.179329465531615e-05,2.2638574560376194e-05,3.481470963733136e-05,6.049017630966531e-05,0.1962639616511838,6.0970741926919465e-05,1.9960161365959686e-05,0.046149941679370574,4.11775697521049e-05,0.004401671703951105,0.000617075549700615,2.3533875984179443e-05,0.043494063071731266,1.389321589584137e-05,2.3301687918572705e-05,0.002838080995163596,0.029316976242354176,0.023420588480271974,0.15139981772118144,0.001845714702099622,8.308742177689231e-05,3.416360225589376e-05,7.31628018361323e-05
Z_M_1886_HEI_0397,0.017548168720254637,0.03845903313619222,0.0026814987237273403,0.026323108366195738,0.05215159952815697,0.12052912619964569,0.0038400828366881145,3.670844547315789e-05,0.0006520375798808261,0.004421490995505739,0.0013216400766757443,3.0307461598557856e-05,7.039664117062702e-05,0.020051818666907598,0.016356538633980258,4.754350218653888e-05,0.05139869425933005,0.06768368242514992,2.717214471488754e-05,0.02267855613741941,1.60410666364842e-05,2.6904061050132216e-05,0.01829841959866558,0.15151833518679297,0.04456651942495781,0.008316615627274041,0.21493676700158065,0.11588727479840212,3.944519572989373e-05,8.44735580562439e-05
Z_M_1887_MSC_0499,5.090095072342666e-05,0.07128439568770456,0.0003938394305233855,7.82448563179014e-05,0.04201555446550408,0.40954545463633096,0.048683987224359286,8.126509213219842e-05,5.7865215522198e-05,8.898796481793359e-05,0.0001546156132666143,6.709460527008235e-05,0.004312687262334102,0.0042078623725637036,0.0071121733954562245,0.00010525172165902906,0.030649473066053385,0.00019165844525257958,6.015364625830902e-05,0.015565386908126725,3.551168515337516e-05,0.008373246766551752,0.04605146691299772,0.00011233138040811982,0.0030538865091612236,0.20546925764992663,0.0005608865511313072,0.09166292782760381,0.009786624742391484,0.00018700741449797833
Z_M_1887_ON_0826,9.402393634764963e-05,0.006260673616646281,0.057036471925916626,0.00014453343769430652,0.031539905950882526,0.20621770500880024,0.20766572017141136,0.00015011239949997785,0.002666387105704074,0.007842874505762017,0.00028560505007310574,0.09226589429557479,0.0002878740460581175,9.424212713827564e-05,0.0003400707000891222,0.04370590030779572,0.00030655205919285795,0.0003540303511192432,0.00011111546103729681,0.0364307874711436,6.559697563609561e-05,0.025705007386892034,0.04411401729150431,0.00020749786420935543,0.0005221235301219438,0.1363892144858971,0.08294002858755034,0.008070794660882825,0.0001613038335848453,0.008023935455833948
Z_M_1887_ON_0832,3.4567837071202856e-05,0.024885685001536886,0.10001325453379868,5.3137621329576774e-05,0.009713629201358176,0.2546054251455475,0.0763481625957133,5.5188722891756066e-05,3.9297406312310234e-05,6.04334776738955e-05,0.008573984711062094,0.1524872449772778,0.00010583669975665412,0.002857642123487532,0.00012502676456668604,0.004776468629451988,0.03210663643755669,0.12904688815904705,4.0851524648221994e-05,0.0021017782795164997,2.4116684051261792e-05,0.03485737532609725,0.0002215224499744964,7.628645046396074e-05,0.0001919583652992614,0.0002705079209498941,0.06813276674110881,0.030256164902678972,5.9303246119207335e-05,0.06787885806365233
Z_M_1887_SCH_0505,3.6636319313644895e-05,0.1370757458967617,0.042170311873710904,0.001053623078246915,0.0003218188249783359,0.25188908880676447,0.001132247312146256,5.849112486297317e-05,4.164889816190472e-05,6.404971710362852e-05,0.00011128568126928249,0.0010455976061877618,0.00011216979296102137,3.672133710578577e-05,0.00013250815953517873,7.575567112612616e-05,0.0001194476594270525,0.016094840153183167,4.3296012370652415e-05,0.0002329336393498625,2.555978656889595e-05,0.21147169621714232,0.19171748956627224,8.0851305586328e-05,0.00020344483664231521,0.04416814940474063,0.003395619430837524,0.09389960275554307,6.285185436056416e-05,0.0031265172777395402
Z_M_1887_SCH_0506,5.64549068200072e-05,0.16819702485634738,0.012731236434278162,8.678238834032139e-05,0.0035695142159101806,0.21295412220231527,0.0002079387676310919,9.01321711842028e-05,6.417906353410845e-05,9.869770977747892e-05,0.00017148618868267294,7.441549980527883e-05,0.00017284856471035999,0.08458075089381667,0.0002041890653754354,0.0001167360541297529,0.0001840634269259324,0.017117403871362454,6.671719184281463e-05,0.0018957431756709369,3.938647211617866e-05,0.09227423892843575,0.29081754915849367,0.00012458819577577167,0.004923908267058729,0.052693085469963596,0.0006220865726608077,0.05556045607248658,9.68518576064703e-05,0.0002074123569419864
Z_M_1887_SCH_0507,0.002368589822518444,0.18150738920754952,0.07604322888321205,0.00012901356457573028,0.016729868187715997,0.08126443543661416,0.20821337915366162,0.00013399346238113523,9.541071542301057e-05,0.0001467272749387702,0.007108923312278584,0.00011062853965155146,0.023103583320423556,8.412249061026143e-05,0.01172686467594107,0.00017354367338594319,0.0002736347693337872,0.00945466325838637,9.918398079077888e-05,0.0028182744136322144,5.8553230222748634e-05,0.07549205450725963,0.18331080490030632,0.00018521692648118833,0.00046605836576285315,0.0006567699165767996,0.0009248144439046284,0.00263483565830175,0.00014398317014036575,0.11454145073801918
Z_M_1888_DIE_1031,0.009059421170727338,0.14036525998684535,0.1072858320589971,2.5532120671400144e-05,0.11770245194514699,0.24305701609470928,6.117736339082196e-05,0.029415655532324933,0.007705271935512469,2.903771011863914e-05,5.045270298109756e-05,2.1893676322896838e-05,5.0853525657264525e-05,1.6648060136181717e-05,0.028092790297660267,3.434474526162727e-05,5.415303401232647e-05,6.254016918377603e-05,1.9628768296945306e-05,0.02813831939760408,1.1587836865556429e-05,0.0063494032665972104,0.019096343900508097,0.041181447940131184,0.07966897672423802,0.012789912794401104,0.10417535721469846,0.02538917289350742,2.849464462720623e-05,6.102248886508007e-05
Z_M_1888_SCH_0995,2.8594418424088032e-05,0.1941665489280346,0.029800101295127404,4.395529217604565e-05,0.08042544443764318,0.39353076862722924,0.0001053210157124106,4.5651957668261655e-05,3.250670491072458e-05,0.0016067722848688275,8.685777923216195e-05,3.769146135435093e-05,8.754782288613225e-05,2.8660774279903024e-05,0.0001034217909806112,5.9126828206546295e-05,9.322815221132255e-05,0.017232267866485452,3.37922672641363e-05,0.0001818032508013134,0.004690294895805034,3.345886866996506e-05,0.06323290892002728,0.012517358984448517,0.000937178364786352,0.040700092295278524,0.005763823520874602,0.1495703656841693,4.905547980761421e-05,0.004775400030636008
Z_M_1889_BTT_1001,4.503521499402464e-05,0.00912840616922841,0.00893002477311695,0.003747044072952814,0.021236553384495337,0.4359064795414404,0.0001658769384867716,7.19002463346602e-05,5.119693020818934e-05,7.873314880171553e-05,0.00013679798286538145,5.9362741369911335e-05,0.001363823449561637,4.513972316021358e-05,0.0001628857255566809,9.312269900734999e-05,0.2293973627496056,0.001395510736197053,5.322164622498195e-05,0.00028633380001016266,3.141938122869506e-05,5.2696555029052644e-05,0.00028860096569118,9.938651037665099e-05,0.0639988956139198,0.00035241957292473427,0.1549645236379257,0.06761452840380885,7.726067538795904e-05,0.00016545701008914616
Z_M_1889_HES_1007,2.5392447720231674e-05,0.0680486301137534,0.15364899822664646,3.903322816551896e-05,0.016121285831122687,0.12550589446273172,0.1480162339693412,4.0539902970750295e-05,2.8866640781448157e-05,4.439253515414645e-05,7.713154314025669e-05,3.347081404996307e-05,0.27933369524905555,2.5451373122200818e-05,0.0014742959381835233,0.0007437334740319589,0.0007740161702609723,0.08235169528677008,3.0008247313393073e-05,0.014677224755640407,0.0007089429601848011,0.01316303660736418,0.041636379515283324,0.0014384928338362123,0.00014100658786612993,0.031995176285716215,0.008574535074571382,0.00010594548484020663,4.3562302542107104e-05,0.011152932137839576
Z_M_1889_WET_0432,3.0093591478084872e-05,0.0937543335071615,0.14113543406734633,0.0008654609164528105,0.0010835476379644532,0.378118293932274,0.0025684461714786675,4.804543823441326e-05,3.4210994725387576e-05,5.261134461413065e-05,9.141163447144775e-05,3.9667582091977306e-05,9.213785633463255e-05,3.0163426296456027e-05,0.00010884407864300383,6.222678101205194e-05,0.0017365181948402948,0.006666920831393486,3.5563957660650045e-05,0.033778580006441634,2.0995170630716673e-05,3.5213079354836866e-05,0.1943435101812103,6.641240731512474e-05,0.00016711246972780133,0.00023549505998550819,0.002789209884646164,0.08941847985168642,5.1627403194470316e-05,0.05253943254133318
Z_M_1890_KLK_0728,3.4470526977998355e-05,0.10551365056176673,0.0012050602507058398,5.2988036417058376e-05,0.11759642781734213,0.023993176937340828,0.00012696432078529416,5.503336403151347e-05,3.9186782258422535e-05,0.0009986124236312515,0.001981405055997773,0.3153307241988612,0.008550680385899692,0.009418041209358076,0.00012467480832227364,0.00194797543762691,0.00011238639262556794,0.3276136177155224,0.0009790855947277534,0.0002191635363408985,0.02066772831354498,4.033461419064054e-05,0.01804953116576848,7.60717005046388e-05,0.002068116131538937,0.00026974642838251226,0.00037983681478605215,0.0029588693677235194,0.009442626995180847,0.030153813111839716
Z_M_1890_KRG_0755,0.026499331389298452,0.19717908424101246,0.0005365937407230207,0.15113506589277614,0.0006091888010928965,0.0010752553988183622,0.01913399580324417,0.00011072111220419816,7.883952201925685e-05,0.00012124328144981973,0.003986370366192237,0.020857827489479553,0.009651611191374108,6.95118668943858e-05,0.0002508320849400151,0.00014340213464025678,0.00022610913592334812,0.01913968602625561,8.195743636176815e-05,0.0004409330762403359,4.838354542231714e-05,0.1265674838801517,0.11749148065631154,0.005816615186140052,0.00038511207705458283,0.0005427003253248243,0.0007641901477280116,0.0002893544644885861,0.00011897578026069459,0.2966481439461774
Z_M_1890_SAH_1025,0.001738536505377044,0.14849456668378494,0.020828564149009302,0.05192990938424563,0.05436705978487126,0.11693802112964105,0.04675519424829892,1.2687199925982654e-05,9.033984197002106e-06,1.3892903718300277e-05,2.4138767898039723e-05,1.0474887170885878e-05,2.4330538902893328e-05,7.965156192532616e-06,0.0006777132670964565,1.643202019718003e-05,0.37318433268643364,0.045457903931199535,9.391256643313657e-06,0.01649112820499996,0.010605406590433226,9.298601369907215e-06,0.030768894028473465,1.7537304687737546e-05,4.412883702333934e-05,0.0002785101251820198,0.08099263894880393,3.315625960902463e-05,1.3633077562781013e-05,0.0002455195370506723
Z_M_1891_GEY_0452,0.010059024238254777,0.060125296268187495,0.008654497035099563,1.668865574844795e-05,0.06186204335733035,0.3382596154354555,3.99875893728941e-05,1.733283452461122e-05,1.234193156079413e-05,0.00622520125246463,3.297758938502061e-05,1.4310445729251458e-05,0.0006243082687224007,1.0881733956529985e-05,0.0029946099447839694,2.244888459584445e-05,3.5396250628645866e-05,4.0878365232185604e-05,1.2830025405633698e-05,6.902586051345448e-05,7.574201250547372e-06,1.2703442823885496e-05,0.005389190594147235,0.000319493231904727,0.0479368511000231,0.08874526022904143,0.01430527864758819,0.3526177694464529,1.8625061387496918e-05,0.0015175580784284593
Z_M_1891_RAU_0454,3.289625050989744e-05,0.0523381181848678,0.05129771480784928,5.056806126334247e-05,0.17222390238181162,0.11692432192745453,0.00012116583262674985,5.251997832056852e-05,0.1468984890249507,0.03229531177757825,9.992493017265116e-05,0.005416328657756745,0.00010071878611219527,0.004510444903521349,0.0001189808826961286,0.046633734119268,0.00010725368161833237,0.00012386496004021744,3.887607968560696e-05,0.020805526936078924,2.2950480771597493e-05,3.84925235834739e-05,0.01006124944672672,0.0009680919522642826,0.2339067307025039,0.019062810770683027,0.022749851156684712,0.061926371709606236,5.643553677857183e-05,0.0010163535562145408
Z_R_1877_GEB_0339,1.4666534948989745e-05,0.036509761705583975,0.1202874816970696,2.2545372993141742e-05,0.0009273313507623944,0.15513607753530476,0.0064420076153452665,0.1868720289468241,1.667320931584375e-05,0.004018132616314216,4.4550745386973815e-05,1.9332553893329095e-05,0.03358183527696634,1.4700569929661387e-05,5.304669216935204e-05,3.0327096689041372e-05,0.03438324715635894,5.522421969757585e-05,1.7332594826182897e-05,9.324979764131894e-05,0.03035316949855623,0.0004164107631257022,0.0004932373150596939,0.002827111236949987,0.09031175788513472,0.00011477182874988956,0.21375992110457873,0.01643040964080583,0.0666997733613837,5.388407763457524e-05
Z_R_1877_HLS_0610,0.00011244298900149815,0.05340059686290491,0.013113605688622399,0.06139081121566932,0.13260633846524666,0.20376265993960663,0.0004141580932242687,0.0001795190410190313,0.00012782743151273321,0.009379273896072885,0.0003415543610661152,0.00014821565914232583,0.00034426784765791005,0.00011270392281924296,0.0004066896949354196,0.00023250681986668848,0.13504612572688213,0.0004233840064928604,0.00013288270039148902,0.0007149122820790739,7.84472581823088e-05,0.00013157166360446587,0.022146860308606332,0.0033090443759887025,0.0006244062164963029,0.0008799138666829139,0.3593641187624139,0.00046914843019068555,0.0001929028488938991,0.0004131096247268522
Z_R_1877_KLI_0337,3.6893880679227766e-05,0.002456614287345897,0.00028546156309448633,5.671321167341918e-05,0.04250539814042696,0.18034477841648372,0.00013589019119323727,5.8902330308182146e-05,0.020128283060236642,6.450000067226919e-05,0.016181141132976955,0.0020572654549022595,0.003125909575401118,3.697949616510678e-05,0.0001334397209791266,7.628825012072578e-05,0.00012028740268876849,0.00013891732295406045,4.360039284007159e-05,0.030364083255727495,2.573947747824556e-05,4.3170226093206957e-05,0.0002364285280648276,8.141970800955441e-05,0.15989128891987395,0.0012930272623865734,0.3378570750443369,0.020240274535297587,0.1818446830353676,0.00013554617622188946
Z_R_1877_MLL_0336,1.7887357107286023e-05,0.027485033637311963,0.03130164478657698,0.0024621248300294735,0.017199524081652547,0.09912324916030181,0.0005528096813639736,0.01755788235669874,0.14950651936069073,0.022429853119132214,5.433424424406854e-05,0.0009974294159041607,0.018557941854887305,1.7928866288256897e-05,0.007855506857256238,0.012697054788679307,0.005901427452540942,6.735165068895844e-05,2.113889301938951e-05,0.0015745048267530658,1.247933849549061e-05,2.0930334145256774e-05,0.045398716776059805,3.947493096213754e-05,0.0054555126444301456,0.0590579837554513,0.1282585585499959,0.08090429519003453,0.26540518405053687,6.571720876121203e-05
Z_R_1877_ON_0338,4.622527129576442e-05,0.02446963391291581,0.00035766197417082886,0.01642940099090325,0.015506059051088475,0.13535845331533963,0.019045272063772167,0.01643214379271557,0.005085886296453778,0.005114150160079478,0.003915415236715167,6.093140279331488e-05,0.1083582628452862,0.001304666662721303,0.00016718998355096166,0.0013539175894995204,0.17883415638443764,0.000174053008873318,5.4628029107519725e-05,0.00029390017541546274,0.01639059322007905,5.408906236804551e-05,0.0053295637375044445,0.00010201280055861975,0.012840034381537392,0.00036173226597330005,0.24588451813279769,0.001451200868201295,0.18505441816952528,0.00016982921431976292
Z_R_1877_VOI_0332,1.9236143521504516e-05,0.03950672654436684,0.05094211585871011,0.008931484595048028,0.07033700763982503,0.12073591905601865,7.085194544008905e-05,3.0711154768741806e-05,2.1868031438860665e-05,0.016790175288114238,5.8431288319594806e-05,2.535594007873791e-05,5.8895497053166887e-05,1.9280782679644347e-05,0.0016405004379259742,3.977601979812745e-05,0.04404864887765513,7.243026520308662e-05,2.2732859727000943e-05,0.016878848916569954,1.3420336213610489e-05,2.2508574584627028e-05,0.00012327174628159166,0.07230505423315978,0.06660936024796461,0.02161985494078831,0.26150934874390264,0.08962304972004415,0.11104511510300788,0.006878019211790255
Z_R_1877_VOI_0333,0.0002768265241534609,0.003361337595044342,0.02474904034969801,0.0004255372699237756,0.0024316849616692693,0.0042920723075826625,0.0010196273366209767,0.00044196292348648683,0.03045754381145239,0.0004839640250707805,0.0008408821877025083,0.00036489625640365647,0.0008475625958650269,0.00027746892438171723,0.001001240679012042,0.03071525691109393,0.008438265125626235,0.0010423408692739685,0.00032714761850569026,0.0017600624447997534,0.00019313148827525698,0.0003239199405507392,0.0017739984634296039,0.0006109179720572138,0.009072953517987288,0.0021662844382855867,0.7114071849333933,0.15940492955321442,0.00047491289259383605,0.0010170460828460494
Z_R_1877_VOI_0335,0.0010289568600511088,0.12453414800960198,0.007961418756155967,0.0015817107642935202,0.009038508612728363,0.2960538820537491,0.0037899278110004714,0.0016427644836430626,0.0011697386713544916,0.00179888146606381,0.0031255368255522814,0.0013563097227828147,0.0031503677257985105,0.0010313446446891025,0.003721585091537519,0.0021276514386086715,0.003354771737092559,0.003874353410428707,0.001215999035281044,0.006542105501751252,0.0007178646278943337,0.0012040018417897819,0.006593905313979634,0.0022707659253356377,0.005713891685268776,0.4842226388902349,0.01133825707171611,0.004293140016230651,0.001765238646316449,0.003780333359069371
Z_R_1878_HEN_0613,0.00013671413609726043,0.016546445357189642,0.17225149995204217,0.05975578882974969,0.07191135521294525,0.0616653240485291,0.0005035553254644462,0.003939870755083138,0.00015541935539051,0.02629022554160893,0.004136881871509304,0.0001802084414125555,0.00041857906657023633,0.0001370313932405321,0.0004944748516247064,0.00028269409499930806,0.36516273410116384,0.0005147726790177831,0.00016156581879952928,0.012034034199654448,9.538032763830388e-05,0.0001599717908986238,0.0008761106548850682,0.0003017092492545682,0.00448078812482075,0.0010698458409172296,0.19502978145908015,0.0005704154870345088,0.00023454149139417142,0.0005022805419841922
Z_R_1878_JON_0340,4.932888207030939e-05,0.00999871037523633,0.009781415254184416,7.582827501368571e-05,0.024604070876616063,0.15653193410014596,0.0015245116098353702,0.009478494729959172,5.6078056537239104e-05,8.623958412942536e-05,0.006863939973870671,6.502239789007701e-05,0.00015103074196551303,4.944335406752318e-05,0.00017841528563788112,0.00010200103714419877,0.11027206413484672,0.00018573910131883058,5.829580941421507e-05,0.00031363292604063143,3.441491178754298e-05,5.772065591081576e-05,0.005687395957320072,0.0001088620416356375,0.0002739278001325971,0.0017288392591315051,0.37787596352529157,0.03780477400685896,0.24179221383386548,0.004209691502141639
Z_R_1878_KRA_0161,6.634493975519181e-05,0.020671886807084153,0.17208592790976152,0.00010198533042675827,0.05656962974192682,0.2412302785199727,0.0002443664472822145,0.00010592194379641361,7.542225013833632e-05,0.0001159880332464148,0.00020152793615040352,8.745195288647688e-05,0.00020312897954188392,6.649889900664982e-05,0.0002399598547597152,0.0001371864185905015,0.00021630851343832892,0.003861864611426679,7.840501955940606e-05,0.011257984729838959,4.6286377339150164e-05,7.76314661575952e-05,0.01306735196199346,0.0001464141349007112,0.01842869243637616,0.005937259039794003,0.32220392437730816,0.10683242266070145,0.025398200889317622,0.00024374781752224445
Z_R_1878_LSC_0612,9.14492301830273e-05,0.01604687729969309,0.08285813078275793,0.05739702258037059,0.000803303507394484,0.1184201843893203,0.00033683237288298346,0.0001460017938883409,0.0001039613079652067,0.000159876795275829,0.0002777841790094696,0.00012054293513537851,0.0002799910419018133,9.166144614218473e-05,0.01526722279661215,0.0001890964468120744,0.24674982065888793,0.00034433575458459265,0.00010807272879664932,0.013028487699276593,0.019979086604599537,0.00010700647018880229,0.005564859227936081,0.00020181584268506565,0.10755248768999644,0.0007156288395575403,0.287289930075603,0.0003815556946991359,0.025050994148303092,0.0003359796595407704
Z_R_1878_NIE_0611,0.0001936478840291896,0.007622789425204833,0.06475560405057354,0.0002976752034447962,0.022786791183840513,0.08207402311653186,0.03761333717963588,0.00030916540679847574,0.00022014277504662504,0.00033854635023792987,0.000588220571942585,0.0002552551210864788,0.0005928937040027409,0.00019409726092788863,0.0007003958146263022,0.00040042028488712877,0.048074321390670555,0.01654346628167973,0.00022884889474570768,0.001231212829901269,0.0001351008692475547,0.00022659104388327573,0.006512401376176972,0.00042735418134535726,0.001075344436081916,0.006786816370179053,0.6979639085737247,0.0008079614532554964,0.0003322148303173296,0.0007114521359742729
Z_R_1878_RUL_0123,6.935093197434392e-05,0.10467415264037806,0.002424449487674743,0.00010660613663838049,0.13087123534076173,0.1407765806732458,0.0002554383337269482,0.00011072111220419816,7.883952201925685e-05,0.00012124328144981973,0.00021065887228879213,9.141427301061015e-05,0.00021233245661549796,6.95118668943858e-05,0.0002508320849400151,0.00014340213464025678,0.00022610913592334812,0.07388750268785554,8.195743636176815e-05,0.0004409330762403359,4.838354542231714e-05,0.04538968676122764,0.1986692777752356,0.00015304794528488573,0.00038511207705458283,0.02319696928874549,0.13480194818130029,0.026719334921812693,0.11527817634431574,0.00025479167475703587
Z_R_1878_VIE_0114,0.00011244298900149815,0.001365327428019032,0.028418096698882952,0.00017284717462710098,0.0009877157770059287,0.1394837976965123,0.003475056295276379,0.0001795190410190313,0.00012782743151273321,0.0001965792899165519,0.0003415543610661152,0.00014821565914232583,0.0034051660497100207,0.00011270392281924296,0.0004066896949354196,0.00023250681986668848,0.19932498796997647,0.0034842822085449712,0.00013288270039148902,0.0007149122820790739,7.84472581823088e-05,0.00013157166360446587,0.0007205728942415568,0.00024814617393659183,0.015928897226756857,0.0008799138666829139,0.5613834000978531,0.02495633404660757,0.009375597455050231,0.003474007826778963
Z_R_1879_DRA_0346,3.564105836581128e-05,0.01886681518644066,0.02162045436361235,5.478737530863754e-05,0.002253502337936046,0.16354838544439937,0.05640363062578541,0.00393775422047362,4.051746567530652e-05,0.037900617363198545,0.0020486885301232768,4.6979922938089485e-05,0.0030197616399254743,0.039814457416714515,0.0001289084475847058,7.369769525788224e-05,0.08549494814399534,0.00013420004413402788,0.00586339792958147,0.001196818788242713,2.4865430315769024e-05,4.170427505934743e-05,0.0254539384291194,7.86549018935186e-05,0.002138344093158256,0.10894276410674643,0.13137149224726985,0.0467189307563469,0.24261439838743,0.00013094337296718398
Z_R_1879_GEM_0347,0.06579893182588345,0.006181565074068443,0.0007183053674739955,0.0026698646806328718,0.005869799028013617,0.1884490366510348,0.00034193974370154054,0.015311160831714112,0.00010553766758294743,0.007743773608676109,0.00028199620529894594,0.00012237072105756937,0.0002842365307324356,9.305130362888176e-05,0.000335773638925297,0.00019196370587650034,0.0003026785324588493,0.0003495568987688607,0.00010971142966323615,0.0005902502607158454,6.476810617925506e-05,0.00010862900343452731,0.0005949238100287767,0.15183432817148163,0.04095004667637838,0.0007264798804500493,0.276483146327153,0.050930491938206236,0.1821146082800662,0.00034107410071363065
Z_R_1879_HEN_0345,0.00011899939988633042,0.020881190195819344,0.02035699447278331,0.029337304013012867,0.030199686590445075,0.03099941117751929,0.0004383071367046123,0.03582311564864755,0.00013528089011244254,0.00020804158389847645,0.00036146997119478204,0.00015685792994580286,0.0036037170483203713,0.0033586509189349498,0.00043040326539723093,0.032639817708494084,0.2627773861196551,0.00044807100150503235,0.00014063092543414648,0.0007565979283745586,8.302142027101745e-05,0.00013924344372212458,0.00400196397429861,0.07476824879041197,0.007139565307645423,0.0009312205502250763,0.16004066852463109,0.0004965038918483546,0.2787904326375482,0.00043719753331270477
Z_R_1879_HUM_0173,2.1562047203125738e-05,0.22741428414926038,0.00016683351235498723,3.314514289714242e-05,0.07590689393481068,0.034964789767226855,7.94188809365362e-05,3.4424538787924304e-05,0.13972034594220958,3.76960090262378e-05,6.549640240925029e-05,0.0006153790927272274,0.001826888594439733,2.1612083824751213e-05,7.79867422334841e-05,4.458546566160203e-05,7.030007705795259e-05,8.118804039374939e-05,2.548156255684315e-05,0.002484920588823922,1.5043032019187941e-05,2.5230158380043378e-05,0.3793125828940827,4.758446536515099e-05,0.0012936505925265022,0.05358184503846093,0.001411510569614541,0.02415521249387882,0.05579793306924502,0.0006661751115851095
Z_R_1879_HUM_0174,2.222742108627469e-05,0.037784230801967404,0.011063240776470912,3.416795451745097e-05,0.13028528724658017,0.04330459243010982,8.186963381293409e-05,3.548683073233728e-05,0.18820202165976072,3.88592538549278e-05,6.751752754606067e-05,2.9298864220803857e-05,0.012169452834296265,2.227900176635236e-05,8.039330136143682e-05,4.596130925102539e-05,7.246943671184202e-05,8.369338699619129e-05,2.626788706802833e-05,0.020713700046131142,1.5507238434035698e-05,2.6008724918537872e-05,0.25911237759027694,4.905285378853723e-05,0.00012343090508529618,0.00017393895527050343,0.14546171481832434,0.08843295203141033,0.062360336902807866,8.166237544142763e-05
Z_R_1879_JON_0342,0.01129228393814103,0.014677578544392007,0.09594504938912851,7.934426186274831e-05,0.024339822924344993,0.10337137905781356,0.00019011631675355464,0.014133241667725357,0.018324763423280543,9.023832000483544e-05,0.00015678809169579805,6.80373404802225e-05,0.000158033698348987,0.004266986351340706,0.00018668800182272536,0.00010673059620544633,0.024054706380157578,0.00019435140639204832,6.0998855200484736e-05,0.007353592747202928,3.601065397256317e-05,6.039703312057119e-05,0.0003307738442080165,0.00011390973006958811,0.014337463950366666,0.0018090016536756565,0.46565139714474973,0.00021535923845937487,0.19820532041431083,0.00018963502477297508
Z_R_1879_JON_0344,3.337443647899385e-05,0.00676482641172672,0.0011667418608428204,5.130312793524974e-05,0.06388897346260597,0.16768357837796768,0.00012292712153347688,5.328341841908636e-05,3.794072472795801e-05,0.0009668586419026253,0.00010137745740085682,4.3992196802700176e-05,0.0001021828529768607,3.3451884785934794e-05,0.00012071041076738635,6.901083081729775e-05,0.08278336248688294,0.017387384661687596,3.944118955530284e-05,0.00021219459530716215,2.3284093196080125e-05,3.9052058010875954e-05,0.039279870767130284,7.365277989401188e-05,0.01108746973054576,0.01025479594978423,0.4273681805651201,0.056466964128883225,0.11180417478154417,0.00193963899476659
Z_R_1879_LSC_0343,0.0001656970916393263,0.14183961803213954,0.0012820595152573276,0.38816369639180387,0.028518925362949046,0.07924874330979718,0.0006103074289961819,0.00026454101989709724,0.0001883677570426633,0.000289681170030642,0.014035026709371718,0.009239551284158787,0.0005073164775180987,0.0001660816062728717,0.06374727656814663,0.00034262433060816013,0.04564592865790986,0.009645042060169516,0.00019581725085373116,0.0010535017520403864,0.000115600649211795,0.049810151086001814,0.005572412903090714,0.00036567063618499,0.009941270360824496,0.010317788940626352,0.13263236437501583,0.0006913417289958058,0.0002842635304743958,0.0051193320129711345
Z_R_1879_NAS_0149,0.00011938613639615179,0.0014496338810836443,0.010673443651754103,0.00018352016918943346,0.00754851145901867,0.1480966652053975,0.0036896346187190398,0.00019060401103815274,0.0033856235662110146,0.00020871769887158943,0.00036264471354809335,0.00015736770300703673,0.000365525752937333,0.00011966318239637183,0.003681705060596377,0.0002468636875996789,0.00038924200977929596,0.00044952718880883176,0.00014108796230430972,0.0007590567982716939,8.329123183600599e-05,0.00013969597141127294,0.03651400023237384,0.00026346874296789147,0.1891573376767113,0.03993308324260213,0.36205477280971654,0.15324355971859546,0.035953747533957935,0.0004386183828993193
Z_R_1879_NAS_0150,0.00011938613639615179,0.0014496338810836443,0.03017286180970045,0.00018352016918943346,0.043297444748586975,0.17084598638966822,0.019939149750340997,0.00019060401103815274,0.00013572053988662283,0.00020871769887158943,0.00036264471354809335,0.00015736770300703673,0.000365525752937333,0.00011966318239637183,0.00043180203427198527,0.0002468636875996789,0.00038924200977929596,0.00044952718880883176,0.00014108796230430972,0.0007590567982716939,8.329123183600599e-05,0.00013969597141127294,0.017014582074427492,0.00026346874296789147,0.1566583074134674,0.023683568110980168,0.35555496675706777,0.12399443248167592,0.048953359639255505,0.003688521409223711
Z_R_1879_ON_0614,0.00038790617072879046,0.04694809506102877,0.003001373121819154,0.0005962887168536223,0.0034074249379983743,0.0060143128929455916,0.001428763869100127,0.0006193053421380437,0.00044097946801770286,0.0006781598414739615,0.0011782952896699514,0.0005113148386617261,0.02230664842566531,0.00038880634101912034,0.0014029993656176883,0.021921094886825913,0.001264714497496143,0.0014605914531876298,0.00045841915020843917,0.01302580266945264,0.0002706275935555817,0.0004538963314515316,0.0024858345959878378,0.0008560554372266041,0.012713574564884256,0.09807099421189588,0.7223201393062142,0.012177965774185544,0.021784468985450202,0.001425146859239626
Z_R_1879_ON_0615,0.0001916275775085221,0.007543261723373114,0.01713202397196665,0.00029456959164028045,0.001683284865471443,0.08643419766988114,0.0007058164569874415,0.00030593991899905505,0.00021784605031795467,0.010767901483104438,0.0005820837330969448,0.00025259207321404734,0.0005867081108976859,0.00019207226610874975,0.000693088664132861,0.00039624274524283776,0.42837314834961,0.0007215394418143604,0.0002264613400527134,0.0012183677253908367,0.0001336913771249992,0.00022422704509352786,0.001228014653185485,0.06823666211016435,0.006280569063300834,0.04844755887582243,0.3150981925272927,0.0007995320825931553,0.00032874887048349336,0.0007040296361279281
Z_R_1879_ON_0616,0.001000921025791425,0.012153580600527882,0.08948504819011002,0.0015386141267607397,0.09053279073983796,0.01551883595697309,0.0036866642126022866,0.0015980043245156681,0.0011378669760575592,0.0017498676107765467,0.003040375789345798,0.0013193545538451707,0.003064530125752619,0.0010032437508171476,0.058113885633445356,0.002069679636863507,0.003263364771405459,0.0037687894803016225,0.02842971789894628,0.006363853727865073,0.0006983050773340357,0.0011711965829929306,0.006414242158327414,0.0022088947044935072,0.11454561016266589,0.2530542887279473,0.17451043131982427,0.1131635695026737,0.001717141451926338,0.003677331179273458
Z_R_1879_RIF_0617,0.04223331007048697,0.1375715447132302,0.001231641574374338,0.10554935482520418,0.12594466356114276,0.02739956228094052,0.0001297649107999164,0.015401003363711703,0.013466712728042,6.159264889052634e-05,0.00010701655218667045,4.643925134487196e-05,0.014493575562329773,3.5312637204750224e-05,0.014513133710719127,7.284954039044986e-05,0.012582479727462147,0.17755639764124057,0.040321619776510734,0.060643974886176996,2.4579264843710185e-05,4.1224318613483656e-05,0.0011848187142326156,0.07584248278715523,0.00019564030816290247,0.00411188553576621,0.05793105054682303,0.00014699460228258493,0.02115948033324203,0.04999989362648895
Z_R_1879_WEN_0110,3.761158587458948e-05,0.017862217577982755,0.057626854410189034,5.781646689933469e-05,0.13855071355173604,0.28419078657965846,0.00013853369451743473,6.004817096529946e-05,4.275760063088783e-05,6.5754734105865e-05,0.003185810970543343,4.9577355078280584e-05,0.00011515577654977718,3.769886685832038e-05,0.0001360355547393918,0.0011016265834062164,0.00012262738135886004,0.00014161971377265505,4.4448561367887896e-05,0.01764465714728904,2.6240193487836646e-05,4.4010026487787814e-05,0.03198051051647516,8.30035844239483e-05,0.06573553452091979,0.011556723623916893,0.04751174559080334,0.25407278918825754,0.06559119892374408,0.0021858915479601635
Z_R_1880_MLL_0348,4.133591805843497e-05,0.019630950011184308,0.0003198312447394579,6.354150410322739e-05,0.0104902358456049,0.19418169828673387,0.0001522514223143601,6.599419346094256e-05,0.1710830501694894,7.226582548306019e-05,0.00012556107950262635,5.448654821157841e-05,0.06764079228944922,0.0011666690697986475,0.00014950591454693932,8.547338468482623e-05,0.00013477005209171125,0.0001556430218998145,0.001174087124971786,0.0013880509061720764,2.8838520435361287e-05,4.836793786666156e-05,0.08353244949415113,9.12226720709145e-05,0.00022954213890494048,0.08246578866496015,0.14336061574050143,0.07556336107114049,0.14635175395965921,0.00015186598780856376
Z_R_1880_ON_0618,0.0005507417079642368,0.02167949362594748,0.46901853341692556,0.0008465992323421248,0.004837796280959952,0.08349985100873233,0.061997207761419704,0.0008792777934923618,0.0006260941529672982,0.0009628382777835638,0.0016729209517338574,0.0007259549571561292,0.0016862115112731741,0.0005520197524001465,0.0019919514697106034,0.0011388100247406894,0.0017956172780895147,0.01706588869260576,0.0006508546777561521,0.0035016145939663124,0.00038423184353326436,0.015636602353328005,0.0035293400683437982,0.0012154110173717306,0.00305831914635495,0.004309786409110017,0.29091993263324234,0.0022978721041337327,0.0009448312021443828,0.00202339605447077
Z_R_1880_ON_0619,0.0003288702082991295,0.012945704822210372,0.04730675083344089,0.0005055387341470738,0.011841276494329452,0.3094816794681401,0.001211318372065161,0.0005250524282381198,0.027231162645997117,0.009527381927735723,0.0009989689429884578,0.00043349714489251116,0.0010069052750673621,0.0003296333804609161,0.0011894750030590068,0.0006800296484426187,0.10850142164315581,0.0012383020732753007,0.0003886517224877182,0.0020909560765928993,0.0002294404156987302,0.0003848172376072925,0.06477453710133983,0.0007257712075767718,0.10030299998994635,0.020478412532890244,0.24533954674615455,0.0013721526200087468,0.0005641970269608082,0.028065548276790957
Z_R_1880_ON_0620,0.0001495118816226874,0.01809535026985389,0.14767608721038758,0.00022982941436498796,0.1356226548049846,0.18139720920766128,0.004620672307498107,0.016518618409924662,0.00016996808763425272,0.00026138525651504927,0.0004541540175417185,0.00019707766825747365,0.000457762054731941,0.0001498588370568719,0.004610741814803194,0.00030915695533416203,0.004557442248070464,0.004632939712204473,0.00017668991857171847,0.0009505962215873475,0.00010430883493164237,0.016454864300577483,0.04165791702357779,0.0003299521091727311,0.013040191391912082,0.029659849449034173,0.13188683879510985,0.22040269976299534,0.0002564968093130247,0.024969175224769397
Z_R_1880_ON_0621,0.00027271630196658183,0.02558289838936957,0.0021101066195121083,0.0004192190432526382,0.0023955801645891583,0.04877128262698505,0.07524271741921622,0.01528304664416225,0.05970061264736643,0.0004767782986322457,0.000828397066795054,0.00035947840602401583,0.0008349782866231782,0.00027334916406376815,0.0009863746120198494,0.0005639159956447675,0.0008891538388076299,0.030722156220480273,0.0003222902465321097,0.0017339296609813278,0.00019026394033879596,0.0003191104919962859,0.0537144191662596,0.0006018472783771504,0.20195763730275923,0.024405588958629952,0.44843448390707585,0.0011378604045586707,0.00046786155416467603,0.0010019453428155353
Z_R_1880_ON_0622,0.00025742753075291624,0.12225558848285668,0.0019918117573805624,0.0003957171697141552,0.009268916709309141,0.30531962013669367,0.0009481755708098357,0.0004109917733692137,0.0002926487489261958,0.00045004959090606675,0.0007819562301564977,0.0003393256573019104,0.0007881684996742317,0.00025802491391560577,0.007938712746050394,0.0005323022542623555,0.0008393069117363317,0.0009692974219164662,0.000304222306302306,0.05069017122701014,0.00017959753780592933,0.014316491538106785,0.19085583791884686,0.0005681070682088448,0.0014295186558698867,0.030045020575641977,0.2481038770547834,0.008081706081015005,0.0004416327287893222,0.0009457752018872473
Z_R_1880_ON_0623,0.0004441914215788515,0.005393548646810613,0.05180359580067805,0.0006828103103206997,0.01599352360472951,0.30917900903553874,0.0016360777476772993,0.000709166651819023,0.0005049656632629869,0.0007765609489430326,0.0013492661350935152,0.0005855067080598422,0.0013599854113894205,0.000445222206730254,0.0016065748103905933,0.0009184879889842334,0.11027335138214939,0.0016725235195882925,0.0005249358462833612,0.0028241681024385942,0.00030989570306156364,0.0005197567657613892,0.12376333694611857,0.0009802692256675877,0.002466635647194237,0.003475985428523427,0.33137000338918793,0.0018533099305561031,0.0007620376462568936,0.025815297375205905
Z_R_1880_ON_0624,0.00036120702183420225,0.024051314586355295,0.15028525804112322,0.0005552468298283995,0.0031728956816170465,0.14325812279090896,0.0013304236462450924,0.0005766792464770955,0.00041062734329140474,0.0006314828562952367,0.01092989227847463,0.0004761216088561953,0.0011059112272809443,0.0003620452344078842,0.0013064324847885886,0.0007468949083083244,0.0011776656098376832,0.0013600605732339709,0.0004268666716166432,0.0022965534674557154,0.00025200059826507263,0.0004226551534280845,0.002314737374510531,0.0007971340966931612,0.002005815674931824,0.002826597461322537,0.53494588175956,0.10966674736664152,0.0006196728152732589,0.0013270555911373283
Z_R_1880_ON_0625,0.000659502872281308,0.06186647020146799,0.0948670243325078,0.0010137867122223434,0.005793170367645553,0.17180087235844707,0.002429128347489195,0.0010529186766785404,0.0007497360127794765,0.01910582226088299,0.0020032914827647344,0.0008693174540222231,0.002019206678697152,0.0006610333065378692,0.002385324548189879,0.0013637036589718432,0.0021502180337772377,0.002483240358865675,0.0007793862771072002,0.004193117842625582,0.0004601104306568787,0.000771696757872731,0.004226318578511198,0.00145543191185196,0.0036622798531630043,0.005160888443029577,0.5997109469632979,0.0027516587737889237,0.0011314176548177545,0.0024229788490484037
Z_R_1881_HOL_0365,0.0079475217533026,0.008962368516925227,0.029008562909466695,4.066347573973569e-05,0.02759605899548285,0.23444171910710407,9.74335138111057e-05,4.2233077775478075e-05,3.0072274374196017e-05,4.6246617589795694e-05,0.00440093595861082,3.486874386454636e-05,8.099135725770494e-05,2.6514365891259203e-05,9.567652221845467e-05,5.4698813847373076e-05,0.03249061854286617,9.960397277975038e-05,3.12615608282709e-05,0.0008882851475619938,1.8455252085126884e-05,3.095313048974769e-05,0.00016951968388789925,5.837807847046365e-05,0.09159923529773466,0.00020700573352217024,0.40714638615710946,0.1534910657139041,0.0007654788710461475,9.718685445204733e-05
Z_R_1881_KLI_0364,2.5287570918297556e-05,0.013386132424372282,0.007079385945383545,0.0021039900162873183,0.09797104863033354,0.2922620838679354,0.0014698863338447712,4.0372463603693764e-05,2.8747414742229923e-05,4.420918350691611e-05,0.0035186763126072076,3.3332571688518924e-05,7.742321410917908e-05,2.5346252944449634e-05,0.0021565794162002935,5.2289011067540934e-05,0.004212682641746779,0.019369650544305124,0.015174083006322793,0.004979386998797695,1.764219025345103e-05,2.9589463992210228e-05,0.0001620513499929597,5.5806182557475065e-05,0.16397311922630756,0.009835103274461642,0.3141765848968604,0.03039390530528976,0.017252699084670853,9.290520489607742e-05
Z_R_1881_LOH_0363,0.029429966625377103,0.005025485499155253,0.09978985636451536,0.0011941535563711036,0.0037557167661972056,0.11819756798987775,0.00806521313140604,6.629257294504425e-05,4.720395830900836e-05,7.259256089105605e-05,0.0035171030650694123,0.0023153824224418315,0.0001271308117174931,0.00795389250230885,0.00015018187549612603,8.585983541767409e-05,0.006917327960555004,0.0758881057929775,4.907076184694729e-05,0.0013943266994134265,0.011332216529268706,4.858662377811617e-05,0.00026609228125648235,0.06904144560672722,0.016055126637320838,0.001455258283725078,0.4005925129586061,0.1369425427784482,7.123492922541828e-05,0.00015255261935474262
Z_R_1881_WEG_0362,8.966355485287945e-05,0.027937546759087356,0.06659539992460523,0.06848027207375798,0.059366853364173675,0.24058873852014062,0.000330255245252182,0.07336719526759482,0.00010193131665142714,0.00015675497512911187,0.00027236005073009734,0.00011818916414065222,0.005156126779166215,8.987162699582133e-05,0.014969108716775521,0.00018540407171591304,0.24681328499922586,0.0003376121128325632,0.00010596245618650597,0.0005700806887865655,0.012266562295072109,0.00010491701778335373,0.01766020488901558,0.00019787510342685145,0.0004979099323173384,0.000701655176118464,0.12058729098345758,0.0003741052810681185,0.04164744847159775,0.0003294191823418625
Z_R_1882_DRA_0368,3.11923626401726e-05,0.0003787500548991665,0.19383879247318098,4.794884767983124e-05,0.0028213331190150705,0.3053146894802135,0.03747580051605339,4.9799663616261906e-05,3.546009968708567e-05,5.4532279451794135e-05,0.004340307256511235,4.1115916874622065e-05,9.550197522189801e-05,0.0008803763510172312,0.00011281817176060444,6.449879273040675e-05,0.003498144805591567,0.04172391785880124,3.686246173304327e-05,0.00019832097453605335,2.1761742079955035e-05,0.023811623677616543,0.009540118903858452,6.883724377958675e-05,0.004418772065445713,0.0019423166157998837,0.13025778951979253,0.2319376124287745,5.3512412560828936e-05,0.006907491929076797
Z_R_1882_HOL_0373,0.00011785407908304514,0.0014310310327472861,0.0009118804802512703,0.0001811650932501613,0.020284433793228675,0.3194388475178197,0.0004340886088601382,0.038686530437543,0.006550374267908078,0.00020603926830516298,0.01960717717375577,0.00015534823619525623,0.03244281204400412,0.00011812756980990164,0.0036344585097567413,0.009868288839516107,0.0003842469484962011,0.00044375850043475146,0.00013927740999928847,0.0007493159811721554,8.222237288216076e-05,0.00013790328223418121,0.00717164440009594,0.0002600877037063513,0.0616102108078326,0.0041304556319996825,0.42157255366432833,0.04219829535247913,0.00020218590603797798,0.006849385086266824
Z_R_1882_HOL_0376,0.0001489058379288057,0.058556819286504816,0.07816829395281666,0.00022889780501238858,0.08237764719251675,0.1401271007281429,0.0005484606773102988,0.00023773321453379666,0.00016927912508121745,0.00026032573613001144,0.0004523131124885883,0.00019627881751226148,0.004509388343563476,0.00014925138698544573,0.02080597953267607,0.0003079037932364983,0.0004854869197789593,0.0005606783563147215,0.00017597370919918782,0.02121415209207502,0.00010388602096568611,0.0001742375313097458,0.025275130138314127,0.06518432375826215,0.0008268877561952611,0.0052187328745513925,0.4434703379547208,0.0006212832007658304,0.028629829837144568,0.020814481307962606
Z_R_1882_JON_0374,0.00010942844502580261,0.0102652344939206,0.0008466882417617913,0.00016821322266962342,0.006918909482747035,0.35319939977663667,0.00040305470833561073,0.00017470621944222893,0.00012440043782448992,0.00019130909104131074,0.0003323974482993203,0.00014424206660144018,0.00033503818758395923,0.00010968238332986245,0.0003957865343139184,0.00022627342070715605,0.05993351537261128,0.0004120332791819572,0.0001293201773076,0.012611093626034945,7.63441238591883e-05,0.0031068812408204267,0.012616602479831304,0.00024149349100477754,0.0006076661776993913,0.0008563237872169135,0.22461858273194008,0.30429793988574605,0.006145405117716809,0.0004020343487885224
Z_R_1882_JON_0375,0.0007701078680425887,0.07224207425415212,0.005958608628735914,0.0011838085267147091,0.06965585962136725,0.36832318631280964,0.0028365166119985992,0.0012295032992263684,0.0008754739769352753,0.0013463467949695353,0.0023392627958135296,0.001015110379813034,0.0023578471236824863,0.0007718949708923803,0.0027853664928582955,0.001592409922067369,0.023474536573929325,0.0028997037298537313,0.0009100968767102786,0.004896344167638962,0.0005372753898578721,0.0009011177508977627,0.046862525440682874,0.0016995218881160122,0.04620389197822529,0.00602641923653649,0.30197784156081264,0.024176844729831927,0.0013211673135000261,0.0028293357833277743
Z_R_1882_KHN_0626,0.0004551996799790518,0.0055272152921211,0.0035220478240471703,0.013091077297656175,0.003998541034847169,0.15575381019742243,0.001676624155676879,0.0007267417092667339,0.0005174800708683141,0.0007958062183790884,0.001382704579746396,0.0006000171394285155,0.0013936895085461458,0.00045625601075954684,0.01403773516716926,0.0009412505922877371,0.27409370813132905,0.0017139731518630392,0.0005379451687481565,0.027676848807524815,0.00031757575227162667,0.0005326377366779742,0.002917074277134038,0.001004562934221339,0.002527765514328871,0.028344819920483252,0.45110434953041234,0.0018992399364501885,0.0007809229891814804,0.0016723796711720625
Z_R_1882_MLL_0370,0.00010782251654311248,0.0013092238164567637,0.08595276350988186,0.00016574459209202044,0.01562273247485839,0.16897362136740932,0.0003971396372035491,0.00017214230021776012,0.00012257478631025738,0.00018850151465449143,0.000327519315107612,0.00014212522720833065,0.009135483465032323,0.00010807272814928095,0.00038997812802275654,0.00022295272167772488,0.07079443774491799,0.00040598644210318403,0.00012742232564685635,0.0006855353281325367,7.522372775959478e-05,0.003061285883271549,0.021236808388034684,0.00023794942825676539,0.006468989753137897,0.0008437567187552128,0.35046748120322074,0.2616756145590817,0.00018497614480702612,0.00039613425204871195
Z_R_1882_MLL_0371,0.00011938613639615179,0.007949439933732427,0.017173249704402885,0.00018352016918943346,0.04004754172226258,0.20984482270556093,0.006939537645043431,0.00019060401103815274,0.00013572053988662283,0.00020871769887158943,0.00036264471354809335,0.00015736770300703673,0.000365525752937333,0.009869372261369547,0.00043180203427198527,0.006746669740248462,0.00038924200977929596,0.00044952718880883176,0.00014108796230430972,0.0007590567982716939,8.329123183600599e-05,0.00013969597141127294,0.0007650669428055331,0.00026346874296789147,0.08841034386065516,0.017183762058331387,0.39780370609928484,0.19224239603448814,0.0002048142443896298,0.0004386183828993193
Z_R_1882_MLL_0372,6.085009329759706e-05,0.01730334394653973,0.08991900053414413,9.353866164252367e-05,0.015442546335041364,0.19474784565923506,0.0002241274341463466,9.714923528542687e-05,6.917559914240968e-05,0.0001063816271518555,0.0001848369108793199,8.020897316110307e-05,0.00018630535203104255,6.0991301275926935e-05,0.00022008580614716537,0.00012582431156314323,0.00019839332543454186,0.00022912016591321438,7.191132847198691e-05,0.00038688476222852866,4.245282895557476e-05,7.120184261150451e-05,0.0003899480815272002,0.0001342877663567106,0.16101334223436578,0.007101968852394497,0.2126958356384984,0.2984144892820103,0.000104392069766214,0.00022356004078146074
Z_R_1882_SHR_0369,9.990520308505199e-05,0.025689464928965254,0.0007730034062257931,0.011031963567439648,0.03623234775198596,0.25991073539044146,0.019405159568237938,0.00015950204107791145,0.00011357422653492462,0.00017466001265020414,0.0003034698571241358,0.00013168909558960244,0.0003058807804856468,0.00010013704187095625,0.00852013446608411,0.005645776225731211,0.0003257271171520031,0.019413356759960858,0.00011806581528106612,0.01695278125073525,6.970011496283371e-05,0.00011690096367384161,0.0006402265003452308,0.00022047700903418297,0.0005547827429756508,0.01981898194657049,0.20507067535520282,0.3349273125248558,0.002890990871727766,0.03028261746399245
Z_R_1883_ELA_0349,3.823798791616302e-05,0.03273238864175022,0.00029586141655956724,5.8779371069955695e-05,0.08464927883850108,0.3368055198438248,0.00014084090350781854,6.104824304444124e-05,0.001084375765238571,0.002148661962681599,0.00011615087474226501,5.040304098635159e-05,0.0001170736380770812,3.832672252076973e-05,0.005342831449864188,7.9067561681142e-05,0.004288293911822083,0.0043076025519778035,0.017740591820542162,0.0033658352197150753,2.6677210709787142e-05,4.474299133892643e-05,0.0023268541406755447,8.438596736612064e-05,0.05850307831271939,0.025280973799689545,0.08993927214316695,0.3280449495811187,6.55996151516397e-05,0.00222229647204037
Z_R_1883_JON_0350,6.0951055539134e-05,0.07706311558627159,0.018722758631112814,9.369386063135034e-05,0.02210495321514379,0.30291872136754383,0.00022449930552591326,9.731042492420107e-05,6.929037503132938e-05,0.00010655813513982307,0.00018514359157329802,8.034205558189931e-05,0.0001866144691569505,6.109249780920021e-05,0.00022045097167304895,0.0001260330787785545,0.0001987224988795829,0.00022950032121418952,7.203064347252311e-05,0.010342703679573987,4.2523266526639395e-05,7.131998043582075e-05,0.00039059508188924515,0.00013451057610387162,0.30397136528261837,0.01375053707831044,0.0006716304281802651,0.24083775162750531,0.0001045652766881941,0.006860715637164833
Z_R_1883_JON_0357,8.879661521396255e-05,0.0010782037665795225,0.0006870521644731453,0.002553699847921052,0.032203626460701906,0.3712086335290342,0.0003270620709068293,0.00014176680423120107,0.00010094576238696475,0.00015523934147216128,0.005104130332928575,0.00011704641588075878,0.0002718695035633677,8.900267554743773e-05,0.00032116425108712747,0.00018361143546308045,0.1477388213119224,0.002751549645882334,0.0001049379256104452,0.0005645686884281026,6.19500696420658e-05,0.00010390259534981781,0.010237846251447169,0.00019596188717084875,0.012579104934752654,0.012780880205041333,0.3877307598849881,0.010039295487295884,0.0001523360433497592,0.00032623409172772894
Z_R_1883_LOH_0355,0.00022036570977808806,0.014673261286573383,0.14567497064827,0.0003387458004992268,0.001935724852138422,0.31535149884212477,0.0008116668098576564,0.0003518213206900206,0.0002505161319932369,0.000385255987365796,0.0066681247156088405,0.00029047296961032075,0.006673442605181896,0.00022087708773471348,0.0007970302468807884,0.00045566674136958613,0.0007184719629073186,0.006828494411002777,0.00026042344524129774,0.001401084708512407,0.00015374089467916116,0.0002578540760464457,0.001412178373204542,0.0004863167391212393,0.01921995095328109,0.0017244547258751612,0.4343380082220143,0.036911916810367505,0.000378050900213556,0.0008096120218565114
Z_R_1883_MLL_0351,0.00017772146740819495,0.06988848788675289,0.07878140883062154,0.0002731931424526577,0.0015611315461329502,0.16240601150667547,0.0006545964734699142,0.0583384725567896,0.005039931824933253,0.005148597392000349,0.0005398428375781586,0.0002342618661204038,0.06827465488085019,0.08726023520612644,0.0006427923164044574,0.0003674880361688907,0.024768908889103894,0.0006691784661653681,0.014723710952330703,0.0011299527073007779,0.00012398960541793933,0.00020795524321050844,0.09305889541107887,0.010067995811284156,0.005824798103700377,0.001390745523294678,0.16160886327362894,0.14587834683851558,0.0003048920851097997,0.0006529393193730088
Z_R_1883_MLL_0352,6.528380082172701e-05,0.04699837307165487,0.0005051248468370495,0.0001003541494330392,0.018344874535579734,0.35999471901088614,0.0037947403868619943,0.00010422779954237727,7.421592624435695e-05,0.00011413288923169514,0.00019830464376338668,8.605322266895326e-05,0.0019770212809907973,6.543529760722315e-05,0.0002361218718586279,0.0001349922218598068,0.0002128488164954081,0.00024581450027637037,7.71509884435357e-05,0.057283592708565506,4.5546060485071305e-05,7.63898074643211e-05,0.05195545562578011,0.00014407234757637266,0.06078532777141407,0.0005108733067567035,0.09668499858572628,0.29883210690911005,0.00011199836714555163,0.00023984924891890666
Z_R_1883_MLL_0353,5.5769255941473155e-05,0.05684829188070044,0.006504060755220558,8.572840695662106e-05,0.0915781871317066,0.18455941945360363,0.056376532755948394,8.903750632976133e-05,0.038016858674162414,9.74990155411394e-05,0.0047238185592546195,7.351171560489542e-05,0.0001707493004139037,5.5898673391105354e-05,0.015383092796234352,0.00011531828227289993,0.11556034353646522,0.0002099891796660801,6.59069044156084e-05,0.0003545808092529389,3.890811920179135e-05,6.525665892877591e-05,0.039828985783816134,0.00012307505881920943,0.0003096917861082939,0.0019545563385512782,0.27995199003624166,0.08980285074033934,9.567558144207501e-05,0.016904415303468884
Z_R_1883_MLL_0356,0.04265844534279395,0.039271867216224846,0.3093118457891164,0.00012022407984141652,0.004945030556266292,0.12682430393069255,0.00028806820692431714,0.059737194368582436,8.891053825591708e-05,0.02994289581551582,0.00023756858544888415,0.00010309159682197822,0.07049684448635381,7.839136187614042e-05,0.0002828735526633888,0.002290732198310442,0.00025499247667451415,0.01732657949255422,9.242673717910198e-05,0.0004972581788838086,5.456409369373266e-05,9.151484381608838e-05,0.000501195425124841,0.00017259839793191077,0.1281750129871636,0.0006120252482569055,0.16053769136370738,0.004584340355566348,0.0001341738304782252,0.0002873389432807745
Z_R_1883_WIL_0354,0.0001679700129504918,0.0020395586047873815,0.04702407173743913,0.00025820322297002654,0.0014754733338943919,0.2952406255152325,0.0006186792160203472,0.0002681698157670355,0.004763394238464398,0.004866097400742537,0.00508266461222218,0.0002214080789445258,0.005086718083070049,0.0001683598020972854,0.0006075227449194172,0.0003473242208419503,0.0005476430295604343,0.0006324611048243243,0.00019850334026034602,0.11995146003908846,0.00011718638120369976,0.0001965448823071168,0.08795281794210871,0.00037068666014551584,0.0009327528661645073,0.051611304645520016,0.20303836467319414,0.16530875793994643,0.00028816286648572894,0.0006171129888268769
Z_R_1884_H_0627,0.0005195830030211611,0.07702885169535495,0.004020205342162786,0.0007987021232179767,0.01870806733254308,0.07877577222053055,0.0019137654353898082,0.000829531865529691,0.0005906723160212578,0.0009083648406504795,0.001578273951925465,0.0006848834058556058,0.0015908125861661792,0.014664762446087465,0.05845514985342452,0.00107438082856037,0.0016940286238263567,0.001956397063775672,0.0006140319919639558,0.0881673498458238,0.00036249358316681966,0.0006079738780973489,0.017473638200989194,0.0011466480514891676,0.0028852920040030924,0.01820993009166714,0.5997722723415554,0.0021678679336591825,0.0008913765314286865,0.001908920612112712
Z_R_1884_JON_0390,0.0001495118816226874,0.0018154326437504254,0.013366766795034016,0.00022982941436498796,0.0013133343896310295,0.372686241314377,0.0005506929009722409,0.0002387007838211964,0.00016996808763425272,0.00026138525651504927,0.0004541540175417185,0.00019707766825747365,0.000457762054731941,0.004219838243582738,0.0005407624082773286,0.00030915695533416203,0.00048746284154459733,0.0005629603056786071,0.00017668991857171847,0.0050205756281132136,0.00010430883493164237,0.00017494667447402038,0.017238040584422597,0.0003299521091727311,0.12292963536811045,0.0011699936033531103,0.11560692116900638,0.3384321025522455,0.0002564968093130247,0.0005492987856142016
Z_R_1884_JON_0393,0.0002257833789404264,0.008887776708753849,0.057062996570147045,0.00034707383247427575,0.001983314456023541,0.3599817357514227,0.0008316215580364341,0.00036047081303470027,0.0002566750463013422,0.00039472746768122127,0.0006858346475680972,0.0002976142188161768,0.0006912832769299227,0.0002263073290734975,0.0008166251566075572,0.000466869263102696,0.0007361355249985688,0.0008501470160493493,0.00026682592986494665,0.019874205999807198,0.00015752059935704576,0.00026419339298276414,0.0014468966387275028,0.0004982727880152313,0.0012537957825904495,0.03864420179945874,0.22375205601284004,0.27752217754294445,0.00038734524417452775,0.0008295162532756709
Z_R_1884_JON_0394,0.0006153161771507969,0.024221414408202593,0.0047609282215108776,0.0009458629983719747,0.00540502792940447,0.3947902274737973,0.002266376738308024,0.0009823731210501325,0.0006995036968678622,0.0010757310727204105,0.03536907298289894,0.0008110731810600161,0.0018839198229955963,0.0006167440723059317,0.0022255077937402756,0.001272335508263246,0.002006153416751408,0.0023168632447017577,0.0007271673933647951,0.00391217893008151,0.00042928302992778587,0.0007199930719503724,0.03744315725417091,0.0013579179678265762,0.0034169070880762423,0.004815108896314494,0.42553030292218913,0.0025672976247312672,0.03455561470497753,0.002260639256287827
Z_R_1884_JON_0396,0.005435621026942309,0.0011904262907530383,0.019440100237303175,0.00015070511053676296,0.0035299785405862208,0.233704874355826,0.00036110362436478106,0.00015652229768055976,0.00011145248533750973,0.00017139709503511487,0.0002978005735403652,0.00012922894078258866,0.00030016645714614997,9.826632794573719e-05,0.0003545919426315865,0.00020272223751505018,0.08572095734056465,0.005706729886618758,0.00011586016429905231,0.011298495021606127,6.839800963583223e-05,0.0001147170739110703,0.0006282660848275295,0.00021635815947277485,0.0005444185482344759,0.006104777371003195,0.5348385277149381,0.08581036489751129,0.00016819161336093595,0.0030289805700891965
Z_R_1884_KLU_0392,7.165044907947193e-05,0.0008700082079531043,0.0005543859527404985,0.00011014095048633653,0.0045302934850453965,0.4341114063480557,0.0022143607737933856,0.00011439236916014708,8.145365890656594e-05,0.00012526342929266126,0.0002176438350915164,9.444535966592005e-05,0.00021937291161820528,7.181672023063447e-05,0.000259149098906718,0.00014815701899623243,0.2284365715338035,0.0002697869779846863,8.467495610434414e-05,0.0004555534010458693,4.998783230265085e-05,8.383954275057191e-05,0.00045916043254786196,0.0001581226624958597,0.01405105036067653,0.000560695017616842,0.2894565275707232,0.021753928420338436,0.00012292074298890464,0.000263239979598343
Z_R_1884_MLL_0391,0.0004789384462779512,0.0318905739440985,0.2905319677786214,0.0007362233785721802,0.017244622416462234,0.02046328445635037,0.0017640604847281968,0.0007646414538288119,0.0005444667736428989,0.0008373076927170788,0.0014548129364142395,0.0006313081690023569,0.0014663707317362135,0.00048004986494764175,0.00173224967015977,0.0009903370236315542,0.0015615126598217991,0.0018033572395155992,0.0005659991310073614,0.003045089610695195,0.0003341373996034531,0.0005604149151539236,0.003069200360668637,0.09231984705242394,0.0026595890578028736,0.0167854521303076,0.3964042040479386,0.10629873822472394,0.0008216482997495157,0.0017595946493961484
Z_R_1884_ON_0628,0.0003068908520652235,0.0037263906042839024,0.04414510255214967,0.00047175210450578427,0.01940400437949857,0.3556310349585699,0.0011303624285335446,0.0004899616414459446,0.0003488796386738619,0.000536524209437935,0.0009322049318057217,0.00040452526500332607,0.0009396108556398204,0.0003076030192031788,0.001109978915654882,0.0006345812815320373,0.18479110450607367,0.009509657696860211,0.0003626769931145154,0.0019512113769602586,0.0002141062428127783,0.0003590987780543214,0.0019666608959136547,0.009031380765369714,0.0852453426759626,0.002401550498508422,0.2707133633443501,0.0012804476540939625,0.0005264900923442101,0.0011275008415782975
Z_R_1884_WIL_0395,0.013798949019534174,0.09034222262320298,0.1920564821045772,5.182100775190882e-05,0.0012138078441020564,0.35566581153781934,0.0570204837731125,5.3821288293154715e-05,3.832371766341463e-05,5.893609154218215e-05,0.004690813374435747,4.443627636922031e-05,0.0331397847814896,3.378956509232285e-05,0.00012192892293054247,0.0037404375103895888,0.00010991115197436754,0.00012693401514855132,3.983932894441565e-05,0.00021433659526966768,2.351913465262987e-05,0.004627858830825749,0.04701784182093153,0.005580491342263544,0.00018720213075627332,0.05624243868096922,0.05451473937022891,0.07263757303858474,0.006481611450342223,0.00012385367080221742
Z_R_1885_BLA_0381,0.034607602241727084,0.02507570259680095,0.15737722374173674,0.0001499049803807901,0.0035112370243217737,0.24573718743335637,0.0003591864372285501,0.0001556912826604963,0.00011086075693388065,0.0001704871060911747,0.0056054631597959054,0.00012854283284519823,0.0002985728002799777,0.005406988290134057,0.008316574850704146,0.00020164593575630848,0.00031794497627732273,0.02956802803633402,0.00011524503445374408,0.0006200211941575253,6.803486793530709e-05,0.0001141080130111825,0.01920728335432794,0.07188999916921474,0.0191238809847388,0.0007631219382466319,0.2691913773783188,0.10128250780603051,0.0001672986431003224,0.0003582771330997775
Z_R_1885_JON_0379,0.03394656244744987,0.003947149631504522,0.03757330734270998,0.001704803761515865,0.0005207155715140006,0.22844799781849734,0.003445701041429733,0.006549361604977185,6.738956246815131e-05,0.00010363497240775502,0.0001800646283739314,7.813806709818025e-05,0.006636215810409907,0.004900457064823075,0.00021440343655245713,0.00012257566843245713,0.00019327103145303688,0.03411048797481257,7.005465832329473e-05,0.00037689582996602156,4.1356744347986746e-05,6.936349059496296e-05,0.00037988005778330047,0.00013082060628017022,0.00032918178229911525,0.005304923788642348,0.5073487772542208,0.11481862277961828,0.00010169678317071434,0.008286188788323018
Z_R_1885_JON_0380,0.00021394859274601673,0.0025978487805790934,0.013303521815408765,0.0003288814189304462,0.0018793559509578794,0.42847365421508954,0.0007880308235004791,0.0003415761759643767,0.00024322102542224955,0.000374037214895605,0.0006498855601871861,0.0002820143076773013,0.000655048591185428,0.00021444507921975859,0.0007738204817250151,0.006266458905435211,0.0006975498390665398,0.018277769198722746,0.00025283983467098026,0.0013602846922329975,0.00014926391268969908,0.00025034528629484164,0.0013710553060080196,0.00047215504657506714,0.059428689323714395,0.013322360714106245,0.2003756221234759,0.245503237969872,0.00036704194209029203,0.0007860358715559181
Z_R_1885_JON_0386,9.674782163660172e-05,0.0011747504727020867,0.11662907783426264,0.00014872058960466189,0.0008498471151469824,0.37811167082693725,0.0003563485254921741,0.00015446117463714545,0.00010998485236010636,0.11341599652607491,0.0002938790643780174,0.00012752722318918475,0.0002962137934627519,9.6972333441938e-05,0.00034992259114111334,0.00020005274261658196,0.013483672030640482,0.0003642866550213756,0.0001143344899511207,0.0006151224417511757,6.749732828963961e-05,0.00011320645205070302,0.0006199929267917555,0.00021350910349335044,0.018972784282117166,0.05606369685747149,0.22755979416361616,0.06887850655001919,0.00016597682597827978,0.0003554464057239217
Z_R_1885_KUN_0382,1.786126578017253e-05,0.04446248276516867,0.0006244146320338094,0.2625837888203121,0.00015689598938122733,0.10286838684511791,6.578789699364516e-05,2.8516115879842817e-05,2.0305043013533815e-05,0.03260765993920582,5.4254989800187666e-05,2.3543658028241035e-05,0.03408976616033271,0.026759751396235355,0.029237527396766338,3.693308175297875e-05,0.08903565798620705,6.725340845343872e-05,0.01946972528199433,0.013727593945590486,0.058844528235561806,2.0899804190971005e-05,0.030746033188827706,0.03456071292207904,0.0005854006753561165,0.00013977194644188465,0.13098876726265501,7.452296382725033e-05,0.05643163204480701,0.03166962433820549
Z_R_1885_LEH_0383,0.00010688138721993448,0.027483309815287117,0.003736482223241058,0.0001642978896705127,0.0038483633549974082,0.30715480669504214,0.0964072229398022,0.032175156334611175,0.00012150489173371284,0.00018685617833149925,0.00032466056128478037,0.0001408846865200078,0.03233175641392922,0.0146546369508708,0.00038657420216898066,0.00022100667783845544,0.11963803379741722,0.00040244278760757376,0.008854814640911993,0.000679551629921208,7.456713711171275e-05,0.00012506392839390382,0.0006849322595701775,0.00023587248559631151,0.00641252514682738,0.0008363919844204185,0.23393786542792183,0.0935499918636042,0.008911866101301387,0.006211679606845673
Z_R_1885_SCH_0385,0.00011454668342558865,0.010745364841721887,0.04454059303599681,0.0032942454770256892,0.06960581408934302,0.24499282698605565,0.00042190657162336425,0.00018287766043108533,0.009484712473817603,0.00020025708930414743,0.00034794449718112905,0.0001509886239885063,0.009705202270903608,0.00011481249905074822,0.012886956474561315,0.0002368567869465395,0.019082450682816613,0.00043130509238374024,0.0001353688011110985,0.0007282875667000077,7.991492691905069e-05,0.009488526756699018,0.013206712110575686,0.003370953244337468,0.08794469441606433,0.013369034191205562,0.3847964444444632,0.05972305135221108,0.0001965118657940445,0.0004208384873424166
Z_R_1885_SEI_0384,7.787826154424031e-05,0.02850543154901641,0.12568167770871236,0.029799501930565693,0.0028040789483864447,0.02664728579691673,0.00028684680646788677,0.00012433528273127862,8.853356027154764e-05,0.00013615124864831097,0.00023656130185518642,0.00010265449157958824,0.0002384406686380258,7.805898488043512e-05,0.025721492117818958,0.015000928533515668,0.135932940331967,0.1168924022546233,9.203485061799117e-05,0.013215058789511553,5.4332743592123755e-05,9.112682365516693e-05,0.0004990703717302152,0.00017186658596187766,0.004672434775907344,0.0027294151081447677,0.45029493791020153,0.004564902891562582,0.014973498736095677,0.00028612063488006454
Z_R_1885_ZER_0387,7.471055661344907e-05,0.0009071652489205141,0.0005780631334491724,0.00011484494266939747,0.03319633676782609,0.24520886575710116,0.00027517928814874875,0.00011927793450124069,0.020422475096712116,0.012333138872930327,0.00022693915072517713,9.847901137886746e-05,0.0002287420741038275,7.48839290125297e-05,0.004337725585504649,0.0001544846333498996,0.05718870286221947,0.004348817796053393,8.829132521916558e-05,0.016745043675405868,5.212275461230535e-05,8.742023233050266e-05,0.08589644975732769,0.00016487589791884237,0.006516137357526403,0.05752976106152165,0.265211303201889,0.18741710889609678,0.0001281705452795393,0.0002744826536521986
Z_R_1886_HOL_0407,0.0001867565524193288,0.037854591467468834,0.011612695542384342,0.00028708186002018296,0.0016404970636394955,0.2875909313159971,0.0006878751475211751,0.0002981631624350689,0.0002123085718898655,0.0003264985286131607,0.0005672876139538092,0.00024617137770688703,0.0005717944436407445,0.0001871899373786257,0.0006754708853354616,0.000386170560546964,0.1429565709052538,0.0007031984662114935,0.00022070486761032682,0.0011873977583568476,0.00013029304552444594,0.00021852736670419123,0.0011967994686941112,0.00041214596260712654,0.07221091471962475,0.0014614488784665128,0.363010941382332,0.07195304707341421,0.0003203923279806386,0.0006861337462685353
Z_R_1886_JON_0408,0.0002667748345765053,0.0032392859882770437,0.038374563306336894,0.0004100858295179864,0.0023433894399218637,0.49069596067950577,0.0009826042316160152,0.007688000662874956,0.00030327495025674403,0.00046639108417827885,0.0008103493955597606,0.0003516467171538356,0.0008167872352426065,0.00026739390897751895,0.0009648852014145624,0.0005516303769461225,0.0008697825049345112,0.001004493026176723,0.00031526874845479673,0.0016961538241020589,0.0001861188012734791,0.0003121582688678733,0.0017095838199306828,0.000588735279011882,0.09588853792008636,0.002087625723136726,0.06103632375971374,0.28433440917548863,0.0004576686021955613,0.000980116704270462
Z_R_1886_JON_0409,0.0001182333951896336,0.0014356368395549272,0.13609279650474024,0.00018174817733478569,0.010694149637530136,0.3365595857101232,0.0004354857331880217,0.0001887636206521011,0.00013441008070249222,0.003425225770404733,0.0003591431721023954,0.00015584822812237016,0.00036199639341390986,0.0001185077661527832,0.0004276327394695132,0.00024448007796392594,0.000385483656275907,0.00044518674753455555,0.00013972567759687774,0.0007517276721615055,8.248700750998852e-05,0.00013834712716945903,0.000757679785323609,0.00026092480205635335,0.0006565608723980796,0.0009252262400368369,0.21050685302269312,0.29337893362413403,0.00020283664609960404,0.0004343832723649883
Z_R_1886_KLU_0402,6.261325839197602e-05,0.0007602750495993013,0.007302239016620779,9.624899607662937e-05,0.012481114081742975,0.21573077072247832,0.00023062165045998308,9.996418808694766e-05,7.118000037141262e-05,0.00010946409361185015,0.00019019266255945942,8.253307250211788e-05,0.0018961479380029383,6.275855794954507e-05,0.00022646291405510442,0.0001294701405528772,0.16383079327988637,0.00023575904939003638,7.399499897076712e-05,0.0003980949621040214,4.3682923144683674e-05,7.326495536523675e-05,0.025967911323736253,0.00013817882862812405,0.0003476971585531066,0.0004899751846383768,0.5307721192931432,0.037759016995118036,0.0001074168877010294,0.00023003781655866521
Z_R_1886_KLU_0403,0.00041414515558777366,0.016302482871635344,0.025751929664002804,0.0006366232404929583,0.0036379120457138412,0.13043258380898387,0.012799177101778515,0.0006611967703277976,0.00047080846909468976,0.0007240323414627456,0.001257998255485046,0.0005459015076095595,0.0012679924519816304,0.0004151062157437483,0.0014979019010489794,0.000856359066438773,0.0013502630838679215,0.0015593896675943437,0.0004894278168630282,0.002633134007930931,0.0002889335496490018,0.0004845990628520888,0.0026539829299097152,0.07983033669252905,0.0022997859802302927,0.003240860710456386,0.7035371494746785,0.0017279472143211395,0.0007104914328400166,0.0015215475088894116
Z_R_1886_KLU_0404,0.0001171027018454422,0.004609651387441948,0.16348100444869862,0.0001800100774172306,0.004216391256466921,0.3652184271909958,0.00043132108225148847,0.00018695843042513963,0.00013312468596779156,0.00020472566747385213,0.0003557086027604878,0.00015435781541824918,0.0003585345380557184,0.00011737444893551961,0.0004235431885308719,0.00024214205835028092,0.0003817971867826927,0.000440929323550814,0.00013838944857784275,0.003932282601827828,8.169816515098988e-05,0.0001370240815474703,0.0007504339180378079,0.0002584295177371778,0.0006502820286984097,0.0009163780871964065,0.4188848230122707,0.03236602901079917,0.00020089687227060183,0.00043022916451666496
Z_R_1886_KLU_0406,5.380871804263209e-05,0.000653366824046,0.00041633789879980056,8.271467137761119e-05,0.02976804437255759,0.4065753025242672,0.006057268268633363,8.590744115978683e-05,6.117082337868912e-05,9.407149061111883e-05,0.00016344818359989593,7.09274511742659e-05,0.00016474670150863285,5.393358589212185e-05,0.00019461819113802183,0.0030408023974841433,0.00017543589387181718,0.00020260712412074625,0.002993128049775234,0.007665960880470995,3.7540325406088024e-05,6.296259653146019e-05,0.014992514889364613,0.00011874842198061906,0.03838279960778144,0.01653353530610086,0.2876876582967479,0.183320636507211,9.231215834732021e-05,0.00019769039861905997
Z_R_1886_NAU_0405,8.061262211808733e-05,0.005367668447716525,0.04451210934617888,0.00012391758789165503,0.0007081131460387547,0.4072173756360121,0.0002969181997268921,0.00012870078201563797,9.164203588295184e-05,0.00014093161481214093,0.0002448671356561027,0.00010625876302758511,0.006830069451571597,0.002275218678525211,0.0002915639559947343,0.00016668877780847536,0.02440143518655159,0.013470046367495879,9.526625899768101e-05,0.0005125348779375831,5.6240404459243234e-05,0.0022887453383165206,0.020266363973455978,0.00017790094275538273,0.00044764927387273964,0.009408503756807091,0.1983859935944055,0.2592777824235806,0.0023327148886432697,0.000296166531743539
Z_R_1887_BOE_0415,9.803882026485754e-05,0.06524141277088247,0.0007585625139320916,0.02950740724726275,0.09693766715744163,0.2870806964226005,0.00036110362436478106,0.00015652229768055976,0.00011145248533750973,0.00017139709503511487,0.09103669808705706,0.00012922894078258866,0.00030016645714614997,0.04279892398136536,0.0003545919426315865,0.00020272223751505018,0.00031964203372540303,0.00036914767994130596,0.00011586016429905231,0.0006233306082512234,6.839800963583223e-05,0.0001147170739110703,0.11271749242505404,0.03757943360621494,0.0005444185482344759,0.03813027061106791,0.19323326648758124,0.0004090495906720505,0.00016819161336093595,0.0003601894667504703
Z_R_1887_BOE_0416,0.00015992622467878473,0.006295364085210521,0.0012374081890038106,0.12649665253671746,0.001404815512954089,0.25933468985956876,0.0005890517573188932,0.0002553276353027849,0.0001818073204363588,0.00027959220904356756,0.0004857883979511655,0.0002108052357501272,0.0004896477552147515,0.00016029734750941664,0.0005784295499821849,0.00033069147524043786,0.22690218767929607,0.0006021736557259173,0.0001889973646862924,0.001016810592324946,0.0044650508837957275,0.0001871326938373093,0.001024861608582657,0.03953422229757164,0.005241561325292047,0.0012514902351024749,0.31956602897385156,0.0006672638100484421,0.000274363254012861,0.00058756053398896
Z_R_1887_BOE_0417,0.0009252875127892589,0.011235208448593038,0.007159290778032624,0.0014223504170742924,0.008127861797024528,0.44254169981697566,0.003408085425191959,0.0014772528588741026,0.001051885290678998,0.07718155744642177,0.027998605315171367,0.0012196589562591229,0.0028329622266485186,0.000927434723614653,0.0033466283638084638,0.0019132865372168473,0.003016772147702958,0.0034840049860050473,0.0010934848355580707,0.005882976014970802,0.0006455384106489576,0.001082696381972728,0.03111752912693757,0.0020419819690750186,0.1562660396769191,0.007240765479481919,0.010195906254740672,0.18017640365088106,0.0015873875183149036,0.0033994576324160174
Z_R_1887_ERD_0480,0.00018964899098767657,0.02295312508277352,0.12536937449762384,0.0002915281117497124,0.0016659046700482818,0.2559069869089845,0.0006985287850033599,0.010627946897131708,0.00021559675371679414,0.0003315552558039105,0.0005760736220091612,0.005412566947433093,0.11932005762554138,0.00019008908810435145,0.0006859324087210159,0.005554734402447496,0.000618324343453988,0.0007140894274041494,0.0002241230891561221,0.01153095373508855,0.00013231099148232708,0.00022191186366296705,0.03735341570310136,0.0004185291757398953,0.0010531382167667102,0.3473771396926212,0.012414941530089613,0.0007912767812311578,0.0003253544838699439,0.03683484091825231
Z_R_1887_ERD_0481,0.030875830431646396,0.014996554465272338,0.0557446992402126,4.354851890507673e-05,0.004875978217853563,0.25570230868282323,0.10498584850130584,0.018553729862905002,3.2205879730630277e-05,4.9527780490172196e-05,0.0008572414914403161,3.734265514095341e-05,0.031705425782382106,2.839554030407948e-05,0.00010246469985178521,5.857965374538547e-05,0.05021955392439323,0.00010667080009053601,3.3479545168388754e-05,0.0017224958296892762,1.9764638406001856e-05,3.314923192822094e-05,0.000181546978566835,6.251995943939355e-05,0.0016996929975541335,0.3233492617673412,0.083600422754601,0.01939788895583305,4.860150812428713e-05,0.0008752697048549124
Z_R_1887_GER_0410,2.014325927093663e-05,0.008469617751337179,0.0467643608464457,0.007707659128872209,0.03856041607837388,0.3068317747118771,0.012137570869110718,0.02690059170123188,2.2899258706690675e-05,3.521560249552745e-05,6.118672325565976e-05,2.6551646097533568e-05,6.167282260638056e-05,0.010986897066915647,0.0028145319615532714,0.0005899870843866594,0.012677387437909814,0.05271603975219302,0.001668810929081102,0.002869747564954838,1.4053196866185203e-05,2.3570007843333845e-05,0.038512559574400675,0.10971152403045974,0.005595210895360328,0.00015762950905236206,0.26506793770786125,0.04888589060929282,3.455699758497481e-05,7.400527460259391e-05
Z_R_1887_JON_0412,0.00020106728272331875,0.018861666230600437,0.007029140873940137,0.00030908029070813046,0.0017662046264430723,0.25489427954075716,0.000740585457234378,0.0057944198721489116,0.0002285772953921027,0.00035151736906134683,0.0006107575749426945,0.0002650349310831288,0.0006156097527490945,0.00020153387698740286,0.0007272306846196589,0.0004157619332283343,0.0006555521067235844,0.0007570829670216003,0.00023761698017737325,0.012225203638827767,0.00014027710557926656,0.00023527262232404776,0.017708734924866028,0.0004437277713326686,0.001116545036567706,0.0015734363856349,0.5988171925373398,0.07199323645047823,0.00034494326414754483,0.0007387106163601842
Z_R_1887_KLE_0491,6.15639354129639e-05,0.0392927702368664,0.0004763428760999757,0.006798155367001544,0.08098301933779724,0.18865306435233187,0.00022675670869684412,9.828890840446808e-05,0.0034217468033166183,0.00010762960692718391,0.00018700526205693723,8.114991737285148e-05,0.0035402506239517956,0.026875784353737376,0.0002226676677172694,0.00012730037655932225,0.12589170924256354,0.00023180801099356287,7.275493169514434e-05,0.05066781878226083,4.295084983907193e-05,7.203712274327419e-05,0.1327890305463969,0.00013586311748616808,0.00034187017194392956,0.000481763789263166,0.2855779578688375,0.03209858169748886,0.00010561670972765151,0.020336740824509852
Z_R_1887_LEH_0411,0.00033794653866798884,0.004103481084457404,0.0026148170209931575,0.0005194908540095099,0.002968572171471441,0.5112125412907893,0.010444254969506458,0.0005395430971384976,0.00038418436231690736,0.0005908175439931134,0.0010265390053595268,0.0004454610236559623,0.0010346943684422963,0.00033873077325043225,0.0012223027503612,0.0006987974589469696,0.0011018280168862604,0.001272477375354555,0.00039937793405296965,0.002148663365544622,0.0002357726311451228,0.00039543762307248716,0.04816320631949458,0.000745801417324993,0.011076154087025274,0.0026445743590780475,0.35330512070799386,0.03820804602091773,0.0005797680287742858,0.0012415977999749848
Z_R_1887_MLL_0418,7.626152870579471e-05,0.05490133435884167,0.0005900635766025052,0.00011722909437568,0.011049764921949132,0.12366489570335899,0.018964662298318665,0.00012175411398684172,8.66956261503012e-05,0.00013332478346636734,0.00023165034958903369,0.00010052341052744666,0.00023349070119699564,7.643850027164302e-05,0.0023518011775946076,0.0001576916949203499,0.00024864018217145203,0.0002871491753416432,9.012423060253263e-05,0.012940717540961011,5.320480969855153e-05,8.923505404776684e-05,0.35132839763850715,0.00016829867949033612,0.002499461737903262,0.03173639592660425,0.12332283380310684,0.26396694720510755,0.0001308313330958826,0.0002801808435057447
Z_R_1887_ON_0515,0.000392045978700445,0.00476037797036106,0.003033404343060808,0.0006026524227436329,0.0354603566470373,0.400949492098398,0.0014440119071599496,0.0006259146858034319,0.011117874692938567,0.0006853972914802744,0.0011908702797093574,0.0005167716872628715,0.001200331176435934,0.00039295575577825325,0.0014179724400266312,0.011482851946046304,0.0012782117696554514,0.012148368169929752,0.00046331148602466636,0.0024926274888416996,0.0002735157823849736,0.00045874039889113303,0.0985620649708436,0.0008651914226546025,0.012849256235616764,0.013740114328881487,0.2924691270014145,0.08701325438749359,0.0006725789385384011,0.0014403562958865712
Z_R_1887_ON_0629,4.7479929211162385e-05,0.04710609327521642,0.0003673697252418628,7.298606777106249e-05,0.11932597977226485,0.053728169044225366,0.00017488148548111142,0.007830732168494368,0.03882862039554597,8.300713857307809e-05,0.0001442239932359578,6.258521822085005e-05,0.01177776306375943,4.7590110551104854e-05,0.00017172789604681955,9.817781834522177e-05,0.12940361597019362,0.007933706052420787,5.611075678441754e-05,0.0028868535721066338,3.312496669095282e-05,5.55571612744275e-05,0.036493935506495954,0.003982246084143045,0.050670697940684156,0.001664038636108654,0.46840389718198877,0.018292935574771088,8.14547326733893e-05,0.00017443876147955713
Z_R_1887_ON_0630,7.501568354610496e-05,0.15610745777874965,0.0005804240130729637,0.00011531398327993746,0.025163673164428833,0.22374766437916535,0.0002763031535826216,0.00011976507998559573,8.527932453612415e-05,0.00013114672542101848,0.00022786599761401213,9.888121155023667e-05,0.00022967628434939917,7.518976401899385e-05,0.0002713206552729661,0.00015511556724268817,0.00024457827608696065,0.00028245816774870064,0.004172772642846002,0.00047694955454228444,5.233563023467175e-05,0.11444315757259148,0.25982239204881763,0.00016554927099061794,0.00041656896136301814,0.04142823665020595,0.08455108591064543,0.041154196887752036,0.00012869400925987512,0.045200931651098876
Z_R_1887_ON_0631,0.0004789384462779512,0.044928130506084595,0.00370572341492731,0.0007362233785721802,0.06939484866440661,0.007425727894364278,0.053914286732672574,0.0007646414538288119,0.0005444667736428989,0.0008373076927170788,0.0014548129364142395,0.0006313081690023569,0.0014663707317362135,0.05263027611289201,0.014769806232145863,0.014027893585617648,0.09282440859372446,0.0018033572395155992,0.0005659991310073614,0.01608264617268129,0.0003341373996034531,0.0005604149151539236,0.13344476598052957,0.0010569511185212807,0.0026595890578028736,0.003747895568321509,0.461591986857869,0.015035842290821291,0.0008216482997495157,0.0017595946493961484
Z_R_1887_ON_0632,0.00022036570977808806,0.014673261286573383,0.007703797439524185,0.0003387458004992268,0.03192945815838751,0.015414165779633851,0.02480665345485693,0.0003518213206900206,0.07823422272824086,0.000385255987365796,0.0006693780543590229,0.00029047296961032075,0.012672189266431714,0.00022087708773471348,0.0007970302468807884,0.054444386692617946,0.018714711946656772,0.0008297477497529592,0.00026042344524129774,0.001401084708512407,0.00015374089467916116,0.012255347398546081,0.031405911679453634,0.0004863167391212393,0.0012237109695316353,0.0017244547258751612,0.4343380082220143,0.2048768233253624,0.0483680241902121,0.0008096120218565114
Z_R_1887_UNB_0512,0.00033184099226553576,0.004029345115284608,0.01160087832684483,0.0005101054182914625,0.03001484666377293,0.3755104361877312,0.0012222605769445748,0.0005297953854776936,0.0003772434554490102,0.027680049988368725,0.0010079929313093112,0.00043741305559232804,0.0010160009546740089,0.00033261105839206784,0.0012002198901857684,0.0006861725617418273,0.0010819217260535823,0.0012494880300814213,0.00039216253093599373,0.0021098443146577834,0.00023151302030383755,0.00038829340799497527,0.05632636289753008,0.0007323273182013841,0.028942649934304416,0.002596795880482794,0.22948916866547292,0.21818379977869343,0.0005692935891889828,0.0012191663437724452
Z_R_1887_WAG_0413,0.0001551967082827292,0.0018844600667263965,0.001200814176169071,0.00023856812039867363,0.06895895877295752,0.21364278112251026,0.0005716316628349483,0.00024777680216109065,0.00017643071191168606,0.0002713237969083041,0.0004714221225154872,0.00020457106858425377,0.05962139437162178,0.012829748361224297,0.000561323587241562,0.00032091189870552754,0.0005059974337610594,0.0005843655058508816,0.008632869127745878,0.000986740337257381,0.0001082749253805189,0.0001815985974405537,0.0009945532598974116,0.17778117881298994,0.0388843960515524,0.013888671277688504,0.36503696304752414,0.030220644254177656,0.0002662494783582725,0.0005701845396218238
Z_R_1887_ZER_0414,0.00010626304225672254,0.05914366920513855,0.0008221963529810603,0.05512405945838359,0.0067187683290411805,0.23595375491106835,0.0003913956695038384,0.005954990661170962,0.00012080194485247007,0.00018577515216107202,0.0003227822901653112,0.00014006962097333709,0.000325346641601781,0.00010650963496603637,0.0003843377397030979,0.0002197280794816021,0.02348780843163402,0.003292783577249336,0.00012557937255385537,0.0006756201939758681,7.413574101129273e-05,0.00012434039128222,0.15688509878581258,0.00023450788351523413,0.00637542652068538,0.0008315531739943058,0.07059498857321253,0.3620269958533684,0.00018230077095497213,0.00906841199730106
Z_R_1888_BER_1030,0.00040501310801979685,0.08209407136963434,0.0031337358055202346,0.0006225854722452283,0.014582872132728934,0.4913873512254955,0.001491773369223393,0.022696971822836504,0.0004604269753667791,0.0007080671715367385,0.001230258947770057,0.0005338641857487122,0.0012400327686891918,0.0004059529764584675,0.001464872632861287,0.0008374760452939568,0.0013204893039629878,0.001525004572346103,0.0004786357599129935,0.0025750724691471303,0.000282562462401502,0.0004739134816406376,0.06874652569241646,0.0008938080892525998,0.0022490748836877707,0.11342117196136059,0.16984057091974125,0.0016898453653842892,0.0006948248447517733,0.012513174184564777
Z_R_1888_GRO_0430,0.018077432651307564,0.10779916988979243,0.00024425035639150236,0.4331492863373292,0.10597450410663659,0.1336851124354624,0.014724829545254234,5.039878228825323e-05,3.58867051356066e-05,5.51883342215125e-05,9.588912566188273e-05,4.1610565065530435e-05,9.665091905831397e-05,0.0008909677862192508,0.008707444499692447,6.527475040239926e-05,0.019008113813405426,0.00011886225687502397,3.730593840569734e-05,0.030277148601156132,2.202354838683344e-05,3.693787350725537e-05,0.00020229606961774479,6.966539551961781e-05,0.00017529791149727082,0.02688616407956034,0.09745178960428671,0.0018503641279049696,5.415619774370769e-05,0.00011597779221416077
Z_R_1888_HLS_0633,6.425607180790212e-05,0.018271868634745243,0.010992160463714146,0.042078724467448356,0.014557751512752765,0.3245917108608981,0.00023667257882737234,0.00010258699535682845,7.304758341307025e-05,0.00011233615435690767,0.03517847462106368,8.469853142002427e-05,0.0001967334712168123,6.440518365808512e-05,0.0019815693169280154,0.0001328671093311282,0.0002094980479813632,0.0019911093593241148,0.019316746921896326,0.0004085399662669239,4.482905247945971e-05,7.518724234857418e-05,0.13159911894123055,0.0018909688805607238,0.0003568198519158215,0.02674029973161216,0.1021595951600992,0.2661411146257993,0.00011023523494479611,0.0002360734266022619
Z_R_1888_KER_0993,7.80437130318174e-05,0.09867411851942813,0.026097717540580878,0.00011996866514085789,0.04105083300219637,0.24977521243659623,0.0002874562092703606,0.00012459943163597035,8.872164882099608e-05,0.0001364405004392173,0.00023706387367072287,0.00010287257988820648,0.0002389472331470785,7.822482031269998e-05,0.0002822725909937734,0.00016137685140488867,0.0002544507480361213,0.0002938596723407065,9.22303776192588e-05,0.10672063736987332,5.444817289258849e-05,9.132042156340167e-05,0.2851816180769135,0.00017223171458375934,0.002557872598639734,0.0069841911441480544,0.05184770652793614,0.12779494628426605,0.00013388877968990056,0.00028672849493919687
Z_R_1888_KER_0994,4.993233325985773e-05,0.09167584342377101,0.10912610034646926,7.675589917295992e-05,0.02354581100647738,0.30388624701327166,0.027368853222849186,0.001438965604870766,5.6764071879665123e-05,8.729457214952441e-05,0.00015167336207047832,6.581783135029867e-05,0.0164638416546151,5.004820561848231e-05,0.0001805978795227036,0.008258730498515941,0.00016279747663953286,0.00018801128907035375,5.900895502101294e-05,0.0016767166107367628,3.483591706041321e-05,5.842676553684065e-05,0.2517806678804907,0.0001101937752116803,0.00027727881985781136,0.026216433514408322,0.003268707071172154,0.13341453425168687,8.566198233682506e-05,0.000183448764906464
Z_R_1888_KLU_0427,0.00013040503288248227,0.0015834296982607304,0.001008991839207099,0.00020045839843861626,0.004695354007892006,0.2718110034955102,0.0004803171833571352,0.00020819605255074244,0.00014824704108033922,0.00022798156642066334,0.007495829455866074,0.00017189215686801306,0.007498976404478623,0.0001307076491984067,0.0004716557565035333,0.00026964828807346026,0.0004251675999973872,0.025340015819664934,0.00015410985662996104,0.0008291149184176343,9.097870283996325e-05,0.00015258939015321506,0.0008356797769449518,0.00028778592831103306,0.0007241510912978473,0.00812018842796366,0.5729639317346328,0.09284037366019005,0.00022371783760389243,0.000479101228764537
Z_R_1888_KLU_0428,0.00011562832786943475,0.0014040050775776984,0.01978031177958611,0.00017774367220726932,0.09544396004999306,0.24730625171531692,0.00042589056212724493,0.00018460454242708268,0.0032790573811462297,0.0002021480822295544,0.0003512300766574417,0.0001524143833499917,0.0003540204321975385,0.00011589665354539146,0.00041821059547328957,0.0002390933844622973,0.00037699019405379545,0.00043537783148737795,0.00013664706519708614,0.0007351646597461367,8.066954969901543e-05,0.00013529888873179506,0.0007409856284421625,0.00025517577764767294,0.000642094694972808,0.010347666867017437,0.4671202302831727,0.14842005195832947,0.00019836749322409608,0.00042481239211187443
Z_R_1888_KLU_0429,0.00025924421971462334,0.010204935140361414,0.05140549022906022,0.00039850978094759654,0.002277239409798269,0.4274447985928027,0.000954866930075927,0.00041389217883807907,0.00029471399715460655,0.00045322563086429713,0.007844563433206603,0.00034172030862083267,0.0007937306748197399,0.00025984581866338044,0.00799473694740031,0.021707325363903532,0.0008452299752003532,0.04331867105061884,0.000306369230153644,0.0016482741910171105,0.00018086497359077927,0.00030334655429019417,0.001661325080149473,0.0005721162502759851,0.05789631784360473,0.016142873219013153,0.3415969234535187,0.001081650530594702,0.00044474937020360126,0.0009524496215365349
Z_R_1888_MLL_0423,5.985856737827635e-05,0.1001236849092827,0.006980974595704614,9.201448965771598e-05,0.05103896402598342,0.14920863977199814,0.00022047537466469378,9.556623056665693e-05,6.804841271068489e-05,0.00010464818460568372,0.0034407384640159993,7.89020026777156e-05,0.04091968696895305,5.9997474433749064e-05,0.001845956298521717,0.003382687449450437,0.021378097630726522,0.00022538675202950906,0.004959109650350057,0.00038058064256738487,4.176107849182316e-05,0.039177002326096076,0.20569513765145453,0.00013209960535687164,0.00033240010705390063,0.0004684185643198894,0.2108595057993872,0.06868693045833645,0.08809335259121745,0.0018493739220071543
Z_R_1888_MLL_0424,9.649369123665338e-05,0.21656351999175827,0.02176044681938441,0.00014832994077890592,0.07176932323927145,0.15384642848133437,0.00035541249415035767,0.00015405544684479814,0.000109695951855209,0.0001686958117457692,0.05545443591243104,0.00012719224361357114,0.0002954357198221313,9.671761331010816e-05,0.00034900343899346427,0.00019952725808750516,0.0003146043539205148,0.002990059714689936,0.00011403416412292474,0.0032402366235481247,6.732003103639374e-05,0.2338918739569013,0.1188212117777873,0.00021294827273824382,0.0005358383052236225,0.04540951289692651,0.06673152955630872,0.003029332756158644,0.0027922707920126468,0.000354512744007112
Z_R_1888_MLL_0425,0.00012550428787066524,0.0049403728999908025,0.0009710729674146704,0.00019292498140316953,0.0865136979986443,0.10785583805434977,0.0004622664073372497,0.0002003718471235061,0.0001426757764517276,0.00021941380258727537,0.00038122907648916837,0.00016543228632681596,0.00038425775978346676,0.02745739548312543,0.00045393048513258456,0.00025951464925975053,0.044823039318973204,0.06196866388721286,0.00014831826182371046,0.0007979559921795646,8.755963676353093e-05,0.00014685493592150244,0.25362157368890126,0.013942770635521375,0.007529836793278446,0.055645323948410805,0.16878900358081794,0.16109679409868244,0.000215310308749697,0.00046109614947331716
Z_R_1888_NAU_0422,0.08860717074458875,0.00983530301462279,0.009184643459301235,0.4827332154601623,0.005318376744675964,0.11487492299055402,0.000544050083069605,0.00023582141886598955,0.00016791782140888417,0.008300001563257015,0.00044867571478358605,0.00019470038854204748,0.0004522402294697083,0.00014805114176261248,0.004555124031792495,0.0003054277019626505,0.0004815827459687049,0.004577054163638784,0.00017455856922577392,0.0009391295083106916,0.008144819900192439,0.0001728363532783941,0.008988334759263377,0.00032597201105642076,0.0008202381156174524,0.0011558803753804923,0.21071362656326653,0.0006162869845911797,0.00025340277706044725,0.03673063466432965
Z_R_1888_NAU_0426,2.20142980443497e-05,0.07457658264880422,0.0049644796019388355,0.028199453132959806,0.04034435677234404,0.3724869717670259,0.07259255587116303,3.514657257622474e-05,2.502629288454361e-05,3.848665991538114e-05,0.008456627151183591,2.9017938105108826e-05,6.740140112539194e-05,2.2065384153716714e-05,0.002476695895781646,4.552061871835346e-05,0.021645435439525386,8.28909102195828e-05,2.6016022851520677e-05,0.003136308645846321,1.5358550477205717e-05,2.5759345624839612e-05,0.0450862018986632,4.858252061880346e-05,0.0019200524850685509,0.00017227117747871116,0.13987210667144817,0.1804716262871584,0.001835571951191838,0.0012794160871033786
Z_R_1888_NN_0990,0.000392045978700445,0.07946570103118565,0.003033404343060808,0.0006026524227436329,0.0354603566470373,0.3689329250723303,0.0014440119071599496,0.0006259146858034319,0.000445685684249339,0.0006853972914802744,0.0011908702797093574,0.0005167716872628715,0.001200331176435934,0.00039295575577825325,0.0014179724400266312,0.0008106629373570768,0.0012782117696554514,0.0014761791612405242,0.00046331148602466636,0.023837005506220154,0.0002735157823849736,0.00045874039889113303,0.002512363892640559,0.022209569440033057,0.002177067226927536,0.04575668135494917,0.23910818195796835,0.1617185774483182,0.0006725789385384011,0.0014403562958865712
Z_R_1888_NN_0991,0.0005766787017813176,0.02270048202032954,0.11434951723266708,0.0008864695358569419,0.005065630654883385,0.19731978956197158,0.002124064413919262,0.0009206870827535787,0.0006555798446074849,0.0010081828196923865,0.0017517065961731985,0.0007601435594772381,0.0017656230701032576,0.0005780169352861732,0.0020857617481163993,0.001192441896348363,0.03327662166708815,0.0021713807271347314,0.0006815064579076483,0.003666521944835409,0.000402327111797739,0.032071223035514865,0.003695553141018789,0.0169708705880854,0.003202349648571461,0.02021097453867918,0.5243957909425487,0.0024060896109894675,0.0009893277069375065,0.002118687204923682
Z_R_1888_NN_0992,0.0004286424004154177,0.005204746256712269,0.014984973070978874,0.0006589083809947129,0.003765257979564736,0.38003498890721515,0.001578806476131274,0.0006843421127985682,0.00048728922602569156,0.00074937725731096,0.001302034768906608,0.0005650109133355876,0.0013123788145116791,0.0004296371026994899,0.02488715372493125,0.0008863361092196208,0.0013975293484721303,0.0016139764555545433,0.0005065603482733078,0.002725307459345069,0.0002990477338949505,0.012169971277183753,0.0960941559189328,0.0009459546797414405,0.002380290508550233,0.026691125201621018,0.29643350405423474,0.11847252154279801,0.000735362346119702,0.0015748096235263813
Z_R_1888_ON_0634,0.0001442288071483917,0.0017512834553654827,0.09141774005096431,0.00022170828111928243,0.0012669270853099958,0.2731415693113382,0.20076563464683497,0.008082595617444453,0.00016396218325073704,0.00025214908236176814,0.00043810626620963025,0.00019011383376268533,0.008293916252653908,0.0001445635027449087,0.004447819028165893,0.0002982327451540057,0.08684586195772431,0.0005430678316578599,0.00017044649504884853,0.02054783004792215,0.00010062303192194188,0.004094929569816929,0.06374290274921944,0.00031829309219835055,0.0008009157759057996,0.10713509876822633,0.07226024762601274,0.051641910485720026,0.00024743337080022687,0.000529889047996401
Z_R_1888_ON_0635,0.00013228338122546352,0.005207226325198606,0.004624514288554977,0.00020334579236982417,0.001161996704573011,0.5133914295792187,0.00048723565088497464,0.00021119489931056297,0.0001503823849225977,0.00023126540284975597,0.0004018211020122076,0.0001743680839153646,0.0004050133791337968,0.0001325903564134576,0.0040794384406118295,0.00027353229012380253,0.0004312916953585232,0.0004980894623400038,0.0001563296482088553,0.0008410574531398504,9.228915606365154e-05,0.00015478728100002843,0.0008477168715998954,0.00029193118413151575,0.0007345817316829706,0.15587769925501938,0.023063587754935288,0.2850300580039939,0.00022694025947113207,0.0004860021817360463
Z_R_1888_ON_0636,0.00020789463717182574,0.002524339247731816,0.3128679607947206,0.0569121940713012,0.0018261771135130497,0.36541607422488703,0.006424994337784157,0.00033191083080856527,0.0002363387680364136,0.00036345334213903007,0.0006314961973071412,0.0002740343435744694,0.0006365131335828595,0.00020837707491069797,0.006411186096236129,0.00042987936718327747,0.0006778117530044078,0.03473836142131768,0.00024568540048266563,0.0013217936557212186,0.00014504029483526388,0.00024326143861916994,0.0013322595008765277,0.00045879480129647904,0.029450767352509604,0.00162686331696559,0.16640942213400342,0.006526665382400708,0.0003566560097372933,0.0007637939573416512
Z_R_1888_ON_0637,0.0002470405117937833,0.02317431068734812,0.001911443560449856,0.0071046324894028685,0.008894922469809458,0.11815325128869027,0.0009099173565396557,0.00039440854573405014,0.0002808405787022405,0.00715677263579276,0.0007504048488256351,0.00032563410680843134,0.0007563664576581221,0.0002476137909679889,0.0008935090686424661,0.0005108242344451234,0.0008054414709295978,0.0009301869558795272,0.0002919471512164804,0.04864485863733995,0.00017235090406497836,0.0002890667653273934,0.0015831195716061067,0.0005451843494497292,0.0013718385882503649,0.0019331963147733262,0.7559089924791851,0.007755614951444972,0.0004238131602548626,0.007632496068666846
Z_R_1888_SCH_1033,0.00017109938133645698,0.05331148173169578,0.005981488577198935,0.009578272790667999,0.05739451681381276,0.2075885202884174,0.0006302055304240882,0.0002731659584045837,0.000194509187668122,0.0002991257630818931,0.0005197277339399305,0.00022553302619240454,0.0005238567230502671,0.00017149643245705022,0.0006188412084850893,0.0003537950510650994,0.075079918765791,0.005301873736883013,0.00020220156035694333,0.010403108606157367,0.00011936962421334704,0.0002002066153171418,0.0010964629943349155,0.0003775927447196732,0.0009501305354283299,0.02462707267330709,0.49093647741412055,0.03797491825607394,0.014266420151792495,0.00062861012360636
Z_R_1888_UNB_0996,8.731913932455185e-05,0.12704032648556862,0.11001680698530782,0.01915008537349089,0.06019158211399668,0.18438148290710596,0.024091443298800367,0.00013940796392331655,9.926613834154877e-05,0.0001526563332847383,0.0026422210227810684,0.0001150988950547784,0.00026734590054524536,8.752177104564423e-05,0.0003158204388665997,0.000180556347515605,0.00028469199447166686,0.0003287846345870837,0.00010319187645529873,0.0005551748999029565,6.091929010139392e-05,0.00010217377292672601,0.045722234754709226,0.0001927013015861313,0.09081021923635571,0.05773088475040631,0.06751768987774646,0.20716178522996084,0.00014980134278042825,0.0003208059230563208
Z_R_1888_UNB_0997,0.0002667748345765053,0.0032392859882770437,0.13278167613630829,0.0004100858295179864,0.024129646246838336,0.34545424863339597,0.0009826042316160152,0.00042591506056946656,0.00030327495025674403,0.00046639108417827885,0.00807243499786525,0.0003516467171538356,0.0008167872352426065,0.00026739390897751895,0.0009648852014145624,0.0005516303769461225,0.0008697825049345112,0.001004493026176723,0.00031526874845479673,0.0016961538241020589,0.0001861188012734791,0.0003121582688678733,0.0017095838199306828,0.000588735279011882,0.0014814250901149858,0.002087625723136726,0.046512152555102756,0.422314035619293,0.0004576686021955613,0.000980116704270462
Z_R_1888_UNB_0998,0.00016874157410882198,0.0020489272067893112,0.051833520110985715,0.0002593892654921407,0.06579049269226953,0.3103771348798454,0.018995304471643482,0.00026940163929343715,0.00019182878540749973,0.0002950037090998309,0.0005125657103375412,0.0002224251049651433,0.0005166378005842399,0.00016913315373095296,0.000610313367748744,0.00034891963584157844,0.0005501585981599536,0.0006353662806593758,0.00019941515460418862,0.001072858565029304,0.0001177246704997106,0.00019744770058040853,0.0010813533641732878,0.00037238938924492794,0.25817000482201496,0.12993695776960718,0.02023317654461024,0.11554019045559495,0.01866326991315588,0.0006199476639222478
Z_R_1888_UNB_1029,0.0003684527916977777,0.04459366206428029,0.25359936727973176,0.0005663850151438087,0.023296424561468125,0.30661091144327846,0.0013571117862286382,0.0005882473635193803,0.000418864478920918,0.0006441503272272077,0.0011192041315237907,0.00048567255165716557,0.011158036159937322,0.00036930781871591535,0.07154222276044399,0.0007618775312661983,0.0012012894417936628,0.0013873432264452346,0.00043542956623939596,0.002342622056654456,0.0002570557002706759,0.0004311335654972712,0.0023611707307203632,0.0008131245117900717,0.002046052098619012,0.002883298669947187,0.014089986764227945,0.2522858160562296,0.0006321033781880764,0.0013536761683363113
Z_R_1889_BOE_1028,6.961377349907839e-05,0.0027402888450740372,0.023278756572899763,0.00010701017619058792,0.006296529922347578,0.40092660118192597,0.0021514172113718285,0.00011114074760236143,7.913832550447236e-05,0.002016713556958461,0.00021145727394850902,9.176073507271322e-05,0.00021313720119583147,6.977531836593082e-05,0.00025178274394027693,0.0001439456318168047,0.24657836500655037,0.0021571290004509442,8.226805680944466e-05,0.002337614982951509,4.856692010076509e-05,8.145639021509993e-05,0.011816173288313744,0.00015362800029137126,0.00038657166011489595,0.0024397679321002345,0.29259874361767213,0.002185461884998987,0.00011942670102844667,0.0002557573406879214
Z_R_1889_JON_0443,0.00013180873940799514,0.04106922624816016,0.10507383587491263,0.00020261617376187178,0.01909816928448394,0.4649044570746012,0.00048548741605208004,0.0002104371175701797,0.00014984280264224135,0.00023043560677023884,0.00040037934042137595,0.00017374243930686305,0.0004035601634343627,0.00013211461314802353,0.00047673275582300244,0.00027255083756250637,0.0004297441912635449,0.0004963022832894172,0.00015576872674114974,0.025954518346449015,9.195801626089723e-05,0.00015423189365133632,0.015196948728333192,0.0002908837150803905,0.11196206580417807,0.0010314590405769478,0.001452423740711982,0.1943056411475926,0.0002261259823018138,0.01483653189551088
Z_R_1889_KLE_1003,0.0816323130421322,0.01812209030500338,0.13855504134937244,0.0029701012288513955,0.006529880496445758,0.1702820097042709,0.02849385336247043,0.00016488302640586705,0.00011740578406540045,0.00018055236963259667,0.0003137077627811807,0.00013613177912161607,0.025618315083357553,0.15753889788807035,0.020052955501527,0.00021355076264895613,0.000336715897147966,0.0003888659159837171,0.00012204890173856295,0.07656297135768353,7.205152873432662e-05,0.00012084475251881036,0.09343624717354151,0.00022791505523564172,0.0033848450966978963,0.0008081753361181717,0.17263012546819267,0.0004308992102692957,0.00017717566530765875,0.00037942919467319556
Z_R_1889_KLE_1004,0.00014479730521976822,0.02146638763163375,0.07995315514650926,0.0002225821754037636,0.06039652459684004,0.22691851212212522,0.012358248582691581,0.00023117380288464615,0.0041062487125741185,0.00025314296333365014,0.00043983312350202885,0.00019086319410180876,0.0004433273880153693,0.10262777980401103,0.004465350730669281,0.00029940827134598857,0.00047209161629411297,0.0005452084096812674,0.00017111833381409924,0.020628822201876507,0.03163414164677462,0.06323567404976525,0.13494367882919334,0.00031954768906166,0.0008040726977644754,0.009016380551090145,0.21050248025487342,0.012429061824820516,0.00024840866413361343,0.0005319776799956906
Z_R_1889_KLE_1026,0.00010504757082605558,0.006994692848550452,0.1294939711153939,0.005880642475207988,0.05525480682228355,0.20179943930603486,0.0003869187578300755,0.0030272937678929206,0.00011942017269896397,0.00018365019521287865,0.03177448958843496,0.00013846745883886583,0.0003216252203105005,0.00868403663047382,0.028975759184093716,0.0002172147578464095,0.0003424930969797662,0.028991355504427205,0.0001241429546198428,0.006387055754266551,7.328775215950687e-05,0.0001229181452212013,0.000673180540782025,0.00023182550564776905,0.009162084069573645,0.0008220415968306418,0.3757627485949755,0.06906825465978036,0.00018021555511531071,0.034700920397690745
Z_R_1889_LEU_0442,8.649673449098757e-05,0.003404872696121292,0.07130710697862502,0.0001329626355898323,0.09258900484728658,0.34511196267118016,0.00031859098504074764,0.00013809496674704167,9.833121213163827e-05,0.0072150035418931955,0.0002627405865472061,0.00011401484992603374,0.00026482793526818514,0.08249752227063341,0.00031284592196834105,0.00017885579922715213,0.00028201065709086286,0.00032568801596741237,0.0001022199761521364,0.0005499460517410807,6.0345529079191495e-05,0.00010121146150945335,0.13712081016581712,0.00019088636750541935,0.00048032428880099594,0.0006768734696335418,0.20580288730377524,0.049807387172464294,0.0001483904568128154,0.00031778445097358594
Z_R_1889_LH_0641,0.000392045978700445,0.1755154021093887,0.003033404343060808,0.0006026524227436329,0.0034437896209696143,0.18750571192461338,0.1401824690201199,0.0006259146858034319,0.000445685684249339,0.0006853972914802744,0.0011908702797093574,0.0005167716872628715,0.001200331176435934,0.00039295575577825325,0.14015642955298657,0.0008106629373570768,0.0012782117696554514,0.0014761791612405242,0.00046331148602466636,0.0024926274888416996,0.0002735157823849736,0.00045874039889113303,0.10923425397953283,0.0008651914226546025,0.002177067226927536,0.024412303337570714,0.11104191385369762,0.08701325438749359,0.0006725789385384011,0.0014403562958865712
Z_R_1889_LYO_1005,0.0005347088179429418,0.006492646821505311,0.004137239351357717,0.0008219535006171261,0.019252686310398164,0.1392919504089249,0.001969477923310104,0.0008536807414489647,0.0006078676439661815,0.000934808658830137,0.0016242197961002787,0.0007048213552876215,0.001637123448172204,0.0005359496566513988,0.00193396287291506,0.001105657612969832,0.2200792237072202,0.0020133506202394524,0.0006319073539609704,0.017955402810569655,0.00037304629720371653,0.0006256728796118447,0.0034265958593158153,0.0011800286395884656,0.0029692870396260482,0.07696294875926077,0.47167526024676437,0.0022309777139035846,0.0009173257952837632,0.016520217357053342
Z_R_1889_MLL_0436,0.00013930635005601468,0.0016915130264472365,0.038999531424967135,0.00021414148830991333,0.0012236874971867137,0.29794888421630195,0.011889603197564508,0.00022240730695609695,0.00015836623589610198,0.00024354336022242446,0.000423153918339904,0.00018362534364849283,0.00042651567451861824,0.00013962962265912668,0.02704901727499084,0.0002880542106393855,0.0004541891153164841,0.0005245331980264824,0.00016462924137385435,0.012262209517313463,9.718881814084173e-05,0.00016300498937547563,0.004684889124211813,0.00030742990806666474,0.22071924842778556,0.1451924648935457,0.21389637537910772,0.01954206444582848,0.00023898859353923768,0.0005118041996637156
Z_R_1889_MLL_0437,8.061262211808733e-05,0.10192210390860218,0.0028181485789782485,0.00012391758789165503,0.04898533087648158,0.24483037054270446,0.13854531442781318,0.00012870078201563797,9.164203588295184e-05,0.0023353506025595426,0.0002448671356561027,0.00010625876302758511,0.0024412314760767946,8.079969077780975e-05,0.004680401931489537,0.00016668877780847536,0.020012597211056787,0.011275627379748477,9.526625899768101e-05,0.009290210828927187,5.6240404459243234e-05,9.432635056911905e-05,0.00709985004697157,0.00017790094275538273,0.00044764927387273964,0.018186179707796696,0.30591252399402813,0.0771410064405463,0.00013829590089586824,0.0024905855194909403
Z_R_1889_MLL_0438,0.00043370302456679854,0.1115217055282875,0.003355720272097875,0.000666687563976092,0.0038097112474847973,0.2782662346334486,0.0015974461304812011,0.0006924215706881262,0.0004930422444474422,0.0007582245310364899,0.0013174068100091226,0.0005716815270477373,0.0013278729791534453,0.00043470947047305404,0.0015686398264572105,0.0008968003421471397,0.013220196721654648,0.013439199239626269,0.0005125408848000708,0.026369818710887283,0.00030257834165353393,0.0005074840944665917,0.0027793164022814373,0.0009571227795229176,0.0024083926179617092,0.015200077200339727,0.512444270103081,0.0018095489541082451,0.0007440441574505057,0.0015934020903633553
Z_R_1889_MLL_0439,0.00012550428787066524,0.15184772263955837,0.004387522961358103,0.00019292498140316953,0.06601499803498372,0.06685843812702859,0.0072951663952241135,0.0002003718471235061,0.0035591257703951598,0.00021941380258727537,0.00038122907648916837,0.00016543228632681596,0.007217157747670331,0.00012579553157797188,0.00045393048513258456,0.00025951464925975053,0.000409189397708591,0.007305463984117946,0.00014831826182371046,0.004214405986122997,8.755963676353093e-05,0.19488450459069714,0.2877860736283356,0.0002769706597476455,0.000696936805391582,0.011231474027146197,0.07312840375040183,0.10985004418953095,0.000215310308749697,0.00046109614947331716
Z_R_1889_MLL_0440,0.00012948572129631216,0.09674272281551424,0.0045267104813267135,0.00019904523420594589,0.0011374216476907784,0.12537672792228,0.12032120873716616,0.00020672834046115413,0.00014720194934217441,0.00022637437311829591,0.0003933229914757754,0.00017068037502272998,0.00039644775515990116,0.00012978620426907302,0.003993162437133454,0.00026774735840888003,0.02509599217617737,0.0004875553731973463,0.00015302343401565432,0.000823269937331247,9.033733360929192e-05,0.000151513686315765,0.37093711648547956,0.00028575713438809086,0.0007190460698607699,0.0010132804429856103,0.11069660853795774,0.13448386061628345,0.00022214070215446905,0.0004757237263720603
Z_R_1889_MLL_0444,5.654180042850896e-05,0.16383840320702323,0.0019766531635338268,8.69159610499768e-05,0.2775469831824017,0.031660023467616795,0.0017474272186301706,9.02708997737524e-05,6.427784592052744e-05,0.010873028409707578,0.00017175013480502435,7.453003779091679e-05,0.014025630191731427,5.6673010635379036e-05,0.00020450334673212316,0.00011691573057520222,0.0278893778994811,0.02483959242955669,0.026232682650562115,0.00035949264543889286,3.944709452937722e-05,0.013918676211786132,0.16813169448227192,0.00012477995798950087,0.0003139817964015874,0.00044246346247163606,0.16069655748344874,0.05872430976710235,0.01548868491111677,0.00020773159948719167
Z_R_1889_NAU_0434,0.0005270374062365956,0.006399497493945536,0.004077882809391453,0.0008101610193729149,0.004629574203201167,0.051212168373106916,0.0019412220287198564,0.07257591218478761,0.0005991466302043907,0.0009213970563880233,0.0016009172838929477,0.0006947093567299069,0.0016136358086128687,0.00052826044276137,0.0019062165090529574,0.0010897948583813099,0.3890845198808223,0.0019844652886369116,0.0006228414449842836,0.0033509026945968182,0.00036769424084080266,0.0006166964159891523,0.003377434845496743,0.001163098891628841,0.017273582810202092,0.0041242902392251216,0.4218674969587994,0.002198970109060113,0.0009041650176636265,0.0019363076972679259
Z_R_1889_NAU_0435,0.00036479393028767624,0.004429472775665818,0.0028225451925942753,0.0005607606195038125,0.03299542291839041,0.2539144620749989,0.0013436352050879565,0.0005824058673318838,0.0004147050123284025,0.0006377536956160431,0.001108090054227784,0.0004808496582031203,0.0011168933015213134,0.0003656404665970128,0.0013194058032467556,0.000754311828518966,0.001189360229476698,0.0013735664368315199,0.00043110560270151797,0.002319359023683393,0.00025450304982763496,0.00042685226270640695,0.0023377235031135763,0.000805049909114143,0.0020257341060962823,0.0028546665345014067,0.20262652400416667,0.40866596847532427,0.07013820475428767,0.001340233704048614
Z_R_1889_NAU_0441,0.000659502872281308,0.008007945789941651,0.041008499920981455,0.0010137867122223434,0.005793170367645553,0.2436122382404822,0.002429128347489195,0.0010529186766785404,0.0007497360127794765,0.00115298079037421,0.0020032914827647344,0.0008693174540222231,0.002019206678697152,0.0006610333065378692,0.002385324548189879,0.0372693865999894,0.0021502180337772377,0.03838892329988323,0.0007793862771072002,0.004193117842625582,0.0004601104306568787,0.000771696757872731,0.004226318578511198,0.00145543191185196,0.0036622798531630043,0.005160888443029577,0.29451264196464866,0.23613859789040303,0.0011314176548177545,0.05628150326057474
Z_R_1889_ON_0638,0.012664612611281443,0.033809414544981514,0.015801385407648215,0.01271423308777079,0.0008113829693004908,0.12966902519669057,0.005369117605198945,0.00014747024998379055,0.00010500692947646828,0.0001614848032892326,0.0002805780753036337,0.00012175533125154073,0.00028280713437028296,0.0428382116100629,0.00033408506773161613,0.00019099834008717641,0.00030115639316140037,0.0003477990129750184,0.0026236084228351193,0.0005872819526899461,6.444239401580591e-05,0.00010808271931709364,0.37273034266277444,0.00020384566503489133,0.0005129335602254071,0.003237275208337835,0.23486156140880132,0.116050034455804,0.012730708305557881,0.00033935887404122416
Z_R_1889_ON_0639,0.000392045978700445,0.00476037797036106,0.003033404343060808,0.0006026524227436329,0.0034437896209696143,0.29422760201150566,0.0014440119071599496,0.0006259146858034319,0.000445685684249339,0.0006853972914802744,0.0011908702797093574,0.0005167716872628715,0.001200331176435934,0.03240952278184594,0.0014179724400266312,0.0008106629373570768,0.0012782117696554514,0.0014761791612405242,0.00046331148602466636,0.0024926274888416996,0.0002735157823849736,0.00045874039889113303,0.16259519902297898,0.0008651914226546025,0.002177067226927536,0.024412303337570714,0.3778466390709283,0.07634106537880436,0.0006725789385384011,0.0014403562958865712
Z_R_1889_ON_0640,0.00042369851299405703,0.01667854291575564,0.02634596628295717,0.0006513086455194733,0.003721830144275209,0.35258407636880756,0.001560596794889886,0.012210276332579987,0.0004816689162458419,0.0007407340694399447,0.0012870173247388516,0.0005584941750365669,0.035898723974489205,0.09269530017076953,0.0015324549847376267,0.0008761132616030017,0.0013814104863152422,0.0015953611298442187,0.000500717768697509,0.0026938742337599695,0.000295598568976695,0.0004957776266568629,0.1526549590373205,0.0009350442018283395,0.00235283664889239,0.06098475628358961,0.16614239087269717,0.059436943421475166,0.0007268808038140409,0.0015566460412926957
Z_R_1889_ON_0642,0.0005858759108403596,0.0868568609550245,0.16401898396420822,0.0009006074702397519,0.005146420293905846,0.00908374578732086,0.002157940234908217,0.0009353707385776763,0.0006660354152174703,0.0010242619086786857,0.001779643837006513,0.0007722667733393093,0.017742366853214363,0.0005872354872754743,0.0021190266957996137,0.0012114596568059623,0.09760167505961968,0.0022060111763476903,0.0006923755213030931,0.0037249977802391657,0.00040874365977479186,0.0006855444607046224,0.003754491982910748,0.017241531953296974,0.003253422592841961,0.0045847263816247924,0.5646563307636789,0.0024444633346915974,0.001005106083563001,0.0021524772670400904
Z_R_1889_WIN_0433,9.674782163660172e-05,0.0038083982966316595,0.04552058658816418,0.010683311885322955,0.040354564474090575,0.2674984622218952,0.0003563485254921741,0.00015446117463714545,0.00010998485236010636,0.00016914009710327946,0.0002938790643780174,0.00012752722318918475,0.0002962137934627519,9.6972333441938e-05,0.00034992259114111334,0.00020005274261658196,0.21100725882535845,0.0003642866550213756,0.0001143344899511207,0.021684305033187763,6.749732828963961e-05,0.00011320645205070302,0.0006199929267917555,0.00021350910349335044,0.024240079929976312,0.0007570925549504635,0.3250047636490104,0.042542028310723456,0.00016597682597827978,0.002989094229653495
Z_R_1890_BAC_0643,0.0014795677022786588,0.0006365827825974933,0.0061142077920910256,8.05898520239066e-05,0.04184761796460105,0.3633067267820144,0.00019310086797458075,8.370060420373793e-05,5.9599434080607894e-05,9.165493112350599e-05,0.00015924943798371105,6.910542832808906e-05,0.0001605145988599208,5.254811067702853e-05,0.00018961873345747088,0.00010840611220883457,0.0287137542370116,0.00019740244239548323,6.195644900873106e-05,0.00033332725945404285,3.6575969160228424e-05,6.134517919253629e-05,0.17159291672855376,0.00011569794809196145,0.058803920204230385,0.11172727675031553,0.04624621635905757,0.16576712527329876,0.0015170820453194514,0.0001926120204059652
Z_R_1890_BAC_0644,7.48628091708644e-05,0.0049848116602041435,0.00873083656817608,0.06532784218930157,0.05160507719555075,0.30276974442639354,0.00027574007570364747,0.000119521010866807,8.510553389871187e-05,0.00013087946166008427,0.00022740162975949012,9.867970164291869e-05,0.0002292082273136207,7.503653488535777e-05,0.004346565431487541,0.00015479945740656657,0.045077854553225064,0.0023197813967064215,8.847125400930643e-05,0.0004759775795935113,5.2228975513995526e-05,8.759838592144734e-05,0.020858734829263075,0.02054420039965149,0.00041572003595565535,0.002623731941846715,0.23518329425973167,0.2326328207097371,0.0001284317438863854,0.00027504202153645787
Z_R_1890_BAC_0646,0.00021647006258255512,0.002628465468709846,0.1843486153544285,0.0003327574181459003,0.0077942051274323965,0.3156693835219906,0.0007973180823051106,0.00034560178797481296,0.0002460874825993817,0.0003784453932481577,0.0006575447217464264,0.0002853379592197292,0.0006627686011324052,0.00021697240034819718,0.0007829402659616028,0.00044761141885638013,0.0007057707432384895,0.0008150793855252399,0.0002558196533667501,0.007269016406072728,0.00015102304767021082,0.0002532957057391114,0.0013872137417983831,0.0004777195828630983,0.007094778297900931,0.06651367199617951,0.13202472649768218,0.2660746925778766,0.00037136767835173036,0.0007952996190530483
Z_R_1890_BRA_0446,0.00012216531437034007,0.038064508909556996,0.01092190968308009,0.0001877923169230544,0.20393210701441372,0.3144964952776924,0.0037755252553933077,0.00019504106282037498,0.0001388799648121957,0.00021357641738813804,0.0003710866837028555,0.00016103105008608546,0.0003740347905209863,0.00012244880969679588,0.000441853910805424,0.0002526104027871723,0.017026089111101723,0.12683116510017486,0.00014437233492156347,0.0007767268058504177,8.523016012323631e-05,0.00014294794001121802,0.0706195779564466,0.0002696020055848651,0.0006783951797301398,0.014258223948120038,0.19422847845400618,0.000509713108567694,0.00020958209477821163,0.00044882893653331023
Z_R_1890_FRN_1020,0.00015651921125453533,0.08711514613258498,0.0012110468694661314,0.0002406010697549878,0.0013748878052198407,0.33902454030698626,0.01761942834267982,0.0002498882229562128,0.0001779341596548947,0.0002736358725425325,0.0004754393285819078,0.0002063143133292091,0.0004792164674223902,0.00015688242781170556,0.0005661068852927003,0.0003236465375031034,0.20076468438951312,0.055978853165965424,0.030010090728013653,0.04786319404856206,0.000109197586126177,0.00018314608312790113,0.009524491079431024,0.0003454163195525566,0.000869165515576323,0.048092874156742016,0.12954665435139776,0.026217436963626096,0.00026851831337588886,0.0005750433459487857
Z_R_1890_HOL_0447,0.000647871733752034,0.025502937074126278,0.18137503444495337,0.036268349720314126,0.005691000733665507,0.09822606942377574,0.00238628770266031,0.0010343491700043007,0.0007365135026259437,0.018768867753523048,0.0019679609910718755,0.000853985979121026,0.0019835955030885885,0.0006493751769315338,0.002343256436854285,0.001339653079608159,0.0021122963129324218,0.0906205513195987,0.0007656408483337191,0.004119167088888234,0.00045199582133118754,0.0007580869431612937,0.004151782289252187,0.001429763592731349,0.05650635463780056,0.005069869872924849,0.41277210018022553,0.037975572285807536,0.0011114637228020676,0.002380246658134212
Z_R_1890_JON_0448,9.90966937636039e-05,0.1279899216040488,0.0034643359733696386,0.0001523312719096944,0.06291501089945793,0.14990380683311808,0.003062588361998266,0.0001582112285574494,0.027088538116839464,0.013661188040138987,0.00030101394691438917,0.00013062336669831918,0.027279288379059193,9.932665633271775e-05,0.00035841811493726657,0.0029024979840428654,0.00032309108416940047,0.0003731309137937597,0.00011711033639456762,0.022210762981534977,6.91360483185221e-05,0.0001159549116575507,0.2973697585158033,0.019101810854306386,0.0005502930166628731,0.0007754734711282313,0.12248343753099183,0.08134111243969275,0.03254106608405883,0.0030616643403004093
Z_R_1890_KAB_0449,0.00022440414054467712,0.0027248041942624208,0.026171017331795495,0.00034495366951916873,0.008079878954085611,0.13787024502064,0.0008265414481144395,0.00035826881221330407,0.0002551071005971416,0.0003923162039210732,0.08009448420982124,0.0002957961888104317,0.0006870604486493135,0.00022492489003408535,0.0008116366549020126,0.0004640173082046505,0.0007316387086903099,0.0008449537400337736,0.10411275480737092,0.007535440973912126,0.00015655835643299065,0.00026257952010507433,0.3374154542305025,0.0004952289990347812,0.0012461367454554195,0.0017560571518042095,0.1735157868684765,0.11089252524202478,0.00038497907605496325,0.0008244490039866178
Z_R_1890_KAB_0450,8.096797745232913e-05,0.06931000949414096,0.20781116396763955,0.002328556231656626,0.06903809879595987,0.11366408452848885,0.00029822707001710374,0.0045374529031236895,9.204601091113142e-05,0.00014155286741217968,0.0002459465552376719,0.00010672717128995962,0.031105193973338333,8.115587074527094e-05,0.009109218792347286,0.00016742357274252074,0.00026398490832077194,0.002508962860238996,9.568621027104978e-05,0.009331163794946008,5.6488322554442166e-05,0.06842160631487765,0.0005188703215007257,0.0001786851629843459,0.000449622594590519,0.02487862492488734,0.13975002112501533,0.00033782452649821435,0.21613995996445512,0.028950673186356177
Z_R_1890_KAD_1017,0.0005766787017813176,0.14828624363117834,0.004461975823174364,0.0008864695358569419,0.005065630654883385,0.07173402795112277,0.04921872501798757,0.0009206870827535787,0.0006555798446074849,0.0638010636251168,0.0017517065961731985,0.0007601435594772381,0.01746384327145936,0.18895665935155942,0.0020857617481163993,0.001192441896348363,0.03327662166708815,0.0021713807271347314,0.0006815064579076483,0.01936474214619151,0.000402327111797739,0.016373002834158764,0.019393773342374892,0.0012726503867292978,0.003202349648571461,0.00451275433732308,0.3360171485262755,0.0024060896109894675,0.0009893277069375065,0.002118687204923682
Z_R_1890_KAD_1019,0.00024539029098703526,0.0630992689024745,0.021938556038421958,0.00037721354487887265,0.002155544459323659,0.0171645880377477,0.0009038391447383605,0.00039177391231379194,0.00027896457479102585,0.00042900539716179834,0.0007453921742403006,0.00032345888390859106,0.0007513139597625717,0.3676437752330164,0.0008875404635526145,0.0005074119488481109,0.000800061153894571,0.0009239733439597162,0.000289996955842005,0.0015601909419826253,0.00017119960687131286,0.00028713581081625305,0.04165230608581979,0.0005415425396492121,0.0013626747609679782,0.0019202826401739526,0.4035016157855595,0.0611434900050402,0.00042098210517750736,0.007581511298078081
Z_R_1890_KAD_1024,0.0004188673690958231,0.005086053944377796,0.0032409313335989127,0.0006438822191994156,0.03788633758004476,0.26874759687354144,0.001542802378690598,0.0006687359441614002,0.00047617677555068994,0.0007322879862698606,0.035479287263174085,0.0005521260485428944,0.035489395416647015,0.000419839387562403,0.001514981450321571,0.012268438514025265,0.0013656592088449532,0.0015771703197479969,0.0004950084269868521,0.12808862252085446,0.0002922280609880147,0.0004901246140017587,0.18512128402771852,0.0009243825333265542,0.002326008864344567,0.003277814025056683,0.24406418780427586,0.0017476498127134423,0.023523222623506042,0.001538896672830299
Z_R_1890_KLE_1011,0.00016720547551477878,0.23871506180837385,0.08322307961793066,0.0002570279773025721,0.024226910074524106,0.0390054907155242,0.0006158632168247971,0.00026694920585172525,0.0001900825179027801,0.0002923182133340184,0.0005078996908864218,0.00022040031117723818,0.0005119347118327077,0.26416216307133195,0.0006047575258581141,0.000345743329321499,0.0005451503608384902,0.0006295823755632084,0.00019759982640047723,0.05113102766363482,0.00011665299209565481,0.0001956502826242205,0.0010715095222443316,0.0003689994314335421,0.0009285073197605694,0.0013084534464732525,0.23397562262794633,0.009800896213238085,0.04580315635573674,0.0006143041185188062
Z_R_1890_KLE_1016,0.00027892844818220994,0.11728078878900958,0.017344029459147862,0.00042876834402520524,0.010043077158438177,0.08784687615771294,0.14529301243786394,0.00044531871640240495,0.0003170914204930051,0.0004876387293515829,0.0008472669461034017,0.0003676668876200143,0.031225712424168273,0.00027957572610952337,0.0010088430279856892,0.0005767613172959318,0.0009094076836090927,0.0010502552890571666,0.0003296316270102508,0.03214514081929116,0.0001945979218735374,0.00032637944152708753,0.16123896862378628,0.0006155566285912598,0.0015489152196080296,0.06292616157340404,0.29160484803995923,0.03153549382897861,0.000478518872272114,0.0010247684411222894
Z_R_1890_KLE_1022,1.4087230490188471e-05,0.1455097740741681,0.004327272332130628,2.165486714798542e-05,0.04614128140312723,0.0719290782260517,5.188709914630162e-05,2.2490740691525004e-05,1.6014644458309996e-05,2.462810524020446e-05,0.0008097500144422293,1.8568949217148038e-05,4.313101744612511e-05,0.25234361499538993,0.0004344309092423754,2.91292253175441e-05,0.00311376527585618,0.1937101782294978,0.00040012746110196055,0.04112187049138871,9.828132613255092e-06,1.6483734269541316e-05,0.20870311059481875,3.1088575450947796e-05,0.010048694051866019,0.0001102385267551899,0.018945723990741816,5.877647089333624e-05,2.4167508518882833e-05,0.0019691531225201615
Z_R_1890_LEH_0451,0.0002216956055517051,0.11735594309966724,0.007750289462561445,0.0003407901140581199,0.12264638265560446,0.16034596044449076,0.0008165651774898162,0.0003539445443436698,0.000252027984020924,0.0003875809875206494,0.01274331529694949,0.00029222595910684344,0.0006787676994026336,0.00022221006964811117,0.000801840283604919,0.0004584166668191287,0.0007228079044106268,0.0008347552349314651,0.00026199508739708485,0.04968913050422357,0.0001546687131055026,0.00025941021219071884,0.0014207007973693966,0.012559149216048785,0.0012310960025667102,0.0017348617218367597,0.17745641788256244,0.2785326299442876,0.048659922739281034,0.0008144979889483097
Z_R_1890_LYO_1012,8.649673449098757e-05,0.13997138238604315,0.0006692571390102654,0.0001329626355898323,0.050206294943517735,0.2109000479759122,0.00031859098504074764,0.0024926899614008667,9.833121213163827e-05,0.0001512185579317205,0.0002627405865472061,0.00011401484992603374,0.01674699289784496,0.00715048244171101,0.00031284592196834105,0.00017885579922715213,0.15097609031493567,0.00032568801596741237,0.0001022199761521364,0.03351427597689463,6.0345529079191495e-05,0.00010121146150945335,0.03116403540639497,0.00019088636750541935,0.03579924920860837,0.003031468464287367,0.28114992713269765,0.03332522220988752,0.0001483904568128154,0.00031778445097358594
Z_R_1890_LYO_1013,0.00025386948124424513,0.0169041419136166,0.0019642818159481693,0.00039024774196042515,0.04369470046761441,0.03849002818020668,0.0009350703073052419,0.0004053112267974184,0.00028860388731296964,0.0004438292044496627,0.0007711483768846536,0.0003346356480992762,0.028420390484613107,0.0002544586076409925,0.0009182084432072475,0.0005249450078609962,0.3532774315762301,0.028599015922978126,0.00030001748009626724,0.008524880540752917,0.00017711522004729661,0.00029705747136678337,0.043091555481273115,0.0005602549435001896,0.0014097604810690881,0.0019866358841762284,0.39671183132307397,0.0010592253875203763,0.02807864437793283,0.00093270311522058
Z_R_1890_LYO_1021,0.0005052894029631693,0.2537232012873648,0.003909610486330797,0.0007767300251155264,0.14198730136484902,0.3929708292860866,0.0018611182210290327,0.0008067116488322669,0.0005744230665241726,0.0008833759482819763,0.001534856025396698,0.000666042432550602,0.00154704972490693,0.014261338453903302,0.001827557191159812,0.001044824877376204,0.0016474263148690367,0.0019025770638495003,0.0005971401235523414,0.003212628936589004,0.0003525214742424561,0.0005912486669016395,0.0032380662481135934,0.0011151040468547545,0.1541095596419486,0.00395410293076876,0.005567873026402484,0.0021082304223431943,0.0008668549832501701,0.001856406677643449
Z_R_1890_REI_1010,7.322141300384233e-05,0.05271272876077726,0.0025597582064168893,0.00011255583360337027,0.022568576066327155,0.12272151019517706,0.004256128620138635,0.00011690046628281174,8.323956201386202e-05,0.00012800987863094006,0.00022241576070654165,9.651611085820892e-05,0.0002241827479076339,7.339132971457214e-05,0.00026483104355111235,0.00015140541918039858,0.28128234311938766,0.00027570216225950874,8.653148740382046e-05,0.0004655415862960905,5.108383494065025e-05,0.02799071752611375,0.22570276298031702,0.00016158956328430937,0.014359125097118884,0.012532291231714577,0.19016246666340214,0.04016984588706048,0.00012561582802009813,0.00026901161839075754
Z_R_1890_RTT_1023,0.021205957087567374,0.18069409677807435,0.018555647042788437,0.0022978294590377383,0.005678383889349737,0.03233150783447296,2.812021194805801e-05,1.218885629607557e-05,0.00021650582742926985,1.3347200954150672e-05,2.319061532805001e-05,1.0063441514944413e-05,0.026417364649799574,0.3903061785668672,0.004807627028026181,1.5786582855643457e-05,0.00023271816602414387,0.04699757886200821,9.022375175982679e-06,0.03517125143718572,5.3263561980811425e-06,0.008529827702950332,0.15425632989676102,1.684845260628059e-05,0.0002502221809452341,0.002553664062220975,0.014631995110541819,0.002941427585084716,0.012482699059040009,0.03930729368094765
Z_R_1890_SPE_0645,8.944523678665639e-05,0.008390655005312195,0.034780089406175316,0.0001374950683872305,0.1127891898769582,0.1596526093936855,0.09528893155451844,0.00014280235054447724,0.00010168312832144822,0.00015637329894978592,0.0002716968925529609,0.00011790139025296682,0.00027385539485600156,8.965280230337811e-05,0.012497802582920287,0.00018495263904102843,0.01977049162296331,0.10016598745450328,0.00010570445260227557,0.05657043749435319,6.240258859791686e-05,0.00010466155969367687,0.0005731954808371702,0.00019739330555474253,0.0029315560647679155,0.015309097581075433,0.30534292191907125,0.073418948567692,0.00015344879346728782,0.0003286170932546781
Z_R_1890_SPR_1018,0.00027271630196658183,0.01815907547455281,0.039229221193595905,0.0004192190432526382,0.0023955801645891583,0.1527048034344197,0.0010044882710486158,0.00043540081452873007,0.0003100293288323618,0.0004767782986322457,0.000828397066795054,0.00035947840602401583,0.0008349782866231782,0.20071656786411626,0.0009863746120198494,0.0005639159956447675,0.03058444549807467,0.023298333305663513,0.0003222902465321097,0.009157752575798088,0.00019026394033879596,0.0003191104919962859,0.001747658762542287,0.0006018472783771504,0.0015144186027067261,0.002134120214179676,0.44843448390707585,0.06052844372309274,0.00046786155416467603,0.0010019453428155353
Z_R_1891_FRI_0463,8.922797928529456e-05,0.0010834415604453875,0.0006903897874013446,0.00013716110051951013,0.11494417554990459,0.46531180855036025,0.00032865090203676255,0.002571399828553213,0.0001014361456627465,0.005013882150849642,0.0002710369559244222,0.00011761501433879105,0.00027319021534551755,8.943504063692988e-05,0.0003227244312649577,0.00018450339937582219,0.007577748514449629,0.00033597203077344936,0.00010544770237073481,0.017569921659051052,6.225101618372971e-05,0.00010440734259096053,0.0005718032209200142,0.00019691384820305969,0.3356898096430732,0.003127190950354784,0.02527266220656161,0.017374898278046134,0.00015307607488938065,0.00032781890062698576
Z_R_1891_JON_0473,7.516918355633418e-05,0.06229990125820275,0.1151709904330357,0.00011554994323892611,0.027261402957434844,0.21192807211937514,0.061664035714648124,0.00012001014795183768,8.545382640786397e-05,0.00013141508295296423,0.00022833226588367533,9.908354613237923e-05,0.00023014625689821126,7.534362023945947e-05,0.0023181147481138695,0.00015543297075130023,0.0002450787416710424,0.030976619734042258,8.883332065333226e-05,0.0066166422251572495,5.2442721437425875e-05,0.0021341957863322846,0.00048170967913562754,0.00016588802434977227,0.07612826088150224,0.023096858566204085,0.07040042529045631,0.3072494659813794,0.00012895734794858666,0.0002761676249069415
Z_R_1891_KER_0472,0.0004388845694859585,0.005329110741137628,0.003395811796346244,0.0006746526261594556,0.0038552267012393303,0.006804710324187593,0.10914150017047497,0.0007006940826797119,0.0004989327280086293,0.0007672832053915945,0.0013331461573878683,0.0005785115313226914,0.0013437373681447252,0.0004399030396216442,0.001587380709647707,0.0009075146120349157,0.0014309225262217468,0.061388635404959,0.03636032065674572,0.0027904271482530408,0.00030619331129873924,0.000513547117969516,0.026706959059300855,0.0009685577347672414,0.002437166211471707,0.015381675848093978,0.5902498665772361,0.0974089182549852,0.024647370971688225,0.0016124388137381757
Z_R_1891_MLL_0464,0.00024376197070454512,0.18875762084426892,0.09478495937297737,0.0003747104936640684,0.13485393118873187,0.12985647671948342,0.020804745118711495,0.2724501890197591,0.0002771134678323872,0.00042615867414481803,0.000740446024207865,0.0003213125289770188,0.0007463285149257831,0.00024432764173661,0.0008816510694265456,0.020410948468801697,0.020701655760684785,0.0009178421945552382,0.0002880726420349731,0.008185472591861082,0.00017006358885241892,0.0002852304825218828,0.001562109565890848,0.0005379490612862535,0.007989267056032813,0.008543174853154303,0.08231367021728356,0.0010170535923293672,0.0004181886217936756,0.0008955686533652257
Z_R_1891_NAU_0457,0.0006153161771507969,0.12472142052113287,0.0047609282215108776,0.0009458629983719747,0.00540502792940447,0.1602902132102933,0.002266376738308024,0.0009823731210501325,0.0006995036968678622,0.0010757310727204105,0.018619071964077222,0.0008110731810600161,0.0018839198229955963,0.0006167440723059317,0.0022255077937402756,0.001272335508263246,0.03550615545439483,0.0023168632447017577,0.0007271673933647951,0.00391217893008151,0.00042928302992778587,0.017469994090772087,0.003943155216527487,0.0013579179678265762,0.0034169070880762423,0.004815108896314494,0.5930303131104062,0.0025672976247312672,0.0010556126673341136,0.002260639256287827
Z_R_1891_NAU_0458,0.0004789384462779512,0.005815460820126314,0.16015640215876042,0.0007362233785721802,0.004207065854476139,0.16387640663819739,0.0017640604847281968,0.0007646414538288119,0.0005444667736428989,0.0008373076927170788,0.0014548129364142395,0.0006313081690023569,0.0014663707317362135,0.00048004986494764175,0.00173224967015977,0.0009903370236315542,0.0015615126598217991,0.0018033572395155992,0.0005659991310073614,0.003045089610695195,0.0003341373996034531,0.0005604149151539236,0.003069200360668637,0.0010569511185212807,0.0026595890578028736,0.029823008692293696,0.3312164212380081,0.27578697353054316,0.0008216482997495157,0.0017595946493961484
Z_R_1891_NAU_0459,0.013173007351393541,0.01837391545801438,0.01631779171208731,0.0007175141168083552,0.004100153878274439,0.0834744612463204,0.0017192313332279993,0.0007452100183005087,0.0005306305227355373,0.0008160296278581642,0.0014178425320003512,0.000615265062886367,0.0014291066150817402,0.19106144938830882,0.0016882289103434054,0.0009651701039862372,0.0015218307508381547,0.0017575294600266893,0.0005516156895026226,0.0029677063323601746,0.0003256461396730924,0.0005461733824219683,0.0029912043683860507,0.0010300913695326884,0.002592002304495555,0.00365265224775867,0.43715554987998995,0.1671286232764668,0.038919487935073674,0.001714878985846284
Z_R_1891_NAU_0460,0.00023442848042032073,0.14324085023243371,0.0018138596217753763,0.00036036306800984476,0.0020592543007513894,0.1695552771783379,0.0008634638167351568,0.0003742730104056912,0.0002665029700087696,0.00040984133049530493,0.0007120948185092813,0.00030900967731095023,0.0007177520724119406,0.07043213575343908,0.0008478932126665893,0.0004847453892210461,0.007145881980903433,0.000882698602712047,0.00027704252442551557,0.0014904957739907466,0.00016355196257344422,0.0002743091893862551,0.0015022973875842983,0.0005173513350600877,0.0076833631193767675,0.0018345018439922104,0.4939633515895385,0.0839383951134936,0.006783736742831985,0.0008612779011987542
Z_R_1891_NAU_0461,0.004533137483639746,0.028185450538227706,0.0012428187711339192,0.0002469132561138773,0.0014109580856136474,0.199253466182925,0.004964139372812087,0.00025644405844687634,0.00018260227512295079,0.009025838688582415,0.004860424493168467,0.00021172698416881288,0.0004917887458902258,0.07886621388288025,0.0005809587401188526,0.0003321374276774874,0.0048962092521150045,0.000604806667249395,0.00018982375792750127,0.001021256608820899,0.00011206239264707582,0.00018795093378289296,0.00977436678749904,0.00035447834152377137,0.03587206397237271,0.014374498330030936,0.49149130246930195,0.10561046894011616,0.00027556291062780187,0.0005901296494625832
Z_R_1891_NAU_0462,0.047772542078396776,0.020554096795426045,0.013097465553183503,0.002602099309801472,0.10702897967179899,0.44096349458677914,0.006234874772194234,0.002702539823052462,0.0019243570051438149,0.0029593705290044195,0.005141873849585455,0.002231288218555273,0.051262511214462084,0.001696682635470101,0.0061224430007483744,0.0035002356087363287,0.005518992105695816,0.006373764763310853,0.00200046071750504,0.010762529152008935,0.0011809713222815856,0.04806051155830979,0.01084774590509054,0.04981546331572259,0.009400020500688175,0.01324651831955002,0.06473254739093036,0.05314250536719954,0.002904024153408699,0.006219090775959631
Z_R_1891_NAU_0465,0.00016952025622568576,0.025131597069650697,0.0059262837089038714,0.09716808839482209,0.1860748092619809,0.2702776279083399,0.0006243891833966104,0.0002706448316713647,0.00019271400676142752,0.00029636504588892817,0.009744216936224983,0.0002234515174096912,0.0005190218995730956,0.0001699136428479629,0.0006131297460340524,0.00035052977538239623,0.09284555656507304,0.0006382982691928514,0.00020033538434331482,0.001077809424252495,0.000118267927821541,0.00019835885122167657,0.014930272301073294,0.0003741078333180396,0.0009413615090573052,0.0013265675829253708,0.2879758370563854,0.0007072932052059167,0.00029082240397151687,0.0006228085010445588
Z_R_1891_NAU_0466,0.00020106728272331875,0.007914847942603664,0.08913027803391592,0.0824102174506839,0.07839393264242046,0.18373996066877812,0.000740585457234378,0.00032101072815052706,0.0002285772953921027,0.00035151736906134683,0.0006107575749426945,0.0002650349310831288,0.0717699286247281,0.00020153387698740286,0.0007272306846196589,0.0004157619332283343,0.0006555521067235844,0.0390709469750103,0.00023761698017737325,0.03959224935881969,0.005613686249577652,0.00023527262232404776,0.00128850749287087,0.060651228355314904,0.006589954180566092,0.017993663817630054,0.18283809759346253,0.1212539187464637,0.00034494326414754483,0.00621211976035857
Z_R_1891_NAU_0470,0.00784286694119389,0.05915283938325795,0.0005522317489361967,0.00010971297056842158,0.09194200761989633,0.30808064053352724,0.008034377507803125,0.0001139478693029452,8.113715055886444e-05,0.00012477668724122898,0.00021679812611346725,9.407836885007193e-05,0.00021852048388544507,7.15376585928557e-05,0.0002581421109554783,0.00014758131823690044,0.00023269865841736584,0.0002687386539219052,8.434593060925833e-05,0.05679712131614526,4.979359221055823e-05,8.351376346079842e-05,0.2374879709348333,0.00015750823776267323,0.00039633543910099454,0.0685590967404441,0.08044428382569492,0.07606986250201972,0.002065316830940936,0.0002622170955178719
Z_R_1891_WIN_0467,0.0741816716447499,0.007133911602636707,0.29740400442429177,0.0002785841860789707,0.01639202668365822,0.08174367378917205,0.0006675139212302235,0.00028933747997824007,0.00020602420053070802,0.00031683411429508034,0.0005504958000303212,0.00023888466129343947,0.0005548692267596978,0.010048374831304472,0.03025565407515758,0.00037473984350690947,0.0005908705782097294,0.03028256091472503,0.00021417196440961912,0.011018976323497147,0.0001264363482827727,0.00021205891791626228,0.001161373992290748,0.010266672118313258,0.0010063785999426932,0.0014181897326253732,0.3966660190461716,0.020489595380268944,0.00031090865828359125,0.0055991869403889455
Z_R_1891_WIN_0471,0.11892905636418694,0.07974153730473837,0.07374354520492848,0.0002915281117497124,0.0016659046700482818,0.2300940722626368,0.0006985287850033599,0.020953112755670775,0.00021559675371679414,0.0003315552558039105,0.0005760736220091612,0.0002499840181635601,0.0005806502523421171,0.00019008908810435145,0.0006859324087210159,0.0003921514731779626,0.000618324343453988,0.09880316508352528,0.06733770116966005,0.0012057878765494854,0.00013231099148232708,0.02603482651001063,0.006377918127484161,0.057206941397704755,0.0010531382167667102,0.0014840834315624268,0.14147951476182793,0.0007912767812311578,0.0003253544838699439,0.06781033849386951
Z_R_1891_ZOE_0469,8.373641953082246e-05,0.0010167608609907837,0.030280805603206454,0.00012871948404981852,0.0007355530426132551,0.43667406933914726,0.0003084239947219011,0.00013368803040570408,9.519323105645202e-05,0.00014639281681941282,0.00025435591427077037,0.00011037636694995558,0.002535830961473576,8.393073723641252e-05,0.00030286227017249396,0.00017314808851154778,0.00027301103137927015,0.0003152945426402198,9.895789543821232e-05,0.005091304596577693,5.841976080971161e-05,9.798156487822472e-05,0.0005366114393663623,0.000184794732959705,0.0073033589391311325,0.007493635771678475,0.1308516020818979,0.3627826107624114,0.00014365496708252013,0.011704914752592456
Z_T_1881_DRA_0358,0.01669796489561846,0.01061268661729391,0.26829204447669625,2.355148443838545e-05,0.010978300817160709,0.23462869209894913,0.014236678845820095,2.4460567030238802e-05,1.7417269160261373e-05,2.6785130259529453e-05,0.0029660015440652492,2.0195289841134707e-05,0.04509004699652692,1.5356598626207547e-05,5.5413957689427496e-05,3.168047589856427e-05,0.00046701824690644633,0.04259843047931066,1.810608045605911e-05,9.74111698529089e-05,1.0688918602809323e-05,1.7927443677330504e-05,0.008439504388282776,3.381143351935478e-05,0.048047680236115456,0.0038734885111123907,0.029363452033048368,0.26323263108897194,2.6284192690139335e-05,5.628871237896551e-05
Z_T_1881_ON_0823,0.0005766787017813176,0.007002261818973438,0.020160196024530466,0.0008864695358569419,0.005065630654883385,0.008941147145698356,0.002124064413919262,0.0009206870827535787,0.0006555798446074849,0.0010081828196923865,0.0017517065961731985,0.8170675940299945,0.0017656230701032576,0.0005780169352861732,0.0177839819494725,0.001192441896348363,0.017578401465732044,0.0021713807271347314,0.0006815064579076483,0.003666521944835409,0.000402327111797739,0.0006747826328026613,0.003695553141018789,0.0012726503867292978,0.003202349648571461,0.00451275433732308,0.0691474051032218,0.0024060896109894675,0.0009893277069375065,0.002118687204923682
Z_T_1882_KRI_0753,0.017452094109608376,0.18768417436492996,0.12945344607712228,8.187517384287087e-05,0.0077173796208659315,0.035623475925333686,0.07269131192572317,0.004434743417532236,0.0015104526073312246,9.31167291021617e-05,0.0001617892959454497,0.07111543626551267,0.00016307463478250507,5.3386196757376444e-05,0.2539256025192333,0.00011013507358339784,0.010322973721932348,0.052397045340042206,6.29445880080786e-05,0.04528562488176832,3.71593166913476e-05,6.232356909305441e-05,0.0003413248212460965,0.00011754320643848228,0.0002957720751553919,0.029414854827318614,0.0020368125655160583,0.0016721313629329258,9.13752528616495e-05,0.07559062053378893
Z_T_1882_MLL_0366,2.992200649407193e-05,0.05330779109985346,0.01652212258981169,4.5996058336773595e-05,0.10859536248813334,0.1902494755413621,0.00011021088344479978,4.777149699488557e-05,3.4015933494916056e-05,5.231136989256613e-05,9.089043168145166e-05,3.944140897322408e-05,9.161251283690886e-05,0.015506066182549676,0.0009227537305242186,6.187198184383352e-05,0.02697705480138158,0.0009271962244784585,3.5361182225518504e-05,0.00019024405289312275,2.0875462219720133e-05,3.501230452666303e-05,0.026256718370635763,0.0008805639923551564,0.12641834830624682,0.00023415233503584022,0.0882989828053898,0.34059848853265595,5.133303862325575e-05,0.003368052875104379
Z_T_1884_BAU_0388,2.417270246295002e-05,0.04372309627163213,0.3680224297904912,3.71582377961049e-05,0.00021233657880801883,0.339915153177608,8.903463389789093e-05,0.01122499995066037,2.748001005664526e-05,4.2260106456859555e-05,7.342647165724311e-05,3.1863018411487846e-05,0.00731227342970639,2.422879733907238e-05,8.7429096982568e-05,4.998371376599829e-05,0.0027109076197060775,0.0020650898931207067,2.8566778663221047e-05,0.005417881713677712,1.686438832615795e-05,2.8284935371326074e-05,0.00015490689397393937,5.3345821586161834e-05,0.08172920494407523,0.09626066055621708,0.0015824112015511772,0.03826624630902086,4.146975469057927e-05,0.0007468332022867928
Z_T_1884_ON_0827,2.196165434625926e-05,0.0773874211041941,0.10957378571072877,0.0418822305677056,0.004975596823559502,0.23947462655019403,0.1184522805651894,0.02036146279768313,2.4966446479071916e-05,0.0006362299273134951,6.671024031646394e-05,0.17758603328009662,0.00305641673204711,2.201261829130776e-05,0.012633973407102175,4.5411763386974215e-05,0.0030607794516297427,0.05508354048609342,2.5953809663993627e-05,0.015085514704417791,1.5321822942546198e-05,2.5697746240142018e-05,0.04497838540612656,4.846634323523318e-05,0.001915460984438455,0.001965365124714809,0.06122120015929277,0.010254831244205077,3.76765659418752e-05,8.06859624235276e-05
Z_T_1884_ZEL_0517,0.0006066552907028283,0.03105380032111185,0.08196338423549698,1.128102213626091e-05,0.10594373024246605,0.1389554622718286,2.7030390445514604e-05,0.016992353484621834,8.342769198440932e-06,1.2829919412124249e-05,0.002819102647167008,9.6734247194511e-06,0.02319604416598755,7.355720166732616e-06,0.00042608735930121727,0.00021494696130319938,2.392678553031623e-05,0.0004271769281566841,0.00020844490594979347,0.016627751992694995,5.119928966110188e-06,8.587139783041229e-06,0.0028438396234700897,1.619547723152791e-05,0.08814029270791385,0.48770136904506445,0.00028063852032970965,0.00023039158312119972,1.2589973270981479e-05,0.0012255951624515458
Z_T_1885_BLI_0104,1.358703691016225e-05,0.07487736916751739,0.01785856711679239,2.0885970413365577e-05,0.15213317368900944,0.3097862570341029,5.004475022631765e-05,2.1692164696635834e-05,1.5446014424888717e-05,0.0007634802714626207,0.0018905882691846294,1.790962379525483e-05,4.159956965434116e-05,0.0003834818835011752,4.91423070939225e-05,2.809493745626997e-05,0.0011538886074350754,0.0026402027792604707,1.6056867315374705e-05,8.638635143367885e-05,9.479166303644384e-06,1.5898448321233357e-05,0.06148438091983312,0.0011395746672233933,0.04223986816193366,0.03228443285196946,0.18988959941239877,0.10065951163890759,0.010379482262778725,4.991805864420976e-05
Z_T_1885_LEH_0378,1.2986627280361704e-05,0.011823819033133008,0.00010048232537556811,0.01027201687532673,0.03581950538519062,0.5587615273596847,4.783327835386173e-05,2.07335903833992e-05,1.4763456788219236e-05,2.27039675114863e-05,3.944789464008845e-05,1.7118199538157733e-05,3.976128935958875e-05,1.3016763887952673e-05,4.697071408178175e-05,2.6853425336377808e-05,0.007819761269510617,0.003230570712795348,1.534731615831779e-05,0.002557202637097658,9.060283012988705e-06,1.5195897681673723e-05,0.01563806305151084,2.8659695909714635e-05,0.0029002687179213423,0.00010162584192137253,0.0029712547230671084,0.3475634581261205,2.2279356162184768e-05,4.7712185258489044e-05
Z_T_1885_ON_0830,2.672237734539828e-05,0.10652934886985925,0.00020676089004952438,0.0371400408316547,0.04315314175019554,0.13935357307146487,0.006645301645064085,4.266318066954509e-05,0.0007578091830156583,0.03132623561859671,8.117130824629302e-05,0.07932516488601893,0.013175567906620141,2.6784388965703565e-05,0.05028936586362229,0.009511854340564938,8.712462081433793e-05,0.25106419318711476,3.15799294742117e-05,0.1281976955209715,1.8643200909854933e-05,0.004395852268412578,0.004535829987626167,0.020427030850777208,0.00014839180888196013,0.00020911388594122146,0.06430835593945179,0.00011149438034228802,0.008775011699120261,9.817660820826933e-05
Z_T_1886_MLL_0399,0.0014504146402984305,0.18123216538469067,0.003956740990678397,0.001937463124900162,0.01209469847977031,0.07907983313907122,6.462528990678827e-05,2.8012177618755982e-05,0.038707409743757554,3.0674261371124456e-05,5.329619284023713e-05,2.3127593297112574e-05,5.371960568794398e-05,0.032973573790342485,6.34599199370775e-05,3.628039843966923e-05,5.720507273289575e-05,0.0010213109159212296,2.0735036153806718e-05,0.038321395543792415,1.2240921728599709e-05,0.08647029465169813,0.35259821715232703,0.004337327824720903,0.0010526784511975258,0.005391154961757442,0.02025350456297232,0.10897125148909367,3.0100588972102934e-05,0.029677088094324074
Z_T_1886_WEN_0401,3.0981905873898626e-05,0.019773994317247173,0.0019264836257448347,0.002577773122410472,0.0601523139527916,0.34289369473664716,0.012764853723565856,4.9463662259548e-05,3.5220848239608414e-05,5.4164346848439745e-05,0.0009374925550007347,4.083850528487997e-05,9.485761759147947e-05,3.105380210373452e-05,0.00011205698069984461,6.406361545630266e-05,0.0009443948214883692,0.00011665683698163803,3.6613748463621264e-05,0.0018837480832155208,2.1614914283693872e-05,0.01437375664774013,0.08875371518215273,6.837279471260883e-05,0.03896764478489746,0.06771305418907343,0.1201017237403108,0.22531241968597177,5.315136106136456e-05,0.00011382589188124831
Z_T_1887_DEN_0476,0.00011244298900149815,0.019730716640331696,0.08657516253787306,0.00017284717462710098,0.0009877157770059287,0.3415030790319516,0.021840445507589044,0.0032404172430711416,0.00012782743151273321,0.0001965792899165519,0.0003415543610661152,0.00014821565914232583,0.00034426784765791005,0.00011270392281924296,0.0004066896949354196,0.00023250681986668848,0.0003666048365892606,0.0004233840064928604,0.00013288270039148902,0.0007149122820790739,7.84472581823088e-05,0.0950194159272199,0.205800752431733,0.0033090443759887025,0.0006244062164963029,0.0008799138666829139,0.2124410050639126,0.00046914843019068555,0.0001929028488938991,0.003474007826778963
Z_T_1887_GPF_0106,0.005808908658220917,0.06567789492002656,0.000851787358377634,0.13218825420530075,0.27214763496183375,0.37019343507946817,2.1810537779870433e-05,0.006940799652431599,0.000651508042323779,1.0352327045178264e-05,0.012268737697068837,0.00016899947207257843,0.0017912649147101378,5.935253244604853e-06,2.1417234387521035e-05,1.2244355142986215e-05,1.930627161349109e-05,0.015819316961140105,6.997915058514531e-06,0.0037451129698198443,4.131216837976877e-06,0.0009740933971765153,0.03308273497756705,0.008556354592401961,3.288269768883645e-05,0.05968815066819979,6.525018326279581e-05,0.00018590054546041243,0.0032340404650072884,0.005824742469330539
Z_T_1887_HIL_1032,2.7440988322084747e-05,0.1527196736523087,0.012911193904418503,4.2182241352410385e-05,0.37971324632677095,0.16849877755051476,0.00010107261911645396,0.008260728197908747,0.0007781879835284291,4.797391146274082e-05,0.026228092378531083,3.617107840863664e-05,8.401635416436762e-05,2.7504667542186915e-05,0.05836466663879742,0.009767644566465249,8.946755265934501e-05,0.012802197000099182,3.242916843487105e-05,0.0001744697446951134,0.009730047321224549,3.210921833854227e-05,0.0024168287435446874,6.055847787071279e-05,0.03600802332714644,0.0756609819364065,0.010013279861228602,0.03447614862098904,4.707669967510234e-05,0.0008478092680745296
Z_T_1887_LYO_0495,2.1486377687682115e-05,0.12074976587619576,0.05105232408685091,0.0029575159535829283,0.4119565273734777,0.16585910828630368,7.914016954234765e-05,3.430372984316535e-05,2.4426142498687142e-05,3.7563719234350116e-05,6.526655034618228e-05,2.832206489564536e-05,6.57850619784281e-05,0.0006064336646592335,7.771305676474165e-05,0.0012142238500123471,0.050371231998553145,0.0006658005462863582,2.5392137954751416e-05,0.0018913026209397244,1.4990240234949112e-05,2.514161605188694e-05,0.09430617758927538,4.741747317730796e-05,0.00011931582322128966,0.06801624138770962,0.001991454462169021,0.02699492969395185,3.6861199663671025e-05,0.0006638372469371303
Z_T_1887_LYO_0496,0.08133447640479972,0.16041574507455766,0.04980482073754891,2.7496415427903556e-05,0.19054506720128433,0.12006105352587532,0.024899093827379672,0.11591687030660217,2.033470415434209e-05,3.12717047977729e-05,5.433424424406854e-05,2.3578050063532567e-05,0.00541094841603883,1.7928866288256897e-05,6.469593053121471e-05,3.6987032751143516e-05,0.0638455837200583,6.735165068895844e-05,2.113889301938951e-05,0.021051532143565622,0.0014732563872564325,2.0930334145256774e-05,0.07948351458048178,3.947493096213754e-05,9.933013230669196e-05,0.06830957173093727,0.016752577161244005,7.463182526241481e-05,3.068685896576473e-05,6.571720876121203e-05
Z_T_1887_LYO_0497,0.2001071883418234,0.09052564156875706,0.0447751115232502,6.276462804627495e-05,0.18597578227688466,0.09288587983479848,0.025714424563008598,0.05897361490699253,4.641696464125738e-05,7.138228345260263e-05,0.00012402593491127038,5.382038055739771e-05,0.06570231743229998,4.0925284491151576e-05,0.0001476780137595169,8.442836337150553e-05,0.05014971176808837,0.00015374008713532963,0.0011597324100647403,0.043607311303553074,2.8485932684089787e-05,4.777657803999256e-05,0.04694380609369938,9.010735837503493e-05,0.00800709405224122,0.05367054491492733,0.00044991884980764276,0.00017035816051340474,7.00472864888473e-05,0.030159962903335703
Z_T_1887_LYO_0498,0.09948421681454413,0.13562792317309766,0.00015706154033748087,3.120372594598486e-05,0.13942779500474597,0.15558895547791632,7.476706325783048e-05,3.240818353050229e-05,2.307640926099976e-05,0.040926209764837365,0.0011668147101869082,2.6757051821982738e-05,6.214992864943924e-05,2.0346195003049154e-05,0.020518779675263724,0.03153888123213958,0.10560845062988466,0.0006290099180878445,2.3989025998972344e-05,0.0388094740141102,1.4161913556386708e-05,2.3752347368293932e-05,0.04267853715703468,4.479729114905678e-05,0.001770454663519356,0.12835678734550957,0.04166697829521274,0.015004282008452387,3.482433336889027e-05,0.0006271551062080287
Z_T_1888_GHR_0686,2.4046119081898208e-05,0.058549432040963315,0.002149788114529205,3.696365403446851e-05,0.18349310401976016,0.0939774985023569,0.0053251935176974905,3.8390443691907566e-05,2.733610754555286e-05,0.020988539305323396,7.304196475093735e-05,0.04388843158393246,0.04000288882494776,2.4101920210182896e-05,0.03608876899657974,4.972196779466043e-05,0.011860805581154495,0.038710651665104547,2.841718515233861e-05,0.060374074108577355,1.67760758465348e-05,0.0026464493801683303,0.04008336228124436,0.3096685269733429,0.0047155772858286015,0.015243468268811646,0.013356531238096372,0.009264422135764783,0.0013504088743313588,0.007943281863376277
Z_T_1888_GHR_0687,1.9125976699664296e-05,0.14861552206437312,0.051691652803347046,2.9400419393659954e-05,0.037654309445117926,0.030493840257847536,7.044617108923722e-05,3.053526970570238e-05,2.1742791599553576e-05,0.03960231362658564,5.80966479940533e-05,0.051568878791747805,5.855819816975015e-05,0.045835764197557194,0.07816564260299214,0.0859456616646136,0.004748145611710073,0.0047578034577905265,2.2602666951891757e-05,0.08811028881088055,1.3343476951928028e-05,2.237966630717683e-05,0.04802173204434371,0.2572399056169432,0.006874568753592487,0.0006703119551844865,0.019474547645800352,7.97997458462402e-05,3.281178689757545e-05,7.02678319661848e-05
Z_T_1888_GHR_0688,0.0034410946016653447,0.10825025164250401,0.043235751950146784,3.857988102893184e-05,0.09860117606550867,0.13224661302380128,9.24410248430888e-05,0.05537922161886641,0.008910123758872629,0.030787850588569775,0.0069082298507877485,0.04444104400354287,7.684136366927993e-05,0.014372343472243448,0.05884592369530068,5.189604902842128e-05,8.182703021184981e-05,0.018540884456969883,2.9659719824561328e-05,0.028170746029514745,1.750960577891243e-05,2.9367093443036575e-05,0.01587442003272214,0.2542055689255345,0.022684949555820788,0.0015627975975238445,0.04741731369757316,0.00010471499265588172,4.305635296917243e-05,0.005557802319078123
Z_T_1888_GRI_0518,8.591640931702532e-06,0.10722124911972802,0.010824945245473982,1.320705607030377e-05,0.4437453580746674,0.07941844519940872,0.0014349238555633327,1.3716845794792465e-05,9.767148690476098e-06,1.502040001399788e-05,0.02037363612598507,1.1324989980384735e-05,2.630511477569689e-05,8.611578588010938e-06,0.0007327139504445926,1.776558172461969e-05,2.8011858700754068e-05,0.02856567992461798,1.0153416037201483e-05,0.008708176425225485,5.994065796045147e-06,1.0053241207073072e-05,0.05735559717480728,0.005398194842268384,0.12002802248290886,0.08683662087583131,9.467280634747233e-05,0.02903693623439291,1.473948733590469e-05,3.156523668217506e-05
Z_T_1888_HAS_0710,8.839733080418375e-06,0.25565985847151884,0.002474728882922256,0.0016980212481916177,0.06312356383519344,0.055001439587491166,3.2559139789042664e-05,1.4112933314497455e-05,0.36168184009961035,0.004587486083299671,2.68513796288097e-05,0.03634727438430289,2.7064701040858262e-05,8.860246456316697e-06,0.04791799090008323,1.827858050777233e-05,2.882072888863068e-05,3.328443721702507e-05,1.0446605990261595e-05,0.04120449059301219,6.167150387767056e-06,0.004823008753613334,0.08692525514687863,1.950807215287844e-05,4.908784742023982e-05,0.03688606353934944,0.0013005728812541999,3.68822185785874e-05,1.5165104643844247e-05,3.247671418169541e-05
Z_T_1889_GHR_0689,4.6051427049745166e-05,0.12341214836968127,0.007877927508970019,7.079017663776663e-05,0.05932380580092231,0.08345172387356053,0.00016961992371907557,0.011355938611085884,0.035153201795645704,0.02765974873252987,0.00013988480635239033,0.061487189078448926,0.00014099612446072377,4.615829342513587e-05,0.0440426232337143,0.018899250576688502,0.00015014431791784852,0.00017339842939229425,5.4422583725253574e-05,0.03288644094543622,0.013821747846014804,5.388564393475828e-05,0.005309520285868868,0.3849573731467522,0.00025572779222369975,0.0317004161607318,0.010536262970482718,0.00019214141228619388,7.900404954022567e-05,0.04655245608280097
Z_T_1889_GHR_0690,2.609593881468145e-05,0.12108110692988294,0.0002019139040760016,4.011463349928638e-05,0.09897175595320483,0.11051317741136589,0.000806496316616928,4.166305033424995e-05,2.9666383482119327e-05,0.028460737636813185,0.0015000242131900496,0.0305806469736545,7.989820235233339e-05,2.615649672943467e-05,0.05124159255164138,0.02420680846953885,0.019265284976739516,0.002939771121870742,3.083961792317476e-05,0.06125841564180738,1.8206158230797065e-05,3.0535350524364354e-05,0.05344557268024601,0.36519182069206013,0.0022760467797058063,0.00872874630537182,0.017336624882044953,0.00010888067666981766,4.476918469186071e-05,0.0015166308669168915
Z_T_1889_GHR_0691,0.031440819543469674,0.10433451502565406,0.008576800509552625,7.707017135747902e-05,0.13419201366954395,0.0676531508892162,0.00018466738193866024,8.004506456709966e-05,0.06693279890208141,0.027383897877241794,0.00015229437907822435,0.06694188973159873,0.0219905009917078,5.025312483746688e-05,0.001546149620290334,0.04787210187958707,0.00016346404063225499,0.005648030266021924,5.92505634628456e-05,0.023520578527450313,3.497855052405921e-05,5.866599024057674e-05,0.019428665633899195,0.30309897425770743,0.004372851002931021,0.004486778340334785,0.022389462704045772,0.008398060579689837,0.02328782172044669,0.005643449060890821
Z_T_1889_GRI_0519,0.001620407056735307,0.0775139502575953,0.03675306566557253,1.1385650815916079e-05,0.4019037622876498,0.1132264846265138,0.03833603826581103,0.0018264504745397685,8.420146311556853e-06,1.2948913729479405e-05,0.00042574867117020984,9.763143332172065e-06,0.0320810583407733,7.4239426451270445e-06,2.6789138248604666e-05,1.531550324170673e-05,2.4148700525978063e-05,0.004463639643397891,8.75314293911675e-06,0.02020959590636623,5.1674150361827285e-06,8.666783372661183e-06,0.04581634857374025,0.00021797072402635073,0.07625539466167307,0.08836972752306396,0.035365997943910654,0.025435658128386437,1.2706742147447246e-05,2.721202672812794e-05
Z_T_1889_LYO_1000,0.018455403635820065,0.25040407087336297,9.038520966181998e-05,1.795700784417157e-05,0.11935081582116666,0.022440783214135656,0.18829618905154094,1.865014475771168e-05,1.3279928904400821e-05,2.0422525613442854e-05,3.5483914354441464e-05,1.5398051831565794e-05,3.57658171400614e-05,1.1708755034615035e-05,0.014034039887268257,2.4155019005528405e-05,0.05695922839667352,0.1367819240404103,1.380511829847716e-05,0.04745555768439907,0.007322039601303893,0.011461496356824875,0.03569032311440812,2.5779783797414093e-05,6.486925430955572e-05,0.0035893610920384096,0.013484520807032595,0.0331202410970003,2.0040581966259517e-05,0.040746304214094975
Z_T_1889_LYO_1002,1.0117959858742165e-05,0.17942704915128632,0.00035371525511605236,0.027283011212015828,0.09951869888478251,0.03431005406705712,0.0003126960641539616,1.6153665666840696e-05,1.150229847478277e-05,1.7688798404400384e-05,0.009119886726980726,1.3336892793014274e-05,3.097826102089733e-05,1.014143947198595e-05,3.6595167425386093e-05,2.0921666092170544e-05,0.00030841707845589316,0.11213764652075081,0.011304540762020997,0.03449293842792046,7.058921293051076e-06,0.02369872183689901,0.3966824087957175,2.232894242038901e-05,5.6185957792125984e-05,0.00228260824958418,0.0017640647898565604,4.221539312155791e-05,1.7357981134061385e-05,0.06669095883243276
Z_T_1889_LYO_1027,0.03214279400933144,0.2206242217606856,0.0021097394245487245,3.627505318540467e-05,0.059306610080939515,0.08837247562626235,0.0007293023574460046,3.767526298770733e-05,0.0013115946934907678,0.04308097809672948,7.168125623175564e-05,3.1105691660259775e-05,7.225072964459909e-05,2.365292231875894e-05,0.0013701188982333905,4.879569061414682e-05,0.027699446973779247,0.044413344933517195,2.7887797613821517e-05,0.05025598257889151,1.6463552088436885e-05,2.761265323104588e-05,0.08751543774340409,5.207788716665077e-05,0.00013104274780057238,0.3143104009711088,0.0002600322938878146,9.845914053111684e-05,4.048409306278074e-05,0.025782055079606972
Z_T_1889_MAT_0431,2.0618095765516216e-05,0.027752154225307368,0.014191060994692323,0.0005929553496374857,0.06191984959428111,0.2904917392775587,7.594205120292375e-05,0.04325003353132132,2.34390622998681e-05,3.604573892074891e-05,6.262907619342135e-05,2.7177547317822256e-05,6.312663435071407e-05,2.066594186504184e-05,7.457260920834588e-05,4.2633586324205065e-05,0.03149785230320134,0.0017614175016642374,2.4366021097283493e-05,0.00013108980850423405,1.438447248786199e-05,2.412562298738802e-05,0.005744740239117704,4.5501294687238584e-05,0.11292800488378063,0.020366750208328302,0.17141187486271353,0.21729412805755116,3.537160873482582e-05,7.574979889729915e-05
Z_T_1889_SCH_0504,3.540063526607794e-05,0.03126723325586202,0.00123757604390889,0.027037129395355852,0.14582487336941377,0.4043258768261545,0.00013039016243628402,5.6518313421445417e-05,4.024414790255651e-05,6.188942329794992e-05,0.00010753219446593274,4.6663011510205404e-05,0.00010838648649417333,3.548278554501126e-05,0.001091707144077131,7.320055434373643e-05,0.0482988324501632,0.00013329477386219988,4.183570760172463e-05,0.008898091605060008,2.469769613202617e-05,4.142295145276457e-05,0.00022685930388534619,7.81243212601275e-05,0.01079693395489271,0.07544315008441603,0.06784686483709876,0.17649899653103338,6.073196253604823e-05,0.00013006007115007215
Z_T_1890_BAC_0474,3.711754739748244e-05,0.055012602399703334,0.1750873737645391,0.0020778683798658663,0.0902521509932285,0.14506350247529035,0.00013671401651460839,5.9259421800728815e-05,4.219596784117061e-05,6.489102767219965e-05,0.00011274744915860829,4.892614294690337e-05,0.006176077218161172,0.010141260422357792,0.00013424869048644721,7.675074260543482e-05,0.07287022516827453,0.0011501651741056944,4.3864717345968426e-05,0.10430777771296404,2.5895521362791185e-05,0.036418036208311876,0.031560437755774606,8.191330961926539e-05,0.04466396679818645,0.0002904604808386048,0.1034703835519734,0.12039314159502391,6.367743067407517e-05,0.00013636791597518655
Z_T_1890_GHR_0693,5.889883634599559e-05,0.034385126354591,0.002059053130771404,9.05391927200877e-05,0.1271805336782254,0.02816982915421155,0.0002169404243946306,9.403398746211841e-05,0.00648028180802955,0.027359599183635612,0.056295498636522674,0.08184752351010971,0.00018033116869670926,5.903551626143507e-05,0.07556959052885104,0.00012178955090275574,0.06592860699768793,0.00022177305611826694,0.03213622755851693,0.03725109418569224,4.10915101288379e-05,0.03534220304181605,0.04687404592972206,0.28872958126230097,0.0003270706327305834,0.00046090826375701037,0.016682327754756417,0.0002457449491262969,0.00010104456870607292,0.03548967562720874
Z_T_1890_STI_0510,5.3185482460755896e-05,0.0006457992500993342,0.004754926051485256,8.17566346835409e-05,0.09023100314099523,0.3092067525784444,0.00019589658900712759,8.491242444081771e-05,6.046231674465153e-05,9.29819143803205e-05,0.0016093585089317333,0.011652533555804716,0.0030584454389382476,5.330890403741729e-05,0.001640167492113737,0.0001099756196436679,0.13771473186863878,0.06245580888153195,6.285345661627028e-05,0.046667863649822026,3.710551730436466e-05,0.005853447145164432,0.0003408306499916133,0.00011737302697843122,0.0002953438553239509,0.0004161988572076868,0.16997906410339833,0.15224126946246963,9.124295945512104e-05,0.0001954006638865382
Z_T_1891_SCH_0455,0.00042792531257822996,0.04228587590039432,0.022819251466413133,2.3308455277072835e-05,0.07566870662953543,0.3060920083557572,5.584925188613444e-05,2.4208156991876163e-05,0.0004299999058772494,2.6508732915674007e-05,0.0116034048961588,1.9986893450436008e-05,4.642454670017135e-05,0.004142821798455659,5.484213778153563e-05,3.135356319343288e-05,4.943669143816941e-05,5.709336702585282e-05,1.791924274061036e-05,9.640597822799169e-05,1.057861901935098e-05,1.7742449325370267e-05,0.003812030611160646,3.346253133645912e-05,0.38684253868347307,0.0030079930209004715,0.0030564197417497934,0.13916418222985963,2.6012964550699746e-05,5.570786582567858e-05
Z_U_1891_MLL_0468,0.34958646684150246,0.012650375878341936,0.13564220241718902,7.562517303480848e-05,0.016502830646579404,0.22039538802424202,0.0001812050300007671,7.854428959800015e-05,0.0027343743685173975,0.01749591093737478,0.00014943899263695844,6.484823887511283e-05,0.0014898494712287833,4.931092268817782e-05,0.00017793740983801016,0.00010172783282182987,0.0014996224898312241,0.08723475331586457,5.813966720670554e-05,0.001652016134050788,3.432273328703412e-05,5.7566054221202456e-05,0.0003152695433337235,0.0001085704604797056,0.012326203412419657,0.0392224598524174,0.08223472642196936,0.017615167086291593,8.440005662795086e-05,0.000180746297529671
Z_X_1881_MLL_0359,0.0009142765770310102,0.09312111857745187,0.015389958966286742,2.5348741554953523e-05,0.11955043776792408,0.3019118888841844,0.008140815165772143,2.632719791227083e-05,0.019770046225460604,0.02516684709594433,5.0090336994578425e-05,2.1736429571969545e-05,5.048828084570953e-05,0.0022609943767035894,5.964269877260965e-05,3.4098071312302076e-05,0.020702850258722767,0.003653236407943048,1.948778877418826e-05,0.00010484479547890208,1.1504609650971249e-05,1.9295519894150253e-05,0.07058190382349362,3.639164623049014e-05,0.03824749180486286,0.00012904294932957394,0.10342713950072918,0.17468824859554105,2.8289987802085913e-05,0.0018561569178240105
Z_X_1881_MLL_0360,3.031711379425146e-05,0.1084805587077887,0.00023457469187005518,4.660341661777468e-05,0.19585903821017944,0.20596621087842645,0.00011166617103110863,4.840229918413458e-05,3.446509935045203e-05,5.300211916203906e-05,9.209060096424775e-05,3.996221591235013e-05,9.282221689257855e-05,3.0387467315761214e-05,0.005886652937348742,6.268897490570981e-05,9.884476255119376e-05,0.000114153681056443,3.582811151527215e-05,0.0001927561442573401,2.1151113771338756e-05,3.5474627035594176e-05,0.012573568966371396,6.690569024933636e-05,0.2139173689343616,0.00023724421648921377,0.07708564651793372,0.17838821976345431,5.201086944668212e-05,0.00011138348076266121
Z_X_1881_MLL_0361,1.7792059588861506e-05,0.03654090187320744,0.0015906582724163419,2.734992424197081e-05,0.15272071527494582,0.2526125772602976,6.553299177912524e-05,0.0005127371407809866,0.020846481510024543,0.0019684311599239253,5.4044770588968184e-05,2.3452434543762547e-05,5.4474130530068187e-05,1.7833347623582843e-05,6.435125347273084e-05,3.678997890948713e-05,0.040741855807217474,6.699282489183504e-05,2.102627246650925e-05,0.019486382473774103,1.2412852989383315e-05,2.0818824720366584e-05,0.045156848454067526,3.926462247787641e-05,0.05628125666833584,0.006435540072863051,0.09754668834271961,0.26694089893968415,3.052337022396008e-05,6.536709069317287e-05
