,0 Oberstufe (Rhetorik),1 Kanon (Poetologie),2 Literaturvermittlung (Lesebuch Methode),3 Handlung (Ballade Drama),4 Unterstufe,5 Literaturvermittlung (patriotisch),6 Handlung (Hermann und Dorothea),7 _rauschen (Wackernagel),8 Schiller (Drama),9 Mittelalterlive Literatur,10 Literaturvermittlung (idealistische Poetologie),11 Literaturvermittlung (Sprache),12 Handlung (Religion Welt) ,13 Lyrik (Poetologie),14 _rauschen (Handlung Methode),15 Literaturvermittlung (Praxis Methode [Rhetorik]),16 Prosa (Unterstufe Fabel Volkslied),17 Oberstufe,18 Literaturvermittlung (Ästhetik),19 Literaturvermittlung (Methode),20 Deklamation,21 Lesebuch (Form),22 Prosa (Unterstufe Jugendliteratur),23 _rauschen (Nathan Religion Nation),24 Drama (Handlung Poetologie),25 Handlung (13),26 Lyrik (patriotisch),27 Handlung (Welt),28 Allgemeiner Diskurs der Literaturvermittlung (Verordnungen),29 Mittelalterliche Literatur (Nibelungen
A_L_1825_ARN_0912,1.3543585059512205e-05,8.810591553235369e-05,0.26616930649733855,7.995085311847873e-05,2.3474954648475802e-05,0.026133583111637944,6.686900909570302e-05,2.4502374884365064e-05,0.04358321935720817,1.9569500450098156e-05,0.11108686429572391,0.2919908225696693,0.0007320126902751526,0.009209801126002294,3.8772710086723275e-05,0.00012156867842809064,4.913407952586731e-05,0.12084320832173867,0.02686065983690269,0.03335733909460944,0.027926824953710877,0.03978122971487526,0.0006782230051157722,2.8249858940115953e-05,0.00011462667871392288,1.5017777769404462e-05,5.968199042635618e-05,0.0008290910516464299,4.2824578980889194e-05,3.1921827885201536e-05
A_M_1787_BTT_0916,0.028352380587935398,0.00603344195577845,0.014281143456354884,0.0049397574820354805,9.86548351671918e-06,0.05486564209113466,2.8102082278392656e-05,0.015546463250122072,5.4287250404382326e-05,8.224194125691622e-06,0.0006215186716939115,0.11916747165976373,0.022112777751601396,0.00032713532392138553,0.0008339873991538291,0.2025663763974066,2.064887702362766e-05,0.0003606488183647936,0.20399131653013766,0.055448387883951906,1.6141822217300172e-05,0.020806753305485995,0.18535619735519204,1.1872164265989389e-05,0.0022286870397382557,0.0040947760402455,2.508169671094288e-05,0.013158953072636167,0.044718545026654614,1.3415330148271451e-05
A_M_1804_LEN_0927,0.007848682938995623,5.32553517910734e-05,0.01779616287886583,4.83260491999257e-05,1.4189364704178056e-05,0.02285281147031525,0.009841039468916984,0.0043270834939144465,7.808047050804728e-05,1.1828724831340566e-05,0.00010987055458530687,0.10396836851824197,0.037684821498510476,7.848859495676613e-05,2.3436046298202367e-05,0.12356130264197696,0.023159163797424276,0.00012669050967924938,0.09268068533720748,0.026827163903139214,2.3216520715189987e-05,0.027965891190139702,0.21484753075100702,1.7075541032788183e-05,6.928574616888986e-05,9.07744994643529e-06,0.0012121490810456101,0.02794287951739196,0.2568021475370331,1.9295051456746268e-05
A_M_1833_BIS_0915,1.284385571430586e-05,0.014229923438020221,0.3508271958822723,7.582019215570875e-05,0.011093333915239771,0.1151971444812554,6.341422162668863e-05,2.3236459644160958e-05,0.002582740975189488,1.8558442175956404e-05,0.011243451011972876,0.2307756504144296,0.0006941932533832034,0.0001231431174320526,3.6769517953942784e-05,0.10713564850936119,4.659556722333596e-05,0.028491507580800674,0.026703022888842635,0.001496014451486776,0.04801106953903792,0.040801230134386565,2.8123068279171798e-05,2.6790329929777915e-05,0.0007237640352827852,1.4241884255326421e-05,5.659852028915533e-05,0.007551911046370601,0.001885790679395322,3.0272586593050925e-05
A_M_1834_NIE_0929,0.08627019709408969,4.185236994175904e-05,0.11134048544494085,0.0006541482644341109,1.1151152341788495e-05,0.053081265852962946,0.00033984921273888475,1.163920097664204e-05,0.005606889617808469,9.295970281497944e-06,0.01148548536963382,0.1359297041259565,3.96382736546067e-05,0.006531464964791587,1.8417943862103404e-05,0.2298890609168326,2.33398366118706e-05,0.000715733406207914,0.12428616437680112,0.01615360089031325,1.824542287401645e-05,0.01920509913626285,1.408691551095914e-05,1.3419343525578331e-05,0.006216147750732494,7.1337955812675914e-06,0.005573877999279089,0.03736402202414738,0.14913341971227317,1.5163614631278822e-05
A_T_1793_GED_0920,0.0248217164634364,3.337877069776859e-05,0.06521000103317962,0.0005217067743421503,8.893445163330207e-06,0.0003180199415059451,2.5333206152007475e-05,0.03760272408268676,0.0025060260434792976,0.008115803192551705,6.886338977398965e-05,0.13715675498703636,0.0069114584344381795,4.919416970016279e-05,0.00222606787878057,0.4356877005518877,1.861435936543453e-05,0.0005708231404766829,0.16054987920695854,0.03475115813966499,1.4551381134284713e-05,8.281390413833733e-05,0.05873563021329149,0.004924877755791594,4.342611505164859e-05,5.689458619505784e-06,2.2610416805625643e-05,0.00031409968256122046,0.01869009033313833,1.2093528190425616e-05
A_T_1820_BER_0914,9.790754069785148e-06,6.369239365205473e-05,0.15443849003927787,5.7797040969057366e-05,1.6970211856953054e-05,0.016547881897957525,0.0005171943636699149,1.7712941260704788e-05,0.0994904903143494,1.4146931210129795e-05,0.11828268188924024,0.4009682283684119,6.0322904839327945e-05,0.0005627251561903247,2.8029068183211012e-05,0.06338321078302898,3.5519375923671325e-05,0.0015580822964470005,0.09865413571387535,0.037711032081335354,2.776651973728628e-05,0.000626877349801724,2.1437958455299246e-05,2.042202416667647e-05,0.006646824374610009,1.0856458476011624e-05,4.314453581471217e-05,0.00013050154347211393,3.095819305609158e-05,2.307651666148096e-05
A_T_1867_WEL_0932,0.03547564528763191,0.009556561550914734,0.04694776102313395,4.507469563588596e-05,1.3234711007751741e-05,0.08055051787254451,3.769941301308599e-05,1.3813950035435801e-05,0.049435521144630304,1.1032893860773998e-05,0.18914331363923748,0.14012007717916913,0.0011439933168321632,0.008483148360370465,2.1859280269938302e-05,0.0859961903238303,0.003318547073005591,0.00048381641693041996,0.31461051363932185,0.013321458398113254,2.1654524263552648e-05,0.0019514867869808283,1.6719012534650547e-05,1.5926706768162468e-05,0.0011615729873123105,8.466723439212761e-06,3.3647515298246406e-05,0.017287305872469867,0.0007554428118559993,1.7996889588336824e-05
M_X_1782_MIE_0944,0.28269798021188025,1.1922816229974998e-05,3.471163648089458e-05,0.015282203799346784,3.176717120407151e-06,0.0321483968912829,9.048960017171906e-06,3.315751401924457e-06,1.7480667570643542e-05,2.6482167079150743e-06,0.02889980196840081,0.27069043722540015,0.031343960382512887,0.01037402823177028,5.246865597036377e-06,0.008442042599505045,0.0011476145169959577,2.836349050727233e-05,0.1883835296850696,0.0757804989578437,5.197718176241883e-06,0.0006439469717912789,0.006059906926940962,3.822874714264045e-06,1.5511703352729233e-05,2.032260869719492e-06,0.0065028031514923704,0.041450253842592384,5.7951793841549306e-06,4.31977904435246e-06
M_X_1785_BAS_0936,1.5726292365851833e-05,0.00010230521540156696,0.0002978475369091768,0.011389217300593453,2.725821844473574e-05,0.004740184768579373,0.0008307378282684475,2.845121948110749e-05,0.000149995053742569,2.2723354575586573e-05,0.003976525287993607,0.24415895835459395,0.011393274441996157,0.00015077907371863883,4.502138628442178e-05,0.21929096066342937,5.705261172396209e-05,0.00024337647665755228,0.23377134333525373,0.08843734314962928,4.4599670695266656e-05,0.00025382283781001257,0.08212147288936682,0.007563723608734008,0.00013310011008611347,1.743806849141249e-05,6.930044196544897e-05,0.046901326602979646,0.04372906779602564,3.706640420311001e-05
M_X_1787_TRA_0955,1.057942743467714e-05,6.882299892122514e-05,0.04680957795999947,0.0005690745986719981,0.0010315808912243864,0.006735180839095461,5.223401531043622e-05,1.9139769560817612e-05,0.00010090501624373511,1.528650715707557e-05,0.014327399523945064,0.2736814913619563,0.002598291288241387,0.00010143244395849508,3.0286890140669823e-05,0.152081514088434,3.838056368601497e-05,0.002696833981171748,0.2150180835017916,0.14105988836823088,3.0003192663238557e-05,0.0011839959611009258,0.11958591909400183,0.0015419325969583766,0.0011027830910893936,1.173097739212961e-05,0.0015664854721915377,0.01128669429827051,0.0066195358847893114,2.4935396367341626e-05
M_X_1788_TRA_0954,0.0061744694898789275,0.00022344161785375387,0.0004598351704553084,1.2896197343626583e-05,0.0007360915335780014,0.011119977603559913,0.00105693605659116,3.952271296317894e-06,0.00012545140358937302,3.156590954028548e-06,0.015407724568842545,0.5306290964945766,0.011521109582962883,0.0002301753130113748,0.00952621892662103,0.06927473796619009,0.0001125404017940457,3.3808387845426144e-05,0.08122468994915902,0.2343828217009079,6.195516449872442e-06,0.0001398745312518811,4.783430747467143e-06,4.556746321161471e-06,1.8489462111787877e-05,2.422390984245864e-06,9.626798168846941e-06,0.02754286318491007,6.907671402540982e-06,5.149040640839558e-06
M_X_1793_MOR_0945,6.717029449728427e-06,4.369670413894237e-05,0.0036654927272512217,3.9652147682312084e-05,1.1642557049110479e-05,9.466376136511802e-05,3.316412171491708e-05,1.2152112824142742e-05,0.007140617623932646,9.705621536851586e-06,0.07214231184467862,0.35292970415927905,0.0016496922172634409,0.1679716704311355,0.008382426911415537,0.004563552882111527,2.436836758585958e-05,0.0007472740716223868,0.26132268670296366,0.11111225229329585,1.904945517602102e-05,0.002038381675150158,0.00419630635863571,1.401070201262258e-05,0.0016651570291773392,7.448164950661878e-06,2.959967287470066e-05,8.95316851479694e-05,2.1239129589607645e-05,1.583183898885511e-05
M_X_1794_RAM_0947,0.0026921154097094115,1.8266702110480596e-05,0.007045380392244105,0.0008233681797220479,0.00013933235631588875,0.010258941020948922,1.386372597337896e-05,5.079994689433327e-06,0.0021782277432548917,4.057278481393125e-06,0.1627407874081374,0.21086975901001143,0.03497829737841151,0.006481259673118834,8.038615124657792e-06,0.05555940355392914,1.018680288092689e-05,0.00017792049503309614,0.40896504953872687,0.03192642394823696,7.96331736967819e-06,0.0011210433160053301,0.007536209212456252,0.009687363818053674,0.011318856510933338,3.113585180036783e-06,1.2373665648800497e-05,0.008912141907329125,0.026498557195123444,6.618244839495308e-06
M_X_1796_NIE_0946,1.677483073759135e-05,0.0009124302644715245,0.08948444230053944,9.902562892286455e-05,2.9075639062364905e-05,0.11992869462534513,0.0008861266299981195,0.0008336521105341986,0.003373211569917325,2.423841665461048e-05,0.06850597127501747,0.10058058625508252,0.00010335327708846864,0.0009641360797743435,4.8023152369518116e-05,0.07164462228101842,6.085655045337473e-05,0.10147589834472547,0.1955365035420222,0.05095542244306313,4.75733192198533e-05,0.09506060978480484,3.673038071265247e-05,3.498974606789561e-05,0.028257611937424983,1.8600738211452218e-05,7.392099529670105e-05,0.00022359271687713526,0.07074378738657151,3.953777801489038e-05
M_X_1810_GLE_0959,0.0003270071111032797,0.0021272994397527893,0.08449102841809657,0.0019303971137357044,0.0005667980131661727,0.004608543607238324,0.001614538646203352,0.0005916048661338978,0.003118945525306712,0.0004725016145873723,0.09834603612828544,0.5513509121854783,0.002014759915759947,0.0031352481668612186,0.0009361592118624037,0.0029352510549260228,0.001186332372992189,0.020720224543831812,0.037823201347180035,0.11638651356700014,0.0009273902030389203,0.052256518279483584,0.0007160188901132691,0.0006820871076963721,0.0027676378814690122,0.0003626011947342459,0.0014410095398270603,0.004358697238349847,0.0010339907635400626,0.0007707460522459212
M_X_1829_ARN_0935,6.364887184565322e-06,4.1405891438058455e-05,0.21073613104180483,0.0003423716115558944,1.1032192535712344e-05,8.97009855420464e-05,3.142548277783337e-05,1.1515034697801602e-05,0.029626136585364702,9.196801443329305e-06,0.08603852759696866,0.4020924686991721,3.921541499367039e-05,0.013167348968004288,1.8221462371850006e-05,0.029622561144523503,2.3090848673037374e-05,0.04124626385986002,0.10040521751041574,0.038231546754875056,0.013429173319836243,0.0025411153890359524,1.3936637164288641e-05,1.3276186795713762e-05,0.02321853568156284,7.0576926895732256e-06,2.804790122739823e-05,0.0022184256364472695,0.006725686930913334,1.5001850124736253e-05
M_X_1829_KLU_0940,4.3101970738379e-06,2.8039389692365362e-05,0.22031508732009958,2.5444070506286037e-05,7.470819608673247e-06,0.15238716336103375,0.00022768518308257743,7.797792391350275e-06,0.012838180481399258,6.227922902676441e-06,0.008726830982854275,0.28384906071246846,0.0004393647594801054,4.132490400275375e-05,1.2339275075707238e-05,0.13027984136122175,1.5636743511229476e-05,0.0004795123411275154,0.11670419387697292,0.055818408127230684,1.2223693013763944e-05,0.0015143972476804786,9.437661812816526e-06,8.990415669483505e-06,0.0045773754959659105,4.779353584210171e-06,1.8993578093699137e-05,0.011616095158177386,1.3628767730308526e-05,1.0159006536140016e-05
M_X_1832_REI_0949,0.00030078025238471,8.138023955066393e-06,0.10336129452174327,0.014564507804670704,2.1682964431967213e-06,0.053453653718512704,0.009171772432445241,2.263195525069566e-06,0.023974274027906025,1.8075637996531572e-06,0.07807411998020573,0.24778311916751783,0.0061181048249159785,0.07956697086225796,3.581294644997251e-06,0.07495345484922901,0.0055757829548215366,0.0001391714642030248,0.18848870497080822,0.02752268575410685,0.01024744914311733,0.013379196635772604,2.7391437101581628e-06,2.609337039321593e-06,0.01031439490127702,1.3871376796986806e-06,0.0027012761339183736,0.04883994700621517,0.001441696097676827,2.948503496611207e-06
M_X_1833_TIT_0953,7.952558629225448e-06,5.1734267978072814e-05,0.07517369026266088,4.694575653990053e-05,1.3784086882468036e-05,0.029816643198990488,3.92643242520412e-05,1.4387370254400894e-05,0.016451444959170742,1.149087180316085e-05,0.11702086152226814,0.542759042495953,4.8997394276339955e-05,7.62467971415481e-05,2.2766663983260957e-05,0.05338727251461566,2.8850680702747302e-05,0.011167077645166702,0.12278472110847251,0.0009262905859621071,2.2553408508315268e-05,0.0001283545385117969,1.741302256103016e-05,1.658782800133366e-05,6.730680089062711e-05,8.818179061679627e-06,3.504423133822469e-05,0.00010600012708614319,0.029348885071671108,0.000399571726666451
M_X_1841_GNT_0939,0.0019035905790324302,0.0022933100235676645,0.0817926734031018,0.0024869351843904244,6.378450726993288e-07,0.07987004494289011,0.0008124487585793992,0.002326826695215461,0.022701201435295065,8.864388538205193e-05,0.05532175084091493,0.09745572179179653,0.011016286879168322,0.010982302955870346,1.0535049994493497e-06,0.3920319102493996,1.3350368934248953e-06,5.695034206350455e-06,0.13605248917003582,0.061844729813942186,0.004917701974157015,0.0029312630786792037,0.003507669602517649,0.0009700013078529926,0.005994741203718907,4.0805256906982384e-07,1.6216373617067458e-06,0.018984263579728905,0.0037018741760474873,8.673576129551272e-07
M_X_1842_HIE_0933,8.858242748515097e-07,0.008744255585844183,0.27918193380064915,0.004713834661552938,1.5353899715092947e-06,0.09134246159830287,0.00013163320411540335,1.6025888543328028e-06,0.15284723625234584,1.2799519823770242e-06,0.017319195256097403,0.11276086150820898,0.0001751372258691583,0.015322065670361049,4.4955815378385076e-05,0.020581587636227493,3.213636579624023e-06,0.002516481073263576,0.16163731915966423,0.09461464595147111,2.5121923230956513e-06,0.0010747939515059761,1.939611991845177e-06,1.8476947352067616e-06,0.008152112024685864,9.822445123656916e-07,0.012135986012561191,0.016555556047808912,0.0001300605673447786,2.0878615162890857e-06
M_X_1843_WAC_0956,1.4258157638847764e-06,0.0007603409948862392,0.055332739995910644,8.41691370574735e-06,2.4713515843258213e-06,0.08639263218797932,7.531839442159564e-05,0.34044010883737813,1.3599220156639565e-05,2.06020061235582e-06,0.024258069672549856,0.1323383389767617,0.008270505780725964,0.018312358200729177,0.0031449014041101554,0.08167410695424904,5.172644083831157e-06,0.0002951803409379004,0.10053458534156713,0.1082512350493598,4.043604942730355e-06,9.129139604557787e-05,3.1219841590550094e-06,2.9740348679723453e-06,1.2067449257630553e-05,1.5810130174577608e-06,6.283086966707751e-06,0.039757200143348125,4.508404497359848e-06,3.360605423950893e-06
M_X_1844_DIE_0937,2.0851313772902637e-06,1.3564533186312267e-05,0.28381782943548906,0.0004117155312787764,3.614136456700172e-06,0.03148265004550885,0.0026064373923953867,3.772315119299632e-06,0.03147315175756732,3.0128639682250623e-06,0.056843563457817464,0.16807112895817988,0.0007118083591074996,0.0008188046834811361,0.08517941143755602,0.08039928013017787,7.564541475796734e-06,3.226901269335049e-05,0.05565883199949463,0.06304954648905436,0.029961403022418454,0.09459314959538012,0.0022013015341050142,4.3492669792543985e-06,1.7647593558922796e-05,2.3120938441749085e-06,0.00340414395574814,0.003722303224468055,0.0054984329093625915,4.914592750103815e-06
M_X_1844_DIE_0938,2.5889736999048837e-06,1.6842209586087278e-05,0.016414309006742143,0.022951464498434073,4.487441096600806e-06,0.30738131473915586,0.016130099109536025,4.683841381885623e-06,0.0043639707730197905,3.740879668341352e-06,0.21055169659111572,0.041187012916788904,0.02964701773696833,0.005355934706635483,7.411739672138092e-06,0.05197058984025738,0.0001333717631044395,0.0001640457182081329,0.14436346684590073,0.028816808326952315,7.342313863195785e-06,0.015415226486086902,0.011163811054702578,0.018354345165230674,0.007460673353571571,2.8707784168783987e-06,0.019476167910191695,0.04330330446936367,0.00533929867650276,6.102134145761677e-06
M_X_1846_SEI_0957,2.708965013851165e-05,0.0001762279644877635,0.16266985882330348,0.00015991634635424427,4.695420788884839e-05,0.2689134302869124,0.041645889882434166,4.900923649561448e-05,0.00025837708176000535,3.914258434891086e-05,0.07690158147844903,0.08718669166300974,0.0014641594222924888,0.0028542363378081244,7.755251999791442e-05,0.03786353614803507,9.827715618758723e-05,0.00041923318295371286,0.2055049987197248,0.00445257695427117,7.682608508862995e-05,0.038057604308647096,0.006545587654780709,5.650489082376019e-05,0.002823783073397467,3.0038305503560468e-05,0.00011937490945829532,0.06133203462460417,8.565699974000319e-05,6.384950110270437e-05
M_X_1848_SCH_0951,2.375996336398882e-06,1.545671486538302e-05,0.23966655246583718,1.4026045043963594e-05,4.118289654978346e-06,0.1299707182034984,0.004562947622718337,4.298533416559069e-06,0.07614175902263995,3.4331427882850507e-06,0.07546830322055634,0.289139770845623,1.4639015532163886e-05,0.008328750594105604,0.011271063034823912,0.018908875961404566,8.619755584124246e-06,0.0007194528571589538,0.0674052634591708,0.009606743016057896,6.7383113394642936e-06,0.00015212906747365802,5.202511511024013e-06,4.9559670538162665e-06,2.010934087843811e-05,2.634618884450874e-06,0.00012425062503402582,0.03553115903658883,0.032890052571596454,5.6001528231348695e-06
M_X_1849_SCH_0952,0.0020413313787695886,9.179719107631459e-05,0.24961536077461677,8.330046508325853e-05,2.4458458712487145e-05,0.12521079081278602,6.967054559223063e-05,2.5528923631212898e-05,0.1373098339395531,2.0389382043547498e-05,0.00829826730947098,0.4015306151983406,0.0007626810117511318,0.00013529217827391052,4.039712719483053e-05,0.004856842776908345,5.119259540454589e-05,0.009003000287726397,0.011092507915389758,0.04759393679125317,4.001872706766613e-05,0.0015792323086526675,3.0897635585151423e-05,2.9433411858168353e-05,0.00011942906517419174,1.5646960900524482e-05,6.218242039572434e-05,0.00018808643285267944,4.461875273321267e-05,3.325922120186146e-05
R_X_1889_HER_0988,0.0026999673014680915,0.004590254533162008,0.0012472524953412896,0.008154087507053012,3.234998464963902e-05,0.09321488294911212,0.0009859175516860994,0.07957909936768037,0.00017801375008904877,2.6968019689140648e-05,0.04762018418570042,0.13782670899428606,0.027821793947180023,0.00017894422301200562,0.05814833777971875,0.06630634603699961,0.0009614776876719694,0.00028883858642183446,0.280120541886552,0.1121073573225402,5.2930776282977254e-05,0.00030123630139399323,4.086676305483958e-05,0.0009326978997880087,0.0037330340437213175,2.0695455543445255e-05,0.0009760133815988044,0.0717501959528976,5.901500102574084e-05,4.399031467955311e-05
V_X_1835_ALT_0967,3.9786499963475996e-05,0.0002588255613049816,0.09411196926249736,0.00023486872941696547,6.896152519145637e-05,0.13774045529124868,0.004006987008461719,7.197974045706456e-05,0.0003794777600096493,5.7488613651540534e-05,0.025302544489569635,0.1261455971754049,0.04597171310288028,0.00038146127971178844,0.00011390118802892809,0.12229467475962842,0.00014433940826386735,0.0044262750440245135,0.1798871198491841,0.0008236658909449313,0.000112834274933191,0.0006421553213131066,8.711702155107657e-05,8.29885888227003e-05,0.027010573021517607,4.411718256638773e-05,0.00017532562460267207,0.0024355907945423296,0.22685343039112754,9.377559917908481e-05
V_X_1835_ON_0966,0.0003032623684216131,0.0019728313071382965,0.020266089079094673,0.001790226514434549,0.0005256414984662216,0.0042739065966793935,0.0014973032607881495,0.0005486470684634534,0.0028924716768124717,0.0004381921794891683,0.018592590047849123,0.30800157101265013,0.0018684635382785815,0.01743005313179569,0.000868182526218635,0.30769382999151434,0.0011001900354858536,0.004693218529342717,0.09316662155871117,0.006278181521505091,0.0008600502554079256,0.01941712644967975,0.0006640271024007921,0.0006325591851870131,0.0025666732935437087,0.0003362718833135219,0.0013363745041864632,0.0040422021505129935,0.17522846133391765,0.000714780398710914
V_X_1835_ON_0968,1.4245775770469597e-05,0.0035036435484433965,0.2724651837063713,8.409604408130172e-05,2.4692054480010323e-05,0.03635704519174143,7.033594911428767e-05,0.012305263405923597,0.009004395139393225,2.0584115219655365e-05,0.00019119458665901537,0.18433468772104974,0.0007699651606997489,0.0001365843153049182,4.078294864187004e-05,0.18159145585733508,5.168152129131582e-05,0.012499955005819994,0.08555758719931035,0.014620990555471633,4.040093452295028e-05,0.009098448289122355,3.1192730095562256e-05,2.971452198512514e-05,0.00012056969813360621,1.57964005640752e-05,0.0007449702326806422,0.003600852421321679,0.1726401080989083,3.357687054335106e-05
V_X_1835_ON_0969,5.844702330214862e-06,3.802190096306807e-05,0.12913902269999386,0.0014339421601378313,1.0130561556097788e-05,8.236996886473057e-05,2.8857163857535564e-05,1.0573942346370477e-05,0.009292046985124876,8.445171967336468e-06,7.844258285230458e-05,0.11845098023602439,3.601044617878818e-05,5.603728984617746e-05,1.673227199422032e-05,0.07058421636111223,2.120369664574928e-05,0.0009301150007243664,0.00543412062833257,0.036226538451096295,1.6575540704398e-05,0.0003742215850822056,1.2797633853904625e-05,1.2191160291017041e-05,4.94668740396411e-05,6.480886732559758e-06,2.575562282689636e-05,7.790438507509547e-05,0.6275271782995783,1.3775789866975958e-05
V_X_1835_ON_0970,3.071563541588251e-05,0.003141603438589326,0.21680309166188422,0.0001813213595060046,5.323909033085283e-05,0.016612707704163333,0.00015165291132146667,0.019177185528466093,0.0017638547584729201,4.4381870712584635e-05,0.0136502810023415,0.1400417647512288,0.00018924552072958274,0.0002944924937770178,8.793302673379419e-05,0.06205323657010342,0.00011143168271768313,0.0004753480955274418,0.0006109296874129261,0.0006358795378831367,8.710935755708413e-05,0.0019666448559264994,6.725534226274947e-05,6.406814472991266e-05,0.028206940749414385,3.405897217722251e-05,0.0001353533979943248,0.00040941053180670444,0.4928464664800647,7.239584074836656e-05
V_X_1869_ONJ_0971,2.4285726126576085e-05,0.00015798742543778532,0.18537403018654083,0.0001433641472246506,4.209419565953617e-05,0.16897459056133746,0.0512910960099722,4.393651778887402e-05,0.007209523161824251,3.509111703264989e-05,0.05266011338963152,0.14212638870460673,0.01410540847708413,0.000232844411432977,6.952541843342694e-05,0.025803586101977576,8.810494367653051e-05,0.0003758403010865174,0.0609580819658712,0.001665748205683934,6.887417343153648e-05,0.0015549539416193905,0.001216157914068455,0.025636251139884315,0.00020554322314313597,2.6929179854146786e-05,0.0001070189663825706,0.001486687470548167,0.25825870228718567,5.724073545321875e-05
V_X_1886_ON_0980,0.00010396503284886504,0.0006763301121712296,0.39030145519530113,0.010570970525133961,0.0001802015065014333,0.10601622384839844,0.0005133086030513851,0.00516670900660655,0.0009916031272173785,0.00015022194996304852,0.0013953295210313746,0.1952049083841985,0.0006405505376254755,0.04082575167304223,0.00029763213064288083,0.0009332013341100369,0.0003771694251898118,0.13105307664796878,0.07674716019019374,0.0071309198670554165,0.00029484420873100074,0.0016779987969707776,0.00022764314567924794,0.00021685524916626023,0.0008799122511125209,0.0001152814230687398,0.000458138673615363,0.0013857561079770482,0.025221839029655496,0.00024504249577181927
V_X_1886_ON_0981,3.1503383525485126e-05,0.00020494089531562364,0.34606990797817117,0.00018597161519003888,5.460448590861796e-05,0.017038765277517933,0.00015554227556842753,5.6994341592385464e-05,0.03650727819642772,4.5520109732585124e-05,0.0004228113995730126,0.06367665265801356,0.00019409900330244874,0.0003020451913567348,9.018819986120294e-05,0.11795488939115302,0.00011428951379368632,0.13324581888809406,0.05946265370052704,0.03384175755955299,8.934340646459296e-05,0.03520665233151842,6.898020544760035e-05,6.571126749828094e-05,0.0002666301578134243,3.4932465125824904e-05,0.00013882473700309512,0.0004199104732246628,0.15397852835207132,7.425253965498038e-05
Z_B_1852_KAL_0886,2.0536081797200023e-05,0.00013359463393474477,0.3131167133538183,0.00012122914665373974,3.559497627314514e-05,0.07109570480543288,0.01288586182611004,3.715284931131104e-05,0.06116795125065488,2.967315228631442e-05,0.0641979608064039,0.0011885941095349675,0.00012652713970705796,0.0001968939225570794,0.03349509345764371,0.00018433408238709674,0.01875949440691131,0.03277069356435128,0.1911920685064143,0.01320960956815775,5.8240204634308926e-05,0.017049604264894276,0.10527097705574821,4.2835143826717204e-05,0.00017380795704141793,2.2771394082843373e-05,0.013858384843019591,0.04944475983000322,6.493473131506792e-05,4.840293509333563e-05
Z_B_1852_KAL_0887,2.175559096623744e-05,0.0001415279818161226,0.334836211767673,0.028257564194743238,3.770873878955119e-05,0.0753176330557004,0.00010741430749770196,3.935912414204271e-05,0.03042027732659389,3.1435254796654925e-05,0.17635953990576705,0.03355559268081086,0.004301320202146922,0.00020858621840286434,0.005271381383241148,0.030408056241410516,7.89259957367485e-05,0.0003366845123942183,0.16295661259876065,0.0004503873985570335,6.169872531315814e-05,0.003476595457427509,0.0802677649342752,4.537885450967916e-05,0.00018412932210788209,2.4123644436636676e-05,9.58695180088062e-05,0.02216819846216008,0.010486989319815865,5.127728199833744e-05
Z_B_1852_KAL_0888,1.2408822331739465e-05,8.072387387919563e-05,0.39836704158777586,7.325209147052329e-05,2.150808225433549e-05,0.0447418965032138,6.126632274408549e-05,2.2449419065169747e-05,0.05894681693266023,0.0006121567536285752,0.006108809604920425,0.03637181610079537,0.019685941182692977,0.00249587975794505,0.02558728093822091,0.0030825174420109334,0.02678522797645532,0.014453481752008335,0.1493977624451029,0.035910503431871105,3.519134560370829e-05,0.019809766576441495,0.10995914760812978,2.5882916446734836e-05,0.00010502256857311608,1.3759498341039577e-05,5.4681475573196784e-05,0.047109323284926806,3.92364790910493e-05,2.9247225826194878e-05
Z_E_1843_HIE_0021,1.1073096203539417e-05,0.0006022968729498386,0.16777263066521997,0.0016561541381270642,1.919288209540433e-05,0.05424281702942307,0.0016454585566582454,2.0032890340154464e-05,0.11411202531468992,1.599982280813832e-05,0.0006788759823526139,0.041471095592000885,6.822368571428021e-05,0.0027574774965293397,3.170017000489036e-05,9.939330433236695e-05,4.0171519362974386e-05,0.00017136468514087477,0.17520682782297387,0.388911561583051,3.1403234326689004e-05,0.01873790341956025,2.4245790946337098e-05,2.3096794859395118e-05,0.020773950427220828,1.2278381039678761e-05,0.0011093201436517025,0.009692316802972485,3.5012936445391747e-05,2.6098958998851284e-05
Z_E_1843_HIE_0030,1.1825575116674917e-05,7.692963995670359e-05,0.07101105495634018,0.0012024024094990976,2.0497145942987567e-05,0.002998142397879822,5.8386644788963656e-05,2.1394237453286535e-05,0.10770915965283362,1.7087100391185075e-05,0.0001587127288023618,0.0001181478542125825,7.2859867314506e-05,0.24701873231009971,0.005130524487686434,0.00010614763611475127,4.290139912502237e-05,0.00018300987539790473,0.16616013606354144,0.1095400738725864,3.3537260004848754e-05,0.00019086514259187962,2.5893428254281607e-05,2.466635144711409e-05,0.0012326795908000445,1.3112765808849986e-05,0.14219257780313302,0.14456327701181748,3.739226160231482e-05,2.7872529456511193e-05
Z_E_1843_HIE_0031,1.2535453696860631e-05,0.0012821295703350877,0.008641488160705897,0.0006742905819581416,2.172757107802816e-05,0.007980445829395742,0.008465964937899546,0.0018235513846712786,0.05294516550688344,1.8112823575513033e-05,0.01997784168578503,0.01633309599747544,7.72335792609812e-05,0.20241823870124517,0.09428156684394347,0.00011251958271961092,0.0024466405586391583,0.0007942867495493857,0.1581258500650963,0.06629151603129654,3.555047139462641e-05,0.00020232260449908236,2.74477873365195e-05,2.6147050218284103e-05,0.02231685972096253,1.389991328225858e-05,0.07929364579869026,0.2552907424609598,3.963688525184499e-05,2.954569219418412e-05
Z_E_1843_KEH_0025,2.6796708155762285e-06,0.009256660273217287,5.0751527033788094e-05,0.02272892098437522,0.010912066644346907,0.02955196556909715,0.01400039507238694,4.84792605513461e-06,0.011446270750332336,3.871930437997531e-06,0.11732283138483725,0.0029781923290339114,0.025809354980243948,0.11333455807365131,0.1347464137274598,0.007980054942497835,0.002961141510981994,4.1469968033478476e-05,0.22487451406610348,0.1123377602164053,7.599530338500286e-06,0.0011981534743509851,5.867440976327339e-06,0.015789270631286448,0.05250662770849331,2.9713477359688116e-06,1.180840133969422e-05,0.08652515781230091,0.00360150620127649,6.315904554661753e-06
Z_E_1843_VIE_0018,4.845239059536972e-06,3.152003117622097e-05,0.004500263276351218,2.8602544649053842e-05,0.0011685290046844553,0.002620572199240967,0.3721938838994288,8.765763519738192e-06,0.060605041059006784,7.001019858464048e-06,0.06155196117030009,0.0016725913058071344,0.0004939048627123484,0.12905299995472627,1.3870998596811777e-05,4.349138773432633e-05,0.0009456824368737968,0.0012351146055248421,0.20126305226006727,0.113561099314825,1.3741068871670273e-05,7.820230600761665e-05,1.0609196485171872e-05,1.0106431890936078e-05,0.04528610916934638,5.372633842223254e-06,2.135132683805861e-05,0.003544974886836042,1.5320561127254707e-05,1.1420084611390601e-05
Z_E_1843_VIE_0019,3.0321946313765346e-06,1.9725521927599523e-05,5.7428138901054375e-05,0.05606667446236986,0.010169541244113716,0.026034263269733106,0.008727215690924163,5.4856944637539624e-06,0.012661675550722113,0.00160162617757059,0.04011702148900143,0.011937028808604967,0.012796640997705628,0.31425070007101497,0.00044429283579981303,0.0013340540221465755,0.05664059139228352,0.00019212962498200853,0.11738520625268567,0.07281001681824001,0.028613802969219473,0.011520062003016467,6.639331564505126e-06,0.02323897743474572,0.009318724196762546,3.3622430787342924e-06,0.022229586034904016,0.16179776098979537,9.58774636894328e-06,7.146792722304506e-06
Z_E_1843_VIE_0020,9.84151064816085e-06,0.0038343016569596677,0.004427956887212196,0.02456491064579877,1.705818770457728e-05,0.0034376915736222583,0.03209596280831934,1.7804767516880263e-05,0.034497663419899564,1.422027079333499e-05,0.015684485494702475,0.015650726490063983,6.0635626844753064e-05,0.3361204799331729,0.037259680224659135,8.833845971917182e-05,0.0005069883972960215,0.00015230495089472624,0.08314188588399278,0.06571233928107302,0.02123573025308518,0.0015726969341682668,2.1549095698742977e-05,2.05278946709112e-05,8.32940225331309e-05,0.11076286052156788,0.049528281041516346,0.1594254689329873,3.1118684468808274e-05,2.31961484097833e-05
Z_E_1843_VIE_0024,6.61489709937035e-06,4.3032296288714447e-05,0.01691412321813901,0.00035581981494971383,1.1465532112045222e-05,0.0004099949777215232,0.32598958430089253,1.1967340097770907e-05,0.0789389657553823,9.558047680481981e-06,0.04792113670723997,0.014003994034643866,4.075577891172794e-05,0.11220020619211513,1.8937193243915785e-05,5.937602892990779e-05,2.3997846855742182e-05,0.00010237062316053512,0.2247219089566576,0.09358426297632406,0.0006523009638165017,0.002957699839851608,1.4484062023375179e-05,1.379766946044676e-05,0.022863467041966547,7.334915693983911e-06,2.914961021186007e-05,0.058057186073573706,2.0916188884824205e-05,1.5591116071302946e-05
Z_E_1843_VIE_0026,4.954447393098067e-06,0.015928373725978034,0.0024663932693052455,0.004774364615790177,0.006177240098429777,0.018101269598293744,0.17084868771584175,8.963337760063237e-06,0.042990567163223116,7.158817998571516e-06,0.054872600194232984,0.0036083373115743723,3.0525397379516604e-05,0.2494034206098101,0.007606371464643505,0.007162147737884125,1.797398629310739e-05,7.667388614341643e-05,0.1581109523382115,0.07436365483535401,0.0071317268674334095,0.0041133147129885465,1.0848320428145816e-05,1.0334223868069876e-05,0.028038124764028175,5.4937292890182394e-06,2.1832570961341456e-05,0.1440803508980846,1.5665875967114904e-05,1.1677485411271022e-05
Z_E_1843_VIE_0032,1.0379603155990827e-05,0.03535826932515392,0.02654038061340736,0.060701710378184524,1.7990857833091117e-05,0.008099125001955136,0.010489355466332912,1.8778257496924965e-05,0.0005960518859488794,1.4997775532877892e-05,0.02051846946363825,0.009547703846749822,0.0015551092209780029,0.2605551650074562,0.0005267675953674294,0.014010645832522622,3.7655631405748694e-05,0.0011547378748675036,0.21045976809316846,0.1990359857136186,0.0015205947846900307,0.00016752711110192114,2.2727309832786686e-05,0.08452062018107286,8.784819018832465e-05,1.1509402632045318e-05,4.57393942197113e-05,0.05431710164144962,3.282012356335623e-05,2.4464416475128447e-05
Z_E_1843_VIE_0038,1.3784978373362871e-05,0.0027301863133003903,0.000921207603574382,0.06609412702809403,2.3893359160293723e-05,0.004815165647921177,0.04231622159738632,2.4939091562006786e-05,0.023896069510808915,1.991829632233536e-05,0.019988835511783192,0.021921931897037283,0.002065314700112211,0.46948282718308315,3.946377326782921e-05,0.00012373545081643933,5.000981798268167e-05,0.002193715683935342,0.09401228795881504,0.2069052898003565,3.909411587236857e-05,0.00418325504136954,3.0183762309723387e-05,0.00795028350974755,0.0014369247442776636,1.5285446272721705e-05,6.074572896994833e-05,0.028569223802312912,4.358786041553385e-05,3.249078475913998e-05
Z_E_1843_VIE_0040,6.311026669651559e-06,4.105550932308158e-05,0.0022350604340682064,0.033583564043077684,0.008170851744685438,8.894192397041597e-05,0.011817700423334744,1.1417592955302628e-05,0.02061108540855062,9.118976896415332e-06,0.03393322880670948,6.305268467208112e-05,0.010314329453150316,0.28505302205814165,0.0604618665886068,5.6648455219404595e-05,2.289545086577671e-05,0.0061420479262799844,0.19112793128369077,0.13794251423568876,1.789803373023193e-05,0.003426269125208888,1.381870350229772e-05,1.3163841951858172e-05,0.016373239444941692,6.997969563091846e-06,0.0006322485493740949,0.16298015921370818,0.014828686188972985,1.4874902490167524e-05
Z_E_1843_VIE_0041,4.29600963178688e-06,0.00023367205701333674,8.13641167033278e-05,0.0008482601658550825,7.446228663420412e-06,0.010141067215453261,0.346050596451429,7.772125182686043e-06,0.07142753643567593,6.207423075460591e-06,0.03359082612416081,0.016706642801851267,2.6468623188775803e-05,0.10269794479667844,1.2298659125417913e-05,3.856144522708003e-05,0.00022131023537478204,6.648405508099976e-05,0.230703129161777,0.10089416787615586,1.2183457513318992e-05,0.0008922375733498283,9.40659681096796e-06,8.960822822766684e-06,0.04097562684091412,4.763621866876666e-06,1.8931058843667276e-05,0.04428812854613146,1.3583907286786302e-05,1.0125567156441518e-05
Z_E_1843_WIN_0039,9.892796226723805e-06,0.0005380970347012031,0.0030298091705835274,0.01663932811684565,1.714708046270565e-05,0.007245532456212605,4.884389753229464e-05,0.0009653791906930859,0.023781397026186254,1.4294374743534382e-05,0.13562264713065367,0.0029412826196924128,6.095160813212197e-05,0.2450188531343725,2.832119548556274e-05,8.879880459690711e-05,3.5889569445695514e-05,0.00015309863469022142,0.14705642051300413,0.35598415787657856,2.8055910681484994e-05,0.009160745611289836,2.1661391247661078e-05,2.063486858909457e-05,0.02282328743720306,1.0969607721893101e-05,4.359420102571333e-05,0.0285563108658353,3.128084857086096e-05,2.3317026995821333e-05
Z_E_1844_BIL_0048,1.6418721699468925e-05,0.00010680971846421386,0.034905995788297436,9.692343653613811e-05,2.8458398982791962e-05,0.0002313906712053571,0.01266107684561834,2.970392790643695e-05,0.11337671065263581,2.3723864861182175e-05,0.08985294612418243,0.06935410543490336,0.00010115921405042575,0.3130852255318423,4.700367987137885e-05,0.00014737621462207888,5.9564640687821306e-05,0.015192857040220293,0.0868141511041559,0.02392742594681783,4.65633961265783e-05,0.00026499866834609116,3.5950639876511484e-05,3.424695676579769e-05,0.04416900380098855,1.8205867401936176e-05,7.235174342501628e-05,0.19520903781919477,5.191571072906677e-05,3.869843958467727e-05
Z_E_1844_DEL_0060,8.523877389736512e-06,5.545090299269057e-05,0.001385998010984612,0.00290762585959908,1.4774347728018755e-05,0.022570400896777695,0.00820582076158589,1.5420971504513106e-05,0.0013058598316247508,1.2316386073706103e-05,0.11522307289412026,0.08947806641274228,5.251740989286826e-05,0.46378190957928933,0.022882862072138428,0.00579112619943479,3.092333881285789e-05,0.00013191356222523576,0.12058463962380121,0.13242898013996082,0.011861590363341376,0.00013757564070889845,1.8663989316529317e-05,1.7779512058646384e-05,7.214218027626057e-05,9.451684750398342e-06,3.756183953763354e-05,0.0009299888342313667,2.6952351160803658e-05,2.009052593933574e-05
Z_E_1844_HEN_0066,2.1846631985862416e-05,0.0126962751339654,0.00041376348444847834,0.003267504345890182,0.0010840461140232955,0.0003078867485127444,0.004292582105253854,3.952383098907796e-05,0.06193296486132217,0.0031701055268361237,0.0829413931690338,0.0002182669904368567,0.0011807812911538154,0.0002094590929679628,6.254275545486086e-05,0.00019609772205482815,7.925627879538576e-05,0.0024304525918032597,0.0904059698825536,0.13331707814057628,6.195691709800961e-05,0.001398784880487917,4.783566062051109e-05,4.5568752232539735e-05,0.30671551526330837,0.020947816090782837,0.19677803076442008,0.07561612444193282,6.907866808042046e-05,5.149186297864594e-05
Z_E_1844_SCH_0221,3.896977088697674e-05,0.00025351244349232973,0.08844773195393034,0.00023004739251496694,6.754589720620253e-05,0.049069445280080254,0.03751566809297854,7.050215517049447e-05,0.013434829575357179,5.630849923132395e-05,0.09009884735102894,0.035846440929660904,0.05249266762023765,0.0003736307211307312,0.00011156304790108493,0.02834224326845543,0.26886886194673953,0.00993390266301152,0.13700500913399966,0.15943062082072712,0.00011051803617762703,0.019290604227204553,8.532870127600606e-05,0.007545937391389886,0.00032982222855973664,4.321155412939851e-05,0.00017172657629231942,0.0005194303945596619,0.00012322173367563277,9.185059299392134e-05
Z_E_1844_VIE_0051,5.78960733266495e-06,3.766348809239477e-05,0.0003869016078303682,0.017223649607588074,1.0035065971792827e-05,8.159350960703186e-05,0.004464577979124732,1.0474267239794984e-05,0.030275421620854108,8.365563682335599e-06,0.013385681655688212,0.010593326236347417,0.0066896602495805915,0.33746821421060313,0.038277012763603235,5.1968139082593154e-05,0.008061240837172594,8.959862891232735e-05,0.09715249778596376,0.0902259617896311,0.0219191339237323,0.011737925635519496,1.2676997153181559e-05,0.006388815943523482,0.0006034996799148534,6.419794752424902e-06,0.14585877735037053,0.15894116349144913,1.8306637082912467e-05,1.3645932593484795e-05
Z_E_1844_VIE_0053,1.287553259112908e-05,0.00624952468366949,0.00024385567681476224,0.030288254173260587,0.17636318718548785,0.0026477620324968547,6.357062049413085e-05,2.3293767861126983e-05,0.017386946062549327,0.022831933569232552,0.00017280435768746182,0.04082268480892701,0.005628517098988558,0.09815910541104228,0.01668442486821223,0.00011557216750833824,0.010528510460643164,0.0001992587753183835,0.09705859818715903,0.2875911857376219,0.00805200903124218,0.002057540895475882,2.8192428367729784e-05,0.08388125619906651,0.00010897258968794428,1.4277009098155667e-05,5.673810955233733e-05,0.09019178322677424,0.002507018085117637,3.034724805125776e-05
Z_E_1844_VIE_0058,2.4257515083304515e-05,0.023390416445705383,0.005105946825022514,0.01059787325552526,0.21726697257760477,0.018927953597445712,0.02916053278581144,4.388547978415948e-05,0.00023136459592231135,0.008166464744271256,0.0026488248209937983,0.008373768214585854,0.000149455676608661,0.054829213408987575,0.03027184096186761,0.00021773806844116474,0.0024112638526055208,0.0015370343406468372,0.08876640624284604,0.2502527674348578,6.879416708225774e-05,0.003876408913826944,5.311456062301938e-05,0.1591939934093678,0.0002053044578399267,2.6897898094063774e-05,0.00010689464987353306,0.08396073501756326,7.670183825038861e-05,5.717424286179485e-05
Z_E_1844_VIE_0059,8.966750587645994e-06,0.013798967229965953,0.030227465111483328,0.19285122148869965,1.5541975220316203e-05,0.0022733435661938715,0.027954937120098285,1.6222195484259468e-05,8.552354267625378e-05,1.2956305800111112e-05,0.00012034403741165622,0.0030953496597278187,5.524604525465595e-05,0.06277761902209314,0.15546660667121004,8.048651918561433e-05,3.253001583599045e-05,0.0018563467753750812,0.15733686339159486,0.01950839932871705,2.542965081101863e-05,0.008732620675590793,1.963371004999651e-05,1.8703278204340123e-05,0.15165227335226486,9.942763828574828e-06,3.951343166346875e-05,0.17187745931158976,2.835270846347169e-05,2.1134364918196516e-05
Z_E_1844_VIE_0069,1.0558031716855307e-05,6.868381204427334e-05,0.0007055607076715265,0.0036015072299561447,1.830012619563185e-05,0.0011599898939387199,0.07285813289383179,1.9101061501120933e-05,0.03953728672655828,1.5255591892933565e-05,0.05575739874238864,0.0001054839853239701,0.0005706475181501168,0.3722208059455342,0.020254115781605686,0.0036339508051007343,3.830294325565243e-05,0.0006689909194208528,0.15542835462256813,0.10437160814162173,2.994251453600148e-05,0.035562214704352335,2.3117999257501806e-05,2.202244866302594e-05,0.016268470442184966,1.1707252792324369e-05,0.013192054261601341,0.10277697111032212,0.0010445788187177227,2.488496729566025e-05
Z_E_1847_HEN_0536,2.3129082173599615e-05,0.004580834432905748,0.005976016645695802,0.00013653621574355064,4.008939676609352e-05,0.00032596044603680594,0.0045445670670695975,4.184397555437469e-05,0.17300508615106727,3.3419850210836047e-05,0.10331655362755743,0.02016775106599035,0.00014250316298769651,0.2682592242099635,6.621416661455783e-05,0.00020760913308728364,8.390881423820687e-05,0.00035794034580946,0.034795412512336595,0.13671274199044728,0.03661615794192007,0.0003733040907971213,5.064372970791124e-05,0.004478615142708492,0.014594460952166715,2.5646637472067064e-05,0.10310805694816194,0.08780812395167904,7.313375313452399e-05,5.451455999604598e-05
Z_E_1847_HIE_0534,8.23155630361334e-06,5.3549248681138465e-05,0.006462913582580973,0.1782216909008933,1.4267670639981788e-05,0.008393961813807036,4.0641824961369344e-05,1.489211885528312e-05,0.13765021768916516,1.1894003255469746e-05,0.06712248283447561,0.00205318180933667,5.071635790697929e-05,0.17904039644327585,2.3565381301930892e-05,7.388733609598155e-05,2.9862842095810573e-05,0.0009157662089807813,0.1211795234722711,0.11645595059900408,0.01421412237362179,0.02457253032563711,1.8023919383687664e-05,1.7169774724556904e-05,0.10610631280909087,9.127545086533975e-06,0.01028516870633511,0.025337768200370064,2.6028037001336052e-05,0.0015961546148608972
Z_E_1850_BEC_0866,7.907388331818249e-06,0.0004301051104326043,0.0251416313342293,4.667910603359427e-05,1.3705793677350431e-05,0.019423338876757852,0.5313056035682607,1.430565041760391e-05,0.018629989388585698,1.142560399175368e-05,0.02434066644570768,0.003865648651674423,0.00307803662303999,0.023931689286120904,2.2637350006333534e-05,7.09775694613219e-05,2.8686809691101567e-05,0.00012237291962978995,0.12625261913746627,0.03651551028988695,2.2425305816167518e-05,0.0005062901800996904,0.00039597880867271067,1.649360962972605e-05,0.07693585688773537,0.00038743278362980097,0.00041350987270640253,0.1080248351452275,2.5003023546610975e-05,1.8637479532974142e-05
Z_E_1850_BEC_0868,6.233783984084938e-06,4.0553017737572976e-05,0.001013624646132613,0.006007200261638854,0.0003093249938013805,0.0036700938280508156,0.40034615326583706,1.1277849362264887e-05,0.0361803818809484,9.007366804750485e-06,0.09531155760607396,0.0066297218662296365,3.840766047033743e-05,5.9767690503031095e-05,1.784613882484741e-05,0.00125003528085276,2.2615226077528608e-05,9.647260441280069e-05,0.24729858310058336,0.03296625721812522,1.7678973937895253e-05,0.00010061346338510217,1.3649571944876289e-05,1.3002725455611101e-05,0.08811617199942111,0.0003054323602373966,2.7470173844171917e-05,0.08008646148566627,1.971111588277369e-05,1.4692843773571162e-05
Z_E_1850_BEC_0869,3.7913637594081595e-06,0.0023849280191921337,0.004066099026254965,2.2381279824744022e-05,6.5715312390991715e-06,0.030736861825349196,0.3580525859643084,6.8591451781645365e-06,0.10987920883446438,5.478246304076897e-06,0.14838438806763765,0.005121524212455747,0.00020491814930396582,0.06285568005104587,1.0853953900012374e-05,0.00021559044549384398,0.0001953132506448867,0.008955053314792913,0.16946972902212404,0.01678189491227472,1.0752284850225916e-05,0.0004243102385191298,8.301617851269642e-06,7.90820827154061e-06,0.05776777276131068,0.00018576280225798486,1.6707255471689804e-05,0.02419784985823306,1.198822586830665e-05,8.936131817846532e-06
Z_E_1850_RNN_0871,9.028781182255538e-06,5.8735484637814335e-05,0.0027651923074381484,0.4376070226355636,1.564949220262764e-05,0.02131314514878984,4.457797904664267e-05,1.633441812521786e-05,0.03554007302999197,1.3045935521030444e-05,0.18820009929264112,0.004846224168709186,0.04891291160567751,0.0005189306426021285,0.002187674382707476,8.104331248485192e-05,3.27550534575057e-05,0.0005720926765851658,0.09616468658861502,0.016184432702992566,2.5605569204766955e-05,0.0001457248032995988,1.9769533021416125e-05,1.8832664592064722e-05,0.10124990492448503,1.0011546331926543e-05,3.978677947627905e-05,0.04335687912331104,2.8548848118254024e-05,2.1280569188043943e-05
Z_E_1850_RNN_0873,4.799580303755912e-06,0.00026106268339832654,0.0014699395485362728,0.40086873306417575,0.0004679984203136257,0.009491067796745656,2.3697062304932315e-05,8.683159988547206e-06,0.04624355315290114,6.9350462600495855e-06,0.15704491656023462,0.006483463021535235,0.017727226506107096,4.601696672064515e-05,1.3740286256390791e-05,0.004869714807349116,1.7412151900644758e-05,7.42771987566204e-05,0.11455562308719626,0.04514793867758062,1.3611580914507996e-05,0.002605701840525974,1.0509221498303828e-05,1.0011194669437606e-05,0.13633555104694373,5.322005220293798e-06,0.000250989803101513,0.055915015871340915,1.517618894038371e-05,1.1312468279592856e-05
Z_E_1851_LWF_0878,8.658175191402452e-06,0.0004709425211682624,0.06442976536934654,0.012904268006713866,1.5007124706170765e-05,0.036608401215280396,0.022432118150544064,1.5663936352306776e-05,0.13939421577590747,1.251043667984919e-05,0.03038331386115377,0.012110423665180782,5.33448470291994e-05,0.2131966447356319,2.4786710099371424e-05,7.771671318875939e-05,3.141055093861399e-05,0.01630409245920932,0.07853500479330905,0.24438922267523294,2.4554532840618497e-05,0.08679489736124282,1.8958049474943206e-05,1.8059636851037737e-05,7.327881514036075e-05,9.600600604766025e-06,0.011647456592761087,0.02209015734153321,2.7376998459811354e-05,0.007898148348227404
Z_E_1851_RNN_0879,8.665360819896355e-06,5.63713038387085e-05,0.01551771364707484,0.0012960397811452458,1.501957948105304e-05,0.029169466260696407,0.011246759381586362,1.5676936231021586e-05,0.10506805109592747,1.252081939309888e-05,0.5582402749753408,8.657454514875268e-05,0.013747137227596937,0.0975991659495632,2.4807281188131212e-05,7.778121216416661e-05,0.000861360747094044,0.018392433938376144,0.04415833158573686,0.040015749689600734,2.4574911239869323e-05,0.0009697833153626234,1.8973783217618134e-05,1.8074624979399383e-05,0.011277315356045179,9.608568374849112e-06,3.81853090759562e-05,0.04659125226564694,0.005421906549870084,2.042399818367317e-05
Z_E_1852_BEC_0652,1.59545824951474e-05,0.00010379032519784345,0.0010661955578243711,9.418351758645238e-05,0.00766789719526887,0.0017528981682103637,0.015359259442041593,0.006905083186067202,0.05134180245357628,2.3053217294236896e-05,0.07508851290768694,0.012383789509072533,0.025311102391282838,0.5433742653395424,0.032898721058417464,0.00014321005112636516,5.788081380771546e-05,0.000246909442090924,0.11721305665581912,0.02859919423061594,0.07109950964063672,0.00025750744745059375,3.493435482749494e-05,3.327883296452605e-05,0.0039551538947709295,1.7691207554197164e-05,7.030643921441817e-05,0.0025047325644326325,0.0023425210958638336,3.7604477260076946e-05
Z_E_1852_BEC_0653,2.6009922600043808e-05,0.0001692039466310299,0.0017381629349409197,0.010117934155910656,4.508272741400609e-05,0.00036656041551750006,0.091053493437605,4.705584758091712e-05,0.022667960093489176,3.758245618069076e-05,0.05017104130769001,0.0002598619105718888,0.09606752260743912,0.3751596126868959,0.042423126130775854,0.006461212670836132,9.436006787542812e-05,0.012858013175888685,0.07649582032421705,0.004275108071133427,0.003810410866526286,0.005401996786033095,5.695165419853348e-05,5.4252743366388676e-05,0.00022013602957772572,2.884105173707508e-05,0.00011461691603700012,0.19465232568282137,8.224292015577361e-05,0.005043500458353274
Z_E_1852_COR_0660,4.2980171365351385e-05,0.0002796015479831988,0.23133364895292036,0.010544776498217397,7.449708250451092e-05,0.0026639347727845744,0.0002122068460703469,7.775757059601042e-05,0.000409938526121348,6.210323774566625e-05,0.0026350539651240497,0.0024876205215848633,0.11552462370612877,0.13831221561645984,0.10715001400795739,0.00244400560855293,0.039261933814771395,0.0006651512276187065,0.05848477648390097,0.11820780648748606,0.00012189150784727702,0.0006937012750190731,0.008326953766660206,8.965010172402006e-05,0.010654819217318605,4.7658478845852635e-05,0.00018939905236896245,0.14876407441665024,0.00013590254981674218,0.00010130298785531677
Z_E_1852_CUR_0664,5.615651395269204e-05,0.00036531841851078733,0.01719872896019557,0.0003315046332967904,9.733549960836026e-05,0.0034806117678147933,0.0002772626616796827,0.00010159554881678393,0.05969784653027308,0.01621629682523873,0.2105106960121024,0.014007015037097672,0.07833257332455561,0.0005384121673485171,0.07007976923896911,0.0005040669184975226,0.00020372734474090754,0.00624745017773358,0.12213060564293053,0.21091957173002052,0.1561324218861019,0.0009063678457320723,0.0001229610104115977,0.00011713394871160803,0.00047528292208185813,6.226904051919947e-05,0.00024746272965208625,0.03032963051274291,0.00017756591452640694,0.0001323592361367957
Z_E_1852_KRN_0741,3.926285444668029e-05,0.000255419057970084,0.0007436173903494517,0.0039921737695388345,6.80538958817395e-05,0.021235514607538808,0.030277023170678766,7.103238724868832e-05,0.021056662617202536,5.6731983768714335e-05,0.0005269523645421429,0.01355365714296957,0.2897924170944282,0.0003764407202472565,0.0960025061677191,0.0003524276109629512,0.0001424397014762961,0.0006076228876108502,0.02710370634537142,0.40129502468714123,0.05087669843677972,0.000633703666721705,8.597044073060496e-05,8.189634390238558e-05,0.011613491468069826,4.353653926059924e-05,0.00017301809623533954,0.028726308710200474,0.00012414845876322023,9.254138224268586e-05
Z_E_1852_RNN_0889,4.255736118872567e-06,2.7685101497850953e-05,0.00028439772376335956,0.21686445576434382,7.376423003763534e-06,0.0033207183631284087,2.1011929706302676e-05,7.699264362821827e-06,0.05465801661136985,6.149230763333446e-06,0.2541911849677181,0.0002463148974853038,0.03365262084315358,0.011249602866220005,1.2183363711866844e-05,0.0004457926773954919,1.543916739821633e-05,0.0002696571572551668,0.05755522114525734,0.001718473792412714,1.2069242072582297e-05,6.868771058894743e-05,9.318413419724334e-06,0.0038810077682061594,0.3342620584724788,4.718964660953512e-06,1.8753587118003352e-05,0.027161641608562832,1.3456563143632307e-05,1.0030643682196403e-05
Z_E_1852_RNN_0890,5.96661103825236e-06,0.0003245407702046968,0.0029702625010830787,0.3523351448008088,1.0341864647551006e-05,0.023799330190468204,2.9459066121285107e-05,1.0794493467279594e-05,0.04148715096521397,8.621321229612865e-06,0.25951911334297273,5.961167081815798e-05,0.01689458428469897,0.00034293192378196,1.7081273456758862e-05,5.3556943411032265e-05,2.1645963012393706e-05,9.233789747093151e-05,0.044977627076941,0.0006949732648961368,1.6921273068191766e-05,9.63012839012374e-05,1.3064566696831651e-05,0.013441558468076794,0.1749146937842111,6.616064964720416e-06,0.011741051003731504,0.05608178788483156,1.8866319702878312e-05,1.4063125072431555e-05
Z_K_1840_AHR_0219,2.1053697834528366e-05,0.0011451698907586469,0.15263815032943565,0.00012428475147257918,3.6492154749022355e-05,0.0002967118489768828,0.00010394883672299733,0.003062713226583884,0.0012090150376534838,3.0421070007579858e-05,0.0002825646788194369,0.1211953021755249,0.03944982740134636,0.00020185667314282768,0.16238175710223146,0.004221812169424576,0.0151994992950242,0.0013340301534654855,0.09922313689018737,0.29684900207019105,5.970816060729852e-05,0.06889794978972565,0.003070723374309424,4.3914812169730815e-05,0.00017818882126217594,2.334535161213265e-05,0.005133816399957757,0.006329873855564641,0.017206107040512585,4.9622940725641266e-05
Z_K_1844_ON_0063,1.3438991890551767e-05,8.74254991677651e-05,0.0652539964061831,7.93334159294326e-05,2.3293664400207145e-05,0.48929431313907307,0.003927707199935527,2.4313150168386893e-05,0.020722070323662425,1.941837088890336e-05,0.025922730630249868,0.10052948692062445,0.002657036869512179,0.007207999209726668,0.005830505180849264,0.0014077480391271337,4.8754631317805495e-05,0.021445429045725776,0.16952334299983335,0.07493107157318886,3.811290028515899e-05,0.00086046483859244,2.9426185948216195e-05,2.803169349453795e-05,0.0001137414502074811,1.490179983883855e-05,0.001346339284020281,0.008545397424056323,4.2493857210742975e-05,3.167530489126369e-05
Z_K_1844_VIE_0052,1.100888264407452e-05,7.16167602656426e-05,0.1578375218999337,0.0032281120686628974,1.9081581402889617e-05,0.1994319700024322,0.0016359164422457269,1.9916718388654567e-05,0.013811872363664752,1.5907038860953814e-05,0.09240553915723189,0.05177434931072793,0.0005950154088302133,0.049661161438420066,3.151633878783602e-05,0.009588189332166663,0.0005671259187005359,0.0006975582873177132,0.25274170886212693,0.04345727071159229,3.1221125057722083e-05,0.08505484808573296,2.410518812756917e-05,2.2962855138932994e-05,0.002201923548233318,1.2207177960022319e-05,4.85124157068792e-05,0.03494110357579944,3.480989429393296e-05,2.5947609545650568e-05
Z_K_1847_KCH_0520,1.5930240312835107e-05,0.00010363197050451403,0.32680520952000014,9.403982016556408e-05,2.7611719292926565e-05,0.19627917777435425,0.0008415113323223713,2.882019187888271e-05,0.05812919716745738,2.3018044602100837e-05,0.0101309643877966,0.14128800605953212,0.0023867255068019556,0.00015273446675201076,4.560525049662394e-05,0.08558315959902177,5.779250404953033e-05,0.01245227102036492,0.01481116447124348,0.023978408085993073,4.517806584797163e-05,0.007885700996560358,0.001560598341413191,3.322805887379637e-05,0.00013482623176589697,1.7664215773012053e-05,7.019917146475403e-05,0.00021233512085880565,0.11676774356104007,3.7547103459070146e-05
Z_K_1848_GOT_0245,3.112770528841923e-05,0.00020249697261149265,0.2644304398944171,0.00018375390138534954,5.3953326740732266e-05,0.24937331828077283,0.00015368743201400447,5.6314683365997256e-05,0.09122511049283359,4.497728186263428e-05,0.015324034784401017,0.05695480162336329,0.0001917843702942856,0.00029844329872474705,8.911270446558634e-05,0.009223164885378178,0.0001129266099321885,0.09588182385620374,0.0006191256994768984,0.1184039070543916,8.827798524064957e-05,0.000502402111509539,6.815761564691961e-05,6.492765982296094e-05,0.0017540771314914422,3.4515895048384825e-05,0.00013716925030223746,0.0004149030356527927,0.09400789738015745,7.336707720385407e-05
Z_K_1849_DEI_0247,3.193700991733433e-05,0.00020776179170937668,0.11224976162564407,0.00018853141009003713,5.5356086008466926e-05,0.45161780487770053,0.00015768322768806858,5.777883671433115e-05,0.009480902959968215,4.614666849329579e-05,0.10748537672167027,0.07984694683545325,0.00019677066713803262,0.0018355847533180138,9.142958981100155e-05,0.001816052120753044,0.00011586264480205768,0.10755099536635593,0.0021646047346574777,0.06948335818450807,9.057316830745715e-05,0.000515464312871766,6.992967925802654e-05,6.661574621264083e-05,0.00027030017228019696,3.541329090121045e-05,0.0001407355815876893,0.00042569030519911733,0.05362935704679446,7.527458418648862e-05
Z_L_1843_NOD_0042,2.8611417893073005e-05,0.054991245445556246,0.04712623505585779,0.00016889968641455724,4.9591872057299175e-05,0.057948597269806515,0.019323054957875993,5.1762342401130435e-05,0.0002728914778311848,4.134142864508319e-05,0.06478001136913547,0.00302610901896216,0.1262280520051573,0.08111186667597893,0.05625715482951623,0.04136065754295801,0.00010379789959075312,0.0031830396016368076,0.24445185144726558,0.0005923177216324518,0.0014512697550968802,0.0210137083432461,6.264792106583519e-05,5.9679066953424015e-05,0.00024215388997580418,3.172571469796702e-05,0.00012608082433679938,0.16753697267840412,0.008311236477530548,6.743626251992891e-05
Z_L_1843_VIE_0022,0.054182569539882604,0.3071135022355529,0.0017826626942421958,0.0005556367610826685,0.00016314457268032484,0.05992231805200963,0.0004647214905347454,0.0001702848648707575,0.005405113593281273,0.00013600272444854258,0.10493277506056578,0.04601408807516904,0.027624142015013137,0.014424546954158339,0.0002694598270147159,0.0008448693678200747,0.013863579860070306,0.0014566451349430573,0.042438452036042906,0.010963314662272197,0.0002669357952360128,0.11871079966215349,0.000206095633973795,0.00019632886342397753,0.0007966243512109212,0.00010436948541481646,0.0004147736585915541,0.005761958110650506,0.1805924368652657,0.00022184805242400003
Z_L_1843_VIE_0023,0.005091208754193957,3.290179932502221e-05,0.04369137000299026,0.06614982085469251,0.0036417314398444643,0.003946440622839985,0.029815284851082948,9.15003512035246e-06,4.823905739910439e-05,7.307929017134188e-06,0.004427437449980303,0.007316460447678448,0.015531812214660663,0.25750461646761336,0.10270629197244248,0.006100339751915473,0.05209084783229218,7.827092650151529e-05,0.05871243243060173,0.014878762058624826,1.4343446806869845e-05,0.0003238281933201092,0.0009798649678286289,0.06588831624150382,0.02305158440426194,5.608158175205394e-06,0.013585356949889675,0.22434245784315027,1.599218049428672e-05,1.192071575240734e-05
Z_L_1843_VIE_0033,0.02757654592502126,0.15174318280571442,0.15263589281147835,0.00042382390004785155,0.00012444203463119678,0.04570703797067877,0.1413163233021298,0.0001298884462000313,0.028189523544486932,0.00010373900564210269,0.018154044021754395,0.0007172978816864883,0.00044234598108416553,0.0006883522028923462,0.000205536283396852,0.08659678801736265,0.02088902544953915,0.0011110874321460591,0.015180373668488399,0.06337200551404826,0.00020361102382581456,0.1283682499056213,0.0001572038811892298,0.06547353681433979,0.0006076423718715566,7.961007163799521e-05,0.0003163775364301968,0.0009569637508990564,0.04836032906830997,0.0001692193774457101
Z_M_1849_VER_0539,0.04474308740610578,0.001154481550833434,0.2402737960749226,0.0011417013078358408,3.6788881499491064e-05,0.18630141631209926,0.00010479407046564563,0.17994225503578962,0.00020243987217406943,3.066843126402559e-05,0.00028486228222268813,0.10185265187603663,0.00013077103671689603,0.00020349801975812174,6.076282822072242e-05,0.013403794466383732,7.700069526571234e-05,0.04098471016726141,0.001438566069580335,0.04414485731319908,0.09560235449088957,0.04608083886358127,4.647428799658021e-05,4.427189438650282e-05,0.0001796377187105896,2.3535178449436716e-05,9.353090160672738e-05,0.00028290783042459237,6.711273290982998e-05,0.001066432403409743
Z_M_1850_DEI_0250,0.01750057336255487,0.02699371700315936,0.5517642123552299,8.290829385762423e-05,2.4343310451060096e-05,0.00019793154731006452,6.934254282263977e-05,2.5408735715580368e-05,0.0848763638085107,2.0293390635360858e-05,0.06071878617159627,0.14406790069947362,0.01219258997065679,0.00013465523465877726,0.030305352924377672,0.0021437419919578364,5.095158519093982e-05,0.0042527033608602965,0.002297020973558998,0.017777281560609825,3.983032243839108e-05,0.020403443812152238,0.008101457767791304,0.0033920888401000704,0.0001188668036931915,0.0027058084949061895,6.188967105758891e-05,0.0001872009385541387,0.00946023188638999,3.310263972864472e-05
Z_M_1852_KRN_0740,2.0101187488199756e-05,0.0001307654892816924,0.029258546176012912,0.27253295700075436,3.4841178505729696e-05,0.0012458827087703437,0.01742595027277041,3.6366060337241175e-05,0.009817668981744175,0.004842018173735066,0.05417508311901691,0.0050138018832138745,0.034777256232223594,0.14458192665135428,5.754587957724311e-05,0.0001804304242220876,7.292406997628054e-05,0.0012736760278635548,0.07933257376546866,0.03699473563104122,0.02315927922582444,0.0003244337783446529,0.0010066084958108882,4.1928020429984956e-05,0.1474471136266016,2.2289162380007965e-05,8.85791224374927e-05,0.1359937801495748,6.355960311952116e-05,4.737790211874595e-05
Z_M_1852_OST_0762,1.3534806819621019e-05,0.03832874736233489,0.0034970791423213714,0.002672488765546089,0.04733822235512982,0.0014870422393322323,6.682566811910424e-05,2.4486493732979108e-05,0.07401790036077795,1.9556816528614532e-05,0.19073699790009124,0.01309817323799235,8.339080503700185e-05,0.22503692703666525,3.8747579654206545e-05,0.009195553947288637,4.910223339834528e-05,0.005394641016089797,0.007398827176419506,0.13768745534870575,0.10827900595720552,0.0034591893598006677,2.9635983523984446e-05,0.0006763789819585168,0.00011455238372635059,1.5008044035292478e-05,0.044781816191042566,0.08573586741345601,0.0006909442554319076,3.190113783439814e-05
Z_Q_1844_VIE_0064,1.0177257791320897e-05,6.620674004504704e-05,0.03333343307387924,6.007866006285461e-05,1.764013472410014e-05,0.08494458412568168,0.002487063174741845,1.84121844107022e-05,0.1151147277192878,1.4705401121849822e-05,0.03522672354028786,0.41582228451966236,6.2704235944988e-05,0.008870109837800452,2.9135554883497218e-05,9.135216224332786e-05,3.692155300658804e-05,0.03524763400950873,0.14299977148469575,0.10450636448618993,0.002953040401403222,0.0035758019700912434,2.228425187315483e-05,2.1228212156432265e-05,8.613563202862369e-05,1.1285032370705406e-05,4.484772675766317e-05,0.011832364312302737,3.218031106078416e-05,0.0024608022939856472
Z_R_1804_ON_0072,6.590409814131727e-05,0.00042872997648408314,0.2190107695737884,0.0003890468326701703,0.00011423088556080162,0.0009287929829882182,0.0003253896009580326,0.00011923038929344624,0.0006285835537451537,9.522665325116453e-05,0.016664405490159875,0.21526504155719436,0.035121822910394555,0.0037878485820213308,0.00018867090800050583,0.08895898659062614,0.025486925622983048,0.0010199166357707822,0.1023021653481869,0.21912693752180523,0.0001869036264996384,0.06733926238127041,0.00014430444355125426,0.00013746592707077708,0.0005577819942342282,7.307763015703105e-05,0.0002904170304276436,0.0008784396449218863,0.00020838760517363075,0.0001553340026700679
Z_R_1804_XYZ_0073,0.0002460827321017262,0.02516940792142902,0.06358205190419562,0.0014526821578486598,0.0004265326315356787,0.0034680683183093545,0.0012149891169065722,0.0004452005379691128,0.002347100751278529,0.00035557174230200177,0.21541966873673607,0.20279126396897884,0.001516167715516933,0.002359368981656373,0.0007044880943415928,0.013993140518501744,0.0008927509574384727,0.03916114587458159,0.11095302974437887,0.02866299121341595,0.0006978891502335382,0.25144156633423587,0.0005388258503646704,0.0005132911587976906,0.002082731134018135,0.0002728683555611472,0.012868678627704386,0.015064326783029422,0.0007781092931019645,0.0005800096935304653
Z_R_1805_MG_0075,0.00010941225395393076,0.011190714715533474,0.002072209366946641,0.000645885340313835,0.005429117348708176,0.006781431963102407,0.00577967750574253,0.00019794316287323713,0.00104355791753885,0.00015809279032023287,0.027665808605270552,0.09540366041115489,0.005913586248689287,0.13727534256422952,0.005552700720140477,0.01670051886966212,0.00039693112002875,0.006932713059735838,0.03361303979476863,0.14373087257436884,0.0003102924950682031,0.36852911326124704,0.00023957044963509032,0.057862433861877005,0.006165489257472673,0.0053607957942334705,0.0371584623463321,0.001458362442154999,0.016064382324705015,0.000257881434192073
Z_R_1826_CH_0206,0.00012822328697457825,0.006974425523319562,0.12523421425633194,0.0007569311329479169,0.00022224808522856016,0.007947350185012967,0.000633079358626838,0.11689742245953744,0.02578412157603575,0.00018527337194221822,0.0017209030064886854,0.013561636358073881,0.0007900107676305936,0.001229367227151821,0.031068512406982256,0.001150946036275473,0.018886034807613562,0.0019843540412033244,0.10079493043931588,0.008794783779228613,0.00036364047173309083,0.4564507436318161,0.06782391303557032,0.0002674542784612087,0.0010852229638676986,0.00014218014064853112,0.0005650365801983838,0.007849382521406333,0.00040543978984171705,0.00030221848053462976
Z_R_1826_K_0207,9.810396377148389e-05,0.010034099758990165,0.10521291463345428,0.000579129939625968,0.00017004257663326872,0.0060805378884444435,0.0004843706313309151,0.11762621001372313,0.0009357011160631381,0.00014175312923029064,0.0013166672777330662,0.03856373661132397,0.010000337271846065,0.005638541009478106,0.00028085300376199995,0.2075903481732305,0.0003559063524591253,0.02970592839422772,0.0019512741022407942,0.189948922869977,0.014372069281110959,0.18950136135127973,0.0002148096749895594,0.00020462995032945015,0.01022620487583509,0.00010878238810063743,0.000432310928079199,0.0013076335695552754,0.05668559113320692,0.00023122812996769024
Z_R_1826_SJB_0205,5.7708403998521374e-05,0.00037541402411982866,0.2111196134768802,0.00034066579207158517,0.011154059441691958,0.01739434135453318,0.0002849248389491501,0.15486088009212953,0.0005504142335514336,8.338446822323017e-05,0.07262573415079798,0.15256952593137493,0.025227130323510275,0.0033167997502642735,0.00016520819324944373,0.1359299141746806,0.0002093573672639046,0.0008930819618480352,0.07852605054564762,0.05093784104947988,0.0001636606871351429,0.011985449465604592,0.06092354641834788,0.00012037095536033563,0.0004884174061125599,6.398985075728684e-05,0.0002543013832619658,0.006296215783741653,0.00018247296369730553,0.0028995255117157366
Z_R_1831_SCH_0122,1.3614223033032634e-05,8.856544107902543e-05,0.15281425683514777,8.036784509074475e-05,2.3597390710830478e-05,0.03344134073323679,6.721777135274825e-05,2.4630169563592466e-05,0.013820810388213185,1.967156721074741e-05,0.02365293546703853,0.0470764520930227,8.388010511033457e-05,0.04511511183245162,0.005254578719772673,0.011857311252320545,4.9390343417093157e-05,0.0002106905783720691,0.15347914622092426,0.056349584325043715,3.8609854752772226e-05,0.4344187492082622,2.9809874265357417e-05,0.001984248618983527,0.0007671749993775185,1.509610454800477e-05,5.999326804161526e-05,0.00018146478875077606,0.01894961166141465,3.2088319491594546e-05
Z_R_1832_COM_0196,0.011526593869183588,0.0001952218990074498,0.07098494161906356,0.00017715220684953414,5.201495493121947e-05,0.1570638888325638,0.003022312051197785,5.429147550667765e-05,0.008908663450204607,4.336139086021306e-05,0.055011536537720916,0.16700029506120156,0.00018489416649517578,0.0002877211781080526,0.013019568711800414,0.13679130822029328,0.00010886951520866431,0.019146368122238258,0.14143004240152698,0.03942223128425015,8.510643738015635e-05,0.09245702826651256,0.0015027819892595047,0.035989421526186345,0.0002539856462558575,3.327584847510501e-05,0.00013224119444396672,0.00039999688627195216,0.044644154026053054,7.073123094952225e-05
Z_R_1833_KAN_0163,1.657510799717042e-05,0.027888717077339056,0.02809481365888576,9.784662030633886e-05,2.8729461720616116e-05,0.03277692293561967,8.183660696593789e-05,0.02146095914718828,0.00015809093186026343,2.3949831745859375e-05,0.00022245688640676068,0.02635901042849196,0.00962699931776076,0.004921355556107247,4.74513841207096e-05,0.016817313960570096,6.0131986538588096e-05,0.0026377316954356977,0.11462819547329145,0.13131019319088488,4.7006906727581985e-05,0.5408042683611645,3.6293065284116105e-05,3.457315480205039e-05,0.018396297530243827,0.0008121189905987173,0.007216698315862686,0.001808410029701755,0.0008461499160228907,0.012738902470354837
Z_R_1834_POL_0134,0.0007535379053211898,0.00042352970488480115,0.22387289346311087,4.596548035155792e-05,1.3496260822247988e-05,0.052685209937896695,0.003394325764069733,1.4086947010368797e-05,0.0026843964111978903,1.1250930457187176e-05,0.0034603850584166524,0.20292217595684076,0.001539477086522581,0.00044753038696291567,0.001140918378949506,0.11267835453280216,2.8248248504507158e-05,0.005713637627068639,0.07211988293618082,0.16907389036382198,0.015682861961908153,0.06500604654352918,1.704942055220658e-05,1.6241456912559965e-05,0.0015574041736973803,8.634046317938264e-06,3.431247136561814e-05,0.0001037867342642484,0.06453211725872075,1.835255153898931e-05
Z_R_1834_POL_0135,7.144476529423466e-06,4.647740187389784e-05,0.1842016765230331,0.00927970674211179,1.2383446611687338e-05,0.08871256192092455,3.5274564595030594e-05,1.2925428644429112e-05,0.007937151087068026,1.0323251638610366e-05,0.049362720517119894,0.23990506200345396,4.401862969280784e-05,6.849914323417681e-05,2.0453278506356715e-05,0.12083629777337634,0.004473619325662637,0.01858562882720288,0.11886148609187466,0.04530917001189353,2.0261692526729814e-05,0.06990999283146047,1.5643635815070765e-05,1.4902291621480862e-05,0.00040259835348034623,7.922138807866878e-06,0.004479183532003266,0.0004373599407553231,0.03697271581941664,1.6839319065075673e-05
Z_R_1836_KRG_0159,8.986043391524762e-06,5.845745986345665e-05,0.04363238313943854,0.02329025837643042,1.557541523594766e-05,0.10125154407705751,0.018548072601808557,1.6257099057510638e-05,0.0013766637615363407,1.2984182505764026e-05,0.029382276992998436,0.034945596032496966,5.536491229637385e-05,0.04785153520260917,0.017668793496045204,0.040530620844456286,0.031015548973924185,0.00013906593676650864,0.13185626425329647,0.06559447819180425,0.0008861218363844927,0.3723707413502454,1.9675953816420557e-05,0.004321930876547233,7.60537408834923e-05,9.964156616372662e-06,3.959844851324159e-05,0.03497559309451811,2.841371197176279e-05,2.1179837484148205e-05
Z_R_1836_POL_0133,3.5844151004083415e-06,0.017874763130385125,0.17686585392871174,2.1159614972634582e-05,6.212829288084246e-06,0.030260653572749766,1.7697403228079504e-05,6.484744042693482e-06,0.08070898811144435,5.179220465818528e-06,0.12294844130880399,0.07435961700416403,2.2084338904380976e-05,0.014967786835711807,0.0008685040576201263,0.03110055471015896,0.0005279492512515997,0.0009137141404951052,0.14305450374396303,0.0407549023493036,0.014085343337465096,0.24276884808457466,7.848480460380674e-06,7.476544838343137e-06,0.0010602279119350316,0.00017562308334445612,0.0017322804196523267,0.004853935209161994,1.1333857829609074e-05,8.448359972752557e-06
Z_R_1836_POL_0136,1.2453222571039941e-05,0.0030627783015368566,0.35864408103584905,0.0030552797842037832,2.1585040725772717e-05,0.0973810626697788,0.0018505448937522473,2.2529745751458153e-05,0.0722775042284064,1.79940055486251e-05,0.007323373886058956,0.13430387006453356,7.672693591743932e-05,0.00011939784155041312,3.56512095040337e-05,0.01263519693710526,4.517840922253122e-05,0.04849732572924894,0.08671889490673602,0.0050286333601633326,3.5317264415690455e-05,0.1683725745578996,2.72677330274733e-05,2.597552859423007e-05,0.00010539835179024458,1.3808731459434223e-05,5.487713238379863e-05,0.00016598974452211346,3.9376871870829436e-05,2.9351875872012407e-05
Z_R_1836_ROS_0125,3.368879315955994e-05,0.009898780883430554,0.07646176201215339,0.00019887258372162478,5.839243362134095e-05,0.0037013205351234656,0.00016633234157064521,6.0948075104945754e-05,0.019680564950426485,0.027474276676303082,0.00045214209369594775,0.030988720397873926,0.04699240879891746,0.0003229982572578304,9.644461230963384e-05,0.00030239423640408754,0.0323876282117189,0.0053611715539421175,0.018416041077763012,0.05716189841423356,0.02106805795041981,0.6184263465817949,7.376540591420085e-05,7.026969967245798e-05,0.0002851264604454563,3.735575231864984e-05,0.02918732442266639,0.00044903992825261955,0.00010652337450482817,7.940348527913037e-05
Z_R_1839_BEN_0522,4.580597278150828e-06,2.9798440745424137e-05,0.1268728686615639,2.7040304215694155e-05,7.939501461025654e-06,0.03647717596142873,2.2615873102321117e-05,8.286986880532515e-06,0.05904968357486502,6.618631632806355e-06,6.147684881176457e-05,0.5552285601512017,0.0009056345856559768,4.3917421767981346e-05,1.3113379471489245e-05,0.010350713489192646,1.6617714582341182e-05,0.10141203869819562,0.05821968939521908,0.05054605026468029,1.2990546369134346e-05,0.00029328411905449835,1.00297335066868e-05,9.554429377497525e-06,0.0002581212093769583,5.07918632120923e-06,2.0185140175243755e-05,6.105505363142727e-05,1.4483768445050198e-05,1.0796331789702642e-05
Z_R_1841_JAC_0172,0.042735640679077216,0.11744245280581783,0.04291152895017418,0.059686243165548006,0.0014255381635313491,0.11188267092580075,4.840817191822452e-05,1.773789071869692e-05,9.351429991946322e-05,0.00048368154058038375,0.0001315881926294132,0.004323588135928215,0.011798274942170298,9.400309656545714e-05,0.00894884752145579,8.800665008802302e-05,0.06248102221819707,0.0024993062895815425,0.102079697189145,0.17016729027917954,2.7805630103406557e-05,0.1504029441456058,0.026314290391255817,0.018801038101267077,8.298116040058433e-05,1.0871750275984532e-05,0.0005127199895883493,0.01891127267242428,0.038061691105388776,0.007535343945663603
Z_R_1842_CAD_0197,5.36839439398551e-06,0.003119868192853932,0.37055213490453626,3.169084919462667e-05,9.304981980781424e-06,0.021927349981296525,2.650547930871617e-05,9.712229914794388e-06,0.019589186984783104,7.756941463266275e-06,7.204998616560426e-05,0.0782055710904802,3.307581232866938e-05,5.147058920506241e-05,1.5368692894426835e-05,0.23373275945844868,1.9475723445547177e-05,0.0008543162463274597,0.09599714561188108,0.10885544314136922,1.5224734258022963e-05,0.06435633036479384,1.1754703996200802e-05,0.00026827639162842513,0.00030251435986256887,5.95273361027607e-06,2.3656695137874155e-05,0.0018711068090974477,1.6974769140931985e-05,1.265314620255048e-05
Z_R_1842_JAC_0171,0.017869807743183856,0.1494355738451756,0.0023786987292194026,6.671122655249056e-05,1.9587571073734512e-05,0.04832311543394053,0.003843963835445837,2.0444853534741552e-05,0.003895953567208734,1.632884862542921e-05,0.003939837880867961,0.00011290496238038064,6.962666087343759e-05,0.01850802263360147,3.235206312078248e-05,0.021748112336168232,0.002205665127598572,0.0007160555638663732,0.12956365503862122,0.12470233262329808,3.204902115594441e-05,0.19554363791421203,0.021130252586817548,0.1006806108593352,0.10832902020722972,1.2530877858239423e-05,0.027649309547370007,0.011515133544443341,3.573295442108077e-05,0.0076029719428000265
Z_R_1842_OLA_0144,3.1080123721304593e-06,0.013713020173646768,0.14532162708183488,0.0035903824572906377,5.3870854106993755e-06,0.14902743447561034,1.5345250660613088e-05,0.00015445765826934316,0.012531766807642888,4.490852994096991e-06,0.06984523340987706,0.013277348801570417,0.010884089386061392,0.0018158162878779485,8.897648748174482e-06,0.25929811623332255,1.1275399119849998e-05,0.012401387129808311,0.1291015879280074,0.11273228472325633,8.814304420209395e-06,0.023119557127799856,6.805343044813195e-06,0.0019413352171571419,0.0024076615585579128,3.4463134320873778e-06,1.3695957445787804e-05,0.02177130741189334,0.01697699446998066,7.3254928862830075e-06
Z_R_1843_BEC_0029,1.049436067761471e-05,6.826960892297725e-05,0.3102710029118251,6.195059029211957e-05,0.0005207379754961351,0.08256580444684253,0.0005543622231847789,0.023136203514875244,0.04834472178832359,1.5163591848218524e-05,0.04436508875917274,0.121721514590775,6.465797383870241e-05,0.021207641654100447,3.0043360182013653e-05,0.060902531879362815,3.8071954348963735e-05,0.005690438613638688,0.0997132768747653,0.059517944514848445,2.9761943851132222e-05,0.09716118376313279,0.013089232035205595,2.188964055725382e-05,8.881944510372449e-05,1.1636651285156165e-05,4.624509173457268e-05,0.009185747731477902,0.001540827613783899,2.4734896546521143e-05
Z_R_1843_BEC_0037,5.657842061661777e-06,3.6806307383882914e-05,0.34636802792485866,3.33995243985837e-05,9.806678602610164e-06,0.09490861368156166,2.7934574975596517e-05,0.02900077832802756,5.396366189583795e-05,8.175172399756186e-06,0.04125876135385019,0.08729909377900379,3.485916057628644e-05,5.424572845638486e-05,0.004080292061685178,0.11872235166553337,2.0525795834777237e-05,0.007131990334163177,0.10632087609768436,0.1393801090570613,1.604560610509009e-05,9.131774321391723e-05,1.2388482255811732e-05,1.1801398185567027e-05,4.788537461583911e-05,6.273687089722905e-06,2.4932192936668077e-05,0.024189042475194104,0.0008307089446270082,1.3335365761753928e-05
Z_R_1843_BEC_0047,9.216062361092116e-06,5.9953816390512735e-05,0.36030289410719485,5.4404505522332826e-05,1.5974104715517205e-05,0.07162595173616017,4.550264609720929e-05,1.6673237841893747e-05,0.024361258152067664,1.3316543273514953e-05,0.009833032770458655,0.09630283586127762,5.6782107776267694e-05,0.007149701033907917,0.0009090513517867556,0.09452814866036459,3.343448126736701e-05,0.0027906282075721546,0.07476871135492197,0.24645502943144146,2.613669750311081e-05,0.0027967500774692586,2.0179606249968397e-05,1.9223304652360734e-05,0.0005193342740881385,1.0219212700306935e-05,4.061206417551097e-05,0.007184181577466794,2.9141027928804866e-05,2.1721985366307623e-05
Z_R_1843_ECH_0028,3.522304945514026e-05,0.0002291386664941341,0.004040589942457391,0.00020792964647089223,6.105174404761472e-05,0.0021831440700746437,0.00017390745537791916,6.372377465257795e-05,0.0003359522431029632,5.089475786044372e-05,0.09493029369820404,0.01721933057040281,0.001903758796364115,0.11166268984043591,0.00010083689650070076,0.00031616588618544873,0.0001277838995707353,0.0005451037965020318,0.24021796614225716,0.16434318076287346,9.989235670026638e-05,0.3598445780222477,7.712483282759221e-05,7.346992499962774e-05,0.00029811170051930076,3.905700940730764e-05,0.0001552160444322166,0.0004694901216930757,0.00011137466606598387,8.30196818167601e-05
Z_R_1843_ECH_0034,3.9786499963475996e-05,0.0002588255613049816,0.47707207733858914,0.00023486872941696547,6.896152519145637e-05,0.006276537593485804,0.00019643866939612857,7.197974045706456e-05,0.00419002609907524,5.7488613651540534e-05,0.05007110869349597,0.0918506621238146,0.0002451330340931906,0.004192009618777379,0.00011390118802892809,0.0022624020790623315,0.007765436086395048,0.061584500130008366,0.19512931320544646,0.06369771348552716,0.000112834274933191,0.029221267864305032,8.711702155107657e-05,8.29885888227003e-05,0.004147282987124066,4.411718256638773e-05,0.00017532562460267207,0.0005303166250095342,0.00012580421672490232,9.377559917908481e-05
Z_R_1843_ECH_0044,2.0698927823870984e-05,0.00013465400619161808,0.15204852517170658,0.00012219046366855434,3.5877235591781044e-05,0.0627385055763523,0.012988043509029669,3.744746217610187e-05,0.07652128208282048,2.9908453011951748e-05,0.06272459679622719,0.025978492991035808,0.00012753046849055285,0.04083843198827709,0.0010504760415788418,0.0031594526409252596,7.50925815675347e-05,0.00032033183710239557,0.11440187745334353,0.09360309303688058,0.051602087176041096,0.28481391854638266,4.532263312861677e-05,4.317481587530688e-05,0.005131280936061207,2.2951965580598867e-05,9.121316156629204e-05,0.011179305635617105,6.544964760202229e-05,4.878675834340843e-05
Z_R_1843_ECH_1045,3.522304945514026e-05,0.0002291386664941341,0.002353847797240759,0.00020792964647089223,6.105174404761472e-05,0.0004964019248580125,0.00017390745537791916,6.372377465257795e-05,0.0003359522431029632,5.089475786044372e-05,0.0713159036651712,0.035773494167785753,0.0002170166511474835,0.15045775918041843,0.00010083689650070076,0.00031616588618544873,0.0001277838995707353,0.0005451037965020318,0.23009751327095737,0.1508492436011404,9.989235670026638e-05,0.3547843515865978,7.712483282759221e-05,7.346992499962774e-05,0.00029811170051930076,3.905700940730764e-05,0.0001552160444322166,0.0004694901216930757,0.00011137466606598387,8.30196818167601e-05
Z_R_1843_HIE_0036,1.0212096775299657e-05,0.0010444960004929332,0.012419194385289137,0.03967182044326156,1.7700520771465488e-05,0.11995659107397473,5.042038641564135e-05,0.0005075065234864151,0.28422459265797856,1.4755740932886373e-05,0.07349175452601871,0.03775743867247631,6.291888628757348e-05,0.02406044478197032,2.9235292273530126e-05,9.166488071642525e-05,3.704794357466075e-05,0.01336188542999237,0.12490610125882472,0.0745441714483337,2.8961445119482806e-05,0.10090527344042556,2.2360535751376876e-05,0.0005103321911123103,0.036763778753154945,1.1323663509861384e-05,4.5001250355672694e-05,0.0006251489555936863,3.229047131853397e-05,0.05479557634381166
Z_R_1843_HOF_0027,1.0312964021434805e-05,0.0020425359009113822,0.18489955505475586,6.087976470563744e-05,1.787535291658324e-05,0.13496955451919232,0.005977257428638953,1.8657697316611813e-05,0.07911621723934707,1.4901486805191842e-05,0.21842523263853894,0.045044439842951305,0.0010512635221038835,9.887767099014895e-05,0.0005233856417281729,0.09244468680162736,3.7413874697873854e-05,0.014975448625615853,0.06835802223670719,0.12318503531542223,2.924750402369944e-05,0.001648036310536243,2.2581395944241796e-05,0.026196175316743855,8.728418718373155e-05,1.1435509958199342e-05,4.5445738132854165e-05,0.0006313236966838331,3.2609411785900516e-05,2.4307350013451663e-05
Z_R_1843_H_0046,3.7703282354171844e-05,0.00024527347787106445,0.2552915797350315,0.0020280852065764137,6.535070584883525e-05,0.2767750260918525,0.001991667341089791,6.821088763083071e-05,0.03466437781516228,5.447851493958263e-05,0.01133910622325039,0.1069020256145267,0.0020378120731701635,0.011194573098942088,0.00010793733192596979,0.0057549712728628445,0.00013678180964906425,0.04572134188431071,0.08560907960758242,0.1018893330659771,0.00010692628230529779,0.03852432996865457,8.25555820293309e-05,0.007300700045674496,0.0003191032517521347,4.180721080009629e-05,0.00016614559044862917,0.0005025492935593996,0.010952302217098208,8.886551712330576e-05
Z_R_1843_NA_0045,5.057974818872691e-05,0.002751174884484696,0.04213425411048192,0.00029858372066459283,0.007354075377926141,0.32285682598561594,0.0002497283863045465,9.150634386916222e-05,0.0004824221673716008,7.308407637975825e-05,0.0006788380081277906,0.10707929107108001,0.026955121287413605,0.0465055152866871,0.0001448002064566801,0.05131885146580087,0.024404849108858654,0.0007827605272764994,0.07124794904841551,0.04222341010721058,0.00014344386207425951,0.25029629897864125,0.00011075005383862324,0.00010550166335423627,0.0004280837399834767,5.60852547233972e-05,0.00022288781248853688,0.0006741804727206849,0.00015993227875955296,0.00011921496480161119
Z_R_1843_PAS_0035,3.071563541588251e-05,0.00019981630916650255,0.009407099037575192,0.01341936344190871,0.0029950262197536762,0.062210408210217095,0.00015165291132146667,5.5569187217741e-05,0.00029296119376150863,4.4381870712584635e-05,0.0004122389199387969,0.009132237491913137,0.00018924552072958274,0.0002944924937770178,8.793302673379419e-05,0.0076301746757811905,0.00011143168271768313,0.0004753480955274418,0.0035527168168357497,0.2639258276212258,8.710935755708413e-05,0.5314883281520347,6.725534226274947e-05,6.406814472991266e-05,0.0296778343141258,3.405897217722251e-05,0.003077140527417148,0.03865264321430341,9.712230174179845e-05,0.02213579931141954
Z_R_1844_ECH_0065,9.719076921550916e-05,0.0006322610789830669,0.0530371439312067,0.0005737391451286092,0.0001684597460391133,0.19219267549714697,0.00047986189787509106,0.00017583266558699362,0.1452077630830156,0.00014043362917209716,0.0013044111634657914,0.06613007918940832,0.0005988128678199859,0.010240273454106356,0.0002782387012995427,0.0008723948140038892,0.00035259342063651765,0.020120975738748527,0.18810184870232244,0.06251689721750364,0.0002756324377539687,0.24358802126109025,0.00021281013268535553,0.00020272516534985944,0.005476796445268729,0.00010776979410565037,0.00042828678908589705,0.005949679992788717,0.0003073155116753741,0.00022907575751139923
Z_R_1844_E_0049,0.00020704477054041433,0.0013469010593939673,0.19230340669973736,0.0012222322203233533,0.0003588685401452604,0.13181091131717482,0.0010222462208970952,0.00037457501565034597,0.07137869028655189,0.0002991647124802743,0.04243816471049521,0.0020685586217953516,0.0012756465847031514,0.001985084468361964,0.0005927298294994249,0.021688149833970088,0.0106659739685821,0.003204177157097384,0.02394778516470078,0.00428627085944255,0.0005871777257130594,0.4693395101586481,0.00045334783792907286,0.00043186390725603353,0.0017523317709342713,0.00022958118833605722,0.0009123761514342476,0.012674558899357515,0.0006546719417072425,0.0004879983771416721
Z_R_1844_M_0061,4.6836115626529805e-05,0.00030468585895994735,0.3462878469791716,0.00027648420891828753,8.118055045339343e-05,0.04103158763722816,0.0002312448755684649,8.473355157929171e-05,0.013903889826453835,6.767479820200839e-05,0.1464146444783892,0.06326807856497894,0.0002885672059419747,0.0004490509248118454,0.0001340828979030383,0.07443486232341717,0.00016991434836231725,0.025396310367200865,0.04803167233878795,0.009941057305541501,0.00013282694261264395,0.20485640674773944,0.00010255294881808541,9.769301510187301e-05,0.0003963993547158876,5.193413508835669e-05,0.00020639089223034268,0.02305290449409693,0.00014809497810165664,0.00011039133399848349
Z_R_1844_M_0067,0.00011357787229957854,0.0007388651069269791,0.24690408280407142,0.0006704759298096801,0.0001968633408057919,0.37144961003934884,0.0005607702644830331,0.0002054793906801105,0.06091179491393674,0.0001641118074218265,0.006963299894951702,0.14798652975142076,0.000699777272899182,0.006527906377179345,0.0003251518630841046,0.0010194872165281406,0.0004120433537667232,0.007196660064418763,0.08928232934904588,0.03498503609501575,0.00032210616367717973,0.012711060490131487,0.0002486915400432563,0.00023690617049199224,0.0009612709057378383,0.00012594060126782286,0.000500499199986085,0.00695284130271583,0.0003591312448957906,0.0002676996729583156
Z_R_1844_ON_0054,5.8190836616290585e-05,0.0003785524226520086,0.028968213077728306,0.0003435137011882145,0.00010086156985183703,0.14572386051697225,0.028153416626982605,0.00010527594335930892,0.08136673421012663,8.408154844896743e-05,0.039793541320068654,0.003367988417365234,0.0003585260414780705,0.006131138628532965,0.008526422265340674,0.0005223272178660634,0.2955918721180065,0.0009005479778679524,0.12934151296630736,0.09037622670151889,0.0001650288631415793,0.09568397541299963,0.00012741538894424698,0.00012137723644028642,0.0004925004940420229,6.45247952207014e-05,0.00025642730034732735,0.04257479391913485,0.00018399840719338374,0.00013715407425720518
Z_R_1844_ON_0055,4.15271534449182e-05,0.00027014914128274626,0.2712401319907486,0.0002451442015473828,7.197858170611005e-05,0.1318348020185427,0.0021936624643906204,7.512884344262282e-05,0.002384709488112329,6.000373198533974e-05,0.0005573418440633589,0.11376678168030993,0.00622174646492986,0.00039815015420879797,0.00011888434813763235,0.1534972338896999,0.0001506542360002717,0.0006426646571182632,0.04457582117768509,0.03466640490077887,0.006083659654648657,0.17368102753152848,9.092837834282661e-05,8.661932729396112e-05,0.008305985268239795,4.604730277037904e-05,0.00018299609471516818,0.010496666060313919,0.03791527114625545,9.78782677559953e-05
Z_R_1844_ON_0056,0.0010011242919833287,0.006512675330740486,0.018960756774092098,0.05385115670946396,0.0017352382879812275,0.014108943809523444,0.004942870672159648,0.0018111838630785369,0.009548575626451986,0.0014465521644737667,0.013436231784360195,0.05794340167295154,0.006168138323892671,0.009598485765802316,0.0028660285857313277,0.008986199487350112,0.00363192761454537,0.015493168841770518,0.019912221983420405,0.1645492993838612,0.0028391824791736244,0.49557110702297497,0.002192074361908719,0.002088193037942282,0.008473055846411885,0.0011100947105580857,0.004411615546932121,0.061285338292779934,0.003165537494196604,0.0023596202334876526
Z_R_1844_ON_0062,2.236129852917378e-05,0.0001454683284188041,0.00042351099255075105,0.03761090138908897,3.875860538747851e-05,0.07955623772353264,0.015101963909076586,4.0454939888918216e-05,0.014134012147235697,0.001103136103377474,0.10095772480210408,0.00022340896003472451,0.0001377726857037432,0.20260044046570375,0.20887501691886343,0.0002007174243881902,8.112341122429927e-05,0.00034605830305783187,0.10217319936957232,0.08934145537760507,6.341650832368211e-05,0.00036091203938928634,0.0011197882259465328,4.664226837954629e-05,0.00018925575251063084,2.4795282081577425e-05,0.01723174898567279,0.12772630683092584,7.070603468505361e-05,5.270491674112208e-05
Z_R_1844_ON_0068,0.0001482498058186656,0.10035469825628074,0.0028077717546593217,0.0008751522139646842,0.00025695984135266046,0.05888374473555796,0.0007319566843021401,0.00026820611401942194,0.0014139847507465366,0.0002142102426312691,0.001989681769702929,0.0014811454218585437,0.0009133983823009515,0.14340748945430118,0.0004244110193986678,0.0013307062267045968,0.14252394173259195,0.023592196908571436,0.123636864646688,0.10955867435843589,0.0004204355588928778,0.16567678730288074,0.00032460964247429784,0.0003092265514540006,0.03675124667543437,0.00016438650684874655,0.0006532866632210181,0.06586978171155815,0.00046876329201506054,0.014548031775333172
Z_R_1844_VIE_0057,0.003571378740470302,0.00016060231085187498,0.026476639239670224,0.010785810166956114,4.279090616002662e-05,0.006259077744722017,0.0001218909913171645,4.46637209773155e-05,0.02033338347266309,0.007129054029659773,0.012153640453040727,0.0995540011583246,0.00015210604216601436,0.1019085085387314,7.067614927207613e-05,0.00022159931674043255,0.02964532198698389,0.001564291270389201,0.10334507520961321,0.3268066651631494,0.014256778348680013,0.23448006966676943,5.405646530849889e-05,5.149475605138087e-05,0.00020894521526163923,2.7374890767017733e-05,0.00010879026136664474,0.00032906361732696135,7.806202686882975e-05,5.81881397407032e-05
Z_R_1845_ON_0081,0.00043633097337648496,0.002838490674037444,0.008263874451397445,0.0025757606579186387,0.0007562879227863173,0.006149255626918713,0.002154305503250554,0.0007893881152111734,0.004161660376050644,0.0006304666853246335,0.005856060171477267,0.004359328634953891,0.0026883273339148054,0.04597297171261203,0.0012491326527094256,0.15018000840635234,0.21053073508871029,0.006752557595044884,0.1967315750030854,0.009032987075086587,0.0012374320198314786,0.13241107056140983,0.021850175022945367,0.0009101200601558553,0.0036929048016744958,0.00048382474531540276,0.0019227627589999397,0.17297411531641133,0.0013796709031665016,0.0010284191498708146
Z_R_1846_HEN_0178,3.363453156140168e-05,0.00021880478349695337,0.13754414578479296,0.0018092243335482015,5.829838255950452e-05,0.031076784083341275,0.0001660644347140154,6.0849907742754986e-05,0.03897693083427967,4.8599464442939545e-05,0.00045141384105470983,0.014832087048072042,0.00020722945671316706,0.019650542833094774,9.62892716664446e-05,0.0003019071784538838,0.0065647092701210516,0.011795224738035936,0.16978955329896922,0.1311607444848318,9.538732949448214e-05,0.4305923046113176,7.364659403528492e-05,7.015651822994474e-05,0.0002846672152196715,3.729558445179828e-05,0.0033695601209917736,0.0004483166721826126,0.00010635180028088767,7.927559230326224e-05
Z_R_1846_KAP_0079,5.9013068947643234e-05,0.00038390134112638595,0.07176731582743408,0.00034836752505127425,0.00010228673657129861,0.08843723059453347,0.00029136638688245754,0.00010676348485857379,0.014692785930056648,8.526961467425316e-05,0.06861567718343485,0.09949908821668219,0.00036359198862846124,0.009043756774866095,0.00016894320104910188,0.0005297076638443005,0.00021409049450333837,0.0009132726559512021,0.13116909923127598,0.11991309226711494,0.0001673607090948542,0.382460528593344,0.0001292157592154746,0.008601049085006574,0.0004994594905603017,6.543652593105721e-05,0.00026005059963716816,0.0007865887068351948,0.0001865982914382072,0.00013909205145067014
Z_R_1846_LAN_0080,3.723271301424025e-05,0.0626465057997311,0.20039890694676543,0.010917672039589188,6.453507292259622e-05,0.0023077041280412883,0.00018382980682491487,6.735955717988825e-05,0.00035512011729346433,5.379857629194029e-05,0.0004997055470792902,0.13052951395530857,0.00022939861302402305,0.0003569763202742652,0.00010659018133676491,0.060955518572672916,0.00013507465520885974,0.0005762048866320155,0.07562570570285833,0.004336756654415086,0.01615241009075047,0.4285160928626147,8.152521747437559e-05,7.76617775860884e-05,0.00031512056915340307,0.0036072450520795037,0.00016407195080910043,0.0004962770468321285,0.00011772918707600602,8.775639915997899e-05
Z_R_1846_WIL_0078,7.488482718904837e-05,0.004073196549392946,0.1878925500434921,0.00044206211229051815,0.00012979708950010998,0.00822744665655507,0.0003697303312550671,0.00013547787390667758,0.004300284105681434,0.00010820315691467187,0.06913986994757572,0.15853408715013742,0.0004613812452275815,0.0007179737357333215,0.11496777894120695,0.004258217960319546,0.00027167083443710086,0.015503075068067047,0.15210328348735658,0.07327115024557326,0.00021237292013950184,0.09444577919591682,0.04678253666305495,0.00015619836221723182,0.0006337907569545581,8.303589397369576e-05,0.00032999206042842917,0.06196088695781573,0.0002367845132833051,0.0001765013144036738
Z_R_1847_BER_0537,1.2867598732536929e-05,0.0050132806745962965,0.035983104548378275,7.596035257518706e-05,2.2303274602239513e-05,0.2682268378528921,0.0031445141325140646,2.327941432204186e-05,0.0765310998197096,1.8592749119348267e-05,0.08520781995508575,0.09810380793462464,0.0006954765318190241,0.00012337075851953094,3.683748970281221e-05,0.04140066891815504,4.668170330479616e-05,0.06489977235708973,0.10993891828795685,0.19436829598766822,3.649243272089532e-05,0.00020768343549208414,2.8175056291005515e-05,2.6839854255345547e-05,0.0007251019779587971,1.4268211654593475e-05,5.670314772572642e-05,0.01496022987230836,4.0687122042984705e-05,3.0328548182107067e-05
Z_R_1847_HLS_0535,5.235510426656315e-05,0.07054086236007745,0.006005882824120764,0.0003090640500890677,9.074655586931114e-05,0.1311097821431963,0.0002584938868123728,0.10539512845718726,0.07320678136131711,7.564933745440256e-05,0.03329564943327163,0.035623210095605096,0.055479928599791783,0.000501965367431191,0.00014988271350368246,0.09574174478587946,0.00018993640497068205,0.00833169340225895,0.12138466166776156,0.08632705219186734,0.00014847876124796872,0.15628847569533025,0.00011463739587262161,0.017659273157520465,0.0004431095377942282,5.805385483343826e-05,0.00023071120518516842,0.000697844299502447,0.00016554592361358678,0.00012339942636792532
Z_R_1847_ON_0233,5.021486657950733e-05,0.00032666585500677097,0.09473286419530026,0.0002964297418018205,8.703690422096068e-05,0.0415869386461153,0.0074619131240178035,0.05058875014241194,0.0341442112631785,0.055379784956150355,0.0006739408800543003,0.05099959442767651,0.0003093844045723888,0.0004814453968949241,0.00014375561975470404,0.10625586608297928,0.00018217194613220027,0.024823734619791225,0.000998766664844488,0.0779887423805417,0.00014240906002204224,0.32784451393666947,0.00010995110447029092,0.012128051033910327,0.0004249955497587432,5.568065646560033e-05,0.00022127990286841,0.003073979035665197,0.04584735827030419,0.06263956933184078
Z_R_1847_PRE_0222,0.0002133920180653459,0.001388192198471046,0.04491673171733103,0.001259701461469073,0.0003698701580430097,0.06432015698539234,0.0214911853237207,0.00038605813756055994,0.0020353015493625587,0.00030833602589176967,0.0028639646831245917,0.002131973184539903,0.0013147533180261455,0.0020459400139799643,0.08236130364361607,0.0019154297410409354,0.0007741539880125099,0.12592800997322848,0.014463137715082494,0.04529287392336908,0.0006051784815713179,0.46329016970692766,0.031123646920099134,0.00044510330040411144,0.0018060519565100302,0.00023661932132359117,0.000940346320658431,0.08459471775474492,0.0006747418273208582,0.0005029586511123614
Z_R_1847_WAC_0234,1.4452828031815616e-05,9.402086967220209e-05,0.4093102253823555,8.531832052154884e-05,2.5050936003890767e-05,0.0002036851370229138,7.135823231968673e-05,0.08238713395197184,0.02989854158333098,2.0883290755807732e-05,0.00019397346456378542,0.14617942310871657,8.904692772469126e-05,0.00013856947159292488,0.11285516409578941,0.07418540718643624,0.02635257966359519,0.0016078868986095752,0.010669101694716436,0.0584363715675449,4.0988133492543044e-05,0.03691505304160916,0.002107973488124533,3.014640151706258e-05,0.000122322093303276,1.6025990058576382e-05,6.368871612932144e-05,0.0078058430485635115,4.56995893499405e-05,3.406488657609915e-05
Z_R_1847_WED_0111,2.9211775951740286e-05,0.00438666585320984,0.0481150925496097,0.00017244373614408516,5.063246641530212e-05,0.18646240052424423,0.0001442278763883596,5.284848009315783e-05,0.0002786176043192132,4.2208902600294026e-05,0.00039205540776840686,0.032466035212695456,0.00017997992477031616,0.0016789514952447937,8.362776289426088e-05,0.0002622080476761483,0.0029037310367920487,0.07039595293567938,0.07192377392037175,0.027183420145823135,8.284442114916493e-05,0.5460337290904572,6.39624726344148e-05,6.0931322570853813e-05,0.000247235044633288,3.239142055557552e-05,0.00012872639888388736,0.005984875757354213,9.236712442978503e-05,6.885128863997463e-05
Z_R_1848_BUM_0235,3.5583167222022316e-05,0.0002314813627160865,0.16766467835876556,0.0002100555032923193,6.167593241491331e-05,0.26291551638088545,0.0001756854719166234,6.437528165666084e-05,0.07020286498348038,5.1415101976873745e-05,0.00047756675793928465,0.13667448845468164,0.00021923541281055267,0.0054531227637197675,0.00010186784522742579,0.0003193983420533711,0.000129090352398322,0.15731750555725477,0.000707744213452645,0.0007366478870841823,0.00010091364852422673,0.19482886196124896,7.791335122672733e-05,7.422107590033423e-05,0.00030115957177216174,3.9456325287858074e-05,0.00015680296141327993,0.0004742901528321349,0.0001125133521437466,8.386846870164316e-05
Z_R_1848_RIC_0129,7.490442514468699e-06,4.872803564047609e-05,0.20101286709493887,4.4217780346577206e-05,1.2983105843210237e-05,0.052475503390354374,3.6982709262719255e-05,1.3551332954518944e-05,0.03773475563444341,0.001086917801743165,0.030948577052667643,0.033433770365045766,0.005785321688778238,0.010474064488310581,0.03373907621442376,6.723501889080623e-05,0.0193968779704862,0.0004746185803385699,0.07224732569010792,0.00015506822698441346,2.1242849982398496e-05,0.4395262131383156,0.028353560396902407,1.562392405725471e-05,6.339566250429975e-05,8.30576251284249e-06,0.008641765076509152,0.0033281245167668646,0.02082818129775323,1.765475062032637e-05
Z_R_1848_SCH_0521,2.1246485722105162e-05,0.00013821606820982874,0.48572132399522305,0.00012542282208054194,0.0010542664104290452,0.20480488861548665,0.00010490069215501679,3.8438076465780356e-05,0.027673528500668714,3.069963455575005e-05,0.01452931349077991,0.15486316596739805,0.0001309040884133672,0.00020370506680337808,6.082465075864919e-05,0.00019071074454274882,7.707903886068392e-05,0.0542531309346112,0.0004225896259374508,0.00043984782797711573,6.025490589855558e-05,0.0532498040459355,4.652157280073468e-05,4.4316938387085824e-05,0.00017982048932879916,2.3559124083715266e-05,9.36260636964659e-05,0.0013006357706417705,6.718101609540876e-05,5.007733605291511e-05
Z_R_1849_COR_0538,2.971051238213771e-05,0.0001932776205754382,0.22820442629537255,0.00017538789036295157,5.149692106550564e-05,0.0630201876065018,0.00014669029758290002,0.011435837025874739,0.013088221517675296,4.292954065559888e-05,0.0018215098025768214,0.05578450454619464,0.00018305274531267,0.00028485566924929957,0.017158184935775058,0.06002263760802644,0.06128649887880428,0.00045979304307964836,0.0888021064215501,0.051834459490898446,8.425883467029198e-05,0.3277145084590744,6.505451220550361e-05,6.19716109247213e-05,0.0002514561205388838,3.294444346969338e-05,0.0015536849434527231,0.016046381790252,9.39441202961196e-05,7.002679559926711e-05
Z_R_1849_FO_0249,2.3842079732810384e-05,0.00015510134531028605,0.26190921151269736,0.00014074520198167057,4.1325227994929876e-05,0.04600546823561206,0.00011771596955372136,4.313389498196004e-05,0.0002274022349109367,3.4450080094178066e-05,0.004886933894059712,0.0013799397474811993,0.012705997438819307,0.04703978679052981,6.825534312242819e-05,0.004780955020418853,0.04004727247542195,0.002652447503948808,0.08952966154384041,0.02332831191370059,6.761599492341862e-05,0.4068430009478358,0.0023356778903634154,4.9730952796566945e-05,0.010477416778964526,2.643724341925936e-05,0.005813746397588326,0.011735157360269867,0.005784070669484907,0.02174918831014093
Z_R_1849_GL_0238,0.00012744076414533082,0.04354874395598923,0.06954461010274933,0.0007523117232784602,0.0002208917465747058,0.25811420967718374,0.0006292157932594251,0.0002305594393890351,0.06834646161376082,0.0001841426830742501,0.09935541946176973,0.007376058542892447,0.0007851894791142198,0.07445562873228817,0.00036483868781604244,0.001143922027065695,0.0004623358300508587,0.0141778712489343,0.07576854305800361,0.002638297177153757,0.0003614212416892855,0.2766835132061534,0.00027904590267367887,0.0002658220548330834,0.0010786000503229972,0.00014131244174181735,0.0005615882672296732,0.0016986655270564129,0.00040296546634773785,0.00030037409745867796
Z_R_1849_HLS_0542,0.00012366717549627473,0.0008044996705467565,0.09117378179238791,0.0007300353739599801,0.0002143510247488863,0.13795129460906927,0.0006105843797460625,0.00022373245204910497,0.0011795192536947783,0.0001786901205184944,0.0016597547850859332,0.013079755659696145,0.0007619396019998237,0.0011856845680433623,0.00035403562067883417,0.001110049888855525,0.00044864582079807156,0.019680163082329193,0.12090184528688278,0.002560175797803028,0.00035071936694525835,0.5942066043942701,0.0002707832054279673,0.0002579509227387798,0.0010466621305053742,0.00013712810535852944,0.00646706546479502,0.00164836713945311,0.00039103344506734663,0.00029147986104820006
Z_R_1849_KRU_0540,2.5073031933996153e-05,0.00016310913425135866,0.20579177434263582,0.00014801179189862543,4.345882459954397e-05,0.09760873257379094,0.008528579141476006,4.536087197259108e-05,0.02665418322984389,3.6228716957999845e-05,0.0003365087345292859,0.03987306208411676,0.030171571560371657,0.015849280350645444,0.004874513935271042,0.00022505823554158768,0.02290395056734922,0.0003880244643339203,0.02451237214395981,0.02453273859215852,7.110696797271212e-05,0.46266788570560763,5.4900226593189897e-05,5.229853190451517e-05,0.0002122066176166223,2.780218235684026e-05,0.004913222966252781,0.029150607593928107,7.928048826286529e-05,5.909639186671996e-05
Z_R_1849_KZH_0236,3.4928472819278604e-05,0.00022722233901636607,0.39205826166605334,0.00020619069380493107,6.0541157438754005e-05,0.01220069976886801,0.0001724530363554625,6.3190841375876e-05,0.04382166874103922,5.046911593603802e-05,0.045629941757689335,0.00034896603960523655,0.00021520170224300532,0.00033488394184589594,9.999357957609044e-05,0.0003135217345697476,0.06368686878938307,0.008903723097594927,0.0692727828635157,0.09606332466261787,9.905693913023078e-05,0.24978645403178515,7.647982411462772e-05,0.00843603358415847,0.0002956185392737983,3.873036868153303e-05,0.00015391794500846205,0.007156106173169948,0.00011044321989770939,8.232537343181937e-05
Z_R_1849_ON_0077,4.511590659460026e-05,0.002453981159627158,0.11968119457279316,0.05643896235992474,7.819893008973036e-05,0.10649963116392042,0.0585558704706844,8.162143566651091e-05,0.000430308853280386,6.51892206184745e-05,0.05029668230006759,0.00045074742686223733,0.006759426280912349,0.05444470511849815,0.00012915826636785086,0.0068864228838781405,0.00016367368999863096,0.009340146902312392,0.32280974549944824,0.022538854860862368,0.00012794844012990538,0.16708558502931087,9.878635745054784e-05,9.410492064342736e-05,0.01334475558882668,5.0026684672168975e-05,0.00019881051387971946,0.0006013526030552475,0.00014265570724185085,0.00010633685238209219
Z_R_1850_KAP_0239,4.055926516603681e-05,0.00026385267822889727,0.14449688533284333,0.0021817104648913293,0.052511858987813215,0.00057160574143046,0.017680773403828044,0.0020156577157950987,0.06642436580814322,5.860520345497022e-05,0.023851710804996092,0.0004052225875297464,0.0002498942038095333,0.03729218894403904,0.18074814670567127,0.012017743896955606,0.007916262592767433,0.004512245695731135,0.0027489980320599566,0.004724223642787513,0.00011502583240631867,0.18517122086752613,0.23510468027975207,0.003969160314100188,0.00034327497753593704,4.497406174785943e-05,0.004063290793591566,0.010252016494805276,0.00012824768677403126,9.559698381863368e-05
Z_R_1850_LBK_0252,7.77201096953418e-06,5.05597402009426e-05,0.1813997413359216,0.0030233344580821524,1.347114550804486e-05,0.17429062086605498,3.837290273808808e-05,1.406073248287945e-05,0.04771340053762676,1.1229993498630183e-05,0.12106339895121292,0.12773601154151543,0.002280975888473525,7.451575919204202e-05,2.2249790346385228e-05,6.976240767442143e-05,2.819568108259507e-05,0.10247027681454837,0.0373727656512698,0.052266351315890885,2.2041376429825077e-05,0.026922531131574716,1.7017693130827466e-05,1.621123303804777e-05,6.577872848667775e-05,8.61797914281655e-06,0.0007786122478038645,0.0027088662974851306,0.11949493738950888,1.8318399109334797e-05
Z_R_1850_MIN_0154,1.5643823686129946e-05,0.0001017687268353776,0.019774000513624344,0.0008414919182392955,2.7115276342782367e-05,0.15454390331001439,0.0008263814389620215,2.8302021281525534e-05,0.055585781625975085,2.2604193300499887e-05,0.02942653032082961,0.07507058353764168,0.004591242185770116,0.014383703114989068,4.4785294127430764e-05,0.006882706569782177,5.6753427818811177e-05,0.030956958304956404,0.16587173002116468,0.09846157803276168,4.436579001489369e-05,0.2894216436080914,3.4253913424325203e-05,3.2630637344196134e-05,0.0016306878937985114,1.734662325741002e-05,0.02778722360359588,0.02118451810656026,4.946549676957587e-05,0.002284300669040421
Z_R_1850_NIE_0251,4.5410231084082093e-05,0.0002954099646894305,0.30747587227787904,0.00026806688919709016,7.870907965590222e-05,0.04195699720088034,0.0002242048277510377,8.215391277262751e-05,0.01782975873627127,6.561449820960568e-05,0.0006094571824027276,0.09613522261348807,0.0024543623623885973,0.004784540627351646,0.0001300008614452958,0.1678502927233904,0.00016474145476025543,0.1681454438693644,0.06179145244580904,0.08792330248541264,0.00012878314261432222,0.03117704716699502,9.943081406062253e-05,9.471883677227714e-05,0.006908072320654327,5.0353045805924114e-05,0.0002001075021798121,0.0006052756716856359,0.0023181666885630885,0.00010703056646550175
Z_R_1850_OAR_0240,5.425962450634403e-05,0.028934886206407072,0.15433060785888,0.0003203068648447477,9.404764092614842e-05,0.0007646862626509891,0.00286625236110572,0.044270203025007226,0.0005175202841550279,7.840123139724277e-05,0.005924936650626969,0.0005421011783829025,0.013326081258043526,0.0005202253482933111,0.03913066372839464,0.013478816479623446,0.09893434517954103,0.0008397094451703269,0.0998167157966378,0.09726243482768647,0.00015387996920917504,0.3906290393462462,0.0001188075573828264,0.005309887823828216,0.0004592285217021262,6.016567837149578e-05,0.00023910378057919764,0.0007232297630830616,0.00017156798328765474,0.00012788832402914455
Z_R_1850_ON_0241,0.00011942373529144584,0.0007768945584135653,0.11663979301782822,0.0007049853843861309,0.00020699591412461966,0.12177992067655101,0.0005896331588981907,0.0974373312653294,0.06404693030999675,0.00017255865646126977,0.0016028029694005904,0.0011931477266454592,0.0007357948701596857,0.006863898287681695,0.00034188745783205376,0.02394755462599522,0.00043325126111751715,0.001848174207140396,0.0023753213724356484,0.0024723274834202477,0.00033868499601105294,0.470877186152583,0.00026149171529653715,0.04600028837880182,0.0010107476030842143,0.00013242277499778287,0.0005262599374556202,0.007310704650892178,0.00037761576138877406,0.02887597109037978
Z_R_1851_ASS_0543,0.005656522518185783,4.26405850883462e-05,0.2565699044617558,3.869378275778173e-05,1.1361164515290973e-05,0.0054284565366244245,3.236256788083284e-05,0.1657442482220172,0.026115147063026218,0.02606210050331403,0.023943391087791817,0.07696782700194038,0.03802072412336485,0.007596134827119991,0.023560297457671506,0.12906643443711438,0.0019071020125929281,0.03086237476025584,0.03842459817212731,0.06667976161674564,1.858904304857766e-05,0.047188858080424854,0.008803191071525725,0.02073022080022361,5.547582835457515e-05,7.268147966512118e-06,2.8884269298380894e-05,0.0004012548683037514,2.0725794549364303e-05,1.5449194414359615e-05
Z_R_1851_CAM_0253,0.17851204279621316,2.5935575810543972e-05,0.09477069050107248,0.004987395365772125,6.910279091431184e-06,0.08959659092783324,0.00021060181378996417,7.212718890804337e-06,0.014929606652858498,5.7606377441434925e-06,0.11422229616760984,0.0697247946616725,2.4563518214111717e-05,0.0009928128039676408,0.0005841665719802778,0.19668102410368293,1.4463508343619449e-05,0.044163689105270354,0.08732868897176153,0.04380269020572443,1.1306541273600288e-05,6.434707582237453e-05,8.729547829182094e-06,8.31585885864272e-06,0.0036611788759463226,4.4207555360032955e-06,1.7568477415781636e-05,0.031936397356613,0.023686401853818744,9.396769582670767e-06
Z_R_1851_C_0549,0.030985544638791832,0.0005247913594264159,0.17536777423634176,0.0004762167970428816,0.050360245821367534,0.012726226418939956,0.0003982965045513317,0.143080987654257,0.023948079731192926,0.01943210944814315,0.016535128541664192,0.09352059202310153,0.0004970285684052003,0.004636555211189427,0.00023094457519808533,0.012313435696187676,0.0002926607167378776,0.005111548756503087,0.0016045267901742045,0.09824778569836527,0.062038529408453176,0.2330885811679788,0.0001766373457801515,0.00016826658899360614,0.0006827588157429091,8.945142858512707e-05,0.004218597223865684,0.0049383723834301695,0.004118188257958866,0.00019013819163026928
Z_R_1851_FRI_0550,0.0004655112369472136,0.0030283188344600604,0.07569297621252721,0.002748018369333333,0.0008068657691204619,0.2071898256633126,0.00229837779293988,0.0008421795846849381,0.0044399774199342865,0.0006726300548144785,0.006247692647089556,0.0046508650289325505,0.025160260847751997,0.0044631850584775,0.02362481794515132,0.004178479008359162,0.0016888044070934528,0.007204144629710698,0.009258953318879102,0.05422137660942679,0.001320187072057362,0.09668195651789072,0.11248002798646659,0.023263133396197413,0.003939873139999383,0.0005161812234290075,0.002051350293497951,0.006204826971673434,0.3135620067950772,0.0010971961647643265
Z_R_1851_HLS_0256,9.541445043392474e-05,0.0006207054833382572,0.15715837067841595,0.0005632531326456511,0.00016538087123191131,0.047036235947161394,0.00047109164419109986,0.00017261903872901847,0.0009100489351025123,0.00013786697706019425,0.001280570935970165,0.03293735939200474,0.0005878685924289303,0.0009148057355870537,0.0002731534382146698,0.014563915579155786,0.00034614920458189474,0.07001393801684483,0.0018977800585604125,0.07508176482120194,0.004839749872985858,0.5726843752147975,0.00020892068270310203,0.0001990200344859163,0.005376699116405392,0.00010580012650344353,0.0004204591540800373,0.010410095015528507,0.0003016988227689334,0.00022488902688093274
Z_R_1851_LOO_0242,6.64013790320453e-06,4.3196496839810116e-05,0.0672193920002079,0.0029010118990219513,0.05279607233604558,0.10375483045675965,0.004484494620679413,0.08936419504221457,0.0016532291320825409,9.594518815696428e-06,8.911823702811247e-05,0.03822385625513358,0.039470343935817914,0.0006996222835834933,0.10717803203903113,0.006737167798770031,0.052490673175480736,0.011867995177816492,0.037971607578538444,0.07422664095097621,0.03340665741954156,0.17594972244388685,0.00955391819484248,0.011779084251731381,0.001010136961635814,7.362903909883705e-06,0.01974397715937199,0.05732477998457216,2.0995999864899885e-05,1.5650607896557362e-05
Z_R_1851_LWF_0883,1.6734502063867524e-05,0.02815690815221355,0.26236581228895234,9.878755961882219e-05,2.9005737793052534e-05,0.038701730140330876,0.00569223242009969,3.0275221905449535e-05,0.08029688026136607,2.418014463910481e-05,0.018656168018951185,0.09312642443529758,0.01452781323304662,0.00016044549227709355,0.013671243437956,0.03781472714783642,0.016889536745133236,0.0002589792976103054,0.05963442600157951,0.09971665371311204,4.745894734339213e-05,0.15814051540635468,3.664207654060542e-05,0.005644514460257914,0.00014163313355241775,1.8556019840573462e-05,0.01770394247203303,0.04349718046190389,0.0048611503458624175,3.944272452825493e-05
Z_R_1851_NIE_0255,1.1673529454466246e-05,0.013492314920670354,0.1964355658757214,6.891149091523338e-05,2.0233606783366077e-05,0.13432826013384327,0.002852713945226607,2.1119164066246976e-05,0.03421129198114144,1.6867405410723587e-05,0.00015667210230313364,0.025831346370861763,7.192308185883297e-05,0.00011192237287878559,0.0005924346959865099,0.047621108832005245,4.234980044375023e-05,0.03539863963259528,0.03824524564555,0.029869493883199146,0.0011511372588113983,0.38535015931129807,2.556050715683549e-05,0.0017013960064034932,0.000657814987328636,1.2944170274077009e-05,0.0017284880880871073,0.0035096907667595463,0.025192613482184545,0.02127010695078077
Z_R_1851_WIE_0254,4.5311697158611704e-05,0.015483801521477323,0.0030280410184778486,0.0002674852210960775,7.853829183114314e-05,0.04837554169664213,0.00022371833426134777,8.197565013610294e-05,0.11977457492577587,6.547212381683082e-05,0.02013689088744114,0.0026225653397573302,0.002449036735270666,0.00043443524813452665,0.00012971877754290346,0.004746446262044676,0.0023342457822265596,0.0983450140979809,0.16581073962940376,0.05952431775306494,0.0001285037009934966,0.4542324470461982,9.921506293608038e-05,9.451330998722555e-05,0.0003834973774934762,5.024378665563569e-05,0.00019967329655620845,0.0006039623071310165,0.00014327479357943267,0.00010679832492857502
Z_R_1852_FR_0551,0.00014123129677486335,0.0009187606272263523,0.036490880791766156,0.0008337203638890914,0.0002447947328692565,0.184596980144542,0.000697304061453313,0.1287564447390334,0.008110250414446343,0.0002040690048948663,0.022185106858562734,0.008174231534833246,0.041449398862675554,0.001354084205762038,0.00040431836186370705,0.04861015749754723,0.0005123657980354156,0.03600169883475616,0.01633548504928956,0.057029448113517386,0.0004005311093987916,0.245754935418484,0.00030924182665268394,0.0002945870088523844,0.007958523946056334,0.00015660404684061528,0.02767518713710371,0.12362020935021391,0.00044657088922409527,0.00033287797343470766
Z_R_1852_GUD_0885,2.6438010474159033e-05,0.00017198881296527502,0.2461142275239429,0.022944951550675934,4.582472765886439e-05,0.1054546604126996,0.00013053290949925967,4.783032269433291e-05,0.0800132487723768,3.8201012184021325e-05,0.0003548283060282177,0.021786971865476144,0.00016289016950140267,0.09900530179946178,0.0013417359984262557,0.00023731042995548554,9.591310597859004e-05,0.004207295554505895,0.12459865022283646,0.04485903848916807,7.497803891436396e-05,0.1814717171433808,5.788900080075499e-05,5.514566957496559e-05,0.00022375916857614536,2.931573613791797e-05,0.017841189339469498,0.04846225577435212,8.359652652330868e-05,6.231360576057522e-05
Z_R_1852_HLS_0258,0.018042282758373055,0.0006095647007791246,0.22613192440183966,0.0005531435382486319,0.00016241251929159086,0.005807695323507688,0.0004626362177219619,0.0001695207719540841,0.0008937148482025224,0.00013539246047424114,0.005744731720456017,0.0727304874728951,0.0005773171854615377,0.0008983862708689229,0.00026825072164116283,0.0008410783162785555,0.00033993631759316796,0.005937254172174681,0.0018637175997212052,0.001939830246380517,0.00026573801555957924,0.6521484077074883,0.00020517085293587827,0.0001954479073038041,0.0007930497820648507,0.0001039011643776953,0.00041291250895389805,0.0012489581524029719,0.00029628375705251974,0.00022085258799700222
Z_R_1852_HUD_0257,2.8848575328597726e-05,0.0001876704085337445,0.06547616267277806,0.051285237705196426,5.0002934565418584e-05,0.11230683555928306,0.03467955492574411,5.219139574013244e-05,0.00027515345042201765,4.168410397963101e-05,0.04045024037330056,0.00028822253789228245,0.00017774216897834642,0.004421046104291106,8.25879885359544e-05,0.005784887165668958,0.004249112705354202,0.00044645390386545826,0.14562969932886874,0.017175045126980325,8.181438636336586e-05,0.08197322076171697,0.022166924187616836,6.017374130077989e-05,0.005770100327412671,3.19886862558981e-05,0.005653065142710454,0.07636618900809827,0.32474014938766316,6.799523555441353e-05
Z_R_1852_LBK_0156,2.4834485052235468e-05,0.0013508175503342801,0.08252930905140403,0.00014660359557381816,0.0012323056035395891,0.36069585053525793,0.00012261579187105174,4.492930491713915e-05,0.015697250897155696,3.588403397417596e-05,0.12639489363748344,0.049007788500020286,0.00015301051051449678,0.0014273660006488306,7.109641094675334e-05,0.00022291701303430033,9.009575811564688e-05,0.03368361976106611,0.16104408814790955,0.0076496886089035395,7.043045044878442e-05,0.15262614131459082,5.437790133566876e-05,5.1800959383596064e-05,0.0025887081659777328,2.7537670114171527e-05,0.00010943716103366695,0.0015202805784864347,0.0012677864569575097,5.853414394870893e-05
Z_R_1852_NIE_0260,1.5809635144664995e-05,0.0001028473902982489,0.10099148746503318,0.009935409055914427,0.06362238886127104,0.05851821075757713,0.012191387924814296,2.8601999056929666e-05,0.07434494051479057,2.2843778860613758e-05,0.022167595263601687,0.0009150352726686108,9.740650307204062e-05,0.019835740530609915,0.011401507513974118,0.011498156521247634,5.735496672849885e-05,0.04566965640290931,0.09797818021437332,0.019254372580948156,4.483603031541252e-05,0.29627468702365695,0.08634209822824661,3.297649483271836e-05,0.00013380548505796645,1.7530482968480486e-05,0.0023409172119835293,0.049421133544394064,0.015191653167237702,0.0015514291784121314
Z_R_1852_ON_0552,0.00025510128344390494,0.0016595260436983008,0.004831481392341597,0.0015059207110479527,0.00044216439246325557,0.0035951676556733717,0.0012595165879624474,0.00046151644878068604,0.0024331183619003154,0.00036860289644431244,0.0034237506774005564,0.039197137877774624,0.01378788378157406,0.0024458362039376015,0.0007303064928716728,0.20996438131197964,0.0009254688985823877,0.003947888676558648,0.00507392880670912,0.10301035068060922,0.0007234657076732892,0.40725032104364073,0.0005585729839993786,0.0005321024854989473,0.002159060007253873,0.00028286855855493877,0.0011241449209607327,0.027832561914438343,0.15961658704493695,0.0006012661512891654
Z_R_1852_WAG_0259,1.935591158554962e-05,0.014956402276508346,0.03280827668131744,0.0038218836034139394,3.354939956105314e-05,0.10408618031344134,9.556632325801317e-05,3.5017744549451166e-05,0.05487202754467879,2.7967891722984903e-05,0.008601926303064842,0.0011202878291223348,0.00011925586163550499,0.004820105383434151,5.54122963065581e-05,0.00017374074743773828,0.032511906426097296,0.001226452944555313,0.09122170746355147,0.13387507457496403,5.4893249002334056e-05,0.49342603379021066,4.238194785384533e-05,4.037348822681864e-05,0.0029445354906383328,2.146276465490702e-05,8.529494405403583e-05,0.018796102442454242,6.120305375571897e-05,4.562130894294743e-05
Z_T_1800_WIN_0070,0.00010094949731718598,0.0006567129637078452,0.016414572394012488,0.0005959277692668243,0.0001749747102332388,0.0014226912648639763,0.0004984199401153747,0.00018263276796985566,0.0009628413947241567,0.00014586471931214094,0.030360143780337055,0.18470871978531744,0.0006219711859615971,0.000967874139927517,0.0002889992255138296,0.04441406284943173,0.0003662295180695376,0.0015622711574888718,0.267889661453797,0.15195051645247604,0.00028629216807488284,0.049971471613959983,0.21776068672654803,0.0002105653006020867,0.0008543901444456881,0.00011193765240007977,0.0004448502302718035,0.02551663368163578,0.00031920054416497285,0.00023793496805290406
Z_T_1805_H_0074,1.589386599369045e-05,0.00010339534241261487,0.009434422528461876,0.019882861107770475,2.7548672065140272e-05,0.0002239938277562126,7.847309741311953e-05,0.0007898711550332038,0.030596264136187937,2.296548634284041e-05,0.034463568479076306,0.27796641460190835,9.792546713283534e-05,0.013091370806182246,4.550111773379927e-05,0.010037183059997505,5.7660543517536784e-05,0.00024596980750600094,0.38924679611046104,0.017073606052739474,4.507490849734656e-05,0.023090030573718452,0.16063043982611502,3.3152187575291275e-05,0.012312386692221663,1.7623882180464174e-05,7.003888216488123e-05,0.0002118502853949291,5.025612617099627e-05,3.746137026877562e-05
Z_T_1812_BES_0017,0.01019284021423192,5.321362966303981e-05,0.006422407380083937,0.030210551234182967,1.4178248253511734e-05,0.16659530436136705,0.004740999525652394,1.4798782750095538e-05,0.005170349424037807,1.1819457789526186e-05,0.11527478883296467,0.08390931322122058,5.039849398430065e-05,0.09056521624017541,0.007857771723415499,0.029452251890002418,0.004730288099881184,0.007177509889819767,0.10161758315047577,0.004869955247466694,2.3198332070909243e-05,0.05653937395865501,0.0023682171660949153,0.013727181729504365,0.0447250494804128,9.07033835077126e-06,0.009437271180173842,0.09294612658958386,2.5864906715915242e-05,0.11126710727101914
Z_T_1825_ON_0016,0.13233287112280354,0.13724766555728035,0.0017433725644180069,0.0005433904508028037,0.00015954884396427257,0.30985918259694645,0.00045447896526388225,0.00016653176313733583,0.014102038908965641,0.00013300520578318555,0.04090765901852649,0.0009196574786025752,0.0005671378656205908,0.04937084700151571,0.00026352089553877996,0.0008262483312923303,0.00033394252321206324,0.005832567856371964,0.10321548605803565,0.0019056269470291145,0.0002610524937660146,0.19103086283977413,0.00020155325798691705,0.004600029128012036,0.0007790666414538925,0.00010206916766829228,0.0004056319903744809,0.0012269363854758293,0.00029105964939962894,0.00021695849097800378
Z_T_1839_TEL_0523,1.0242149165048228e-05,0.0034999219797449397,0.351861288117646,0.0005509321711053859,1.7752610265002542e-05,0.02466786575026435,5.0568764671074786e-05,1.8529582629773577e-05,0.17078140211390844,1.4799164461599556e-05,0.11883130844097045,0.24386613799011167,6.310404541158742e-05,0.0005886691614911378,2.9321326553967284e-05,0.0010728755193074439,3.71569691023449e-05,0.04086755187204721,0.006579830665890266,0.00021203445703856034,2.904667351631094e-05,0.01095565833563809,2.24263388425709e-05,0.0049260679912111255,8.66848427889108e-05,1.1356987043379313e-05,4.5133681054736644e-05,0.0001365182155514757,0.020141673641067757,2.414044149939468e-05
Z_T_1841_HIE_0986,2.946206586998655e-06,0.0031230654234631673,0.053809691731688224,0.00961126264220809,5.1066291318677694e-06,0.10740821917052049,1.4546363772822855e-05,5.3301292061310956e-06,0.06365803582249464,4.2570553422159335e-06,0.04321195878395518,0.011880686999426278,0.025554778135756587,0.005107355284352374,0.00029060709179454746,0.3026566257396685,0.0002928610544460754,0.0011742854632440117,0.1799436718261028,0.10502922315600809,8.355424185403544e-06,0.006114264102608438,6.451051059256375e-06,0.02116909500829684,0.015967690755936882,3.266895404125366e-06,1.2982934174864203e-05,0.026422414084021618,0.01750402091368875,6.94412145463392e-06
Z_T_1842_S_0220,0.019322863227704812,0.0002015954619726461,0.38494040913311,0.00018293583435505237,5.3713128097608576e-05,0.13399586121612947,0.0001530032200318162,5.6063972031783265e-05,0.0002955697032077402,4.477704431052352e-05,0.0004159094713280708,0.04482931797692296,0.0031589111829352524,0.0002971146378296086,8.871597729433008e-05,0.04034590024967062,0.00011242386394566919,0.00047958056734908835,0.02732819504962032,0.07335706683393516,8.788497421513132e-05,0.2245827030788634,0.028263670175234845,6.463860376779656e-05,0.0002622777155211299,3.4362231286432545e-05,0.0001365585767851211,0.01673694937036284,9.798707307304675e-05,7.304044910770348e-05
Z_T_1843_ECH_0043,3.390760169618428e-05,0.0002205812034126438,0.054225898934968,0.00020016426012014492,5.8771692174477745e-05,0.00047786318929431436,0.00016741266926537728,6.134393253624703e-05,0.011689646608868441,4.899403102941241e-05,0.013445068368181313,0.032813740677674536,0.06515885996919366,0.026305075357130978,0.03581954245788644,0.001928106987141039,0.24530906561694632,0.000524746230118683,0.19714801036053145,0.11436436920855517,9.616175475662858e-05,0.0037947671276906173,7.424451184254742e-05,7.072610100691776e-05,0.023019460179711276,0.02114633150038002,0.0001494193118675813,0.15146058570224677,0.00010721524326905767,7.991921050367343e-05
Z_T_1844_V_0050,2.0740043672288023e-05,0.001128109357947176,0.20598269610425007,0.0001224331798432738,3.594850126277454e-05,0.0012854793681027253,0.000102400225854044,3.7521846907114834e-05,0.09753022754675879,2.9967862437932227e-05,0.008223858108028875,0.026030096039706314,0.00012778379192139087,0.23161162509352515,0.0020457505600228573,0.015083983040680884,7.524174365106128e-05,0.0003209681364976843,0.19805690434660575,0.011354430052555473,0.15896887916762772,0.0003347449366154903,4.5412660908288924e-05,4.3260577282857445e-05,0.029971170545666156,2.2997556808594583e-05,9.139434517911055e-05,0.011201511937307363,6.557965519529723e-05,4.888366717742509e-05
Z_T_1845_ON_0082,8.425076142877508e-05,0.0005480816517460179,0.30418724613609155,0.0004973513454903937,0.00014603096557886443,0.009256463177506908,0.02058874507160062,0.00015242225243538302,0.0048381257440720275,0.00012173625420867026,0.005165295900764707,0.021014511036314232,0.000519086745319551,0.0008077715632391937,0.00024119391823579958,0.15810386651539604,0.00030564902822749376,0.0013038453689679084,0.08236682436295048,0.1752300117870351,0.00023893465339026908,0.18694931344137336,0.02439180308326347,0.00017573427681828139,0.0007130597193626215,9.34212918131167e-05,0.00037126455919245905,0.001122983411368361,0.00026639943346998696,0.00019857654333832635
Z_T_1845_WAC_0083,8.651001470197178e-06,5.627789107937365e-05,0.5275351962407144,5.106882297650584e-05,1.499469057006761e-05,0.0005361938518106308,4.2712759838375495e-05,0.0020870231140092625,0.00546807957981493,1.2500071171770008e-05,0.00011610632351167215,0.15792498936937935,5.330064821687859e-05,8.294326202705437e-05,0.10317909954158024,0.08666100844162697,3.138452576236653e-05,0.014633485997154938,0.003900537088659541,0.04782065387460982,0.03813778185849263,0.00013962742723975166,1.8942341804617466e-05,0.0033322401231492315,7.321810006143837e-05,9.592646038056614e-06,3.8122032287165846e-05,0.00011530971326553125,0.007898568508054565,2.039015362275179e-05
Z_T_1847_JMT_0243,0.02190038144103255,2.0948317982910395e-05,0.10985520525821592,0.00017321470781334446,5.581473294265813e-06,0.29689070221795827,0.00017010433064132234,5.825755709055336e-06,0.044750268154758056,4.652901178296317e-06,0.08917391698097006,0.014681681546085087,1.9840098946985018e-05,3.08739683409958e-05,9.218711990542985e-06,0.006968145771909189,1.1682261236222117e-05,0.06373664862834369,0.1120171407452393,0.029674093596809996,9.132360261305176e-06,0.10213592257486011,7.05090741414683e-06,6.716768385802663e-06,0.004345004082893515,3.5706703938016862e-06,1.4190163120718257e-05,0.021014850843927967,0.06863156779427794,0.013731866966008597
Z_T_1848_DEI_0244,0.0007908550964989355,0.01327476427940755,0.17925701201598074,9.549683183699412e-05,2.8039523144605727e-05,0.4627107747624717,7.987129927501502e-05,2.9266719274048465e-05,0.08614355681944567,2.3374676075658663e-05,0.08233298682415906,0.09777105600952185,9.967026343864836e-05,0.00015510086749900848,4.6311838218028405e-05,0.0016945630814758188,5.868791572485133e-05,0.0025743865180166427,0.0018711154678419963,0.004208289968559136,4.587803495804903e-05,0.028924185665466923,3.542148662299533e-05,3.374287982424959e-05,0.0001369151701853026,1.79378973740894e-05,0.0016206428866744928,0.00021562494796397355,0.032587629251117585,0.0031368410019463762
Z_T_1849_NIE_0248,6.644363443218076e-06,0.14927041589341755,0.21076209023621767,0.005130129517516951,1.1516605818338073e-05,0.055775427697478314,3.280534641067248e-05,1.2020649129335004e-05,0.026472449563423952,9.600624415272437e-06,0.045907331952311614,0.00643001592821334,0.006086388598605796,6.370420580465547e-05,0.0009735664873635836,0.14324138115859658,0.0044786477883247255,0.048148255162230105,0.09845028402895589,0.028455719056836117,0.008927929458872497,0.07806174346383866,0.021014537208600966,0.02578657244635916,0.013419863964222284,7.367589391652404e-06,2.927945840520712e-05,0.002634016282496828,0.011475548611875696,0.008924746651423413
Z_T_1850_GRU_0872,1.3969410213460854e-05,9.087606205415672e-05,0.14074606454799243,8.246459554250484e-05,2.421303294408218e-05,0.12529229559045582,0.02682735076136394,0.0006942322393317809,0.07639461922573132,0.0013581037528542113,0.16809631566153246,0.001477485610622972,8.606848838831338e-05,0.00013393460348956387,3.999176657502652e-05,0.00012539093088041438,5.067890882226789e-05,0.04503647272989438,0.02369143151574014,0.002296075204485216,3.9617163463163283e-05,0.07314205034614528,0.2094149057548856,0.006049773411863162,0.006807825496427407,1.5489953157421968e-05,0.03953016795069599,0.05236503876865003,4.417103066684922e-05,3.2925485130591766e-05
Z_T_1850_GUD_0865,9.522863938356633e-06,6.194967153026212e-05,0.13561999221542625,0.029697886427569747,1.650588068773713e-05,0.34397758797699196,4.7017423563480534e-05,1.7228287869505894e-05,0.12869007638327776,1.3759849353698793e-05,0.14696808461386796,0.0010071931617617364,0.0009707237864444771,0.0060196365839354825,2.7262149649061376e-05,8.547825252690031e-05,3.4547511017594695e-05,0.006531733513057667,0.0731535211755853,0.02482253176152637,2.700678493354023e-05,0.0010657507233492354,2.0851382848638626e-05,1.9863246089007187e-05,0.0101131626457251,1.0559409028414703e-05,4.1964034773888955e-05,0.0908760460469479,3.0111129147890716e-05,2.2445107575184494e-05
Z_T_1850_KRN_0870,0.006839877175824509,0.01724197393921041,0.11634680683954325,0.00020969818026301656,6.157101618724895e-05,0.33561508507536986,0.001876475250038026,6.426577359668031e-05,0.08199106413050165,5.132764033124992e-05,0.0004767543745550527,0.07180062491784411,0.00021886247394150104,0.036063441942820136,0.00010169455899366998,0.00031885501716376823,0.012036491201033719,0.000549740145866787,0.017717426624624465,0.010941926591821452,0.00010074198546363798,0.2132094157799494,0.020490844429881968,0.04940566522501946,0.00030064727264739476,3.9389206581344626e-05,0.00015653622567773549,0.005576749247286486,0.00011232195695916502,8.37258010027267e-05
Z_T_1850_LWF_0867,0.0005807532836493174,7.727974606528537e-05,0.3495135580648512,7.012675130116666e-05,2.0590428272232457e-05,0.2982573360584074,5.8652361891132804e-05,2.149160243803182e-05,0.1133192080963473,1.7164863633392774e-05,0.11905407813208074,0.03766436231343524,0.01657053427483633,0.0006827700245103512,3.4008445081812975e-05,0.0001066307130644966,4.309664301162874e-05,0.028058663383533886,0.0008051533578418531,0.012761154510316178,3.368988777743941e-05,0.004173851001278402,2.6011269016425434e-05,2.477860779360057e-05,0.00010054172378546042,1.317244188965141e-05,5.234846079235091e-05,0.017793431742554072,3.756243345295687e-05,2.7999377090658996e-05
Z_T_1851_GIT_0875,1.92311335062213e-05,0.0001251054736870074,0.1891548799690003,0.00011352574104283221,3.33331230182851e-05,0.10065239766349947,0.009304250381892625,3.47920023059005e-05,0.05636015449105933,2.7787596426809765e-05,0.18720689637965596,0.0001921358695385474,0.026825457448435206,0.04991460315216563,5.505508037933378e-05,0.00017262072595641823,6.976764563557007e-05,0.006744126680014929,0.03814063507696366,0.0003981257141951122,5.453937911879336e-05,0.15502663322932234,0.06542813964030156,4.011322012761489e-05,0.00016276347451843606,2.132440472600993e-05,0.05994519592069773,0.05367027366444161,6.080850765217261e-05,4.53272107145491e-05
Z_T_1851_LBB_0548,7.322345723223555e-06,0.01687876206419282,0.0004893297888133243,0.03335483209392786,1.2691745429132682e-05,0.36793346140435673,0.00108809823409977,1.3247220669784217e-05,0.06143332534389911,1.0580259753731606e-05,0.16490306492658993,0.007086126464118977,4.511451938373195e-05,0.020407816967880087,2.0962484204424552e-05,6.572616398496855e-05,2.6564363534459797e-05,0.00011331893503749679,0.20422306208314242,0.023995685637990902,2.0766128492039864e-05,0.0032740193003120035,1.6033100442614777e-05,1.527329971221645e-05,0.018646342981513585,8.119368715072044e-06,3.22670965945584e-05,0.03691569151692944,2.315312905494886e-05,0.03893924103150065
Z_T_1851_LEH_0881,3.9799615415176245e-06,0.00021648131171753633,0.0025530512411528414,0.036807407753049845,6.898425806702107e-06,0.07972280342011873,1.9650342457396255e-05,7.200346827454607e-06,0.033581839623385706,5.750756453026456e-06,0.5897395671762239,0.04349433426277861,2.4521384116271764e-05,0.017763049489270034,1.1393873507457338e-05,3.572456352368125e-05,0.00020502892242573579,6.159296766670871e-05,0.13787589247672488,0.006562461340290841,1.128714702754397e-05,6.423670051030472e-05,8.714573930934814e-06,8.301594566055675e-06,0.005560801046960857,4.413172560932018e-06,0.00039871878901886094,0.04522293211643937,1.2584568755369246e-05,9.380651190935323e-06
Z_T_1851_LEH_0882,0.004503007330083126,0.00020249697261149265,0.008042674739520632,0.00018375390138534954,5.3953326740732266e-05,0.018326204333046322,0.00015368743201400447,5.6314683365997256e-05,0.03905318153689535,4.497728186263428e-05,0.6190277841316864,0.034595403499389756,0.0076449170782854625,0.019676588339501807,8.911270446558634e-05,0.004751285260583471,0.0001129266099321885,0.007934857901907842,0.14670052677610398,0.0006444102681309871,8.827798524064957e-05,0.000502402111509539,6.815761564691961e-05,6.492765982296094e-05,0.019641595630670267,3.4515895048384825e-05,0.00013716925030223746,0.0674930974075734,9.842525946861538e-05,7.336707720385407e-05
Z_T_1851_LEH_0884,0.0004059401975791833,5.40176978242522e-05,0.009700544241277684,0.0008442910958120926,1.4392484306842489e-05,0.17825823392269255,0.01316300620177834,1.5022395198812146e-05,0.030697218817181113,1.1998052066058929e-05,0.09117023197274922,0.004456962845342448,0.00044879665647740624,0.11459896204569657,2.3771531396468566e-05,0.04341692654435065,0.15312022723782864,0.00012850407403000754,0.15484580644685608,0.008124634258866165,0.001614095389612592,0.0005316564398481382,1.8181592736699872e-05,1.7319976015056198e-05,0.00046791419756740725,9.207392904754157e-06,0.02707588194885021,0.13371658693366395,2.625573042244848e-05,0.03302341167906822
Z_T_1851_LWF_0874,1.6601462477346413e-05,0.0009030002767702615,0.3000300876295531,9.800219677773145e-05,2.8775141666080852e-05,0.10437919707391777,8.196672745965185e-05,3.003453335739691e-05,0.14802867030846675,2.3987912062806467e-05,0.051897925221304035,0.0025508684429662635,0.00010228511860033038,0.01526420345433176,4.75268319888228e-05,0.017639055312584664,6.022759660927027e-05,0.0535220385622955,0.13230049350544346,0.08143386576053184,4.708164787507244e-05,0.0638680891902683,3.635077138592367e-05,0.0008296298897426373,0.00014050714764297218,1.8408499155605027e-05,7.315702011563146e-05,0.02327633302259508,0.0008474952973737421,0.002424134444680218
Z_T_1851_LWF_0876,1.0809431792091763e-05,7.03192603909468e-05,0.1285784932637354,0.020251620884007396,1.873587532253339e-05,0.0001523383929335706,5.3369620351525964e-05,0.0010548282079350462,0.11139487381156468,1.5618846811323078e-05,0.08244922484346208,0.00010799569229339999,0.005760596986696699,0.33812005210550394,3.094534890395398e-05,0.0021675712762237527,3.9214984730284105e-05,0.044683994294561664,0.0607784291572227,0.024552678085832082,3.065548363942841e-05,0.00017446455838123333,2.3668468029382266e-05,0.03470416975284257,0.002162030714246899,1.1986017273406945e-05,4.763350338150467e-05,0.14249402438793154,3.4179234189831325e-05,2.5477509809090878e-05
Z_T_1851_LWF_0880,1.0552696302586819e-05,6.864910324621109e-05,0.2553974482653267,6.229495871179765e-05,1.8290878377758427e-05,0.00014872019425000887,0.0015681272977071264,1.9091408937195247e-05,0.10824378545326795,1.524788260536533e-05,0.044106361854549546,0.012233632780192304,0.00815048545883885,0.16433724626235513,0.06168190437400317,0.004642797926387156,3.8283587179117346e-05,0.04362270195571335,0.08359128109157155,0.15737974899902285,0.021254281058911587,0.000170320839760423,2.310631676720388e-05,2.201131980018722e-05,0.0005946549252002973,1.1701336628661661e-05,4.650215706814591e-05,0.03248252978437098,3.336744106421576e-05,2.487239188263434e-05
Z_T_1851_WEI_0877,5.347772415290119e-06,3.478919227349485e-05,0.03518577877989419,0.028457692669933806,9.269238120311028e-06,0.0005875490927837882,0.0005385860684390127,9.674921665122564e-06,0.00722155995345003,7.727144196177238e-06,7.177321565087179e-05,0.020796816391373877,0.06866539121779659,0.03539185891550978,0.3626404534096728,0.00030409338448497003,1.9400910023787148e-05,0.004948493754648657,0.07053144732885644,0.16477735402768703,0.019734188898067523,0.004695954867561258,1.170954985185331e-05,1.1154640053719295e-05,0.010288909216282975,5.929866969585889e-06,0.0036088426660863576,0.16115264759941877,0.0002730007660209359,1.260454081101833e-05
Z_T_1852_DEI_0891,3.054369980466862e-06,0.00016613578119903147,0.0356004862766608,1.8030638461290254e-05,0.0002978261088356502,4.30455386738531e-05,0.0023553364108054517,5.525812993243409e-06,0.7133684171111175,4.413343619496961e-06,0.18126456789218037,0.01743616990437449,1.8818618909487704e-05,0.014948416464916191,8.74408077550019e-06,0.000319948355188305,1.1080792630772294e-05,0.011163484772422955,0.02214691708352685,0.0005020300120270076,8.662174919635064e-06,0.0001955636251326071,6.687886988238758e-06,6.3709513190166575e-06,2.5850783591345183e-05,3.386832171144769e-06,1.3459573601211501e-05,4.071187918159638e-05,9.657864434756329e-06,7.1990593617389826e-06
Z_T_1852_NIE_0761,2.9966321827014257e-05,0.07338049484940978,0.016352665347303376,0.00017689799151148608,5.194031290679002e-05,0.003292340031746487,0.031718191900997714,0.0014892244116690551,0.020375966181687116,4.329916679407357e-05,0.0004021822754843317,0.007474444029611554,0.0016196396863795961,0.007462362520189734,8.578788433482313e-05,0.05192937135340012,0.002978734976310691,0.020553903721358652,0.15988222974211014,0.0006203671393223463,8.498430871953493e-05,0.02487884171238142,6.561463578869734e-05,6.250519052728277e-05,0.03899891398959908,0.34013079836666127,0.025962246637229174,0.16973070259858772,9.475298528482354e-05,7.062973086602818e-05
Z_X_1828_ZIM_0208,9.056190261702553e-06,5.891379060539729e-05,0.09341226586997745,0.006992306994469294,1.569700007400349e-05,0.04176070728755387,4.471330643409538e-05,1.638400525719917e-05,0.001821088167625471,1.3085539657617487e-05,0.13499536840818394,0.4528501970988365,0.0004894749926243892,8.6828093190248e-05,2.5926151603454863e-05,0.03954597738731746,3.2854489454943814e-05,0.00014015151356460353,0.11640580104695983,0.011896785611071367,2.568330118945597e-05,0.00014616718667675822,0.0021882190014729493,1.888983576385227e-05,7.664743175007784e-05,1.0041938835993267e-05,3.990756200246869e-05,0.005324845186419284,0.09153467043959186,2.134517157454315e-05
A_L_1859_DEI_0917,9.902178358913687e-06,0.0014869875680000328,0.034803419707722195,5.845480380916225e-05,1.7163342414522373e-05,0.005829833656746793,4.889022011822632e-05,0.015666188034353552,0.05415211763955177,1.4307931245694335e-05,0.5862318700069221,0.1409333930244847,6.100941343120785e-05,0.0010433193913895816,0.004296059011980644,8.888301962609988e-05,3.59236064032008e-05,0.0385626424455091,0.10404458623367577,0.00020499633211711377,2.8082518352025114e-05,0.00015982146033466702,2.1681934482500317e-05,2.0654438290156514e-05,0.011938560145133836,1.0980011080797829e-05,4.363554490335539e-05,0.0001319867244508122,3.1310514708682614e-05,2.3339140402843595e-05
A_L_1859_DEI_0918,5.205142360109741e-06,0.06758359587454503,0.49363538848384825,3.0727135427234814e-05,9.02201893409435e-06,0.07460239949518149,0.014732099223036412,9.416882522129715e-06,0.05239445862398537,7.521054086595096e-06,0.06836737653889696,0.09327562282037681,3.206998204898686e-05,4.9905376637609356e-05,1.4901333347252322e-05,0.06310975822557349,0.001514449548169594,0.023760349825457664,0.03425228834345453,0.001104801664125244,1.4761752470465598e-05,0.003822926352311367,1.1397245286174328e-05,1.0857135447534043e-05,0.0007918369716366369,5.771711912226655e-06,2.2937298738763877e-05,6.937965218457472e-05,1.6458569066300085e-05,0.0067423157189311885
A_L_1859_HAU_0921,0.00408983365233215,0.000160071798209719,0.04642080778131037,1.7372517229809596e-05,5.10087182553637e-06,0.27287666490722284,0.0033967843920916993,5.324119921761074e-06,0.04202439461850127,4.252255860788565e-06,0.2229864346011238,0.14574819694509014,0.021016294644382136,0.004115106284465444,8.424920407413774e-06,0.00284496100938874,0.0004334581454197185,0.09009806755937198,0.09025198498759597,0.009643978244655032,8.346004128586817e-06,4.749825322178471e-05,6.443778027252571e-06,6.138410561418076e-06,0.0007295435649914619,3.2632122469763936e-06,1.2968296979329751e-05,0.03752587913434685,0.005505468796563855,6.93629252612073e-06
A_L_1859_HEI_0922,3.7290754990213907e-06,0.043953937714984556,0.30186394805295963,2.2013578102097813e-05,0.00018503949744883474,0.2705950878795737,1.8411637861534263e-05,6.746456381203821e-06,0.018607464070659503,5.388244274753163e-06,0.0359438103437624,0.07700348247520195,2.2975622190362412e-05,3.575328096978696e-05,1.067563444831843e-05,0.06664229439932122,0.0003706803818753827,0.02595122013429791,0.05721846832596935,0.010077451930545874,1.0575635717880955e-05,0.07166913524252376,8.165230691618137e-06,7.778284432186451e-06,0.0002101371107773887,4.134978064046752e-06,0.000373584631816003,0.018978753628131975,1.1791271478845207e-05,0.0001873652500388619
A_L_1859_SCH_0930,5.364257284518337e-06,3.4896432305539625e-05,0.34355098726720673,3.1666426899503796e-05,9.297811172115112e-06,0.09640583211881214,2.6485053076712253e-05,9.704745263820743e-06,0.03344564430497111,7.750963639431285e-06,0.023191250407725524,0.104860887252384,3.3050322722974114e-05,0.005189043356324349,0.0005291180923872878,0.13002974469373763,1.9460714637711282e-05,0.05608299152394618,0.14241855870678066,0.046606444146292114,1.521300144042211e-05,0.0008572211408447074,0.00026862626695469896,1.1189024984171393e-05,0.001072923094508653,5.948146184545534e-06,0.0020786834373022712,0.0026403067207332225,0.008237141579689406,0.002324568989787926
A_L_1862_KHN_0923,2.2488276814684824e-06,0.00012232006797868882,0.04365729721438745,0.00927466962052313,3.897869552466264e-06,0.15736770509505207,0.0069033035762494175,4.068466263515521e-06,0.059789749287292346,3.2493932833376172e-06,0.07401364545264162,0.014883774860310863,0.0014138337078247372,0.0031445894035366712,0.0005448911221307309,0.005943170434032038,0.017561731288128078,0.025019028771115885,0.19765703707018742,0.0020926775490099302,6.377661797874228e-06,0.058727690136576575,0.2773082993319588,4.690712577427468e-06,0.0064804709142168735,2.4936081704791334e-06,9.909821628924056e-06,0.035352501782706415,7.11075378020519e-06,0.002697566199404616
A_L_1862_LAN_0924,5.0091157300595576e-06,0.047047850305875,0.029119599391662733,2.9569945788185356e-05,8.682248021880112e-06,0.0933815009688236,0.004102586153451951,9.062240973699014e-06,0.03794783612046234,7.237809789893611e-06,0.3807469437794855,0.0005297930478107597,0.0009903574082650343,0.03890758103307155,1.434014635999484e-05,0.008440545254833955,1.8172314756657466e-05,0.06412382370029072,0.25460572915022,0.011857515489555279,1.4205822125006358e-05,0.0029593328435879567,1.09680229074694e-05,0.0031288076137594746,0.021870910373503614,5.5543481673952e-06,2.2073475799227715e-05,6.676680157053134e-05,1.5838736292034334e-05,1.1806337058422546e-05
EM_UM_1875_GUD_1045,4.4720761414301317e-07,0.00145917234938761,0.003456386923068659,0.12155777773680333,7.751402907228767e-07,0.02242847118884281,0.016278089737812123,0.002849088368488084,0.015851834453897682,6.461826442410385e-07,0.03305032507752676,0.00315256617269309,0.015165024110940216,0.212661531889249,1.280270408134223e-06,0.004629791096698596,0.005505440302722299,7.116778355028384e-05,0.09213895174701366,0.006348285778360666,0.005205267305210465,0.0033052255583983225,9.792114258571911e-07,0.0013501177400314114,0.06307282666675801,0.0008785368733991145,0.05094976363678114,0.30860524472747286,0.00021557040121485653,0.009809414361295813
EM_UM_1875_GUD_1046,3.345349978870129e-07,0.0037989231860917597,3.8375971665480157e-05,0.019193969790380728,5.798460207705464e-07,0.00961673214126098,0.13303197399480096,4.8665311473380815e-05,3.52308037522133e-05,4.833788663013923e-07,0.05471288948246971,3.538235602470684e-05,0.001700184233614325,0.11722176091387879,9.577101210602875e-07,3.002822177611296e-06,1.2136424084272966e-06,0.018235970390341097,0.08742795307496896,0.013207429634153148,9.487392447440574e-07,2.1419434233214073e-05,7.325020458513858e-07,6.977891348053807e-07,0.23815658510068374,0.0868930092063301,0.002356418471454147,0.2129587068911734,1.0577938098319123e-06,0.00129841085242185
V_X_1886_BET_0977,5.854534009994004e-06,3.808585959325025e-05,0.22748180815376284,0.0003149193671132332,1.0147602704059686e-05,0.018305825688513095,2.8905706003628245e-05,1.059172932837214e-05,0.012671982330439265,8.459378033235395e-06,0.0006392919863295381,0.02865508192932658,3.6071021235571414e-05,5.613155310516508e-05,1.6760418224931546e-05,0.0006132683790341802,2.1239364493960707e-05,0.04803194548842036,0.00011644586166772021,0.016382007493886866,1.6603423289201216e-05,0.002337362161658821,1.2819161423808716e-05,0.0005729291187818792,4.955008485821756e-05,6.4917885714284415e-06,2.579894770844548e-05,0.0017601877854254496,0.6417596347202126,1.3798962844319335e-05
V_X_1886_ON_0978,4.056501362145015e-06,2.6389007400888195e-05,0.3598380521429932,0.000606713009057677,7.031091479058076e-06,0.04201636112896681,2.0028244020330047e-05,7.3388188324926814e-06,0.03830702787255726,5.861350955710673e-06,0.021616805671426664,0.06084250595536938,2.4992962125811798e-05,3.88925440080671e-05,1.1612992467631866e-05,0.0019789667993777116,0.0002089718944324223,0.12963120973243888,0.017757935620304408,0.0010552558824465624,1.150421349913449e-05,0.00395058246790485,8.882166486430598e-06,8.461244992920083e-06,3.433236298203116e-05,4.4980435911386705e-06,1.7875627051199634e-05,0.0006368359098409663,0.32131145768835245,9.56105327573751e-06
V_X_1886_ON_0982,0.000445642576629185,0.002899066018456828,0.43525399512171364,0.002630729162984533,0.0007724276275322338,0.2410280551201858,0.0022002798652724516,0.0008062342008428271,0.004250473072509919,0.0006439212782735563,0.005981032525648614,0.004452359708092492,0.002745698089314295,0.004272690177097342,0.0012757900031652384,0.004000135773064682,0.001616723910544807,0.0068966618212003145,0.008863768447296394,0.03056644543084481,0.0012638396707293576,0.007192684761133065,0.0009757846000005419,0.0009295426485797637,0.025112402126699553,0.0004941498983462612,0.0019637958395129426,0.005939996416259148,0.19347530778578725,0.0010503663222820963
V_X_1886_ON_0983,2.9049230683469345e-05,0.0071444441714686845,0.6070670237015486,0.00017148419457429183,5.0350728398062384e-05,0.0004093936853844502,0.00014342533843591108,5.255441134538141e-05,0.021143472553560017,4.1974036448783026e-05,0.0017809675500267358,0.0837558483886583,0.0001789784490228811,0.000278515494485106,8.316242668269323e-05,0.014171685878505823,0.0001053862182202926,0.0533111192476337,0.007533253557960018,0.0033835687564317896,8.238344374461793e-05,0.006033230209941919,6.36065614672605e-05,6.059227785855201e-05,0.00024585933619562615,3.2211182553182884e-05,0.00012801011696132638,0.00038719892398986905,0.19206278175354408,6.846817426852136e-05
V_X_1886_RAU_0976,2.2337379090801732e-05,0.00014531272382758777,0.4742913883364283,0.001201542816940755,3.8717146074561466e-05,0.0035238435080257305,0.00011028678145657726,4.041166604056565e-05,0.00021305062243839694,3.227589654073481e-05,0.006717874371794242,0.04835877916320228,0.0001376253129891961,0.00342320484407307,6.394767115052794e-05,0.00020050272093272736,8.103663511723292e-05,0.16079771872903995,0.0025836477502559413,0.00046243166066604863,6.334867294012245e-05,0.00036052597892537186,4.8910206663927166e-05,4.659237606839175e-05,0.0012587335133633357,2.4768759059182545e-05,9.843326114829546e-05,0.00029773625480670666,0.29530236670160437,5.2648539335031444e-05
Z_A_1864_CS_0527,0.0002789556320445865,0.0018147072024281199,0.36596209161352833,0.0016467383389381837,0.00048351088595883384,0.0039313493533055825,0.0013772931328390001,0.0005046725399831199,0.016019112491817155,0.00040307070416483706,0.03046085304196193,0.0027870111196629612,0.0017187045988776878,0.0026745446943114834,0.02751554671214377,0.08265478506086062,0.014370483746152636,0.017675527954818186,0.00554838846013103,0.005774979940759709,0.000791116497032302,0.04457777702729789,0.0006108047662129482,0.0005818590292882383,0.015719427125654314,0.0003093194062843097,0.0012292629527489952,0.003718216215276306,0.3482023996127958,0.0006574901427211638
Z_B_1860_KNI_0533,0.00017718056221861572,0.001152623591184544,0.5718323431316565,0.0010459370279836547,0.008791831165456,0.01946647510519043,0.00935952302327063,0.00032054618763249765,0.0016899220320886058,0.0002560130923127031,0.00237796557402107,0.001770189020641428,0.001091646886226683,0.018668207099459832,0.0005072342767235109,0.0015903918126120577,0.0006427842994475861,0.0027420055510735245,0.003524096572519347,0.00366801768871076,0.0005024830102810081,0.0537680553468216,0.00038795679115782346,0.0003695717099728251,0.0014995748386075385,0.00019646631942466986,0.0007807747041571493,0.002361650254717681,0.289040923999654,0.00041760932477575484
Z_E_1853_BEC_0651,1.225588403539316e-05,7.972895498878813e-05,0.002579732176336137,0.021787763135026627,2.1242995901278393e-05,0.00017272338767130533,6.051121748321665e-05,0.056364868185020275,0.05117746256709633,0.18137075985901385,0.08291782191455135,0.001296253172543285,0.03822421113864623,0.2466167984299607,0.0017957954997257248,0.0024576224459164388,4.4462494842300175e-05,0.002537281547656586,0.04308769248564975,0.03194648928131494,0.13795698086089925,0.0007847134192957132,2.6835638083746654e-05,2.55639104169916e-05,0.00010372816913003583,0.02877184071778463,5.400752832080716e-05,0.06765721333701191,3.875289087402216e-05,2.8886754802343347e-05
Z_E_1853_HOF_0892,1.1191787885209803e-05,0.0006087528476294752,0.0028916975691085714,0.07777826994798291,1.9398609148626973e-05,0.00015772697522672824,5.525743461607702e-05,2.024762137829277e-05,0.1555311501933091,1.6171323700085702e-05,0.1159145906762046,0.02262155711662386,6.895497024738049e-05,0.3934918310140072,3.2039961732331044e-05,0.0011723511389874087,4.0602114844202286e-05,0.006068609979595911,0.10205238540068752,0.047394961610241135,3.1739843223027544e-05,0.0012525282427055156,2.4505679747802537e-05,2.3344367658607435e-05,0.036003119067134076,1.2409992078452491e-05,4.93184171313469e-05,0.03498568047992772,0.0016432269054681417,2.637871176867098e-05
Z_E_1853_JOS_0717,2.7663842790682297e-05,0.00017996329520626582,0.254876127854425,0.002812807909918673,4.794945002082194e-05,0.00038986927658701386,0.012059344119250703,5.00480370463927e-05,0.05192914214261484,3.997225118496064e-05,0.02951580209200763,0.05061692353112203,0.030639715484307786,0.006888987737544342,0.1126830302263003,0.09165613174144867,0.0014251112274230085,0.00042811925612067184,0.1555460954478778,0.04826373641937948,7.845449200150535e-05,0.015018756123174548,0.09809214614265953,5.7702569382058846e-05,0.00023413404985653193,3.0674997901417665e-05,0.00012190518192449616,0.012291491890073536,0.023932990354312785,6.520285613647111e-05
Z_E_1853_RNN_0894,9.33137336325336e-06,6.070395613355175e-05,0.00375157687231138,0.3745201690483779,1.6173972072226003e-05,0.009962333559055533,4.6071973377871896e-05,1.6881852724203823e-05,0.02421920952712667,1.348315932818438e-05,0.1936137595304616,9.322859386096619e-05,5.749256322849548e-05,0.022432251899704183,2.6713948525046247e-05,0.00902087358519087,3.385281215431476e-05,0.018465494237852636,0.14898855068490433,0.04353818318189972,2.6463718812666254e-05,0.00015060865031790575,2.0432092672990755e-05,0.005828588038119122,0.11313347073961098,1.0347075079227696e-05,4.1120200691566406e-05,0.03185113374376781,2.9505639299998007e-05,2.1993769974894408e-05
Z_E_1853_RNN_0898,5.958099124788583e-06,0.0008947141736239579,0.00011284319963632306,0.2981926859695353,1.0327111036771003e-05,0.014349877839956282,0.0023119626014967637,0.0002960972893169806,0.028873965182258376,8.609022130546507e-06,0.07597460441438586,5.952662934651147e-05,0.0043164820354436115,5.712450501747968e-05,1.7056905466188855e-05,5.348053955886619e-05,2.161508307689592e-05,0.0012334789497663499,0.10540091977749057,0.014959891581141487,1.6897133332732226e-05,9.616390135865791e-05,1.3045928903878124e-05,1.242768876090833e-05,0.4231773100593893,6.606626546145888e-06,2.62553240786986e-05,0.029467189960893297,1.8839405181442055e-05,1.4043062745110505e-05
Z_E_1853_RNN_0899,5.376687786626571e-06,3.4977297214200104e-05,0.00010183158094235482,0.2443763563023633,9.319356831699805e-06,0.004195388381032682,2.6546426439443554e-05,0.0007821548940588809,0.043564706909292004,7.76892481555512e-06,0.12906758053869316,0.004430807894988114,3.312690967331884e-05,0.006745923158486901,1.539243530141097e-05,0.004167875916245245,1.950581062052888e-05,0.0003406842678898039,0.08301417709039546,0.015559862173212941,1.5248254269741745e-05,0.000601731678086869,1.1772863313207979e-05,1.1214953121335178e-05,0.432090043726884,5.961929722464282e-06,2.3693241309218804e-05,0.03071129671082349,1.7000992703350356e-05,1.2672693482780125e-05
Z_E_1854_BEC_0649,1.6303354970438768e-05,0.00869404691138531,0.0010895029470312132,0.2319719101706435,0.0015897107432512022,0.0033526694128977563,0.013352839495233394,2.9495212205870316e-05,0.06417504362848311,2.3557168285219346e-05,0.10561684045488436,0.00016288479733279874,0.02508368534670789,0.26013812109848744,4.667340685144472e-05,0.00014634067043483892,5.914610763221608e-05,0.0002523069645467485,0.05731728069733814,0.009706228267740096,0.05313561469611722,0.000263136645825457,3.5698031433234904e-05,3.4006319312186724e-05,0.06806115951012037,1.8077943230385958e-05,0.028177984909226083,0.06345612687107224,5.1550923150489204e-05,0.003942057294169314
Z_E_1854_DEI_0905,7.258714292922508e-06,4.7220559811565355e-05,0.019603151397107693,0.0028236605852965443,1.258145373502281e-05,0.00010229777951480755,3.583859295332152e-05,1.3132101877174017e-05,0.7915574920294693,1.0488316941068268e-05,0.09360218168000091,7.252091417031524e-05,4.4722472694837363e-05,6.95944213686134e-05,0.0007159830068069453,6.515500141211975e-05,2.633351832301702e-05,0.000807536876979916,0.03142849573912097,0.05715689131388512,2.0585670137885274e-05,0.00011715586978926757,1.589377226119769e-05,1.5140574224669127e-05,0.0014518397959384802,8.04881112819889e-06,3.1986694441261834e-05,9.675183464906179e-05,2.2951927585720427e-05,1.7108574081999392e-05
Z_E_1854_DEI_0906,2.5024145770135972e-06,1.6279111208774104e-05,0.00016722865086932513,0.25454274450749703,4.337409072188063e-06,3.526677650111917e-05,1.2355220746667566e-05,4.527242957655656e-06,0.42160080087793306,3.6158079988433693e-06,0.04545077050691163,0.0001448355755116994,0.00025508642874421815,0.006974379603994752,7.163937353735865e-06,2.2461942806869285e-05,9.07838185335723e-06,0.0008775666243404774,0.06452060555526919,0.03144838195626286,0.0001269310945688098,4.038904749691323e-05,0.00036498210405803625,5.219656280053679e-06,0.14406196204037328,2.774797502978285e-06,0.0004903643405885207,0.028793577678751223,7.912591106811932e-06,5.898116862989934e-06
Z_E_1854_GUD_0703,3.750016113578544e-05,0.00024395210093642398,0.007893381825448404,0.22828634953900662,6.4998637960694e-05,0.0005284934853240804,0.014551448084394663,6.784341090897286e-05,0.00933660712340787,5.4185019476072004e-05,0.08131372013533968,0.007557808358945139,0.005618408092679533,0.1889171991684586,0.00010735583448062194,0.0003366054859245723,0.0001360449165698881,0.0005803438521298012,0.0995141703337452,0.03130471659951145,0.00010635023174992812,0.0006052537429919663,8.211082525062725e-05,7.821963369835494e-05,0.09190253260655383,4.158198023488231e-05,0.0019610377291490078,0.2285648194647885,0.00011857485335668984,8.838676644210345e-05
Z_E_1854_HIE_0900,6.433519574973798e-06,4.185236994175904e-05,0.00012184740779866113,0.5083780138744349,0.0009354057620687317,9.06682286181964e-05,3.176434282990362e-05,1.163920097664204e-05,0.0012937014390827337,9.295970281497944e-06,0.010561230759906877,0.002220870585458689,0.013595372549649775,0.01916294463105981,1.8417943862103404e-05,5.7747964732683945e-05,2.33398366118706e-05,0.0016399880159348572,0.12859935255552685,0.009375733752315667,1.824542287401645e-05,0.00010383720190602365,1.408691551095914e-05,1.3419343525578331e-05,0.19291557891557504,7.1337955812675914e-06,0.006806217478915013,0.10267801444485138,0.0012526821559622388,1.5163614631278822e-05
Z_E_1854_KRI_0746,2.3572938888670315e-05,0.00015335048685029086,0.003833002859954185,0.00013915640256087668,4.0858728978422935e-05,0.00033221576268685526,0.00011638713516638997,4.264697886404614e-05,0.010384467357184657,3.4061191048375556e-05,0.04095490436356989,0.0013643623250137952,0.2462341054402754,0.21357828552240993,6.748484403548153e-05,0.0013404412552070499,0.01814708732223176,0.0037513534193459965,0.08061707162035713,0.09644009179550331,0.010226484860997767,0.00038046795169830285,5.1615603962945004e-05,4.916956592236995e-05,0.027291862913968217,2.613880712132164e-05,0.00010387795453660866,0.24414537665426297,7.453722030124682e-05,5.5560717095655774e-05
Z_E_1854_LBE_0757,1.2170171502072254e-05,7.917136398259202e-05,0.00023049651636424556,0.11837994338739814,2.1094431261733334e-05,0.0030855080458946126,6.0088027305352625e-05,2.201766395237826e-05,0.0350839886595426,1.7585017234436197e-05,0.002494531696752526,0.0275131212403434,7.498299846621678e-05,0.278111579353694,0.03966514043094354,0.00010924077039048195,4.415154272659022e-05,0.0013539398150270079,0.12554374538517657,0.045710233424753506,0.0769639195282409,0.0001964269387486489,2.6647960840979142e-05,2.538512710628946e-05,0.0100105776233594,1.349487083593826e-05,0.11369934174659611,0.12138430965931024,3.8481869343406425e-05,2.8684732906054302e-05
Z_E_1854_RNN_0902,0.0002164326578274234,2.8800286297197824e-05,8.384806485406316e-05,0.19570720754376447,7.673553025410311e-06,0.0026064583817028697,2.1858312177222372e-05,8.00939877154843e-06,0.0604637920344098,6.396928200002693e-06,0.10606216567364743,4.4231222564372054e-05,2.7276678266200144e-05,4.244632567047587e-05,1.2674122325030782e-05,3.9738679546611085e-05,1.6061073183838937e-05,6.851373293363333e-05,0.08870635304182317,0.051396981825298914,1.2555403746940843e-05,7.145452330071146e-05,9.69376884330886e-06,0.23448731319804514,0.22221922949272943,4.909049485419802e-06,0.00044351999361812335,0.037159971737897195,1.3998607559485178e-05,1.0434688484521525e-05
Z_E_1854_RNN_0903,4.920591654807043e-06,3.201022704126232e-05,0.004098981639528306,0.17039286633782152,8.528810166045073e-06,0.015149961066165615,2.4294534030370192e-05,8.902087656198677e-06,0.07898452434509079,7.109898906409928e-06,0.06156667170604602,0.0035836800866623506,3.0316805021396084e-05,4.7177188023700036e-05,1.4086718756418756e-05,4.4167760746557355e-05,1.7851162791775312e-05,0.0014899575688441277,0.09953567292909879,0.048406960700626084,1.3954768379278077e-05,0.0003150531035746472,0.0002464087938611891,0.29855930736062697,0.18454354085881144,5.456188419917513e-06,2.1683380193927704e-05,0.03281879686829773,1.555882471502549e-05,1.1597688441273523e-05
Z_E_1854_RNN_0907,2.4836640102809152e-06,1.615713199562823e-05,0.00016597560830533726,0.5083486000100501,4.30490891054336e-06,0.0115718279844644,1.2262643204466751e-05,4.493320372656214e-06,0.10623384487378972,3.5887147866323894e-06,0.1340745943836109,0.00014375032403145125,0.007984037491445849,0.007635738719016682,7.110258044698157e-06,2.2293635700039478e-05,9.010357631339912e-06,0.0009899273715989882,0.05535480013788257,0.020984213886204636,7.0436562159267854e-06,4.0086412778702734e-05,5.438262006155426e-06,0.0010756076501297325,0.10611224029892466,2.754005973777969e-06,1.0944665761135607e-05,0.0389252897087472,0.0002457259920719099,5.853922333892908e-06
Z_E_1854_SAN_0786,1.9833899402835463e-05,0.00012902668368713004,0.013672772523036664,0.0001170840047856497,0.000984172827531794,0.013576650222308166,0.001997516175266878,3.5882496137589304e-05,0.010636917106375914,2.8658549533632096e-05,0.000266193590244655,0.00019815802884791308,0.0020217907189380505,0.49883250335836954,0.002906165494611917,0.00017803121757521166,7.195438920232755e-05,0.004106124603297704,0.06118136942905464,0.1495284093191765,0.23845477792503636,0.0003201197405052391,4.3428556000273625e-05,4.137049812885601e-05,0.00016786500800955364,2.199278051001031e-05,8.74012744096851e-05,0.0002643672251076639,6.271444287044114e-05,4.6747912037148507e-05
Z_E_1854_WER_0901,1.0831859641143498e-05,7.046516165456656e-05,0.03236518049475751,0.09861887628581141,1.877474927924713e-05,0.09715145730667556,0.027026409484634976,1.9596457249383647e-05,0.026038821456981037,1.5651253430411307e-05,0.2252655921390518,0.002701770644115189,0.02340869527794807,0.01410902743084024,3.1009555573408975e-05,0.0011346482901474567,3.9296349576745356e-05,0.07019350506871316,0.18280142598015997,0.01163586659185809,3.071908888463437e-05,0.0001748265445480839,2.3717576330212395e-05,2.2593612073674966e-05,0.08049175309807749,1.2010886349905132e-05,4.773233531311714e-05,0.08521284729878127,3.4250150656104256e-05,0.02129264757088609
Z_E_1855_DEI_0909,7.258714292922508e-06,4.7220559811565355e-05,0.02099355677169652,0.0007380525234133094,1.258145373502281e-05,0.0032307098723396606,3.583859295332152e-05,1.3132101877174017e-05,0.8002475256206495,1.0488316941068268e-05,0.09985900586565062,7.252091417031524e-05,4.4722472694837363e-05,6.95944213686134e-05,2.078031951253352e-05,6.515500141211975e-05,2.633351832301702e-05,0.00011233418968550417,0.02100045542970479,0.04881445906635218,2.0585670137885274e-05,0.00011715586978926757,1.589377226119769e-05,1.5140574224669127e-05,0.003885049201468921,8.04881112819889e-06,3.1986694441261834e-05,0.0004443531782962677,2.2951927585720427e-05,1.7108574081999392e-05
Z_E_1855_DEI_0910,4.354234995604284e-06,2.8325872288983636e-05,0.004044218170979959,2.570403634245985e-05,7.5471500789096286e-06,0.005065682093046966,0.0014810908333046143,7.877463590926082e-06,0.369526966814742,6.291554513216915e-06,0.4181274572693144,4.35026217661564e-05,2.6827361959636342e-05,0.13077953993216165,1.2465347276381358e-05,3.908408236482261e-05,1.579650643520534e-05,6.738513739387565e-05,0.03428277421542395,0.011141342990954107,1.2348584295395556e-05,7.027748545968752e-05,9.53408780110674e-06,9.082272077698144e-06,3.6852243604104335e-05,4.828184947516705e-06,1.9187638293691168e-05,0.025079624997108217,1.3768014868385473e-05,1.0262802610286659e-05
Z_E_1855_JDE_0911,0.044276670095522025,0.00021465590034114114,0.019586515357375014,0.0017749185919525283,5.7192953448007995e-05,0.0004650267182828349,0.006483440352689277,5.969609769696063e-05,0.014535899010844481,4.7677942087777626e-05,0.0036031167045200052,0.005070060186099249,0.1803382557510382,0.009797150463823625,0.02379643132957619,0.03347893753878496,0.01434088799900996,0.0005106503760704797,0.21555414297001438,0.10181150005060163,9.35786355605898e-05,0.000532568838874828,7.225013867177505e-05,0.0016489574304705474,0.0050196630474896985,3.6588401456777546e-05,0.00014540557591069403,0.3164660539367956,0.00010433520271970216,7.777240227095373e-05
Z_E_1855_KEL_0731,2.4953188392475326e-05,0.00016232950870170287,0.0004725999954616042,0.00014730432830289156,4.3251101039662886e-05,0.0003516677556594039,0.025217039527756425,4.514405704737666e-05,0.012187446329737419,3.605555171191266e-05,0.0756164132759221,0.02175830791835873,0.00015374186687850728,0.024138136852753588,0.2044069714637915,0.000223982507003183,0.14945860770272065,0.00038616979330231496,0.13672000557484112,0.2036571751013856,7.076709240875595e-05,0.00040274522073231733,5.463781566488478e-05,5.204855650081144e-05,0.0002111923169665741,2.766929408052718e-05,0.06224708207007477,0.08158883876352419,7.890154508152473e-05,5.881392419743073e-05
Z_E_1855_KEL_0732,2.025718314239429e-05,0.00013178029738984725,0.0013537250935287475,0.00011958274466436001,0.02040647482320857,0.11572321162321708,0.0001000161890555493,0.001976778114048199,0.08846911747667772,2.9270163910137076e-05,0.030343886971677683,0.06034641186427984,0.029226756299104605,0.23300980002772473,0.0019981222996849624,0.00018183065801820764,7.34899986314486e-05,0.007103949917896113,0.04502589872267545,0.09451566410106219,0.25324439261236864,0.00032695155295500315,4.435538340894787e-05,4.225340364328502e-05,0.00017144748702128032,2.2462137855658783e-05,0.006879720962117781,0.009000593453138715,6.405285864856864e-05,4.774557924427483e-05
Z_E_1855_KEL_0733,4.611215315341779e-05,0.0002999762214286497,0.020747081768185346,0.006896791273119365,7.992571385371729e-05,0.0006498631418570603,0.00022767044140005585,8.342379497936222e-05,0.03356271479986762,6.66287248114574e-05,0.0006188777785201868,0.03358360469672179,0.0002841067201549245,0.24555159860122477,0.0177975590744288,0.0004139076539706552,0.004583675107809071,0.0007136210560310524,0.12236781188083956,0.17098552713661935,0.32915161913704233,0.0029524451494163714,0.00010096775146646696,9.618293947171424e-05,0.0025984656620458746,5.113137071785875e-05,0.00020320063490929713,0.005031018818581442,0.00014580582142912477,0.00010868497594332474
Z_E_1855_KRI_0745,8.528299812131607e-05,0.0005547967244865651,0.030203113499152858,0.0005034448727083504,0.0001478201306660563,0.009369872964824437,0.0004210694252684454,0.0001542897232932762,0.0008134166394051598,0.00012322776154077812,0.017480537720564165,0.004936037468661563,0.19655675597165465,0.3152845605047564,0.14726763106416393,0.0007655093779406694,0.00030939382692872145,0.0013198200261511095,0.005780252503193442,0.11611713814120667,0.00024186207045055888,0.001376470187410629,0.004270722339540206,0.0001778873655927056,0.0007217960962667203,9.456588544810245e-05,0.028963712563746018,0.11548833930444988,0.0002696633478303613,0.00020100949457622187
Z_E_1855_KRI_0747,2.5042963257403222e-05,0.00016291352664314968,0.006470518983871059,0.09608733350010015,4.340670687618955e-05,0.01954083280380643,0.02530776365815126,4.530647323083111e-05,0.00023885608459269617,3.6185269895975015e-05,0.0003361051785359025,0.020637344721929275,0.1416650563241571,0.007435567019487927,0.1199960672574477,0.0002247883358614497,9.08520855331742e-05,0.0027860466086844613,0.012490538433808372,0.3291112278520458,0.02645438397625101,0.00040419418978680907,0.07680643375617326,5.2235813217510676e-05,0.006208170830809858,2.776884076368686e-05,0.00011035585384581767,0.10706649201871345,7.918541163360159e-05,5.902552088870952e-05
Z_E_1855_MOR_0760,2.620576598759292e-05,0.00017047797864582894,0.044418782208566966,0.042822230241673115,4.542218071390547e-05,0.001624247857654705,0.03150257129117304,4.741015761620443e-05,0.006524583734671865,3.7865435705236915e-05,0.0016066387215567853,0.0027716733613214646,0.005181168869652754,0.5850474224649891,0.033958061978359246,0.0002352257784263675,9.507055808434775e-05,0.004170336601151854,0.031894414062934986,0.009327007380231936,0.02391794003062631,0.0066975988706609365,5.738047534714958e-05,0.0038194434485258884,0.00022179355799167193,2.9058212293818093e-05,0.00011547993148892157,0.16223493305614872,8.286217352045726e-05,0.0013166936142788685
Z_E_1855_OTT_0765,3.588893869502418e-05,0.00023347051665532247,0.05051998390970425,0.00021186054161993875,6.220592291816453e-05,0.0383156438438416,0.00017719516342884291,6.49284680713003e-05,0.09486694708624006,5.185691963093238e-05,0.015949339527893076,0.0003585619350390018,0.0002211193354723827,0.2529826857415369,0.00010274321084320601,0.0003221429797331663,0.00013019964508598182,0.0022740388302010146,0.08492669034352851,0.023085166520979493,0.055097937143266974,0.012609657760619156,0.024139401266094422,7.485886869613076e-05,0.00030374748097357747,3.979537938687157e-05,0.07062197568881479,0.2720218876718533,0.0001134801961911781,8.458916298535609e-05
Z_E_1855_WID_0842,2.4953188392475326e-05,0.00016232950870170287,0.048270386013646645,0.00014730432830289156,0.02155225480922293,0.009911224959296413,0.0013181465186639081,0.004824922658865881,0.00023799982519115846,3.605555171191266e-05,0.06008213282001196,0.0002493042101754657,0.32398374214008213,0.18187083071276422,0.03233494179832536,0.022927930865641075,9.052639589240266e-05,0.00038616979330231496,0.15105934138029664,0.0017115291745538213,0.052648331712412295,0.00040274522073231733,5.463781566488478e-05,5.204855650081144e-05,0.012160638821512833,0.001222613944535153,0.00010996024643421944,0.07202928155988718,7.890154508152473e-05,5.881392419743073e-05
Z_E_1856_BEC_0650,1.2134810753171953e-05,7.894132953144185e-05,0.00022982680275863515,0.07096646728810391,2.1033140844674397e-05,0.021090803802762795,0.01400643791521732,2.195369105879507e-05,0.06287510017114942,1.753392351084089e-05,0.07628764245166264,0.00012123738910096769,0.1116469609352879,0.3452928257645612,3.473965698318094e-05,0.0018522389279034344,4.4023259274245284e-05,0.0007689007213155552,0.07520392874106334,0.0560373145125897,0.011656517979773916,0.00426359252046075,2.6570534499711687e-05,2.5311369961186383e-05,0.021603595359838298,1.3455661138770858e-05,0.07036720156202464,0.0553667383289247,3.837005927410423e-05,2.8601388670733506e-05
Z_E_1856_DEI_0849,5.96661103825236e-06,3.8814961167276444e-05,0.030114214359638014,0.007178367483604971,1.0341864647551006e-05,0.018084814009719796,2.9459066121285107e-05,1.0794493467279594e-05,0.7126570763941144,8.621321229612865e-06,0.08408346659399663,0.0017739665250426802,3.6761551491169175e-05,5.720611474453959e-05,1.7081273456758862e-05,0.007768153787421382,2.1645963012393706e-05,0.01580725739452905,0.03326286890640676,0.08784134502130936,1.6921273068191766e-05,9.63012839012374e-05,0.000298790375734252,1.244544331803671e-05,0.0006219502713846855,6.616064964720416e-06,2.6292833197268227e-05,7.952931349717501e-05,1.8866319702878312e-05,1.4063125072431555e-05
Z_E_1856_DEI_0850,5.716699523027507e-06,0.010440000148792958,0.00010827122074118834,0.0676520181636216,9.908695626183589e-06,0.008840827867235997,0.0008494997219479577,1.0342366086896043e-05,0.6127253384925813,8.260217172733732e-06,0.1481799016184671,0.0011521475676936456,0.0049628690870528545,0.0022448755001674378,1.6365824283990426e-05,5.1313710729556325e-05,0.0013895302365915859,0.0006359866903646282,0.03241716994190346,0.04337214084954382,1.621252551201724e-05,9.226770443316698e-05,1.2517357294705502e-05,0.00877218602051166,0.049324856449306696,6.3389510704915006e-06,2.519155782641579e-05,0.006646394619001741,1.8076103864534704e-05,1.3474091050753915e-05
Z_E_1856_MER_0223,9.606095844258075e-06,0.09206478486259566,0.07976391838246015,0.017997154240399507,0.00047666161436884814,0.16665953132498992,4.742836609075969e-05,1.7378866859616415e-05,0.034592481674838596,1.3880113435390871e-05,0.053950266617608954,9.597331209364613e-05,0.047900377929956536,0.116935013473,2.7500426777554432e-05,0.004226328569264797,0.028095549053710273,0.001988707600387698,0.13635445863263929,0.04435996778293909,2.724283011877437e-05,0.11653794425738731,2.1033628478357488e-05,0.027160713507732064,0.015261680046517054,1.065170056427167e-05,0.008322537245951325,0.007028212253306074,3.0374306978010578e-05,2.2641282706294043e-05
Z_E_1856_SAN_0787,1.987164738297094e-05,0.00012927224794022252,0.003231166110032076,0.00011730683967036226,3.444331903672091e-05,0.022166912695263604,9.811267576196297e-05,3.59507878902045e-05,0.00494754579421382,0.0009803156839546785,0.0002667002112651947,0.00019853516423539856,0.00012243341887045698,0.5016850891466736,5.6888749879736466e-05,0.00017837004751117288,7.209133316877127e-05,0.0003075290356390862,0.057491399763148966,0.14505497960613975,0.25508585034666686,0.0003207289940544347,4.3511209453128e-05,4.1449234675303335e-05,0.00016818448956278169,2.2034637283857673e-05,0.0019907727996102053,0.005022883326785845,6.283380132313868e-05,4.68368829056153e-05
Z_E_1857_BRE_0657,0.03462158826553264,0.007227804437801064,0.0009115856249415824,0.0002841314207830984,8.342590425152855e-05,0.053690956266307356,0.00023764082332635835,8.707717700195092e-05,0.0004590715646769319,6.954659956738772e-05,0.0029508774357537896,0.025834744555627925,0.0026014457333047,0.3554156267855846,0.009357379924189915,0.0004320339305611932,0.03244317357551245,0.0007448726951789666,0.11620218542148059,0.042484574283205644,0.00013650077185406063,0.014606227286826137,0.00010538943676812518,0.00010039508328551014,0.0004073632714634172,5.3370569145803144e-05,0.05783452727744916,0.20577739143348572,0.03472564782312727,0.00011344462200515945
Z_E_1857_KRN_0739,2.2530179789304405e-05,0.00014656696205049647,0.12018604568443329,0.00013300075918986192,0.014064919525773946,0.0003175200554129098,0.0001112387001402332,0.0011196734098770087,0.017477496542728625,3.255447959976595e-05,0.0013812936920168778,0.00022509623175760376,0.02063815902998616,0.00021601274860704966,0.32589620704434874,0.00020223332077124804,8.173608691018488e-05,0.002506497747485476,0.10078702539997038,0.3068776975774522,0.0054584601469710335,0.00252146366503512,4.933236550227532e-05,4.699452900739005e-05,0.00019068508587109136,2.4982545736135226e-05,9.928286850053413e-05,0.07906095061594323,7.124003427460663e-05,5.3102964857277226e-05
Z_E_1857_PET_0768,8.493612022832567e-05,0.0005525401584292355,0.00974339355776139,0.12252263257777075,0.00014721889083400833,0.00933176218233292,0.004486731291683263,0.0001536621692050638,0.004877482682760769,0.000122726548084136,0.0011399397731036902,0.0008485862422004741,0.03306230549342435,0.021151215149494997,0.3337678660742388,0.00482977027807057,0.0003081354063624486,0.0013144518238143836,0.11964322842846005,0.009893108902902424,0.00024087832682943475,0.0013708715676518126,0.00018597719887872795,0.00017716383105562664,0.0007188602812208475,9.418125057578772e-05,0.0003742847032040824,0.2655114619747122,0.00026856652600218086,0.0530760605887072
Z_E_1857_SCH_0791,1.0333377053343549e-05,6.722235226679629e-05,0.006133777981131638,0.04707071608000859,1.7910734611768822e-05,0.0006404684201628713,5.101918591961393e-05,1.869462755023583e-05,0.0020779146793144707,1.4930982159292747e-05,0.00013868572595402066,0.010989699992404142,0.0005585052335262533,0.12281917361158678,2.958249466042918e-05,0.002072109960821794,3.748793009227357e-05,0.0001599169620347148,0.004659081446988967,0.11551143658920521,0.5923517246333604,0.00016678102039714024,2.2626092576072926e-05,2.155385319686545e-05,0.014932630368191818,1.1458144908654354e-05,0.0005403748052642831,0.07881715329429227,3.2673957435621335e-05,2.435546292361118e-05
Z_E_1857_WID_0839,4.177638672664315e-05,0.004272900052863475,0.018796305358227593,0.002247180261618398,7.241057515242983e-05,0.0005887587561414847,0.00020626337647929402,7.557974379697147e-05,0.024405234360095288,6.0363856043885834e-05,0.05257537110656968,0.02242359527262598,0.04827094785505794,0.22846492459324463,0.1521625210979964,0.008377248465486983,0.006153252755188954,0.0006465217339524525,0.12486594281146055,0.026872202948790613,0.00011847758184199765,0.0006742721542828661,9.147410267633697e-05,8.713919002018712e-05,0.024360353489035716,4.6323664606719834e-05,0.0001840943813407903,0.25262800216162207,0.000132096203852227,9.846570320144995e-05
Z_E_1858_BRE_0658,2.0719465350457047e-05,0.00013478761022442655,0.0043612252928224675,0.01302094335466704,0.0010281152679432852,0.03700349156769949,0.04574361062816633,3.748461763925273e-05,0.001189821635026997,0.001022140563122847,0.037981771422119864,0.02600426891503579,0.025924920311177744,0.0964422883327078,5.931589159407645e-05,0.00018598015291546445,7.516708860980676e-05,0.0032972569757441163,0.16313330658338526,0.045078046945024534,5.876027928991884e-05,0.07574179785206983,4.5367602355561746e-05,0.019887266351452618,0.05573869638392064,2.297473857673301e-05,0.0893895228018767,0.2463423748343144,0.010979741370482663,4.883516468382622e-05
Z_E_1858_GUD_0704,4.169297722485442e-05,0.00027122788490078516,0.0027862131223510764,0.27377628308482305,7.226600233340603e-05,0.0005875832577709617,0.00020585155710434492,7.542884350928804e-05,0.0003976614585335546,6.024333534898677e-05,0.00055956738864401,0.0004165493640900979,0.0002568792433837889,0.05430714381715976,0.00011935907010502132,0.0003742406547960638,0.00015125581961014046,0.008631512951166386,0.02678468412006083,0.004856275081354116,0.00011824103299589384,0.0006729259223833304,9.129146818042595e-05,8.696521048305253e-05,0.14610251748812464,4.623117614401106e-05,0.0001837268239277901,0.4777360802695413,0.000131832464467019,9.826910948210677e-05
Z_E_1858_KRI_0748,2.0455615895775582e-05,0.00013307117416519451,0.01801963080078814,0.0001207541381949334,3.545550556591458e-05,0.0002882830209732822,0.0010805632713562796,3.70072744377863e-05,0.030561690690240603,2.955688488095433e-05,0.07766035888846345,0.02469355343025627,0.008942137579539041,0.17651824658422,0.1940128971003592,0.00018361181178801162,0.004972046664476559,0.00031656639777244915,0.008243398186727967,0.10523718225686128,0.006914983498352815,0.024819338172680498,4.4789874265610984e-05,4.266730419232637e-05,0.0001731269306374432,2.268216962563377e-05,0.1940444775279495,0.12271857366643765,6.46802995427065e-05,4.8213279352657537e-05
Z_E_1858_KRI_0754,2.101133025297335e-05,0.002149044500572005,0.0003979433179445664,0.0011302137478709897,3.641871946204338e-05,0.002308472962128723,0.08663514241246466,3.80126449839786e-05,0.02434870140858954,3.0359851917785524e-05,0.0002819960574699457,0.00020992159442971144,0.00012945524587419421,0.375506255450646,0.027226987194957437,0.00018859996372054593,7.622593036167906e-05,0.0003251665051045809,0.06078865852684214,0.1362691583534394,5.958800640047406e-05,0.0003391235102911804,4.6006673423030786e-05,4.38264398371982e-05,0.00017783024152590577,2.3298372402298292e-05,9.258981322100017e-05,0.28100403068365565,6.643745861661917e-05,4.9523081593781536e-05
Z_E_1858_MIT_0759,1.4178070415857473e-05,0.0007711851607686771,0.00434223517624905,0.002799503118771622,0.0007035263901824824,0.00019981295072613313,0.28319285584864523,2.5650253971881323e-05,0.00013522834146275124,2.0486285881135764e-05,0.004263996035569115,0.000141651342956372,0.09514059050418078,0.04834150507302669,4.0589121078919786e-05,0.000127263887334295,5.1435896498233225e-05,0.00021941655053461565,0.08175620247771223,0.09127304275351587,4.020892254391803e-05,0.00022883448837803674,3.104448159815026e-05,2.957329891096283e-05,0.00826741693537746,1.5721325614208106e-05,0.013641511726152598,0.3641070854803342,4.483081057581995e-05,3.341729103265741e-05
Z_E_1858_SAN_0788,9.083766261842893e-06,5.9093182452416305e-05,0.05802683352106145,0.007013598492669833,0.032640627427023526,0.0001280184176864629,4.484945796237278e-05,0.006976408855388394,0.024446551984444346,1.3125384982528655e-05,0.011866872268162205,9.075478202257252e-05,0.001795960743805199,0.38549570594997,2.60050964510779e-05,0.000951533734609131,3.295453101542777e-05,0.0023155704487051935,0.045855510520637015,0.12851259178992874,0.10529538279190706,0.0036265997446663254,1.9889929044383632e-05,1.8947355106823436e-05,0.06967663043248679,1.0072516429743885e-05,0.010914989956677014,0.0466659106127052,2.8722709977814275e-05,0.05744120359575916
Z_E_1858_SCH_0789,4.5410231084082093e-05,0.0002954099646894305,0.0008600454044870336,0.00026806688919709016,7.870907965590222e-05,0.002814551217043065,0.22638055940103308,8.215391277262751e-05,0.000433116076788035,6.561449820960568e-05,0.01583151950945056,0.002628268318765693,0.08943757565980477,0.1330847802410405,0.0001300008614452958,0.041724633442136956,0.008863062784501873,0.000702758271838254,0.18139337072975628,0.08139956148810643,0.07841367511028888,0.018129565172382595,0.0392418767978979,0.03053884349086794,0.0025589116557835187,5.0353045805924114e-05,0.0002001075021798121,0.04409688232039372,0.00014358635612768424,0.00010703056646550175
Z_E_1858_SEY_0808,2.1486964413171516e-05,0.0001397804690054321,0.00040695157365984886,0.01659013859188581,3.724313118839613e-05,0.0003028179177852925,0.008337736097115895,3.8873138453748654e-05,0.0012338955034514286,3.104710886424245e-05,0.0630546962578064,0.00021467359632925352,0.5495948953879187,0.0002060107058850213,0.008293161180334628,0.00019286930717846105,7.795145920427913e-05,0.0013614833203600381,0.15785764233496313,0.08996399917475556,6.0936902022071444e-05,0.0003468002601246648,4.704812797224848e-05,4.481854036845758e-05,0.06500608445812575,2.3825778409349324e-05,9.468577180734638e-05,0.036299861397914426,6.794140550881292e-05,5.0644137188105465e-05
Z_E_1858_SEY_0809,2.1246485722105162e-05,0.00013821606820982874,0.02176863910369214,0.24329360635075573,3.682631198270564e-05,0.0002994288277723819,0.01841882246418913,3.8438076465780356e-05,0.017499127516205318,3.069963455575005e-05,0.00028515211253115643,0.024630833366266588,0.27585717076737143,0.07854659264717152,6.082465075864919e-05,0.00019071074454274882,7.707903886068392e-05,0.0003288057169551965,0.0034749099212764696,0.056399053242525796,0.13639722809770805,0.0003429189267258378,4.652157280073468e-05,4.4316938387085824e-05,0.00017982048932879916,2.3559124083715266e-05,0.0011110661621428057,0.12034112728886351,6.718101609540876e-05,5.007733605291511e-05
Z_E_1858_SEY_0810,7.254352881853117e-05,0.003945846740334635,0.02221748470742179,0.1567548599469189,0.00012573894146730095,0.032287686947108686,0.00035817059272602,0.00013124211430990272,0.0006919094628711487,0.00010482015017647662,0.000973617037830733,0.0076726231340756715,0.0039208808789671125,0.29597913981496804,0.00020767833621521692,0.011072933132479652,0.00026317695782870757,0.008070516670471272,0.001442880630169848,0.01887143099064738,0.00020573301202287723,0.03591010344253164,0.00015884222460575014,0.00015131476984392734,0.07356639730691014,8.04397498607601e-05,0.00031967475180442415,0.3240419497141552,0.0002293813688023229,0.00017098294365596245
Z_E_1859_DIE_0667,1.6303354970438768e-05,0.002448237678521632,0.01045821679632673,0.002438420862903369,2.8258435035282818e-05,0.012721383262193272,0.012572113341125435,2.9495212205870316e-05,0.005620582070386139,2.3557168285219346e-05,0.023640594273548587,0.011873777108952195,0.0008811745693611419,0.2859020841840501,0.04845169496154495,0.0017077929786507582,0.042999084583570005,0.0002523069645467485,0.11587174225543513,0.04327745289438236,0.02268729468590679,0.10175753667986022,3.5698031433234904e-05,3.4006319312186724e-05,0.00013798410272788068,1.8077943230385958e-05,0.15855925264525536,0.09390444688128267,0.0016130032313664087,3.842652362951495e-05
Z_E_1859_PFE_0770,2.925269689312383e-05,0.00019029936536256675,0.01596323918433393,0.1206446814172362,5.070339425596842e-05,0.13349179174753176,0.00014442991615770846,5.29225122081403e-05,0.03529993700555631,4.2268030399713816e-05,0.11105874058011594,0.00029226006631848686,0.023994463837610554,0.13335999686146346,0.18219257624915283,0.000262575358454068,0.00010612436287564504,0.0004527079960715313,0.03420192398425439,0.0020064307366051506,8.296047269315182e-05,0.001872976583030137,6.405207364319097e-05,6.1016677431970884e-05,0.00024758138067208655,3.2436795661288855e-05,0.05055904463242048,0.15308116182777584,9.249651573043044e-05,6.89477380839e-05
Z_E_1859_SCH_0793,1.573814463817552e-05,0.00010238231871650379,0.10430310655083033,9.290583584738555e-05,2.727876186466904e-05,0.0002217992312685474,7.770425129943787e-05,2.847266201780885e-05,0.00542572579293429,0.0015300598213854903,0.019806375316638945,0.0009108975215756711,0.04154824791613839,0.04009485524987613,0.6059874304529476,0.0008949269521741871,5.709560997651896e-05,0.0281289677106714,0.00031302949309289875,0.04479173391564783,4.463328366839025e-05,0.014573547874619149,0.02415156989791286,3.2827376507325875e-05,0.0001332004222712334,1.7451210860367052e-05,0.0008230123414807008,0.06577816600551115,4.9763737969574194e-05,3.7094339657090825e-05
Z_E_1859_SEY_0805,1.7639177597293505e-05,0.0018041398214047957,0.00033407655652297955,0.1132932980128962,3.057380245432513e-05,0.0027826765714305053,0.022893863308071867,3.191191551141229e-05,0.03226666119921798,2.548733532611853e-05,0.0027708238105108975,0.012846660307356927,0.13525992640045106,0.21641111557518997,5.0497613160980703e-05,0.0026924170525996034,6.399227021708027e-05,0.00027297984769047556,0.10424836244160127,0.060338534978891877,5.002460172258172e-05,0.0011293921618353905,3.862296548571376e-05,0.016930698604643954,0.011975024065162545,0.003398340360026673,0.11157750923129864,0.14636740022289635,5.577477092320441e-05,4.1575017901322664e-05
Z_E_1860_FOS_0583,0.00176753045811245,5.971662174052193e-05,0.003690558429526874,0.06159646926620303,1.5910906533899642e-05,0.01683370216848707,0.0031224366244920186,1.660727368727911e-05,0.005802193963777693,1.3263859174136274e-05,0.056830015875926475,9.171225451513787e-05,0.025552644890164566,0.1249309221771069,2.6279452952889816e-05,8.239708697561388e-05,3.330220478257776e-05,0.0001420613889531717,0.09689187812140594,0.027004888001563067,2.603329316308039e-05,0.001466922181832206,2.0099769887088067e-05,1.9147251695381586e-05,7.769192309928439e-05,1.0178782537131961e-05,0.0026779776768375146,0.23706013344969826,2.9025737588071214e-05,0.33410829890758076
Z_E_1860_WID_0840,1.896909536762838e-05,0.00012340082089355017,0.02942747804037905,0.00011197887050316162,0.04636034428843938,0.04568641701972468,9.365648793148166e-05,3.4317936046664696e-05,0.0010893061033930957,0.29070954452097275,0.052940724000616,0.02380744139249167,0.019192887750688014,0.09283680082354645,5.430491498850972e-05,0.006528940358568772,0.04094599232269164,0.017552813146958012,0.021270071143388643,0.061254273093583694,0.15992897079341445,0.013931886880973821,4.153497018996724e-05,3.956664841712222e-05,0.00016054570415768588,2.103384424920818e-05,8.359037604539616e-05,0.07564851910913489,5.997994764292334e-05,4.470959460162434e-05
Z_E_1861_KRE_0743,8.430959422292019e-06,0.0008623207937278702,0.005408261158469429,4.976986488124149e-05,1.4613293984700176e-05,0.013038408037346226,0.014576164744403857,1.5252868977610957e-05,0.052969983543665,1.2182126333929882e-05,0.03321960169130206,0.06064480934694137,0.019835066637173236,8.083356347952295e-05,2.4136234534435e-05,7.567719996922397e-05,3.058624647122615e-05,0.008205219142117557,0.210514760260749,0.10635741671819461,2.3910150284110673e-05,0.0005398131197312645,1.846053496443061e-05,0.0008250600550024808,0.06830293882148836,0.3811372445406151,3.715238153821234e-05,0.023125395897009418,2.665854617356539e-05,1.9871521048741967e-05
Z_E_1861_SEI_0796,9.597266139273857e-06,0.11450000419807604,0.07831183529166238,5.665483784894318e-05,1.663484124615677e-05,0.13525431438265045,4.738477101454408e-05,1.7362892600165097e-05,0.05845929415504688,1.3867355150571628e-05,0.23038271321295767,0.022615728288994427,0.013846789882803632,0.1324535431105661,2.7475149010257218e-05,8.614609469704236e-05,3.481743095686505e-05,0.0010677023523588689,0.12979488380076815,0.0038753930879345303,2.7217789128471556e-05,0.028189807000407185,2.101429484508726e-05,2.0018437766211556e-05,0.02168189276946405,1.0641909763192064e-05,0.0014210578098631352,0.020349822541724565,0.005545410026802431,0.0018609750177528224
Z_E_1861_SEY_0801,2.5194032184331717e-05,0.00016389628460989475,0.005303073633030159,0.00014872608380873405,4.366855307074271e-05,0.005180974176488617,0.0001243909910033961,4.557977955738465e-05,0.0014467750040578677,3.6403553564629394e-05,0.03773895213309571,0.005077622636041692,0.3753698981723694,0.040055328512893194,0.15812074979838608,0.001432622393176592,9.14001407664803e-05,0.0003898970363245884,0.18388576881806803,0.0005215705071984894,7.145012395591952e-05,0.00040663244686901654,5.5165170265688e-05,5.2550920026912466e-05,0.000213230708118404,2.7936353247457257e-05,0.00011102156342057564,0.1837204757995984,7.966308893723868e-05,5.938158586434361e-05
Z_E_1861_SEY_0816,1.585765740674685e-05,0.0008625426251910081,0.0010597183530008773,0.17171413154208418,0.0007868687448216766,0.011614226027390333,0.021341013640272088,0.005344368707582188,0.00015124799409942823,2.291316755461879e-05,0.00021282787979494457,0.00015843188825578279,0.08894549380690105,0.2727704755105116,0.034217624931940034,0.00014234004109197585,5.7529184236918796e-05,0.005561089280815433,0.013984297574328508,0.007162733017360561,4.497222116224831e-05,0.0002559430735714565,3.4722126432869075e-05,3.3076661968955664e-05,0.0251938454032512,1.758373235974287e-05,0.009941856148582229,0.3183927745696828,5.014163525263611e-05,0.009909352853095924
Z_E_1861_WID_0841,8.313483243099302e-06,0.04504068654616302,0.024044145476937305,0.012390534202265435,0.00678230590085755,0.001311497371119053,4.1046324452279415e-05,0.01076405199178468,0.00047740431800552015,1.2012381755113728e-05,0.06460564637220345,0.04745833256968208,0.11072623001745369,0.09323780824479831,0.05416696973942607,7.462272113009197e-05,0.025907410340769283,0.0017211037219798094,0.2258945987687964,0.06904540383487871,0.0278913849825209,0.12593742738843391,1.82033076425032e-05,0.008377683060054793,0.0016628076720098727,9.218389612936791e-06,0.0032215270459892164,0.038329519018760166,2.6287088550483665e-05,0.000815817718724329
Z_E_1862_KRI_0751,8.789367457958384e-06,5.717801183592897e-05,0.00016646590228902794,0.002998188610860393,0.0016988362229434157,0.00012386942618275196,0.02824372445980231,0.020640022157442685,8.383168858556601e-05,0.012218812354379972,0.01400767741156897,0.004717718166227941,0.0594011132180943,0.2875592608411468,0.04590330872400695,7.889430910557972e-05,0.0004527869226650555,0.0005569226513536799,0.03468865422103186,0.0788903384238673,0.03327606024832176,0.00014186065849686573,0.02948227513060165,0.0033855366920708127,0.015647704928651623,9.746072892608873e-06,0.11410274721374744,0.21140916786010985,2.779182611113994e-05,2.071627814791043e-05
Z_E_1862_PET_0769,1.6614671170226757e-05,0.0016993530289275845,0.0011103072488293751,0.0430623320558383,2.879803615560997e-05,0.007394860854031104,0.05179826106401519,0.04776811608003094,0.0017497368679001788,2.400699766828916e-05,0.00022298786939015883,0.00016599511887096244,0.01919758956021599,0.056649331474886155,4.7564645966246334e-05,0.0009447693723490318,6.027551575058801e-05,0.0002571248223143772,0.13320139060938144,0.011482839449923486,4.711910764874786e-05,0.005041967063789651,3.637969330625783e-05,0.030268758856005138,0.029579087824218964,1.8423145588837416e-05,0.21489447465210926,0.312905735549081,0.030286638477967233,3.916028666964349e-05
Z_E_1862_REU_0777,1.0611684100224999e-05,6.903284018833625e-05,0.0022336457198362217,6.264317705457981e-05,0.0005265596509125975,0.000657718044725703,5.239327678016073e-05,1.919812670246809e-05,0.048885199517228695,1.533311570482594e-05,0.07331840118699949,0.006712184904441418,0.23737915015179575,0.18964785725248198,3.0379234843800925e-05,9.525161958906017e-05,3.849758599312963e-05,0.011852054158576245,0.19992051104393496,0.004285016859652102,0.010701591793989055,0.00017127290461108017,2.3235477192041785e-05,2.213435937612995e-05,0.12509877869841382,1.1766745132550712e-05,4.676209630568487e-05,0.08703792033041775,0.0010498870186497452,2.5011424370358893e-05
Z_E_1862_WOL_0845,7.206112351866893e-06,4.68783651743907e-05,0.00013647990033269938,0.026613881854019122,1.2490279339522922e-05,0.0649770421349903,0.0179798621535019,0.0003581193077208347,6.873083523744587e-05,0.31403536959102407,0.010104103009241906,0.0007621601159765838,0.03420755307412777,0.016978126250637694,2.0629730152213757e-05,0.00420567128837228,0.04937292168758719,0.0008016848754423227,0.08468850937180639,0.0015295114652826075,2.043649134898609e-05,0.046357344538277,1.5778594388382105e-05,0.0003601132252119501,6.098922269873704e-05,0.0024235670780310427,0.05973100501578926,0.09878960870255873,2.2785601168498855e-05,0.1653114401282084
Z_E_1863_GAR_0677,1.762429044202437e-05,0.00011465237883318574,0.01552547762478882,0.000104040182142028,3.054799870345325e-05,0.001936345651240216,0.0439741010447588,3.188498241668418e-05,0.00016809787905039367,0.000869448214630404,0.2306437306289563,0.006083958830953283,0.11995408638147735,0.2820590948375931,0.09120055313204382,0.00015819752952080622,6.393826186791027e-05,0.0011167318476726276,0.06364922393150617,0.03834406817359294,4.998238183965277e-05,0.006192333315738048,3.859036838298781e-05,3.6761589838957634e-05,0.00014916389339910497,1.9542659941125954e-05,7.76642763943407e-05,0.09729289008495837,5.5727697998729653e-05,4.1539929318343094e-05
Z_E_1863_GUD_0706,7.27641934491113e-06,4.733573757344678e-05,0.00013781147704630464,0.04011461160580602,1.2612141716872187e-05,0.004283937620592409,0.010837851007022729,1.3164132969330645e-05,0.011568224798524549,1.0513899460123442e-05,0.1262362659087192,7.269780314869806e-05,0.036631996874991045,0.44434248588749425,0.023366926970357946,6.531392386598257e-05,2.6397749575569134e-05,0.00011260818899009463,0.023142373733021516,0.015482402002392844,2.0635881558986012e-05,0.0004658908233698473,1.593253946608054e-05,1.5177504270813348e-05,0.0934459681273572,8.068443340422797e-06,0.00038051390810861274,0.16874639748139783,0.00037145710415250124,1.715030436388531e-05
Z_E_1863_JTT_0718,1.2445800479123054e-05,8.09644300920156e-05,0.012751668324362498,7.347038185797002e-05,0.34391224076525473,0.03235927529548374,0.0054254281284389265,2.251631807497702e-05,0.0025026969767856263,0.2914608549277849,0.012086990712352374,0.009660307529341591,0.02570458198558249,0.00011932668071235614,3.5629961465433426e-05,0.00845568254118394,0.024481056876678942,0.007344580650527807,0.019319471389709564,0.04138149555054575,3.529621540759227e-05,0.0025848663689494655,0.03399911995566764,2.5960047239125692e-05,0.0007013332271446608,0.016701735892295972,0.0006508421182684047,0.03592575236675016,3.9353403346055416e-05,0.07214505517821614
Z_E_1863_JTT_0719,1.9248860359438314e-05,0.0001252207932737586,0.0003645630841009006,0.003800746013278138,0.4480179124809128,0.04267310580159033,0.0010168166837826835,3.4824072839746215e-05,0.00018359278696652705,0.13276397576811366,0.01592858311093218,0.016784333296038626,0.12640230650752238,0.0011063313280106088,0.000976884735641594,0.0010945587507509183,6.98319559796836e-05,0.0002978909271791075,0.0003828571371948888,0.07874969976336998,5.458965236804688e-05,0.003076013912475822,4.2147547140518725e-05,4.0150195647806346e-05,0.0001629135064560203,2.1344061112483242e-05,8.482320557239819e-05,0.12561850050935572,6.086455965187127e-05,4.5368992381283076e-05
Z_E_1863_JTT_0720,9.449606459798906e-06,0.004586649010710728,0.0010840056557360847,0.005938511846504916,0.4534390046407863,0.020948983405382083,0.01362218344463498,1.7095754113132127e-05,0.014118174257882638,0.14119914225088598,0.00012682451487947694,0.0073346912949501545,0.042142356943974946,0.0005431176427398642,0.009982439419629466,8.482068550796818e-05,0.007727080783400007,0.00014623993198677456,0.025981454010946637,0.08526893414745984,2.6799027164345076e-05,0.00015251693609754827,2.0690977350689583e-05,0.004997403938238093,0.0009850123067301289,1.047817761678384e-05,0.006376887481663241,0.1091826936905369,2.987949028250531e-05,0.04391647872574804
Z_E_1863_JTT_0721,1.1739153151857296e-05,7.636743384222923e-05,0.0013466495630587555,0.03773389503011714,0.4030877419465302,0.014219394834579051,0.02366860231312719,2.123788716856502e-05,0.00011196630883758257,0.11076211806399132,0.019270929996845154,0.03047382460177505,7.23274033262817e-05,0.004047658613822259,3.360696446476927e-05,0.0012296882061636335,0.011285750902444871,0.00018167242898562723,0.05588714710666732,0.061518264159470835,0.0034062410765754287,0.00018947028944729755,2.5704197631371463e-05,2.448608837018892e-05,0.028769420520765913,0.026996608206932338,5.1730470399387e-05,0.07604782231748625,3.7118996861719676e-05,0.08941081491716037
Z_E_1863_REU_0779,2.3733689256912048e-05,0.0001543962260917005,0.0004495033363546489,0.0001401053484288697,4.1137355914172865e-05,0.12308144299408999,0.00011718081112359486,4.293780036870323e-05,0.00022636842256157098,3.4293463699216304e-05,0.05259964656805452,0.0002371203455718968,0.008102049870586223,0.12752069717346318,0.020525772001879546,0.0013495820936234473,0.08078086413548544,0.00832311870129463,0.19936759964573533,0.0004913382761778556,6.730860018477914e-05,0.07994127842344438,0.008007789180585001,4.9504866746150816e-05,0.00020087103681882323,2.631705485233203e-05,0.1853615749099816,0.10260548255653151,7.504551015291649e-05,5.593960094102959e-05
Z_E_1864_BEC_0212,3.855056410809919e-06,2.5078535189227844e-05,0.030533470452064466,0.30721185848710664,6.681929047104029e-06,5.432969184566148e-05,1.903364589701785e-05,6.974374728919933e-06,0.08403378882214699,5.570277576801046e-06,0.029958370509547264,0.0033614744180082033,0.0003929694869403178,3.696114896205132e-05,1.1036293856279766e-05,0.0005884299062100622,1.3985561978835553e-05,0.029781682377889095,0.07761238717543979,0.03552470423081907,0.00167241243061076,0.0019083090765446154,8.441080083180114e-06,8.041061456994482e-06,0.36998873249467873,4.274671751361712e-06,1.6987927405633854e-05,0.027188883001380292,1.218962091758433e-05,9.086253506207851e-06
Z_E_1864_DIE_0669,8.939879420217238e-06,0.2111154310304258,0.00016931651807253645,0.126772760077459,1.549539970622818e-05,0.01725031303083081,0.026586838800843154,0.017996712127404047,0.041183641068623614,1.2917478907469244e-05,0.016388089699067184,0.0005174252870511973,0.0021956207893955642,0.007791658030087763,2.5593175768988818e-05,0.0017926775631577287,3.243253130205089e-05,0.0001383515137846657,0.11362644901318933,0.03743047595358895,2.535344434158263e-05,0.00014428992615234001,1.9574872603271052e-05,0.005584052017048278,0.34513075988705855,0.0055753177558002485,3.9395019533284534e-05,0.022380779336699616,2.826774230223706e-05,2.1071030374354096e-05
Z_E_1864_GRU_0700,7.243606967833281e-06,4.712228120199614e-05,0.00013719002823526805,0.019121044731671217,1.2555268366099367e-05,0.0001020848704859258,0.0076670776342667385,0.018744510955661105,0.053488283870395004,0.11656143830696453,0.01778798998958307,0.002153637332670161,0.020163547147745275,0.2574528456770964,0.02083341060922177,6.501939643473669e-05,0.0798081939444854,0.002540245638433265,0.0591133160224364,0.016106341248359808,0.060377296089273204,0.00011691203710215613,1.5860693071859964e-05,1.5109062641815856e-05,6.130655989409525e-05,8.032059400359975e-06,0.034372831461109594,0.18151368815078828,2.2904158488126936e-05,0.03158296116754855
Z_E_1864_GRU_0702,6.982040109257574e-06,4.542069425537387e-05,0.00013223609232008608,0.09566592332160592,1.210189725973219e-05,0.059947428335669885,0.03313533259495549,1.263155681918565e-05,0.01444373489282416,0.0183994552265953,0.05325569427760365,0.008094207613299046,0.027794243911089495,0.14283529764136155,0.002694805226099764,6.26715441358136e-05,0.23507487121771017,0.0007767566868248088,0.034911492438617096,0.00014454320667774703,0.004700730725153444,0.0021188030691825324,1.5287962983098554e-05,1.4563473949774288e-05,0.013433177639198473,7.742021501482357e-06,0.016748373561268112,0.17863709692191357,2.2077088658045927e-05,0.05685631712035803
Z_E_1864_HAG_0709,4.9500672239246355e-05,0.005062942049341012,0.0009375161645743309,0.00029221369069383485,0.06882917215477481,0.000697617876970659,0.18751083096530752,8.955413377658374e-05,0.00047213010034974476,7.152488971047835e-05,0.0006643555760399367,0.06449700594607582,0.00030498410231606876,0.19011148937650268,0.00014171101709013344,0.0004443233663010636,0.00017958095701394895,0.0007660609965466283,0.10528485174530694,0.008136153523816178,0.0736246790519445,0.015021709217632417,0.00010838729554542219,0.0001032508750124089,0.00041895093713803245,5.488872347008429e-05,0.08555473384975874,0.18792622772712123,0.0001565202594883001,0.00248713275814128
Z_E_1864_JTT_0723,5.325949554017239e-06,3.464722667402219e-05,0.0003559167880085232,0.005642455850800111,0.35860413512845507,0.10005315462290228,2.6295915564889675e-05,9.635440838915324e-06,0.003876490549578982,0.04030498920141082,7.148032791993933e-05,0.017906442238588872,0.0768017090506413,0.013313464062458678,0.010727185983701565,0.01790103763411123,0.03062486117517408,0.0031429771114953983,0.06182710358515922,0.10595441579325843,0.029600459148299584,8.596098803104009e-05,1.166176623988541e-05,0.010468001761241028,0.0013203071987832778,5.905668732601474e-06,2.346965510958745e-05,0.08704173112679807,1.684055929962591e-05,0.024241938491168992
Z_E_1864_KRE_0742,7.774904647652837e-06,0.0007952193352034713,0.00014725252113686454,0.008236945501196484,1.3476161090130717e-05,0.00048189288660360513,3.838718975202023e-05,1.406596758021494e-05,0.007520563597947284,1.12341746541364e-05,0.0004766684885015353,0.13634693912422463,4.790283055342873e-05,0.0745386205609859,0.04283910238278007,6.978838164092556e-05,2.8206178909439263e-05,0.018736341897177856,0.035525078367325,0.16435424711632737,0.4687734146633567,0.00012548719783784872,1.702402916489069e-05,1.6217268810578527e-05,6.580321924821182e-05,8.621187792131427e-06,3.4261370435381706e-05,0.04068655416323813,2.458411245539764e-05,1.8325219422749086e-05
Z_E_1864_MEI_0758,2.0781323188860534e-05,0.001130354667054177,0.00039358710759797067,0.00012267686218822075,3.602005061807394e-05,0.003278367193822039,0.022991390968433324,3.759652773834678e-05,0.00019820919108201956,3.0027508352554972e-05,0.005254732346062149,0.00020762362238094855,0.016050672511509517,0.11862383848400238,0.3742414010912645,0.00018653539553638692,7.539149949791799e-05,0.006292594864194829,0.07206519235322077,0.0024205472642397094,5.893570774810438e-05,0.0013305758385055504,4.550304705781619e-05,4.334668007729226e-05,0.007142036112103057,0.007984360523401303,0.03392717432401882,0.3227103418453209,0.003051204128010015,4.8980961772424995e-05
Z_E_1864_OLA_0145,2.262783363923713e-05,0.1258435648271816,0.00042855902448258557,0.00013357723200545086,3.922058791230263e-05,0.23437419216091043,0.00011172084841564834,4.0937141843417035e-05,0.007800946263820063,3.2695582347067715e-05,0.02089188870079992,0.00022607187925984494,0.004473772195584867,0.034891807670990864,6.477918732223362e-05,0.007788235201047764,8.209036031767028e-05,0.0025173618043717806,0.057880299074927304,0.03947766066952745,0.29913482822155646,0.10980773652544314,4.9546189602332996e-05,4.7198220088698044e-05,0.04136790622522864,2.5090829016387265e-05,0.0022668918613008965,0.00030160774076265484,0.009823852808210977,5.3333132082290545e-05
Z_E_1864_OLA_0146,8.723278091588802e-06,0.03389332961513049,0.00016521420516098706,0.0013047022119070967,1.5119966883677188e-05,0.10205041821226922,4.3069612623809054e-05,1.5781717254439846e-05,0.0009186724870697832,0.00962052272029805,0.00011707635834689167,8.715318942649787e-05,0.0013069526834034513,0.1178850682520046,2.4973087329893364e-05,0.0017492433820317248,3.1646734420392626e-05,0.04733911936562799,0.008110480696189987,0.07036016709216505,0.49838327960180334,0.0005585295486600483,1.9100599605358756e-05,1.8195431601007955e-05,7.38298161633701e-05,9.672789828139762e-06,0.04139426241126683,0.041054359398500946,2.7582852691070246e-05,0.023413752682244368
Z_E_1864_OLA_0147,1.0059593631456737e-05,0.017407660917053775,0.0011539799500960232,5.9384061851135066e-05,0.0004991645115773977,0.13117187468198874,4.966742964179266e-05,1.819931231348591e-05,9.59469182103704e-05,0.009167373520284794,0.00013501123963434623,0.015515810485474502,6.197928219087527e-05,0.01743866805497761,2.8798704755708728e-05,0.045854486672870585,3.649468521916645e-05,0.06470727522332406,0.025731685023143908,0.1548430468212097,0.4783847536004199,0.007388286991333848,2.2026612946381038e-05,2.0982782611458484e-05,0.009719706234937103,1.1154560697474205e-05,0.00582506909563728,0.014585934609394448,3.1808259046108496e-05,2.3710163526672396e-05
Z_E_1864_OLA_0148,7.563695787904989e-06,0.005120090406229302,0.015718115964231266,4.465021102717009e-05,1.31100749776169e-05,0.10188651867617927,3.734438409151659e-05,1.368385910319789e-05,0.005505233375631243,0.07027891837347532,0.00010151343900700462,0.0007999802081114912,4.660152813514911e-05,7.25184943951734e-05,2.1653423571378412e-05,0.005863190641388137,2.743994508982516e-05,0.05915665333774107,0.0063079450741526134,0.12620431825449466,0.53898417326566,0.0044685518503260815,1.6561563584773745e-05,1.5776719246444554e-05,0.004772695345284743,8.386989261632683e-06,3.333064455371572e-05,0.03523481164131041,0.005457008236133997,0.013781660377818026
Z_L_1853_OTT_0763,3.022657460117696e-05,0.00019663479181778788,0.05991889629387857,0.07399959239312258,5.2391406324357367e-05,0.0018734597974905962,0.00014923826173472905,5.468440291797747e-05,0.00028829660394729214,4.36752132218648e-05,0.05251472792068741,0.0003019899577053083,0.30415570672156894,0.06253117209151178,8.653293856658939e-05,0.0002713169896690206,0.00010965744400192663,0.0019152531907156703,0.16706067641678957,0.1323458605067306,8.572238402394616e-05,0.0004878578347688764,6.618448854167317e-05,6.304803823906396e-05,0.11605371884647728,3.3516678050615806e-05,0.00013319827269087626,0.025009944501272873,9.557590000298366e-05,7.124313892799721e-05
Z_L_1854_OTT_0766,2.0139960726399786e-05,0.00013101772320902824,0.06692858899937491,0.01362121083150367,0.01064387415880524,0.0012482858955007203,9.943742451374497e-05,3.6436206935330486e-05,0.005014349141124577,2.9100786000781025e-05,0.0002703012828823907,0.00020121584956951156,0.10428484143639281,0.00019309603003758217,0.24406386970614763,0.00018077845698487852,0.11194943108850051,0.021529612941212077,0.03319192975796247,0.17980490712883998,5.711680765667745e-05,0.00032505957959023994,4.4098711730116185e-05,4.200889550884993e-05,0.03199735269552397,2.233215600925234e-05,8.874998296082421e-05,0.17290525343778995,0.0010281336375157664,4.746928949003167e-05
Z_L_1858_HOP_0712,1.9890575305974972e-05,0.00012939538092001098,0.0013292258221267684,0.00011741857549106877,3.447612660813993e-05,0.010757918862878177,0.15345215534712267,3.598503133927573e-05,0.013524839388312363,2.8740442112821785e-05,0.1098054894014413,0.06877937236832593,0.08584836015975339,0.07734393410560444,0.0924503160683604,0.003988575952006973,0.0019771780035225204,0.01745298398420359,0.08421641287686367,0.02327199360646685,5.6409552102196034e-05,0.00032103449130826706,4.355265427179195e-05,4.148871544443084e-05,0.00016834468680297854,2.205562547421214e-05,0.009612741039461432,0.24505993600982565,6.289365108448831e-05,4.688149545817831e-05
Z_L_1861_KRI_0752,1.5881778106040516e-05,0.00010331670633482827,0.016272088496763402,0.009980746587439481,2.752772025562078e-05,0.04357448443257798,0.02137347494016245,2.8732516484709976e-05,0.0016725538769461969,2.2948020219818585e-05,0.016184447750523617,0.00015867287517062935,0.276933650809797,0.14617554885058792,0.032748596710770995,0.0024241702858566107,0.05861903588290432,0.00024578273814228617,0.0064001896353747725,0.023905462132357197,4.504062732057289e-05,0.04284645543142269,0.021329836465934872,3.3126974079788124e-05,0.018387325948078632,1.7610478549916537e-05,0.09817937621002647,0.16220626433385293,5.021790448175359e-05,3.743287947646611e-05
Z_L_1861_SEI_0795,7.943483331807637e-06,0.05216554215027157,0.0005308385001363204,4.689218300175169e-05,1.3768356764159745e-05,0.15264961716655745,0.0004196127058073455,1.4370951681435082e-05,0.01833463685232523,1.1477758655045177e-05,0.3363741898744447,0.003883294248701663,0.02325292602064358,0.1408216397898088,2.2740683131500853e-05,0.020232140589662873,2.8817756895417987e-05,0.008491581679929106,0.19720166677670586,0.0001644471436719947,2.252767101934585e-05,0.002790960387334173,1.7393151175473362e-05,1.6568898310947683e-05,0.0008280163701444429,8.808115935911002e-06,3.500423957745928e-05,0.03510205256829557,0.0064918013717029065,1.8722554376312486e-05
Z_L_1862_WID_0843,2.1398890345805716e-05,0.00013920751536680362,0.001430021865881367,0.018571613121291696,0.006185520680048295,0.02694477424369102,0.00010565316250342737,0.0020881905348418693,0.0012288378231945225,3.0919848209594264e-05,0.0002871975567037197,0.00021379365924641594,0.15281785988576368,0.10267900305628304,0.21935527166264146,0.00019207874486232401,0.007250800514308713,0.00033116429579117834,0.0014503593003490987,0.014789340079611767,6.0687124496007074e-05,0.00034537874199463183,0.0010715936476717455,4.463483125684251e-05,0.00018111037201190528,2.3728117652235523e-05,0.02161380338276049,0.3886610684737495,6.766291684886791e-05,0.03181732595062194
Z_M_1853_COR_0661,7.058195748008283e-05,0.007219141564857087,0.06893658862016609,0.0004166612968802854,0.0001223389703365047,0.0009947185179972086,0.0003484856879466575,0.00012769333781639,0.0074331807079500685,0.0001019858215240565,0.0009472905093706798,0.004085165793978886,0.00043487035565361313,0.07841649394623475,0.5410004965520493,0.0006335512535283179,0.0002560606734981203,0.00109231010892282,0.011543835885078886,0.07582098256802586,0.00020017000748850673,0.018039146000595977,0.00015454714329117227,0.003527213441702782,0.00735735366829909,7.826466532367435e-05,0.0003110307715490142,0.1699403016796526,0.00022317891455251327,0.00016635957824899332
Z_M_1853_COR_0662,7.058195748008283e-05,0.00045916114208480733,0.08245654946571065,0.0004166612968802854,0.0001223389703365047,0.0009947185179972086,0.0003484856879466575,0.00012769333781639,0.0006732002851777893,0.0001019858215240565,0.004327280720756819,0.0007051755825927467,0.00043487035565361313,0.09193645479177931,0.534240516129277,0.020913492521845156,0.0002560606734981203,0.00109231010892282,0.008163845673692745,0.08596095320218428,0.00020017000748850673,0.001139194943665278,0.0035345373546773117,0.00014722323031664237,0.0005973732455268099,7.826466532367435e-05,0.0003110307715490142,0.15980033104549418,0.00022317891455251327,0.00016635957824899332
Z_M_1853_GUD_0893,0.000339292186510674,4.5148972470232795e-05,0.13872219369216582,0.05321727644251244,1.2029499662537399e-05,0.025688907407756693,0.01665186210268558,0.00034490790592201886,0.07484537622434319,1.0028189727547193e-05,0.05692532388532279,0.004722266203036157,0.0013721681387691817,0.16956601808593155,0.010322778051806574,0.0017240561985000565,0.0013545859161525338,0.012072074988741015,0.10017596752804561,0.0008083823314705937,1.968256746733951e-05,0.0031031834264371645,1.5196505275085942e-05,1.4476350377482788e-05,0.07018499339390787,7.695706139344658e-06,0.04655985156576582,0.2111359735037778,2.194501612945017e-05,1.635801318992289e-05
Z_M_1853_SAN_0785,0.0031688964555120166,0.00010706225179891787,0.019226330480154846,0.016647456896831538,0.12927852118054126,0.00023193775492263576,8.125614093096111e-05,0.02524928547416723,0.011190505795771322,2.3779955887276106e-05,0.001008988731116754,0.0017406447077287191,0.0001013983877326291,0.05926601971836184,4.7114812043544024e-05,0.00014772466050761912,5.97054711062479e-05,0.01286444876962565,0.05864745810441491,0.18869893154354622,0.16712593595845385,0.0018418446697067087,3.603563902362374e-05,3.432792784520774e-05,0.00013928906209296644,1.8248912065589424e-05,0.19315940632292897,0.10976661582318689,5.203845655915088e-05,3.878993543483658e-05
Z_M_1854_OTT_0764,3.4241196284260214e-05,0.0035021987509468956,0.11870861607027826,0.00840075203004403,5.9349908192736466e-05,0.000482564570867026,0.011647125612007453,6.194745513536056e-05,0.00032658747258316453,4.947605107158117e-05,0.028334858825247163,0.0069009943333418885,0.46917194461344747,0.008526913021663378,9.802603747223957e-05,0.0003073526663570338,0.00012422188467078364,0.0005299088630895823,0.19088900146162285,0.04498140603153295,9.710782700479664e-05,0.0005526539510198033,7.497495475522917e-05,7.142192858985985e-05,0.03308427568834448,3.7968283441644246e-05,0.00015088935018641245,0.07260424561423853,0.00010827006351952167,8.070548304356606e-05
Z_M_1854_OTT_0767,5.497383223406644e-05,0.00035762464650396545,0.10371089157588939,0.0003245229949819533,9.528556972743719e-05,0.0034073085013247204,0.0002714233839513273,9.94559003624556e-05,0.0005243322919704046,7.943320988652106e-05,0.13236565355745253,0.00054923673920425,0.1109060926114496,0.0005270729622841658,0.00015737963398919946,0.05577714464689036,0.00019943675422433478,0.0008507623593811878,0.374916492881508,0.1301333613284087,0.0054210191348829226,0.003519836165192576,0.00012037139562104932,0.00011466705449006944,0.008362943762899493,6.095762621167222e-05,0.00024225105204248135,0.061281556764122745,0.00017382629562594722,0.005394685367286589
Z_M_1855_DEI_0908,8.863984555469722e-06,5.7663423022237146e-05,0.08930734535910446,0.02085153490185684,1.536385192916831e-05,0.0001249210123288953,0.00556192175988165,1.6036276332521044e-05,0.27174767861059923,1.2807816319364959e-05,0.006061595883118612,0.0005130326190596261,0.07561092236929211,0.11808865964908564,2.5375903194925443e-05,7.956408021069952e-05,3.215719620401565e-05,0.002259545226371867,0.06427182438115912,0.03626376364188857,2.513820696099374e-05,0.00014306498072354644,1.9408692251295008e-05,0.0004429625726931876,0.0038952835302431756,9.828811915053764e-06,0.12695668156925538,0.17712366012913824,2.8027764067866896e-05,0.0004453657972363482
Z_M_1855_GLK_0680,1.59545824951474e-05,0.00010379032519784345,0.07517655541190044,9.418351758645238e-05,0.001555702568128577,0.00022484951142529017,0.004662918844546079,2.8864230534371524e-05,0.0001521724512763285,2.3053217294236896e-05,0.0009781530536108695,0.03148439771888595,0.028367199704852984,0.002445040837626386,0.6211974539206707,0.0009072343795189019,5.788081380771546e-05,0.000246909442090924,0.045394769786920655,0.09659735945755171,4.5247100130806765e-05,0.00025750744745059375,3.493435482749494e-05,3.327883296452605e-05,0.00013503225280824625,1.7691207554197164e-05,7.030643921441817e-05,0.08960350600118182,5.0448110686223305e-05,3.7604477260076946e-05
Z_M_1855_GLK_0681,2.733789960530077e-05,0.00017784291698784118,0.07775716662355099,0.00016138181923818038,4.7384496099006594e-05,0.02133155409380341,0.0001349759498191621,4.945835698131915e-05,0.00026074484850669593,3.950128686605968e-05,0.0016760482442185827,0.0002731295641165798,0.0001684345766059925,0.09975692999694317,0.5224260799834425,0.010718527115140456,9.917776773097646e-05,0.0004230750344946675,0.0044711741888910925,0.06209564586390312,0.06422550761745041,0.0043686617261234195,5.985940937912257e-05,5.7022701461633066e-05,0.00023137541655334458,3.0313576438636383e-05,0.0001204688607448382,0.12866034348696764,8.64419602102745e-05,6.44346177255641e-05
Z_M_1855_GLK_0682,2.719548853699642e-05,0.0001769164815204401,0.02916616723584205,0.00016054113441548273,4.713765648045688e-05,0.005592559491719489,0.00013427282084851457,4.920071401840031e-05,0.005468677330792694,3.9295513176668365e-05,0.01729518955561868,0.015899579086859243,0.00016755715191937908,0.0002607423590723809,0.7280762417436168,0.02629056352474781,9.86611219001508e-05,0.0056301618916398035,0.0005409144589064227,0.07088843045008535,7.712624215105267e-05,0.012159840263912343,5.9547584309866135e-05,5.6725653628771154e-05,0.00023017011472963253,3.015566420444577e-05,0.00011984130341952145,0.08110649734395735,8.599165890411708e-05,6.409895906566103e-05
Z_M_1855_GLK_0683,4.016916633865956e-05,0.0002613149443731166,0.027691169680430894,0.00023712769578526798,6.962479682621617e-05,0.004413306215627377,0.02135791798148247,7.267204127248297e-05,0.0003831275753746344,5.804153887543705e-05,0.002462715193400603,0.04079690600244571,0.06564985970788262,0.00038513017256022194,0.3944528096892548,0.009978558203161831,0.07516609208844709,0.0025452478494043637,0.04311813902544032,0.16049031219358034,0.00011391951447486438,0.0006483315682646432,8.795491266701646e-05,8.378677269148835e-05,0.061895144170142316,4.4541501427093985e-05,0.00017701190566044516,0.08709737615913574,0.00012701420110757284,9.46775324642813e-05
Z_M_1855_LAU_0756,1.9427943040380607e-05,0.000126385790834676,0.0050197284150543245,0.00011468755234233269,0.0018943836913669482,0.0002737999256299303,9.592196557776124e-05,0.005617276381555963,0.03367807077899073,2.8071971963301052e-05,0.001191099912273246,0.03926900041835864,0.0140750204659276,0.04112187710313593,0.07913576972724165,0.05785637996308036,7.048164087836148e-05,0.00030066236948122084,0.031088124833851764,0.22554804238657508,0.37498804977781636,0.00031356759244972757,4.253966883479684e-05,4.052373488819266e-05,0.0001644291799532073,2.1542636592529543e-05,8.56123622692816e-05,0.08771229990913672,6.143081595553265e-05,4.5791084943417896e-05
Z_M_1855_PFL_0771,1.0974169982103538e-05,7.139094185418952e-05,0.06852610209634133,0.0005903080688330697,0.0026466466914949176,0.0001546600645629285,0.0005797080408970044,1.98539179814426e-05,0.00010467001235586824,1.585688157607833e-05,0.17462160430436668,0.0353198202854194,0.10780025054501637,0.04687694705352524,0.39259863337473794,0.0016750804982243528,3.9812629983990475e-05,0.0075271845018576485,0.03700502858488212,0.0039058642461914615,3.1122680156861426e-05,0.00017712343778597273,2.402918084560676e-05,2.289044980461367e-05,9.288033051537283e-05,1.2168686892777273e-05,4.835944876715665e-05,0.11891493789341395,0.0005602251889015165,2.5865792831980898e-05
Z_M_1855_SCH_0790,1.2812334320281271e-05,8.334886519593616e-05,0.011900109967206909,0.10315204500524218,2.2207485373193026e-05,0.00018056549665332412,6.325859042752847e-05,2.3179432718876813e-05,0.004417052606100978,1.851289604235578e-05,0.00262615642399861,0.01730740825819401,0.0006924895641207391,0.08479274984575773,3.667927819344551e-05,0.00011500489302140227,4.6481212370173745e-05,0.00019828073344227114,0.041976239943832226,0.13524625706482923,0.4356568817307119,0.00020679146619491574,0.001255154178292729,2.6724581095117253e-05,0.041829842116842895,1.4206931819293935e-05,5.645961618598512e-05,0.11797238881327414,4.0512376938414876e-05,3.019829160318427e-05
Z_M_1856_BES_0567,6.581539689299231e-06,0.076945070301841,0.308994363564603,0.010124393961244935,1.1407714061272902e-05,0.14318137631301486,3.249516545387516e-05,1.1906991544330841e-05,0.06372775535805364,9.509848636541073e-06,0.058080196213979696,0.03126789979648729,0.00413780154824549,0.017712799740685733,1.8841697318409485e-05,0.05269299704472616,2.3876831213871187e-05,0.045801964949340725,0.1198967128818163,0.012428005863073879,1.8665207029214083e-05,0.0026276116611438955,1.4411022218046201e-05,1.3728090975505297e-05,0.000686049479284928,7.297927395153898e-06,2.9002615408064435e-05,0.036962987356548294,0.013573257292539052,0.0009610320224276043
Z_M_1856_COR_0659,2.7848303125955467e-05,0.0015147475991729277,0.021864781079801988,0.012166653752323217,4.826917319500018e-05,0.003059637540004665,0.0001374959751680757,5.038175343435782e-05,0.001599197324718654,4.023878302260123e-05,0.005708093335959953,0.002945397588025468,0.25355260061651097,0.03227302510137422,0.24679282412117004,0.021587318533849677,0.054777986670211276,0.007098895535866026,0.059231609053785016,0.0872595005924312,7.897762040444574e-05,0.0004494724607163047,6.097699535802092e-05,0.0040588402940540625,0.00023569523734816801,3.0879536382937124e-05,0.0001227180361219218,0.1830722439155807,8.805584721185901e-05,6.56376236702048e-05
Z_M_1856_COR_0663,2.5945290341202093e-05,0.0001687834904288389,0.03403764480822159,0.00885033813622434,4.497070099423091e-05,0.0003656495466917384,0.04361398621866505,0.017441293328530123,0.00024746234704026935,3.74890672432022e-05,0.00656048487119284,0.013926208928711627,0.12689015083519922,0.18910174656723272,0.24359523818085083,0.003960249380334981,0.024943203320938773,0.002886431107351919,0.009213225397048509,0.10117588796546233,7.358068757664342e-05,0.010358388868056121,0.028633249523089214,5.411793030269568e-05,0.00021958901184672986,2.876938438343464e-05,0.0038416937629408517,0.12583366885061054,0.0038094002134536308,6.115227903573007e-05
Z_M_1856_HFE_0570,9.091675991499705e-06,0.13676758916687523,0.04980519361741976,5.367022458257241e-05,0.0026280217783695822,0.00012812989028998487,4.4888510826296317e-05,1.6448204259953206e-05,0.08585602580211547,1.3136813969565616e-05,0.016666354730311583,0.06452666116466123,5.601573706745903e-05,0.020549897278076785,2.602774050385273e-05,0.010530660948069485,3.298322631909207e-05,0.00014070068254154596,0.11642654773303794,0.4207626038659111,2.5783938506028487e-05,0.031058521970566733,1.9907248288087106e-05,0.03310763195610561,0.009655246427907868,1.0081287117983379e-05,4.0063935590164985e-05,0.0009919379139269246,2.874772040458955e-05,2.1428810386127224e-05
Z_M_1857_GLK_0684,1.6202159373829375e-05,0.001657161211617806,0.0297903060802598,9.564502003030731e-05,2.8083033763714588e-05,0.00022833863689935207,7.999524038708609e-05,2.931213420740278e-05,0.0001545338029769974,0.0007992911026445359,0.011855653809901674,0.07076696784004005,9.982492779747478e-05,0.022655866032423817,0.6556651144028733,0.004800713255904538,5.8778985303111546e-05,0.010337182895579215,0.040668026724274164,0.12137272358172176,0.025649994330923645,0.00026150334581374874,3.5476452280035015e-05,3.379524068588398e-05,0.002464768093735042,1.796573269126768e-05,7.139742663306382e-05,0.0002159595461999294,5.123094444466837e-05,3.818800861273684e-05
Z_M_1857_KEL_0734,1.9684330781173092e-05,0.005783848543250846,0.00602860551766856,0.00011620106730276641,3.411864512558224e-05,0.02572849008221763,9.718783381691245e-05,0.000978244380338498,0.003958276144529784,2.8442433697531037e-05,0.0002641862084595805,0.022819843137310482,0.046310270657972705,0.09822250511394592,0.024564796880558813,0.0001766886735154293,7.141177684976054e-05,0.00030463016707525247,0.06260526201543305,0.11729393492494228,0.49588050715158655,0.005973500555898213,4.310105866201348e-05,0.000983690996978511,0.00016659912794414692,2.1826931636796047e-05,8.674217617189117e-05,0.08132876657358697,6.22415095058041e-05,4.6395383236483596e-05
Z_M_1857_SEY_0806,2.2530179789304405e-05,0.00014656696205049647,0.0015056224514585054,0.2407305860405842,3.905132551328887e-05,0.0003175200554129098,0.0001112387001402332,4.076047139541976e-05,0.025029887112099747,3.255447959976595e-05,0.0003023807535352889,0.01317205149353667,0.021717071968467748,0.23110338158366708,6.44996229088485e-05,0.001281146259252837,8.173608691018488e-05,0.004664323624448654,0.011237251505998493,0.07275358992694736,0.07342997527131113,0.0014425507265535314,4.933236550227532e-05,4.699452900739005e-05,0.00019068508587109136,2.4982545736135226e-05,0.02707210633054026,0.11898072933976202,7.124003427460663e-05,0.1543376531677245
Z_M_1857_SEY_0807,2.3626279846952134e-05,0.00015369748906160656,0.00044746905977799726,0.0001394712863307241,4.095118430476893e-05,0.00033296750209540896,0.004642260012910769,4.2743480650742156e-05,0.00022534396747421814,3.413826487354946e-05,0.050098796348797284,0.00023604723147944902,0.5205906608867531,0.12241797877641827,6.763754906167075e-05,0.000212072032962124,8.571257224727413e-05,0.00828545151609408,0.08079949231361105,0.18603910484262587,0.0238264539487442,0.0003813288763897448,5.173239999718923e-05,4.9280827050097253e-05,0.00019996197294303063,2.6197954138449192e-05,0.0001041130100664052,0.00031491608966529927,7.470588347800677e-05,5.56864401506683e-05
Z_M_1857_WID_0837,1.457386852159509e-05,9.480828180286353e-05,0.00027602124781940995,0.05173103630514337,0.0014210716384154584,0.0009032964247314668,7.195584791234159e-05,2.636631205566715e-05,0.030148937845500004,2.1058185505522165e-05,0.014851612460260047,0.012707903850482063,0.0035793199442453114,0.4768091537544389,0.0007396276679316721,0.00013081661376732092,5.287179220221754e-05,0.00022554183081055162,0.08613224281208014,0.10568543360584887,0.0133015349934353,0.00023522268186071,3.191112611674507e-05,3.03988735728209e-05,0.05246625543163924,1.6160205568621954e-05,0.030074156540721864,0.11814027736493227,4.6082317260731436e-05,3.43501754168974e-05
Z_M_1857_WID_0838,3.284108820931111e-05,0.023803784447671405,0.008485373017768272,0.0001938683892142369,0.0157836839821002,0.00046283270908432754,0.00016214695123421808,0.003204766623145582,0.030194079095149835,4.745299620962947e-05,0.005158793184746333,0.0003281112388745494,0.03480121479111803,0.01918698375104166,0.24857683948678289,0.04747506774532319,0.017418579457481893,0.0005082411131652064,0.03839743072574888,0.15637481354935115,9.313712891348392e-05,0.008393436597354044,7.190926047573365e-05,6.850151605178893e-05,0.04116753012860854,3.6415776344716726e-05,0.10394134126800507,0.19544957556466183,0.00010384294628475916,7.74054698791923e-05
Z_M_1858_SCH_0792,1.6641151712220195e-05,0.0001082567060844939,0.00031517448191280907,0.04472476976542568,2.884393460270736e-05,0.0002345253994070293,8.216268590020616e-05,3.010633713073151e-05,0.00573703750632151,2.4045260135441123e-05,0.0002233432685177681,0.00016625968268152075,0.004883943931731123,0.030441840912508608,4.764045472538503e-05,0.0001493727703770061,6.0371583154490044e-05,0.0002575346290800418,0.061692473429233105,0.11031703596102242,0.5299872768362016,0.0002685886955271474,3.643767543460901e-05,3.471091194876148e-05,0.11170717624432504,1.8452508485967195e-05,7.333191712593988e-05,0.09824080362822825,5.261903053744327e-05,3.922270052093228e-05
Z_M_1859_REU_0778,1.2291954966393623e-05,0.000668594032112959,0.001998694297861154,0.005958866423735447,2.130551726956038e-05,0.00017323173887476528,0.01771960199165471,2.2237988488637078e-05,0.014832999417938253,0.0006063914082104007,0.3392160955439396,0.021313502613988625,0.015380124321852288,0.29796484553209646,0.03476438446922656,0.00011033391188491553,0.02594433195272698,0.02138092267902335,0.11208426557262093,0.030274621390713848,0.015927881322865996,0.00019839252757233793,2.691461944868751e-05,0.0065005737983937165,0.0018699247249556183,1.3629910191849568e-05,5.416648069192454e-05,0.03430440471456973,3.8866946526698746e-05,0.0006176021955975852
Z_M_1859_WES_0836,2.4804985469021265e-05,0.0001613653951233472,0.0004697931116337681,0.002522124632525065,0.021424250839569225,0.04429993994123934,0.06545408758416826,4.487593575058016e-05,0.0014244338774369364,3.5841409210906023e-05,0.00033291124472585105,0.00024782353314949687,0.291175488268015,0.014491993995619151,7.101195924636401e-05,0.019228213659028923,0.07848792966749059,0.0003838762390111002,0.08601839415605944,0.0967291711826856,7.034678980796752e-05,0.003963895990551853,5.431330867662665e-05,5.173942773884089e-05,0.008524871124419256,2.7504959559096612e-05,0.00010930716636569424,0.24502723063395376,0.019083994367462016,5.846461430689614e-05
Z_M_1860_SCH_0579,5.163952852288494e-06,3.359337958284833e-05,0.07304792546176665,0.0012669267465650837,8.950625590024222e-06,7.277609904323444e-05,0.0005200731909171199,9.342364530216647e-06,0.010682660773976742,7.461538228105243e-06,0.01268102232093673,0.09105377970599722,3.1816204786993564e-05,0.03491719635609911,1.4783415614366201e-05,0.0054867003504895755,1.8734040432962775e-05,7.99161443510157e-05,0.09605066864126148,0.10025876863407614,0.4463704820720775,0.00033063490875884113,1.1307056220942758e-05,1.0771220397667258e-05,0.05395260975269687,5.726039007144837e-06,0.000270044342962055,0.07277166504865934,1.6328328563277876e-05,1.2171283558504559e-05
Z_M_1860_SEI_0794,2.3760694377691515e-05,0.00015457190416215833,0.0004500147988482221,0.11847553623001633,0.02052228884011078,0.00033486181939104497,0.00011731414403796707,4.298665667892157e-05,0.03208612215686323,3.433248414475761e-05,0.05834869224860009,0.005926585893856977,0.04679779975572962,0.09353062075413836,6.802235231789135e-05,0.00021327855226936177,8.620020784846543e-05,0.031089372045483944,0.23372962236643116,0.005043253934882093,6.738518654511321e-05,0.0003834983310101646,5.202671574705288e-05,4.956119532158549e-05,0.012717330231388815,2.6346999427621355e-05,0.1514373121057402,0.15051147533662768,7.513089987230224e-05,0.03760469515813032
Z_M_1861_ULL_0819,3.0625541591796156e-05,0.0001992302162804566,0.012312664927784562,0.04564474474294917,5.308293164574534e-05,0.00043160879115104983,0.371195745915478,5.540619398937276e-05,0.04575605711988685,4.4251691655616956e-05,0.001877608958781177,0.0003059759874229533,0.011921324040791995,0.1410852319864631,0.04115189273026803,0.00027489816035410026,0.00011110483594129439,0.0004739538242672716,0.005008875336549218,0.019699544014095325,0.051417125883301086,0.013693509982195547,6.705807169052635e-05,6.388022271291115e-05,0.05012289333757565,3.3959071816824634e-05,0.04999864921543184,0.13680007534900224,9.683742664644351e-05,7.218349227982099e-05
Z_M_1864_SEY_0802,1.1557237287668799e-05,7.51840054003685e-05,0.0002188878713129909,6.822499188963586e-05,2.003203878423237e-05,0.0007163239538119438,5.7061775144059055e-05,2.0908774110082094e-05,0.00011023122219473029,1.6699371644148084e-05,0.07874453761061725,0.00011546692424610404,0.42567169116505704,0.01007284734897533,3.3086173918443254e-05,0.005084758982479167,4.192791003980227e-05,0.001839197132866913,0.29355660372914655,0.0024530462578621214,3.277625553346155e-05,0.0007399808258162559,2.530587236336497e-05,2.410663954037669e-05,0.05765626819583322,1.2815219932670917e-05,0.0006043754927820407,0.12191231317416748,3.6543782082207114e-05,2.7240065160316162e-05
Z_R_1853_BRO_0557,7.382585620734727e-05,0.0004802638756670901,0.05442820600918185,0.018112472071797846,0.00012796158614850476,0.0010404351040727376,0.0003645018529831547,0.03902221690836303,0.0007041401121002508,0.010712669803646246,0.008061491858567619,0.04316157210513033,0.00045485670122397885,0.011313817416068328,0.00021134939582494053,0.0006626688379415477,0.08511580331319264,0.0011425119380958448,0.03682170855296377,0.015669682623556263,0.00020936968479572386,0.5138147294214942,0.00016165002481108564,0.00015398950978094716,0.007695492635433355,8.186165607453142e-05,0.00032532553411992527,0.025731355056882097,0.00023343606556838658,0.12391063448830647
Z_R_1853_HG_0554,0.0002112334654533003,0.01148958280198217,0.20630930383129892,0.0012469590360273724,0.00036612876132630133,0.02320779968829867,0.011158359915101819,0.00038215299242538614,0.002014713593376634,0.00030521707355179686,0.10398932212456473,0.002110407353127734,0.011416886787594994,0.0020252444453204435,0.000604721266979636,0.0018960543402729102,0.0007663230853944082,0.013384433202682806,0.12558659726991356,0.02460385136558258,0.0005990568393281225,0.30687229761754825,0.12184771267745148,0.0004406008878938966,0.00178778295936778,0.00023422581448704637,0.0009308343106728318,0.0028155434278234375,0.0006679165217305908,0.02072873654342042
Z_R_1853_HLS_0555,4.177638672664315e-05,0.00027177049385453713,0.05280590660980356,0.0002466154821139291,7.241057515242983e-05,0.15263168199848112,0.00020626337647929402,7.557974379697147e-05,0.05441370605266232,6.0363856043885834e-05,0.0005606868394534905,0.008419641816094697,0.00025739314695068824,0.0004005397297351911,0.00011959785565678784,0.0043761189064780446,0.006153252755188954,0.0026470865134569214,0.08685521200087563,0.0788868872159068,0.00011847758184199765,0.5148194204869314,9.147410267633697e-05,0.008089398308038061,0.012356964812008904,4.6323664606719834e-05,0.0001840943813407903,0.01256022862108584,0.000132096203852227,0.0020990304827059186
Z_R_1853_KLE_0558,6.144402808688356e-05,0.0003997156088880879,0.051184483626222306,0.00036271802798121467,0.00010650029267887326,0.0008659367739356151,0.000303368809289734,0.0001111614542216713,0.00352844210622297,8.878217473575044e-05,0.009651843182471273,0.0006138796634428841,0.06511132656307243,0.0035315053422553186,0.000175902575064495,0.015263518424369115,0.003165307688713653,0.0009508936193952924,0.007106909198613675,0.06600478009978,0.00017425489461306263,0.6218376953226378,0.09429127595828996,0.02366734723423357,0.0005200340113386585,6.813209021179934e-05,0.023809947347968936,0.006703787189595715,0.00019428494170106318,0.0001448217499682931
Z_R_1853_ON_0556,0.0003032623684216131,0.0019728313071382965,0.09287840200878891,0.001790226514434549,0.0005256414984662216,0.07688621952637363,0.016019765846727,0.0005486470684634534,0.0028924716768124717,0.0004381921794891683,0.004070127461910277,0.14825448256732285,0.016390926124217428,0.0029075905458568418,0.000868182526218635,0.07533442861649275,0.0011001900354858536,0.004693218529342717,0.006031846043078077,0.006278181521505091,0.0008600502554079256,0.49865839178566174,0.0006640271024007921,0.029677484357064708,0.0025666732935437087,0.0003362718833135219,0.0013363745041864632,0.0040422021505129935,0.0009589103026514782,0.000714780398710914
Z_R_1853_STE_0559,0.0001608076555685117,0.0010461119161742397,0.2263650157201451,0.0009492840480708032,0.0002787262312756125,0.002266278218124701,0.0392973044980821,0.26981434501123364,0.024635767083829304,0.00023235542688285524,0.025260229877725946,0.00930727848011012,0.000990769948377186,0.00924244572495696,0.0004603617566313803,0.0014434268388083395,0.0005833858688340608,0.1256993284448595,0.010899110890899044,0.1111384313473965,0.0004560495453592572,0.11040480840518761,0.023454113885509255,0.00033542031643317514,0.0013610020824319947,0.0001783112539504975,0.000708624852131313,0.002143414807914113,0.0005084709931945733,0.0003790188699022122
Z_R_1853_TEI_0117,0.0544312101096266,0.0001572558826569015,0.000457828832381494,0.01634905171376275,0.03708498819275388,0.0026558693994275496,0.017483299107041717,0.04518999768316772,0.014121719456415716,3.4928631611628235e-05,0.023476363521321045,0.0037143017658566595,0.014040094989543997,0.0928394885255871,6.920348890136471e-05,0.01758092983626042,0.049864347705873655,0.0003741000153754035,0.08151256002119839,0.19381905886621664,6.855525941528763e-05,0.16361126788342678,5.2930104930061937e-05,0.07529419612070413,0.0002045914786569321,0.04633066562419544,0.009367295654615079,0.024631734101950024,7.643546890534214e-05,0.015105730558220204
Z_R_1854_HEF_0180,0.00666024194027901,0.0001802020180074952,0.07082957219588186,0.0001635225624331677,4.8013055363307244e-05,0.11712311510203435,0.0001367664169698383,5.0114426181944216e-05,0.06393660110176173,4.0025274707137094e-05,0.0030247894431932256,0.14884568003664875,0.00017066887521144868,0.010877650877523707,7.930137901672909e-05,0.017493250666013763,0.00010049336903207947,0.07471315085298304,0.06024383245457358,0.037715692423499945,0.19772829231745448,0.1781991970963571,0.0027136700098697574,5.7779112318134946e-05,0.001560952910846712,3.071568854013007e-05,0.00012206689015772247,0.007001763534904708,8.758861997006068e-05,6.528934826503106e-05
Z_R_1854_HLS_0263,4.611215315341779e-05,0.0002999762214286497,0.07153553440574287,0.00027221049430751565,7.992571385371729e-05,0.06247928374410099,0.0024358640343373392,8.342379497936222e-05,0.0225217468351812,6.66287248114574e-05,0.0006188777785201868,0.0004607008026625389,0.0002841067201549245,0.0004421097851863409,0.0001320103309305346,0.00924668202571979,0.06641309571005301,0.005130008241905619,0.04949742331390921,0.1511117848001838,0.028837290497571798,0.521877939489678,0.00010096775146646696,9.618293947171424e-05,0.00039027206910859097,5.113137071785875e-05,0.0024113942278465804,0.0006146316327068751,0.0023539994143664082,0.00010868497594332474
Z_R_1854_KAR_0262,0.00022983229007970393,0.01250122522855521,0.1254198145295773,0.0013567521143997465,0.011404449028994913,0.28939721032412985,0.0011347554896502052,0.0004158010532159547,0.0021921064355346284,0.00033209102939867004,0.003084611916591706,0.03531447526017569,0.0014160453081206886,0.0022035645149329004,0.0006579661672054355,0.11212383058394294,0.0008337968099854868,0.014562914677321804,0.03758958142412846,0.004758021392939696,0.0006518029942614875,0.31187982749554133,0.0005032436777898866,0.00047939520784973707,0.0019451948621645237,0.00025484908474998787,0.0010127930290193372,0.003063448267758417,0.02273889191783494,0.0005417078841494177
Z_R_1854_KLE_0561,5.261895175253058e-05,0.0003423052979058433,0.3940834416640144,0.0003106216016164933,9.120387996333671e-05,0.0007415640990208256,0.0002597965861982081,9.519556869156315e-05,0.03829868592044441,0.025273906665101074,0.0007062064497470413,0.0005257094203994134,0.012923134524923031,0.0005044950596569025,0.00015063805871217589,0.04834827794464653,0.1589375129526287,0.000814318771712023,0.001046583582299814,0.021247626038173657,0.0001492270311334678,0.2855852712685275,0.00011521511965185131,0.0001097551318985325,0.005484917839063584,5.834642160153279e-05,0.00023187389165720164,0.0032211487470518827,0.00016638020474757538,0.00012402130705889346
Z_R_1854_MIQ_0904,2.2289693403229088e-05,0.004414589142537215,0.052724591063825654,0.011872944349719496,3.863449296991965e-05,0.1924455292673046,0.00011005134197271694,4.0325395486027144e-05,0.07706515516753416,3.2206994172542375e-05,0.018444896334677944,0.00022269356210290994,0.0012047281692262437,0.001281103693583204,6.381115608960309e-05,0.0034022646625701584,8.086363865026023e-05,0.062253956313076,0.12746354116303688,0.12427945677354085,6.321343661657328e-05,0.14018871850689762,0.008587979056163944,0.13774066177172706,0.00018864971963751298,2.471588287790555e-05,0.010772189704833197,0.024847223779651643,7.047962052971878e-05,5.25361455851792e-05
Z_R_1855_CRE_0195,1.9482319443947047e-05,0.010389284873904165,0.00036898467386105207,0.013176429896650748,3.376850098287398e-05,0.00027456625767144236,0.01222465311961639,0.0028341224384654837,0.024442744845933628,0.2855135028640401,0.001194433653235071,0.009524232114279744,0.00012003468716402923,0.00018679075851518094,5.577417798152014e-05,0.00017487539799154476,0.0019365962456902941,0.02922322258547075,0.002253417941133878,0.26163175276330386,0.0709601104875969,0.05722492396013736,4.2658732093080836e-05,4.063715579732956e-05,0.00016488939683919726,2.1602931761133125e-05,8.585198065561075e-05,0.020784771684744054,6.160275319216499e-05,0.19503428080184748
Z_R_1855_PAL_0141,1.668103117254168e-05,0.14389469516219552,0.009102862940175814,0.012879465600007781,0.001626537268652995,0.11446521853953971,8.235958354460763e-05,3.0178485050406356e-05,0.03530683386221495,2.4102883070083736e-05,0.013803684293319584,0.00016665811342316772,0.00010277535814615515,0.004153993357565645,0.0008465667277401908,0.00014973073270872292,0.017634382585185536,0.03700350865656927,0.05944387919595363,0.1233623974035769,4.730730421674561e-05,0.2710665361831718,3.652499600333109e-05,0.0008336062001376939,0.02091029532867823,0.020787611476919855,0.04001411293734229,0.0034175908796899774,0.04159097462503802,0.027198928288988837
Z_R_1855_PF_0142,9.498046993866379e-05,0.09158533915962436,0.16554030150066948,0.0005606912473929333,0.00016462865736831402,0.005886942014591426,0.000468948943749714,0.09568766362304398,0.11461523078855271,0.00013723990664567514,0.0012747464219004228,0.0009489380943115705,0.0005851947468873963,0.0009106448580219457,0.0002719110345341002,0.0008525549295983984,0.00034457478893986716,0.006018268709105277,0.08830823227971651,0.015611417991460824,0.00026936404228019873,0.3699511880267436,0.0002079704335433845,0.00019811481716568591,0.037190853790842665,0.00010531890808118334,0.00041854674908168725,0.0012660003344333157,0.000300326584036441,0.00022386614773819608
Z_R_1855_PF_0143,2.128980793065891e-05,0.12044123116105691,0.0004032175356974384,0.00012567856289935977,3.6901401914699436e-05,0.07166606758072534,0.01641734960689699,3.8516452832904585e-05,0.0012225737321406574,3.0762232012484475e-05,0.0013052482347624432,0.0012322185190634662,0.00013117100569526297,0.006321208559599774,0.003119492740098846,0.0001910996093534561,0.04187733844185451,0.09616385689897165,0.025911318516019567,0.0769043463428807,6.037776742181482e-05,0.3959153173628538,4.661643165435793e-05,0.03266887734022429,0.020570480922525395,0.024491959690553265,9.381696999083272e-05,0.016596008135639547,0.045945478991517276,5.017944521226862e-05
Z_R_1855_SAC_0566,1.0054749973614631e-05,0.0019913952723107043,0.25586500535152107,5.935546864077099e-05,0.006758377007833848,0.009290133664313817,4.964351495459005e-05,0.09390998318178125,0.050653019829855324,0.026978325244716397,0.01602432652384417,0.1180670670159069,6.194943939133184e-05,9.640199051532794e-05,0.0033992594455997055,0.15272460259303638,0.02459279210931909,0.0020815904834509597,0.08879532010420174,0.09361845115170316,2.8515210534950748e-05,0.022792613477106982,0.012059425319054537,2.0972679477746663e-05,8.509878216956091e-05,0.001937134679711744,0.0005258042487876711,0.01746788976963306,3.179294348476309e-05,2.3698747168943546e-05
Z_R_1855_SCH_0265,5.4829490483945634e-05,0.0003566856512535902,0.2977362899131911,0.010826249631176033,9.503538367824281e-05,0.06378818974993476,0.00027071072258734533,9.919476450681735e-05,0.0005229555816776672,7.922464650160156e-05,0.06375134671468181,0.0005477946386821355,0.03447119691200068,0.0031513337355323135,0.00015696641099054347,0.06088198304294142,0.0001989131041716955,0.0638640008693342,0.024721353004239034,0.05364798165315047,0.00015549610569895925,0.24506990484628524,0.00012005534310656484,0.00011436597954852594,0.0004640516054009772,6.079757314473049e-05,0.00024161498685656643,0.013859048938437799,0.06056319751958585,0.00012923148121940815
Z_R_1855_SCH_0266,0.00010094949731718598,0.0006567129637078452,0.20978314700330913,0.0054301421344992405,0.0001749747102332388,0.07393590674335021,0.005332634305347791,0.00018263276796985566,0.0009628413947241567,0.00014586471931214094,0.0013548575889425582,0.0783560037502043,0.0006219711859615971,0.000967874139927517,0.0002889992255138296,0.0009061335623399842,0.0003662295180695376,0.011230699887953704,0.02134472882694381,0.07943730097398981,0.00028629216807488284,0.504387621945807,0.00022104029108931204,0.0002105653006020867,0.0008543901444456881,0.00011193765240007977,0.0004448502302718035,0.001345561855473701,0.00031920054416497285,0.00023793496805290406
Z_R_1855_SCH_0267,0.00012293911699859993,0.0007997633868953539,0.6146014915843729,0.012500219992883721,0.00021308908855257987,0.0017325931531332371,0.006494230978843022,0.00022241528512695046,0.007059816395929481,0.0001776381286688225,0.0016499834082392563,0.13663481837215888,0.006644695136387922,0.0011787041569370066,0.0003519513275664507,0.0011035147573529172,0.0004460045346122464,0.019564301214293343,0.0024452418223436536,0.037868550965110326,0.0003486545974186727,0.11384182496941413,0.00026918903936936435,0.00025643230342424164,0.03047670646126922,0.00013632079911921673,0.000541751033533169,0.0016386628044236188,0.0003887313368368169,0.000289763848784755
Z_R_1855_VIL_0112,1.4686617093159014e-05,0.06479957360757292,0.000278156645251246,8.669843035377122e-05,0.0007287608542264113,0.00020697994942152267,7.251252365397916e-05,2.657029111704541e-05,0.005063211643131792,0.21523245748819234,0.018483033227009043,0.0015533415578964473,9.048735153672589e-05,0.0029540297487978396,4.204499356747705e-05,0.008571484986077738,0.028888773284349235,0.04734870120523074,0.029830911908917637,0.37094561825782535,0.05419611260219719,0.08182038696077747,3.2158001809449996e-05,3.0634049948085244e-05,0.02192674629300749,1.628522660139315e-05,6.471894530863934e-05,0.010042024510128615,0.0014530482144356493,0.035199850624563586
Z_R_1855_VIL_0113,1.878142761646991e-05,0.013613101117497065,0.002154499644579329,0.00011087102522127979,3.255365249252119e-05,0.006560451719858745,9.272991224978121e-05,3.3978416962730496e-05,0.01187126613990167,0.0863690331201079,0.0002520682164210992,0.00018764291377304163,0.00011571634450010267,0.00018007081346612153,5.3767657882926435e-05,0.006464347317583205,6.813618063917484e-05,0.0029888412743947837,0.061532402480998546,0.5130438192773193,0.08099879087480971,0.002101922299568038,4.112405051778892e-05,3.917520202574655e-05,0.019945641713857282,2.082574923086573e-05,8.276338785292279e-05,0.015540049394955133,5.93865454974547e-05,0.17542624212821925
Z_R_1855_WEN_0264,1.0547366278009905e-05,0.023807680534682442,0.4310385569396359,0.0005673500072443408,1.8281639901781164e-05,0.11732871606491968,0.001567335257758582,1.908176612402927e-05,0.05414485609939993,1.5240181105511442e-05,0.0006466442187080488,0.037986865893947994,6.49845525440606e-05,0.00010112505100202615,3.0195105142307765e-05,0.023328653888184843,3.826425065556866e-05,0.18755032488696277,0.044657398771445506,0.009814996850609117,2.9912267415494023e-05,0.0658314814868825,2.3094646078242524e-05,2.2000202179425545e-05,0.001099441085893772,1.1695426441347902e-05,4.647866945579115e-05,0.00014058647260825575,3.335058761976504e-05,2.4859829172951454e-05
Z_R_1856_HLS_0270,3.896977088697674e-05,0.08609701475858596,0.10897552598580056,0.00023004739251496694,6.754589720620253e-05,0.03414014052962919,0.0001924062168508702,7.050215517049447e-05,0.03023029741961463,5.630849923132395e-05,0.011719997411160834,0.0003893421473396268,0.0021062640874653015,0.03956305569106478,0.00011156304790108493,0.00034979686135968153,0.00014137643862034466,0.026729370507268972,0.013838244942778346,0.105311891100342,0.00011051803617762703,0.46343742055312376,8.532870127600606e-05,8.128501616435235e-05,0.00032982222855973664,4.321155412939851e-05,0.05429045629667744,0.02104722442642988,0.00012322173367563277,9.185059299392134e-05
Z_R_1856_JB_0851,3.213358805219431e-05,0.0002090406035209743,0.12371224937046957,0.00018969185538701233,5.5696812838212717e-05,0.12971170112151875,0.00015865379678260357,5.8134476017606e-05,0.05878072223471928,4.64307096745427e-05,0.009664043698775845,0.05264009668774644,0.003275573238050069,0.000308087407320927,9.19923556517168e-05,0.0002884345478315062,0.00011657580056316639,0.0928250343482195,0.11143242338013573,0.0406739225482119,0.0031687220741988503,0.36675201505626726,7.036010921861086e-05,6.702577830946775e-05,0.0033495553307392656,3.563126618107018e-05,0.0016803975405628605,0.0004283105068535809,0.00010160584316735671,7.573791301407901e-05
Z_R_1856_KPK_0269,1.3499807357676564e-05,0.049219647372489496,0.06425634750618145,7.969242341955142e-05,2.339907521472983e-05,0.12754511952497,0.0007131242625700209,2.4423174461638034e-05,0.08223062671247247,1.950624483852911e-05,0.11072779189342974,0.00013487490087003815,8.317516595575697e-05,0.008533560362973643,3.864738284625645e-05,0.01628296067464255,4.8975260640468766e-05,0.046754860562542376,0.10305746155735183,0.10953314122844868,3.8285372584658794e-05,0.07326915527406933,2.955934826118701e-05,0.18104014998062873,0.024033697889749007,1.4969234950458516e-05,5.9489076927429425e-05,0.002119353929356918,4.2686154653680085e-05,3.18186451417059e-05
Z_R_1856_ON_0568,3.407358250223939e-05,0.00022166096854233617,0.2111342612499792,0.00020114408244836066,5.9059384973506955e-05,0.10164542256607802,0.00016823216956615003,0.15670456580560546,0.04274911339408638,4.923386128443945e-05,0.010247489005604507,0.1112958277286343,0.0002099345423414033,0.0019583846043798488,9.754619106906968e-05,0.06067864084272312,0.0017553109070884755,0.0005273149108242631,0.09368445347817883,0.1002389193382972,9.663247532569718e-05,0.07234462105439354,7.460794550651492e-05,7.107231172861514e-05,0.0035517773403448616,3.778242522770627e-05,0.00015015073304110453,0.0004541688082932548,0.02947828786959584,8.031042233568516e-05
Z_R_1856_ON_0571,1.9482319443947047e-05,0.004791532867588321,0.23827344494228445,0.010377553893492826,3.376850098287398e-05,0.018000780944338286,9.619043926539257e-05,0.005632998441623406,0.013247240833301938,2.815054193199046e-05,0.02731727634937568,0.00019464543708666825,0.00012003468716402923,0.01138229477114687,5.577417798152014e-05,0.0076385447397460055,0.08217104166955075,0.011497007898803905,0.06102981400745025,0.02092841649172248,5.525174092952607e-05,0.3679001603106668,0.07841118682051491,4.063715579732956e-05,0.00016488939683919726,2.1602931761133125e-05,0.039270116024866526,0.0002596809949192871,0.0009945614209114725,4.591924851222459e-05
Z_R_1856_ON_0854,0.0003032623684216131,0.0019728313071382965,0.6011645925166487,0.001790226514434549,0.0005256414984662216,0.0042739065966793935,0.0014973032607881495,0.0005486470684634534,0.03193739684869017,0.0004381921794891683,0.03311505263378797,0.1046870948095063,0.0018684635382785815,0.0029075905458568418,0.000868182526218635,0.0027221156867985193,0.0011001900354858536,0.0627830688730981,0.006031846043078077,0.049845569279321635,0.0008600502554079256,0.07750697679343514,0.0006640271024007921,0.0006325591851870131,0.0025666732935437087,0.0003362718833135219,0.0013363745041864632,0.0040422021505129935,0.0009589103026514782,0.000714780398710914
Z_R_1856_ON_0857,4.055926516603681e-05,0.004148412532803743,0.542664270426765,0.0002394305376039062,7.030095105280129e-05,0.0025138856687178827,0.00020025405824124006,7.337778850767571e-05,0.0314633271169696,5.860520345497022e-05,0.14621534622410373,0.11499973829748769,0.03715321282227057,0.0003888703255780042,0.00011611346794095586,0.00036406433323106957,0.0001471428836177419,0.004512245695731135,0.004691277959347379,0.08435770066157185,0.00011502583240631867,0.006481467557083247,8.880907797391378e-05,0.01173828002324988,0.00034327497753593704,4.497406174785943e-05,0.00017873093901672106,0.006367456640230431,0.00012824768677403126,9.559698381863368e-05
Z_R_1856_ON_0858,0.013866236629640514,0.005213682672554568,0.35066512673257555,0.000565838536661198,0.0001661399906114508,0.0013508575786319158,0.0004732540151713755,0.00017341138222437305,0.0009142261762660134,0.0001384998041417384,0.0012864489205709768,0.023908289946846666,0.0005905669845574227,0.0009190048110739896,0.15633876168028377,0.0008603816022281796,0.0003477380737627919,0.0014833898858398306,0.047807771827611575,0.28657229102901083,0.004861964944737146,0.08875949425698504,0.009390135798499653,0.00019993356193301155,0.0008112507823988253,0.00010628576263408085,0.00042238911544612153,0.0012776225417806715,0.0003030836590044796,0.00022592129631620315
Z_R_1856_ON_0859,0.0002490172195985058,0.013544747550093786,0.2074378616773657,0.0014700051028297791,0.00043161894809076533,0.07505822758439383,0.0012294776197845872,0.00045050946558492725,0.08584869324323507,0.00035981186440679877,0.003342095589543604,0.0024879001543071998,0.0015342477131104501,0.002387503986164118,0.0007128889743497882,0.0022352053875990723,0.28709860980704927,0.003853733106510359,0.004952917628755497,0.00515519058548807,0.000706211339149467,0.2902143584819318,0.0005452512411563459,0.000519412053485566,0.002107567287370835,0.0002761222562750339,0.0010973345130385391,0.0033191653346729888,0.0007873880912209314,0.000586926193437385
Z_R_1856_ON_0860,0.00017278252509751363,0.0011240127702388874,0.08601355976606637,0.0010199744177638527,0.00029948214766551263,0.2175620350762674,0.0008530825620805239,0.0003125894794327798,0.09266324082645218,0.0002496582468974925,0.0023189388910921415,0.0017262487772723935,0.0010645496501154408,0.0016565881189860125,0.0004946435322863598,0.01809914485270763,0.16610913183609455,0.02749628798466523,0.0034366202300232388,0.011851084034080712,0.0004900102034207825,0.35857566656178663,0.0003783267936709068,0.0003603980733220725,0.001462351873946612,0.00019158956457607728,0.0007613940447377276,0.0023030285562805077,0.0005463353211164047,0.000407243281856126
Z_R_1856_RAU_0268,1.368560170912856e-05,0.007953453181497538,0.13067755260700573,8.078920959824115e-05,2.37211106252296e-05,0.12930048996361065,6.757019069519891e-05,2.4759304284773523e-05,0.009305691876733985,1.9774704233023914e-05,0.007392731190728883,0.0001367311491905041,0.0013950571169400613,0.0014419507636029526,3.9179276764517004e-05,0.05910601890767748,4.964929446530806e-05,0.04739833559631806,0.05139095677781527,0.19820464345194685,3.881228424947006e-05,0.018571207286563182,2.9966165913766914e-05,2.854608407557166e-05,0.00011582864235915197,1.5175252653205326e-05,6.030780968215459e-05,0.000182416199370951,0.3369027424427772,3.2256556911967033e-05
Z_R_1856_SAC_0569,4.169297722485442e-05,0.00027122788490078516,0.15652214245862064,0.0002461230969148188,7.226600233340603e-05,0.0005875832577709617,0.00020585155710434492,0.07794167876707439,0.06428791780607415,0.024019089465676713,0.00055956738864401,0.12620049154831064,0.0002568792433837889,0.00039974002392237373,0.03605762826559661,0.0023708111656567075,0.00015125581961014046,0.0006452309077238126,0.06871266484813435,0.20650989667827915,0.10793304861947066,0.11447744504144003,9.129146818042595e-05,8.696521048305253e-05,0.00035287019529764153,4.623117614401106e-05,0.0001837268239277901,0.004548869195568738,0.000131832464467019,0.006087980642064038
Z_R_1856_SCH_0853,6.311542439731821e-05,0.00041058864593855604,0.21578839607465278,0.0033950216144199878,0.00010939730646175834,0.0008894919276924476,0.0003116210271917054,0.00011418526060666177,0.09731996815836527,9.119722146862202e-05,0.07036313107195305,0.11548318267010278,0.0003888674674775865,0.0006051321574467593,0.06062942656686166,0.16377812642315048,0.0032514101751070505,0.007021633673716556,0.004277793908508586,0.11313679200541081,0.00017899496451081768,0.11284885221062042,0.00013819832838963143,0.0001316491776981545,0.000534179941462623,6.998541473735256e-05,0.003300565245205856,0.006886143156863774,0.018334191598131648,0.0001487611814493383
Z_R_1857_DNT_0574,8.258479713486434e-05,0.15872826947224816,0.03715709247550142,0.00048751678056701403,0.000143143367053534,0.009073427002164293,0.00040774754442875183,0.0001494082733822742,0.028471111062988948,0.00011932905634663623,0.001108382330799422,0.004779870102826701,0.0005088223872475378,0.09966118973694356,0.00023642457907642635,0.04424382205332084,0.00029960516157441914,0.03687104403153573,0.2033361575893466,0.18758413743075114,0.00023420998865875041,0.1516143953856076,0.00018082871221127396,0.00017225932863466187,0.0006989597633297208,9.157399056844793e-05,0.00036392321902270833,0.0011007776741825271,0.03189933678758705,0.00019464991495895504
Z_R_1857_HAN_0271,1.082624395823891e-05,0.002662634903799815,0.17906727616924042,6.390977254003023e-05,1.8765015674671522e-05,0.06703149720261199,5.345262739036185e-05,1.9586297637496892e-05,0.0032139066448200705,1.564313917494305e-05,0.022438274520970747,0.0032188111895905844,0.042060444418777015,0.03795001045152157,3.099347894050552e-05,0.00891067886424035,0.038403928834770736,0.01623922335666859,0.11012487850211035,0.06554772458177632,3.0703162841645523e-05,0.2910202798716062,0.008318765357574831,2.2581898613080156e-05,9.162835264271571e-05,1.2004659410914165e-05,0.028561976605014174,0.07428140309169261,0.0005526736488034355,2.551713558555763e-05
Z_R_1857_HAN_0272,8.61175752972246e-06,0.0008808128727066505,0.17625582634235928,0.0025252079900278273,1.4926669457576096e-05,0.18322480798862287,4.251899995862253e-05,1.5579959846622263e-05,8.213767132382359e-05,0.002899209338267905,0.008363482401424479,0.017406634831828773,0.028920718575512278,0.001732147557934464,0.01569566910037304,0.0013144854797218796,0.10271763172123435,0.0009580638526634173,0.09337258802505188,0.07647138253499093,0.009921906224347169,0.24180254537825102,0.0029056223845287405,1.796281666723649e-05,7.288595738750844e-05,9.549130471516784e-06,0.005811481041039561,0.02403370468009591,0.0008520205042687903,0.0016698782121062268
Z_R_1857_PRH_0573,0.00013228461426311496,0.0008605592241110622,0.07852267947070046,0.0071156793916380395,0.0002292875414354716,0.15389885992253113,0.0006531314297885315,0.00023932269010500896,0.0012617111118190872,0.00019114169601237968,0.020779730627618866,0.020325959142105745,0.0008150334633087357,0.0012683060407251642,0.0003787057101365822,0.0011874009475092294,0.12084060172216862,0.021051526175266573,0.027970215746110076,0.002738575264608822,0.00037515837153048693,0.5279212635083477,0.00028965205791449085,0.00027592558960273133,0.0011195961712725,0.0001466835354586981,0.006917706796420621,0.001763229493448869,0.000418281635665473,0.0003117909083755939
Z_R_1857_RIE_0572,5.003115148923377e-06,0.005063862404105078,9.475631568541684e-05,0.04243633517766885,8.671847277216319e-06,0.09686343292553534,2.470197890219891e-05,0.00072781071815326,0.01418331919153204,7.229139384330434e-06,0.005098462853274988,0.0007687448360245326,3.0825249707791686e-05,0.05922582016009389,1.4322967836603678e-05,0.00028449494489596696,1.8150545555264258e-05,7.74270571174798e-05,0.23968595563641765,0.08587552230207152,1.4188804512944469e-05,0.0702795786332651,1.0954883959418188e-05,0.1935962827937597,0.008427869620151457,0.0057556223594749595,0.1270028625529092,0.04415059258477582,1.5819762559476195e-05,0.00025137863824351307
Z_R_1857_RSZ_0126,0.0030122706814867464,0.15768504977147146,0.010365865084932499,0.02505165413426679,0.01599048076073599,0.010264950369937067,0.00010280865911009457,3.7671506441334486e-05,0.07598195163745618,3.00873921707069e-05,0.07506566318126491,0.012173829342418138,0.00012829346999846202,0.012165434236024586,5.961162559438328e-05,0.0021812060122389453,0.001072691157371845,0.03522247401401032,0.051268776467180935,0.3225103013706153,0.007039098376127324,0.039224902983080026,0.015002833364391028,4.343312630109349e-05,0.12781134533485913,2.308928479972158e-05,9.175888041011013e-05,0.00027754790484289224,6.584122602562203e-05,4.9078644436375926e-05
Z_R_1858_BEC_0273,7.233570305347455e-06,4.705698908522519e-05,0.29803864535362407,0.0003890986675695186,1.2537871923751088e-05,0.010493861286100026,3.571444904855256e-05,1.3086612635814022e-05,0.12754318518153202,1.0451985698343013e-05,0.12376090535104485,0.13793838002339176,0.0003909648173836299,0.0014549423966374322,2.0708337054684445e-05,0.024312737653953965,0.0014118313481755497,0.13035731562039599,0.024391683048163266,0.07497155903697404,2.0514361940140694e-05,0.037874051615027236,1.583871666923894e-05,1.5088127690087177e-05,0.00040761887630586376,0.005550377124022902,3.187589340747789e-05,9.641668894279648e-05,0.0003692696848467173,1.7049310449793326e-05
Z_R_1858_NIE_0578,0.00020911814491773984,0.0013603891090464696,0.09408780451836282,0.0012344718193344542,0.0003624622983166128,0.14314501909192004,0.0010324831330209498,0.00037832606059491814,0.0019945379785506557,0.0003021605884342409,0.0028066044225774985,0.0020892734480294634,0.0012884210823943646,0.002004963373116649,0.0005986655062999204,0.05194774426748858,0.0007586490222154029,0.003236264221168585,0.18441376880024,0.004329194156423434,0.0005930578029941809,0.4940678104963813,0.00045788772458607287,0.00043618865092117986,0.0017698798586495287,0.0002318802454538462,0.0009215128098001124,0.0027873481945593507,0.0006612279152097211,0.0004928852589919165
Z_R_1858_PAL_0140,8.036015252067667e-05,0.019763987196445603,0.01691495044781719,0.0004743841990527263,0.019380502775491748,0.012677252806286158,0.004245006835133458,0.00014538355791131208,0.0007664632651923256,0.00011611460584572712,0.001078525058417351,0.004651111388757268,0.0004951158816600767,0.004618712619718415,0.0002300558443364833,0.0007213213855335226,0.046470451355320214,0.016636607491451426,0.040080782904534575,0.1940757811463408,0.034862088561012985,0.559292260799709,0.00017595760233793536,0.00016761905825820412,0.000680131393860143,8.910719774476286e-05,0.011898849181016934,0.008767611398463472,0.00025409739617805206,0.0001894064936515396
Z_R_1858_SAC_0575,0.0001384227515392969,0.0009004900254465216,0.387087011651839,0.0008171408846287114,0.00023992671072125003,0.0616092233290495,0.04045571589622121,0.0002504275002399794,0.0013202557585292915,0.00020001086024483243,0.001857791473850149,0.0013829645414461544,0.0008528518241992958,0.0013271566986761893,0.00039627803061422124,0.02775734987586942,0.0071308899071636225,0.008770911691163239,0.11544133161981782,0.009494360959217681,0.0003925660919792367,0.267382670895826,0.00030309220062278377,0.0002887288105700941,0.05420125123774005,0.00015348979695642875,0.007238695251422272,0.0018450450903759236,0.00043769031833142444,0.0003262583156983251
Z_R_1858_SAC_0576,9.629441869568225e-05,0.005237724498807606,0.10327224369349941,0.0005684477847953996,0.00016690611103703566,0.10280556586659567,0.0004754363288104846,0.00017421103317813829,0.0009184419424079519,0.00013913846752736865,0.010514970123211216,0.010184654601171357,0.0005932902628474981,0.03781359864412139,0.00027567262011139206,0.010086938082985053,0.00034934159643113156,0.001490230233467547,0.08030728907039543,0.03888385704891538,0.0002730903930633449,0.2736205705810866,0.10165932655813077,0.00020085551446829872,0.0008149916986729869,0.00010677587758715839,0.0004243368760526861,0.21801435571896227,0.00030448126701546936,0.00022696308594822039
Z_R_1858_SAC_0577,4.9151139639252775e-05,0.00031974592682411205,0.3422207191934714,0.0002901503205123496,8.519315741602593e-05,0.10425650023462191,0.00024267488919361052,8.892177692559365e-05,0.0004687963100385167,7.101984039430087e-05,0.017135724869352713,0.016967123359849835,0.005010276392430574,0.0004712466953186129,0.00014071037168451455,0.0004411859240313811,0.00017831290557191918,0.06666489339116083,0.029222284290917885,0.09752017362301862,0.02838406734277326,0.28559377386774104,0.00010762195456105821,0.00010252180316020715,0.0004159926538723054,5.450114493110809e-05,0.002570315335825749,0.0006551384643733214,0.000155415043523026,0.00011584777686494214
Z_R_1859_DEU_0274,2.460043450120247e-05,0.00016003471715193027,0.04523190129100643,0.00014522194210867486,4.2639676401111394e-05,0.2689425899496373,0.00012146020947856787,4.4505872397750565e-05,0.0803421825215855,3.554584786291666e-05,0.0957523912912054,0.0014238320546676407,0.00015156847560922562,0.007304174732123188,7.042636870011298e-05,0.00022081615007597572,8.924665809249964e-05,0.22421062197996053,0.054679698781359504,0.01111175124569216,6.976668449179484e-05,0.17357071999752316,5.3865421300553804e-05,5.13127655248441e-05,0.00020820677017210695,2.7278143619024542e-05,0.00010840577955788671,0.001505952819872914,0.03424129892457126,5.7982493748729966e-05
Z_R_1859_H_0275,0.046006206439696176,0.000249783351713017,0.011759484184766137,0.020452499821639384,6.655231737821443e-05,0.09247674600795071,0.002028288375379417,6.946508967718633e-05,0.09597926509826805,5.548021814698608e-05,0.09428965759933197,0.0003836150414785368,0.000236569180272072,0.01691654629049231,0.00010992198902810856,0.0003446514547588996,0.00013929683373868688,0.04104588867690937,0.04305408686019228,0.0302142890194964,0.00010889234911273057,0.39410417404594994,8.407354174977391e-05,0.018467213298995894,0.00032497064279844864,4.257592516753991e-05,0.00016920053001577605,0.08325384755406469,0.0074762587634287095,9.049949840250735e-05
Z_R_1859_ON_0276,1.585765740674685e-05,0.0008625426251910081,0.03219441449462043,0.009206205339484545,2.748591209924857e-05,0.1786784492263245,7.829432404410129e-05,0.0007880717112476193,0.10646484457523937,2.291316755461879e-05,0.1323454407734974,0.0009178147209782109,9.770237837695434e-05,0.0001520385631599118,4.539745943076908e-05,0.008495551201038684,5.7529184236918796e-05,0.06555233306588724,0.1218166598209133,0.04741002315164925,4.497222116224831e-05,0.24629598087563817,3.4722126432869075e-05,0.012942584818250233,0.023675079737806345,1.758373235974287e-05,0.0008292621559130921,0.010083344484376986,0.0008095244679750641,3.7376027704358524e-05
Z_R_1860_BCH_0580,0.00011235567733426515,0.04377433253624597,0.3626165840636825,0.0006632610358414626,0.00019474492302672854,0.001583439689640946,0.0005547358972240581,0.00020326825684144792,0.00107163185498383,0.00016234582413020092,0.0015079415563488405,0.0011225316362775961,0.01145310163375845,0.0010772332448986074,0.0003216529511747895,0.017149798506341365,0.0004076094151634694,0.0017387905709716279,0.007615165970543611,0.09379326730249403,0.027220776431893603,0.39996504286034656,0.00024601540654997173,0.00023435685764641197,0.006331354090485681,0.00012458537277408883,0.0004951134008864777,0.017638877350981373,0.00035526668580068243,0.0002648189957112308
Z_R_1860_BRE_0582,4.024658463214525e-05,0.004116431483831345,0.12410986168743342,0.00023758471352347825,6.975898514641004e-05,0.054531779780411294,0.005980629612706308,7.281210256656121e-05,0.0003838659796228765,5.815340270783863e-05,0.035231671296861895,0.03894822768989618,0.0002479677129635156,0.00038587243642694205,0.00011521832299690543,0.025416241564694787,0.05218328274987795,0.052660121093244965,0.0008004989327370529,0.0008331906304640507,0.00011413907229020477,0.5229496297943845,8.812442873774977e-05,0.04055738376301642,0.03117753183705678,4.462734655020915e-05,0.00017735306184843633,0.0005364491209297909,0.007836484807356438,9.48600050835292e-05
Z_R_1860_HAN_0277,1.2277501145016689e-05,7.986958209942207e-05,0.040212331368956425,0.008891550862459494,0.006488601390411211,0.073665311287459,6.061794806405523e-05,2.2211839359855215e-05,0.00423266885435231,1.7740100802537303e-05,0.00016477809242884596,0.0024744160550344294,7.564427907766188e-05,0.04774071262063518,0.004150716014329282,0.02891917920593371,0.12997889770041862,0.007833201236232778,0.046691320791155844,0.1484146136362411,0.003562448515397483,0.34531792137375084,2.6882971179311068e-05,2.560900042047844e-05,0.0042194789882820626,1.3613883100322201e-05,0.014164621171160808,0.07012830119501053,0.012385524829413463,2.8937705687928338e-05
Z_R_1860_HLS_0585,8.563272092151508e-05,0.012859270638130419,0.588026649168251,0.0005055093656847693,0.00014842630154608067,0.04221415988609732,0.00042279611853353907,0.00015492242424493952,0.009018218137442498,0.00012373308568249032,0.0011492889502735864,0.029560676521009938,0.0005276012897946928,0.009022487278715331,0.012547349046061088,0.0007686485274678845,0.008512128462012993,0.009526698149240856,0.00170322282826186,0.030477911632213108,0.0002428538822114397,0.19821729617104994,0.0001875024845323237,0.00017861683417361325,0.0007247559892995618,9.495367489020397e-05,0.0003773543864319161,0.04214873309978648,0.000270769165205357,0.00020183378083325266
Z_R_1860_SAC_0584,0.00010448522515187204,0.0006797141511024228,0.5273496876981164,0.0006167999722718449,0.00018110315039172653,0.001472520627456433,0.0005158769587480814,0.00018902942945305104,0.000996564644568756,0.0001509735902018111,0.04143056203794633,0.006047430292466141,0.05568260059742931,0.006005305027997572,0.0002991213423445986,0.17606146850701831,0.0003790566042397,0.05165230294403889,0.04710997880717393,0.012170131016027059,0.0002963194709779816,0.06673230249715469,0.00022878216529930416,0.00021794029120772183,0.0008843149196618177,0.00011585823728518148,0.00046043098483957047,0.0013926897821313433,0.0003303804537122678,0.00024626857358584186
Z_R_1861_HW_0587,4.136264348789771e-05,0.0002690789445575963,0.4147604851663514,0.0002441730619744796,7.169343831436337e-05,0.040197961219116604,0.008127227271326944,7.483122027848904e-05,0.012279020800368377,5.976602700074284e-05,0.061958435682989116,0.042009034097488476,0.0775041590928932,0.0003965728810435791,0.029829688427960965,0.016217288898557346,0.006092312426854442,0.002620870408304425,0.15334057572866902,0.040471328830135336,0.00011730420850191476,0.08980141944750306,9.05681652684351e-05,8.62761845396865e-05,0.0003500744023840132,4.586488622671412e-05,0.0001822711550749773,0.0025320768051862183,0.00013078795497073763,9.749052267148963e-05
Z_R_1861_HW_0588,0.00017422407515683296,0.001133390574358251,0.29530986629218536,0.0010284842145827258,0.0003019807713399186,0.0024553571482959077,0.000860199955562749,0.017001492077620098,0.001661723495179535,0.0002517411824282791,0.002338286139861224,0.15191730268813156,0.0010734313446641587,0.001670409277693146,0.0004987704161416969,0.034936443302494874,0.0006320586112511062,0.1028140193472827,0.0034652924588476066,0.0036068120648924816,0.0004940984307308629,0.2864789903878456,0.00038148322984146623,0.00036340492753769867,0.0014745524910486237,0.00019318802453621348,0.0007677464674132129,0.0023222430627825195,0.08398236656774635,0.0004106409725472753
Z_R_1862_LAA_0590,0.07179575852263735,0.04351967708188951,0.12334376371758862,0.00044206211229051815,0.00012979708950010998,0.06201810192814129,0.0003697303312550671,0.00013547787390667758,0.0007142404209090189,0.00010820315691467187,0.24485601050142408,0.0007481650201511579,0.03273577440817932,0.0007179737357333215,0.0002143810284896545,0.0006721742755471308,0.00027167083443710086,0.02984724980715671,0.1270009776939497,0.019480494973987045,0.00021237292013950184,0.22712939553249617,0.00016396876101355403,0.00015619836221723182,0.0006337907569545581,8.303589397369576e-05,0.00032999206042842917,0.011756275371001915,0.0002367845132833051,0.0001765013144036738
Z_R_1862_SAC_0589,3.839653728055331e-05,0.003927208143906267,0.43834076007918304,0.00022666346457651113,6.655231737821443e-05,0.37012231781854105,0.005705713167572666,6.946508967718633e-05,0.0022049328973401923,5.548021814698608e-05,0.0005153253984041101,0.01325460181415491,0.013107555952948444,0.00036813472562268644,0.00010992198902810856,0.0058607886430487735,0.00013929683373868688,0.000594215962783625,0.03386052487970915,0.055956262564849146,0.001947604745209355,0.04107139399539801,0.0019227859378463984,0.00559622652631952,0.00032497064279844864,0.0037200007173607895,0.00016920053001577605,0.0005117897297165723,0.00012140917904220955,9.049949840250735e-05
Z_R_1863_BAU_0203,8.705095950297274e-06,0.0429937122397965,0.06728011521969189,5.138815495648005e-05,1.5088451967917787e-05,0.12768333447889227,4.297984157972729e-05,1.5748823036242233e-05,0.00633600109093268,1.2578233781449425e-05,0.02971423867852655,0.049693892028124693,5.363393574020442e-05,8.346190401926955e-05,0.00044178591341752596,0.08761976228053373,3.1580772359960106e-05,0.11268823514662654,0.04894633387751689,0.1377456239324053,0.008778850039986907,0.00014050051379629297,0.0004359256658623886,1.8157506419126058e-05,0.0009074056870821152,9.65262859637666e-06,3.836040833230207e-05,0.005952139035246249,0.2722402907621159,2.0517652706318434e-05
Z_R_1863_DNT_0592,1.4906781287474914e-05,0.07076790587437662,0.003137717623783867,0.0015156937029355833,2.5837768444659132e-05,0.0523209719053632,0.017205946665807232,2.6968601136256577e-05,0.013705286815694055,2.1539220363951538e-05,0.011621630783325725,0.00014893180288948598,9.184382966375097e-05,0.06724461473326429,0.0007565230785282148,0.00013380487461568658,0.001481775142826711,0.02949845357734442,0.11379829347003369,0.5057128424212906,4.227554219908671e-05,0.09161311388347253,3.264007610295661e-05,3.109327897834265e-05,0.010120033299002365,1.65293552370895e-05,6.568913431543849e-05,0.008764866935193252,4.7134981601341435e-05,3.513484092211666e-05
Z_R_1863_FUN_0189,1.841701593560681e-05,0.10948086477805237,0.0003488083971749574,0.00010871982045213478,3.192202152892872e-05,0.11844004821750272,9.093069528506029e-05,3.331914162481115e-05,0.00017565877771912207,2.661125544363829e-05,0.00024717739532304666,0.0010659461172996744,0.01687040704030608,0.00017657694126696925,0.0009346684119270776,0.00016531311894470017,0.00183070214100178,0.034680833316359204,0.008303807826960274,0.11238815915388828,5.223054657823351e-05,0.507415048570753,4.0326130110506096e-05,3.841509467342606e-05,0.00015587315760514254,2.0421672052206633e-05,0.0009631015444783904,0.011710753441676278,0.03180821811763868,0.04237672014043771
Z_R_1863_HLS_0591,1.951873979890374e-05,0.004800490185443944,0.32003801351127426,0.014135764732834734,3.3831628004052856e-05,0.009622106991102662,9.637025820079012e-05,3.53123251872825e-05,0.01701081628116816,2.8203166709668294e-05,0.0002619637882895903,0.0712324179873218,0.00012025908066739044,0.04224876350611091,0.006598797662969059,0.05625736705758888,0.019699568699093437,0.0003020675191927491,0.03497222659517246,0.059290352765263066,0.005663571503494238,0.2564235853975585,4.27384785611183e-05,4.071312311953815e-05,0.008577522353968347,2.1643316400401016e-05,0.07112342115180584,0.0002601664439972409,6.171791371727717e-05,0.0009807078359836945
Z_R_1863_HOL_0281,0.05522822343908826,0.00017854413608318377,0.20423696262541888,0.00016201813366221042,4.757132903028427e-05,0.05558757258407741,0.00013550814820540244,4.96533669650001e-05,0.029176466049054026,3.965703699156499e-05,0.00036835252401246993,0.027874595364408433,0.01594074948473131,0.0002631412225745113,7.857179605035332e-05,0.04493269936659385,0.02244274076284474,0.05168260823462751,0.07414692794008629,0.016339835450590055,7.783581357631263e-05,0.22518899797203537,6.009542980435795e-05,5.7247536995204816e-05,0.0028608961738366767,3.043310022404726e-05,0.00012094385894538067,0.020080388723860632,0.1525460737178283,6.468867779787699e-05
Z_R_1863_SOR_0282,5.69218834499853e-05,0.00037029742369909226,0.006529758022986217,0.0003360227829588313,9.866210657094342e-05,0.014431425994489846,0.00028104153556360545,0.00010298021692831665,0.0659631697303932,8.22480029401493e-05,0.0034898007598017527,0.014197919730123203,0.005802395853999403,0.0005457503053641222,0.0001629565343960723,0.0005109369575518988,0.00020650398959390888,0.1235438922267008,0.047471517150913516,0.11293801115770398,0.0001614301195834459,0.5787976596534051,0.00012463687310500989,0.00011873039309768412,0.0004817606577093281,6.311771898736903e-05,0.0002508354536988851,0.003484559221496378,0.019260894353469386,0.00013416318931860254
Z_R_1864_BUD_0283,7.796007788359553e-05,0.09757320833165102,0.06867609500592924,0.004193525623950627,0.00013512738943694138,0.43416261381437704,0.004118223436649758,0.00014104146324067572,0.004476881317415148,0.000112646671655168,0.0645125766780633,0.0007788894684035033,0.00048032851462910135,0.0007474583364509877,0.011423113715610214,0.0006997780570516884,0.00028282737914250264,0.0012064922000596496,0.04635033034792849,0.005347250445498108,0.0002210943126388562,0.14312404319688388,0.00017070236867639863,0.00016261286753061152,0.004393127874921846,8.644587968375557e-05,0.00034354364826164497,0.0010391345161464862,0.10477917747124124,0.0001837495889885655
Z_R_1864_ECK_0191,4.926710074333458e-05,0.21501461621844303,0.13069327239909967,0.00029083486519968036,8.539415158760944e-05,0.0006943261307432281,0.007321075423687851,8.913156793969606e-05,0.00046990232992128107,7.118739579920666e-05,0.0077390487771616,0.01936642948591822,0.000303545018970635,0.016987290490392555,0.00014104234628726142,0.031112814792354247,0.00017873359493037386,0.04087013828346512,0.03636905572233838,0.019894142656102166,0.00013972120180306914,0.354686572379309,0.00010787586445543583,0.00010276368038979269,0.00041697409535640937,5.462972817427029e-05,0.00021710341995695502,0.010093788113431864,0.10632320167229366,0.00011612109374445459
Z_R_1864_GOR_0287,3.956037985385861e-05,0.0002573545682709678,0.046215952840674424,0.004022425597711991,6.856959356515124e-05,0.14453541320131422,0.00019532224212814262,7.157065529457668e-05,0.0022717669130863363,5.7161886454311035e-05,0.05168098353407818,0.007973026261405025,0.0002437398603133688,0.00037929330649317405,0.00011325384912889176,0.00035509823106763636,0.09107692003628085,0.08017895316014768,0.057620226014282246,0.04628568519844882,0.00011219299966042476,0.3075387339677472,8.662190611039308e-05,8.251693665880532e-05,0.0003348208713854618,0.022777216689125006,0.11194663453360855,0.0024217485098992826,0.0001250892288948022,0.020932147026910125
Z_R_1864_G_0187,2.157576647154817e-05,0.17061976314096133,0.2514783025929895,0.00012736664099686132,0.005203439626095923,0.07676149952734132,0.0001065264564805474,3.903379468437645e-05,0.00020578647376950828,3.117542141322675e-05,0.033352243917841654,0.00021556080667998464,0.00013293285669541117,0.005372904689173509,6.176731896497658e-05,0.13761039890504373,7.82736196499194e-05,0.05819357843248967,0.07585336057224186,0.04694104782283296,6.118874412627018e-05,0.060274327400678535,4.724257007799995e-05,0.04447296991490604,0.00018260737024011105,2.3924246397869813e-05,9.507709239008632e-05,0.02921742309616256,0.0031678477411994626,5.0853441003224955e-05
Z_R_1864_HW_0284,0.00011675294234739614,0.01753252340094674,0.018984241381150863,0.000689219088132864,0.00020236665658597398,0.17496644504503944,0.0005764466003257273,0.00021122356818214537,0.012295574529765128,0.022532703975068343,0.0015669578767066622,0.0011664641656116592,0.0063103406557211365,0.0011193929307387958,0.0003342414852135575,0.03459399361904496,0.00042356202799841055,0.012988843841582371,0.0023221996747608145,0.11423705844646588,0.00033111064326288016,0.5665755076801665,0.0002556437134195479,0.0002435288837973469,0.0009881432392201588,0.00012946127147226978,0.0005144906578876818,0.007147208019757808,0.00036917076083157465,0.00027518321879529517
Z_R_1864_H_0593,0.004443396329550118,0.00019981630916650255,0.34771261892119987,0.0001813213595060046,5.323909033085283e-05,0.0372052176101231,0.00015165291132146667,5.5569187217741e-05,0.03412351318212398,4.4381870712584635e-05,0.0004122389199387969,0.013544918186047371,0.011956394038420876,0.0002944924937770178,8.793302673379419e-05,0.0017466004169355437,0.00011143168271768313,0.009300709483795912,0.03444148167577539,0.08006413203229937,0.0015580029222684957,0.40499148158685333,0.004479936036396985,6.406814472991266e-05,0.00025996301989756644,3.405897217722251e-05,0.003077140527417148,0.00040941053180670444,0.00892248369001027,7.239584074836656e-05
Z_R_1864_KMM_0164,5.264189433715872e-06,0.1555729283549924,0.05480293299601514,3.1075703689494454e-05,9.124364610585347e-06,0.20880357195443197,0.0015385227485081436,9.523707526511105e-06,0.012906729041682,7.606372835540419e-06,0.0005748286906780873,0.017194620504234714,0.0005366110376811209,0.007108953060512863,1.5070373897176139e-05,0.07718637181386653,0.02195080823841235,0.06108691513275434,0.1311907900654504,0.017755183907595732,1.4929209616567687e-05,0.07193022289184882,1.1526535502418419e-05,1.098029866413217e-05,4.4553679713036776e-05,5.837186144156681e-06,0.0007794633803858373,0.02048934548655308,0.1384133015345582,1.2407538204971185e-05
Z_R_1864_ON_0285,2.8035239908095246e-05,0.03374578560005995,0.015298871139238656,0.004193107125027578,4.8593188768689164e-05,0.07826220587207192,0.00013841894182205236,0.0013932561993810057,0.028460657212513795,4.0508893146778066e-05,0.0030613374484589765,0.028473357839786904,0.008227948533347055,0.0002687936486543535,8.02595638002706e-05,0.0002516473334102837,0.25115598623115193,0.012516693155981144,0.02606580573269885,0.16705488451405193,7.950777199582596e-05,0.2582194494907534,6.138631449122717e-05,5.8477247292787704e-05,0.00023727738434779877,3.1086820867714744e-05,0.00012354180318160178,0.0017162196299153167,0.016199081929588532,0.06450781819428549
Z_R_1864_ON_0286,5.9013068947643234e-05,0.054077627721842415,0.08024527262438924,0.003174353124036329,0.00010228673657129861,0.01778759061990711,0.04833312156962838,0.00010676348485857379,0.12773220988945883,8.526961467425316e-05,0.16752517314791177,0.006241563450175402,0.00601556318659857,0.025999670368776418,0.00016894320104910188,0.0005297076638443005,0.00021409049450333837,0.02634714304681669,0.08312734404853006,0.06904535148538396,0.0001673607090948542,0.21855336385221083,0.0001292157592154746,0.00012309228805141068,0.0004994594905603017,6.543652593105721e-05,0.00026005059963716816,0.014916516701760465,0.04257638227621402,0.005791063249420779
Z_R_1864_ON_0288,7.154930123125548e-05,0.00046545406278911583,0.06988138217094987,0.00042237174635324554,0.00012401565716561833,0.01813992059106033,0.0003532617732897627,0.00012944340761911427,0.06920870347404051,0.00010338356325128677,0.0009602733677030442,0.06581480316071954,0.00044083036492695266,0.0006859936922125392,0.00020483205158435482,0.12056321864757119,0.0002595700504164264,0.0011072804978994556,0.018554674784438587,0.04602330393270335,0.00020291338855683185,0.48083874555058953,0.00015666525135535407,0.0001492409622832635,0.0006055603984028286,7.933730254771052e-05,0.0003152935276983495,0.0009536848927546356,0.10301565284913522,0.00016863957875071206
Z_R_1864_ON_0289,0.00017718056221861572,0.001152623591184544,0.05426406042903875,0.0010459370279836547,0.00030710521951144695,0.002497023213301321,0.0008747970773260763,0.00032054618763249765,0.0016899220320886058,0.0002560130923127031,0.12116412881724481,0.07813272253414241,0.001091646886226683,0.0016987552075707249,0.0005072342767235109,0.0015903918126120577,0.0006427842994475861,0.019711457442962634,0.13927971170763218,0.012152743634655313,0.0005024830102810081,0.3422487375089364,0.00038795679115782346,0.11067100900725202,0.0014995748386075385,0.00019646631942466986,0.0007807747041571493,0.053270005930385,0.05146859751320652,0.00041760932477575484
Z_R_1864_ON_0290,2.3466976290123226e-05,0.0518462530829334,0.11956446810188363,0.00013853088131851254,4.0675065112142524e-05,0.22283792242942568,0.006858506388431864,4.245527664473614e-05,0.06090760637407972,3.390808276051462e-05,0.09808326878795764,0.03619521524667678,0.00014458500004453005,0.00022499447839881121,6.718149325387909e-05,0.00021064210707562596,0.016941740704243743,0.07453223618667044,0.14768111447374982,0.047684313717091066,6.655220381288104e-05,0.11163235771619805,5.138358692224755e-05,4.894854405491537e-05,0.00019861370086098043,2.6021310701440467e-05,0.0034747322255122733,0.00031279272307896785,7.420216841870904e-05,5.531096639683964e-05
Z_R_1864_SIE_0120,2.7811214526264634e-05,0.038803361084141064,0.0018585377207221009,0.11469968490789999,4.8204887912197144e-05,0.0003919462010539288,0.1266590960582991,5.031465459977542e-05,0.02690142414081831,4.018519267963414e-05,0.00037325827329508004,0.0002778583947845974,0.00017135076985656648,0.013584728201323797,7.961822170778783e-05,0.0029132529459012613,0.00010089488272418017,0.02173933185474486,0.0005531611626148909,0.01788925897043917,7.88724373584818e-05,0.047062162397473364,6.089578569289502e-05,0.029357791337369307,0.12542535629366694,0.13587527932174326,0.12531252955640867,0.16951034434959203,8.793857370859002e-05,6.555020694186946e-05
Z_R_1864_SIE_0121,3.723271301424025e-05,0.030552869119197277,0.00962006667914769,0.00021979314607791208,6.453507292259622e-05,0.0005247243124560759,0.010881708700336189,6.735955717988825e-05,0.01105299901080474,0.04284531415033704,0.020112483518516626,0.00037198741758804786,0.09829328847021071,0.249974150502204,0.02506830759952974,0.007466124105116548,0.12672664156175895,0.014840043411313715,0.01500439197296111,0.032864433703778485,0.0001055917504835564,0.039826493065038396,8.152521747437559e-05,0.016124480117853,0.03597471688085765,4.1285420909078874e-05,0.04652154715602463,0.15739850081833082,0.00011772918707600602,0.007219675661500829
Z_T_1853_BEC_0560,8.774594535645817e-06,5.7081908637276786e-05,0.4775054209123438,5.179842086205288e-05,1.520891314064431e-05,0.10559210131365765,0.0004635159666945283,1.5874556391528917e-05,0.061011674101938106,1.267865420863198e-05,0.05306208161971211,0.18119084387803905,5.406213121121374e-05,8.412823604972087e-05,2.5119996556612972e-05,0.013945130322349862,3.183290272311327e-05,0.05308011013905646,0.052278456015930556,0.0006018459166992484,2.4884697401661978e-05,0.0005618152114621592,1.921296273775149e-05,1.8302469899918393e-05,7.426413495856481e-05,9.729691966633958e-06,3.866666504994301e-05,0.00011695709258775043,2.7745114389275073e-05,2.068145880861799e-05
Z_T_1853_DEI_0897,3.855768219688465e-06,2.5083165763234116e-05,0.2679899053924596,2.2761473955132642e-05,6.683162818005072e-06,0.05378542990306592,0.0003883230034839546,0.00019161858407732108,0.5807387641152143,5.571306089126835e-06,0.024978543227958082,0.03807496434740686,2.3756202815528e-05,0.003360540562007131,1.1038331629820798e-05,0.0013271102419449897,0.00407613241906231,0.013907890098898049,0.00026133361155858994,0.004141966947485743,0.0018573641513075086,0.0002468751380925104,0.00019308556024834296,8.042546182074501e-06,3.263344993009572e-05,4.275461039242677e-06,0.0027866348877983067,0.001528537136625126,1.2191871644803499e-05,9.087931218601448e-06
Z_T_1853_EIC_0261,1.6910674852938803e-05,0.0001100100515218964,0.39550714761445266,0.0009096367043139971,2.93110962498844e-05,0.069072102142073,8.349340780795958e-05,3.059394488044329e-05,0.005020146459649207,2.443470157213814e-05,0.05205474661095235,0.06252425752705308,0.00010419024139016383,0.00016213458525162554,4.8412048254781156e-05,0.07627385277649373,6.134937237144694e-05,0.07071510234700472,0.017342343247270672,0.030313026043588823,4.7958572315080124e-05,0.018088740256400285,3.7027826698983896e-05,3.527309623548769e-05,0.00014312417906232327,1.8751368692717338e-05,7.451961428539705e-05,0.005084258331855634,0.1960272871988869,3.985795856164253e-05
Z_T_1853_KAP_0553,3.7899875485591792e-06,0.00020614809146933758,0.1532517480470409,0.004559694474371775,6.569145867196194e-06,0.23236426418386671,0.0060079765207164786,6.8566554065129786e-06,0.17535824409336828,0.00018696911052424448,0.2822722519818583,0.07172754212988934,2.3350914199705783e-05,0.02181547961724808,1.0850014069898617e-05,3.401933649862224e-05,1.3749501981542586e-05,0.019296895364927964,0.015865260510479644,7.846087174594142e-05,1.074838192452392e-05,6.117051447731982e-05,8.298604482657186e-06,7.905337704981998e-06,3.2076712565358826e-05,4.202520270886218e-06,1.67011909767756e-05,0.015114423747367562,1.1983874313682265e-05,0.0016423685628371384
Z_T_1853_LWF_0895,6.699788939884904e-06,4.358454839160269e-05,0.41721347169084316,0.0010020578683152433,1.1612674253313436e-05,0.00041525662090926337,3.30789998063179e-05,1.2120922158338426e-05,0.1781277882224907,9.680710247583625e-06,0.005864963793718911,0.10850944789418174,0.000362114647237834,0.003593429758520609,1.9180222449738022e-05,6.0138027235034126e-05,0.0003451416533790598,0.08608768730061486,0.024195945245644796,0.14836485427380897,1.9000561193653682e-05,0.021283299693532515,1.4669942266834799e-05,1.397474093075282e-05,0.004227569746910153,7.429047845085802e-06,2.9523699789368727e-05,8.930188536658491e-05,2.1184615399146223e-05,1.5791203619013244e-05
Z_T_1853_LWF_0896,6.642250001180493e-06,0.0003612906753021178,0.4009071531621232,0.011808186932205122,0.001601915135119565,0.020450757951295407,3.279491167170098e-05,1.2016825595988872e-05,0.15624084810373226,9.597570644448537e-06,0.023945179471419862,0.12220925028052834,4.092430592008828e-05,6.368394274293873e-05,1.9015499403418982e-05,0.0016500237440313043,0.000660257956052507,0.022050344186979622,0.02812319201057645,0.184942243592053,0.0016092395736173304,0.00010720611734295902,1.4543954281771023e-05,1.3854723454226396e-05,0.008644388790483145,7.365245905588007e-06,2.92701451822385e-05,0.014402154678003763,2.100267828174369e-05,1.5655586048779917e-05
Z_T_1854_KEL_0735,6.98734428217626e-05,0.0004545519981716488,0.09501308046547437,0.013796723768564011,0.00012111090927300025,0.011022917096494412,0.00034498752457828266,0.013510656522969835,0.08431797379165219,0.00010096206910813612,0.10466568013932405,0.030812648137790156,0.027198995035801084,0.13451237599725607,0.0671212593591602,0.0006271915496330466,0.0002534902894074841,0.0010813452993421056,0.29249710162050624,0.058329571370297296,0.00019816066417294772,0.05466473947286475,0.0001529957706694338,0.00014574537647908014,0.0005913767031234131,7.74790302323552e-05,0.0003079085875136209,0.0009313472763135824,0.006913061100770833,0.0001646896302346634
Z_T_1856_GIE_1050,0.0023010427543109988,2.0810328223227215e-05,0.21621109356105703,0.00813793223651882,5.544707279964229e-06,0.09686090206402279,1.579424058912984e-05,5.78738056929847e-06,0.022089811633964018,4.622251809886573e-06,0.04063817410509473,0.07279701410799998,0.0018579844523538122,3.067059681134289e-05,9.157986931223127e-06,0.06590023650291131,1.1605308402975195e-05,0.026091735996719823,0.04755239862304086,0.05490809725512983,9.07220401397182e-06,0.025634292173583227,7.004462013593898e-06,0.00276408508874841,0.0029376765971555674,3.5471498443260436e-06,1.4096690355960225e-05,0.010153151737066225,0.3030191179724486,7.539831029080787e-06
Z_T_1856_LWF_0852,1.1845699657814984e-05,7.70605573699308e-05,0.39844114659813995,6.992785065889267e-05,2.053202760013437e-05,0.0001669426186088249,5.84860060820503e-05,2.1430645763879558e-05,0.22815166024386183,0.0017188973558386993,0.02795474204651788,0.1510096132715044,7.298385886525629e-05,0.0006808334825505316,3.39119868623175e-05,0.023364004361033766,4.29744079185178e-05,0.05747662094186295,0.02122424382309404,0.07512360317727568,3.35943330826512e-05,0.0018929711302405766,2.5937493203091234e-05,2.470832817971062e-05,0.00010025655709706814,1.3135080866881132e-05,0.00742658508483102,0.004695975173979912,3.745589504927292e-05,2.7919962402494034e-05
Z_T_1857_EIS_0863,9.740518348800258e-06,6.336559213160406e-05,0.1890961713429652,0.012651613231672194,1.688313880600887e-05,0.28513738099030816,0.021971177199153542,1.7622057313599984e-05,0.07612402870674416,1.4074344228167115e-05,0.13959886630414578,0.015490120775006338,6.001339194635697e-05,9.338922995992237e-05,2.7885252861257044e-05,0.001953226422487483,3.5337128320908475e-05,0.00015074201734267698,0.0981479477736612,0.02772211821091288,2.7624051534295825e-05,0.002023006743373652,2.1327961687760206e-05,2.0317240091755225e-05,8.243927013186353e-05,1.0800754695179455e-05,0.012170587287435168,0.09435245321514182,0.022886781735033772,2.295811255858485e-05
Z_T_1857_HOR_0861,1.2527933291797793e-05,8.149873372167921e-05,0.014635612103415352,0.00787305593963833,2.1714536038412533e-05,0.05057074660248007,6.185441163166878e-05,0.025219759507486464,0.061912364426856235,1.8101957134344355e-05,0.2401404686907741,0.046919769282622856,0.008476218777404725,0.012118730621645625,0.0036354500347911454,0.00011245207875365834,0.007244619333809644,0.0037934643513556137,0.26361881047924474,0.0038589400341418577,3.552914357103679e-05,0.0265991574713421,0.1692079236270984,2.6131363796907175e-05,0.00010603066899039249,1.3891574295832657e-05,5.520635721617671e-05,0.047561520646945056,3.96131058626237e-05,0.006028836204643136
Z_T_1858_UD_0218,5.0711540154525074e-06,3.298968961126066e-05,0.015395258038908961,0.0092580329645047,8.789778334546169e-06,0.14504972578147013,2.5037908537137214e-05,0.005108912178731371,0.04181764813734393,7.327450623438489e-06,0.22202807300923488,0.06610441073397076,0.006830894719813262,4.862073573010725e-05,1.4517750180788864e-05,0.042057644096529144,1.8397380279172477e-05,0.01950605220599568,0.14192214156719962,0.08291501024713983,1.4381762329770231e-05,0.00032469323271573094,1.1103862718725248e-05,0.1799584651128675,4.291991666045848e-05,0.000248467791636892,2.2346857502714644e-05,0.021195078475693786,1.6034900264939232e-05,1.1952559455218131e-05
Z_T_1858_WOL_0109,2.2007800767403908e-05,0.025436709593564918,0.1637709342203178,0.0011838145747200236,3.8145891405957256e-05,0.4039529149122652,0.00010865954791330233,3.981540946609372e-05,0.0002099071530700043,3.1799679710424696e-05,0.08144548020440334,0.06134593437269501,0.00013559471129113217,0.00021100433192371024,6.300415104652142e-05,0.012844314838320426,7.984097477466674e-05,0.0561971571314758,0.06683327692717007,0.09425248950451094,6.241399079445925e-05,0.027756542545242565,4.8188557814981583e-05,4.590492580283822e-05,0.00018626390993819265,2.4403306780730973e-05,9.698092114708223e-05,0.003455035897707004,6.958828094762283e-05,5.1871733011744874e-05
Z_T_1859_BAL_0209,1.2718691671089455e-05,0.000691805442732607,0.007549674275718812,0.003120410104495193,2.2045175546564284e-05,0.020887481513150945,6.279624673248478e-05,2.30100191340999e-05,0.10853501371519308,1.837758918988982e-05,0.20238053063512984,0.12376741950388657,0.0019055598175804493,0.00012194308133581235,3.6411197085458746e-05,0.01107734796914158,4.614149099269607e-05,0.04831302632957727,0.2213438427193522,0.10684981164127949,3.607013318898671e-05,0.00020528007098459105,0.11209594826103012,2.6529256768594887e-05,0.00010764516023174195,1.4103096351127899e-05,5.6046964759645136e-05,0.03062281603857964,4.021628052017161e-05,2.9977578659227385e-05
Z_T_1861_BAR_0224,1.951873979890374e-05,0.0001269764565632773,0.03308427055800133,0.0001152235461927363,3.3831628004052856e-05,0.36387444764025717,0.08421961737805278,0.0056435287998440825,0.01981492451849656,0.025265177302665264,0.02362953243269292,0.08712236466551607,0.02255312497929459,0.022620005844812118,5.58784425361256e-05,0.004848716039901554,7.081103779464053e-05,0.04610250206222328,0.07703385015509845,0.006946999001799602,5.5355028837437546e-05,0.08350357742897382,4.27384785611183e-05,4.071312311953815e-05,0.0010999003877592806,2.1643316400401016e-05,0.009433039930581042,0.05166881746168457,6.171791371727717e-05,0.030891195700819957
Z_T_1861_SCH_0586,8.978316316073987e-06,5.8407192445045155e-05,0.19622665428321004,0.0034925906821738073,1.5562021976705352e-05,0.05515996662844268,4.432881786953341e-05,0.0004461918253020436,0.03835106866057735,1.2973017440838644e-05,0.0061397811422480245,0.1058570828424483,0.005214701772334756,8.608146066456845e-05,2.5703213296950487e-05,0.18065904672081998,3.257197455060394e-05,0.07537996984866502,0.19580523853960033,0.07585684260617365,2.5462451147375054e-05,0.009173833118142767,1.9659034514667704e-05,1.872740255510802e-05,0.002225731870878226,9.95558846389182e-06,3.956439790987103e-05,0.011298338860049134,0.03829382408478606,2.116162499672248e-05
Z_T_1863_CAU_0278,1.854788147718087e-05,0.00012066067230735604,0.3058958065840382,0.00010949234941301794,3.21488494064811e-05,0.19833240842449593,9.157682029932921e-05,0.0009217667099757702,0.04902850166760508,2.680034668229354e-05,0.00024893376040504005,0.09433565575871887,0.00011427741738218002,0.001954253267607408,0.0009413098726472434,0.00016648778214288794,0.0009554997235215916,0.1512828809454517,0.022574185089782473,0.08654042979029597,5.2601680468140975e-05,0.07668549328794863,4.061267494898313e-05,3.868806029318953e-05,0.0019334023693494378,2.056678205169319e-05,8.17342291487899e-05,0.001135436628644254,0.006276123767523449,4.371680596740094e-05
Z_T_1863_HOL_0280,0.028775665796563397,4.652515493766707e-05,0.2655592412688799,0.0038095241998259716,0.000354878479225192,0.0446234914730976,0.0007202754258967095,1.293870883638082e-05,0.03705630237731106,1.0333858231791755e-05,0.048043508855547624,0.10487103955704782,4.4063856498653354e-05,6.856952246845229e-05,2.0474293164522285e-05,0.048354201089077474,2.5945711463848216e-05,0.11826707657472764,0.06555636971302294,0.08028891832591654,2.02825103404692e-05,0.0025128067107928246,1.5659708820629176e-05,1.4917602935225098e-05,0.00040301200192178224,7.930278385046926e-06,3.151563473118825e-05,0.0024927031605587765,0.14797497152920122,1.685662057171597e-05
Z_T_1863_MHL_0526,2.262783363923713e-05,0.00014720223563690474,0.3829355934625453,0.00013357723200545086,3.922058791230263e-05,0.018739914956450155,0.00011172084841564834,0.06830706510104441,0.03489067958096331,3.2695582347067715e-05,0.00030369137977105014,0.0706593785038323,0.012058897524384977,0.00021694902504750855,6.477918732223362e-05,0.03921232584893393,8.209036031767028e-05,0.00468454046974324,0.0004500644425836193,0.002635623358212635,6.417240029497502e-05,0.003615981922241597,4.9546189602332996e-05,4.7198220088698044e-05,0.0034422795812280903,2.5090829016387265e-05,9.971319592943661e-05,0.038227234384763206,0.318646812623644,5.3333132082290545e-05
Z_T_1863_WOL_0279,0.31389167331803297,3.926370734920282e-05,0.0183231462110772,3.562946801239814e-05,0.0017446362227205865,0.02812088603350296,0.008411644485241709,1.0919290390517398e-05,0.0006356248498414661,8.72099374939916e-06,8.100454050995862e-05,0.016245932262484317,0.0332755367774704,0.021156994145234104,1.727875288262064e-05,0.18272058776574715,0.009848886715278319,0.010498454195564867,0.052434320034364934,0.05532951397877793,1.711690270311425e-05,0.0440298427553112,1.3215608311905283e-05,0.01879948292953138,0.008143898182231069,6.692554385371909e-06,0.0003156259413323034,0.044301906013729395,0.1315273396530454,1.4225711185940981e-05
Z_T_1864_HEG_0210,0.004798077137368003,0.012918208535634124,0.0022146394261023067,1.4075692726583174e-05,4.132867074135705e-06,0.001974717402727201,0.011658454923785536,0.0005752295501226977,0.09285365140641803,0.0022871085001366113,0.1484701097940854,0.006303896124678205,0.0058380320060104325,0.39669515972117503,0.015535735897811253,0.002190882735349813,8.650266743054475e-06,0.018648755648844655,0.10954907619926788,0.05211688340804453,0.014393840355100813,0.02127655220282013,5.220926726397586e-06,4.973509581206541e-06,0.00926901650223947,0.000116827104843292,0.013141570701466059,0.057123362025613654,7.5394519428957695e-06,5.619975560700068e-06
Z_T_1864_JTT_0722,8.756198070475354e-06,5.6962232982767255e-05,0.00016583769189252922,0.01892073110529774,0.4989964909533833,0.019831067306679367,0.004655664462691169,0.0029510254739978105,0.001341451409396372,0.10987240354221114,0.005149262524192088,0.005957850487989329,0.032760287010464906,0.004277072141241002,0.023506540927520993,0.0013365326626398333,3.176616312804236e-05,0.00013550890354393577,0.03329980980579325,0.06894844475763325,0.002121392667685854,0.00014132530357254523,1.9172681605855242e-05,0.0067272565538275715,7.410843573318981e-05,9.709293082257436e-06,3.858559806115401e-05,0.1137502716111607,2.768694508829606e-05,0.04488702514943335
Z_T_1864_ON_0211,8.296967650141704e-06,5.397477313029736e-05,0.015652645584334542,4.897888107250833e-05,1.4381047444314006e-05,0.037067750723378305,0.013152546333337161,1.5010457783069704e-05,0.06881560823482531,1.1988517918293775e-05,0.2802224152067134,8.289397468315982e-05,0.016738586800404888,0.017958978278319864,2.375264155571024e-05,0.14867239872738877,3.0100144574297348e-05,0.04621759771668963,0.15273615630756662,0.00017176502728233917,2.3530150423065514e-05,0.0009285546167605629,1.8167144892099503e-05,1.7306212846692924e-05,0.011195200006784065,9.200076330029992e-06,0.015134746742246505,0.14592727045585432,0.029030642541390175,1.9555706419910634e-05
A_L_1865_BEE_0913,7.856811679903656e-06,5.111139946930221e-05,0.005416201659281523,0.0064425065169869565,1.3618129694383606e-05,0.06971562715660026,0.007187402976338332,1.4214149675358633e-05,0.04597654705757087,0.00038759522888314943,0.10206722030700538,0.035821553357897926,4.840747708799809e-05,0.019263706732692308,2.2492558663921257e-05,0.03092242535648399,0.06173230686223934,0.009151415114872942,0.18639640960862222,0.10663933822633666,2.2281870735108103e-05,0.03737483692472774,0.20958438977692764,1.6388114424728823e-05,6.649644272109365e-05,8.712010244435541e-06,0.017341786713692846,0.048263790085519495,2.4843101058216055e-05,1.8518271865998736e-05
A_L_1865_STO_0931,4.24794467768647e-06,2.7634415357069092e-05,0.2171330652781758,2.5076580498351938e-05,7.362918180063886e-06,0.03321785702582162,2.09734608703739e-05,7.685168478165558e-06,0.00024393952239687753,6.137972694577776e-06,0.000260435524358776,0.16990085736198382,0.0063322933433901645,0.0004475745533093655,0.1773972381114456,0.10358056604119219,1.541090122724486e-05,0.048683897799742464,0.051550574160646914,0.12926170753996977,0.053512362816438744,6.856195649087539e-05,9.301353181946536e-06,0.0016362465946480127,3.595265120897193e-05,4.7103251366531125e-06,1.871925287664607e-05,0.006566165219371688,1.3431926742931694e-05,1.00122794866435e-05
A_L_1866_DEI_0919,5.889206911422038e-06,0.009344942462113948,0.08105102657790342,3.476532356022959e-05,1.0207700882273032e-05,0.06720354833325395,0.0056694593473635025,1.065445780280378e-05,0.08099565854547218,8.50947786700323e-06,0.5632712275337725,0.14388859081489785,3.6284648308464754e-05,0.017823668704711266,1.6859680152185477e-05,5.2862155630522585e-05,0.0014314607650799372,0.007141618071742733,0.008013670931047644,0.011120664993179022,1.6701755429400873e-05,9.505197893645498e-05,1.2895081645585381e-05,1.228399007986299e-05,4.984354035870776e-05,6.5302355502733055e-06,2.5951739436927188e-05,0.0026166696918582238,1.862156920821045e-05,1.3880685843569736e-05
A_L_1867_LEC_0926,1.8697346142339093e-05,0.0001216329939714972,0.18121851332889805,0.00011037467321708894,3.240791495084926e-05,0.08800959647964618,9.23147751325609e-05,3.3826300976384885e-05,0.10762252794843741,2.7016312308768e-05,0.32974647237632004,0.05032742739674649,0.0010105665959580375,0.05658746726185135,5.352694860205188e-05,0.00016782939307789078,0.01349835557358624,0.07550029261607599,0.07826892927803755,0.000387075170793436,5.3025561360824234e-05,0.014627668459276249,4.093994466277214e-05,3.899982085648927e-05,0.00015824574362278198,2.073251565294142e-05,8.239286928549333e-05,0.0002492180390821697,0.0018498572717243337,4.406908974567198e-05
A_L_1870_MAR_0928,2.3590860160001394e-06,0.00012831732916782646,0.4671782019919377,1.3926219588853635e-05,4.088979173100222e-06,0.12701222601497256,1.1647561821208126e-05,4.267940112939383e-06,0.0367379527796098,3.40870859887358e-06,0.03742493752751919,0.048487966194418385,1.4534827474640933e-05,0.00013558884610500904,0.006446079071665363,0.008268030819715886,8.55840749765905e-06,0.04996952361681722,0.06014729282011918,0.03382705413313616,6.690353772379186e-06,0.09052754398069462,0.015143228838907546,0.0004568031828893691,0.00114967244018044,2.615867908793999e-06,1.0395692750715595e-05,0.01291009531133992,0.003961431160388706,5.560295700011245e-06
EM_UM_1875_GUD_1047,3.299156816554516e-07,0.0005077085210876379,0.0010173730266311767,0.07040149789014412,5.718394081516292e-07,0.004902284318974942,0.006147370612761043,5.968669061132523e-07,0.0007614901375595313,4.7670428858246005e-07,0.04964432621052827,3.489379042610537e-05,0.006542744940950527,0.17603363658615642,9.444858965836649e-07,0.0002715413307559429,1.1968842273342297e-06,0.006972386150696178,0.035332727713336946,0.0003544040437639476,0.00022211914529271173,2.1123671036988597e-05,7.223875328365295e-07,6.881539435788346e-07,0.3289026662730562,3.658263574948603e-07,0.062233013234750466,0.2373500986559673,1.0431876127336586e-06,0.012339657494268458
EM_UM_1875_GUD_1048,3.35367751066382e-07,1.824159603083166e-05,5.453140802870655e-05,0.034964398611307256,5.812894231660837e-07,0.04148746771863047,0.0040969322574664815,6.067305166724351e-07,0.0004368161934509856,4.845821343908143e-07,0.0312731411283133,0.00019606950888226163,0.0019131952767637828,0.18644268281186563,6.519972456131437e-05,6.724992748601974e-05,9.757610915034167e-05,0.008340282121827648,0.04421959605841639,0.0012917354403313237,0.0006754672204024925,0.002574998062764165,7.343254527039722e-07,1.6759433737846895e-05,0.07930666215959599,0.0011888050347580378,0.19010260419067637,0.34102054825400313,1.0604269608140764e-06,0.030145237029310382
EM_UM_1875_GUD_1049,3.355995080413356e-07,0.00021110627224010242,6.356074561801456e-06,0.02581201652779691,5.816911251122522e-07,0.016011451471594534,0.013485230876849793,6.071497997690028e-07,3.2008985381668648e-06,4.849170064505931e-07,0.016364788092181188,3.352933058957297e-06,0.009692884231813522,0.06787107536753284,9.607576113235054e-07,6.729640076709835e-05,1.2175042903698367e-06,0.007221075290855373,0.05456773991485309,0.012285196105123745,9.517581891481212e-07,0.0001982686565772112,7.348329106960091e-07,7.000095411134445e-07,0.10677860327998577,0.0005307153221685401,0.012986851606519407,0.284654128981249,1.0611597723137394e-06,0.37124102631597866
M_X_1872_LAA_0941,0.22814087323167348,0.1118326665017839,0.22881963980262468,0.004979119105860384,1.2680509197068436e-06,0.1655100076667425,3.6120754972021652e-06,0.002418656131196819,0.024845945886655337,1.0570892858172858e-06,0.027441288458221056,0.009781740932426047,4.507457868273908e-06,0.009886547395684755,2.094392573754707e-06,0.004140555850698299,0.00234991905542207,0.023308802542095445,0.05186458334142765,0.03410303819167094,0.002489474967386962,0.028249055086745044,1.6018906048448231e-06,3.6559783333560974e-05,0.0029490314752322567,0.00399466504906433,0.005643666544165605,0.019663716262732982,2.3132631170514647e-06,0.007533992517289188
M_X_1872_RAU_0948,4.046283195112771e-06,0.041686055237536816,0.24984126445143767,2.3886127047359606e-05,7.013380436773596e-06,0.3122143706444704,0.004089067964654337,0.009889396462187247,0.013989759152002396,5.8465864436957225e-06,0.005673525503303045,0.08549131950433973,2.4930005839388404e-05,0.006626845328256182,1.158373979736635e-05,0.08878123884116298,1.467930384896271e-05,0.04191611824791846,0.04387164089397342,0.07313362362060494,0.003693033008592766,0.01362894103732357,8.859792659168144e-06,8.439931450307916e-06,0.0010030768742061392,4.486713196636285e-06,0.00428068696866113,5.39331494309591e-05,1.2794276663581757e-05,9.536969359413122e-06
M_X_1872_RIC_0950,0.00010938553378801166,7.353067555149694e-06,0.13674775654224738,6.672469385510733e-06,0.029880401235992234,0.3796670034194062,0.0035238755066755575,2.0448980831506084e-06,0.021878336156735744,0.0013006959137814688,0.050949253370425475,0.030160372921314262,0.00509495964385649,0.010132700601254947,0.000328001534238314,1.0145773977500597e-05,0.04357682862803911,0.05149285185826724,0.05783077180271366,0.0952879977649237,3.2055491039482517e-06,0.022048181494540905,0.0005978786756635161,2.3576523773122064e-06,0.007208538873064239,1.2533407524277537e-06,0.003036127186435988,0.041909838005689155,3.5740167997197557e-06,0.007201636562911649
V_X_1886_ON_0984,0.0001972654851830826,0.001283283273861273,0.5516355245972119,0.0011645028817640192,0.00034191820688792024,0.040566249069160606,0.0009739627628145096,0.00035688282300906063,0.020774572584234017,0.0002850343527298085,0.021540611710799865,0.001970854994758044,0.0012153943410248562,0.0018913235517068413,0.000564733594060356,0.001770676244717082,0.0007156493641900951,0.059732085761091014,0.013370124639628302,0.05131652748491829,0.0005594437311754084,0.09764928855730179,0.0004319349915110447,0.00041146580507955464,0.0016695643946612263,0.00021873744691938918,0.0008692821543494094,0.002629363387812337,0.12342879291554398,0.0004649488918949454
Z_B_1865_ON_0529,0.00011296346906499687,0.000734868191837585,0.045415730510707006,0.02230498048599193,0.0001957984020909461,0.08814453142978237,0.0005577367592994986,0.00020436784316017867,0.001077428882738023,0.0001632240392036734,0.001516098815778187,0.04981439992305346,0.0006959918047331474,0.0010830605735557147,0.00032339294338993923,0.10379509697631494,0.00040981439169676643,0.0017481966157357632,0.0022468275818013205,0.034795783391971286,0.000320363719794097,0.0018232338315928279,0.00024734623498055315,0.00023562461877337304,0.0009560708791671981,0.00012525932144440784,0.0004977917331076256,0.08264868999127624,0.5575390750951813,0.0002662515427756316
Z_E_1865_DIE_0524,4.9532722001954414e-06,0.008097008970252565,0.004837804166665872,0.013549617060353281,8.585455014326308e-06,0.09969363579898355,2.4455888330374716e-05,8.961211659999255e-06,0.02353000323453146,7.157119929859589e-06,0.13953983895258107,4.9487528176006284e-05,0.056484021167936146,0.0012334884819168706,1.4180276946975577e-05,0.028745611795394387,1.7969722870883354e-05,0.014783030433130735,0.15072026111774872,0.07316001784431193,1.4047450209715694e-05,7.99459641885496e-05,0.0004852449321787633,0.3275829689928617,4.192221915981072e-05,5.492426178669668e-06,2.182739228440655e-05,0.05723112424845886,1.56621600277196e-05,1.1674715516490232e-05
Z_E_1865_GRU_0701,2.7811214526264634e-05,0.006839963222733662,0.003190345964947409,0.016145874835227163,4.8204887912197144e-05,0.0003919462010539288,0.00013731285689479904,0.13722656380980655,0.012251533454339918,4.018519267963414e-05,0.019018573692449397,0.0002778583947845974,0.00017135076985656648,0.012252919957098488,7.961822170778783e-05,0.0015814447016759532,0.05603684114018714,0.0030940164355905413,0.1457202597831735,0.05118446507607188,7.88724373584818e-05,0.0004488738495875705,6.089578569289502e-05,5.8009964412522884e-05,0.017548888511416953,3.083841076180447e-05,0.3410654651209087,0.17483757732649324,8.793857370859002e-05,6.555020694186946e-05
Z_E_1865_HOR_0715,1.72886894056535e-05,0.125954988463157,0.00032743849828476414,0.06881869787616096,2.9966304929303362e-05,0.003555296456742978,0.034857634853570935,0.01410577011890461,0.018378945810591647,2.498090524915483e-05,0.12110708538780522,0.0018285517737011545,0.023288035980313634,0.30732085530358866,4.949423207808688e-05,0.00015518513846692866,6.272075203299188e-05,0.0027512897065660492,0.08561873465683716,0.03181854277737576,0.006672321108282135,0.008558153084830709,3.78555321258422e-05,3.606157710998118e-05,0.03657442120979712,1.917052938918913e-05,0.00421574195194144,0.10371935585972764,5.466653339386466e-05,4.0748927639389406e-05
Z_E_1865_RIC_0781,2.3283816102821197e-05,0.0001514696386379034,0.012706012267222767,0.00013744964520800038,4.035759547087486e-05,0.00032814112662791323,0.00011495964354494953,4.21239124192785e-05,0.15632245034191686,3.3643429542618694e-05,0.013692527363297605,0.1195379106008779,0.00014345651142452982,0.0035682463796527395,6.665714044696082e-05,0.010244022003557394,8.447016554587879e-05,0.10628558790522534,0.00046311184192924864,0.10640727786969856,0.45721712436727036,0.007065817475830151,5.0982537068675666e-05,4.856649975630527e-05,0.00019706351722416663,2.581821388645259e-05,0.00010260388838194828,0.003655359357396858,0.0011886256815616463,5.487926327327339e-05
Z_E_1865_SEY_0803,0.000556989044306563,0.0011653089876525423,0.00021578283970092175,0.01916310851004986,1.9747874507307697e-05,0.003979737060373952,5.6252325928804294e-05,2.061217291335071e-05,0.00010866753834373136,1.6462482882126974e-05,0.06344201824060461,0.00011382896939834603,0.5096566289309551,0.032299384913720884,3.261683034393206e-05,0.0017390546745208854,4.133314210989984e-05,0.0007219157169749373,0.17863642191955056,0.005691823108321339,3.2311308302963206e-05,0.002366271091804416,2.4946896175292495e-05,0.0016605519313201323,0.06174874757439186,1.2633429764180204e-05,5.020637845460314e-05,0.11636375706448314,3.602539064320606e-05,2.6853651500526574e-05
Z_E_1866_HOR_0713,3.576600165637756e-05,0.0002326707667888578,0.0434959574638473,0.024189533225992325,6.199283743199774e-05,0.003929539291093424,0.008740301901676347,6.470605654622351e-05,0.00034113084100192347,5.1679284505331774e-05,0.0758407013207692,0.022622989352375656,0.06187910066189693,0.010619370383674302,0.00010239126546556628,0.015735724175506106,0.00012975364809131637,0.002266249143191097,0.303866846371621,0.004165918439136913,0.00010143216588192927,0.0005772643561715717,7.831368780754309e-05,7.460244072783269e-05,0.15273681117359192,0.24496187138734715,0.0018703513943579017,0.021029640086384634,0.00011309147142605385,8.429940403518523e-05
Z_E_1866_SEY_0799,7.159172769952982e-06,4.657300622983809e-05,0.003906770979314169,0.06518082740169341,1.2408919452033341e-05,0.009014593324264264,0.021633924000687275,1.2952016345784603e-05,0.003839463221908187,1.0344486642812974e-05,9.60842779379587e-05,0.0007571955143372365,0.37544794535538073,0.06246452879951997,0.06070221133615579,6.426150597919333e-05,2.5972396723069924e-05,0.0011392973687790685,0.08482252968019664,0.015232930590581588,2.030337097660387e-05,0.00011554926657649009,1.5675814888477702e-05,1.4932945744453809e-05,0.05217144409305452,7.938434705396829e-06,0.02437280135343683,0.21848103567543067,0.00036547173261997524,1.6873957667682097e-05
Z_E_1867_DIE_0666,3.522304945514026e-05,0.0002291386664941341,0.004040589942457391,0.10647268479511868,6.105174404761472e-05,0.0004964019248580125,0.07270381969969308,6.372377465257795e-05,0.0003359522431029632,5.089475786044372e-05,0.002159475711289292,0.00035190911823649397,0.10479502965457864,0.3410596215898978,0.00010083689650070076,0.00031616588618544873,0.0001277838995707353,0.0005451037965020318,0.04455587729712788,0.0024159348220768356,9.989235670026638e-05,0.02586963326935467,7.712483282759221e-05,0.0894708036214811,0.001984853845735932,3.905700940730764e-05,0.08111883901483054,0.12022818243207391,0.00011137466606598387,8.30196818167601e-05
Z_E_1867_JEE_0165,9.277479333428882e-06,0.09335807412063442,0.009949757416482878,0.06625172132065184,1.6080558112746738e-05,0.042781135070456965,0.0027114550460276814,1.678435034820914e-05,8.848722755752113e-05,1.3405286354649429e-05,0.0800939893133102,9.269014529370348e-05,5.7160510721677556e-05,0.036963763192909,0.0004708345209441525,0.008524498008776119,3.365729276002369e-05,0.02990999180477315,0.11880591559417823,0.17967910747905624,2.6310875667779035e-05,0.0019268382421709655,2.031408562632911e-05,1.9351411117334276e-05,0.28619153066564246,1.0287314789803202e-05,0.004483631315802993,0.03744274837983223,2.933522732069746e-05,2.1866743346676155e-05
Z_E_1867_KAL_0724,6.246837627661322e-06,0.00961328263482419,0.0007166020455622194,0.013797553252733021,1.0827578470646335e-05,0.024019649047487397,0.3530221158885222,1.1301465359588345e-05,0.02518777374795303,0.0009064616688518485,0.07337440067024317,6.2411379915206e-05,0.056576920836755314,0.042538503694232545,1.7883508925580604e-05,0.0003552174342895138,0.0006209528763745006,9.667461959268265e-05,0.19666261019007444,0.046795965843091,1.771599399267589e-05,0.00010082414959004091,1.367815436730118e-05,1.3029953371119958e-05,0.08171949544573238,6.926793669589164e-06,2.7527696828487486e-05,0.0736729705894633,1.9752391275357627e-05,1.4723610823926671e-05
Z_E_1868_BLO_0655,9.973115650479203e-06,0.0005424658342560689,0.0025768210207987455,0.01820718384210133,0.01577766101358334,0.06079411540884215,0.0010044146854345484,1.804286068713707e-05,0.02588482618522182,0.02198341761079849,0.013983876872169228,9.96401614545199e-05,0.07886332005458335,0.02493014916058465,2.855113473118467e-05,0.001999868210857459,0.3295712886606635,0.0011095158648137024,0.10670028998697532,0.07327729311633809,2.828369608484572e-05,0.02881619314729333,2.1837259669781453e-05,2.0802402693341785e-05,8.440786678128259e-05,0.0004886457823728268,0.013893974407352641,0.1405435433606993,3.153481718339584e-05,0.03870806245932423
Z_E_1868_BLO_0656,6.931057009714305e-06,4.508903076729455e-05,0.004114198548324304,4.0915600891823926e-05,0.0308797059050191,0.06482026086184495,3.4220844199587054e-05,0.00864221675926924,0.03358908513994218,1.0014875874833195e-05,0.044900963249958764,0.00040115800160674776,0.01862970126681404,0.0047132023295131855,0.004998502359664364,6.22139143423425e-05,0.40827526980321893,0.0011029954532131075,0.12394053792903746,0.07117237127956777,0.014623725947387069,0.08873201655141282,0.007317211085414256,1.4457130956829767e-05,0.0007224826221347215,7.685488991399401e-06,3.054281981326418e-05,0.0681340719672272,2.1915880989360906e-05,1.6336295593405348e-05
Z_E_1868_BOX_0201,1.1073096203539417e-05,0.2604308632066078,0.00020971849902422484,0.04672845646131263,1.919288209540433e-05,0.00015605424160038925,5.467141583993126e-05,2.0032890340154464e-05,0.00010561355604408329,1.599982280813832e-05,0.00014861360207984255,0.00011062993072471637,0.013855045572806335,0.17827432536681667,3.170017000489036e-05,9.939330433236695e-05,4.0171519362974386e-05,0.0012318894456864176,0.037868871332326075,0.1237803714466653,3.1403234326689004e-05,0.017147116278741936,0.0037360824528557364,0.06312432004731917,0.08705674796131725,1.2278381039678761e-05,0.052544771030110515,0.11309348095616288,3.5012936445391747e-05,2.6098958998851284e-05
Z_E_1868_DIE_0668,1.9815079140997527e-05,0.00012890425108213634,0.00037528696392684916,0.00011697290451321487,3.4345269893230856e-05,0.00027925587304223536,0.018126813343212474,0.003831423176504765,0.0001889932980720209,2.863135561703689e-05,0.0012148346830888797,0.002095757362466782,0.058004599507853694,0.3057337468485927,0.35114738924205213,0.00017786228487760944,0.042772101813848974,0.0012555472808222638,0.03455429171084393,0.003256895688174153,5.619544543176042e-05,0.0003198159809059069,4.338734691785528e-05,4.133124192454958e-05,0.00016770572196398082,2.1971911699529026e-05,0.07979438764975491,0.0913579098657035,6.26549335318149e-05,0.004791171964540088
Z_E_1868_GRT_0678,2.5073031933996153e-05,0.00016310913425135866,0.011281022640175376,0.00014801179189862543,4.345882459954397e-05,0.008758142289950975,0.038545670453584105,4.536087197259108e-05,0.00023914287518876304,3.6228716957999845e-05,0.0015371923870136097,0.002651868857102726,0.09740985609949379,0.17313883882609185,7.177932533374594e-05,0.00022505823554158768,0.043315572659582725,0.026803064818989045,0.11576432973276841,0.013726585719799607,7.110696797271212e-05,0.0004046794991429152,5.4900226593189897e-05,5.229853190451517e-05,0.027827930624756067,2.780218235684026e-05,0.1273829555196538,0.3101105822752599,7.928048826286529e-05,5.909639186671996e-05
Z_E_1868_JEE_0168,2.2676978703678828e-05,0.11091368393911195,0.009117031923043556,0.0001338673464626947,0.0011252485352167948,0.000319588907053803,0.00011196349330964948,4.102605262939988e-05,0.04256805749579461,3.276659340924112e-05,0.0687187451373448,0.00022656288150300335,0.00013971765796947475,0.0023893057428499226,6.491988030178212e-05,0.004547322062348668,8.22686511833437e-05,0.025327627284267056,0.17963159810276397,0.21222830121313566,6.43117754025596e-05,0.007967606479761531,4.965379825456495e-05,0.1477355167253127,0.17720059816678302,0.0011110880881020002,9.992976157676142e-05,0.007903862150990428,7.170420987326181e-05,5.344896554009522e-05
Z_E_1868_JEE_0169,5.754507769204479e-06,0.07526769669276491,0.00314024324811952,0.01023001293680857,9.974228264731125e-06,8.109884798252815e-05,0.0016818241860149963,0.0002859794904596207,5.4885645136427766e-05,8.314847352802488e-06,0.15439571727908943,0.0011597674677244403,3.545473842818244e-05,0.06398711640371355,1.647406210739285e-05,0.00032722180520980746,2.087648441102622e-05,0.0011913303305158603,0.15085054815737056,0.04586353877010069,1.6319749471093572e-05,9.287793067810801e-05,1.2600142706843573e-05,0.13338726524561992,0.29711178753854733,6.380874670220948e-06,2.5358165956866932e-05,0.060701821366163575,1.8195652877400943e-05,1.3563203964491254e-05
Z_E_1868_MAA_0155,2.150909632711984e-05,0.03001038414149773,0.000407370740231552,0.053687797355207595,3.728149220388338e-05,0.0023631615282403103,0.00010619728466417826,3.891317840255745e-05,0.00020515058377942603,3.107908787851897e-05,0.07135977040726794,0.0002148947135363926,0.00013252208784662702,0.003296270454977008,6.157645501204233e-05,0.004313131372021243,0.00110804760204269,0.005482949076160798,0.07355893837768274,0.12404718662277145,6.099966799710156e-05,0.0003471574698899321,4.709658828984799e-05,0.2163481935401283,0.36686768627430216,2.385031933878766e-05,9.47832996532289e-05,0.04560739349496313,6.801138623346697e-05,5.069630145219981e-05
Z_E_1868_SEY_0815,0.0010900950209257081,7.327790113392061e-05,0.0007527539057879643,0.4553330881764362,1.952417604947991e-05,0.000698163333913485,5.56151151467101e-05,2.0378683922346135e-05,0.00010743658253963005,0.006489260733041823,0.005005917414410439,0.00011253954633151857,0.1230561112343131,0.00010799815056984197,3.224735591545784e-05,0.00010110896124294589,4.0864931713700495e-05,0.000174322661115876,0.12752607707498553,0.02073097875393721,3.1945294743625645e-05,0.00018180505012932495,2.46643046386723e-05,0.0005629108697782474,0.11391198349850583,0.0032489826880728683,4.963765449247461e-05,0.13824048258291521,0.0005750326993710647,0.0016447956439197956
Z_E_1868_SEY_0817,1.0974169982103538e-05,7.139094185418952e-05,0.00020784488948518377,0.2749143870071324,1.90214143081421e-05,0.003307810397187059,0.034213311588887726,0.015260080525664738,0.031110648283159816,1.585688157607833e-05,0.026423538671032577,0.00010964157111660503,0.16298038136593868,0.0694745244373315,0.04732867195239566,9.850533191228767e-05,0.0010908627408587005,0.0001698337257346775,0.06958758202199813,0.002329289079879396,0.0005566477355942165,0.00017712343778597273,2.402918084560676e-05,2.289044980461367e-05,0.07208981292543302,1.2168686892777273e-05,4.835944876715665e-05,0.18828424521114484,3.470013346416143e-05,2.5865792831980898e-05
Z_E_1868_SPI_0818,8.959056642037113e-06,0.00048730831024069375,0.0014567589511685541,0.021504207789286224,1.5528639384683122e-05,0.01771634363902979,0.03736953130411661,0.04935424530360097,0.0464203023240261,0.02704160895156095,0.22149786778674518,0.0009475616415509803,0.03695146980970884,0.31113004328302146,0.054082975602421535,0.003941655137923246,0.022341875368025954,0.01258041415518858,0.06195799726885853,0.008765999868305825,2.5407830827482745e-05,0.005721942763262083,0.012461382722428027,1.8687229803773452e-05,0.0017919309731833396,0.001297013459219461,3.947952705208614e-05,0.04302205669255817,2.8328380342080317e-05,2.1116230516824527e-05
Z_E_1869_GTZ_0186,2.0596847894666517e-05,0.062272817559842104,0.00039009324453616003,0.004066910251305615,3.570030151575429e-05,0.00029027341752285675,0.00010169322252263923,3.726278428745224e-05,0.01005975566447892,2.9760954900356117e-05,0.00027643323067477727,0.00020578055259793857,0.000126901532474847,0.08403557728785112,5.896486112141745e-05,0.00018487952542376492,0.013883350611120589,0.06443024088642471,0.04479454529228931,0.11188175640948927,0.4399618588660495,0.15913165989363512,4.509911762962586e-05,4.2961892665686105e-05,0.00017432225335959245,2.2838774451014417e-05,0.0020634245242067348,0.0002745366109449551,6.512687265200933e-05,0.0010348767561314694
Z_E_1869_JEE_0170,8.196017788786278e-06,0.05421644419473061,0.07041029758751222,0.019280217593978,1.4206072103097086e-05,0.0009004801330873242,4.046635995260126e-05,1.4827824356500121e-05,0.005180495883748901,1.1842652672972718e-05,0.06133788164269796,8.188539713961326e-05,0.0008354702401712452,0.223795841142887,0.00041595006257014167,0.0055683782365082805,2.97339137355521e-05,0.029563321278752327,0.12772110456284586,0.3133738393317455,0.004340594491325873,0.0001322839767629103,1.7946103803907473e-05,1.7095646786762428e-05,0.034608172400138915,9.088138273966823e-06,3.611707336389744e-05,0.047207615762562015,2.5915664839283868e-05,0.0008042906131580655
Z_E_1869_KRA_0160,1.8714102156082568e-05,0.14978224856698946,0.0003544350507408355,0.00011047358776502946,3.2436957974612084e-05,0.011913958769581456,0.17305334222250343,3.3856615116142276e-05,0.041402344451060995,2.7040523536227634e-05,0.03968267534463815,0.00018697027344898476,0.0010114722361297315,0.06918456906414579,5.357491788494338e-05,0.004648833286954835,6.789193404491995e-05,0.018213029092825062,0.23427277305424432,0.16169814769955304,0.0009492437793336818,0.008367582461000141,4.097663384155742e-05,3.903477135316883e-05,0.04138223966767323,2.0751095525965795e-05,8.246670736067266e-05,0.043265634885875176,5.9173663569729245e-05,4.41085831725904e-05
Z_E_1870_DNT_0192,5.983708036449944e-06,0.16623475981525465,0.0003998727594232782,0.01837417379278775,0.001156549661674973,0.004669041641966841,0.009772057864787347,1.0825424499011128e-05,5.707172343152199e-05,8.646025154936385e-06,0.01154208982803283,0.005790673299700849,0.00891974765279625,0.1470547194377825,1.713021891333888e-05,5.371040790856631e-05,0.02896270660355399,0.015279463146145108,0.02562147924124582,0.4694838333312013,1.6969760052393174e-05,0.025025952274763192,0.0005861910839889049,1.2481105056436022e-05,0.02125493936955302,6.635022937688947e-06,0.0008860017961095495,0.037044002956471624,0.001738187624580321,1.410342218958471e-05
Z_E_1871_EIC_0315,0.04098500170245988,9.12422864105903e-05,0.07213276117350914,0.05851681186804865,0.014129072838115674,0.0001976656637469896,6.924939424370467e-05,2.537460388931467e-05,0.026328333536025126,2.026613030681632e-05,0.00018824099874302806,0.00014012908885220583,0.04911725546547532,0.03573220759367937,4.0152930677492284e-05,0.006170794345653629,5.088314138196145e-05,0.06671093766999613,0.021100284998458695,0.11514342605792581,3.9776817940536814e-05,0.10298964298514802,0.059808036496723824,2.925548988281396e-05,0.017581746077961345,0.0006872077208208033,0.16394571051989004,0.09421869765815738,4.434903691968767e-05,0.053765485708955965
Z_E_1871_FAH_0190,6.477422685331627e-06,0.061459219032930314,0.0001226789091454837,0.04532558029250262,1.1227249144817264e-05,0.013429339916408812,0.030740521635215262,1.1718628282178223e-05,0.01991376649715643,9.359407099307482e-06,0.012804612813674331,0.0009952769608287722,3.990876999527558e-05,0.2903973958981273,1.854363012333554e-05,0.0006785165999158013,0.019875484906788147,0.041975525639937505,0.04758748857454509,0.08977821990514478,0.0056017409370484736,0.0038267931362559408,1.4183046314490825e-05,1.3510918737694708e-05,0.02145774411496495,0.014585984546637374,0.029496335223473173,0.23458792017145166,2.0481497193076172e-05,0.015214443718272345
Z_E_1872_DRS_0670,6.627493468979035e-06,4.311424022541071e-05,0.0036166328125046116,0.17935531254584164,1.1487365268037524e-05,0.03024391156827111,0.02097939191352521,1.1990128817964107e-05,0.023866245985127033,0.179960512769378,0.021352992179595996,6.621446521139229e-05,0.0409820517496944,0.036561527822817616,0.00033634704000725047,0.001011610452553614,0.0006587911160829146,0.015019133491974004,0.08836173235586853,0.04330003819286955,1.8795531672381243e-05,0.00010696794646374136,1.451164319295965e-05,1.3823943571993983e-05,0.05464438320761625,7.3488831537556985e-06,0.061599719553851684,0.1971774592061463,0.0006557035898872569,1.562080534049275e-05
Z_E_1872_KAL_0725,8.697844298690614e-06,0.003805241155365625,0.0014142853476933558,0.028791060779955108,1.507588275586316e-05,0.0009556148111798569,4.294403785751387e-05,1.5735703711822857e-05,0.017576698583079954,1.2567755669578978e-05,0.05259795449439538,8.689908355631732e-05,0.017130811470678246,0.06172799939332781,2.4900275214481235e-05,7.807278736898961e-05,3.155446446399535e-05,0.003050229138830466,0.22634206383554975,0.01767380386265338,2.466703419062957e-05,0.0001403834719184751,1.9044909452013497e-05,1.8142380576590953e-05,0.19083868221389866,0.27116261193508784,3.8328452760726144e-05,0.10632792590224718,2.750243148295098e-05,2.0500560778778272e-05
Z_E_1872_KAL_0726,6.495556235505667e-06,4.2255940838882125e-05,0.00012302234885327423,0.020256961835708995,1.12586798380998e-05,0.0007136538126389936,3.20706376550289e-05,1.1751434591762901e-05,0.011259956969895913,9.38560876723613e-06,0.09713653984004451,0.0025533414775529687,0.025235527951004033,0.07627091115033062,1.859554303122896e-05,5.830481248029377e-05,2.3564896239635207e-05,0.0019668576171098383,0.27136972041950636,0.004800306661130699,1.842135847068406e-05,0.00010483847549665377,1.4222751764398698e-05,1.3548742565894492e-05,0.20224114634854465,0.20499287435950864,2.8623715460703127e-05,0.0806499923863748,2.0538835161436822e-05,1.530983319832508e-05
Z_E_1872_KAL_0729,6.390207596897801e-06,4.157060987120647e-05,0.0004270378717500273,0.010136078240001447,1.107608014217502e-05,0.03864741479444598,0.0003375612673180688,1.1560843117985102e-05,0.00036695962576732997,0.39782323382865775,0.015080291595703652,6.38437714950395e-05,0.0961267530643971,0.03525250593472875,0.011340692423991694,0.002505445348312159,0.00032919347687191834,0.001322936458478297,0.11641119277091745,0.03318145411776045,1.812259036433066e-05,0.0004091489148306269,1.3992079058118853e-05,1.3329001325511819e-05,0.0358573438195731,7.085769179200453e-06,2.8159479705310697e-05,0.1518665171639675,2.020572460948418e-05,0.052342903126061525
Z_E_1872_KAL_0730,5.841432437565302e-06,3.8000629129626916e-05,0.0015092902182449544,0.03528063020082341,1.0124893885291536e-05,0.04931503701723873,0.005623467511544808,0.0016889559742783568,0.013482818301046367,0.28169788432910714,0.04959084315306172,0.009009763414453328,0.0705282841013061,0.07054829974070248,1.6722910913002976e-05,0.00033216465141648214,0.007014474949210217,0.0003701319869027213,0.08487477662994478,0.02026158555317346,1.6566267308483274e-05,0.0003740122220828205,1.2790474055764983e-05,1.2184339792183572e-05,0.003685946419096441,6.477260918499071e-06,0.04478275315105882,0.17882617722603544,1.8470507157803693e-05,0.07106552453367328
Z_E_1873_DEJ_0665,1.573814463817552e-05,0.0008560419892834938,0.0002980720125857229,9.290583584738555e-05,2.727876186466904e-05,0.0002217992312685474,0.020426515356608166,2.847266201780885e-05,0.003918406451800309,2.2740480251510186e-05,0.0763308506091632,0.13129402052966493,0.15911915652458883,0.012963107109464496,4.505531708757737e-05,0.012199822010679037,0.19299397127512594,0.00024355989969277375,0.1510449636064909,0.13975285240708857,4.463328366839025e-05,0.00025401413384633885,3.446043976918126e-05,0.009076743423311205,0.004655158445673173,1.7451210860367052e-05,0.028708420152459332,0.054473270947006304,0.0008034234085365641,3.7094339657090825e-05
Z_E_1873_DRS_0673,1.5144622303266568e-05,0.10380746905732496,0.004638255401997368,0.0008146395362589325,2.625001579532166e-05,0.11987760521902012,7.477384179286081e-05,0.010180722453570105,0.17420142252595588,2.1882883422523877e-05,0.12421885307475304,0.05889553722541011,0.01387281976738902,0.010298525754341698,0.0029443057646967074,0.03349686003763704,5.4942400654492876e-05,0.004585799068694,0.21352101922727043,0.02642207247006574,4.2950057891365774e-05,0.0038706216518520275,3.316085578745946e-05,0.06095153075354443,0.03203862260385272,1.679308478166085e-05,6.67372190850987e-05,0.0009271009689849056,4.788703073167941e-05,3.569542513499539e-05
Z_E_1873_ECK_0674,1.6444580828244246e-05,0.00010697794144251742,0.0003114515348723847,0.0008845651896517704,2.8503220340843198e-05,0.00023175510646856649,8.119215260560361e-05,0.0023922180133929744,0.0001568459830024856,2.3761229431196994e-05,0.0962943753622073,0.00016429576736126872,0.21508584306033743,0.5458876126779868,4.707770964257274e-05,0.00014760832894754764,5.965845369849265e-05,0.0018294707450095154,0.012926906023047208,0.020027665617025923,4.66367324604716e-05,0.0002654160354721977,3.60072613506517e-05,3.430089497617605e-05,0.004864113978369869,1.8234541246236024e-05,7.246569584376074e-05,0.09786783929735479,5.199747684178727e-05,3.87593887834603e-05
Z_E_1873_KAL_0727,3.890971799328219e-06,0.007105803969634376,7.369291754548935e-05,0.005799159960976023,6.744180815224858e-06,0.024091242197034186,0.017906769182673574,7.039351048685056e-06,0.02239655927808562,5.622172714512806e-06,0.013654218676619097,0.001902161530280849,0.03579908952155282,3.7305495161845564e-05,0.00019746784415275166,3.4925782011689754e-05,1.4115857579882573e-05,6.0215782923548914e-05,0.2337336200157222,0.06566826490276083,0.0005700209667476138,6.280040336072715e-05,8.519720870342502e-06,8.115975495999895e-06,0.15002756014552024,0.3488116996113866,0.0007624611198129799,0.07122943837595465,1.2303184747653903e-05,9.17090501064139e-06
Z_E_1873_KNA_0738,1.1595743039476684e-05,7.543449923205249e-05,0.0029960701813849452,0.011729555033629123,0.005573004844000485,0.0001634199552280703,0.034485269484660915,2.0978436785205062e-05,0.0001105984843680041,0.021673088657703433,0.04402358602217083,0.025659219522989357,0.04393940172574594,0.2505472400478624,0.21159891743166978,0.001214665851351682,0.017811367006602456,0.001845324866213663,0.048540920458648315,0.025228134039879606,0.00391991970213325,0.01351413019850152,2.5390185042619674e-05,2.4186956683302732e-05,0.005095756496409179,1.2857916960153201e-05,0.04947196247665175,0.17562639195854413,0.0050342809938343,2.7330822074117083e-05
Z_E_1876_BAR_0648,9.407037958287431e-06,6.119618166981621e-05,0.0001781642500536888,0.03294050569713214,1.630512072519456e-05,0.10013893305606121,0.03608477302694659,0.159036138717138,0.010450742087151412,0.0009145506760250727,0.0001262531969546187,9.398454944493893e-05,0.016275206111761652,0.10370038340355446,0.009486991523615197,0.000534917679468792,0.007692271899939431,0.0005960602450828777,0.15965670373699284,0.0006452249571681694,2.6678303149730844e-05,0.014567160868496246,2.05977688235013e-05,0.0036234543980349985,7.96168453888772e-05,1.0430975617249242e-05,0.0013928909091724692,0.30059494227701855,0.04102334239027513,2.2172109178958006e-05
Z_E_1876_HEI_0711,1.6252599651956653e-05,0.0008840246456587451,0.03533111801622488,9.594278042757944e-05,0.01792896951784322,0.0002290494967351719,0.3043938282401857,0.027269749778512205,0.07253650673193766,2.3483830522469223e-05,0.04691586512500461,0.011058516263354518,0.012552865479425393,0.08187686432429528,4.652810402060495e-05,0.00014588508522870962,5.896197500826882e-05,0.0002515214869340703,0.11395442115931795,0.08517068528993559,0.006272457164205167,0.004932091120344828,3.558689694847004e-05,3.390045143589843e-05,0.08964154981540062,0.005466090941351521,0.0016282109221501433,0.08115937542736647,5.139043572153398e-05,3.830689485074439e-05
Z_E_1876_ON_0820,4.032430191943681e-05,0.007986436700297968,0.0007637206357911737,0.00023804349628991057,6.989369170944747e-05,0.002499322516849003,0.03881965668410452,7.295270478523862e-05,0.0003846072356298764,5.826569856465569e-05,0.0005411982023318001,0.0042649313703290465,0.08135162824609765,0.21859279690402783,0.19514928252117442,0.0003619552778190187,0.00014629047247302862,0.0006240496040972794,0.000802044718698787,0.0008347995450139003,0.00011435947805018286,0.0006508354612638403,8.829459948908718e-05,8.411036192242628e-05,0.00034128635661619897,4.4713523212020405e-05,0.11990143995063003,0.3249502118212903,0.00012750473709952388,9.504318242230063e-05
Z_K_1865_LEH_0528,1.4130102132337117e-05,9.192142106132005e-05,0.036806965476400486,8.341319637064224e-05,2.4491558570156897e-05,0.07530779860980448,0.001423074050858669,0.1123502286885642,0.060357031093686585,0.03182318363283916,0.003572915162964886,0.017734191950957347,0.05083615427556206,0.00013547527042609143,4.045179699950359e-05,0.006893379416228018,0.10425607177437257,0.03472805930103919,0.007047591850194466,0.0469816914949665,4.007288477995845e-05,0.28442299636852103,0.056193272057842886,0.0027360916833153214,0.00011959068962916523,1.5668136076967924e-05,6.226657243853513e-05,0.0001883409719563171,0.06568017628022862,3.3304231212546496e-05
Z_K_1869_FRI_0096,1.1892924352352108e-05,7.736777107513856e-05,0.09134874363306085,7.020662873721623e-05,2.061388167035845e-05,0.0035847393369907356,0.0029063284828993678,0.000591037944993626,0.12426919902022544,1.718441516361107e-05,0.07248889319293927,0.15388972365585868,7.327482018798225e-05,0.00011402586674194537,3.404718218779271e-05,0.0006762740327898326,4.3145731972435275e-05,0.1237702963583587,0.07940008751265716,0.0002462090443143606,0.34345541145848824,0.00019195216130717704,2.604089698918728e-05,2.4806831711331062e-05,0.00010065624520507527,1.3187445876933505e-05,5.2408087978148763e-05,0.00015852149623170951,0.0023156926694298473,2.8031269605448138e-05
Z_K_1869_ZIL_0095,0.0018307434012951001,0.0001230654496960799,0.11812696893157511,0.0010175874706701744,3.2789578690081166e-05,0.0047961714451753654,9.340195406143929e-05,0.01815248325859807,0.0862421610257089,2.7334479854926383e-05,0.09175110090944563,0.025554564844539027,0.08346054448875297,0.0038050275592387277,5.415732841464139e-05,0.022817629134872352,6.86299842152299e-05,0.08816631768579755,0.21326580569722478,0.04387545431938782,0.0471611223697191,0.00030532970929794754,4.142208899040441e-05,0.0009453720460888567,0.024619758479015586,2.097667975482167e-05,8.336319923807558e-05,0.004781717694486762,5.981693781268433e-05,0.11871918184838175
Z_K_1870_STO_0099,1.902093016074669e-05,0.0001237380249561415,0.004003701847848516,0.119435457052662,3.2968779753167966e-05,0.1259672834113367,0.008291687601475901,3.441171295488046e-05,0.00018141882239770463,2.748386780209172e-05,0.10955895179553171,0.00019003575398635647,0.04566038746251055,0.10219912499611773,5.445330815008033e-05,0.009279373016528574,6.900505966975898e-05,0.019422505638682343,0.14429482139288288,0.00039377405405941574,5.394324369353776e-05,0.005772181851241485,0.010972015386439436,3.96747679133522e-05,0.0001609844100210793,2.1091321158043863e-05,0.0693094759425941,0.19335667999673845,0.004614463397574058,0.02645988515315921
Z_K_1875_BAR_0100,8.38020839697254e-06,0.11563088634217493,0.00015871664927480012,0.10117879407073786,0.004428900573029254,0.00011810310700856617,0.005659671534571475,1.5161052767746318e-05,0.051045897930707816,1.2108794774489133e-05,0.019776507154550163,0.01974776080612267,0.00045293907534665965,0.02335614372532216,0.004839673029740057,0.0016804490152143028,3.040212942222403e-05,0.003741451738310038,0.11333521018659279,0.030672808165683463,2.3766220681122314e-05,0.01377968939506971,0.01928107775286384,1.7479840386646936e-05,0.3616483895033834,9.292377669134202e-06,0.0213061912843434,0.08799789836114602,2.64980723195153e-05,1.975190238882828e-05
Z_K_1875_FAL_0530,6.4880293775393e-05,0.0004220697590756633,0.23425020210318045,0.0003830030833879536,0.00011245633613733831,0.04130474112791597,0.00032033475151038753,0.024972994617633876,0.10004128443434694,9.374733002088765e-05,0.003977719723776742,0.0068621150786856,0.0003997412006740926,0.0037290052623325026,0.0032926920061553825,0.0005823725059238401,0.00023537589936594003,0.007217976586295112,0.004397412013701307,0.010664017415269945,0.00018400012346698796,0.0010471699177980742,0.0001420627086137205,0.00013533042684742063,0.016083877262076673,7.194238669090035e-05,0.0002859054714794729,0.0008647932956198516,0.537707855952066,0.00015292092617565783
Z_L_1867_HOR_0714,2.7848303125955467e-05,0.00018116327635211708,0.03920137727647253,0.06551002666515565,4.826917319500018e-05,0.007060390508467097,0.0001374959751680757,0.00405113472189679,0.001599197324718654,4.023878302260123e-05,0.1870755612395902,0.008279734879308711,0.3882446172214129,0.00026700135367475723,0.0014133087221408788,0.005584306659999949,0.00010102943455803398,0.0164339857956117,0.17125269217073313,0.02991537471113633,7.897762040444574e-05,0.0017830567835371155,6.097699535802092e-05,5.808732559163082e-05,0.04557756221325573,3.0879536382937124e-05,0.0001227180361219218,0.02437570949990424,0.0014216401700326696,6.56376236702048e-05
Z_L_1869_EMS_0214,1.6496544223352313e-05,0.22525090219567492,0.010582143135006938,0.4037758830339869,2.8593287951315802e-05,0.0002324874317428632,8.144871249907765e-05,2.9844720513878728e-05,0.03886623888101367,2.3836312777259913e-05,0.03261047978573716,0.00016481492719654488,0.03565062599194485,0.0009481415178565751,4.722647096719941e-05,0.0001480747579796072,5.984696904184191e-05,0.0073650941762817565,0.054836561143193775,0.0035014238323139864,0.002416716586795503,0.016065804635976084,3.612104105521612e-05,3.4409282716600905e-05,0.11942622098618265,1.829216075513619e-05,7.2694680919406e-05,0.04761853314854498,5.216178418789558e-05,3.888186496297123e-05
Z_L_1872_SEY_0811,7.429151575530169e-06,4.8329315931825234e-05,0.00014070414352090896,0.02245693448558437,1.287687089835463e-05,0.0004604629201245234,0.12064038832052625,0.004282598261708331,7.085815040886655e-05,0.010327865968495416,0.06662741695838964,7.422373192076226e-05,0.24943574149664563,0.19218333012009828,0.06690474065659484,6.668486482054839e-05,2.6951839023261448e-05,0.00011497183779525259,0.07556955281858496,0.0015768519774954559,2.1069029247690686e-05,0.00011990673272209975,1.626696388236741e-05,1.549608047878472e-05,0.021764429141507165,8.237800175233032e-06,0.01106139543801794,0.15521175748462993,0.0007350171494989235,1.751028969693563e-05
Z_L_1872_SEY_0812,9.111510712148832e-06,5.927367012864127e-05,0.0006088941687641766,0.0502313976194366,1.579288643346099e-05,0.07866727772801818,0.07552956542325441,1.64840882418484e-05,8.69042433620513e-05,0.013539303904019119,0.014084752360123657,0.004017975388636584,0.23567274285810919,0.023649018980939806,2.6084523539511338e-05,8.17859016569147e-05,3.305518368765181e-05,0.00014100764010756153,0.06213966722396795,0.00018862781585376437,0.001334821328072083,0.0005833871065711715,1.9950678642298604e-05,1.9005225811224803e-05,0.0057493672384237695,1.010328080913073e-05,0.15493625271987868,0.27544381398214646,0.00046513748358336765,0.002639437837068665
Z_L_1873_RAM_0776,5.193491545433812e-06,3.378553945719191e-05,0.03068884142507469,3.0658358026807024e-05,9.00182469859958e-06,7.319239077157558e-05,0.04703052503546746,9.39580445250166e-06,0.0022878625222794205,7.504219502395805e-06,0.0008158118457848644,0.011740932535411574,0.13234203953836587,0.00950051091057937,0.35242713974243334,0.00974603766331852,1.884120234701395e-05,0.007292762749870455,0.06476609997798816,0.014283592272783295,0.00026343179605454775,8.382311173781327e-05,1.1371734515582737e-05,1.0832833619791522e-05,4.395532528248894e-05,5.758792929190274e-06,0.017432101923262965,0.2990103327976637,1.6421729394153556e-05,1.224090538126384e-05
Z_L_1873_SEY_0813,1.657510799717042e-05,0.00010782706784956205,0.0003139236493962637,0.0008915863348631817,2.8729461720616116e-05,0.000233594638789121,0.011987932325318579,0.0016174662832672145,0.00015809093186026343,2.3949831745859375e-05,0.00022245688640676068,0.00016559984811615104,0.3175980085658157,0.1287447510269747,0.29452488548470934,0.0017362593839900832,6.0131986538588096e-05,0.00025651255176516933,0.05668519631064192,0.00748679772001742,4.7006906727581985e-05,0.0010612624625113856,3.6293065284116105e-05,3.457315480205039e-05,0.00014028409543644552,1.8379276041874646e-05,7.304088485110263e-05,0.1756374075176503,5.2410201466048035e-05,3.906703744535411e-05
Z_L_1876_GUD_0705,1.4101476644809674e-05,0.0007670190099521801,0.0009423582072444127,0.004810230869856343,2.4441942311349168e-05,0.00019873350712404852,0.003446042538364007,0.04932122967074388,0.03254812058695361,0.04323853932751183,0.00018925792753070051,0.006893724184416319,0.033851072579211695,0.03389939121928768,4.036984766894482e-05,0.00012657637339458193,0.01558268561062409,0.00021823120298429248,0.00028047639588206545,0.060392189728997334,3.999170306925926e-05,0.0022534496866781347,3.087677091213428e-05,2.9413535951725374e-05,0.013625024577312716,1.563639476118344e-05,6.214042961408683e-05,0.18521572282206858,4.458862241195732e-05,0.511898363250516
Z_M_1865_DIE_0525,0.0014488077440116198,0.0008143095548650707,0.0002835408670660824,0.006540642419015119,0.0007428673304013036,0.03892458112664325,7.391613387998669e-05,0.0007440030273816239,0.036705629707915584,2.1631871547007365e-05,0.10128642391590943,0.36577796690173736,0.0008091573173873207,0.00014353662192828563,0.050227148286652694,0.05748785407959472,0.006506577957863009,0.06690509935306063,0.0031654428457239844,0.06841717975357381,0.012946988960316864,0.0002416308298556461,0.01795574099082842,0.14699950323442107,0.00012670684139958342,1.6600456432582604e-05,6.597169681795248e-05,0.0030672217383586496,0.011518032461601272,3.528597381007209e-05
Z_M_1865_HOR_0716,3.228261710993082e-05,0.1996352803805765,0.02380040035891904,0.0001905716077017149,5.5955123348782626e-05,0.06229225523348602,0.00015938960088273787,5.840409191511601e-05,0.2337436883349917,4.664604587981163e-05,0.21222599851631135,0.07143541870325115,0.0001989000260865046,0.01576883953239987,9.241899752126056e-05,0.0033816369043534926,0.012484575078043868,0.009775192310064703,0.09648990105891816,0.003760184075758348,9.155330822989615e-05,0.019072230357364273,7.06864251209015e-05,6.733663026192607e-05,0.00027322523270200566,3.579651675988193e-05,0.00014225855538444902,0.03444080813613764,0.00010207707044030111,7.608917007858995e-05
Z_M_1865_RAM_0773,4.44437656962576e-05,0.0002891227580561467,0.0008417410687558376,0.13221688512020938,7.70339152848137e-05,0.002754649158220798,0.00021943307916858035,8.040543206082314e-05,0.00042389807267017665,0.0766829736035742,0.0005964861127100269,0.000444032150515489,0.2450281855285965,0.13450893603747233,0.00012723405471529685,0.00039893202843415695,0.00016123526441141458,0.0006878014762103827,0.10942721734510533,0.0009200812814085393,0.00012604225257917688,0.007102220030261225,9.73146292718935e-05,9.270293693803269e-05,0.06635341335218936,4.9281382553366356e-05,0.10022589062118727,0.11977712449602114,0.00014053040948199777,0.00010475263624011657
Z_M_1865_RAM_0774,4.44437656962576e-05,0.0002891227580561467,0.002970039834809181,0.0002623616249021109,7.70339152848137e-05,0.08575830103430118,0.00021943307916858035,8.040543206082314e-05,0.00042389807267017665,6.421802565385854e-05,0.0005964861127100269,0.000444032150515489,0.28546586208360997,0.045120387863231914,0.00225553282076864,0.011040425858700872,0.00016123526441141458,0.009200996540423754,0.13496680253774546,0.007304977579568568,0.00012604225257917688,0.004973921264207882,9.73146292718935e-05,9.270293693803269e-05,0.006761047902695769,4.9281382553366356e-05,0.20664082892385438,0.1878826850097281,0.0065254267076420265,0.00010475263624011657
Z_M_1865_SEY_0798,1.5210810997138164e-05,9.895182280050744e-05,0.013399410692180747,0.049621469227456035,2.6364739967691834e-05,0.0023995884819872967,0.04377952095563271,2.7518636440012548e-05,0.0001450784685866557,2.197852129601306e-05,0.008216623520456486,0.00015196932600858884,0.34754385855778896,0.06351724625240204,0.008784429724912036,0.00013653387804012912,0.0015119965338682736,0.000235399005783835,0.09718067260814911,0.0017717104253364376,4.3137768629647164e-05,0.00024550295281733613,3.3305783385407075e-05,3.1727438720674606e-05,0.03727749458395329,1.6866477985236048e-05,0.012449947980643805,0.311232537075629,4.809631822357251e-05,3.585142992135226e-05
Z_M_1866_BES_0654,2.657257922345994e-05,0.0001728642313133049,0.020863160847496422,0.00015686395951579031,4.60579742677246e-05,0.0016469831447208593,0.33606938988935187,4.807377772699985e-05,0.00025344533574590285,3.839545428989223e-05,0.00035663437238882555,0.0015379764967853823,0.05233593857678987,0.00025477008747010004,0.23803229198197026,0.0002385183335451442,9.640130106141292e-05,0.0004112311126271661,0.004346004340917275,0.03999739715188932,7.53596750791428e-05,0.0004288822380712904,5.818365422952381e-05,5.542635952292206e-05,0.00022489809661648842,2.946495243204006e-05,0.02683945258036531,0.27521270868372477,8.402203055399727e-05,6.263078030742043e-05
Z_M_1866_WK_0835,9.781581796786596e-06,0.015521329179680665,0.0011220879975130148,0.0665726791557824,1.6954313651882662e-05,0.0024799280215913383,0.054384439910811246,1.7696347244381586e-05,0.013208916516922816,0.0018877938543004527,0.012310071149531535,9.772657047906373e-05,0.06235946725653484,0.0019674431106034814,2.8002809708793315e-05,8.780053189361691e-05,0.0005039011443938766,0.0010882075939815435,0.1374401622107087,0.060628040412249125,2.774050722615233e-05,0.023578627232662748,2.1417874730789157e-05,0.32463202844676675,0.04926636644176086,0.009847562213715024,4.310411671542037e-05,0.16079673940866704,3.092919048936093e-05,2.3054897886342086e-05
Z_M_1867_SEY_0797,1.3251374945967478e-05,8.620498313753043e-05,0.00025097392929605513,0.03244153059314394,2.296846990805099e-05,0.002090476746888854,0.13332609277906557,0.003196846735018185,0.007106710283385417,1.914727797920811e-05,0.0033507216035068505,0.00013239284345881785,0.24121999343466163,0.13084941838727268,3.793616806575219e-05,0.0083684156002159,4.807398540056143e-05,0.00020507522499204391,0.023108253678651616,0.009158376319114737,3.758081975717129e-05,0.000848452197670138,0.0012981645823295633,2.7640353077950157e-05,0.007727048775466415,1.4693761157266376e-05,0.03115254983723147,0.36251872633735593,0.0013110498205215833,3.1233097323101324e-05
Z_M_1867_SEY_0800,1.3044433294186574e-05,8.48587529029347e-05,0.0021210486464684954,7.700424708336912e-05,2.260978010257548e-05,0.0020578305714712307,6.440453725984644e-05,2.3599334542796764e-05,0.00012441587803947013,1.8848262265874057e-05,0.00892037690937364,0.001379654702409737,0.7909058716874638,0.00012506619637523756,3.7343733445663664e-05,0.00011708823841320208,4.7323232366476416e-05,0.0008265373373400952,0.11082510273000158,0.0002700477493871322,3.699393447564085e-05,0.000210537550703516,2.85622554749586e-05,0.0012765380915867243,0.000110402087604401,1.4464294311964852e-05,5.748239772261042e-05,0.08013095081628613,4.1246269832778915e-05,3.074534199381429e-05
Z_M_1867_SEY_0804,1.3044433294186574e-05,8.48587529029347e-05,0.0008717192591425165,7.700424708336912e-05,2.260978010257548e-05,0.00018383649048226268,6.440453725984644e-05,2.3599334542796764e-05,0.00012441587803947013,1.8848262265874057e-05,0.004547724053732715,0.0007549900087467478,0.8015251714797347,0.00012506619637523756,3.7343733445663664e-05,0.00011708823841320208,4.7323232366476416e-05,0.00020187264367710583,0.10270446171238272,0.0002700477493871322,3.699393447564085e-05,0.000210537550703516,2.85622554749586e-05,2.720870426074579e-05,0.000110402087604401,1.4464294311964852e-05,5.748239772261042e-05,0.087626927140242,4.1246269832778915e-05,3.074534199381429e-05
Z_M_1867_STA_0300,2.061718325333634e-05,0.00013412222821738846,0.49996650766675677,0.00012170790693609905,3.573554858072542e-05,0.015100126091165064,0.00010179362468926513,3.7299573998547684e-05,0.04166342868779223,2.9790338022246913e-05,0.013111663428450434,0.02390128945731329,0.0001270268229169488,0.00019767149950585976,5.902307738858379e-05,0.03671532506849204,7.479602462106828e-05,0.13755437916850843,0.05174990198406931,0.05670317104161448,5.847020787680495e-05,0.007243892805573105,4.5143644187154525e-05,4.300430913159192e-05,0.00412371198526654,2.2861323273650565e-05,9.085294094120512e-05,0.0022494164735395628,0.10866867579910067,4.859408881760042e-05
Z_M_1868_JEE_0166,4.440340887347783e-06,0.1344152286346641,0.15254455282054907,2.6212338942780952e-05,7.696396522503641e-06,6.257816394666268e-05,2.192338246331175e-05,8.033242052092829e-06,4.235131552553843e-05,6.415971296500379e-06,0.11658446114339227,0.03555467811067681,2.735787855485734e-05,0.033213885101666694,0.020213190567556202,0.03427435248540504,1.6108885595817568e-05,0.06726188899854721,0.13511257022508621,0.12086952363760227,1.259278008721621e-05,7.166723717522564e-05,0.0002223592444040746,9.261875874254086e-06,0.021301242810058026,0.05635362744857227,1.9567077783612563e-05,0.06491335407543525,0.006818412058036018,1.0465751640699197e-05
Z_M_1869_BCH_0198,8.407199329775002e-06,0.10030193438254839,0.17931594638949822,4.962960366838225e-05,1.4572110864290798e-05,0.022664048074023387,0.23515953966246747,1.5209883409788185e-05,0.05724929681328045,1.2147794719430252e-05,0.08465870139946297,0.0004865946532419514,0.0008569972667488328,0.033093753895336635,2.406821390512984e-05,0.004906656337060468,3.0500048446837243e-05,0.05609141996475006,0.06780391176081292,0.06297954839263166,2.3842766804438817e-05,0.0001356924532670889,1.8408509566525274e-05,1.753613936811907e-05,0.03992849205529659,9.322306512113012e-06,3.7047678861048294e-05,0.05406037530772426,2.658341717676601e-05,1.9815519216100767e-05
Z_M_1871_HLS_0175,2.2775912051282884e-05,0.02632449587762235,0.2316556148726539,0.013222616541642517,3.947725067861729e-05,0.0003209831845210577,0.00011245195887410189,4.1205037880417827e-05,0.00021723328504220867,3.2909544938098504e-05,0.053749019868804725,0.046036129404505674,0.00014032720723099415,0.00021836875738406782,6.520310767383357e-05,0.2434261751009809,8.262756641498866e-05,0.1399595699045086,0.05498703123979511,0.1608015335562901,0.009880716226681706,0.00036760391426531573,4.98704239588429e-05,4.75070891388046e-05,0.012190249589219862,2.5255025473586573e-05,0.00119104615808499,0.0046663032097928265,7.20170353873112e-05,5.3682148503132424e-05
Z_M_1872_LAN_0158,0.0001111595060563733,0.08057031803000167,0.40666437341611045,0.0006561997656000131,0.00019267161183350066,0.03350545603713799,0.0005488300172292194,0.005524249888386094,0.001060222950015085,0.00016061744318392714,0.012138178940438333,0.006433726522039669,0.006008022892050535,0.0010657647059007565,0.00031822854013679834,0.0914912563393821,0.00040326988656478284,0.0868906098540526,0.0022109470101627795,0.2524890873893093,0.00031524769153649213,0.0017941178136846665,0.00024339625485051225,0.00023186182625552264,0.0009408029654432714,0.00012325900059518722,0.000489842279359812,0.006804797354009868,0.0003514844131498548,0.0002619996555227726
Z_M_1872_LIN_0322,0.0255991172983317,0.09364433673297483,0.36246735697177657,9.855063226283414e-05,0.0016278376050380113,0.00023527536540150543,0.009675834025284005,3.0202611261906085e-05,0.11128287801372853,2.4122152137226462e-05,0.06338066408839485,0.04733438362831866,0.00010285752197987487,0.012151821436624901,4.779279950806423e-05,0.00014985043505028533,6.056463957615282e-05,0.14655783931355265,0.00033204861868844346,0.08268903301351077,4.7345124075002546e-05,0.0026677997390554247,3.6554195937560105e-05,3.4821910602487874e-05,0.020127561362653975,1.8511515970496576e-05,7.356641814072653e-05,0.01221428095786986,0.007247843745307609,3.934812698508752e-05
Z_M_1872_RIC_0127,1.84658735344591e-05,0.042565742929493555,0.23468490401200595,0.023984667096461406,3.2006705895161976e-05,0.0002602413847888011,9.117192086954858e-05,3.340753234246592e-05,0.0019446920971343121,2.6681851138834892e-05,0.04004059788433048,0.0010687739135061432,0.004535190456251425,0.0001770453735794106,5.2864286516724226e-05,0.325582139075118,6.699139812464101e-05,0.12850690451041066,0.016284389544569493,0.14452052000388993,5.23691064351331e-05,0.0002980397613193767,4.043310932446199e-05,0.010649920941318065,0.0001562866658647183,2.0475847705010987e-05,8.13728479317119e-05,0.02412179158544744,5.8388769011506984e-05,4.3523515681167225e-05
Z_M_1874_HEI_0179,4.160990012530438e-05,0.008241056078798083,0.4212250149597807,0.00024563267396148343,7.212200566371373e-05,0.008556781084432467,0.00020544137890551162,7.5278544587065e-05,0.016337606362337612,6.0123294951271286e-05,0.008528821039506699,0.0024083115112065005,0.006234143868158093,0.0003989435050846224,0.00011912123615769161,0.042217930308186685,0.00015095442844981376,0.2517105573999878,0.04864982692972155,0.14632064187376448,0.00011800542684054249,0.002664177215579641,9.110956151664438e-05,8.679192428644137e-05,0.0003521670689129537,4.6139056264873674e-05,0.00018336073129882904,0.0344286875561761,0.0001315697761318736,9.807329922497139e-05
Z_M_1874_NOE_0325,3.523332841726309e-06,2.292055348576121e-05,0.4311551137494613,2.0799032551468172e-05,6.106956046539528e-06,0.011354125014933466,1.7395820589993127e-05,6.374237083536478e-06,0.03023510040406256,5.090961021696567e-06,0.0019032449685405961,0.02601861061089225,2.1707998200530745e-05,0.00037122755648849836,1.0086632321575662e-05,0.03748822901866904,1.2782119009168431e-05,0.16152285631322072,0.05439902558578454,0.22346277226577224,9.992150777510986e-06,0.0007317604508018918,7.71473397725509e-06,7.349136535155411e-06,0.003741735502476581,3.9068407214327155e-06,1.5526134033550304e-05,0.008314411167895223,0.00912220636090158,8.304390902530804e-06
Z_M_1876_BRU_0199,3.504571022579954e-05,0.1915484646168279,0.38666120579663693,0.00020688277279491487,6.074436381203632e-05,0.04916314747761435,0.00017303187491028805,6.340294141234524e-05,0.005369010271046035,5.063851550562011e-05,0.0038268531132170736,0.0020283871650985607,0.00021592402667958748,0.00033600797967688436,0.00010032920799016114,0.0003145740701596568,0.0018053903607571956,0.13480234502395474,0.0006970542690561021,0.007438520658846707,9.938942371098007e-05,0.17510362022559134,7.673652861690495e-05,7.31000223341658e-05,0.005331360246113837,3.886036715015536e-05,0.00015443457053581304,0.003823625998767338,0.03031931070243819,8.260169851828827e-05
Z_R_1865_BLI_0296,7.279641810567316e-05,0.05276409338527082,0.018808900546996035,0.00042973376000103635,0.00012617727182965755,0.03937231314037152,0.00035941918798110175,0.0001316996289259047,0.05995691804357154,0.00010518555689831607,0.028865291835123492,0.039073685993466514,0.00044851411553521086,0.0006979506826314565,0.00020840231018306286,0.08083223560128061,0.00026409440193904285,0.11267970352779175,0.09905689313214514,0.06076963856251204,0.00020645020452232383,0.39858293686700946,0.00015939595417478007,0.00015184225844150587,0.004102150514164528,8.072016565154764e-05,0.0003207891492071662,0.0009703077877677873,0.00023018100030336528,0.00017157899619764069
Z_R_1865_HJ_0297,3.005257336441155e-05,0.00019550285088770075,0.1257744650113464,0.0016165483654017045,5.2089811796475855e-05,0.15872906715933346,0.00014837916200354244,5.436960860651303e-05,0.11973535756123017,4.342379402478841e-05,0.023429599253828037,0.017569946071057923,0.0001851602553099469,0.0002881352495128923,8.603480609441222e-05,0.00026975513582415785,0.00010902619381467828,0.09257012423669346,0.1675381220112832,0.0006221527311552778,8.522891756155498e-05,0.20772138390703135,0.03316605135798499,6.268509811852502e-05,0.004571774801998266,0.024498724332799905,0.0001324315081967504,0.011913702230360129,0.008729872980200398,7.083302317892259e-05
Z_R_1865_JEN_0595,4.333695777126844e-05,0.00028192257249810317,0.24363047541462182,0.002331124439732266,7.511549665861357e-05,0.004761345144328988,0.00851515462637319,7.840305066890184e-05,0.000413341502162055,6.26187682865461e-05,0.004732224591706128,0.04193890522861019,0.008568194366699998,0.03777083997961494,0.00012406547397329074,0.0003889972012725579,0.0001572199325500709,0.116887279736433,0.07764793848050285,0.10466199563024531,0.00012290335195154926,0.28916568067707593,9.48911486957509e-05,9.039430391233422e-05,0.01904445306745239,4.80541007533212e-05,0.025094529924445618,0.0005776408883550337,0.006362920361008076,0.006328033581639964
Z_R_1865_KPK_0293,3.058069258410338e-05,0.008985527434000346,0.048905421276478095,0.001644956257497263,5.3005195328736894e-05,0.242062173589542,0.0016154181515426124,5.532505541381456e-05,0.0002916741289636523,0.007366344368687591,0.031163489251496503,0.00030552790654991455,0.0016528456055470125,0.0002931987015272433,8.754671105209964e-05,0.041278577482206605,0.00011094213052017065,0.17913390227807227,0.044541190577002385,0.04310159931931144,8.672666049664387e-05,0.3255973654485726,6.695986973827364e-05,6.378667450279116e-05,0.007580978406398064,3.390934108247705e-05,0.00452805323901873,0.007729769351376831,9.669561486885919e-05,0.0015365092806208245
Z_R_1865_KPK_0295,0.00013145189629720045,0.0008551420927942984,0.22281100866476905,0.0007759903457483431,0.00022784420007504762,0.08368622013528532,0.0006490200349848503,0.00653271275854428,0.007548665350879055,0.0001899384788038516,0.052123407272470945,0.02019800933141642,0.007104799491970684,0.0012603221853669812,0.0003763217968570084,0.11448806482175486,0.0004768876112279043,0.10904756111545992,0.17257676747119027,0.01531112937658697,0.0003727967883805728,0.10913487947066729,0.00028782872816572835,0.0002741886665524004,0.00111254842916295,0.0001457601777729935,0.006874160547566233,0.0017521301461407624,0.06336461439625499,0.0003098282168527782
Z_R_1865_ON_0294,3.504571022579954e-05,0.00022798501071597717,0.2859662165302623,0.00188513259390116,6.074436381203632e-05,0.081049894078633,0.00017303187491028805,6.340294141234524e-05,0.08760325150525204,5.063851550562011e-05,0.005505102934323319,0.00874138644952354,0.00021592402667958748,0.0036925076218893745,0.018561077240158853,0.0355578203133908,0.00012714053965095078,0.057602853253067465,0.029227301227862264,0.0896727618930527,9.938942371098007e-05,0.2808333589552848,7.673652861690495e-05,7.31000223341658e-05,0.00029661078279510217,3.886036715015536e-05,0.00015443457053581304,0.00046712635655484804,0.011858562670269496,8.260169851828827e-05
Z_R_1865_ON_0596,0.0002582561798994807,0.16245405048339195,0.4748460047091738,0.013891775603009787,0.000447632741566528,0.06547578403855457,0.0012750933203310847,0.0004672241292313345,0.0024632092983014396,0.00037316149354663883,0.015833323815235396,0.00258020546072534,0.001591170899933206,0.0024760844248267696,0.0007393383618404994,0.014685366113421612,0.0009369143860705963,0.003996713127084869,0.042238371724222616,0.04244814934999063,0.0007324129750725571,0.12784057083937134,0.0005654809850239503,0.000538683119758566,0.014552992423651408,0.0002863668593111364,0.0011380474806766754,0.0034423119861730672,0.0008166015220349915,0.0006087021485681717
Z_R_1865_PAS_0291,1.5608744147481808e-05,0.00010154052175854856,0.21705989430423187,9.214195541399575e-05,2.705447334451891e-05,0.21324693359193717,7.70653597097174e-05,2.8238557139427976e-05,0.02855246829814498,0.01646673973861143,0.00020948717947185088,0.036034169534478584,9.616877118542762e-05,0.00014965205591490057,4.468486807509649e-05,0.08011864790066119,5.6626164554757044e-05,0.08470487752278104,0.011522400894115747,0.08777630672204827,0.007518896410429462,0.14750213868976197,0.001529103123979665,3.255746676091706e-05,0.00013210523599618175,1.7307725379680003e-05,6.878244679559048e-05,0.010672532027429892,0.056109080369198296,3.6789346542340596e-05
Z_R_1865_RUD_0597,7.709660143458361e-05,0.000501541255434151,0.2635893226613946,0.029990798087122725,0.00013363073471874727,0.11553728759936666,0.04468416962280534,0.00013947930495211748,0.03765493520950155,0.00011139901066412779,0.001034724474230171,0.022922022109818682,0.0004750084537539648,0.0007391795777880378,0.0002207129178101405,0.004383987320683213,0.0002796948170972214,0.012269009001274114,0.09014047871701729,0.14189054202884865,0.00021864549861561744,0.060315700235571854,0.09615976964233693,0.00016081178696180252,0.0006525101975396514,8.548841551430598e-05,0.06310305726141657,0.012103504950945513,0.00024377810474742752,0.00018171440063428814
Z_R_1865_WIL_0292,2.2031019204288106e-05,0.0001433197420458022,0.03734258499947462,0.00013005410109011875,3.818613568031076e-05,0.01613562647301956,0.00010877418475874429,3.985741509770941e-05,0.00021012860709153998,0.2595641478783214,0.0002956814481926836,0.0023301279985556245,0.02545596358446539,0.0002112269434792601,6.307062101869069e-05,0.007582818665604288,7.992520775428931e-05,0.04887137979700228,0.051078645525998466,0.2958587239144528,0.04015283738564887,0.15966200210190779,4.823939719688951e-05,4.5953355931486316e-05,0.002296479238405596,2.442905249899889e-05,9.708323693139995e-05,0.04143901972230504,0.010619755788687962,5.192645817814092e-05
Z_R_1866_GS_0182,9.903448166157896e-05,0.2567397487599326,0.08724082448466478,0.0005846229976920712,0.00017165543358167585,0.006138211901492254,0.0004889648956252705,0.00017916821768299083,0.0009445762582572578,0.00014309766025283926,0.0013291558909361704,0.0057319503645457265,0.01009519065371464,0.10528471465494338,0.0002835168996377693,0.010373962459421938,0.0003592821307195545,0.006275143958449928,0.0019697819727774388,0.006792735340455368,0.0002808611951774305,0.2576939132157835,0.05712695685205346,0.00020657086914975748,0.0008381823321623943,0.00010981419104073773,0.18065175879913842,0.001320036497871142,0.000313145298169705,0.0002334213330081846
Z_R_1866_G_0188,2.3572938888670315e-05,0.08481695171928225,0.31878159944460105,0.010298788550452711,0.003427402778275701,0.00033221576268685526,0.010276019283058225,4.264697886404614e-05,0.00022483520929282157,3.4061191048375556e-05,0.0003163757720025507,0.00023551430858136915,0.035139526367411765,0.00022601041668140622,6.748484403548153e-05,0.14921953140785485,8.55190593129448e-05,0.06583799432312942,0.01965927873300612,0.13369207633777336,6.685271310593455e-05,0.12681144579213002,5.1615603962945004e-05,4.916956592236995e-05,0.0001995105195899933,2.613880712132164e-05,0.00010387795453660866,0.0003142051048589766,0.03958421779543616,5.5560717095655774e-05
Z_R_1866_HAN_0181,1.9073049016746837e-05,0.04122526578829746,0.059729617005798416,0.00011259253246159281,3.305911682238248e-05,0.10347845002194024,9.416974032941684e-05,3.450600377541641e-05,0.0001819159243480485,0.012814595663752523,0.0002559821087906849,0.0001905564670121229,0.00011751308557363292,0.09151884170793187,0.0009679622636707408,0.00017120174254981333,0.21470873518714725,0.011255487101046449,0.052440865975246595,0.2077275160811903,5.409105245612111e-05,0.16927939318319146,4.176258840968698e-05,3.9783479921557907e-05,0.0010747852692031816,2.1149113049449752e-05,0.004650847210259993,0.026741658530136936,0.000973668396403564,4.4954610266281564e-05
Z_R_1866_HOL_0299,0.04258723453432004,0.012955609905906955,0.12978071930771268,0.0007477483543955308,0.00021955186246599862,0.06850888875797735,0.0006253990990849745,0.00022916091303510757,0.03760290968552292,0.0001830257112606271,0.12301593085806335,0.007331316881966817,0.0007804266804958775,0.013346043561576825,0.00036262565103387833,0.0011369832302594186,0.000459531395565745,0.0019602806705402154,0.014650994017802335,0.014753884320866143,0.0003592289344356285,0.40238690806329974,0.10946166789530838,0.0002642096326736421,0.0010720574832534314,0.00014045526940292946,0.0005581817877818639,0.001688361769758981,0.012532111674549594,0.00029855208968295496
Z_R_1866_JEE_0167,6.083062939601861e-06,0.16608193713473662,0.06507564382168561,0.014018424614327682,0.00030184610356881995,0.03999415719420146,3.0034026385966468e-05,1.100517240718543e-05,0.026275234820853904,8.789585801058317e-06,0.04756393188566982,0.005012915826270852,0.0006200838243762008,0.09094466956682436,1.741465311880785e-05,0.011998000384513933,2.2068432909153145e-05,0.0729197385942366,0.13761572126446375,0.14694233905514273,0.025360559812824562,0.021071953193161182,0.01137411291942731,1.2688344276089995e-05,0.051612007996571285,6.7451924274717296e-06,2.680599726947897e-05,0.06504151538228466,1.923453857734197e-05,1.4337598746532518e-05
Z_R_1866_MAR_0298,0.0001298175205647404,0.06922744525626957,0.01489193514084276,0.050499386159473185,0.00022501135367363474,0.05156257508011369,0.07524051645582384,0.006451489835935713,0.00123818033652464,0.00018757692412748898,0.001742299442682832,0.007513621234150078,0.000799833177678436,0.0012446522707224054,0.0003716428897457083,0.0011652560487138387,0.0004709583431012617,0.008225656520892544,0.12069803157860907,0.27621924260630404,0.00036816170861960303,0.21346069532906142,0.0002842500784720387,0.00027077960730447864,0.04461512924037705,0.025010469855547047,0.0005720618274610063,0.007946975942795842,0.0004104807285588948,0.018955867505853066
Z_R_1866_PET_0137,0.00017718056221861572,0.001152623591184544,0.07971823826687241,0.0010459370279836547,0.00030710521951144695,0.061890104834913195,0.0008747970773260763,0.00032054618763249765,0.010174647978033158,0.0002560130923127031,0.00237796557402107,0.010254914966585982,0.001091646886226683,0.0016987552075707249,0.0005072342767235109,0.0015903918126120577,0.0006427842994475861,0.10455871690240816,0.003524096572519347,0.02912219552654442,0.32292206895617404,0.3592181894008255,0.00038795679115782346,0.0003695717099728251,0.0014995748386075385,0.00019646631942466986,0.0007807747041571493,0.002361650254717681,0.0005602418375391917,0.00041760932477575484
Z_R_1866_R_0130,1.4006890382050806e-05,0.1282051936225604,0.21691892600984605,0.0014241944750086025,2.4277996929171812e-05,0.2081312374512706,6.915649558401375e-05,2.5340563639327656e-05,0.0001335956515843512,2.0238943118203537e-05,0.0042125143484205005,0.01355502735980737,8.629941162743252e-05,0.0014758025778748962,4.0099065174647976e-05,0.06116436981869239,5.0814881208903304e-05,0.07467049612489632,0.04320687110543735,0.03382768831390949,0.005405757959130792,0.18401275333552897,3.066966363959801e-05,2.9216243390791956e-05,0.00011854788200830344,1.5531512968961556e-05,6.172362000247851e-05,0.00018669867520658195,0.02284993617637626,3.30138247751969e-05
Z_R_1866_ZAC_0108,0.034720649282492536,0.023769086759437143,0.057889330327803565,9.722922274229046e-05,0.031577801602154114,0.027048986097687928,8.132023019551322e-05,2.9797641581343075e-05,0.0009458247371619403,0.032361783466407,0.0010097845521461284,0.11137567323994257,0.0016789410347707596,0.00015791452452919665,4.715197297216784e-05,0.00014784117557638406,0.0024259465691107472,0.12014205698824429,0.0003275963671306038,0.22907306241311068,0.0039903669775459205,0.3197020255872131,3.606406146131558e-05,3.435500335758122e-05,0.00013939892374092825,1.82633055543739e-05,7.258000777387886e-05,0.0002195365614868745,0.0008408108363966684,3.8820530272415134e-05
Z_R_1867_KOL_0302,0.00024321660069562785,0.0015822118872362279,0.004606391879748807,0.0014357627343680737,0.03536263581235576,0.003427675644509341,0.001200838109900546,0.0004400152767645287,0.0023197640132674464,0.00035143038980225955,0.026558292000969225,0.002429946890324832,0.0014985088742433441,0.0023318893552756637,0.0006962829048300422,0.013830162079634908,0.0008823530659038443,0.027058011409392627,0.004837544131018761,0.16809343674214453,0.0006897608187802254,0.6794528963288535,0.000532550132930302,0.0005073128445204641,0.0020584735151974835,0.0002696902513645435,0.0010717731509392655,0.003241848540223498,0.0007690466357456791,0.012220277979058676
Z_R_1867_MAR_0303,0.00015484558257334183,0.015837647767209678,0.06966913803402182,0.0009140885794984928,0.06700483804003654,0.0985793425217036,0.0007645221426991325,0.007695299507844645,0.008892054940503439,0.00022374066279714152,0.0020782046294351157,0.0015470430093113003,0.0009540363567284428,0.008899774625927025,0.0004432934747295181,0.00138991062936086,0.08212852346741421,0.00981151519829415,0.0030798569548682792,0.15892400925293404,0.00043914114215399126,0.45482401178242077,0.00033905183835005235,0.00032298433878293477,0.0013105418370329151,0.0001717002209859618,0.0006823520165522984,0.002063945982263164,0.0004896190227045179,0.0003649664408625946
Z_R_1867_MLL_0301,3.022657460117696e-05,0.00019663479181778788,0.006362369850587396,0.00017843432264015908,5.2391406324357367e-05,0.09595924949516427,0.00014923826173472905,5.468440291797747e-05,0.00028829660394729214,0.07531230697136079,0.0004056751650527641,0.02346156896020959,0.00018623231370019054,0.0017372772099380355,8.653293856658939e-05,0.04659047499467759,0.021821762758849696,0.061261674384632904,0.05560520246723768,0.16129533425986098,0.011665511885276088,0.294325016429042,6.618448854167317e-05,6.304803823906396e-05,0.00025582383395584646,3.3516678050615806e-05,0.0015806719603473943,0.0004028918111120681,0.03917736546672897,0.10139440127488425
Z_R_1868_BM_0204,5.261895175253058e-05,0.060817207906994845,0.29329193731553277,0.0003106216016164933,9.120387996333671e-05,0.0007415640990208256,0.0002597965861982081,9.519556869156315e-05,0.0005018717897637763,7.603057798065231e-05,0.0032259940584590833,0.048401673985928206,0.015442922133635075,0.0005044950596569025,0.00015063805871217589,0.0004723133791177296,0.002710681212482101,0.01089346920656019,0.05648191097396473,0.05652465256014225,0.0001492270311334678,0.4191340145302658,0.00011521511965185131,0.0001097551318985325,0.00044534262163950023,5.834642160153279e-05,0.00023187389165720164,0.020859662008036177,0.00016638020474757538,0.00768338413319502
Z_R_1868_GRO_0184,7.515433391356237e-05,0.047275251885130626,0.10939187301388582,0.0004436530715861094,0.0001302642226932509,0.14861609416862823,0.0003710609721107704,0.00013596545195701526,0.004315760611768255,0.06848863640966611,0.0046076067005827856,0.0007508576284076724,0.00046304173311038807,0.004319507362604734,0.00021515257502257673,0.0006745933969380095,0.00027264856409854875,0.11992841044536949,0.005093758853455761,0.02314955397058096,0.00021313723959152887,0.4474827530040683,0.00016455887633280052,0.00015676051226225154,0.0006360717379936524,8.333473597736958e-05,0.007529079036303548,0.0010017365878493313,0.00023763668883055615,0.0037760862092800335
Z_R_1868_KOL_0304,8.742525912387958e-05,0.013128452016759266,0.1733052819920001,0.0005160911250857522,0.00015153328930606175,0.1896278794898189,0.00043164645268299823,0.0001581653944655926,0.005020422245168537,0.00012632317368384654,0.08909138063251613,0.0008734549201671032,0.025658083716918814,0.0050247807518000835,0.0002502819018282097,0.05102361498437523,0.0003171656260500473,0.00553954620050248,0.16501522459505533,0.001809890390294854,0.0002479375097871128,0.19399340603539367,0.00019142744876264983,0.0001823557962829109,0.025859365429168755,9.69413273653786e-05,0.0003852534949295777,0.05140417292091325,0.00027643713963650693,0.00020605874015695397
Z_R_1868_ON_0115,4.0402319935981805e-05,0.06411005094852446,0.018178076233988878,0.00023850405432930525,7.002891952336159e-05,0.1224595397486209,0.0021342433893385467,7.309385106819991e-05,0.01779822933878568,0.0019931426488243287,0.027628944371441356,0.0004036545672028743,0.0002489272310809657,0.00038736558079380853,0.0001156641635745213,0.0022974197958105813,0.00014657351004487742,0.035451012950617915,0.0008035964861232618,0.15174802383523026,0.002049344956547362,0.23282380105892866,8.846542872098649e-05,0.003953801535382884,0.00034194666524771004,4.4800033336875386e-05,0.00017803933456513412,0.004408053365801393,0.002062515648573573,0.3077227380280353
Z_R_1868_ROT_0124,7.154930123125548e-05,0.1512232630382881,0.09729189289376787,0.00042237174635324554,0.00012401565716561833,0.07638725587704857,0.0003532617732897627,0.00012944340761911427,0.0006824266669955242,0.00010338356325128677,0.018091842569464292,0.0041411540343790606,0.00044083036492695266,0.0006859936922125392,0.00020483205158435482,0.0006422342352424643,0.0002595700504164264,0.13815983411198943,0.021980988624790837,0.015186479369533101,0.00020291338855683185,0.4637071763488283,0.00015666525135535407,0.0001492409622832635,0.0006055603984028286,7.933730254771052e-05,0.0003152935276983495,0.007806312573459135,0.00022623763856773754,0.00016863957875071206
Z_R_1869_BEL_0306,4.475552542541439e-06,0.05296685028326742,0.3387148115689628,2.6420201326343073e-05,7.75742851699673e-06,0.007993018544036655,2.209723366157817e-05,0.00043674257433420227,0.003043206562941541,6.466849590477422e-06,0.06328529732385015,0.04119469508598285,2.7574825003551942e-05,0.008187177236992015,0.0004414582854784222,0.0038979837038270754,0.00023055944271942148,0.2137491087368032,0.062242634335974885,0.17755194399390506,0.0004413382692512426,0.017432383533778625,9.799726230240994e-06,9.335322032556916e-06,0.006681886270939919,4.96270767184898e-06,1.97222436173951e-05,0.0013455917934652706,1.415161882906123e-05,1.0548744466579927e-05
Z_R_1869_GRO_0183,0.00360662904950295,0.12121341414035619,0.4362843795647107,0.00011057267976063233,3.246605310008069e-05,0.0038518744244063737,9.248038313853916e-05,3.3886983637922816e-05,0.013633270550072006,2.706477819739651e-05,0.023572727968382414,0.00018713798102406486,0.00011540496065535674,0.0010765607969791431,5.3622973222285824e-05,0.01003485041396595,6.795283138125121e-05,0.12945420871570776,0.03894245997774775,0.13941882331329564,5.3120686517877736e-05,0.020932731533889585,4.101338883886125e-05,3.9069784549259774e-05,0.0010555041687474909,2.0769708730336304e-05,8.254067789759908e-05,0.01639520684928586,0.03952610651484998,4.414814744870573e-05
Z_R_1869_JEN_0600,0.004594388221265634,0.02986377797090462,0.24188555192078431,0.0002802556580375334,8.228791320913703e-05,0.0029425264185939867,0.00023439922671822822,8.588937989847337e-05,0.0004528094889690808,6.859793250711996e-05,0.018824821577151547,0.02775579614365679,0.00029250347607816447,0.00045517631157987855,0.00013591188780875764,0.007246510507749245,0.00017223210575607745,0.10304025967416078,0.07369488262259528,0.007803204067192622,0.00013463880035919843,0.46227794034097086,0.00010395184689624055,9.902562008934744e-05,0.00040180653512254404,5.2642555105557985e-05,0.00020920621666340114,0.01654699332358147,0.0001501151031457285,0.00011189715344838922
Z_R_1869_ON_0599,0.0002050121069011232,0.0013336778478054458,0.35731309825710117,0.01102774069561146,0.00035534534547130284,0.012706763678843828,0.001012210310701456,0.0003708976225313986,0.011772882944011059,0.0002962276605970975,0.002751496701240162,0.01186575828107833,0.0012631229144720992,0.0019655958862102437,0.0005869106998049054,0.050927749503649734,0.0007437529369057765,0.0326252433717753,0.023712677598260984,0.2791344073503849,0.02021642860300633,0.08184896364674622,0.0004488970920169475,0.02988014732874854,0.0017351282401932837,0.00022732727324040953,0.0009034188914970072,0.04200264956788928,0.0006482446948460971,0.02011822294845814
Z_R_1869_PRH_0131,0.00022733027418653432,0.012365133541024746,0.004305513382058981,0.0013419821473418436,0.0003940291919240671,0.04674885986797244,0.001122402237333128,0.00041127453153711575,0.0021682425775043884,0.000328475797469134,0.003051032004748612,0.0022712285726234588,0.0014006298594683797,0.0021795759211801482,0.0006508033712077757,0.00204054102943315,0.0008247198744968558,0.014404378886024175,0.015407835270391744,0.05913756404279359,0.0006447072922159124,0.6459589265484964,0.0004977652322697607,0.0004741763831635564,0.0019240189496817315,0.0002520747293268092,0.02277430339098647,0.1336653141386156,0.022491350247551105,0.0005358107069724113
Z_R_1869_RCK_0305,7.542578752710953e-05,0.0004906720071254248,0.32289197584173335,0.00044525552380904906,0.00013073473040883606,0.17443653019105668,0.0003724012253800181,0.00013645655222135601,0.0007194000207112121,0.00010898480546139384,0.0010123002426845758,0.011589416381317245,0.00046471421618795103,0.0043351092024623145,0.00021592969512879742,0.051244314563603545,0.0002736333567791427,0.22872005267055967,0.0015002083522903042,0.0015614755894781168,0.00021390708040916058,0.19626261499163983,0.0001651532545848009,0.00015732672322174235,0.0006383691966066472,8.3635736785135e-05,0.0003323758893463514,0.0010053548092137418,0.0002384950204068645,0.00017777634185972986
Z_R_1870_BUR_0601,0.006182737066552219,0.00041561330599886905,0.0685173426694206,0.0003771442380596899,0.00011073607771596023,0.003959801889039872,0.0003154345513716171,0.00011558262540016506,0.006728201768318498,9.231326556983538e-05,0.0008574474280495256,0.01593541834127954,0.0003936263103046288,0.012850236091587527,0.0001828986637765691,0.05564310717356798,0.058360843244138476,0.010166986936967746,0.0012707196333356543,0.15123442148399466,0.14703356756179742,0.4018157774082204,0.00013988955786694464,0.00013326026064381383,0.0005407170745359258,7.084187514295239e-05,0.0002815319402768381,0.055921207737667684,0.00020201214346068734,0.00015058167593779358
Z_R_1870_HOL_0176,6.717613718806685e-05,0.07442557050710344,0.15890009334875702,0.00039655596755142666,0.00011643569756606637,0.004163614105571057,0.00033167006438137464,0.00012153169854458269,0.003857610224587211,9.706465763394241e-05,0.004118474660197193,0.0006711484544940921,0.0004138863771049986,0.13897051354229367,0.0001923125140421775,0.0006029802437074613,0.00024370487225765073,0.06216059127462631,0.004553018112517987,0.001390690132030754,0.0001905111215961776,0.2970384867280059,0.00014708971627318818,0.00014011920709073434,0.0005685479480405966,7.448812816285068e-05,0.2286955071468022,0.01697986548055249,0.00021240977038209917,0.00015833216093726
Z_R_1870_JAC_0312,2.880877644150653e-05,0.0070853062229902855,0.1771317276111424,0.0001700647386697873,4.9933951569747916e-05,0.050070846928259416,0.00014223813897415417,5.211939358950511e-05,0.0002747738545154134,4.16265974674762e-05,0.00038664669391354965,0.00028782491214778536,0.00017749695962454166,0.00027621008981428886,8.247405188593297e-05,0.02509101167482274,0.00010451388657434961,0.10805299562682934,0.09438437072959174,0.18132124514665282,8.170151695861286e-05,0.20326307931494275,0.0773195009305564,6.009072687429241e-05,0.00024382424201504116,3.19445553378894e-05,0.00012695051658936118,0.00038399389509353473,0.07320877688539609,6.790143075914217e-05
Z_R_1870_WIL_0313,1.4843206545741795e-05,0.0008073637872116799,0.12396090774000085,8.762281339329412e-05,0.08176811446049412,0.00020918678008715125,7.328565584040088e-05,2.6853584901760565e-05,0.024308886695160993,2.1447359462167094e-05,0.054220268471071524,0.0008590999997519016,9.145213224510303e-05,0.00014231230616321806,0.006439723557405169,0.0001332342208855301,0.1479009486679404,0.0016513167724487182,0.059291908530143766,0.21923472239430533,0.05690636438234267,0.09690882733991432,0.005008124421598856,3.0960671734527724e-05,0.0015472328060531753,1.6458860509223875e-05,0.022811116637061174,0.09544549678880349,4.693395938037289e-05,3.498499714334367e-05
Z_R_1870_WIL_0314,1.4655694836238923e-05,0.036590183700422656,0.045896124880389785,8.651588926068201e-05,2.540256291896475e-05,0.03670138726786245,0.023934372652540087,2.6514348120564243e-05,0.008561670723914939,2.117641860955009e-05,0.06195719989155884,0.012779253536215287,9.029683297724492e-05,0.01768611214744435,0.06601340362736563,0.00013155109558200893,0.006369583799162329,0.04233624251238891,0.09293225530216037,0.20453416094793714,4.156346253144143e-05,0.1946417653064014,3.209029404613861e-05,3.056955082231728e-05,0.00012403906468937283,1.6250938517365638e-05,6.45826813996849e-05,0.14757836687573742,0.0007481649565757079,3.454303761114384e-05
Z_R_1871_DUN_0193,1.597899918338634e-05,0.17992444079752742,0.013310924552487955,0.026110909423003956,0.1729614456327315,0.01629425882798397,0.00620044207852071,2.8908403982246396e-05,0.014691083380961522,2.308849764204601e-05,0.0048056179135714085,0.00015964419889563346,0.05366200068988127,0.0009183955339032911,0.0031065191635436646,0.0009086227993669989,5.796939386214115e-05,0.04462851503130595,0.0003178200562710756,0.20463748579619814,4.53163457120024e-05,0.059943000884052994,3.498781791566481e-05,3.3329762463289045e-05,0.009317561881436127,1.7718281951133135e-05,0.03833009310612652,0.1494257334070214,5.052531582720671e-05,3.7662026669340835e-05
Z_R_1871_GRO_0185,3.193700991733433e-05,0.08126501200180213,0.4762426965313436,0.00018853141009003713,5.5356086008466926e-05,0.0019794735236011354,0.001687065307123781,5.777883671433115e-05,0.0003046104833539412,4.614666849329579e-05,0.00960492363778468,0.00031907870479621806,0.00019677066713803262,0.0003062026738823013,9.142958981100155e-05,0.04463875034495299,0.00011586264480205768,0.18249071725870583,0.008282133052400328,0.12759987720306515,9.057316830745715e-05,0.060161365410864545,0.0015993117586937387,6.661574621264083e-05,0.00027030017228019696,3.541329090121045e-05,0.0001407355815876893,0.0019550723846348296,0.00010098426654453226,7.527458418648862e-05
Z_R_1871_HLS_0604,1.987164738297094e-05,0.0419997862660663,0.002279563518711029,0.007730127570238739,3.444331903672091e-05,0.090682299270379,9.811267576196297e-05,3.59507878902045e-05,0.001141135428929631,2.871309263363151e-05,0.028814777950896608,0.00305334293819854,0.0020256386015125513,0.007803344251050152,5.6888749879736466e-05,0.00017837004751117288,7.209133316877127e-05,0.006017144583565368,0.08794268268542248,0.07368478525706124,0.001959561055268335,0.5217989490379883,4.3511209453128e-05,0.012412282921848917,0.005877800037489065,2.2034637283857673e-05,0.09429622415775177,0.003119678144143751,6.283380132313868e-05,0.006708055022152945
Z_R_1871_MLL_0320,1.6303354970438768e-05,0.08364375770574944,0.30166907227859574,0.007903503941659087,2.8258435035282818e-05,0.00022976479646591756,0.025844457960960753,2.9495212205870316e-05,0.00171695129984634,2.3557168285219346e-05,0.014271880424253073,0.00016288479733279874,0.00010044841525318219,0.03528898871539501,0.020345553413658398,0.02434885144778159,5.914610763221608e-05,0.05021878082745617,0.03155331761177547,0.1877117914043549,0.010976402374287392,0.05647541974159855,0.016430947267700387,0.04531612325757385,0.0009187102568358405,1.8077943230385958e-05,7.184336133953132e-05,0.08297428072377123,5.1550923150489204e-05,0.0015998788318454344
Z_R_1871_MLL_0321,2.8224703344926083e-05,0.14210257483283262,0.13704708698650553,0.005573053506078645,0.013565013292054506,0.05311053120225479,0.0001393543833779679,5.1062717834200955e-05,0.0016208122224192001,4.078265410416461e-05,0.01794972698642738,0.005688426193600174,0.01504159924096491,0.002973828510114846,8.080196161266642e-05,0.04350484144414988,0.012266877495119885,0.10856553267111574,0.10733850989279314,0.12493235561723529,8.004508916473458e-05,0.13831968299625247,6.180116601937578e-05,5.887243921141648e-05,0.024567845990709623,0.0013829060778573902,0.00012437670435240668,0.04362770221656261,8.92460181182255e-05,6.652478781124537e-05
Z_R_1871_NIE_0602,0.00011807323755069857,0.17604913617901302,0.058778510553126,0.0006970130900465691,0.00020465511048381075,0.1769450449285823,0.0005829653198206542,0.0002136121800516905,0.0011261650998192444,0.00017060728494262977,0.0015846777467741502,0.0011796550712258303,0.0007274741681871754,0.0011320515334887595,0.00033802123946042754,0.012368291460332428,0.0004283518594375479,0.0922949011038215,0.14935835385529964,0.03071550268603874,0.028605988395187593,0.22242054619132892,0.00025853464842980187,0.028517416221479863,0.0009993176109549299,0.00013092527822277788,0.0005203087514971073,0.012882258568842661,0.00037334551116270675,0.000278295115390789
Z_R_1871_ON_0116,8.493612022832567e-05,0.029024161752674107,0.0016086445308342843,0.0005013971738641625,0.00014721889083400833,0.22490261139590123,0.008554105805146817,0.0001536621692050638,0.000810108169297216,0.000122726548084136,0.05808318296159343,0.017118084296054686,0.0005233093857159299,0.004881717095640787,0.00024315597022746898,0.0007623957646070162,0.0003081354063624486,0.05012294598537702,0.0708347342668974,0.06683635209139216,0.00024087832682943475,0.4487820680486426,0.00018597719887872795,0.00017716383105562664,0.0007188602812208475,9.418125057578772e-05,0.0003742847032040824,0.013334242139971905,0.00026856652600218086,0.00020019191368101833
Z_R_1871_PRH_0132,5.082596291091755e-05,0.02710382658447108,0.08128217243952106,0.0003000371819898603,8.809611111504885e-05,0.18569466667968854,0.005118795904730568,9.195178319698094e-05,0.00048477052702485186,7.343983883818844e-05,0.0006821424910002633,0.0005077958912751531,0.00031314949820915804,0.024826563797252305,0.00014550507241356173,0.0053240711957639976,0.09997535240271022,0.027559756216554116,0.07159477351096827,0.1592573924765454,0.00014414212554759247,0.2588164821040365,0.00984699292395985,0.00010601522982428847,0.0004301675882209389,5.635826943590995e-05,0.00022397279734506046,0.029884573549191787,0.009896414560666708,0.00011979528559186254
Z_R_1871_STA_0118,0.00012366717549627473,0.02449292416714036,0.008264296054310314,0.0007300353739599801,0.0002143510247488863,0.007664959877804465,0.006532690503894463,0.00022373245204910497,0.0011795192536947783,0.0001786901205184944,0.0016597547850859332,0.001235543411399344,0.0007619396019998237,0.0011856845680433623,0.00035403562067883417,0.018876368261300725,0.006370751944946472,0.08482333044796159,0.19788922490081198,0.008482281921951428,0.00035071936694525835,0.6119729227667153,0.0002707832054279673,0.0002579509227387798,0.0010466621305053742,0.00013712810535852944,0.0005449593406466196,0.00164836713945311,0.00039103344506734663,0.012135692109345002
Z_R_1871_WIL_0317,0.018391150741754597,0.0015095830179315559,0.27380505190293725,0.01775673454571224,2.5582104242178803e-05,0.1585276842752881,7.287127864029964e-05,2.6701747366888724e-05,0.00014077182294335423,2.1326090208838008e-05,0.0546204764877501,0.004388163847853503,9.093503680441348e-05,0.00014150763334844118,4.225301075308933e-05,0.0008392651650846172,5.3544433337418745e-05,0.09069679994019933,0.08510767443586285,0.06108899741805309,4.18572265537591e-05,0.17057322838651778,0.014168002843794502,3.078561160414495e-05,0.017087738642019235,1.636579759730122e-05,0.0007718234286735795,0.029881667362894028,4.666858190022782e-05,3.4787182373242136e-05
Z_R_1871_WIL_0318,1.047330731026323e-05,0.00558507284162584,0.14815266398089552,0.0030710664124731697,1.8153274265834196e-05,0.03425232254710915,0.028137951046159706,1.8947782353609217e-05,0.042730794345410904,1.5133171255735037e-05,0.0658423060419708,0.015652378056691413,0.0075876285220473965,0.0021065750653518787,2.998308839244824e-05,0.0010970895696100907,3.799557591436245e-05,0.0598453445725802,0.11907329676263195,0.1536880652805387,2.9702236627772865e-05,0.24291440796752237,2.293248562946818e-05,0.0015264657789252245,0.026670262186417038,1.1613306299999514e-05,0.016095432876580003,0.025718140228564865,3.3116414459588136e-05,2.4685274384734234e-05
Z_R_1871_WIL_0319,1.2664696241481617e-05,0.013424949596195179,0.0748369090912044,0.01281084369004426,2.1951585831898692e-05,0.02443768694596504,0.012798610770909562,2.2912333310702325e-05,0.003153194268042109,1.8299569701004808e-05,0.10084566352162123,0.004978371834766636,7.802986989036431e-05,0.0007279054421951335,3.625661843224444e-05,0.00011367967772231641,0.04189306927346577,0.03840423927118022,0.16036263307555532,0.1045767555255973,0.0012488771088439215,0.26948155219702374,0.05582389567141436,2.6416630513203147e-05,0.009810869018686214,1.404322362475221e-05,0.0018752491847499652,0.06202977391447545,0.0061048460797615235,2.9850313034730248e-05
Z_R_1872_ANT_0323,0.06048837937561635,0.23837545198396903,0.012820034333907172,0.00046542878359208184,0.00013665794873668602,0.0011111438314871356,0.023042849762046402,0.00014263901000090043,0.0007519939869389062,0.00011392259662941281,0.001058164683847266,0.004563307800603973,0.0042613651101865106,0.015858308703716878,0.00022571285468949136,0.0007077042947851387,0.0002860309049204573,0.0012201578814922981,0.1374896351064544,0.09602212200861975,0.015325982666170494,0.32597378768023016,0.00017263587822583033,0.00016445474901514406,0.015769675952067696,8.742503384062858e-05,0.0003474348943510282,0.042582460751627436,0.0002493005505942692,0.00018583088163709954
Z_R_1872_JNI_0324,0.01077352957808619,0.0002430790643794267,0.06691403352016619,0.00022057972447082975,6.476602595662888e-05,0.0005266021544806413,0.0001844876824529904,6.760061825562999e-05,0.00035639099318808575,0.27919424521527786,0.0005014938539176406,0.00037331865684793036,0.00023021956670519933,0.0021476144422639095,0.00010697163787912204,0.014650285694830276,0.09855039122915477,0.04889100325135451,0.045477218764160623,0.27812444899651567,0.0001059696339202459,0.1294370511434543,8.181697349901762e-05,7.793970743647209e-05,0.0003162482978168443,4.143316992040647e-05,0.00016465911857885672,0.016602298513382404,0.00011815050701442176,0.005456152264632816
Z_R_1872_PER_0139,0.00022733027418653432,0.05591020533754085,0.02607804928031703,0.0013419821473418436,0.01128029714105309,0.003203788071456348,0.001122402237333128,0.00041127453153711575,0.01305451052663341,0.000328475797469134,0.013937299953877635,0.013157496521752483,0.0014006298594683797,0.0021795759211801482,0.0006508033712077757,0.00204054102943315,0.0008247198744968558,0.10149452247905635,0.00452156732126272,0.36395306661840626,0.0006447072922159124,0.3411434239728838,0.0004977652322697607,0.0004741763831635564,0.0019240189496817315,0.0002520747293268092,0.0010017674927284227,0.0030300987490673036,0.03337761819668013,0.0005358107069724113
Z_R_1872_SCH_0605,2.1961510403942525e-05,0.00014286756217872176,0.0077777048879020625,0.006439728633058971,0.023175043470113555,0.0034645481705255316,0.013780281523638357,3.9731663261962364e-05,0.010726273739380383,3.1732793484612834e-05,0.04025861932912531,0.00021941472646301938,0.01801388327141124,0.25366563565024114,0.023199849443844865,0.00019712888311037893,7.967304033267086e-05,0.03820038042321489,0.019367065941264257,0.40219671967647663,6.228271160170911e-05,0.09605741312920445,4.80871998519797e-05,4.5808371143763494e-05,0.0001858721295789508,2.4351977801862134e-05,9.677693519972819e-05,0.04235995866655733,6.944191162831814e-05,5.176262799939662e-05
Z_R_1873_CRO_0194,0.009624971048895925,0.10238948941118588,0.1287059457837557,0.0035789111825090102,0.00011532275428509774,0.007309962132601173,0.00032849981696268896,0.00012037004545925504,0.0006345918300495157,9.613687121799449e-05,0.000892962809383419,0.0006647333242670596,0.0035960759404344966,0.0006379088239036159,0.0001904743069903583,0.006969508035418546,0.006613666774976193,0.21131527967753308,0.001323352705486842,0.1766154091687052,0.00018869013304058488,0.24322093233978365,0.00014568376848528628,0.0001387798864757846,0.06747217259237824,7.377613808176978e-05,0.000293192963319787,0.02637600151649223,0.00021037946497146933,0.0001568187529501916
Z_R_1873_PET_0138,0.06725703150031981,0.11955105914506477,0.3517766179976243,0.00016913141809700408,4.965991249118915e-05,0.12388447625098892,0.00014145753164557243,5.183336073720101e-05,0.00027326588705967807,4.1398149406489275e-05,0.00038452476483730056,0.038702462935704326,0.00017652285079210626,0.00027469424025458367,0.012430091379603828,0.02083728810676376,0.00010394031111570751,0.0690437798120613,0.05819418429716225,0.10486572105712484,8.125313649361164e-05,0.019670531542424784,6.273387450043631e-05,5.9760947097109015e-05,0.00024248612699486776,3.1769242625104456e-05,0.00012625380820768795,0.011357948700551766,9.059292665347309e-05,6.752878559621999e-05
Z_R_1874_MLL_0151,9.531557208541662e-06,0.08404733481880358,0.05951798299778531,5.6266943133736134e-05,1.652094864222952e-05,0.05992823160304589,4.706034501747663e-05,1.724401529796067e-05,9.091058480192113e-05,1.3772410500105097e-05,0.0033230184101698383,9.522860582955844e-05,5.8725938202846356e-05,9.138577190137858e-05,2.7287036829457752e-05,0.021081888432858777,3.457904888786569e-05,0.07682976472561068,0.025293891515882017,0.23024409330748896,2.703143899557199e-05,0.31875035787855605,2.0870417742553743e-05,1.988137892867824e-05,0.0051015327546238025,0.000467011051774518,4.200234307008061e-05,0.03390375493214413,0.021482912768948835,0.05935992601731778
Z_R_1874_NIE_0606,8.258479713486434e-05,0.004492019589934245,0.0015641117334289762,0.00048751678056701403,0.000143143367053534,0.06839506157228503,0.00040774754442875183,0.0001494082733822742,0.0007876815969326005,0.00011932905634663623,0.001108382330799422,0.0126894213788428,0.06378523259537633,0.05615865771885501,0.00023642457907642635,0.0007412900352322978,0.1822192845099447,0.07246402477360818,0.07678333717308901,0.009619233720388911,0.016053312540690947,0.3612175042000342,0.00018082871221127396,0.00017225932863466187,0.0006989597633297208,0.03963933037064894,0.00036392321902270833,0.028784207140238872,0.0002611316835226557,0.00019464991495895504
Z_R_1874_RIC_0128,7.738229376176666e-05,0.14131775776085284,0.07187275809858173,0.0004568052236784051,0.00013412592224808828,0.05667517132036766,0.0003820611221227347,0.00013999616518310258,0.0007380608881927491,0.00011181181540532677,0.0010385587916648623,0.0007731168989074179,0.00047676866455521183,0.0007419187119373379,0.0002215308006474539,0.004400232803839169,0.00028073126567874993,0.2680037024960764,0.05341809697760074,0.031247107459662436,0.0002194557203396009,0.27546638652694083,0.00016943724528430725,0.00016140769771273963,0.08588467115008888,8.58052048918014e-05,0.00034099754940554683,0.004737074196517566,0.0002446814588871124,0.00018238776896744265
Z_R_1874_SEH_0327,5.288547206692081e-05,0.03326719675146424,0.0719130389176119,0.0003121949314560647,9.166583684297501e-05,0.09191714136031023,0.0002611124821924251,9.567774387847214e-05,0.005569514996939508,7.641568055057761e-05,0.0007097834568660008,0.0005283721918027987,0.0003258385693417593,0.05115806213600982,0.00015140105572047666,0.01567000922151956,0.00019186049918696414,0.07172985983964639,0.10235390814969922,0.13025492269314332,0.002682533469035974,0.3984640154290489,0.01024600104745648,0.00011031105274616,0.00044759832707599287,5.8641952130189466e-05,0.01036325070794508,0.0007049136034662941,0.0001672229373182694,0.00012464948752709964
Z_R_1874_WIL_0326,1.421668017189841e-05,0.0007732852540850686,0.01388526852391687,0.004849528567273198,2.4641623382636357e-05,0.0008811576934290227,0.003474195352776069,2.5720104806246965e-05,0.00013559659561303798,0.36901447355415495,0.02061482243808424,0.00014203708824003908,8.759197085617407e-05,0.005582710247942023,4.069965347273696e-05,0.0014892116758369362,5.157596685740725e-05,0.060130467885847916,0.014579580621224159,0.27465696224363945,4.0318419580154586e-05,0.10030714755425568,3.1129022006383904e-05,2.9653832990903704e-05,0.03075635096776064,1.576413796658053e-05,6.264809252391317e-05,0.03967593044782267,0.002087354728708833,0.056539959054774165
Z_R_1875_BEL_0328,3.0270390194498592e-05,0.15675068555157975,0.04261089018434981,0.00017869297602111868,5.246735143502059e-05,0.026518897894579452,0.00014945459332606792,5.4763671892080714e-05,0.0017382864154517872,4.373852358388943e-05,0.01345241036399887,0.04668872866897235,0.003085646080524206,0.001739795518172493,8.665837428317938e-05,0.008969141712237455,0.00010981640035190917,0.10338806282723212,0.12816440144885505,0.2629991767840875,0.052270435219280854,0.1497944712190362,6.628042771679985e-05,6.313943090395104e-05,0.0002561946689981391,3.3565262885461787e-05,0.00013339135316474312,0.00040347583176214916,9.571444414240846e-05,7.134641098060036e-05
Z_R_1875_FRI_0330,1.4790640361103474e-05,0.012137082220387112,0.26447084339398763,8.731250328791581e-05,2.563646258897754e-05,0.07387020072318641,7.302611978231429e-05,2.6758484796685777e-05,0.016431651323520837,2.137140512884845e-05,0.017197373775869156,0.00014777145329957907,9.112826087308176e-05,0.0029749527310017018,4.234279241413113e-05,0.00013276238114971365,0.03192653286497518,0.09726409272074756,0.023667625181053805,0.04209507808751399,4.194616722945579e-05,0.3395077649603628,0.036154977050744844,3.085102666680544e-05,0.00012518118158490386,1.6400572598333595e-05,0.0036066078580827676,0.017196011809199836,0.019878778643902115,0.000743147203702442
Z_R_1875_MRK_0608,0.00013062959649696198,0.11970464872932719,0.25895032264449486,0.0007711361236011542,0.0002264189164124703,0.014352013315499053,0.0006449600779956245,0.019002884724526763,0.07005663189856025,0.00018875031509090764,0.014264235902535035,0.0013051040960374975,0.0008048365491074953,0.001252438216322364,0.0003739677088058078,0.013683582802803282,0.00047390443184065295,0.09585437458068627,0.0025982043826936314,0.07777053768511376,0.00037046475108594293,0.23981807765429108,0.0002860282101637784,0.0002724734742114399,0.0011055888616190333,0.00014484837224989578,0.0005756403709411376,0.05804083829188017,0.006668567234969311,0.00030789008063715245
Z_R_1875_WEI_0607,5.045753321422127e-05,0.00032824448916653583,0.02995103194375995,0.00029786225796231403,8.745751576654307e-05,0.0007111030134692465,0.0002491249719053355,9.128523866631808e-05,0.0004812564989964582,7.290748458459563e-05,0.010342328858832137,0.30978831064524925,0.00031087952498999827,0.002900054792161095,0.00014445032821144876,0.007701760589956586,0.03884357676517663,0.12401129087648019,0.029998986616108128,0.11944243533084929,0.0001430972611406016,0.3100985818123972,0.004943048008037278,0.00010524674150193622,0.00042704936861466037,5.594973688826314e-05,0.00022234925250561122,0.000672551462054631,0.0074083941736183545,0.00011892690773518305
Z_R_1875_WIL_0329,0.023749351386845134,0.04588332503950084,0.4224195984163187,0.00010448108311329369,3.067745486184587e-05,0.11212722338284865,8.738551528247505e-05,3.2020104438069285e-05,0.00016881024341399933,0.00680604586005849,0.03753013715513129,0.016280449576684532,0.00010904714719785284,0.00016969260986342198,5.0668811989978385e-05,0.023890520346503866,6.420921911902426e-05,0.13418822961763338,0.030016595715831783,0.026640736272638195,5.019419693114494e-05,0.10877321591967117,3.875390645598286e-05,3.691737792324935e-05,0.00014979601941160714,1.962547772913593e-05,0.0026206704454256047,0.0027785877821015085,5.5963860562733046e-05,0.005127070054512976
Z_R_1876_FIE_0331,0.07242733579785768,0.22515827077908376,0.02831017326111156,0.007256553965447778,2.3612785077238083e-05,0.0001919917628308522,0.0007196374126285839,0.007200779928010519,0.02361546360074622,0.04764311707259256,0.0001828376284511103,0.00013610674855018084,8.393482646017365e-05,0.00013061432716454159,0.009172261419891128,0.023607810895641013,4.9422564481399695e-05,0.04196287858966989,0.0002709616433439648,0.11770966969237523,3.863504288726947e-05,0.1776660922114971,2.9829321505631947e-05,0.044389969446638394,0.1410284703420401,1.5105952881135638e-05,6.003240619725033e-05,0.030843245303355533,4.30760184477971e-05,3.2109253134373584e-05
Z_R_1876_KOL_0162,5.275187527418279e-05,0.17970003142894062,0.33445128525923945,0.00031140627930034947,9.143427491628233e-05,0.0007434374033777098,0.00026045287211802455,9.543604726087555e-05,0.0030292925723628215,7.622264285161309e-05,0.02849567318978503,0.010631649353548826,0.0003250154512695727,0.0030319224690369996,0.00015101859349274404,0.02826118926947889,0.00019137583021564328,0.17764708430330625,0.043993828033142245,0.11982126692159249,0.0001496040014425164,0.05895293536046227,0.00011550617066943394,0.00011003239015179395,0.008024926558278,5.8493813588198646e-05,0.0002324596405790584,0.0007031328838678885,0.00016680050659722596,0.00012433460385301642
Z_T_1866_SEY_0814,3.299676789271718e-05,0.00021465590034114114,0.0006249410741053124,0.036537804777946985,0.06010217818380207,0.0004650267182828349,0.00016291559159937642,0.01744113919069419,0.016116030201116956,4.7677942087777626e-05,0.00044285432397505486,0.016130978518006576,0.04602710457787781,0.1456884328272565,0.31928096391052907,0.0002961825430629781,0.00011970728655768073,0.011571568707977806,0.04173971204004208,0.13183399266577867,9.35786355605898e-05,0.000532568838874828,7.225013867177505e-05,6.882624019807208e-05,0.0002792694766722722,3.6588401456777546e-05,0.07125130913817208,0.08260663777646932,0.00010433520271970216,7.777240227095373e-05
Z_T_1868_DRS_0672,1.4896147705255986e-05,0.1434779597138161,0.012408880928759036,8.793533706037651e-05,2.581933736756667e-05,0.002349948629710732,7.354704326932282e-05,0.0028803036895507887,0.1470898250537338,2.1523855607049647e-05,0.1528543797705391,0.08004274669651842,0.005798486966233001,0.00014281989045628851,4.264483988892233e-05,0.0008470480079757784,0.0007673795539086132,0.0865444977154762,0.20003108512307408,0.07164224036356312,4.22453854237806e-05,0.0073738100930972,3.2616792677367986e-05,3.107109894282082e-05,0.040073034713464954,1.6517564210270912e-05,0.0007789808572610966,0.04228552794980532,0.0021871171030190847,3.510977788453066e-05
Z_T_1868_KLE_0213,7.536398490528777e-06,0.013763186440979028,0.0001427353425302066,0.010871457051870167,1.3062760856937866e-05,0.1614280341567899,0.004367996801799111,1.3634474201733255e-05,0.02713930101308846,0.024191118045832162,0.2040090440908427,0.07875126256552019,0.005820816267972429,0.2093936377801656,0.007239553931915516,6.764752468236345e-05,2.734091462084442e-05,0.00011663156633759039,0.10047980121960977,0.00015601961426403132,0.06317868641489324,0.000121637701196934,1.6501793078546943e-05,1.571978123505866e-05,6.37846127622762e-05,8.356720706896258e-06,0.015551864463548474,0.05243079835489975,0.0018283246239894837,0.018784507571320157
Z_T_1868_RAM_0775,2.2337379090801732e-05,0.00014531272382758777,0.31918775875865324,0.017246745876710587,3.8717146074561466e-05,0.0003148028960717634,0.015085809637241756,0.041757939621442135,0.00021305062243839694,3.227589654073481e-05,0.0002997931478863076,0.03980133753132504,0.055760995920191285,0.00021416423211910346,0.10061388684570816,0.07186907638790464,0.027892721938718276,0.03350577445486595,0.14699047528818446,0.006880512884573983,0.0653138411160041,0.033520612302449695,4.8910206663927166e-05,4.659237606839175e-05,0.02158265738907179,0.001094448963043838,9.843326114829546e-05,0.00029773625480670666,7.063040183944875e-05,5.2648539335031444e-05
Z_T_1869_LAN_0157,1.6509586425087917e-05,0.03647509527888883,0.4240753832834739,9.745983161171764e-05,0.007934636427025545,0.00023267123678376932,8.151310601841939e-05,2.9868315811197647e-05,0.0017386701034159792,2.3855157815085105e-05,0.0002215775120509231,0.04681046637587258,0.00010171905082680658,0.00015828906717122034,4.726380831211696e-05,0.0744647848379107,5.989428417845114e-05,0.2026496242039634,0.004281383628793173,0.19166748075444245,0.000837423141258894,0.0002664652277853345,3.614959842444229e-05,3.443648676616979e-05,0.0001397295509669472,0.0015995107292074014,7.275215348340606e-05,0.005754271632869188,5.2203023401579165e-05,3.8912605045247725e-05
Z_T_1870_ALL_0098,0.006067881095511509,0.00010276958517504043,0.08805440908306413,9.325725701538654e-05,2.7381945203677477e-05,0.00022263819842495026,7.799817168130868e-05,2.858036134639389e-05,0.02133296786249841,0.008344441200519645,0.11671462869226647,0.06067866681658504,0.015227541365338474,0.14313193427916904,0.03257517412647225,0.04326289600367514,5.731157709809609e-05,0.15079005626316414,0.086556402285891,0.15162913127120448,4.4802111390948286e-05,0.01084612094146256,0.028781987035652566,3.295154777051286e-05,0.00013370425981325468,1.7517220975314576e-05,6.961500100733936e-05,0.03501004781778901,4.995197190301719e-05,3.7234650930861976e-05
Z_T_1870_GTH_0309,2.2505897884884257e-05,0.1240876750892733,0.3118960400610731,0.0012106075575142252,3.900923794175321e-05,0.08761493918093503,0.00011111881261559352,4.0716541791670495e-05,0.02392516100785153,3.251939400482256e-05,0.017546057101214874,0.0023803539140847103,0.0001386635928915021,0.008837781060126523,6.443010843123428e-05,0.00020201536378149212,8.164799583108163e-05,0.09411255826163845,0.016613891256171628,0.038187175258066516,6.382659122799329e-05,0.23531277637803405,4.92791975384531e-05,4.694388064717727e-05,0.0012682297149043033,2.495562079397277e-05,9.91758663751169e-05,0.01323298413077289,7.116325531769991e-05,0.02268579867126443
Z_T_1870_LAA_0308,0.15918228406953194,0.014319752991145763,0.34338544933152587,1.241937166042614e-05,3.646542533561606e-06,0.07730255973361154,1.0387269730484068e-05,3.8061395017395766e-06,0.016744059617853017,3.0398787482415563e-06,0.035188921153402594,0.05099897553843987,1.2962126819558368e-05,2.0170881915880393e-05,6.02285876969179e-06,0.037698243304273744,7.632368774357008e-06,0.11679827284597943,0.026639039510949373,0.09353672290003374,5.96644261630165e-06,3.3955842563227835e-05,4.606567554897416e-06,4.388264588146371e-06,0.0037454429625735732,0.0003045736737444463,9.270855677306069e-06,0.010203483945618779,0.013808984350522156,4.95865934036973e-06
Z_T_1870_LAA_0310,0.12133197039683014,0.022913859562962078,0.19174219666152995,0.0009533694646308601,0.008752778296430123,0.29388458867797845,0.004857422445602832,7.0301815749861356e-06,0.00022314919193219823,0.008007313673212814,0.03150069050175284,0.000597081636480243,0.00039611391042181733,0.002270289130884459,0.0001972106221175359,0.04022946042653758,1.4097470233673916e-05,0.07933278150859426,0.0776751600651406,0.042880230943028126,0.007268375146040508,0.016996546343134668,8.508623063754586e-06,8.105403608998244e-06,0.011570221688363738,4.3088763872873665e-06,0.005413618415373258,0.030942074618589045,1.2287158592944991e-05,9.158958970202609e-06
Z_T_1870_LAA_0311,0.16548585972007987,0.1628486012822202,0.21050484754941162,0.010490818846772871,5.054570582090959e-06,0.1535143088376547,1.4398073661482397e-05,5.27579222777827e-06,2.7814018280155132e-05,4.213657609247154e-06,0.014003943723342975,0.0005877273277527208,1.796715225462626e-05,0.0558871808521923,8.348446364518005e-06,0.0001658239280807934,0.00015022748505377743,0.04543074743542023,0.029384093515406183,0.023241947918683236,8.270246418498998e-06,0.051018606679577715,6.385287058384393e-06,6.0826914507458095e-06,0.0010022175152178542,3.2335916664503546e-06,0.007134901317124755,0.03802314041729497,9.220884996311921e-06,0.031008741236142886
Z_T_1870_UHL_0097,1.228472380422821e-05,7.991656810789864e-05,0.5349829500075777,7.251950972782561e-05,2.1292983571640447e-05,0.07841492054772704,6.065360864154548e-05,2.222490623268727e-05,0.00011716988113669845,1.7750537022494556e-05,0.0013414433102461138,0.088365356262706,7.568877940738093e-05,0.00011778232484809283,3.51688295575975e-05,0.0001102690041943679,4.4567121164593904e-05,0.10019841948037321,0.0008326255770161753,0.1879169610292354,3.483940292503931e-05,0.004316264801570354,0.002380035348962413,2.5624065789285993e-05,0.00010397225567742437,1.3621891931844001e-05,5.413461541037382e-05,0.00016374381443487544,3.884408171845812e-05,2.8954729281253928e-05
Z_T_1871_HAR_0603,3.828201060786432e-06,2.4903831431665563e-05,0.0028223460815116944,2.25987387662897e-05,0.0003732809820244045,5.395121673772476e-05,0.2979184519260853,6.925789376442365e-06,0.015068982460360598,5.5314735391653046e-06,0.034699388133571624,0.013970779922829005,0.001490168760024927,0.015619141713449088,1.0959412092982769e-05,3.4362345100787e-05,1.3888134828051554e-05,0.029757538044533727,0.14215131279970614,0.05745928854169254,1.0856755215684764e-05,0.002994952090330617,8.3822772704445e-06,7.98504528058201e-06,0.218186532773939,4.244893249081842e-06,1.686958497739529e-05,0.16724142041,1.2104704770708394e-05,9.022956243520044e-06
Z_T_1871_KOL_0215,7.273884765630918e-06,0.08434265143623139,0.0008344191113842697,0.0366173603810912,1.2607748557055603e-05,0.18123297743487915,3.591349442682851e-05,1.315954753560501e-05,0.017137440367284835,1.0510237176455788e-05,0.18296972879514134,7.267248048148449e-05,0.007359700139229581,0.10561306901464917,2.0823749692771404e-05,0.0021552580869369097,2.6388554505034166e-05,0.03355203958406642,0.22342280849934623,0.0004989128360235543,0.00036895651246196613,0.023107036772684195,1.5926989719357914e-05,1.5172217523853522e-05,0.011556380842759301,0.003143016003468514,0.016403461036440324,0.0676725509199739,2.2999896354980855e-05,0.0017587834252087507
Z_T_1871_LAA_0316,0.18611434223110815,0.07364217987840631,0.45210872432251387,0.00020624594878046291,3.515839022698049e-06,0.08463392353322954,1.001495743477776e-05,3.66971553543856e-06,0.005458955106139682,2.930919968428115e-06,0.01032362520713378,2.0265691498905947e-05,1.2497523577451052e-05,0.0009908065258850208,5.806980638725576e-06,1.8207315411493805e-05,0.0001044946639196726,0.04859932293786966,0.03248372328238088,0.05725501604282129,5.75258661705326e-06,0.019654183116732917,4.441453739025598e-06,4.2309754346564356e-06,1.7167613573679417e-05,0.00019652093573593757,0.0056428186223384785,0.02246542131890924,6.4138281912038035e-06,4.780925451625074e-06
Z_T_1872_CRO_0216,1.9985758379753076e-05,0.00013001458121458242,0.06928734903651783,0.037443596441604464,3.464110643662886e-05,0.03186487479302506,0.007755212689278521,3.615723178296248e-05,0.05761464579428674,2.887797476735583e-05,0.013667170780544616,0.00019967523305055985,0.00012313648083595486,0.0001916175832141518,5.72154279768946e-05,0.030805540764294773,0.0010295723869983397,0.045291447581025004,0.1114172947958016,0.10281992524048232,5.667949072774802e-05,0.07880207101224057,0.08809393209535908,0.02683956539152365,0.06907797977200374,0.007678697780085237,0.20202922358180722,0.017493598737299124,6.319461829832002e-05,4.7105839137150896e-05
Z_T_1872_HER_0177,6.269342949868178e-06,0.03486663719179476,0.0001187379906348323,3.70093527771098e-05,0.0003110894561084746,0.07634496329819532,3.095375034724491e-05,1.1342180859892196e-05,0.11804738374034354,9.058746937399443e-06,0.0946543456053971,0.5071390626405188,0.0018399639631591887,0.0006605543582216994,1.794793738595505e-05,5.627429766040042e-05,2.2744228630765003e-05,0.15080890334442001,0.000424919222795195,0.012739149361452632,1.7779818951284456e-05,0.00010118738617597498,1.3727432304327772e-05,1.3076896050990309e-05,5.306083706080553e-05,6.951748652043683e-06,2.7626870158044587e-05,0.0015846787921458816,1.9823552710391476e-05,1.4776655200200122e-05
Z_T_1872_ROM_0225,2.395146477774036e-05,0.0024497622492970434,0.02339312103520804,0.06207802242460476,4.151482395181053e-05,0.07718485240923045,0.01846985055638653,4.3331788919631665e-05,0.000228445533312824,3.460813356942743e-05,0.04620044231664381,0.0013862707711574255,0.0001475700360004909,0.016287284814924943,6.856849171759389e-05,0.0002149909279302543,0.023026385441397283,0.0003706673494797492,0.14728914742376417,0.06472642750922662,6.792621025385831e-05,0.10361429653425086,0.3085886272611688,4.995911336674477e-05,0.025436156650836827,2.655853481210966e-05,0.0012525206472435767,0.0760195778852807,0.001222708769907863,5.6452891378010975e-05
Z_T_1873_CON_0217,1.4790640361103474e-05,0.013553654427378383,0.000988412893611146,0.04258447871302606,2.563646258897754e-05,0.41243095819410025,0.0029061705337648566,2.6758484796685777e-05,0.006515645874581939,0.0007296575086244841,0.11139942554078869,0.00014777145329957907,0.01992313915875088,0.07167870477007836,4.234279241413113e-05,0.0008410484846453493,0.0014702304146628473,0.00731175757680183,0.05483221373486177,0.0010144840847671204,4.194616722945579e-05,0.00023872138595327724,3.238577246742821e-05,3.085102666680544e-05,0.02633176701092342,1.6400572598333595e-05,0.03972919913636019,0.11706435240208446,4.676774602431715e-05,0.06803032703578783
Z_T_1873_DRS_0671,6.894443579432119e-06,0.00037500819394071074,0.00013057706105935765,0.38203274967603296,1.1950067108706397e-05,0.024528807737224514,0.01224986190246778,0.007275934710503336,0.009970478587611247,0.01057499706874707,0.006035363551601945,6.888153065393222e-05,0.04692482136514479,0.032421521884151976,0.008933985844470315,6.188526824807971e-05,2.5011999232840034e-05,0.0020876409006848405,0.07574316192764569,0.03216799240727561,1.9552600582286867e-05,0.011996941013086309,1.5096160517850066e-05,1.4380760908852028e-05,0.04760100933629964,7.644890260934953e-06,0.033046116153799716,0.22294810551817223,2.1800109963447827e-05,0.03270182732902367
Z_T_1873_WOL_0846,1.3997501497553362e-05,9.105880600951081e-05,0.0002651051657275327,0.10263924998321416,2.4261723273650858e-05,0.03840463624587111,0.015486118308577549,2.5323577740343635e-05,0.05040635882652264,0.012085710030795092,0.0008581671652591902,0.00013984730129035312,0.16699211261083569,0.0014748133404662524,4.007218658267565e-05,0.0229160029831509,0.07043277463437964,0.000886926810562007,0.0807149727043334,0.18127204811455463,3.969683017612949e-05,0.00022592010053645273,3.064910561982107e-05,2.919665960544322e-05,0.09463143154130135,1.552110212277381e-05,0.0014022916523625543,0.06922795793883829,4.4259854815625786e-05,0.08918351719397767
Z_T_1876_BER_0202,9.123453140226623e-06,0.04942893142277614,0.29158438535812303,5.385781229581274e-05,1.5813586119422056e-05,0.21377215870868127,0.00048194434337735763,1.650569388381881e-05,0.0005239170870862831,0.0013238795454777316,0.00012244716470018004,0.018440906710287325,5.62115227960205e-05,8.747298992010473e-05,2.6118712441456954e-05,0.019305446396981507,3.309850901165781e-05,0.1617937997437673,0.10765860310328922,0.07970448187660127,2.587405830896007e-05,0.009322130522377655,1.9976827933268662e-05,1.903013590017966e-05,0.012747285933502998,1.011652314711667e-05,4.020396671765178e-05,0.0224034529187506,2.884819919284714e-05,0.010943977173411615
Z_T_1876_EYA_0609,0.006284014557169253,0.003337996969019612,0.19128515678998717,0.000192656444481527,5.6567267521691413e-05,0.3661655974724453,0.00016113330922548337,5.904302759071122e-05,0.0003112753076357056,4.715634955650228e-05,0.000438009536265822,0.0065774388622829,0.00020107597503761897,0.00031290233501530526,9.343005329976493e-05,0.08312371104815545,0.00011839769927531079,0.08021014323624008,0.07097713239041574,0.017866922396688134,9.25548934429984e-05,0.041160704593961615,7.145972845135434e-05,0.08915022077447124,0.02684457406986276,3.618812753354436e-05,0.014209417086426005,0.00043500433487847723,0.0001031937846948322,7.692157896802702e-05
Z_X_1868_VOI_0598,1.4981643580301613e-05,9.746100593172071e-05,0.37980567500878176,8.844003859383112e-05,2.5967526475584144e-05,0.09634712779922991,7.396916373601977e-05,2.7104038242124982e-05,0.00014289270361390958,2.1647390960343114e-05,0.03248554503125972,0.11996095087750662,9.23050720700101e-05,0.001578505122374978,4.288959833081114e-05,0.006591371698192915,5.4351138481294494e-05,0.054756742321374355,0.008189743167126354,0.05626990753790455,4.248785121190994e-05,0.11646591151203493,0.0043374005632374766,3.124943033730669e-05,0.0008442305063245209,1.661236614387964e-05,0.002218317310932082,0.01024374987657826,0.10192282379745042,0.00720963890198208
A_L_1878_LAZ_0925,3.2381382379071393e-06,2.106525951714343e-05,0.0002163947947824963,1.911546414768614e-05,5.612631215911104e-06,0.020514373077758864,1.5987723659008424e-05,5.858277308700691e-06,0.11105828015073027,4.6788754547450785e-06,0.191085011146481,0.5500521437513091,1.995085397810916e-05,0.011350878517616327,9.270174371661415e-06,2.9065877640230605e-05,1.1747476092774773e-05,0.06409245101226543,0.007352517257921854,0.02255163461071562,0.0014047790911506182,5.226364979398524e-05,7.0902682798458364e-06,6.75426395946946e-06,0.0009578032806920601,3.5906032435145983e-06,1.4269378046122176e-05,0.019116303261491652,1.0238936449318993e-05,7.632195688567886e-06
M_X_1878_REU_0958,3.0491387487708546e-05,0.09802873596042616,0.4897293828392877,0.0060206171830013136,5.285040373710628e-05,0.13184365936581893,0.035194263386743745,5.516348911203143e-05,0.0032111321550726607,4.405784868207715e-05,0.01793108808610511,0.0528702121591067,0.00018786388185526963,0.0017524973729482138,8.729104753342503e-05,0.00027369397866454224,0.00011061814512863303,0.047196834565109765,0.01082755374476907,0.0006312371247600543,0.0015466282942434792,0.041376469191811045,6.676432617414028e-05,6.360039765181694e-05,0.009018994503290747,3.381031530123526e-05,0.00013436521335609205,0.000406421517831015,0.051201834819950796,7.186729503943297e-05
M_X_1883_APE_0934,9.16780482262421e-07,0.37936558943896626,0.10779746754058876,0.009488305042228862,1.5890460427686224e-06,0.06327610975555648,0.006721575702750519,1.6585932723393617e-06,8.74411682728764e-06,1.3246814622155757e-06,0.06476817133322453,0.009184736539863238,0.0010154009820916225,0.012038015302173638,2.624568287918845e-06,0.01739353309889102,3.325941021177974e-06,0.11631133495194773,0.08198379657457715,0.008799435877279885,2.599983941385728e-06,0.01770741682285272,4.59096768676329e-05,0.0014506875962203157,0.06199778248557323,0.005708313330869339,0.0017601312519176008,0.013490220633224151,0.006719948108273907,0.012953334242724
M_X_1890_LEH_0942,5.937892468477201e-07,0.1033652876880668,0.2307901523167039,0.007311314403967867,1.029208705025468e-06,0.04101171762060541,2.9317273361460267e-06,1.0742537271067016e-06,0.0017970719382544673,8.579824974251259e-07,0.05983532502081982,5.9324747149624945e-06,3.6584610313878775e-06,0.004896522534559531,1.6999057649415036e-06,3.3764971229597225e-05,2.154177638197041e-06,0.4640692867184514,0.028190949876183317,0.0006094288657903635,1.683982737679712e-06,0.0010048107010439914,1.3001684154654899e-06,0.0018495171281703556,0.04100837484918759,6.584220434867845e-07,2.616628019089301e-06,0.010017054007299,1.877551208774906e-06,0.00418135262658005
M_X_1890_LYO_0943,2.948941302104957e-07,1.918392893251311e-06,0.007829022984370123,0.029968049695261616,0.3170615699080287,8.88863459897617e-05,0.011722491029352395,5.335076715556563e-07,2.8126566567806227e-06,1.454782964794645e-05,0.004565276272543315,2.9462506779165e-06,0.03101313371698006,0.036931148607508874,0.0070617087094402555,0.0009770463002145508,0.0005094520741505444,0.014959474689846087,0.04080354038913791,0.029351057734839377,8.363179821019939e-07,4.759600244115708e-06,6.457039025905125e-07,6.151043127878237e-07,0.014124224815551064,3.269927787615307e-07,0.18707184312673833,0.2016057333968576,9.324500798501899e-07,0.06432517050221152
R_X_1902_WIL_0987,3.522304945514026e-05,0.0002291386664941341,0.046209143572873174,0.00020792964647089223,6.105174404761472e-05,0.32266415166123463,0.00017390745537791916,6.372377465257795e-05,0.0003359522431029632,5.089475786044372e-05,0.022400381453888868,0.00035190911823649397,0.02720489097461359,0.0020244504013548666,0.00010083689650070076,0.07959304671136712,0.0001277838995707353,0.14054470184948245,0.03274868228061146,0.14241553287505726,9.989235670026638e-05,0.0005685010911051984,7.712483282759221e-05,7.346992499962774e-05,0.001984853845735932,0.008472767735490466,0.0001552160444322166,0.11854144028685729,0.05071363902256493,0.0017697618270333915
V_X_1886_GOL_0979,2.833961559794592e-05,0.0069699195715921345,0.5881662443712569,0.00016729517584520036,4.912075997557022e-05,0.06282654620612743,0.00013992174190664597,5.127061131956151e-05,0.0016274110936960442,4.0948693995176635e-05,0.00038035001937602753,0.0464249464686708,0.00017460636052270284,0.0002717119133991836,8.11309335541555e-05,0.000254379442390158,0.00010281184194608925,0.1863629249236447,0.007349231115987279,0.0019438028571191115,8.037097962411995e-05,0.00045740225897968035,6.205277933625466e-05,5.911212869717944e-05,0.00023985348028218636,3.142432725531454e-05,0.00012488308371610287,0.0003777404222981873,0.09508745118930828,6.679563257994447e-05
Z_E_1877_HEL_1034,1.5833609863725773e-05,0.00010300335451032415,0.007123961386824038,9.34693887170543e-05,2.744423074388022e-05,0.00022314463214817608,0.04178089473538198,2.864537291633198e-05,0.0577765941735069,2.2878420594939587e-05,0.037365836733302765,0.00015819163223618177,0.1358209492413357,0.3542458050786525,0.07586845432814962,0.00014212418775538373,0.0008156732005081915,0.03739836889653372,0.05566581005301436,0.0003277896871363989,0.016725991679172825,0.0010137862026172479,3.466947162971874e-05,3.302650245098338e-05,0.00544162719591876,1.75570672887588e-05,0.005377392153675026,0.1662636924377127,5.006559734237253e-05,3.7319348359413466e-05
Z_E_1877_KRI_0749,3.1503383525485126e-05,0.00020494089531562364,0.0005966571757082191,0.0016945884309213183,0.22332989321413793,0.0004439803044738604,0.05597436445762576,5.6994341592385464e-05,0.0003004746188770191,4.5520109732585124e-05,0.0004228113995730126,0.009366447291687518,0.08467664068425408,0.0003020451913567348,0.0015988050155924822,0.036489581341663954,0.00011428951379368632,0.00048753910374149694,0.003643831518469715,0.07004856113710368,8.934340646459296e-05,0.011068783279817952,6.898020544760035e-05,6.571126749828094e-05,0.003283863789275983,3.4932465125824904e-05,0.20681932849218834,0.28856572227789895,9.961314748083192e-05,7.425253965498038e-05
Z_E_1877_KRI_0750,2.5470599658167094e-05,0.0001656954559800795,0.0004823994871326345,0.003809525199552382,0.04029497915227151,0.057685901129367084,0.058672420096940445,4.6080131561300834e-05,0.006341545609492805,3.680317355297973e-05,0.023516565557488316,0.005133362235612924,0.10871220184593425,0.0014639267893711723,7.291748617087907e-05,0.0051075154799190255,0.0025318478025886204,0.0003941771308169362,0.059053270264541734,0.12249951188860995,7.223446765061412e-05,0.030904150214688057,0.11105048716162666,5.3127797721329594e-05,0.00021557144809432224,0.006126853816622599,0.09647029081732915,0.2589205967220647,8.053759045029927e-05,6.00334471890685e-05
Z_E_1877_RIC_0782,0.014710214549594704,7.131598518005887e-05,0.00020762666345753618,0.007414340945645701,1.9001442839538826e-05,0.08887498237339839,0.014753377998124885,0.018393897949809307,0.006929212783177451,0.013665145570180651,0.008021730490004222,0.0006344997355365744,0.03839059279047653,0.0043048929049344445,3.1383976901302264e-05,9.840190657746914e-05,0.4914147629782346,0.0017445752560304626,0.00599275163181111,0.09367219455550573,3.109000300575513e-05,0.005426670289749801,2.4003951489732046e-05,0.0010728129804772454,9.278281113144586e-05,1.2155910421780677e-05,0.07564446131229693,0.10776564463648583,3.466370017824576e-05,0.0005508119173425419
Z_E_1878_BOX_0200,1.4543418727928043e-05,0.0613819716283487,0.010722153880318728,0.05023005790713202,2.5207955912095903e-05,0.07611771634348272,7.180550754671927e-05,2.631122381600955e-05,0.000138712979699719,2.1014187756901378e-05,0.015517029653570201,0.00014530149262651033,0.023072365613694253,0.00013943802858840703,4.163504386246201e-05,0.0022198851601889875,5.2761324953183494e-05,0.0002250705968206681,0.12982846231911402,0.014926473032524486,4.124504816261762e-05,0.0002347312212634187,3.184445286492465e-05,0.004209019094032987,0.23482582520990047,0.17830663242961703,0.09756670838095262,0.09978581242281798,4.598603554594792e-05,3.427840615725838e-05
Z_E_1878_GRI_0697,8.306869122135682e-06,5.40391857840603e-05,0.00015732764277150659,4.9037331706485126e-05,0.03064459853032516,0.006879581288473386,4.101366842265852e-05,1.5028371029646396e-05,7.922969072562693e-05,0.6726830254535282,0.0005092824835895395,8.29928990617285e-05,0.017156357178601138,7.964382211647491e-05,2.3780987588268633e-05,7.456335206784014e-05,3.0136065618115322e-05,0.00012855519228363837,0.04392265149331693,0.04392939903865229,0.0036037115151831695,0.0013274575487413837,1.8188825279916436e-05,1.7326865811613237e-05,0.0004681003314064256,9.211055557859412e-06,3.6605557630554836e-05,0.0916035289056527,2.62661748157265e-05,0.08634105267513596
Z_E_1878_GUD_0707,3.6074937090000656e-05,0.0002346805034354063,0.0024107768213835045,0.10559270789352727,6.252831199517597e-05,0.0005084076616766266,0.01572594536993133,6.526496703974759e-05,0.0003440774215366909,0.05533330566662127,0.0004841668714153357,0.0003604202219330124,0.0002222653108896449,0.07290242464516138,0.00010327568889929898,0.00032381252136248214,0.00013087441914988736,0.0005582874132285436,0.002445062322039815,0.0007468285781934805,0.0001023083049161754,0.004037324333028449,7.899013672497844e-05,7.524683306436004e-05,0.09186477604891712,0.04150088661791867,0.15563728875425578,0.3356229986888133,0.00011406831986160864,0.11237492441598956
Z_E_1878_GUD_0708,5.646017852480753e-05,0.0003672938662983128,0.014587996365386914,0.00033329723411081486,9.786183824229187e-05,0.0007956988884007992,0.25713350880411195,0.00010214492353200001,0.0005385088433515733,8.158087273043184e-05,0.0007577601016381118,0.0032678208180407977,0.016570268155670843,0.11139442488766206,0.0001616347609416385,0.0005067926444080034,0.000204828993910603,0.0008737647120602641,0.08764247872184847,0.009280049334273387,0.00016012072718870547,0.0036150031785795074,0.0001236259181842736,0.00011776734683253972,0.0004778529994425963,6.260575838529127e-05,0.029989876827973733,0.18731021931937536,0.00017852609659010097,0.2732102268823039
Z_E_1878_KRI_0744,2.2800780416289137e-05,0.0001483273169254691,0.0026155771704994323,0.005593954743245253,0.04480624420584136,0.014515660731586664,0.06780859617529049,4.125002847924871e-05,0.0024012131027166756,0.037156570134923635,0.00030601252311102963,0.00022779976905802177,0.09731702732274118,0.00021860718796600726,0.01862708662957539,0.03951202954502822,0.0688706105318739,0.0014447309369088994,0.14021303245022312,0.10638354246588244,6.466287631595222e-05,0.0003680052904340107,0.04700039135401155,4.755896076662034e-05,0.000192975325197892,2.5282600711421408e-05,0.01211105976162901,0.29183355364741737,7.209566872232969e-05,5.374076250112688e-05
Z_E_1882_FRB_0675,4.0402319935981805e-05,0.0021975959126574332,0.24648025417874855,0.00023850405432930525,7.002891952336159e-05,0.0005693938967576751,0.009873300268821925,0.061985548886935235,0.002320115579818921,5.837842895348437e-05,0.008281302172732909,0.0004036545672028743,0.11053048776371911,0.00038736558079380853,0.10265816781672929,0.07001416749129014,0.00014657351004487742,0.1437978092633852,0.049172701982894376,0.10337891833845912,0.00011458073667651745,0.012260679993652384,8.846542872098649e-05,8.427309564119418e-05,0.0022767108851185548,0.019392442232045323,0.01565615309353189,0.03729904510360575,0.00012775142870272808,9.522706857099395e-05
Z_E_1882_ON_0821,0.0885872335640303,0.00016041266612914107,0.01936036871249734,0.029666423252037093,4.274037718886047e-05,0.10308010217854616,0.00012174705824964205,0.04609714999687805,0.0002351894415410298,3.5629795378074425e-05,0.06763850270349137,0.07700059203439279,0.06627864912028117,0.013225596441493608,7.059269244843823e-05,0.05572055133103655,0.002451126096634029,0.13499672381560607,0.06779801178399995,0.008776324852944793,6.993145028459485e-05,0.006302161135651944,5.39926335783013e-05,0.03665729829560963,0.015559544824362897,0.00238901123306155,0.00010866179809084507,0.01686035572024766,0.1405972555651206,5.8119429187480176e-05
Z_E_1884_GRI_0698,4.695965656828174e-06,3.054895374343657e-05,8.893906915615168e-05,0.01149649105406261,0.010127642148401991,6.61807091429002e-05,0.044548997276259404,8.495705565558113e-06,0.0002696672641562478,6.7853305923900105e-06,0.0005127808989347817,0.006568374093169199,0.087956167235278,0.0002699013772450955,0.021826593878836533,0.002965563378963758,1.703625362261707e-05,0.0045702304290842054,0.061709929529503854,0.01089135275404546,1.3317730398144847e-05,0.0012001822154225782,0.2757105109198833,9.795070272021673e-06,0.046139701148790624,5.207112321967503e-06,0.08142647064527593,0.33153252503934155,1.4848561239783317e-05,1.106825163303441e-05
Z_E_1884_GRI_0699,6.7913024530772714e-06,4.417987686836614e-05,0.00012862362348334415,4.0090598059765215e-05,1.1771293670733101e-05,0.0007461468598994961,0.019546621683516775,1.228648381704044e-05,6.477443969204684e-05,9.812940652586346e-06,0.04009298328508613,0.011450487390927187,0.09858295145338898,0.0003903311947582712,0.05563175113713139,0.016321868505921152,0.0003498559996865545,0.026122555101417307,0.06322740514373898,0.06518423070219914,1.9260092967424403e-05,0.0001096118284567325,0.27319814225277506,1.4165624203345632e-05,0.0062366238989231505,7.530522424968563e-06,0.024421290534135377,0.29799037535196643,2.1473979526613543e-05,1.6006898252632068e-05
Z_E_1884_ON_0828,3.169464381600287e-05,0.033597252360899846,0.04765132884734204,0.0001871006680462353,5.493599537426014e-05,0.008035554674754508,0.34620936534358404,0.01675287398425435,0.012444505103376885,4.5796467013535936e-05,0.04747642763557015,0.006387760391188999,0.07456629081497586,0.003339430506889934,0.0031262873097489398,0.00028449453708376526,0.04564825689759017,0.018703808412071515,0.10687470690826936,0.05984940268821237,8.988581949976548e-05,0.03997372290093519,0.025871587319599376,6.611020738046353e-05,0.09285257172175479,3.5144543724400235e-05,0.00013966755629927585,0.00952911449708969,0.00010021790917289456,7.470333448133937e-05
Z_E_1884_ON_0829,1.2350112180417035e-05,0.0219627126151367,0.01383645923829593,0.001847151782840403,2.140632056172285e-05,0.031519068803347955,6.0976451958356394e-05,0.05502397759541262,0.00011779354581063513,0.00593199925417322,0.06640428005507999,0.00012338843895578992,0.02668978571156388,0.3117943374696506,3.5356024051660225e-05,0.00011085593730276605,0.0024104660345815126,0.0025567891843924226,0.05997859978227471,0.0032127509308584623,3.502484396717918e-05,0.051652473037180055,0.015995258397548805,0.0012085913031344626,0.009567172449923509,1.3694397704724001e-05,0.08226116663575837,0.17522358075607125,3.905083861984175e-05,0.060353482051662063
Z_E_1885_ON_0825,2.3626279846952134e-05,0.055592414064730485,0.046834966602684616,0.0001394712863307241,0.0056979630797811855,0.06595430548962185,0.00011665049652963665,0.01814518154617527,0.019459184412094033,3.413826487354946e-05,0.00031709166860481423,0.009287266264241716,0.0001455665029227213,0.07037346933803523,6.763754906167075e-05,0.000212072032962124,0.08720369576258409,0.09879764184371674,0.05025162807803841,0.04687661221390604,0.21729626077403763,0.17122308811977752,5.173239999718923e-05,4.9280827050097253e-05,0.00019996197294303063,2.6197954138449192e-05,0.0001041130100664052,0.025205768429761532,7.470588347800677e-05,0.010238307852008218
Z_E_1886_GES_0679,2.207760336284645e-05,0.033975309376825476,0.2372399440743108,0.0001303290979393415,0.0053244679088900355,0.08171863770336354,0.03182621036188469,0.11633636433904543,0.02769881827265909,0.0032036211570344933,0.06373071901330894,0.010792976655563565,0.00013602477983257506,0.057302644695951026,0.02226524830598147,0.020285734857635743,0.0011373344139152565,0.12298153178351182,0.00043912043943313694,0.00045705374588066725,0.018035695450406907,0.000356333190763367,0.1216309650740554,4.60505234024576e-05,0.008644776334019789,0.007425162148375346,9.728851753420063e-05,0.0066377149239226895,6.980899553304944e-05,5.203625565681013e-05
Z_E_1886_KIL_0737,1.3285096485247545e-05,0.004539750441286528,0.000887802038201078,0.012166024316408636,0.007657300211698201,0.04153954184891115,0.06877405240175227,0.1399857117612826,0.0001267112880087921,1.9196003163508982e-05,0.00145068005517354,0.010311760807972492,0.08723980571072468,0.04147968727262793,3.8032706423981484e-05,0.03892680436118067,0.005137711850446846,0.014201764794859458,0.10269073871784684,0.0002750299936625738,3.767645384003333e-05,0.013574400123984412,0.05092424449861679,2.7710691081050483e-05,0.013472417212280645,0.03182420320571181,0.02232517335560668,0.24574620208665113,0.04457526811612039,3.1312577990014277e-05
Z_E_1886_POL_0772,2.4864054884357307e-05,0.00016174966301809394,0.001661588128380429,0.00014677815299671046,4.309660686020185e-05,0.0003504115883007122,0.0001227617875852164,0.011951745538409483,0.0038091785041266374,3.59267602420345e-05,0.0003337040237665527,0.0002484136883514798,0.27043670683173315,0.162170362484152,0.19057938485951617,0.00022318243503272959,0.004852908127891192,0.0015754666573942722,0.001685218843741883,0.005277444364184537,7.051431031508145e-05,0.0004013066031962728,5.4442647812604014e-05,5.186263755689022e-05,0.0002104379319235597,0.016697038290693588,0.09179164054197415,0.23370396411658284,0.001269295980211957,5.8603839165111376e-05
Z_E_1886_RIT_0105,2.3844065982827603e-06,0.020225930792045127,0.006667782676102761,0.09238825234017191,4.132867074135705e-06,0.0008328858001629822,0.001838703141733253,4.313748840588157e-06,0.013610538188461228,3.4452950081735663e-06,0.11798320600562075,0.00036637179134426653,1.4690832932915552e-05,0.02731263629165014,0.00023519242345071818,2.1402690477796913e-05,8.650266743054475e-06,0.09857696782834,0.016033067949258333,0.023000177542656947,0.005487553855099905,0.009173137215639409,5.220926726397586e-06,4.973509581206541e-06,0.5095054415856238,2.6439445868701074e-06,0.00012469043223396265,0.056552446224331546,7.5394519428957695e-06,5.619975560700068e-06
Z_E_1886_SCH_0400,2.537773828900246e-05,0.06092885455475241,0.005341741798283673,0.18608692592094356,4.39869689448886e-05,0.0015729262433141409,0.0013405732706807012,4.5912131429168225e-05,0.014825352286325774,0.0024672195234151954,0.04530578300664002,0.0002535458355328765,0.0001563576085083361,0.0014585895673252748,7.2651641719129e-05,0.018456922271269313,0.0025226171265692017,0.09032310955906508,0.08678930339867322,0.07708771524399273,7.197111336540145e-05,0.00284014799681569,5.556741546680791e-05,5.2934103026139234e-05,0.34656823572672296,2.814005540185031e-05,0.00011183109397929001,0.055025648259423326,8.024396442583159e-05,5.981457569894e-05
Z_E_1887_HIL_0483,0.00255820779024285,0.02043923114745652,0.010497020485546052,0.029743836936329565,0.018661159341824222,0.031582349092964986,8.731151362202797e-05,3.1992988492269275e-05,0.031501794153306055,2.555208650811044e-05,0.23565921147806065,0.008645091220458501,0.00010895480157359724,0.30672608742782936,0.02122165756934122,0.010320828601886156,6.415484410257608e-05,0.04600310175760151,0.00627962095820859,0.03508658846410594,5.015169041383821e-05,0.00028542014287026135,3.872108804875275e-05,3.6886114764168104e-05,0.02386122463164802,1.9608858064717535e-05,0.03564526055218196,0.11201875815479224,0.007677487867741349,0.005122728240013902
Z_E_1887_KER_0500,1.7374999155643523e-05,0.05086774303012409,0.04109925195664233,0.04919319200983352,3.0115904718268698e-05,0.00856531223677208,0.005910097182186571,3.1433977123220974e-05,0.0009977646408479571,2.5105616592854138e-05,0.04100337113764656,0.00017359146146643571,0.00010705104154171526,0.0825389884516313,4.974132048926575e-05,0.001820048794611523,6.303387076050998e-05,0.07931311568324094,0.13763292306907238,0.0003596997517458994,4.9275393248754664e-05,0.00028043301561710024,0.0017021334475730294,3.624160612383984e-05,0.43197813147940284,0.008339710886442822,0.0017406546646931307,0.05597857157022462,5.4939443313138406e-05,4.0952357157636586e-05
Z_E_1887_KIR_0487,1.0888338561213501e-05,0.017277521216857272,0.00020621928844033588,0.01570672054870987,0.006275850330662335,0.0006748652411016433,5.375920829585007e-05,1.9698636079179335e-05,0.0001038513649410995,1.5732861383318482e-05,0.24677533777506158,0.002715858076311675,0.021445092452292393,0.2561190645553567,3.117124398783271e-05,0.0006191497070875249,3.9501246562149204e-05,0.03771037154080606,0.1613337429711277,0.07426631459382368,3.087926276273268e-05,0.008518375032118799,2.3841243285120135e-05,2.2711418512520866e-05,0.10489653015108125,1.2073512889816109e-05,0.0005693960260323151,0.0382084122420733,0.006291406423073452,2.5663490721221113e-05
Z_E_1887_ON_0831,2.633797497361036e-05,0.014045182135005562,0.040859100823893116,0.00015547903744100178,4.5651337169691934e-05,0.009199993565009699,0.0001300390022533799,0.16779503696653658,0.0002512077150629227,3.8056468123906456e-05,0.07981277458939794,0.0002631394411464128,0.026648703454335277,0.04187405303818009,7.540061685557484e-05,0.10492087244574018,0.08081609761993723,0.11644338735854384,0.03962287379446596,0.05225685327251242,7.469433883563499e-05,0.03952411087859314,0.07068814896098875,5.4937010732636465e-05,0.009051722388977767,2.920481196904468e-05,0.024079975049273356,0.065936505220287,0.005128314430248095,0.01015214625351009
Z_E_1887_SCH_0508,6.696073160227568e-05,0.00364218268433294,0.09746556807725454,0.0003952843795431693,0.00011606233731209694,0.029802894550828112,0.0003306065381427722,0.00012114199756127218,0.0006386615676263404,9.675341214838072e-05,0.010518426296772649,0.0006689963640041552,0.00041255921777069975,0.20265647212858184,0.025844327251288685,0.000601046739965609,0.00024292341335027334,0.07478758413391068,0.010951576351217098,0.049484914654051325,0.00018990023264862962,0.001080748247694401,0.10917030152211858,0.00013966990379424567,0.0005667248541723799,7.424927610089769e-05,0.12535165134326717,0.2542122586748832,0.00021172866168886145,0.00015782445636679937
Z_E_1887_UNB_0513,2.3814889404664432e-05,0.019542309441446908,0.08484318760295706,0.008123625565035833,4.127809928290137e-05,0.020863444984854422,0.0012580161327436046,0.07531175579873113,0.0059293149502383695,3.441079203739308e-05,0.1348908834671593,0.00936140689043433,0.0001467285662653987,0.020756149556768473,6.81775023804287e-05,0.00021376501266943474,8.639681921491627e-05,0.1463441582886043,0.003894978047135164,0.021020838682990112,6.753888331610558e-05,0.000384373040396296,5.214538186086272e-05,4.967423790672919e-05,0.4073366428375528,2.640709347714442e-05,0.00010494414848125191,0.03909220003577676,7.530226359931949e-05,5.613098727850336e-05
Z_E_1887_UNB_0514,8.444597013356938e-06,5.493515549201193e-05,0.09357408327436563,4.98503706731223e-05,1.4636931878976816e-05,0.0017365715315813674,0.00044608392240699465,0.13346405916893014,0.01908688494474488,1.2201831666255886e-05,0.0696684586851294,0.002510710405476409,5.2028946740195474e-05,8.096431669844357e-05,0.00932515096555571,0.01139872653842595,3.063572159033092e-05,0.12508727307041892,0.051121133018992834,0.04142262650208487,2.3948826410461522e-05,0.00013629605301924025,1.8490396005632977e-05,1.7614145249223257e-05,0.4157846454696626,9.363774860313e-06,0.0008459929724934146,0.023971583129989576,2.6701667997890517e-05,1.9903664445990936e-05
Z_E_1887_WID_0844,3.44104672600427e-05,0.0018716821787244887,0.04843877572071488,0.00020313278954996148,5.9643303808619305e-05,0.06145464728748427,0.00016989547731182934,0.018188379875584505,0.04646743224041008,4.972063538380044e-05,0.013644465009284401,0.06296131752738324,0.008451158425929783,0.04646914774290044,9.851062810620187e-05,0.005252361020112117,0.00012483597418614994,0.03513695117640015,0.0006844193754181729,0.091343001401883,0.5059812913742764,0.04010329766366379,7.534559261628134e-05,7.177500210529162e-05,0.003586893684480226,3.81559792316394e-05,0.00015163527002312624,0.008697807430676037,0.00010880529538314688,8.110444970794226e-05
Z_E_1887_WLK_0847,9.911578303653683e-06,6.447839895985954e-05,0.0001877199734017396,0.06603350445675486,0.019002789466302746,0.0001396848547875115,0.054157924649177396,0.0038150534966177535,9.453516987630333e-05,1.4321513485700354e-05,0.0015569454421571617,9.902534945513404e-05,0.3161714710156611,0.0010443097941342868,2.8374965002306555e-05,0.007208571081190949,3.595770798194559e-05,0.016291157658187394,0.019182749735636197,0.02061472149952779,2.8109176538850373e-05,0.011551339074366356,2.1702516719923685e-05,2.0674045145489346e-05,0.03568190547620447,1.0990434191113867e-05,0.009536481882805922,0.34756877192530994,3.134023716947605e-05,0.06979547742494674
Z_E_1888_BOR_0475,4.578588622573518e-06,0.056378821538825,8.671601112510763e-05,0.059007148012482004,7.93601987927499e-06,6.452650297280854e-05,2.2605955727602454e-05,8.283352921595309e-06,4.366990200431966e-05,6.615729270835611e-06,0.22019542774938816,4.574411102563846e-05,0.004413348653242444,0.09695547008935501,1.310762907231348e-05,4.109790468818467e-05,1.661042748350864e-05,0.04436076109430076,0.07902356950774418,0.08757830967897937,1.298484983398136e-05,0.0002931555098916092,1.0025335329129644e-05,9.5502396274078e-06,0.3015170574004217,5.0769590274060926e-06,0.0055016000401805504,0.04435093219201811,1.4477417111260959e-05,1.0791597448142576e-05
Z_E_1888_GPF_0107,5.0127229927512046e-06,3.2609574691321175e-05,0.02289935954051609,0.018513174785769693,0.0002487350400045041,0.017834088728489763,0.0005048424950023323,9.068767052457977e-06,4.781061150350817e-05,7.2430220234756055e-06,0.0003073230091577967,5.0081493670487516e-05,0.5653404850902577,4.8060516240708355e-05,1.435047326752599e-05,4.499474156046062e-05,1.8185401360476412e-05,0.05816883831744087,0.024824495932250758,0.09516220378072816,1.4216052300334147e-05,8.090550179127945e-05,0.004811906712452193,1.0455777907315606e-05,0.03196861514373711,5.558348073566348e-06,0.029307767197108696,0.12729148084546713,1.5850142393547666e-05,0.002412280234787934
Z_E_1888_HEI_0989,1.3464988438078989e-05,0.018142106856564488,0.12212297727729106,7.94868794432514e-05,2.3338723944747004e-05,0.029850747810822708,6.648095244966616e-05,2.4360181818456816e-05,0.0001284270708840615,1.945593401907159e-05,0.011787187683188967,0.02463707935570135,8.296063923406404e-05,0.023342042664775884,3.854770289673367e-05,0.24514638645007025,4.884894286293833e-05,0.1265899667413889,0.09311959397122582,0.08474807926796112,0.06258417545935918,0.0015069333407118088,2.948310831618678e-05,2.8085918339536302e-05,0.09490015073545043,0.0006597346346475015,5.9335641746349434e-05,0.05627742437909918,0.0019769880836027,0.0019661486037455124
Z_E_1888_JON_0484,5.370148239173181e-05,0.005492602039805842,0.06530775836498369,0.0003170120254038969,0.018094470930033215,0.00332844755497506,0.06969907698564,9.715402883553297e-05,0.0005121968071059151,7.759475642661074e-05,0.0007207352477179345,0.0005365248497446343,0.0671931745365742,0.14966925422251587,0.06444441824894807,0.0004820302907469131,0.00019482086130799894,0.04197710767730342,0.019069505676140124,0.06283078974104699,0.0001522970815244136,0.04715603396129701,0.00011758544237718699,0.00011201312619778267,0.015884268129970628,5.9546783580776784e-05,0.00023664423739366293,0.2861664143853588,0.07989024772501632,0.0001265727996358732
Z_E_1888_KER_0486,9.856702663666003e-05,0.10448394017614301,0.0065869304934759116,0.0005818635047016581,0.004890969109812828,0.0013891148695766493,0.00048665692072971786,0.00017832252149458763,0.0009401177412747553,0.00014242222156505055,0.3034108124238853,0.0009847709374248422,0.000607292280627086,0.005665155621720931,0.00028217866474057466,0.0056048721600161925,0.16084179925356465,0.1572894896581315,0.006680608268935665,0.1672448857669739,0.00027953549553436,0.01103112263457709,0.0002158236032728235,0.00020559582905093715,0.048035465119171256,0.000109295854451823,0.009874599311523237,0.0013138057620339528,0.0003116672135601507,0.0002323195553928807
Z_E_1888_KIR_0488,3.21421427109054e-06,0.04758235545225105,0.0009843987131225535,0.018643359170955123,5.571164053888382e-06,4.5298240094387763e-05,1.5869603386744106e-05,5.814995267713343e-06,0.0015698620675265985,4.644307053739854e-06,0.07069266475298572,0.0001860333527655862,1.9803453362858217e-05,0.043282487743096704,9.20168460138062e-06,0.0004906127435057411,1.1660683557196062e-05,0.06423460622503017,0.2263271191564781,0.05517009325281462,9.115492367796875e-06,0.005439096299209932,7.037884060709641e-06,0.00016062489885892802,0.3015575349418087,0.11636748978733219,1.4163953230444888e-05,0.047142526670056355,1.0163289284851703e-05,7.575807609067889e-06
Z_E_1888_KLA_0489,2.562688807434455e-05,0.281196980673979,0.017666249283473833,0.0001512813302617091,4.441881766779932e-05,0.023678084113063533,0.00012652813890915443,0.0012735692934132462,0.006380457536684395,3.702899900593701e-05,0.032251308846581346,0.0002560350601350851,0.00015789267298700702,0.0039273223164636726,7.336491020400875e-05,0.00023002970791951232,0.0013201768891978462,0.1648422551144148,0.12323035648407,0.3183769924385782,7.267770066020352e-05,0.00041361875411867737,5.611295697558647e-05,5.345379159160741e-05,0.01862499039171976,2.84163246533905e-05,0.005021754663413435,0.00034158231574929785,8.103177168761418e-05,6.040181434589922e-05
Z_E_1888_SCH_0509,1.000177596630784e-05,6.506516735331689e-05,0.022221569048018506,0.03406517308432744,1.7335973908059778e-05,0.12467044738062158,0.0014862607118214623,1.8094711493231017e-05,9.539546186010506e-05,1.4451842581885166e-05,0.07772568757020702,9.992650311509874e-05,0.01203561260930306,0.0408074585747696,2.8633183768550685e-05,8.977701847886325e-05,3.6284931468963464e-05,0.10696277200139784,0.0945539716087015,0.032776309803012056,2.8364976568397913e-05,0.07296328545686136,2.190001465838302e-05,2.0862183753953173e-05,0.05708084071139618,1.1090449692704304e-05,0.0019599127664472558,0.06766661535124989,3.162544060056549e-05,0.25243527368659696
Z_E_1889_DIE_0477,1.668103117254168e-05,0.00010851613638652405,0.046647031908025945,0.0008972840145236973,2.8913057255117255e-05,0.00023508742459144995,0.003277608006340363,3.0178485050406356e-05,0.003354349634257389,2.4102883070083736e-05,0.02418824166740579,0.00016665811342316772,0.05681843486277082,0.16391641449735342,0.173389981558711,0.014528348635289623,6.051625980888209e-05,0.08253579868140878,0.048260509716168486,0.04108475051658621,4.730730421674561e-05,0.03062409236779115,0.02160445184987468,3.479409443875504e-05,0.01292217427168884,1.8496728747444504e-05,0.04800223399433168,0.2111087383614141,5.274512869319363e-05,0.016015558809203693
Z_E_1889_DNT_0478,5.990574301898482e-06,0.01639075172747313,0.007572165328587265,0.04909070634809373,0.011198443999711837,0.004674399336411278,0.032159392436220235,1.0837846602120193e-05,0.005794604187108207,8.655946411693385e-06,0.0009410203975088884,5.9851084812977354e-05,3.690919422249114e-05,0.41860565163909186,1.7149875726394275e-05,0.00034064538895942683,2.1732898110930333e-05,0.006977669116518197,0.05376446789327141,0.1292170246584276,1.698923273996549e-05,0.0009573080978440624,0.0014474837805235543,1.2495427042048712e-05,0.14750360270560983,6.642636582684624e-06,2.63984311807584e-05,0.11310794811400893,1.894209112323296e-05,1.4119605773392042e-05
Z_E_1889_GHR_0692,2.581698468934663e-05,0.00016794881579320676,0.0004889598337139468,0.00015240351367751576,4.4748310146813836e-05,0.08937813651922759,0.00012746670666811784,4.670679398864185e-05,0.013845644797305838,0.021054567818547976,0.0003464934304731826,0.0002579342918370513,0.008813231486981312,0.03610050567875211,7.390912068517424e-05,0.0027043553466353626,0.11012521945878168,0.030070969438003282,0.10559981692884407,0.022788040759479145,7.321681351860284e-05,0.06965002762789452,0.21764702856486512,5.3850304223617694e-05,0.00021850309178436886,2.862711291264924e-05,0.03596674671385784,0.17837270651843254,8.163285385805758e-05,0.055694784364421296
Z_E_1889_GRA_0999,0.002591343689198889,0.05659466090434592,0.0851378424612877,0.001440354158023245,4.6412330504604616e-05,0.00037737120468931334,0.0014144900455047495,4.844364295096572e-05,0.023336495284829523,3.869085739677614e-05,0.00035937821026165904,0.00026752589230600806,0.00016497888299806906,0.007950430217661014,7.665752126260482e-05,0.0028049200905717773,9.714298375192583e-05,0.12736044509330488,0.10183297459839454,0.11467755851373226,7.593946981171876e-05,0.0004321819293487273,5.863130181039344e-05,0.20778575294362875,0.26053014525013835,2.9691646936730495e-05,0.00011799725734594946,0.004203762504409791,8.466847085093835e-05,6.311264274222033e-05
Z_E_1889_GRA_1008,3.3580444477439345e-05,0.00021845292746843235,0.042446126961488924,0.054873020147987346,5.8204633981302745e-05,0.005297498457067012,0.00016579738948976016,6.075205610289569e-05,0.00032028531944567083,4.852131252014404e-05,0.013315343735558158,0.0003354980556438073,0.0018149781903796082,0.01157853327125072,9.613443062423215e-05,0.0067337495894443,0.0017299067526067825,0.09700460175762807,0.07624776319266571,0.002303269206068814,9.523393884921948e-05,0.0005419893967311179,7.352816427485093e-05,7.004370079750688e-05,0.042094340813137406,3.7235610094671104e-05,0.17221274903225836,0.2770376955489658,0.00010618077786778118,0.1930489851851241
Z_E_1889_LAN_0492,9.419768184182828e-06,0.012240674207359097,0.004689292468873401,0.03027855069884285,1.632718589289175e-05,0.0001327537260594066,0.004557395522040869,1.7041772201264952e-05,0.01632903797222474,1.3610883448523597e-05,0.002832956320234673,9.41117355528739e-05,5.8037182400135516e-05,0.07812866106406431,2.6967006098060043e-05,8.455285393181752e-05,3.4173495204049275e-05,0.014129528218747885,0.03988316448369317,0.05387456607730186,2.671440599391069e-05,0.0001520353454202265,2.062564308649748e-05,1.964820402297096e-05,0.10879210406385632,0.0018147999375727935,0.00996546138009906,0.18281648481506804,2.978514217709899e-05,0.4389315184203471
Z_E_1889_LAN_1006,5.065003969809275e-06,0.0019733508206462476,9.592845673648265e-05,0.03471457023180694,8.779118524612053e-06,0.012926539150534115,2.5007543795730172e-05,9.163351174281617e-06,0.005869512677654219,0.0055859718397530695,0.01728903825137708,0.0002931539688407043,0.006337510262551626,0.03327793128148871,1.4500143768919526e-05,0.00028801416365538304,1.8375068843138773e-05,0.03355030448725129,0.030176959878944313,0.02314711997580668,1.4364320837264049e-05,0.002749800884897244,1.1090396501306438e-05,1.0564828075395334e-05,0.1739513199756716,5.61631973258982e-06,0.013847677873880313,0.15626980345325966,1.601545392822503e-05,0.44751695081609294
Z_E_1890_GLO_0482,1.8160747736901384e-05,0.28624021837181546,0.07426607175203709,0.00619491075892895,3.1477834534420115e-05,0.021997740315819324,0.010525728984840334,0.0009025274780162034,0.0001732145294918159,2.624096643907451e-05,0.03155192868604041,0.0027904576699761606,0.00011189220459790212,0.00017411991702212873,5.199076934703093e-05,0.0010326847919522957,6.58844478499008e-05,0.16204003684442178,0.0003612147294974459,0.006463670180555108,5.15037715058872e-05,0.00290213091354685,3.9765002034149273e-05,0.0017772244861096252,0.35324052159104946,0.004368497329385669,0.010516091829503627,0.02198386478613113,5.742396657853228e-05,4.2804343235306495e-05
Z_E_1890_LEG_1009,2.1665305584391576e-05,0.015703385370085657,0.013897781356725092,0.0011653915258335616,3.755224807937815e-05,0.09679248860688604,0.00010696853970480728,3.91957843569825e-05,0.005394122060371832,0.0062562826898758,0.00029077315358533534,0.00021645538085047296,0.00013348452609134864,0.08009493685551884,6.202365242826896e-05,0.00019447011674249252,0.04884092526624961,0.19019711294978836,0.09795557351881606,0.08137323087949325,0.20341072044667083,0.0657119465467542,4.7438626047497245e-05,4.519053293232038e-05,0.00018336518813508727,2.4023531667792305e-05,0.012545427442768556,0.026226186025903195,6.850531717170707e-05,0.05296337655488116
Z_E_1890_LYO_0494,2.037577810739768e-05,0.0030597841844318655,0.00331313868535009,0.0049990034775195934,0.08980377689753188,0.039316922978231646,0.00010060173031059141,3.6862835914885746e-05,0.00019434116199582878,0.002956673908987349,0.02271558116504993,0.0002035718717735941,0.003052771858732116,0.15826590571027482,5.8331980334458605e-05,0.0011586393071772436,7.392024323922707e-05,0.008121283870381083,0.03650780410858738,0.04920902871158981,5.7785584332835634e-05,0.0003288656793025778,4.461506043838082e-05,0.0010182449026841871,0.00017245122029358587,2.2593641650345723e-05,0.3874602079575038,0.18761446253036487,6.44278538528079e-05,4.802510405578187e-05
Z_E_1890_LYO_1015,7.461724648352103e-05,0.00048541215542605387,0.11218333831138315,0.04689247156282069,0.00012933329465557953,0.21187215388914943,0.00036840919977081685,0.00013499378031330152,0.0007116882756625526,0.00010781652215627922,0.0724660472213496,0.004318721580672911,0.00045973262395476467,0.11505876588766144,0.000213614995783054,0.0006697724423101499,0.00027070009208142497,0.22626824465981268,0.001484126584150661,0.05156995602182273,0.00021161406286575307,0.0369366238927109,0.00016338286292974478,0.00015564022955493978,0.0006315260768548836,0.02152211874460119,0.08251310122463638,0.011714267496026056,0.00023593842777438963,0.00017587063462503976
Z_E_1890_ON_0834,2.3733689256912048e-05,0.0001543962260917005,0.0788711733500336,0.030826845788564112,4.1137355914172865e-05,0.08102924313168243,0.023984645597895447,0.10687825636972843,0.00022636842256157098,3.4293463699216304e-05,0.06055546816364514,0.0002371203455718968,0.06379280103972056,0.00022755164401328824,0.0034775828684710775,0.02180740905371361,0.09896559921112114,0.1128853453861999,0.12435556745873806,0.019812619294040785,6.730860018477914e-05,0.015158159716492208,5.196758499438316e-05,0.034145883133563086,0.06384744380154377,2.631705485233203e-05,0.050112607784941074,0.008272169351671322,7.504551015291649e-05,5.593960094102959e-05
Z_E_1890_RIC_0780,1.817655537751466e-05,0.008822534578035808,0.00034425420326291556,0.00010730032726208682,0.027014802733991268,0.2300494072231818,8.974346463855369e-05,0.0714080581453306,0.00800722586501845,0.002637550662197756,0.00024395013990691645,0.08374277906583538,0.00011198959881224479,0.00104470042765955,0.005274609733341437,0.08981733673599343,0.14542757671621953,0.06034089384420364,0.1074242901905885,0.07958532828234367,5.154860187972357e-05,0.03598095717389787,3.979961464318105e-05,3.7913530514681116e-05,0.00015383800996774202,2.0155037833285505e-05,0.006173100582186971,0.031577718646335996,5.747395006155913e-05,0.004394986359477871
Z_E_1890_SAH_0501,9.557732511986337e-06,6.217650420340241e-05,0.03954282890387374,0.006006462596048037,0.00047426178988128757,0.42624918237149473,0.0005048850527171403,1.729137034427191e-05,9.116024097996835e-05,1.3810231919639965e-05,0.08388654704018561,9.54901200396361e-05,0.001431973625355079,0.013364805416929136,2.7361971748641465e-05,8.5791236599892e-05,0.07509673139376777,0.0912293121657453,0.08715224161448858,0.013471034248156138,2.7105671998928585e-05,0.09306644288120003,2.092773151673315e-05,0.000935326920348842,0.015184842826164327,1.0598072977997183e-05,0.008738331654079752,0.04315076993998788,3.0221382967599064e-05,2.252729176800485e-05
Z_E_1890_SCH_0503,3.860951264909875e-05,0.00579790256596107,0.002580154691528495,0.0815800154498723,6.692146536199256e-05,0.0005441276860838477,0.00019062750676195278,6.985039403333029e-05,0.004066074317188209,5.5787952144468724e-05,0.0005181837711746549,0.00038574285196940226,0.0002378813665243582,0.002219087915091834,0.00011053169703259484,0.0003465631446089678,0.00014006947618521644,0.007993156897182508,0.052537452636944065,0.022986234658930786,0.0001094963459787659,0.0006231587102078522,8.453987529980858e-05,0.30145306637171654,0.4717991404313745,4.2812082487859326e-05,0.00017013904030317232,0.04303958710694822,0.00012208260343103875,9.100147502307134e-05
Z_K_1879_WEN_0341,2.42293695056099e-05,0.00015762080525083208,0.30561326952680323,0.0036238798826744695,4.199651331652955e-05,0.19642926130768198,0.00011962814297207447,4.3834560216483704e-05,0.0002310961475594864,3.500968579309864e-05,0.058339326176857866,0.08262215193097958,0.0047904134942369095,0.00023230408069833765,6.936408013809467e-05,0.019942293151744936,8.790049037379018e-05,0.17325710639989647,0.06081662473695117,0.05735545746943877,6.871434639296205e-05,0.008513042411691108,5.3052932711520756e-05,5.0538780369728726e-05,0.00020506624660726993,2.6866688925357567e-05,0.003587619043209295,0.0014832375147248913,0.022121986177707352,5.71079045707922e-05
Z_K_1887_BOE_0421,6.611274861664123e-05,0.0004300873232334039,0.048741707667207285,0.00039027854372986574,0.00011459253725229173,0.06741712828354333,0.00032641977505676296,0.00011960786926966555,0.02912431424633418,9.552813809087451e-05,0.124360184619433,0.0006605242711737423,0.0004073346153975631,0.0006338696220004069,0.0001892682346576387,0.0005934351533406418,0.00023984705924833764,0.10866616576421347,0.13111979167045,0.09318183991209238,0.0001874953579944735,0.20685518844162198,0.022306559563507036,0.00013790114023404143,0.025887317351662605,7.330899182797173e-05,0.00029133648237600297,0.0008812207595206074,0.00020904735432576796,0.13629258650258808
Z_K_1887_HFM_0420,0.008589030934542337,0.15258306512659514,0.028567495223273537,0.0010371372030474537,0.0003045214385605955,0.0024760149053910047,0.0008674371111625205,0.00031784932323276373,0.0016757041416799669,0.0002538591668530888,0.08649136946685093,0.0017552958166828113,0.0010824624886636072,0.10264455563450334,0.0005029667417597547,0.0015770113038849373,0.0006373763359129344,0.13733239296834918,0.07080117556872444,0.15507729635569661,0.0004982554493422656,0.22999584846869536,0.0003846927783600544,0.00036646237713334925,0.0014869584040561035,0.0001948133812739575,0.0007742057802856593,0.010755121938498856,0.000555528331887915,0.0004140958350995779
Z_K_1887_LEH_0419,0.00015147592756301677,0.12429994525974501,0.13343720882323493,0.0008941967420266094,0.0002625516445056901,0.002134765251024032,0.0007478850786909913,0.00027404265169060345,0.0014447550234317104,0.00021887175512229234,0.0020329800093608565,0.0015133772040562808,0.0009332752001228961,0.0014523067177751902,0.00043364679283299564,0.0013596642430042357,0.0005495317700912967,0.4593333827384006,0.0030128349885545753,0.010389673062576783,0.0004295848207833239,0.24907390529840653,0.00033167359928846954,0.00031595575083519044,0.0012820226258677733,0.0001679637856269148,0.0006675030886515505,0.0020190316501615085,0.0004789642325220128,0.0003570242640460835
Z_K_1888_ERD_0479,1.4442832015896117e-05,0.04297504358789623,0.0874189758736005,8.525931177334529e-05,0.005558077190132547,0.04446789290313032,0.002146200221338059,2.6129247380984248e-05,0.0001377535984974607,2.086884723607671e-05,0.00019383930660968316,0.0029108183333221792,0.000780615787673061,0.023653908848231896,4.134708322227306e-05,0.029869749659114927,0.026334353417129287,0.1364747121004685,0.0957322676634623,0.024506063265499242,4.09597848514328e-05,0.42835235476035444,3.1624206933066325e-05,3.0125551347890375e-05,0.002197128834163669,1.60149059959003e-05,6.364466707408327e-05,0.0458401189031589,4.566798212250715e-05,3.4041326263351976e-05
Z_K_1890_ON_0833,2.5073031933996153e-05,0.2150854829289453,0.00047486976781646383,0.00014801179189862543,4.345882459954397e-05,0.00035335672256070835,0.0013244772265700636,0.057678176191220135,0.03025623418729686,3.6228716957999845e-05,0.17203427103978758,0.0014511852046184023,0.00975994946813815,0.00024039286834923456,7.177932533374594e-05,0.04945308798739886,0.0012916448226313918,0.115653655102829,0.04132194327874034,0.07376076834401579,7.110696797271212e-05,0.0004046794991429152,5.4900226593189897e-05,0.05648443019866774,0.14189287761076683,2.780218235684026e-05,0.004913222966252781,0.025548556636475137,7.928048826286529e-05,5.909639186671996e-05
Z_K_1890_SCH_0502,2.6107477022664004e-05,0.00016983857340683664,0.3293024777283157,0.00015411835577959195,0.005046134192012356,0.046626097224113226,0.037635518769200675,0.012549438274489157,0.001499229853286278,3.772341526272009e-05,0.00035039216947421053,0.011512821907413416,0.00016085368305729093,0.007751634385933631,7.474074502781606e-05,0.15026081476215913,9.471398057565178e-05,0.1191749896933686,0.08178361264844147,0.11806121657627132,7.404064803115374e-05,0.000421375474383363,0.0025576064478591252,5.445622705744206e-05,0.013973388215343526,2.8949224767546338e-05,0.00011504680532342493,0.06035857660886078,8.255138553315163e-05,6.153454822872065e-05
Z_K_1890_WAE_1014,6.292523683609698e-05,0.00040935140711806416,0.3115646939925193,0.0003714619390376889,0.009149055727597511,0.04910008130889198,0.024417316867071253,0.00011384118280872947,0.03676012389961055,9.092241420388616e-05,0.0008445285705140382,0.06390859473509174,0.00038769568172182154,0.0006033086949518096,0.00018014299421192258,0.11205800991632969,0.00324161260537448,0.17876024853259997,0.08261146679071499,0.07964925066077468,0.00017845559372948707,0.00402894459633015,0.00013778189130959507,0.0001312524753661607,0.003545899638446682,6.977452563255682e-05,0.01534393698339204,0.02193203972495028,0.00019896849784879994,0.00014831291501408254
Z_K_1890_WEN_0445,9.424019252884927e-06,0.12100763886294437,0.03131765348835821,5.563212220119918e-05,1.6334554225910726e-05,0.05022625720213343,4.652939575231932e-05,1.7049463021571417e-05,8.988490366469877e-05,1.3617025935207409e-05,0.04345054040508428,0.000996738776197894,0.0009606479428776555,0.01498300011384815,2.6979176099844722e-05,8.459101198241861e-05,3.4188917438764903e-05,0.20006832592726342,0.09044589929781521,0.1387418287153167,2.6726461999217337e-05,0.2379831378220787,2.0634951280082636e-05,1.9657071105848303e-05,0.04927061956385784,1.0449805292507409e-05,0.009067374147185215,0.0050898284413766265,2.979858398195245e-05,0.0058890118304279855
Z_K_1891_HUT_0453,4.521094304383296e-06,0.011287603417837877,0.3125004569155978,0.0138829254329071,7.836365577542486e-06,0.042065432781691066,0.0262192690094068,8.179337084442328e-06,0.010218795127300161,6.5326541411149616e-06,0.01153537400992924,0.0006946807731224206,0.03510145377514385,0.020178190426381467,1.2943033766046502e-05,4.058182949474094e-05,0.03335797065597929,0.25532782212813426,0.0009559387069050108,9.359634980921759e-05,1.2821796292912725e-05,0.09273655144611202,9.89944504570587e-06,9.430315222488797e-06,0.015410026707296656,5.013206565278073e-06,0.06908460117834327,0.042494985873925854,0.006725910121634799,1.0656085047136445e-05
Z_L_1877_RIC_0783,2.7554334893636203e-05,0.00017925090675927242,0.0005218643141253585,0.00016265948581400394,4.775964112565046e-05,0.053168603280783225,0.0001360445600284042,4.9849920850833584e-05,0.00026280917631839014,0.04754206359904984,0.0003698106551398567,0.00423381274047463,0.021281879004089736,0.0002641828725769462,0.03174704921004087,0.0833762674411887,0.476441965683515,0.0004264245371411921,0.007145586526421439,0.09161641219557755,7.814392826320221e-05,0.04134944271961539,0.0013798402515590217,5.747415256104821e-05,0.00023320722535059922,0.04093526848540727,0.00012142261772643508,0.08085719626657233,0.015921209517755792,6.494474927435039e-05
Z_L_1878_GRI_0695,8.340045389794599e-06,5.425500939525269e-05,0.00015795598347484392,4.9233178735980065e-05,0.023578084357556175,0.030870069383761318,0.00044056100659953354,1.5088391869318526e-05,0.0020764638027540106,0.26919655425364175,0.00011193293764490029,0.03562845909307858,0.03879158780683527,0.0016774960517799053,2.3875964937474654e-05,0.021242188571710122,3.0256424102693956e-05,0.001327219229569367,0.06366786461264395,0.14195381222872366,0.1254300827286237,0.00013460858663028635,1.8261468453537626e-05,1.739606646102812e-05,7.058631072605755e-05,9.247842997280407e-06,3.675175420111583e-05,0.14149293682466188,0.0008251381502686598,0.10106369193277268
Z_L_1886_B_0647,2.6674408229009396e-05,0.005283004607606264,0.0005051989753650991,0.00015746507922154854,0.020484146240661767,0.13960919899163646,0.00013170008078735156,0.12395309809055793,0.0040865250221179955,3.854258983496222e-05,0.004190109490340841,0.00026650070407180756,0.015492780491456436,0.004087854850434477,7.636376132713098e-05,0.006626279788931046,0.07546157036300495,0.09621551840379529,0.02607793995359742,0.13723075241014387,0.09843309884137635,0.22780229417188277,5.8406620302918564e-05,5.5638759343954975e-05,0.010444715814135034,2.957786532542106e-05,0.00011754507905824702,0.0003555447742103661,8.43440120878036e-05,0.0026176097591554355
Z_L_1886_LEH_0398,7.2185673535417244e-06,0.10063949279443934,0.24245756086660097,0.009721619490284664,1.251186746395073e-05,0.014274563151745868,0.0007269979925829229,1.305947004779905e-05,6.884962920376158e-05,1.0430307518538706e-05,0.030516616608867713,0.003528907900596699,4.4475118917324864e-05,0.010785252581807821,2.066538645495383e-05,6.479463815955343e-05,2.6187871295026442e-05,0.5459385522198169,0.01258801341613509,0.0015321550637905927,0.000366150622610743,0.002190580750675662,1.5805866016957655e-05,1.5056833814031844e-05,0.02356725364483137,8.00429427309051e-06,3.180978048227366e-05,0.0007875743316092428,2.2824983665864746e-05,1.701394893781492e-05
Z_M_1877_GRI_0694,1.5068126521241926e-05,9.802360871791024e-05,0.0017285306472668426,8.895056700104312e-05,2.6117426454616264e-05,0.03629106705479654,0.0210000482216879,2.726049884178974e-05,0.00014371756513068546,0.023833721252995033,0.030508348255652788,0.0001505437831076929,0.08307387195874195,0.0008660429819526156,4.3137182554766e-05,0.005907846799648883,5.4664885519402966e-05,0.00023319085371534365,0.11647315059236324,0.059481027686546124,4.2733116312988143e-05,0.0009647742301345021,0.1580577451535058,3.142982060115151e-05,0.03404151752480252,1.670826258357261e-05,0.035423536374204284,0.21378680984972048,4.764515240739346e-05,0.17754277056651088
Z_M_1878_GRI_0696,1.196104511931169e-05,7.781092128340078e-05,0.00022653577491553564,0.0052256646957762505,0.056726347236470444,0.00016856819362280894,5.9055503499468155e-05,2.1639322988291227e-05,0.00011408268164873776,0.54129815598906,0.008179506789446747,0.004701773260168458,0.03730465405507382,0.0012602469741448505,3.424219899734522e-05,0.00010736362945143693,4.339286381872618e-05,0.005912946305393839,0.02028534325864328,0.10392152197720982,0.041847152922526235,0.0013386196180514912,2.619005507870864e-05,2.494892127248083e-05,0.023585376490622978,1.3262981455968531e-05,5.270827311699148e-05,0.06030174872024464,3.782061538028184e-05,0.08709135872551768
Z_M_1880_HAR_0101,0.003237123763218417,0.008872889608241697,0.24649936931732652,2.0979559464743206e-05,6.159961873702881e-06,0.0068576011328476665,0.0029107408847522023,6.4295627984381974e-06,0.019775691575368383,5.1351484364994506e-06,0.011790661774508425,0.0403700358860473,2.1896414555898444e-05,0.002757080071878123,0.0020524288217517277,0.03475022922247244,1.2893062462145355e-05,0.09399871306960188,0.019812481719335143,0.07784943791129695,0.3982497340051987,0.015374270091146426,7.781694645171041e-06,7.412923970010631e-06,0.002242521222185823,3.940750466722656e-06,1.5660894390563807e-05,0.011449958745810345,1.1237413563939866e-05,0.0010295037903839768
Z_M_1881_SCH_0102,3.325954007595787e-05,0.00021636532836031956,0.10893451614593076,0.00019633860545169695,5.764841373103873e-05,0.00046872999268915655,0.00016421298187189356,6.0171491952961146e-05,0.009873512666637578,4.805762887939196e-05,0.00044638102689174234,0.0003322919395717909,0.0814333677857079,0.0019115973857233722,0.020800506595254387,0.00029854121448593334,0.00012066058432129362,0.03236901059773872,0.007032386318870083,0.12492028893866546,0.493835874964563,0.0005368099899164119,0.004850969550941726,6.937434301407811e-05,0.00028149345964952174,3.6879775877549414e-05,0.016073710333845016,0.09441348456711064,0.00010516608376528383,7.839174850532e-05
Z_M_1882_ZOE_0367,4.56058968484767e-06,0.0334441073790458,0.2877126253693826,2.6922194856436173e-05,7.90482250834415e-06,0.017972665036826662,2.2517089218091565e-05,8.250790146101142e-06,0.0004802882843232532,6.58972210815457e-06,0.07213156715624353,0.07058715793071436,0.0004648888103360782,4.372559483793267e-05,1.305610153427634e-05,4.093634428428674e-05,1.654513005792177e-05,0.4554242094384105,0.0038034249452190494,0.03438243319088462,0.001323303965540015,0.0013839782170149899,9.985924628334183e-06,9.512696580305217e-06,0.016418225742160633,0.000441847054468998,2.0096973490667518e-05,0.003336713772693289,0.0004512105583135461,1.0749174486299292e-05
Z_M_1884_ISR_0103,0.017566629546082544,0.006955973446099264,0.17584826642406884,0.00694371644292996,3.528269667637166e-05,0.06364842160404519,0.0001005036644501639,3.682690228123321e-05,0.007017702575761285,2.941282566157217e-05,0.0031975785869609546,0.07331284689026134,0.00792376093541763,0.0011699595246886859,5.827511872955103e-05,0.09571242888058366,0.028342844590420482,0.15823148613552743,0.12810275662595913,0.12616970547260425,5.772925535091444e-05,0.08513553431569343,4.457156999068765e-05,4.24593452494322e-05,0.00017228311605474572,2.2571617527084706e-05,8.970162442430812e-05,0.01391842692694511,6.436505003319101e-05,4.797828952151083e-05
Z_M_1884_LEH_0389,5.139803575157048e-06,0.029569288884712417,0.4359973031485052,0.007168172471951851,8.90876789998402e-06,0.002287624706256479,2.5376853359510872e-05,9.2986748691069e-06,0.0002951547923690059,7.426644269997639e-06,0.015329172548745827,0.0005436153500886901,3.1667415987279515e-05,4.927892755197106e-05,1.4714280823473897e-05,0.009399155422110676,1.864643050561674e-05,0.4714225235689784,0.0015790226036454043,0.0015831975890855594,1.4576452068773548e-05,8.295658626220288e-05,1.125417865950271e-05,1.0720848677810856e-05,0.01899567302312679,5.699261128491717e-06,2.2649372852015185e-05,0.005237282953491147,0.0002623840740124122,1.211436442928178e-05
Z_M_1884_ON_0822,1.4896147705255986e-05,0.02506375517825027,0.0009954636241261857,8.793533706037651e-05,2.581933736756667e-05,0.05727701940825633,7.354704326932282e-05,2.6949363392575934e-05,0.024395589028930652,2.1523855607049647e-05,0.21134814345678246,0.00014882556408846666,0.006511825547772554,0.14138385903528783,0.051403022710736754,0.00013370942643622515,0.12132159983409309,0.040890828496944795,0.10943708526755083,0.008868445188082427,0.0007555839669633337,0.010940503000794966,3.2616792677367986e-05,3.107109894282082e-05,0.017959538685738803,0.023556690755015527,0.045005972912713396,0.05441228383597772,4.710135840042504e-05,0.047828794741034596
Z_M_1885_BAU_0377,2.8888484330927515e-05,0.0015713259829907803,0.25370859159957515,0.009854306936226843,5.007210842268318e-05,0.039142214926375776,0.00014263168230550037,5.2263597105727185e-05,0.001658930048565068,4.174176960033808e-05,0.0031545083688030878,0.00028862126378447015,0.00017798805677540606,0.0002769743056545755,8.270224042497669e-05,0.11369777420909465,0.00010480305474957357,0.2342409874099213,0.04899344622725788,0.0005980535912011715,8.192756805427414e-05,0.12773868859861662,0.09966776313132533,6.02569854109105e-05,0.019612042180583746,3.203293927497347e-05,0.012577865330012948,0.00038505632629364466,0.03190945177737353,6.808929988803299e-05
Z_M_1885_GBL_0676,1.8400787471585054e-05,0.011574872895612962,0.0012296678943896787,0.0009897908757630755,0.0035565613153546788,0.01259566009904366,0.1939475588050899,0.08462530792077559,0.031016343939490792,0.020293425485592594,0.11656098453174663,0.00018383998529796904,0.03183537794220706,0.0063445893368117585,5.26779574882275e-05,0.0010463343061167594,6.67552757260865e-05,0.047867776549714844,0.1395903522731052,0.003024436337032837,5.2184522751738205e-05,0.0038216566927351437,0.033524631109365544,0.05114605887013498,0.11294509332584371,2.0403677151658023e-05,8.108603570553476e-05,0.06016461137261914,0.0317801897700973,4.337010976333519e-05
Z_M_1885_KIL_0736,6.730018173583369e-06,0.0016551983643924015,0.03300037307589786,3.972882306394552e-05,1.1665070268623373e-05,0.090011924558948,0.02774960347045905,0.07897161664299097,6.418991928619309e-05,0.06833381213911212,0.0116925281131012,0.0032900731046396885,0.048061696548713374,0.027458617224689896,1.926676300079479e-05,0.03003276861683006,0.0174277208589472,0.03910044757701267,0.10584282507162521,0.022699166106772695,0.0019527868878115723,0.030080981947055985,0.03288764627635385,1.4037794515464472e-05,0.01294829709169239,0.0232118697277842,0.1308767306193199,0.14092756493840672,0.01613545183881309,0.005494680810321367
Z_M_1885_ROT_0784,1.0405463477911152e-05,6.769130051100744e-05,0.04753473306044759,0.004047755002971858,1.8035681259208137e-05,0.0509723424382664,5.137509964252456e-05,0.04984793995524165,9.924577371934681e-05,1.503514182690091e-05,0.04947047697155228,0.00010395969497238904,0.03843252874206661,0.0010963468268705024,2.978886439404599e-05,0.04493960398236127,0.0015326228961213856,0.08138248986238152,0.11780367440514435,0.05054282147529529,2.950983192670182e-05,0.028072248848511852,0.2965060176635752,2.170421451675112e-05,0.04393768818310804,1.1538077799361666e-05,4.585335189624152e-05,0.08534648154219929,0.008005560279456331,2.4525368486118825e-05
Z_M_1885_ZIM_0848,1.071514054009141e-05,6.970586171934853e-05,0.07409233349964954,6.325390387407217e-05,1.8572441279425162e-05,0.04427939791221811,0.018525252696489993,0.16011307335391048,0.02267951441047799,0.007712294528688447,0.24182370390180224,0.051932253941242394,0.04778625218589242,0.0016420960065484625,3.06754109693924e-05,0.015489804107565208,3.887291031985132e-05,0.10740807121351247,0.14080822049162725,0.0002218263930643945,0.0005435088692759962,0.0006860634897627369,0.0277319849400055,2.2350153777673583e-05,9.068802437955267e-05,1.188146260328689e-05,4.721799378235154e-05,0.03606127839999286,3.388108690085632e-05,2.525526812757086e-05
Z_M_1886_HEI_0397,1.2453222571039941e-05,0.07879962423812216,0.0902851781109405,7.351419614924309e-05,2.1585040725772717e-05,0.04728740079046253,0.00960313542269405,2.2529745751458153e-05,0.00011877699748653576,1.79940055486251e-05,0.00016713647472806005,0.00012441860207926793,0.0006730800535283473,0.001908457194383137,0.0024210636799476657,0.0007081345848871006,0.020321184407993402,0.08368215966829251,0.04258876420352882,0.05929676706275596,3.5317264415690455e-05,0.250072951670594,0.14255566284203447,2.597552859423007e-05,0.0042798701750666,1.3808731459434223e-05,0.06446101383436185,0.06457212644650018,0.018526323517808977,0.017323592286588342
Z_M_1887_MSC_0499,2.681140048839389e-05,0.043828027510984253,0.1314686225183264,0.007861851951062796,4.6471920673995994e-05,0.00037785572278539633,0.00013237645536605947,4.850584118272866e-05,0.0002557231776958859,3.874053373754819e-05,0.21349216914812383,0.04520540873368759,0.0001651907042851488,0.02336779436206499,7.675594413056894e-05,0.00024066201894535174,0.0013811974044262009,0.32524914012139855,0.08527263493163961,0.06860332738370609,7.60369707521019e-05,0.022259541651077526,5.870658027989782e-05,5.592450436541675e-05,0.004078708457768149,2.9729768923953117e-05,0.00011814875752869218,0.02603596467043944,8.477717921497139e-05,6.31936749384246e-05
Z_M_1887_ON_0826,5.082596291091755e-05,0.010066345012759605,0.015566172091491066,0.0003000371819898603,8.809611111504885e-05,0.056696591922444486,0.00025094402709871706,0.07797758182530659,0.07837040056913445,7.343983883818844e-05,0.12724629130942838,0.11490231501562363,0.00031314949820915804,0.09054256414528228,0.00014550507241356173,0.0004562193181321474,0.00018438891125727898,0.11761501595274335,0.0010109212853064362,0.10084316994496319,0.0025780680643635173,0.16145944455139952,0.00011128916869614941,0.00010601522982428847,0.03207120479282797,0.00492421014706776,0.00022397279734506046,0.005545314161032532,0.0001607108054030066,0.00011979528559186254
Z_M_1887_ON_0832,1.8900420186346223e-05,0.018224813944843297,0.18499693459863492,0.011877782387873773,3.275990107213121e-05,0.021083504356743304,9.331741660718851e-05,0.10230970201900574,0.0001802694160617291,2.730973960871393e-05,0.0002536652326580215,0.015575412652479515,0.00464191445307491,0.15676229964841168,5.410831099611731e-05,0.00016965220757231855,0.0009736608617385128,0.14329719160586155,0.00037592671094301367,0.0465510219351965,0.0027688804602534695,0.07633286485697607,0.024478895437259646,3.942340243200211e-05,0.009210894409401232,0.025363561527061897,0.027236077569025803,0.12696494399086092,5.9762797921345074e-05,4.4547729238262934e-05
Z_M_1887_SCH_0505,1.9852755449440392e-05,0.03150218020521923,0.13062161348118115,0.04860278845760208,3.4410573845480714e-05,0.001230484753720347,9.801940024668849e-05,3.591660955148384e-05,0.00018935264913699158,2.8685795156626362e-05,0.0706180916100524,0.00019834641727074447,0.00012231702167566773,0.00019034239017005214,5.683466586442302e-05,0.0020795962809434195,7.202279608937843e-05,0.22562264008975713,0.048880461667272,0.009917973669106893,5.6302295216215254e-05,0.018383684267567285,4.346984343746859e-05,4.140982897474481e-05,0.3909048634415022,2.2013689000360394e-05,8.748436661813725e-05,0.02022927455783282,6.277406535987446e-05,4.6792355179172784e-05
Z_M_1887_SCH_0506,3.0270390194498592e-05,0.05817979602197353,0.07595104399583427,0.004527408690562569,5.246735143502059e-05,0.00332574741702505,0.00014945459332606792,0.04644106462700089,0.000288714510604637,4.373852358388943e-05,0.10187629655967505,0.004651143428404995,0.0016360741756770553,0.02348337409087975,8.665837428317938e-05,0.003170854092848853,0.00010981640035190917,0.19616066473744975,0.055685806206497525,0.0006266620067533109,8.584664478344379e-05,0.0004885650197797169,6.628042771679985e-05,6.313943090395104e-05,0.39598932469227016,3.3565262885461787e-05,0.020427398021024848,0.00620176345115075,9.571444414240846e-05,7.134641098060036e-05
Z_M_1887_SCH_0507,4.369971726165866e-05,0.00028428245408620837,0.06570036280766695,0.1488374102028707,0.010539085169852897,0.0006158644438797325,0.00021575947418716544,7.905933694667431e-05,0.00041680144860021596,6.314292950230064e-05,0.06755188193075456,0.00043659845489301227,0.0023619113740126945,0.22224180726443515,0.0001251039854523639,0.00039225336953525966,0.00015853596915125706,0.04880765492149035,0.05109321760579225,0.07833340058690327,0.079645323020947,0.0027979829488939847,9.568545144595995e-05,9.115096504656724e-05,0.20963667243968673,4.8456345903810096e-05,0.00019256984733248455,0.008953148855948051,0.000138177741350696,0.000102998936170072
Z_M_1888_DIE_1031,8.88283720707486e-06,5.778606633437232e-05,0.1745725824253085,0.00047781385617482467,1.5396529033457124e-05,0.11582758226966271,0.012805151035483206,1.6070383604352216e-05,0.0030623583692295803,0.00043821151132009253,0.016708899541020467,0.01625305258752247,0.0009054819457506216,0.0005105424892849055,0.009809088323268586,0.04304275518625184,3.2225590774520426e-05,0.17241493272636027,0.1252373559474935,0.07972929073476609,2.5191672967714273e-05,0.07883801330549825,0.029795801772083123,1.852824765268734e-05,0.05707562512513359,9.849716640864977e-06,0.0038675317423767634,0.05839497410240179,2.808737582237028e-05,2.0936583571523032e-05
Z_M_1888_SCH_0995,0.006513936296891718,9.809439110058623e-05,0.22918978395221815,8.901479778335222e-05,2.6136285724316713e-05,0.061590606566669384,7.444987877498216e-05,2.728018351863642e-05,0.0001438213429024426,2.1788074264889762e-05,0.09768523684987578,0.00015065249005905687,9.290494956051297e-05,0.004477144619562128,0.002931549349375277,0.03912849453094226,0.009441942666187341,0.3266204142359482,0.0927281119059309,0.03858321627629007,4.276397369348418e-05,0.0009654708890276655,3.3017184007880384e-05,3.145251592545476e-05,0.04634171806813953,1.672032754069375e-05,6.644807530993292e-05,0.04136041848504428,4.767955674584278e-05,0.0014797312809852789
Z_M_1889_BTT_1001,2.4342345525603235e-05,0.00015835575509099445,0.1391784909421588,0.00014369838437348415,4.2192333473013606e-05,0.09126710848708894,0.0036172647647938236,4.4038950766154006e-05,0.0002321736961511251,3.5172927967485624e-05,0.0003267020881183801,0.0002432013548580752,0.0001499783348903204,0.006061851966764016,6.968750901240716e-05,0.00021849951562929185,8.831035029835792e-05,0.3314335117828048,0.0004841658439260045,0.00400101758959674,6.903474570711353e-05,0.3839058637976186,5.330030642817212e-05,5.077443116783006e-05,0.0002060224237117256,2.699196216387428e-05,0.0012729614099214093,0.0003244605716965414,0.01173389948093964,0.02453692594735726
Z_M_1889_HES_1007,1.3569988231779081e-05,8.82776777101899e-05,0.11852646529653961,0.002029603261029456,2.352071899143354e-05,0.0001912431882746221,6.699936999783574e-05,2.4550142179521907e-05,0.03197120542872661,1.960765112359341e-05,0.009279775284464173,0.011182723151940107,8.36075651519631e-05,0.17363529747872858,3.884829735103882e-05,0.00012180567614654475,0.002648558591576273,0.07559053904541456,0.08539792092039827,0.1055537412398593,0.2196817616956911,0.007367174018068226,2.971301718726181e-05,2.8304931942488172e-05,0.05665024991900278,1.5047054875264463e-05,0.01305644196692132,0.08660855529774812,4.2908065349610654e-05,3.1984059378341874e-05
Z_M_1889_WET_0432,1.5550626556769357e-05,0.03361175826762062,0.19763469591577423,0.05668747181757369,0.0007716336458819976,0.0002191565203733919,7.677841458515145e-05,2.8133413708884645e-05,0.00014831957920215718,2.2469530191953977e-05,0.0031874268036089387,0.00015536438111604499,0.0015851705107293814,0.00908525372733102,4.451848845805041e-05,0.0008842640062597556,5.641532271994228e-05,0.20055955293668787,0.03530925542080685,0.29670453437177163,0.0007887813906667518,0.0009956674934515851,3.404984781577813e-05,3.243624230429411e-05,0.1580037536714274,1.724328180303633e-05,6.85263422651237e-05,0.00020727522652005283,0.001538530623379183,0.001526012179408444
Z_M_1890_KLK_0728,1.883224047069771e-05,0.015453587228586174,0.00035667252701331834,0.010933107477907184,3.2641725882492584e-05,0.08864455265555776,9.298079155512075e-05,0.08570773424705595,0.00017961912800431912,0.12718496501628027,0.05346060460634186,0.00018815057869708967,0.04881474363122643,0.0010823860332669635,5.3913125427671515e-05,0.0019726963012481505,0.0027738046452159717,0.030953596810302048,0.012098335159907141,0.037364817456769735,5.340812086585526e-05,0.021947825920604746,4.123531098354738e-05,3.928118991285122e-05,0.005570355673658341,0.036094003735922905,0.3175264577609164,0.10125575665389286,5.954721485343105e-05,4.438703167268999e-05
Z_M_1890_KRG_0755,3.729921676486915e-05,0.021676619015445885,0.004278756168275898,0.27528952040452404,0.016140130940877996,0.000525661556400968,0.00018415815710190293,6.74798724303899e-05,0.0003557544202440647,0.0036262236911104124,0.0005005981033933608,0.0003726518483118284,0.021663782486950032,0.13789228127457318,0.00010678056893587429,0.01641028238530366,0.00013531592076430985,0.000577234083351499,0.013245027774554795,0.0025583383043880363,0.00010578035472090923,0.0006020104947245824,8.167083492456809e-05,0.019725610113706268,0.2610957020112165,4.13591634627224e-05,0.11269272919419394,0.08980538902204985,0.00011793947077185304,8.7913146525759e-05
Z_M_1890_SAH_1025,4.242766213844076e-06,2.7600727578251262e-05,0.0065819643566886995,2.5046010852263157e-05,7.353942402726143e-06,0.08417435552707621,2.0947893138916003e-05,7.675799861079765e-06,4.046687747231305e-05,0.009149017642642632,0.022406222475954016,4.238895099355365e-05,0.0022610685498390226,0.05936785725263712,1.2146233338681878e-05,0.0038984136576081406,0.19953350730808644,0.10043424347914966,0.10411012629380949,0.10736437695011276,0.0335359520184964,0.09027829828013571,9.29001435227885e-06,8.849765149354174e-06,0.032950302571904275,4.704583007163008e-06,1.8696433141095482e-05,0.06751074174137911,1.3415552530871607e-05,0.0762007263444479
Z_M_1891_GEY_0452,0.0002861330396665996,0.07879679637000088,0.19967031500917298,3.455095490060613e-05,0.0022523859310625343,0.04801039046502924,2.8897604308112948e-05,1.0588760676923595e-05,5.5824029892884276e-05,8.45700703752038e-06,0.09341184131890864,0.002580996848101752,3.6060911244452715e-05,5.611582054523377e-05,0.001978716746576247,0.022474947924250987,2.1233411521767365e-05,0.39948978688178405,0.023099385242637535,0.045806831331882306,1.6598769679288216e-05,0.0003747460194857811,1.2815568467365994e-05,0.00029248839155823894,4.9536196953171127e-05,6.489969051976164e-06,2.57917167756005e-05,0.01689482235431279,0.06308153972298058,0.0011349156815340148
Z_M_1891_RAU_0454,0.045517001930922535,0.0009750940125058936,0.060432643654151616,0.00010582649612487632,3.107249141490889e-05,0.1419007092434474,8.851078701379321e-05,0.0017493786583777072,0.007038768941076565,2.5903058976482924e-05,0.007966857371538337,0.031084137438004807,0.025006171663251184,0.00017187775801155228,5.1321279182138235e-05,0.14009203127462458,6.503604744327336e-05,0.06981375465133302,0.080194562932546,0.04758714634553581,5.084055245929232e-05,0.04235452313614603,0.0008977260582363619,3.739276656903506e-05,0.00015172495724029641,1.9878196903827802e-05,7.899773025836432e-05,0.05947359344830642,0.23699526397082998,4.225314756787086e-05
Z_R_1877_GEB_0339,0.01814876267282561,5.243314795863899e-05,0.26068402020193926,4.7579948357056926e-05,0.028961900109577762,0.04527236074588853,0.0035135463248997002,1.4581729727082634e-05,0.0062524333543583005,0.04053874784057744,0.00010817427453055986,0.015519422260773935,4.9659301737254553e-05,0.015130200320468905,2.3074219619090613e-05,0.015897215636366348,0.023959529070938568,0.07268754527933743,0.013283373587979378,0.08237897975080236,0.10732318459011517,0.2255379686282043,1.7648255673330293e-05,1.681191353234225e-05,6.821605074641613e-05,8.937304141672404e-06,3.5517645047818415e-05,0.0004934044839043459,0.02395577419280557,1.8997157165915293e-05
Z_R_1877_HLS_0610,6.090639551022093e-05,0.00039621811467376164,0.08865310004677251,0.003276196447827397,0.00010556841974425214,0.1321077082723424,0.00030071434538663693,0.0001101887963260292,0.0005809162042325358,8.800533456346554e-05,0.032900607468573685,0.000608508243054382,0.0003752571736846979,0.000583952637082666,0.00017436343517379982,0.00929665892752597,0.0031376113839367784,0.0184424864625403,0.030377941546524196,0.10626037175680751,0.0001727301718547431,0.47056403315914413,0.00013336141090905716,0.0001270414793538147,0.0005154837363294605,6.753593738206975e-05,0.0002683938482884819,0.029978346837573725,0.00019258495690081877,0.07014320704998056
Z_R_1877_KLI_0337,2.0024087168880905e-05,0.00013026392384007745,0.05983120322219866,0.00011820672628673049,3.470754132684095e-05,0.08658343044801212,0.0010577678642077802,3.62265743060793e-05,0.0001909867857705626,2.893335709432412e-05,0.00026874612735478117,0.0002000581712286476,0.00012337263260554123,0.00019198506839037806,5.73251560158369e-05,0.0001797383634505275,0.006784962173103626,0.12496721894238125,0.021494132268669686,0.08863357564900207,0.007728008546866209,0.35319932574928675,0.003879455171490147,0.0105896951902818,0.027977648460062465,2.2203669841924973e-05,0.0010471419119442546,0.009855927694059399,0.1947205323447975,4.7196178955168826e-05
Z_R_1877_MLL_0336,0.12234332635838674,0.1354209126633348,0.00018396532742807217,0.0005224868286889002,0.021878736446437265,0.004323212332522224,4.7957833775967825e-05,0.015367417856531439,9.264434233934002e-05,0.046063570005252935,0.008503006752565717,0.0563798096401277,0.0009901395368852514,9.312859174124734e-05,2.7807428441501366e-05,0.02939143743763312,0.03957271800126769,0.06015426078269643,0.031823180443337915,0.23184420200003508,2.7546956096336054e-05,0.14900375512911312,0.0023470025258081127,0.024673041869060962,0.0005473560095312648,0.011639441050682037,0.002833684276080352,0.0038506441437265128,3.0713391271462166e-05,2.2894039200618647e-05
Z_R_1877_ON_0338,2.4746196050349064e-05,0.004901112205838693,0.004023776614445093,0.00014608240557938316,0.03322379712328736,0.02760449382057993,0.00012217988084422607,4.476957688258394e-05,0.00023602556280564243,0.03321666126266891,0.00033212222356027464,0.007357430061055356,0.0013374988575989937,0.00023725926186094824,7.084365631354908e-05,0.002592189150008054,0.11266784531581321,0.09518555157012731,0.03130303854566226,0.23870379450943313,0.0842074743774379,0.25281128730022995,5.418458262487183e-05,5.161680195125485e-05,0.012059763571752143,2.743977102733548e-05,0.0001090481013170422,0.007440037405062838,0.03088908721026646,0.01901884307791491
Z_R_1877_VOI_0332,0.03643198019885806,0.018785279980598757,0.18685982584113991,6.235798289672602e-05,1.8309383369578315e-05,0.06995658623916363,0.0132043330455052,1.911072383060368e-05,0.0076885470590766026,1.5263308980034466e-05,0.05932657487079214,0.007187479505390703,0.006641172319637174,0.0011129845371903664,0.0035712120083344597,0.024375762520607542,0.07136359693714257,0.05631316059293926,0.0027393690578314984,0.03309913021568512,0.0010416636840007358,0.2677667362256031,0.043020635669094406,2.2033588785002227e-05,0.003124521598553664,1.1713174941405486e-05,0.0025758142609644944,0.02239833232585875,0.05213626138121494,0.009130251762013571
Z_R_1877_VOI_0333,0.04464580945435052,0.06774377228428304,0.1067449412605028,0.0009140885794984928,0.0002683922323707793,0.009597414778149245,0.0007645221426991325,0.0002801388625484498,0.008892054940503439,0.0076389013080933365,0.0020782046294351157,0.0015470430093113003,0.0009540363567284428,0.0014846139806308277,0.0004432934747295181,0.023635392565249446,0.0005617563691560595,0.00981151519829415,0.0030798569548682792,0.0032056357017139275,0.00043914114215399126,0.6995243130771951,0.00033905183835005235,0.00032298433878293477,0.0013105418370329151,0.0001717002209859618,0.0006823520165522984,0.002063945982263164,0.0004896190227045179,0.0003649664408625946
Z_R_1877_VOI_0335,0.0005665477696202367,0.003685597994612644,0.010730110683252261,0.003344459928037745,0.0009819913368277087,0.007984413834517026,0.002797227454430765,0.0010249698126557863,0.0054036489450269105,0.027949150544217472,0.468822728525032,0.005660308494862996,0.003490620533427922,0.005431893667841843,0.0016219185928423806,0.0050853938094287095,0.05631640969687726,0.19868147279840437,0.1197906758471304,0.03885928408154189,0.0016067260718786525,0.00914409825879849,0.0012405201337395671,0.0011817324958112265,0.004794999911691583,0.0006282153848129567,0.002496584059093009,0.007551548926583034,0.0017914141344361507,0.0013353362725669166
Z_R_1878_HEN_0613,7.179529444227521e-05,0.0039051481663523644,0.0013597643432939248,0.0038619177288702253,0.00012444203463119678,0.1694784158082842,0.007230663978057216,0.0001298884462000313,0.0006847729139079454,0.13075130450089228,0.0009635748776425265,0.007593485539331235,0.00044234598108416553,0.0006883522028923462,0.000205536283396852,0.024711099098559924,0.0002604624766049102,0.06643487017977116,0.001427998353198905,0.2730957290722131,0.00020361102382581456,0.2899586598602728,0.0001572038811892298,0.0001497540667146971,0.0006076423718715566,7.961007163799521e-05,0.0003163775364301968,0.014709339066188548,0.0002270154647967446,0.0001692193774457101
Z_R_1878_JON_0340,2.657257922345994e-05,0.05616256299313297,0.061582941765183453,0.00015686395951579031,4.60579742677246e-05,0.010554435220464897,0.00013119731843392942,4.807377772699985e-05,0.0015259384894236224,0.06875302575288675,0.00035663437238882555,0.00026548334310766257,0.0001637192760033704,0.0015272632411478199,7.607224423669741e-05,0.0002385183335451442,0.06117607267759196,0.09075824502374526,0.013253456416661312,0.08198967122325408,7.53596750791428e-05,0.5488734314731685,5.818365422952381e-05,5.542635952292206e-05,0.0014973912502942081,2.946495243204006e-05,0.00011709635313319665,0.00035418748933734034,8.402203055399727e-05,6.263078030742043e-05
Z_R_1878_KRA_0161,3.576600165637756e-05,0.0704551232519962,0.3038328544821769,0.0019238775599509765,6.199283743199774e-05,0.04846085062317612,0.00017658818396813606,6.470605654622351e-05,0.00034113084100192347,5.1679284505331774e-05,0.007330991579103507,0.00378281917341759,0.00022036189439780855,0.007193884896591018,0.00010239126546556628,0.049990579046338954,0.00012975364809131637,0.0998925855250647,0.019551550943708335,0.11378145402580203,0.00010143216588192927,0.23351027747783493,7.831368780754309e-05,7.460244072783269e-05,0.0003027069983857644,3.965906089232887e-05,0.00015760865081625923,0.03815706752180106,0.00011309147142605385,8.429940403518523e-05
Z_R_1878_LSC_0612,4.8806508645535535e-05,0.000317503977658595,0.12012255931787527,0.0002881158856239734,0.0024218152285659313,0.007699493210051402,0.0002409733358048825,8.829828781486516e-05,0.00046550927052396344,0.12394315094565375,0.000655039107529433,0.009836497440011084,0.0026379266301771007,0.0004679424745398963,0.00013972375864612164,0.04250804197529568,0.004851501469326379,0.09658131435538525,0.031354607036659085,0.12254580907415911,0.00013841496538009095,0.34435899275506127,0.00010686734619554743,0.00010180295531333915,0.00041307585554910655,5.4119001528652064e-05,0.0002150737466429464,0.028697177854813814,0.0001543253263510324,0.05854552090321689
Z_R_1878_NIE_0611,0.00010448522515187204,0.08073621603487872,0.10705305280829074,0.0006167999722718449,0.00018110315039172653,0.0715219597757607,0.0005158769587480814,0.00018902942945305104,0.000996564644568756,0.0001509735902018111,0.011409373831530222,0.0010438989247301223,0.0006437555523331048,0.006005305027997572,0.0002991213423445986,0.0009378706362576696,0.005382587971975719,0.0016169892666787055,0.022092321968493835,0.0772160387965953,0.0002963194709779816,0.5921030961094367,0.00022878216529930416,0.00021794029120772183,0.0008843149196618177,0.00011585823728518148,0.0054639623525755895,0.0013926897821313433,0.010337443189184305,0.00024626857358584186
Z_R_1878_RUL_0123,3.832606666667966e-05,0.16359438358328623,0.06129202048153381,0.018579624839036395,6.643017139858902e-05,0.1161664105381403,0.00569524125687489,6.933759777663886e-05,0.000365548362937262,5.5378393208916935e-05,0.11063464387307444,0.009559599667551212,0.00023613499592790713,0.01872083645253835,0.00010972024505342606,0.00034401890293757673,0.00013904117700296368,0.057488595249060366,0.06316378318612646,0.10357234510851757,0.00010869249487504116,0.08504411982438079,8.39192384058461e-05,7.994234704516088e-05,0.15816341966675787,4.249778396535617e-05,0.02035760510621501,0.0023461881605588027,0.00012118635219419235,0.0037610088769518763
Z_R_1878_VIE_0114,5.8516964649456194e-05,0.048018557269886096,0.10479073171901956,0.0003454389089055854,0.00010142684416838752,0.0008246853789826886,0.0002889169613660883,0.00010586595784172338,0.014569268302822075,8.455277985954151e-05,0.006389821376196006,0.0005846357356961051,0.0003605353852088867,0.0005610434755638872,0.00016752294872729337,0.0005252545782227253,0.00021229070309411127,0.0625546204638797,0.001163894232940399,0.1413228480587308,0.002968182187726868,0.6118302627742338,0.00012812948299423328,0.00012205748992508105,0.0004952606918118904,6.488642165158604e-05,0.00025786443608853834,0.0007799761031301995,0.00018502961832786644,0.00013792274834885124
Z_R_1879_DRA_0346,0.03294970208101699,0.059401911347948616,0.03612474005134482,0.00011598240973059474,3.4054443476818476e-05,0.004040326043371854,9.700495377733707e-05,3.5544892547922524e-05,0.00018739295415930423,0.012259552121005829,0.0840001141235832,0.07734670772257383,0.00012105110829047892,0.029354992409295493,5.6246458570991025e-05,0.021816106486316284,0.008539005774787082,0.11038452581056465,0.0013316405638717273,0.048390535178656935,0.12048563426037072,0.24305865460806808,4.301995464925506e-05,4.098126019454259e-05,0.00957487271848747,0.09693023281466624,8.657895190823431e-05,0.00026187990304834104,0.0028847005134805216,4.630808023579745e-05
Z_R_1879_GEM_0347,5.082596291091755e-05,0.019802048768023304,0.20784632125794916,0.0003000371819898603,8.809611111504885e-05,0.0007162953296782053,0.00025094402709871706,9.195178319698094e-05,0.002918696465840777,7.343983883818844e-05,0.01285177218507989,0.0005077958912751531,0.00031314949820915804,0.0004873044090930545,0.00014550507241356173,0.007757997134579923,0.19246453807771538,0.08840790468695224,0.0058787731629382865,0.11057887370022688,0.00014414212554759247,0.22230759302179764,0.09503440078251724,0.00010601522982428847,0.0004301675882209389,5.635826943590995e-05,0.00022397279734506046,0.0006774622834006811,0.0025946367442189317,0.02689298061256704
Z_R_1879_HEN_0345,6.38878119323753e-05,0.006534462560618713,0.02262597325977177,0.003436568865369612,0.00011073607771596023,0.0009003772617299502,0.0003154345513716171,0.00011558262540016506,0.0006093525136986545,0.10717217522141709,0.0008574474280495256,0.0006382952047299286,0.024869023328784,0.0006125375823478385,0.0001828986637765691,0.0005734638819893821,0.2541640193919735,0.010166986936967746,0.0502215136702944,0.18182866775709386,0.00018118545092117312,0.23048799827886474,0.03685298508558601,0.00013326026064381383,0.0005407170745359258,7.084187514295239e-05,0.00334095656758676,0.0008515644460890922,0.03385568304386983,0.027685403321727087
Z_R_1879_HUM_0173,1.1380873506367988e-05,0.33851968972052887,0.00021554763595182602,0.0049721933406388545,1.972634928256217e-05,0.006155403344890094,0.0011461931139161842,2.0589705601524853e-05,0.0006535501420688679,1.6444538741162532e-05,0.1467580271975774,0.008833721720709894,7.011996671755132e-05,0.002289120679858676,3.2581277930259385e-05,0.00010215594655675736,4.128808889807062e-05,0.007261141446170837,0.23621181931043095,0.08471077148688134,3.227608890895774e-05,0.00018368764505584975,2.491970400599459e-05,0.004383747184074991,0.14724660640623394,1.2619659299167365e-05,0.003865159014389817,0.006146707907317647,3.598612289163849e-05,2.6824380963913986e-05
Z_R_1879_HUM_0174,1.1732557598965595e-05,0.4102212088012357,0.018763004482319184,6.925994743468421e-05,2.0335919650233825e-05,0.044550890367098174,0.0006197696947923434,2.1225954825037664e-05,0.01078690723869285,1.6952696808479247e-05,0.004652202785237657,0.0012409031421794212,0.002319655995628922,0.00011248831739665987,3.358808265031558e-05,0.0001053127008558154,4.2563945630076534e-05,0.041196058785113836,0.10417418576429545,0.22217060046219184,0.0022806426917811023,0.0546880676377944,2.56897559256689e-05,2.4472331049804112e-05,0.05066510662491658,1.3009623516504052e-05,5.1701406032544e-05,0.031057710855579977,3.709814183888103e-05,2.7653289928898805e-05
Z_R_1879_JON_0342,2.7409665916830177e-05,0.0001783097827810484,0.03989649747645265,0.0001618054720455228,4.750888789785738e-05,0.00038628713672728143,0.0001353302830416684,0.02892632847740146,0.0002614293449858619,3.960498399348979e-05,0.00036786903218660565,0.009461900299290789,0.00016887674401722572,0.0002627958289044019,7.846866435270671e-05,0.027810193294448615,0.07885418435526662,0.0857418274227823,0.0031703326246742534,0.1672649850652431,7.773364791388222e-05,0.4979098731969262,6.001654979896066e-05,0.03812196640633998,0.00023198281362716346,3.0393154372628208e-05,0.00012078511056339159,0.004303082379183844,8.666888403160789e-05,0.015815553014832076
Z_R_1879_JON_0344,1.738946796621873e-05,0.10337255490402758,0.0003293471901327412,0.00010265397182994609,3.014098335664826e-05,0.07519143207291483,0.0009185947022305531,0.002529672172650327,0.01848607965168501,0.0008578638627374347,0.023550032040884593,0.0026719480368388804,0.00010714018694126727,0.00016672511304061468,4.9782741944166145e-05,0.0009888270774427756,0.008390459759020422,0.07521547597740207,0.009505984820220593,0.18772590073320664,4.931642670864427e-05,0.46827905148789634,3.807619813166597e-05,3.627178586251205e-05,0.006809075181980314,1.928227749870657e-05,0.00757126555114949,0.006893683971145433,5.49851934390109e-05,4.098645971459295e-05
Z_R_1879_LSC_0343,8.853726226876375e-05,0.0005759668888732552,0.0186361443711322,0.000522655531756014,0.00015346071275269078,0.11148318933527758,0.0004371367676980382,0.00016017717478880982,0.06444181586578872,0.00012792993776800145,0.04782633560638022,0.0008845648056609979,0.013264968889955509,0.13228341438164581,0.004493289391205058,0.0007947200034820414,0.000321199805383929,0.001370182268178263,0.0017609937489453044,0.0018329112406311589,0.004490915179734786,0.11590424307398173,0.00019386230485772405,0.00018467526574730356,0.0007493386922072044,9.817436987483001e-05,0.10638575460870318,0.05205800686457053,0.00027995327412348633,0.3181954823766268
Z_R_1879_NAS_0149,6.25482797011797e-05,0.17113773603270085,0.2827407477872643,0.0003692366756090395,0.00010841428047842577,0.0398201110185719,0.0003088208525202265,0.00011315921086448473,0.012577687612288812,9.037773841907611e-05,0.04876391481171524,0.0006249121043561301,0.00038537316915373496,0.0005996945406227271,0.00017906383757481013,0.08442921961048115,0.00022691570478124522,0.0159443719618579,0.0012440765248274478,0.07018627387048727,0.00017738654555891838,0.24961759184210341,0.00013695650121806736,0.00013046620010439725,0.018501046928173955,6.935653745173884e-05,0.0002756290756035098,0.0008337097412874316,0.00019777656598395465,0.00014742443823869013
Z_R_1879_NAS_0150,6.25482797011797e-05,0.21007634794995936,0.2677643585883187,0.0003692366756090395,0.00010841428047842577,0.01885316614004808,0.0003088208525202265,0.00011315921086448473,0.009582409772499694,9.037773841907611e-05,0.015815858574034964,0.0006249121043561301,0.00038537316915373496,0.0005996945406227271,0.00017906383757481013,0.10240088664921583,0.00022691570478124522,0.012949094122068787,0.05815435548082065,0.05820516251133081,0.00017738654555891838,0.2406317583227361,0.00013695650121806736,0.00013046620010439725,0.0005293798894392544,6.935653745173884e-05,0.0002756290756035098,0.0008337097412874316,0.00019777656598395465,0.00014742443823869013
Z_R_1879_ON_0614,0.0002133920180653459,0.001388192198471046,0.0142603306483043,0.001259701461469073,0.0003698701580430097,0.0541013566290501,0.0010535846110362134,0.00038605813756055994,0.0020353015493625587,0.00030833602589176967,0.0028639646831245917,0.12475757746064682,0.0013147533180261455,0.0020459400139799643,0.0006109007928781352,0.0019154297410409354,0.04164935541338148,0.0033024056971215753,0.03490073842776698,0.014636472854342344,0.0006051784815713179,0.6881037775464569,0.00046724585107240263,0.00044510330040411144,0.0018060519565100302,0.00023661932132359117,0.000940346320658431,0.0028443149040069766,0.0006747418273208582,0.0005029586511123614
Z_R_1879_ON_0615,0.00010554138440681965,0.0006865848487571603,0.07275641120547964,0.015785359154844386,0.00018293378020669193,0.0014874051844502932,0.0005210915546261499,0.00019094017981114347,0.0010066381355430538,0.00015249966390565336,0.006470594104938093,0.001054450880846224,0.0006502627726939956,0.001011899805093131,0.00030214492556998194,0.0009473508355010302,0.07619451036560719,0.10271549704422586,0.06780260924243577,0.0274554737676602,0.1822472079528232,0.43130263348541087,0.00023109474490945093,0.00022014327880956163,0.0059473619111533055,0.00011702935740664172,0.0004650851208209604,0.0014067673916740417,0.0003337200107963897,0.0002487579095930848
Z_R_1879_ON_0616,0.0005515830296803229,0.003588246952970708,0.19534403358970825,0.003256119675465405,0.0009560531092556094,0.08701523443619037,0.0027233417493711504,0.0009978963556321403,0.005260917465838278,0.0007969975674952017,0.0866445946066375,0.19040814468341857,0.003398419608258476,0.005288416135179407,0.0015790773864214876,0.03136497541301288,0.0020010598616499492,0.008536171859502607,0.09021262938791438,0.011418951855247723,0.001564286159289357,0.14097210050687778,0.0012077531506410662,0.001150518323897331,0.1103239721165256,0.000611621762237617,0.002430639520634223,0.007352083017634879,0.0017440958885899223,0.0013000648248217555
Z_R_1879_RIF_0617,1.902093016074669e-05,0.0001237380249561415,0.005825429667537423,0.06842707810137258,0.005498152238819888,0.09773050220615864,0.0019156402325647272,3.441171295488046e-05,0.012022649650375599,2.748386780209172e-05,0.004809602163419562,0.00019003575398635647,0.028353973175465938,0.04299297085622827,0.0009653172179945337,0.0019924617377729465,0.10664008251147081,0.018511641728837888,0.05867361386750424,0.019521916160792938,5.394324369353776e-05,0.0777304307289533,0.007328559747061622,0.0027722664974467125,0.0001609844100210793,0.02279268906726938,0.1476437721892171,0.17787199352938274,6.0143848351790235e-05,0.0893094949324265
Z_R_1879_WEN_0110,0.0038226443743748055,0.14938872039190554,0.2618179243341063,0.00011719531630367698,3.4410573845480714e-05,0.055420265323406805,0.0010487173049780298,3.591660955148384e-05,0.017301914934301135,2.8685795156626362e-05,0.00026644665993315347,0.002099742226733427,0.00012231702167566773,0.00019034239017005214,5.683466586442302e-05,0.1076070637061223,7.202279608937843e-05,0.1875947239005035,0.11638001290319723,0.05269937938201725,5.6302295216215254e-05,0.04215113188585082,4.346984343746859e-05,4.140982897474481e-05,0.00016802459692094604,2.2013689000360394e-05,0.0010381822713494786,0.0002646185584746534,6.277406535987446e-05,4.6792355179172784e-05
Z_R_1880_MLL_0348,0.031705763172022415,0.22192943330277906,0.005698314500541433,0.00013019145429939488,3.822646496052246e-05,0.0003108132467456037,0.003277259952279365,3.989950945560534e-05,0.0012664741583899976,3.186684849673083e-05,0.06471953512454452,0.00022034164277214075,0.00013588112084839482,0.00021145002524545798,6.313723139187647e-05,0.05722863764660511,0.0011361332481660642,0.13763737889495956,0.04268360185441173,0.26976809656599404,0.01167990574919943,0.13553978143630344,4.829034396414253e-05,4.60018883565409e-05,0.00018665734537141445,2.4454852598589657e-05,0.0022094330278544967,0.009799075564879392,0.0021819825276258586,5.198129893761968e-05
Z_R_1880_ON_0618,0.0002947027491253215,0.016029712104475898,0.37250818147083326,0.0017396971411481707,0.0005108051996645586,0.018265839248445593,0.0014550416839556933,0.0005331614344940429,0.045148523935307286,0.0004258241489466348,0.003955247591576683,0.0029443386132323624,0.0018157259149463262,0.04516321607233118,0.0008436779629165612,0.17199605419413774,0.01518170124478803,0.01867331604795781,0.005861596413850055,0.02021354325611166,0.0008357752264939011,0.2446701029915171,0.0006452848521553927,0.0006147051209463561,0.002494228610198924,0.0003267805662200371,0.0012986551621769608,0.003928110475679999,0.0009318449362075371,0.0006946056301589815
Z_R_1880_ON_0619,0.00017422407515683296,0.001133390574358251,0.22856468781973277,0.0010284842145827258,0.0003019807713399186,0.0024553571482959077,0.000860199955562749,0.00031519745950694885,0.010004870804236107,0.0002517411824282791,0.002338286139861224,0.0017406511251132559,0.0010734313446641587,0.018356703895806296,0.0004987704161416969,0.04327959061155145,0.0006320586112511062,0.19458863974690502,0.09523991285846992,0.0036068120648924816,0.0004940984307308629,0.3448810215512416,0.00038148322984146623,0.00036340492753769867,0.0014745524910486237,0.00019318802453621348,0.025797188394582934,0.0023222430627825195,0.0005508934771806197,0.017096935590660424
Z_R_1880_ON_0620,7.6813010876995e-05,0.1697051530097185,0.2331927051699567,0.011488583092529401,0.00013313919016471113,0.05625822574463276,0.00037925039053043094,0.00013896624713727974,0.0007326311521233964,0.00011098924282791694,0.034136333789296286,0.0007674292642163254,0.00047326119239934217,0.0007364605947884968,0.00021990105193973766,0.048508415250766844,0.0002786659934181057,0.12993202266120946,0.10084404630352595,0.08251454290348456,0.00021784123749758028,0.12630466704950732,0.00016819073630797507,0.00016022026018263554,0.0006501100174109652,8.517395667990923e-05,0.0003384889126207121,0.001023845191773681,0.00024288139636642478,0.00018104598610966757
Z_R_1880_ON_0621,0.00014930980174409294,0.0009713142216637972,0.01712797990434774,0.000881409610227759,0.00025879712122853053,0.002104237825300491,0.0007371902230488863,0.00027012380548933885,0.030024359626865272,0.0002157418600463481,0.13785516588592248,0.044392132896995666,0.0009199292411994462,0.0014315385394317328,0.00042744558628248104,0.0013402208643154751,0.000541673393023307,0.0023106840845602376,0.024419949642992694,0.003091033164346105,0.014723574096744955,0.40281357182982136,0.0003269306229064615,0.000311437541767041,0.0012636895325834861,0.0001655618812547545,0.0006579577061092451,0.03059042402180103,0.25787449810451696,0.02180211736346279
Z_R_1880_ON_0622,0.00013572373053300104,0.000882931918360707,0.0025705346116519003,0.013800135638982207,0.00023524852577688928,0.0019127679780053736,0.0006701114462407244,0.000245544566790199,0.07928807901837587,0.0001961109701813492,0.008321031371939217,0.0013559989573437038,0.0008362225854132269,0.0013012792777425618,0.0003885512464182164,0.007717734669243079,0.03298970439830586,0.08659345914447339,0.17168558592970815,0.21079261534439644,0.0003849116846160754,0.3206643134827854,0.0002971823902250826,0.00028309906317535116,0.05314441401964263,0.00015049699279937598,0.0005980884936083281,0.0018090696788116334,0.0004291560611353198,0.00031989680331863146
Z_R_1880_ON_0623,0.0002490172195985058,0.0016199470095724954,0.00471625248850377,0.0014700051028297791,0.00043161894809076533,0.08698302812491512,0.0012294776197845872,0.00045050946558492725,0.014299890000107323,0.00035981186440679877,0.003342095589543604,0.0024879001543071998,0.025383848794153032,0.002387503986164118,0.0007128889743497882,0.03800960700916294,0.0009033968345382859,0.15887614013328713,0.016877718169276787,0.20787679977435,0.000706211339149467,0.33791356064401695,0.0005452512411563459,0.000519412053485566,0.002107567287370835,0.0002761222562750339,0.0010973345130385391,0.015243965875194282,0.0007873880912209314,0.07213572943656513
Z_R_1880_ON_0624,0.00019541944721391413,0.0012712741297043614,0.30316160998190267,0.0011536053011104786,0.00033871848854043896,0.002754065626124235,0.0009648482832133613,0.0003535430636932974,0.0018638818232097941,0.00028236696143645463,0.021339031657095355,0.011310551162622811,0.0012040205109857998,0.0018736242816840445,0.0005594487381914601,0.001754106009048036,0.0007089522174607519,0.06853124426195545,0.11618454189205522,0.0414781605473353,0.0005542083785824061,0.3961959434087232,0.0004278928835173335,0.00040761525059210155,0.0016539403778107575,0.0002166904713325682,0.0008611472905066028,0.011962897142138487,0.009976052577004095,0.00046059783520925975
Z_R_1880_ON_0625,0.00034885899355689806,0.0022694538324945558,0.19037285950423974,0.002059393729973918,0.0006046736529859437,0.021622473205959322,0.0017224283755570263,0.000631138196005931,0.003327365552529654,0.0005040760036160169,0.004682086265435619,0.0034854069341109487,0.002149393981370659,0.003344757599772406,0.000998716998408606,0.003131395905745016,0.0012656076996910017,0.005398861392564392,0.006938756532274078,0.17428181801463616,0.0009893620104319506,0.5569275669922258,0.0007638660472241242,0.0007276668116062427,0.0029525821704662666,0.00038683161179808715,0.0015373033817946081,0.0046499622795961515,0.0011030860335076579,0.000822250290421185
Z_R_1881_HOL_0365,1.3858163613874255e-05,0.012035531360831757,0.31681500963098946,8.180788164405062e-05,0.0020149167100594408,0.03603144146681761,0.0013956865171077402,2.5071494628929816e-05,0.010086659616064583,2.0024043699476255e-05,0.00018599238867005928,0.006111144692833704,0.0027399117408265835,0.00013286800375646732,3.9673288702664685e-05,0.001451656702542552,5.0275322973539354e-05,0.1495317032229995,0.06199342842401756,0.05005930620458671,3.930166877489816e-05,0.3419942369621937,0.0026848726758816684,2.890602196838829e-05,0.004099082126374847,1.5366597583336352e-05,6.106823152775396e-05,0.00018471628726543686,4.3819270865480695e-05,3.2663280198204e-05
Z_R_1881_KLI_0364,1.3712562057595919e-05,8.920517197403108e-05,0.14603815725848765,8.094836264751615e-05,2.376784071588118e-05,0.1394051044001813,0.004007661375333334,2.4808079595170116e-05,0.016547280361411718,1.9813659985813774e-05,0.0001840382494348165,0.003420298900670515,8.448599262200543e-05,0.0007881316975822594,3.9256459118404005e-05,0.002093064470554819,4.9747102534576244e-05,0.22347650324126372,0.00027274093920080897,0.029833564993762527,3.8888743635795904e-05,0.29768815566410933,3.0025198632418007e-05,0.01119181685880322,0.00011605682235641296,1.5205147582804053e-05,0.002687065329988946,0.042865654677231906,0.07884252033687181,3.232010165286972e-05
Z_R_1881_LOH_0363,2.2457490757272848e-05,0.03455991956036167,0.24024667904303096,0.00013257165935420223,0.008642381701056303,0.01752340837505191,0.00011087981115162954,4.0628966043993774e-05,0.008817652596455856,3.244944920797469e-05,0.0013768372295135617,0.0034506661421608974,0.0001383653463487297,0.03355370924840983,6.429152802458707e-05,0.01095590131454417,0.002232336473759612,0.05411914924358618,0.001522108392349361,0.09080121007997916,6.368930890482723e-05,0.29933257332713875,0.031236702533910345,4.6842910739969574e-05,0.00019006987931506538,0.016156382632177224,0.11409475941112414,0.00029933723035483747,0.029107675430384613,0.001128363684802328
Z_R_1881_WEG_0362,4.7260107280499396e-05,0.0003074440779017504,0.0076845796454747374,0.0002789871277762583,0.05439790408019875,0.12514018198220075,0.00023333825790713023,8.55006160166438e-05,0.0140297570800736,6.8287435463615e-05,0.0028974508273380355,0.0004721698699604096,0.00029117950812143677,0.0004531160322995318,0.0001352967054293555,0.027582206128592628,0.00017145252599792154,0.20215317769705737,0.014518994073491437,0.21371600772518906,0.0929238432890168,0.12297375398728833,0.00010348132628507179,0.002361743590111286,0.0003999878251897983,5.240427740351315e-05,0.00020825927978960977,0.02326159471049307,0.004675768018079108,0.08837487219257256
Z_R_1882_DRA_0368,1.6509586425087917e-05,0.07521459589138295,0.413006954537047,9.745983161171764e-05,2.8615893863481174e-05,0.00023267123678376932,8.151310601841939e-05,2.9868315811197647e-05,0.0025292721567321858,2.3855157815085105e-05,0.001802781618683336,0.00016494523021640364,0.00010171905082680658,0.0017394931738036333,0.0032096720215769427,0.00014819182618731018,5.989428417845114e-05,0.1567947051116234,0.00032837336221214095,0.1213038980093001,0.04352993402033404,0.08090787466603838,3.614959842444229e-05,3.443648676616979e-05,0.045204046589990714,1.830662257498879e-05,0.05225248767235302,0.00022005725965574302,0.0008428050767177855,3.8912605045247725e-05
Z_R_1882_HOL_0373,6.292523683609698e-05,0.00040935140711806416,0.38991125727669373,0.0033847912961213226,0.00010906765634661125,0.02198011709513928,0.0003106820104021841,0.00011384118280872947,0.003613500971690584,9.092241420388616e-05,0.006871187284681305,0.0006286782363354366,0.00038769568172182154,0.009643296766202712,0.00018014299421192258,0.0005648237042352533,0.006254941962458114,0.16068027239009816,0.016318220934875057,0.07663592130369104,0.00017845559372948707,0.2872819041621917,0.00013778189130959507,0.0001312524753661607,0.006559228995530316,6.977452563255682e-05,0.00027729019797387354,0.0038520635824484816,0.00019896849784879994,0.003161642272097716
Z_R_1882_HOL_0376,8.005209260986391e-05,0.000520767793658827,0.20085766878800834,0.0004725656515578897,0.00013875345673059356,0.1199663989682444,0.011895715375541934,0.0001448262313697494,0.0007635250352648047,0.00011566948156461419,0.016408354013143684,0.0007997905280518588,0.0004932178594492934,0.0007675159593982393,0.0002291739273581648,0.0007185562065894232,0.0002904168923679955,0.012739340340891822,0.0015922249125800683,0.059159613043157075,0.00022702725383762324,0.35013971217128115,0.0385101917471971,0.0001669764921291235,0.000677524116372963,8.876560611596446e-05,0.015686725919017777,0.10840476339971032,0.057755486331211546,0.00018868040558784864
Z_R_1882_JON_0374,5.835344496713013e-05,0.13451070878862528,0.36158251025458243,0.00034447361514871195,0.00010114341720943462,0.017588768197388287,0.0030825074986675204,0.0001055701262329049,0.020117351742767645,8.431650575022565e-05,0.0007831699003537152,0.0005830020308320511,0.0003595279058905415,0.0005594756968616785,0.00016705482295347184,0.0033181846941871727,0.00021169747840211507,0.1518005503246028,0.057048599574307544,0.05989039708965733,0.00016549001944791197,0.1797832910990687,0.0001277714382377882,0.00012171641273323372,0.006082672508876699,6.470510317207669e-05,0.0002571438602533941,0.0007777965395562888,0.00018451257195351784,0.00013753733731239977
Z_R_1882_JON_0375,0.00041882832270292265,0.002724629605859332,0.18844198033952356,0.002472438542907207,0.0007259507610241577,0.0259592108926491,0.0020678893215714395,0.0007577231973634056,0.00399472267914511,0.0006051766215247518,0.005621154602634485,0.044297705533669414,0.0025804898043954405,0.04412884669420055,0.0011990258901843438,0.003759448141353647,0.0015194458501899936,0.24716115287055038,0.0283870585467466,0.008670644663108358,0.001187794607644599,0.3677790952819759,0.0009170717717971396,0.000873612192376859,0.003544770411364644,0.0004644169653933159,0.001845634507850386,0.005582587630430335,0.0013243278279872713,0.0009871659218753325
Z_R_1882_KHN_0626,0.0002490172195985058,0.013544747550093786,0.04049065411006764,0.0014700051028297791,0.00043161894809076533,0.0035094243412660945,0.0012294776197845872,0.00045050946558492725,0.0023750894595860332,0.00035981186440679877,0.015266896130064893,0.01441270069482849,0.0015342477131104501,0.002387503986164118,0.0007128889743497882,0.0022352053875990723,0.012828197375059577,0.14695133959276585,0.004952917628755497,0.10055359490965839,0.000706211339149467,0.5644847709139215,0.0005452512411563459,0.000519412053485566,0.03788196890893471,0.0002761222562750339,0.0010973345130385391,0.02716876641571557,0.0007873880912209314,0.000586926193437385
Z_R_1882_MLL_0370,5.8190836616290585e-05,0.15642876766090594,0.1320728195744318,0.0003435137011882145,0.00010086156985183703,0.0008200892243078996,0.00028730676300868974,0.00010527594335930892,0.0005550156046022854,8.408154844896743e-05,0.003567598496902565,0.0005813774309678425,0.0003585260414780705,0.0005579166557381814,0.00016658930614849902,0.04789471398662172,0.0002111075598830071,0.11236498743376361,0.012303851537616933,0.20184066615741458,0.0001650288631415793,0.304679799392804,0.00012741538894424698,0.00012137723644028642,0.0004925004940420229,6.45247952207014e-05,0.016976093218731676,0.0007756291231739795,0.005757220379988166,0.00013715407425720518
Z_R_1882_MLL_0371,6.549072338833214e-05,0.012970776725226528,0.29290546884734775,0.0035227905630122905,0.00011351438741525816,0.09814467048367326,0.00032334863765357273,0.00011848253242092197,0.013169376747314804,9.462935664328301e-05,0.019696064182476623,0.0006543096942702324,0.0004035021865174684,0.0006279058267477051,0.00018748749464398055,0.02254113961447201,0.0033737744209637634,0.11077995847628291,0.00757496926819741,0.01703671832731104,0.0001857312981829586,0.3805352832727615,0.0001433993129844154,0.000136603690195539,0.0005542833803302535,0.0063449872108249095,0.00028859542795372345,0.007145297698699842,0.000207080521437668,0.00015435969065010456
Z_R_1882_MLL_0372,0.0016105830256917734,0.05227638163819173,0.516511684071064,0.00019448009761192895,5.7102723653313884e-05,0.058836910720595534,0.00016265856971999672,5.960191884599199e-05,0.0003142217867463025,4.760272353957083e-05,0.03515019858484133,0.00032914652059845594,0.001780617640776354,0.005048779159583344,9.431444629078203e-05,0.0002957152741348776,0.00011951843175585086,0.14091965476849866,0.013276372205322228,0.0006820261823199346,9.343100231968604e-05,0.15671792179953975,7.213615408475943e-05,6.871765728447443e-05,0.0002788288904457298,3.653067819276335e-05,0.00014517617850295694,0.0004391220119132344,0.014302915432385438,7.764970554929981e-05
Z_R_1882_SHR_0369,5.3426695301298457e-05,0.054075396159938775,0.3361712320761591,0.00031538989491115404,9.260393342714297e-05,0.023779163222429723,0.015614595016699272,9.665689781198222e-05,0.0005095759284246302,7.719770896345474e-05,0.069795693831724,0.0005337794860071665,0.013121515112044173,0.04656467049477258,0.00015295047498181061,0.0004795637722227339,0.00019382397527710628,0.19527041689486552,0.008738054659568515,0.019015325925314994,0.00015151778698635393,0.19530590615967858,0.00011698376510220136,0.00011143996211240963,0.0004521789917616659,5.9242086453694396e-05,0.015586243686170119,0.0032705959905524667,0.00016893427571538155,0.00012592513462196845
Z_R_1883_ELA_0349,2.065797467214942e-05,0.11093126151244782,0.2536412484873144,0.0001219487079293138,3.580625192127198e-05,0.15560460993365874,0.0020805106307019354,3.737337178779118e-05,0.012068126345574698,2.984927867092413e-05,0.022040925284980264,0.001195649065518776,0.019912434204845016,0.005144351609996586,5.913985546829577e-05,0.00018542820596311336,7.49440097230282e-05,0.22883825051826315,0.011292720055118208,0.011309500218448997,5.858589209555993e-05,0.09530216941586098,0.009937810990279967,4.308939382832274e-05,0.0001748396023076414,2.2906554758515297e-05,9.103269490268446e-05,0.007200155993480408,0.05249598370650078,4.8690232980672647e-05
Z_R_1883_JON_0350,3.263578612766152e-05,0.003337996969019612,0.3850778986922765,0.000192656444481527,5.6567267521691413e-05,0.0848535527755737,0.00016113330922548337,5.904302759071122e-05,0.0003112753076357056,4.715634955650228e-05,0.03013205869871338,0.0034517494767621047,0.00020107597503761897,0.00031290233501530526,9.343005329976493e-05,0.015921389259458355,0.00011839769927531079,0.17710651418738474,0.05691153015557217,0.002238475469084158,9.25548934429984e-05,0.03647217051568042,7.145972845135434e-05,6.807328712855862e-05,0.003401903678456797,3.618812753354436e-05,0.00014381485158242546,0.006686383105920068,0.19233309099422377,7.692157896802702e-05
Z_R_1883_JON_0357,4.7260107280499396e-05,0.0003074440779017504,0.18421154269114215,0.0002789871277762583,8.191545076261974e-05,0.005192373758862646,0.00023333825790713023,8.55006160166438e-05,0.02308242185164629,6.8287435463615e-05,0.0006342846344448637,0.0004721698699604096,0.007080678086800953,0.0004531160322995318,0.0023984628983225276,0.0026873780067677346,0.00017145252599792154,0.17725834957523248,0.0009399969161324054,0.055294374222666996,0.00013402938039674915,0.5258173363222729,0.00010348132628507179,9.857739721811445e-05,0.007189486403869314,5.240427740351315e-05,0.0047345916655759535,0.0006299327815613493,0.00014943563229276432,0.00011139066973885848
Z_R_1883_LOH_0355,0.00012080548391185432,0.01235601733512192,0.3378218771017469,0.0007131421597533257,0.00020939088458902426,0.0017025236507027285,0.0005964552935589965,0.00021855522314724528,0.0011522248620470781,0.00017455518323982865,0.0016213476145362589,0.0012069526057275988,0.0007443081154058308,0.0011582475093693,0.00034584314153296577,0.0010843630369283509,0.00043826403626542567,0.11757089785599358,0.042898273167979645,0.089276937662914,0.006127670628080382,0.3779791592733436,0.0002645172094830778,0.0002519818692544356,0.0010224420882946666,0.0001339549242494983,0.0005323488354521614,0.0016102234820753267,0.00038198482634952156,0.0002847349389454486
Z_R_1883_MLL_0351,9.124531069889113e-05,0.08798369530578057,0.04979269858286625,0.0005386417555899151,0.013266671282311609,0.0012859292016406305,0.00045050726851522096,0.0001650764402010645,0.009609295454426828,0.0001318428718057321,0.0012246163174778684,0.0009116205816352378,0.0005621816414846286,0.013983349985407154,0.000261217983492217,0.17996875648339777,0.00033102419577547663,0.0451071471932186,0.010553867611338152,0.2946458474554846,0.000258771153110087,0.14129688062709267,0.0001997918818163743,0.056993896372033906,0.06631484205675633,0.00010117718407311898,0.00040208716788442807,0.023063742070504337,0.00028851607587578986,0.00021506248830445546
Z_R_1883_MLL_0352,3.564390398058906e-05,0.07192149994127972,0.2225715299899014,0.00021041404614797568,0.0068893643938521985,0.027812665817561262,0.029193213893661998,6.448516355433594e-05,0.0003399662914046194,5.150286219832815e-05,0.04827146422396347,0.00035611382359981435,0.00021960962481518034,0.002048639082520645,0.00010204172302426967,0.00031994352174091474,0.0001293106961782332,0.31462044344833967,0.09458822108097868,0.009272384252075695,0.00010108589760672864,0.12347179106281994,7.804634119844786e-05,7.434776354281965e-05,0.013956839993874343,3.952367312364759e-05,0.00015707060772903608,0.0021819955134623208,0.03083682974242528,8.401162343835085e-05
Z_R_1883_MLL_0353,2.9500650538970493e-05,0.14570114877550336,0.05989258986692936,0.018539392455186546,5.113316972277413e-05,0.09930552788861105,0.00014565414257387352,5.337109750943119e-05,0.005932216978806409,4.2626305477005245e-05,0.00887219863178204,0.00029473734043935915,0.0030071818078193234,0.025711642166555842,8.445475593730544e-05,0.0016775120499246626,0.001519734934060929,0.10217173963371619,0.03025369549788826,0.14046911899551956,0.002909085733414653,0.2999708803594322,6.459499606986136e-05,0.022664910396401332,0.007313235110537896,3.271173857589207e-05,0.0029554214369824543,0.01875845935296222,0.0015059915736556195,6.95321574655811e-05
Z_R_1883_MLL_0356,4.2283937260374436e-05,0.0002750722935077924,0.4300732924869644,0.002274481750103697,0.0891675739205044,0.04919279368698237,0.00020876931571971467,7.649797876914446e-05,0.00040329794806493396,6.109722984075404e-05,0.0005674987474933794,0.002447323654626251,0.0022853903551669544,0.0024302760573484865,0.00012105087637561912,0.08137434846055977,0.00015339973329726696,0.0937984002466013,0.025139462576676524,0.06769608090995362,0.00011991699210724082,0.09180161773078643,9.258544171912584e-05,8.819786325329974e-05,0.00035787180940695336,4.688646102205786e-05,0.022459901887898277,0.0025884751974392037,0.034556492465810065,9.966198474061547e-05
Z_R_1883_WIL_0354,8.92944477605042e-05,0.14169165544001247,0.2582562121621511,0.000527125369377853,0.0001547731344638541,0.0012584354970145506,0.06458213104628698,0.00016154703680792095,0.009403844695122447,0.00012902401601658272,0.014026684670332345,0.0008921297519919284,0.000550161962658249,0.0008561289468827022,0.0002556330336582818,0.000801516582020983,0.0003239467599017713,0.14676874680300975,0.04881297499097143,0.16433976799425026,0.00025323851753397453,0.1297237267302899,0.00019552024774947553,0.0001862546395422905,0.0007557471621734058,9.901397352446994e-05,0.0003934903759197948,0.01401846216889658,0.0002823474813996054,0.0002104643622785058
Z_R_1884_H_0627,0.00029060161517043497,0.0018904685315790425,0.04725235267932319,0.0017154872176304648,0.0005036967469782686,0.03192782005208607,0.043183307132114955,0.0005257418686130689,0.002771715282351977,0.00041989830712385265,0.0039002056883506624,0.0029033646925707814,0.0713713147245818,0.002786202961079514,0.0008319371958182698,0.002608471401781912,0.001054258736323387,0.03232962633463409,0.005780025433755605,0.006016076771998633,0.0008241444352298212,0.658750372489031,0.000636304957581613,0.0006061507791519955,0.016375689849986455,0.00032223303186584574,0.0012805828544122722,0.05953813162728647,0.0009188772224012955,0.0006849393791872643
Z_R_1884_JON_0390,8.225947934993598e-05,0.0044743246398520195,0.6475862580100621,0.0004855963559286818,0.00014257949713179771,0.060247245955706234,0.0004061413465259233,0.00014881972476033696,0.004723775761639106,0.00011885899568613859,0.001104016194449646,0.0008218442551800285,0.0005068180356273356,0.0007886797353388148,0.00023549325608434877,0.0007383699477510944,0.00029842495782145327,0.17853689364236305,0.0016361295257470273,0.0056421446661092155,0.0041724843870628745,0.08405080745379756,0.00018011639229103548,0.00017158076520448043,0.0006962064231285074,9.121326257973436e-05,0.00036248965377094506,0.0010964414940732652,0.000260103034378922,0.00019388315059834844
Z_R_1884_JON_0393,0.00012221958083990898,0.10614520358482067,0.22472058435019612,0.0007214898945143509,0.0002118419240374986,0.0017224526587778569,0.0006034371421558627,0.00022111353639309367,0.036282419323239036,0.00017659845098233915,0.036757033424479064,0.018779434179519397,0.0007530206654113381,0.001171805455514536,0.00034989143229092,0.006949840625543157,0.00044339416618413015,0.2184444686521918,0.0375476373624621,0.11373311302627984,0.000346613997194259,0.1834089473276452,0.00026761353393156507,0.0002549314604128814,0.0010344103547123254,0.00013552294285879606,0.006391364783740113,0.001629072064157458,0.0003864561760930355,0.00028806792342127237
Z_R_1884_JON_0394,0.00033757979836197724,0.0021960785913933334,0.16805194938456422,0.001992810083593641,0.0005851235416595406,0.00475754553601293,0.0016667393831102555,0.0006107324417063502,0.003219786254747507,0.00048777838267785015,0.020696543498116712,0.0033727178939267056,0.0020799004762169396,0.003236615987991442,0.0009664268061602045,0.003030152634664738,0.0012246884843385062,0.15071683943516975,0.022880251837929223,0.0878178105253317,0.000957374280603563,0.5065894927077961,0.0007391689793298195,0.0007041401255910981,0.002857120246752666,0.00037432469829544056,0.0014875997902653124,0.004499621215816095,0.001067421415657711,0.0007956655622185902
Z_R_1884_JON_0396,4.926710074333458e-05,0.05930240027448651,0.0009330924458025386,0.00029083486519968036,8.539415158760944e-05,0.040802018116307785,0.00024324742623528162,8.913156793969606e-05,0.024062662321429847,7.118739579920666e-05,0.0006612207797090306,0.0004922214927113656,0.000303545018970635,0.002831634495487414,0.00014104234628726142,0.0004422268033931115,0.00017873359493037386,0.1729895942359131,0.02221339972743324,0.088313146631477,0.00013972120180306914,0.567021412302886,0.00010787586445543583,0.00010276368038979269,0.00041697409535640937,0.011851009723928553,0.00021710341995695502,0.005375236115130151,0.00015578171050511686,0.00011612109374445459
Z_R_1884_KLU_0392,3.91157636760935e-05,0.00025446217934806754,0.20491465209215523,0.00023090922104764434,6.779894498405905e-05,0.0024244166486681795,0.00019312702992218463,7.076627800308527e-05,0.007865697643235723,5.651944824812986e-05,0.0005249782383494511,0.0003908007431875643,0.002114154802800461,0.00037503045712701874,0.00011198099751060878,0.0022242616250774437,0.00014190607839291195,0.3134221174363303,0.0007780070622663073,0.0045560888445047385,0.00011093207085070925,0.4520615199457848,8.564836892627593e-05,8.158953492217754e-05,0.00033105784442208786,4.33734379476975e-05,0.00017236991704767309,0.006140839291279576,0.0001236833603203283,9.219469366344033e-05
Z_R_1884_MLL_0391,0.0002716967243131358,0.02778921392309017,0.44751517529606133,0.0016038873609077993,0.0004709290969388288,0.016839913117073012,0.001341453584817826,0.0004915400881466616,0.015602267495121612,0.00039258210771909205,0.05568993753190301,0.002714488272872304,0.0016739809343672004,0.0026049484183110587,0.0007778160861408588,0.002438779064985533,0.079050860266291,0.00420471589516628,0.0314257383406545,0.005624704980423892,0.0007705302783039126,0.2906242073338086,0.0005949105703963124,0.0005667180515802145,0.0022995161907735525,0.0003012703806621777,0.001197275405889682,0.003621461802273594,0.0008591002882966224,0.0006403811127102966
Z_R_1884_ON_0628,0.00017136463438043576,0.0011147888786914102,0.15916365766301854,0.001011604287406121,0.0002970245324821147,0.002415058766202988,0.0008460819823344394,0.00031002430265408766,0.001634450571406306,0.0002476094974043473,0.010506125149380466,0.0017120828069852932,0.001055813725774045,0.018055425742412926,0.0004905843806314362,0.009744403389490376,0.000621684992309766,0.19960118291177187,0.0034084185822031137,0.003547615507345134,0.0004859890738631976,0.5772009484344506,0.0003752221622941801,0.00035744056889662365,0.0014503514986424538,0.0001900173392312509,0.0007551458807670789,0.002284129406558784,0.0005418519754783808,0.0004039013555322096
Z_R_1884_WIL_0395,1.7789444195979182e-05,0.007782747409701361,0.22949565072270087,0.00010501512219419185,0.023883787378905744,0.000250708399120439,0.000939723355872508,3.2183770305945366e-05,0.0001696730911616749,2.570445968851538e-05,0.05901924628499557,0.020623120519822444,0.00010960452501715589,0.10410128428028986,5.092779787506907e-05,0.007826700613418195,6.453741472479081e-05,0.22347079525616179,0.01909543557764408,0.18522866634022317,5.04507568939323e-05,0.04373357249858952,3.8951991123257264e-05,3.7106075455738785e-05,0.07341320340741302,1.9725790357760675e-05,7.839205302948542e-05,0.00023711656002582722,5.624991127897636e-05,4.1929191813109034e-05
Z_R_1885_BLA_0381,5.3290353616058716e-05,0.0003466730096761274,0.4169754021827882,0.00031458503903269725,9.236761380692162e-05,0.028822358909017253,0.0334383228574159,9.641023527252677e-05,0.00561215419012009,7.700070509343496e-05,0.000715217429833184,0.0005324173131409955,0.00032833313012694117,0.000510932263590333,0.00015256015464850843,0.00047833995456910517,0.00784914735107718,0.05186349591774295,0.024027391679830732,0.0827652833240197,0.00015113112278590106,0.22287883001256392,0.0001166852296305654,0.0001111555740896848,0.07445726575239604,5.909090424302866e-05,0.046169740549139825,0.0007103102937221486,0.00016850316569227614,0.00012560378131775272
Z_R_1885_JON_0379,3.164661135564122e-05,0.021422531489274286,0.2142814339173387,0.00018681712154311827,5.485274121196193e-05,0.0246936089372257,0.001671725068950602,5.7253462199886216e-05,0.00030184070476566406,4.572706358375452e-05,0.003455684944286029,0.0003161773687857536,0.00019498146023143168,0.02303555289469574,9.059823391869885e-05,0.007861441551531234,0.00011480912271305915,0.13688256252637968,0.0006294466684932411,0.05672775111326645,0.006151652126919309,0.42635942980624236,0.0031002450825032167,0.006127912546160804,0.0032987936359283494,3.509128302479528e-05,0.054696578638218904,0.007999197724479587,0.00010006603137367338,7.459012339831891e-05
Z_R_1885_JON_0380,0.00011235567733426515,0.006111341568129642,0.47560555696803153,0.0006632610358414626,0.00019474492302672854,0.001583439689640946,0.0005547358972240581,0.00020326825684144792,0.00107163185498383,0.00016234582413020092,0.0015079415563488405,0.011883386198596548,0.0006922470714394978,0.006457660526058084,0.0003216529511747895,0.0010085166628629378,0.0004076094151634694,0.16315160900575593,0.02375644781402204,0.1475975401140888,0.0003186400260962231,0.13094367880237281,0.00024601540654997173,0.00023435685764641197,0.0009509268093262047,0.00012458537277408883,0.005875540682045954,0.0014975955075029446,0.01649654852927911,0.0002648189957112308
Z_R_1885_JON_0386,0.04540879590856929,0.0003423052979058433,0.2857325744893966,0.0003106216016164933,9.120387996333671e-05,0.015860289751293076,0.0002597965861982081,9.519556869156315e-05,0.0005018717897637763,7.603057798065231e-05,0.0007062064497470413,0.11895572702986539,0.0003241964813628237,0.0005044950596569025,0.00015063805871217589,0.0004723133791177296,0.002710681212482101,0.15452136290314658,0.001046583582299814,0.14723700647377574,0.0001492270311334678,0.20747185539845422,0.00011521511965185131,0.0001097551318985325,0.0029651302303515424,5.834642160153279e-05,0.0027516615003692437,0.0007013611383398402,0.00016638020474757538,0.010203171741907062
Z_R_1885_KUN_0382,0.0004700500213327829,6.254867137094684e-05,0.006628192950745711,0.02814329903216056,0.007844061830169754,0.003818984963490215,4.747204145778484e-05,1.7394870539505418e-05,0.0037751865309985666,0.12433136436602724,0.003812524140364177,0.0033191072477034363,5.923968836134802e-05,0.001013055398032311,0.029955805919998538,0.0005467398329544085,0.01845228473648391,0.08578972341478804,0.02827777969709007,0.10886172868653887,2.7267917228078627e-05,0.13506266375351084,0.036395424279919,2.0055306530150682e-05,0.04934792995684101,0.004615012304612634,0.005567590745019543,0.06320776402586663,3.0402277770908242e-05,0.2504993453920931
Z_R_1885_LEH_0383,0.005449195357604749,0.00036630347906266915,0.16824595214637686,0.005725285937653419,9.759795930407657e-05,0.011579328172684231,0.02454600367831935,0.00010186949549539422,0.003233500494954536,8.136089449927002e-05,0.022327266527270913,0.0005625656127627149,0.0003469250980034303,0.08952250640820875,0.00016119892190711755,0.0005054261065695193,0.00020427668405826794,0.25973000485181225,0.0011199569789648557,0.0928447812255987,0.05139211946800649,0.25976740801272313,0.00012329256785474486,0.00011744979381088419,0.00047656449572775996,6.243694548185926e-05,0.0002481299989730117,0.0007505318399246776,0.00017804471101981071,0.00013271613536658834
Z_R_1885_SCH_0385,6.0030948523772804e-05,0.0003905230156359423,0.09887774878302491,0.0003543762989561037,0.0001040510166184394,0.11008573398072828,0.003171121243671011,0.000108604981541459,0.0005725663201831848,8.674037701197135e-05,0.03242770577377807,0.0005997617607983206,0.0003698633597987624,0.0005755591084215147,0.0001718571968290265,0.0005388442605670499,0.00021778320775625812,0.2222831781397172,0.0299412997594242,0.10760775201743218,0.000170247409459232,0.3746837051276086,0.0001314445211586333,0.00012521543006420365,0.0005080743554302589,6.656519970562721e-05,0.00026453605004419183,0.0008001560842615757,0.014563463108458605,0.0001414911633914372
Z_R_1885_SEI_0384,0.011384667862729968,0.015383777660739967,0.040455973629341946,0.0002330923103845955,6.843993780877045e-05,0.011901656427817887,0.000194952914387895,7.143532493946716e-05,0.00037660759710241313,5.7053801117370186e-05,0.0005299415498580705,0.051447815785644814,0.0021341426958162426,0.021178076972508144,0.00011303970153506229,0.00035442678870747696,0.0001432477036653137,0.008174524541263379,0.0007853625888840851,0.13885048727947646,0.00011198085798836161,0.47713495442737075,0.013322504116414646,8.2360908377457e-05,0.00033418777074894845,4.3783504247609336e-05,0.05689991098797015,0.08939690017409886,0.00012485270221082768,0.05870984147684296
Z_R_1885_ZER_0387,4.095701510766292e-05,0.16894057587205058,0.14591391366092113,0.0002417785456845656,7.099036687587016e-05,0.0005772112707554216,0.00020221787685703054,7.409737775506722e-05,0.00039064196056464123,5.917992334098827e-05,0.06723481334721547,0.0023705236170095617,0.0002523448252537594,0.000392683835232718,0.000117252150432033,0.0003676345795532851,0.00014858586028731585,0.17911461281003574,0.024350555205188317,0.0028092252243222438,0.0001161538488518291,0.3654678990728673,8.967999625695931e-05,8.543010542005986e-05,0.014075931464252352,4.541510599167575e-05,0.009987119483979609,0.01623653576418485,0.00012950536512987016,9.653446862211414e-05
Z_R_1886_HOL_0407,0.0001004638336095643,0.0054645107127537,0.10293283159504515,0.0005930607862942645,0.00017413291439700103,0.0014158467581268715,0.0004960220631323082,0.0001817541295458647,0.0009582092060155384,0.0001451629703953559,0.0013483394271147906,0.0010037217006218136,0.0006189789092268368,0.000963217738897293,0.0002876088626185906,0.02495656002751029,0.00036446760354481937,0.15069442731441,0.050107783252728015,0.01170173118374942,0.00028491482871703124,0.4009309341943778,0.0002199768757167034,0.00020955227996003668,0.010472194044027381,0.0001113991251490101,0.0004427100748682424,0.030204831416933035,0.20237786589740014,0.00023679027311307354
Z_R_1886_JON_0408,0.0001451582377089427,0.06350563210858678,0.6492162473314133,0.0008569019865130814,0.0002516012586103867,0.00899698779006532,0.000716692624221988,0.0002626130040361996,0.0013844978307542808,0.00020974315040650848,0.001948189393549435,0.0014502579483350985,0.0008943505778562825,0.0013917345624267776,0.00041556044744855806,0.001302955978323687,0.0005266121461995544,0.224686703209999,0.0028871770220022857,0.0030050868837492675,0.00041166789030208976,0.023196633481952774,0.0003178403059936174,0.0003027780104938585,0.0012285526028321414,0.00016095842760482527,0.0006396631700679021,0.008886081154171475,0.00045898780774646656,0.0003421336566280577
Z_R_1886_JON_0409,6.273619202691065e-05,0.057489374770989296,0.41277406791666665,0.0003703459646700711,0.00010873998695164098,0.009896976816018659,0.0003097486357447778,0.00011349917242047017,0.0005983685331396853,9.064925813315567e-05,0.0008419913731907913,0.0006267895130949156,0.00038653093670283384,0.0006014961888278408,0.00017960179485091343,0.0005631268176638258,0.0002275974222966435,0.2563343918685268,0.0012478140746734943,0.07940996229016083,0.00017791946378606396,0.17526060003886007,0.00013736795641381075,0.00013085815664114014,0.000530970292991438,6.956490366611702e-05,0.0002764571415532557,0.0008362144358564641,0.00019837074146994213,0.00014786734201144554
Z_R_1886_KLU_0402,3.44672634387977e-05,0.06624620110345732,0.048518726316669196,0.00020346807026960686,5.974174803255423e-05,0.01864179480965786,0.00017017589820312812,6.235644449417356e-05,0.00032874366771202466,4.9802701752551836e-05,0.018618634306236437,0.0003443581538906807,0.00021236009378553075,0.00033046200172412514,9.867322477194618e-05,0.00030938186948843206,0.0001250420221381103,0.16228725621673162,0.0006855490434606286,0.013917942104796271,9.774895209727434e-05,0.6657277420955848,7.546995424480258e-05,7.189347029751074e-05,0.00029171507506960657,3.821895756322192e-05,0.00015188555153882645,0.0021099656823712937,0.00010898488390658573,8.123831661502686e-05
Z_R_1886_KLU_0403,0.0002030189666229897,0.0013207117499651972,0.23717454235453664,0.0011984669870951134,0.0003518906562267905,0.0028611664058981563,0.010724430877039177,0.00036729173309537694,0.001936364916850934,0.00029334771711103744,0.002724746481541975,0.04091658266245202,0.00125084275602135,0.0019464862424406265,0.0005812047179820228,0.0018223201138947488,0.15628950351826348,0.11980661078815757,0.004038018818055918,0.023647050757165746,0.0005757605699827788,0.36299300177666416,0.0004445328869543289,0.00042346669246481867,0.02116238189114319,0.0002251171835463787,0.0008946357976208106,0.0027060518842135658,0.0006419424201613768,0.0004785096768317537
Z_R_1886_KLU_0404,6.273619202691065e-05,0.00040812160231255574,0.2505431378583223,0.0003703459646700711,0.00010873998695164098,0.030926912193952195,0.0003097486357447778,0.00011349917242047017,0.0005983685331396853,9.064925813315567e-05,0.0008419913731907913,0.0006267895130949156,0.00038653093670283384,0.0006014961888278408,0.00017960179485091343,0.00356740330022576,0.0002275974222966435,0.2172787975952217,0.0012478140746734943,0.02533298560404602,0.00017791946378606396,0.44264120698687215,0.00013736795641381075,0.00013085815664114014,0.000530970292991438,6.956490366611702e-05,0.0002764571415532557,0.02186614981379,0.00019837074146994213,0.00014786734201144554
Z_R_1886_KLU_0406,2.8262903744821836e-05,0.07462297739199059,0.25092140500829047,0.00016684232838460407,4.898779612108298e-05,0.06536335945579054,0.00013954299096428008,5.113182808195777e-05,0.00026956740136224597,4.083785091798229e-05,0.001732758949368681,0.00028237116574220106,0.00017413372258459617,0.0002709764226752285,8.091132209763747e-05,0.00025369086853300815,0.00010253354293770902,0.3009007351219041,0.0398118614283679,0.020886680091778517,8.015342526940204e-05,0.23866133849141033,6.188481009623686e-05,5.89521194366869e-05,0.001592642717122481,3.1339265467210835e-05,0.0014779835312764057,0.00037671792544412025,0.0014428052978192702,6.66148250196551e-05
Z_R_1886_NAU_0405,4.369971726165866e-05,0.0860836778829188,0.28543052183272605,0.0002579693383069251,7.574426389770093e-05,0.04037655988650947,0.00021575947418716544,7.905933694667431e-05,0.008787474173364373,6.314292950230064e-05,0.02360585012574273,0.00043659845489301227,0.0002692431928216556,0.00041898005818502435,0.0001251039854523639,0.0045775897319173375,0.00015853596915125706,0.2873718275772688,0.000869181257207318,0.0009046778828348342,0.029421286672362056,0.19741612379966061,9.568545144595995e-05,9.115096504656724e-05,0.0024625225017738516,0.008419129070667967,0.00019256984733248455,0.021509157943094288,0.000138177741350696,0.000102998936170072
Z_R_1887_BOE_0415,5.3019747259011486e-05,0.00034491261752502727,0.0010041655567166016,0.02316381375261795,9.189857463218616e-05,0.0007472125497929528,0.00026177544174130267,9.59206678221561e-05,0.13761065150367127,7.660969848752037e-05,0.15051144599350885,0.003068694403510122,0.0003266658671757193,0.0005083377692932185,0.00015178546007662712,0.003014891647676042,0.00019234762928859855,0.1988610148142055,0.03913926562256997,0.041721313453850606,0.00015036368478261436,0.21159113718393438,0.015349976816049398,0.00011059113037841546,0.08677407805779122,5.8790842913973895e-05,0.010389562801325514,0.015940587474997357,0.0001676475131261957,0.058521521723279735
Z_R_1887_BOE_0416,8.357637456499233e-05,0.0005436945214702835,0.0015828916777634499,0.0004933702869409473,0.00014486205786548844,0.07321852573578533,0.00041264327919196016,0.00015120218554165533,0.0007971391160007901,0.00012076181398650268,0.0011216904327903802,0.0008350011919333485,0.0005149317053380645,0.0008013057399997647,0.0002392632768110331,0.0007501905410592332,0.00030320245461713135,0.15337927944696542,0.013669101655623572,0.125800262664747,0.00023702209629504213,0.3935703813339132,0.016192038907243606,0.0001743276083705096,0.0007073520189255485,9.267349925993436e-05,0.00036829276478417765,0.017123033493339487,0.00026426703400671085,0.19630771508486533
Z_R_1887_BOE_0417,0.000445642576629185,0.1522838833842847,0.22184711317053096,0.002630729162984533,0.0007724276275322338,0.027621173169003126,0.0022002798652724516,0.0008062342008428271,0.04693184946274645,0.0006439212782735563,0.005981032525648614,0.004452359708092492,0.002745698089314295,0.004272690177097342,0.0012757900031652384,0.02534082396818295,0.001616723910544807,0.22030354377238298,0.2009299622033608,0.051907133625963074,0.0012638396707293576,0.007192684761133065,0.0009757846000005419,0.0009295426485797637,0.003771713931581286,0.0004941498983462612,0.0019637958395129426,0.005939996416259148,0.001409114029722855,0.0010503663222820963
Z_R_1887_ERD_0480,9.950639163358344e-05,0.0006473250396903086,0.020945028486476325,0.0005874087892451266,0.00017247339021149655,0.01569767655998014,0.033847048827750775,0.0001800219735382474,0.015244400392323627,0.000143779536016824,0.07757721280302006,0.19159846436934994,0.0006130799068829306,0.0009540380663515119,0.062231268102846994,0.0008931800902706069,0.00036099414877028706,0.14449316925104724,0.011509383613678334,0.354677966199767,0.04793327661721228,0.01590135931840185,0.0002178804487042243,0.00020755520159076042,0.0008421763612547771,0.00011033746748900366,0.0004384909524871895,0.0013263266139630701,0.0003146374692439938,0.00023453361080150468
Z_R_1887_ERD_0481,1.5299967827109454e-05,9.953182020120054e-05,0.06110192258546848,9.03191787911092e-05,0.056442609687838353,0.013403800941793147,7.554083230543052e-05,2.7679934505617702e-05,0.07414625521949628,2.2107346464281713e-05,0.05735410996061635,0.17159916081726215,9.426633502395348e-05,0.0448399580305067,4.380090015236144e-05,0.00013733415935004973,0.024233830433564016,0.1973267569733391,0.00030431421767724637,0.17689177838085993,0.04253862755153311,0.07424726833300302,3.350100230351157e-05,3.1913406310435334e-05,0.0001294918951477828,1.696533936154446e-05,0.0015327747719206448,0.00020393418140011402,4.837823055993057e-05,0.002966767565417012
Z_R_1887_GER_0410,1.049436067761471e-05,6.826960892297725e-05,0.1971976557409408,0.02116897539552386,1.81897658477604e-05,0.012209055096070055,5.181401353640414e-05,1.8985871050003673e-05,0.00010009366207960985,1.5163591848218524e-05,0.00014084631011576198,0.00010484785586831645,0.001069754393135452,0.007638839993594331,3.0043360182013653e-05,0.02170377152678958,0.07441520698230843,0.171028799587954,0.03639220245907007,0.13087979028491767,2.9761943851132222e-05,0.24541290560940335,0.005048460680831599,0.005549919946689377,8.881944510372449e-05,1.1636651285156165e-05,0.047285776798681796,0.022252001182335644,3.3182984838774695e-05,2.4734896546521143e-05
Z_R_1887_JON_0412,0.00010554138440681965,0.0006865848487571603,0.1890008985408257,0.0006230347197992531,0.00018293378020669193,0.0014874051844502932,0.0005210915546261499,0.00019094017981114347,0.006060746280558098,0.00015249966390565336,0.0014164859599230485,0.016216775315891357,0.0006502627726939956,0.006066007950108176,0.00030214492556998194,0.0009473508355010302,0.005436996335396564,0.22906820066960196,0.002099203357240176,0.12348352852294604,0.00029931473228157437,0.41108620090535064,0.00023109474490945093,0.00022014327880956163,0.0008932537661382599,0.00011702935740664172,0.0004650851208209604,0.0014067673916740417,0.0003337200107963897,0.0002487579095930848
Z_R_1887_KLE_0491,3.243303494154748e-05,0.13844004408650976,0.0006142642745727647,0.00019145955826348565,5.621584100662634e-05,0.01598843652146377,0.00016013226180348618,5.8676220312683555e-05,0.00030934149676979666,4.686338876285112e-05,0.00975410111220478,0.0003240344292889653,0.00951863951063403,0.0018640938709237815,9.284961518648874e-05,0.03601323787461767,0.009436474877117419,0.12475276255482758,0.14042727945099856,0.1342410825003735,9.197989229693067e-05,0.2971723420291256,7.101578189997591e-05,6.765037898551565e-05,0.015805852847590347,3.596330727789091e-05,0.06382147504055366,0.00043230185225659836,0.00010255268899195465,7.644370044190463e-05
Z_R_1887_LEH_0411,0.00017869675521403635,0.0011624869745795819,0.14030174171668908,0.0010548874589768875,0.000309733221008055,0.00251839107136658,0.0008822830068459279,0.00032328920796334814,0.0017043832569305175,0.00025820388148528486,0.010955647183881315,0.0017853371167985868,0.0011009884716785194,0.0017132920208328653,0.009068907416728146,0.0016040013242653816,0.0006482848184671966,0.45630409588775445,0.04634091627693587,0.0036994061359369303,0.000506782924509556,0.2938334783709906,0.0003912766664416234,0.0003727342580026425,0.010069739766820544,0.00019814754705832087,0.0007874560529609985,0.0023818596813556785,0.0005650360132613029,0.008978515514260217
Z_R_1887_MLL_0418,4.095701510766292e-05,0.3042721498532422,0.08511277172734229,0.0002417785456845656,7.099036687587016e-05,0.012345174225641646,0.00020221787685703054,7.409737775506722e-05,0.00039064196056464123,5.917992334098827e-05,0.10450002937102185,0.0004091964578618574,0.0022136719844014635,0.0023540109943804223,0.000117252150432033,0.004290288897848694,0.00014858586028731585,0.14381072394537706,0.049847808274108465,0.17344468807017252,0.0040388081671472375,0.03792626349520073,8.967999625695931e-05,8.543010542005986e-05,0.07291574623868348,4.541510599167575e-05,0.00018048368824108841,0.0005459184910032156,0.00012950536512987016,9.653446862211414e-05
Z_R_1887_ON_0515,0.00021784423148601875,0.12660122169328333,0.13974192458183685,0.0012859838866677343,0.0003775871331036289,0.003070100332073691,0.0010755666119920007,0.00039411285880454176,0.0542377937022983,0.00031476915213987465,0.00292371847389026,0.0021764546965982244,0.0013421843457677627,0.0020886265290179533,0.0006236466337648306,0.033251409847668126,0.0007903059453647349,0.2850354561603248,0.004332891260248693,0.05666987046470859,0.0006178049320917359,0.27474815604624453,0.0004769944736673735,0.0004543899405774947,0.001843733444468704,0.00024155614945586365,0.0009599657166736735,0.00290365872156421,0.0006888196482549444,0.0005134523859616202
Z_R_1887_ON_0629,2.556414311361678e-05,0.013632522869197547,0.024968205475850512,0.0001509109325334099,4.4310062482149996e-05,0.12645305477933,0.00012621834697953033,0.001270451081983615,0.00024382702108069164,3.693833707766558e-05,0.004015705156536666,0.008824820197072153,0.00015750608802448518,0.0026935049307292834,7.318528330603375e-05,0.00022946650239304503,0.03192198747091773,0.03222486941141805,0.08620258736743897,0.09601696646824218,7.249975632843449e-05,0.5011111080127386,5.59755698191148e-05,0.011071138361789717,0.005113170022080069,2.834675002656761e-05,0.022148283410172255,0.019927973445137,0.007426043670982951,0.0037328590752179628
Z_R_1887_ON_0630,3.860951264909875e-05,0.07605652984436138,0.05619858077241295,0.05569525803151429,6.692146536199256e-05,0.009788683906925996,0.00019062750676195278,6.985039403333029e-05,0.0059149855613566385,5.5787952144468724e-05,0.06892789980540655,0.00038574285196940226,0.0002378813665243582,0.002219087915091834,0.00011053169703259484,0.0003465631446089678,0.001988980720353646,0.17439516887234116,0.050688541392775635,0.08769812820482582,0.0001094963459787659,0.03575247234940802,8.453987529980858e-05,8.053357226250893e-05,0.3368286196070791,4.2812082487859326e-05,0.00017013904030317232,0.033795030886106074,0.00012208260343103875,0.0019399127191915006
Z_R_1887_ON_0631,0.00026480601409879903,0.01440354452795573,0.01769616948630212,0.026924981344313325,0.0004589855008328823,0.0037319373860583986,0.0013074319456452112,0.0004790737607932094,0.015206566353463602,0.0003826255300442429,0.02891577065847505,0.0026456440418059736,0.0016315258125684008,0.0025388823119961777,0.0007580892923666759,0.002376927307824712,0.0009606761945590014,0.004098076851797417,0.09403315446857335,0.18301445235459238,0.0007509882655226131,0.4734667481819005,0.000579822584501708,0.0005523450779032403,0.07832651061084536,0.038336286742161434,0.001166910380733067,0.0035296151158814657,0.0008373119831682818,0.0006241399133157264
Z_R_1887_ON_0632,0.00012221958083990898,0.3109926611639238,0.08425375629595395,0.0007214898945143509,0.0002118419240374986,0.0017224526587778569,0.0006034371421558627,0.00022111353639309367,0.012871281314198672,0.00017659845098233915,0.0016403264109185272,0.0012210806727391288,0.006605805167671427,0.001171805455514536,0.00034989143229092,0.042066547639103696,0.00044339416618413015,0.0018914420685685086,0.008283714851161653,0.12543868203080002,0.006199398499454348,0.34143412888866764,0.00026761353393156507,0.0002549314604128814,0.012739979359232505,0.00013552294285879606,0.0005385802814800228,0.0074818565664175486,0.0003864561760930355,0.02955199043472172
Z_R_1887_UNB_0512,0.00018180834414282935,0.0011827289851053767,0.35169689797728176,0.0010732558738624492,0.00031512650562709406,0.0896256293818605,0.0008976459161101491,0.00032891853860839615,0.04526575432229475,0.00026269990234497356,0.0024400756946915234,0.0018164246158420912,0.0011201596286203469,0.0017431250218710073,0.009226821374820674,0.0016319312816749354,0.0006595731927940331,0.19435307407262803,0.0036161425069789386,0.0037638227010944945,0.0005156073720229791,0.22929919679910962,0.0003980898407599624,0.00037922455934691563,0.05377677408538936,0.00020159782634825916,0.0008011677710801645,0.0024233342353036096,0.0005748748030094847,0.00042851686937534666
Z_R_1887_WAG_0413,7.944300454501641e-05,0.0005168054556694829,0.08519971807550449,0.0004689700666226706,0.00013769773074398113,0.027749860470727004,0.008000881892533153,0.000143724299788347,0.0007577156432672899,0.00011478939338214206,0.0276964782234871,0.008402351587242694,0.0004894651391672108,0.0007616762018702538,0.00022743022398480806,0.0007130889665075344,0.0002882072129304632,0.1267721069425745,0.03581901895750369,0.08533975080613221,0.00022529988374398295,0.3969318244031425,0.13712958428855557,0.0001657060270463229,0.012085338648704149,8.809022000809992e-05,0.00795872478610194,0.02008051649008664,0.015468490155324413,0.00018724480310242423
Z_R_1887_ZER_0414,5.600590330014064e-05,0.31147402950827624,0.1190678458712006,0.013740516012852592,9.707444773600257e-05,0.0007892967426630444,0.00027651904874033796,0.00010132307157725116,0.00053417603335716,8.092447790036848e-05,0.00611562339646629,0.0005595480332130818,0.005709024392943052,0.0005369681566334951,0.00016033425730776352,0.011230635395762844,0.00020318095205777484,0.2368809826969128,0.0037959296679947927,0.06552696457873453,0.00015883240537999005,0.12695700138801497,0.00012263123142937545,0.00011681979779286977,0.03802172953421911,6.210203619207463e-05,0.0002467990395372325,0.011474426391722591,0.00017708968627833162,0.04572566584380336
Z_R_1888_BER_1030,0.0002133920180653459,0.001388192198471046,0.3412619420512561,0.021697302174153558,0.0003698701580430097,0.06432015698539234,0.0010535846110362134,0.00038605813756055994,0.0020353015493625587,0.00030833602589176967,0.043739166108493564,0.002131973184539903,0.0013147533180261455,0.0020459400139799643,0.0006109007928781352,0.0019154297410409354,0.0007741539880125099,0.20767841282396646,0.14730754234753166,0.08616807534873804,0.0006051784815713179,0.013662954027868986,0.00046724585107240263,0.010663903656746354,0.022243652669194515,0.00023661932132359117,0.011159146677000674,0.01306311526034922,0.0006747418273208582,0.0005029586511123614
Z_R_1888_GRO_0430,1.6938108123051974e-05,0.00011018851485850533,0.010054273071704685,0.009833463887097393,0.013007324505718669,0.08783997998827764,0.0025169974533202103,3.064357577696466e-05,0.00016155317344419788,2.4474340662487436e-05,0.031861120545764954,0.00016922653734933074,0.028493659581588324,0.05612987537720879,4.8490584493462045e-05,0.0001520382831091917,6.144889612896552e-05,0.10327473426917747,0.0043925109299264116,0.11309673357610929,4.8036372904353066e-05,0.07814117673905117,3.708789493282853e-05,3.533031786532631e-05,0.0033878478265680135,1.8781788020556853e-05,7.464050341165599e-05,0.034292929432490155,5.355800151253345e-05,0.42263493592340334
Z_R_1888_HLS_0633,3.481201717938494e-05,0.16693235037274087,0.1990393248088297,0.03354668035371052,6.033930609340856e-05,0.013827080055862513,0.00017187805763239344,6.298015567238355e-05,0.037007326714313026,5.030084596266676e-05,0.04881192387305447,0.0003478025457515644,0.00021448419443581936,0.002000826255561288,9.966018921130002e-05,0.0003124764162012978,0.00012629273660052338,0.2489305123291485,0.0006924061470861811,0.000720683427091365,9.872667163494105e-05,0.1455959875068366,7.622483137840628e-05,7.261257417568417e-05,0.061975810591573276,3.8601237073304346e-05,0.0001534047644617539,0.00379812916043121,0.0001100749892020345,0.035090286871093515
Z_R_1888_KER_0993,4.079698264750725e-05,0.21907572367637806,0.13362179858081347,0.000240833837790764,7.071298428271402e-05,0.012296937590301243,0.03927469998830224,7.380785505371664e-05,0.00038911559459717856,5.894868801538687e-05,0.04938913242131678,0.002361261205545007,0.0002513588314481377,0.002344813103135811,0.00011679400791254382,0.0003661981109520076,0.00014800528671027124,0.18622940785570777,0.06723600908505536,0.1766743101428542,0.00011569999775600475,0.022148764276186204,8.932958716611061e-05,8.509630204337844e-05,0.037464895539751304,4.5237654311640636e-05,0.00017977847941248444,0.04938537571239695,0.0001289993452910071,9.615727686478497e-05
Z_R_1888_KER_0994,2.556414311361678e-05,0.14217370308005503,0.17309661314741007,0.0001509109325334099,4.4310062482149996e-05,0.001584479717354154,0.00012621834697953033,4.624936568973401e-05,0.00024382702108069164,3.693833707766558e-05,0.022378730900944877,0.041878266537006936,0.00015750608802448518,0.041867959852133464,7.318528330603375e-05,0.00022946650239304503,9.274284727683023e-05,0.16688705820374494,0.05682174617638583,0.19884991063692814,7.249975632843449e-05,0.00041260604854131055,5.59755698191148e-05,5.332291514478969e-05,0.12753334165146815,2.834675002656761e-05,0.00011265251688239682,0.024824780310312523,8.083337321966556e-05,6.025392633632019e-05
Z_R_1888_KLU_0427,7.106233749031379e-05,0.09234313463179897,0.11024170291024613,0.0004194970889892628,0.00012317160799519357,0.004404482947883475,0.0003508574776265965,0.00012856241724003693,0.0006777820787611204,0.00010267993588041964,0.004356732144762678,0.0007099749996913177,0.00043783007841218034,0.004084319213664399,0.0002034379669407901,0.000637863196247357,0.0002578034195673191,0.07256262648247826,0.0014134199420579336,0.0014711428141535629,0.0002015323623122929,0.7021637919765511,0.0001555989894134101,0.0001482252299693964,0.0006014389611295382,7.879733375723994e-05,0.0003131476434884333,0.0009471941240809578,0.00022469786773947077,0.0001674918196709434
Z_R_1888_KLU_0428,6.4880293775393e-05,0.0004220697590756633,0.14725554454968484,0.006596907194351924,0.00632636044710131,0.12208549457044761,0.00032033475151038753,0.00011737817377799029,0.0006188186589234004,9.374733002088765e-05,0.0008707676682947567,0.0006482109677216284,0.0003997412006740926,0.0006220532068505164,0.0001857399506733967,0.003689324561405826,0.0033423279548479255,0.21538376430358813,0.001290459958219322,0.010664017415269945,0.00018400012346698796,0.47641083440654186,0.0001420627086137205,0.00013533042684742063,0.0005491169846667439,7.194238669090035e-05,0.0002859054714794729,0.0008647932956198516,0.00020515035368247485,0.00015292092617565783
Z_R_1888_KLU_0429,0.0001331279496470781,0.000866045425569421,0.27027802920836624,0.0007858844686564197,0.00023074928585580036,0.02737681940881763,0.0006572952461793292,0.0002408484101887472,0.0012697547201469624,0.00019236025462175316,0.014537046197114234,0.026830698860431455,0.0008202294308258285,0.0012763916927701578,0.0003811200190662045,0.0011949708167609486,0.01323328509342754,0.23156596372205918,0.028148530304966186,0.015506351129980462,0.0003775500656142174,0.301781138990847,0.00029149863569557106,0.00027768465897258293,0.0011267337743281793,0.0001476186662476127,0.0005866497667644514,0.05915089692384779,0.0004209482473934027,0.00031377862483752614
Z_R_1888_MLL_0423,3.188824061359516e-05,0.1651284818298513,0.003658039445734323,0.023093943138845663,5.527155468323184e-05,0.0035034974168721344,0.00015744243804478023,5.769060573576708e-05,0.006412331895608254,4.607620037814896e-05,0.02791481617140993,0.00031859145673163137,0.00019647018915160082,0.00488687501311993,9.128997256293162e-05,0.00792146549113089,0.00011568571713941799,0.13487359953008846,0.011323579132271782,0.17016233220579455,0.019942041200532255,0.18986846074159183,0.018394382593385966,0.041296773345883164,0.1178524788197061,0.0030894524964892364,0.0001405206717904627,0.04929053278960765,0.00010083005885944418,7.515963638550373e-05
Z_R_1888_MLL_0424,5.082596291091755e-05,0.00033064125749590324,0.0009626164585955144,0.022205370631333186,8.809611111504885e-05,0.0007162953296782053,0.00025094402709871706,0.002525877722012906,0.04429543742571151,7.343983883818844e-05,0.20269799541272207,0.005375647768907004,0.019784557008736558,0.0004873044090930545,0.00014550507241356173,0.04183296027800288,0.00018438891125727898,0.12004894189155928,0.022916254734649765,0.19089842968115245,0.00014414212554759247,0.0008203325895484682,0.00011128916869614941,0.00010601522982428847,0.2949352061849479,5.635826943590995e-05,0.002657898736160986,0.020148869793928083,0.0001607108054030066,0.004987647163223714
Z_R_1888_MLL_0425,6.849824684556669e-05,0.318625647519139,0.0012973200313794195,0.00040436068059962,0.00011872729643842863,0.06656948488026905,0.00033819774241672466,0.00012392359303366762,0.00393353277605096,9.897501042634064e-05,0.030441184268200267,0.0006843574880950946,0.0004220321740975554,0.0006567410785997929,0.00019609746272658028,0.030136707178599873,0.00024850128626236726,0.10602667476753837,0.0800873793013409,0.13262632524313128,0.0001942606166440735,0.1683961011622815,0.0001499846242352113,0.00014287692679077073,0.013700564137009333,7.595414686734214e-05,0.00030184856479991226,0.043555703204047926,0.00021659025798565526,0.0001614483341474272
Z_R_1888_NAU_0422,8.193671449021569e-05,0.0005330279401024069,0.05256046533189969,0.0554160595481687,0.05507438859855075,0.0011547422332437714,0.00040454775323097434,0.00014823579476265795,0.0007815002803926142,0.015813355065641296,0.0010996843212728832,0.0008186195515005088,0.0005048294131188332,0.0007855851606326224,0.00023456924163196214,0.0007354727756015633,0.00029725401569527564,0.07974284592091734,0.00555345038833875,0.001696265743496874,0.00023237203017100093,0.1975094915904695,0.00017940966228799433,0.00017090752678807452,0.016388437131536267,9.08553653971381e-05,0.0003610673383955739,0.1031093952139084,0.0002590824575400266,0.40826214589081633
Z_R_1888_NAU_0426,1.19953989819289e-05,0.0965821251789344,0.12028287077358793,7.081155970797944e-05,2.0791499876421622e-05,0.03520922816252873,5.922511950156277e-05,2.1701474273705992e-05,0.019070571031340258,1.7332483588685734e-05,0.04668975001053904,0.0024175609903710725,7.390618803609141e-05,0.055834632202782085,3.4340547577116625e-05,0.0001076719934229351,0.0006179466061860084,0.29314448502095625,0.007131736147028681,0.05079809232261805,3.4018879466723404e-05,0.215030093898023,2.626527672908587e-05,2.5020578205908714e-05,0.013887822225276378,1.3301074669252821e-05,5.285965894953282e-05,0.00015988738666580538,0.010377653253124099,0.0321963030570513
Z_R_1888_NN_0990,0.0002112334654533003,0.16322107432744704,0.014116081232376733,0.0012469590360273724,0.00036612876132630133,0.12436212737194192,0.0010429271467374934,0.00038215299242538614,0.022245579130105286,0.00030521707355179686,0.002834994440921475,0.06280300396331369,0.0013014540192306681,0.022256109982049094,0.000604721266979636,0.0018960543402729102,0.010881755853758734,0.3370782817903412,0.004201404049541657,0.004372985828853931,0.0005990568393281225,0.21583340270226933,0.00046251945707958257,0.0004406008878938966,0.00178778295936778,0.00023422581448704637,0.0009308343106728318,0.0028155434278234375,0.0006679165217305908,0.000497871006691767
Z_R_1888_NN_0991,0.00030773138596074714,0.06094779370466521,0.3447671337707971,0.0018166081381542055,0.000533387599930009,0.004336888903520139,0.0015193682290487744,0.0005567321908758355,0.002935096506007079,0.0004446495864725694,0.004130106783144425,0.003074506107855945,0.0018959980997451415,0.002950438173848685,0.0008809764741028865,0.0027622300696386014,0.0011164029556399665,0.10791768720572077,0.006120734176149688,0.12426247941718797,0.0008727243623073718,0.25548682569201386,0.0006738125195052442,0.0006418808761962021,0.0615503868271464,0.0003412273446596408,0.001356067950258077,0.004101769951164914,0.0009730412579141107,0.0007253137403684827
Z_R_1888_NN_0992,0.00024041646444308254,0.23182264153669283,0.10816974929848741,0.03595802972740532,0.0004167113489337459,0.014901145324333393,0.0011870129420651543,0.0004349494106821225,0.013805989004671317,0.00034738439552425,0.003226663628982685,0.013914903353727014,0.0014812566430571154,0.025330907025826296,0.0006882666469008307,0.0021580040828386286,0.0008721945948113476,0.11884995257558062,0.004781849813049465,0.004977136505224811,0.0006818196491860128,0.3953200264904288,0.0005264189193155614,0.0005014721860980508,0.002034774449022218,0.0002665853257647117,0.001059433899235779,0.014717457634914497,0.0007601926539101859,0.0005666544688867755
Z_R_1888_ON_0634,7.974638556905508e-05,0.053982697762184347,0.16953981252361555,0.004289612329538832,0.00013822357790699015,0.0011238737108030597,0.01566913874293867,0.00014427316152260233,0.008398311918565288,0.00011522775701041243,0.020164544284450556,0.03516639827048179,0.0004913343337678207,0.1420620843602279,0.00022829874619950802,0.004534663483210652,0.00028930783343059335,0.16162589279608988,0.009223847114246965,0.001650921236592111,0.13388595702878114,0.2265993379132635,0.0039934650264391355,0.00016633883372908382,0.0006749367524960133,8.842662346246203e-05,0.0003514153009823732,0.004881795653508516,0.00025215667581633976,0.00018795986316890177
Z_R_1888_ON_0635,7.382585620734727e-05,0.11007556396849744,0.4079614321150862,0.0004358107665026278,0.00012796158614850476,0.00457576736513178,0.0003645018529831547,0.00013356203671354973,0.0007041401121002508,0.00010667302046911638,0.06816214029657135,0.07144423019360267,0.003990188962283022,0.0007078206328911972,0.00021134939582494053,0.0006626688379415477,0.00026782904777560365,0.3016457541281145,0.022680379508727592,0.0015283535793200879,0.00020936968479572386,0.0011915515679329553,0.00016165002481108564,0.00015398950978094716,0.0006248281133152682,8.186165607453142e-05,0.00032532553411992527,0.0009840292294687964,0.00023343606556838658,0.00017400535123995127
Z_R_1888_ON_0636,0.00011296346906499687,0.000734868191837585,0.5971880842138274,0.0006668489682225,0.005605331281533303,0.07191593279145532,0.0005577367592994986,0.00020436784316017867,0.001077428882738023,0.0001632240392036734,0.001516098815778187,0.0011286040080722539,0.03856272196082964,0.0010830605735557147,0.00032339294338993923,0.0010139722669101603,0.00040981439169676643,0.16944371587844884,0.0022468275818013205,0.029386250512528925,0.000320363719794097,0.07214716126434347,0.00024734623498055315,0.00023562461877337304,0.0009560708791671981,0.00012525932144440784,0.0004977917331076256,0.001505696799640887,0.00035718851261849175,0.0002662515427756316
Z_R_1888_ON_0637,0.00013484729541205919,0.0008772303911508893,0.002553935400855079,0.0007960341565058222,0.00023372940992787036,0.001900416291033955,0.0006657842058670325,0.00024395896432225734,0.0012861535860983792,0.00019484458484700915,0.014724791962602266,0.0013472426027584786,0.007288316280893568,0.0012928762751380166,0.0003860421792321811,0.0012104038495577474,0.0004892056060127754,0.002086865669332825,0.0995444977856001,0.054451577041094705,0.00038242611987707506,0.6608407863975332,0.00029526333684292284,0.0002812709527874461,0.001141285526595738,0.00014952515943193525,0.019966707133405256,0.021169868415358454,0.09083129515322214,0.013232818266702766
Z_R_1888_SCH_1033,9.20497343545355e-05,0.05349514534459599,0.006151399944032973,0.0005433904508028037,0.00015954884396427257,0.19084244334734235,0.00045447896526388225,0.00016653176313733583,0.0008779567701207419,0.00013300520578318555,0.0012354126019918,0.0009196574786025752,0.0005671378656205908,0.0008825458257510813,0.009079575654768714,0.01405033047013723,0.009149997282441995,0.1821536630409706,0.03268704798419621,0.006313654326644081,0.0002610524937660146,0.48636869727397686,0.00020155325798691705,0.00019200174839706962,0.0007790666414538925,0.00010206916766829228,0.0004056319903744809,0.0012269363854758293,0.00029105964939962894,0.00021695849097800378
Z_R_1888_UNB_0996,4.704715621367031e-05,0.144496043302646,0.3027888280360862,0.0002777300293499064,8.154634490075296e-05,0.05924022145538411,0.00023228685041331215,8.511535562594636e-05,0.00044872882689296715,6.797973658035412e-05,0.12679766306767726,0.011734884845108382,0.004795804488734522,0.01396888537140862,0.00013468706699606463,0.0004223003421593181,0.00017067997171434578,0.12013542190206773,0.10006637572625396,0.007732882575075342,0.00013342545245023546,0.04356574419715683,0.00010301504594638141,9.81332136749363e-05,0.02743380760806604,5.216814703010433e-05,0.0002073208765916434,0.0006270943441226038,0.00014876228474553705,0.033905416378926925
Z_R_1888_UNB_0997,0.0001461743332662362,0.10594966581725695,0.3737640430460779,0.0008629002289502603,0.00025336244643629617,0.24705713024364026,0.0007217094128170461,0.0002644512731616744,0.001394189200097939,0.00021121133496609316,0.0019618265568189493,0.0014604096330172146,0.0009006109573095295,0.015401309781784018,0.00041846933592160513,0.008311993158248907,0.0005302983873017856,0.17026015861888547,0.002907387020356348,0.024025872031544653,0.0004145495311997635,0.03735884117514721,0.0003200651616266575,0.00030489743131464474,0.0012371523685866836,0.0001620851231736027,0.0006441407589083887,0.0019483663843748863,0.0004622006841196159,0.0003445285636893944
Z_R_1888_UNB_0998,8.967791804597437e-05,0.04352785862967243,0.328076433993263,0.0005293890814108346,0.00015543779950792438,0.0957416767797361,0.004737215686191604,0.00016224079201751412,0.0008553347364974429,0.00012957810283267557,0.06562028716142183,0.000895960956050554,0.000552524604123273,0.005154252683659888,0.00025673083620761237,0.005099405788884283,0.0003253379321371364,0.26334911010678236,0.0017836812326317627,0.06627323230601073,0.0002543260369603923,0.04439187569159416,0.00019635989911750664,0.00018705450024569044,0.0007589926784097478,9.943918379952311e-05,0.0003951801995378145,0.0011953223047938546,0.06899471418809996,0.00021136819035638024
Z_R_1888_UNB_1029,0.00020704477054041433,0.02117659472984128,0.4996636585916707,0.01113707905554701,0.0003588685401452604,0.012832749294490946,0.0010222462208970952,0.00037457501565034597,0.0019747624399862893,0.0002991647124802743,0.012693624204824236,0.0020685586217953516,0.03102018709037412,0.001985084468361964,0.010507576664723082,0.0018584561635227763,0.000751127133358445,0.2609901948729125,0.05369232567037175,0.00428627085944255,0.0005871777257130594,0.0033417089031362594,0.00045334783792907286,0.00043186390725603353,0.0017523317709342713,0.00022958118833605722,0.0009123761514342476,0.032504252569804826,0.0006546719417072425,0.030232538882812642
Z_R_1889_BOE_1028,3.710041443406867e-05,0.014454506591935038,0.10019474685146586,0.00021901215756529868,6.430576117419734e-05,0.018289303550166086,0.00018317660644097156,6.712020922336203e-05,0.0003538582729768731,0.0018302517878866712,0.0004979299489820694,0.00037066563888312864,0.00022858349351380093,0.00035570788033251026,0.0001062114356448866,0.02520603854505528,0.00013459469595650917,0.22265470414810123,0.004291210794986073,0.09315356557932027,0.00010521655250479338,0.4785161382826066,8.123553483653197e-05,0.007183963316747607,0.00031400085478110065,0.0018177830953580204,0.0001634889557926018,0.0004945136311862548,0.00011731086128038234,0.0285137545508619
Z_R_1889_JON_0443,7.204298498435988e-05,0.0004686656540228684,0.5395574507814108,0.0004252860734725416,0.00012487135406299749,0.001015308923331571,0.0003556992478012513,0.00013033655550719053,0.0006871353497133607,0.0001040969005534952,0.025116584854789487,0.0007197725271703085,0.00044387205485675526,0.0075906371833941505,0.00020624537434561283,0.03514621657534118,0.0002613610604539514,0.23226191221028572,0.04283238606125833,0.0014914443207607758,0.000204313472715503,0.004612731070242475,0.00015774622752058837,0.0001502707115206289,0.05925897537940617,7.98847228105072e-05,0.0003174690247249459,0.04580968150888593,0.0002277986579568802,0.00016980317669963556
Z_R_1889_KLE_1003,5.4543069045850617e-05,0.029086037925038884,0.03498808937502829,0.00032198010222212956,0.05233311265739632,0.008604466933372952,0.021164726058386443,0.08890425191771811,0.0005202237363068298,7.88107882478904e-05,0.0007320303021301721,0.0005449330376202394,0.00033605137461796563,0.01619451504881668,0.002768075127097643,0.0031015131494615614,0.00019787401048598115,0.1288286015938152,0.00108485400583616,0.3223963869324618,0.007990469874971972,0.11319326030455655,0.00011942819111736948,0.00011376854798309809,0.08404334542601327,6.047997529402823e-05,0.0028522815108765567,0.07647293971347419,0.0027843929162124246,0.00012855639439348095
Z_R_1889_KLE_1004,7.825221763968303e-05,0.030487454465405288,0.06893344489819116,0.0004619405815531431,0.0001356337522275198,0.04607040951754236,0.0003863562144080749,0.06384566044427346,0.026977454163946205,0.007607667669692479,0.038523228550135055,0.07198049753413581,0.004229427888016249,0.0044975587252694856,0.0002240212273821596,0.004449699773585961,0.00028388721802158795,0.06866240318265432,0.001556425651453718,0.18523766124755917,0.0002219228192324885,0.20361716286143056,0.00017134204156670976,0.00016322222663782039,0.15055426834648447,8.676981828016499e-05,0.00034483100918191524,0.019779525657405123,0.00024743214296769314,0.00018443815372022788
Z_R_1889_KLE_1026,5.555887987062071e-05,0.005682577152724627,0.2857335963205507,0.00032797666381867034,9.62996266905648e-05,0.03270987615662678,0.013577178350927149,0.0001005143392066076,0.0058510589498194324,8.02785613895809e-05,0.07524171548264366,0.0005550818775750311,0.010984603119585358,0.0005326822272443213,0.013461920913949443,0.0004987024905988719,0.00020155921862165393,0.09664045450008756,0.033031937700334385,0.06234337342555788,0.00015756464961875612,0.2483300370490583,0.00012165242329648931,0.00011588737489513815,0.00047022482191022254,6.160635513770473e-05,0.00024482915874690013,0.11248462537314902,0.00017567620601592954,0.00013095063034871359
Z_R_1889_LEU_0442,4.57084209839774e-05,0.07034086619520606,0.162841324630253,0.00026982717177981736,0.002268085816517933,0.007210752966663948,0.008981116636294436,0.03729331146913098,0.002624820055429597,6.604536103909834e-05,0.0028023191189620396,0.0004566671646343374,0.00028161924094094985,0.0004382389196878193,0.0001308545224581389,0.0004102837105271647,0.00016582324264661542,0.22178222161946665,0.005286853867812745,0.1454110149282807,0.0001296288073794555,0.26996750145966686,0.00010008373442203507,9.534081555945899e-05,0.05948607202594842,5.068369309244619e-05,0.0002014215240338919,0.0006092502626013881,0.00014452922737361046,0.00010773339120649438
Z_R_1889_LH_0641,0.00020911814491773984,0.13154415001678763,0.0440171272461547,0.0012344718193344542,0.0003624622983166128,0.002947122729737243,0.0010324831330209498,0.00037832606059491814,0.0019945379785506557,0.0003021605884342409,0.08291968805811051,0.0020892734480294634,0.0012884210823943646,0.15221699518974105,0.0005986655062999204,0.0018770669952804355,0.0007586490222154029,0.03327867058449347,0.06424414334694047,0.04438573597418995,0.0005930578029941809,0.19364374686313252,0.00045788772458607287,0.00043618865092117986,0.11192536985750744,0.0002318802454538462,0.0009215128098001124,0.12295697364785889,0.0006612279152097211,0.0004928852589919165
Z_R_1889_LYO_1005,0.00029060161517043497,0.029722811236617876,0.005503838621764945,0.0017154872176304648,0.0005036967469782686,0.04584399140460548,0.043183307132114955,0.014441913221132485,0.002771715282351977,0.00041989830712385265,0.10131340515598658,0.0029033646925707814,0.001790457961984723,0.002786202961079514,0.0008319371958182698,0.002608471401781912,0.001054258736323387,0.14365899715478941,0.005780025433755605,0.006016076771998633,0.0008241444352298212,0.5474210016688758,0.000636304957581613,0.0006061507791519955,0.0024595184974670397,0.00032223303186584574,0.015196754206931689,0.017789617569728227,0.0009188772224012955,0.0006849393791872643
Z_R_1889_MLL_0436,7.542578752710953e-05,0.0004906720071254248,0.2434291000892078,0.00044525552380904906,0.00013073473040883606,0.001062983094637328,0.0003724012253800181,0.00013645655222135601,0.03683888899913191,0.00010898480546139384,0.05157958481247355,0.0007535696877910359,0.00046471421618795103,0.0043351092024623145,0.00021592969512879742,0.0006770299938145712,0.0002736333567791427,0.17454081920292863,0.0015002083522903042,0.07741240244416157,0.0074378048760933005,0.1854267682981136,0.0001651532545848009,0.00015732672322174235,0.0006383691966066472,8.3635736785135e-05,0.0003323758893463514,0.0010053548092137418,0.2097315310952469,0.00017777634185972986
Z_R_1889_MLL_0437,4.333695777126844e-05,0.09159497090183834,0.002896075273633909,0.0002558278867927153,7.511549665861357e-05,0.000610752038449886,0.00021396841461498675,7.840305066890184e-05,0.0024886380551016056,6.26187682865461e-05,0.060765231521074,0.0004329741698191794,0.00026700815494179475,0.12700859175601562,0.00012406547397329074,0.058497300683579986,0.0001572199325500709,0.13971554181876805,0.09632560745695881,0.08183373354791025,0.008424089563709753,0.3099186462064714,9.48911486957509e-05,9.039430391233422e-05,0.012818563408633736,4.80541007533212e-05,0.00019097128917100773,0.0005776408883550337,0.0001370307021894237,0.004252737028700413
Z_R_1889_MLL_0438,0.00022733027418653432,0.0014788655918957236,0.02607804928031703,0.0013419821473418436,0.0003940291919240671,0.04674885986797244,0.001122402237333128,0.00041127453153711575,0.0021682425775043884,0.000328475797469134,0.003051032004748612,0.0022712285726234588,0.0014006298594683797,0.0021795759211801482,0.0006508033712077757,0.2088796320628846,0.0008247198744968558,0.17769839812295954,0.00452156732126272,0.01559249224627749,0.0006447072922159124,0.49355117526069014,0.0004977652322697607,0.0004741763831635564,0.0019240189496817315,0.0002520747293268092,0.0010017674927284227,0.0030300987490673036,0.000718814349293057,0.0005358107069724113
Z_R_1889_MLL_0439,6.528597456110655e-05,0.1286062509452816,0.0012364813183789163,0.00038539790903928975,0.00011315949840970098,0.007172839856686881,0.00032233772723879546,0.00011811211111077618,0.006875446132877168,9.433350940276717e-05,0.20096447318522523,0.006905022224673798,0.00040224068572471437,0.0037523218303799604,0.00018690133766385077,0.000586013940356906,0.00023684764793914121,0.10730723925687312,0.026309561494402937,0.1170275854962689,0.00018515063173869662,0.041696645596549696,0.0001429509923728928,0.00013617661527690698,0.34758062783536475,7.239222503565121e-05,0.00028769316924655026,0.0008702006389475714,0.00020643310922854923,0.00015387710374319087
Z_R_1889_MLL_0440,6.805179892356527e-05,0.31003130084104175,0.0012888645473509604,0.00040172519730032063,0.006635608194909518,0.007476715464840217,0.00033599348630389416,0.0001231159018423651,0.0006490680065813323,9.832992548227586e-05,0.12148994524774644,0.0039387244432789546,0.00367810887510289,0.06582900788696125,0.00019481936717266908,0.0006108402777728009,0.00024688164068053744,0.07274735590010552,0.07304774269346993,0.19367963250710535,0.00019299449301870552,0.10212200629842204,0.000149007076240838,0.00014194570431420866,0.029905405395456133,7.545910396335707e-05,0.0002998812200762166,0.004165893837418127,0.00021517859746795684,0.00016039606965001293
Z_R_1889_MLL_0444,3.044693025323431e-05,0.13725250840392816,0.0005766485177436246,0.023508150471408615,5.277334647652915e-05,0.12436129809441045,0.0001503262280329407,5.5083059312932943e-05,0.00174842428232141,4.399361119501367e-05,0.185577929346122,0.00030419150369333215,0.0001875899714388202,0.04111664307151795,8.71637749201581e-05,0.0017313208844512052,0.004484534737138428,0.06025025398355548,0.023934000518750533,0.039997017649878126,8.634731132969425e-05,0.15795821792263343,6.666698205346245e-05,0.05255244218026382,0.14314423277671498,3.376101898385381e-05,0.00013416930538707095,0.00040582894470783817,9.627266071914186e-05,7.176251065768305e-05
Z_R_1889_NAU_0434,0.0002989212950974204,0.0019445910562785403,0.09154888672651869,0.001764600174422359,0.0005181171613750201,0.004212727420332851,0.0014758699940183087,0.0005407934163083927,0.0028510671606420484,0.000431919642638814,0.004011865298217093,0.017301065221497134,0.0018417172681578812,0.002865969609431436,0.0008557548583061485,0.016997729383716433,0.044028180193712234,0.004626037078942608,0.005945502702526044,0.034817471269533974,0.0008477389975336025,0.7348681603818786,0.0006545218335612193,0.000623504366354461,0.002529932444276747,0.00033145829265957406,0.0013172448649191547,0.003984339725913741,0.0009451839047578014,0.015019128256471732
Z_R_1889_NAU_0435,0.0002030189666229897,0.312426674536025,0.10106568363563546,0.0011984669870951134,0.0003518906562267905,0.0028611664058981563,0.0010023695399748076,0.00036729173309537694,0.011658426253915303,0.00029334771711103744,0.002724746481541975,0.002028337314194536,0.00125084275602135,0.0019464862424406265,0.0005812047179820228,0.050432626799216604,0.0007365221252335568,0.15869485613641507,0.004038018818055918,0.1694779708131313,0.0005757605699827788,0.16855177503537674,0.0004445328869543289,0.00042346669246481867,0.001718259217014452,0.0002251171835463787,0.0008946357976208106,0.0027060518842135658,0.0006419424201613768,0.0004785096768317537
Z_R_1889_NAU_0441,0.00036091796202229607,0.0023479017805342413,0.0759693610805867,0.0021305805547548696,0.0006255753371846778,0.02236989473543195,0.0017819673579205734,0.0006529546770011455,0.003442382212589652,0.000521500340508676,0.004843931399630082,0.0036058865923218196,0.002223691834428123,0.05531070189055738,0.0010332395333356068,0.055089964947539656,0.001309355814608525,0.1957033468297246,0.00717860772647332,0.28400685033627426,0.0010235611725719854,0.2650768591098552,0.0007902705164950636,0.0007528199860880272,0.0030546437367229553,0.00040020317536458984,0.0015904431699187386,0.0048106969876890214,0.0011412162807948624,0.0008506729210713426
Z_R_1889_ON_0638,4.938361030989012e-05,0.16822598777080702,0.029313563221771533,0.00029152264758533736,8.559609640347517e-05,0.0006959681116051123,0.0002438226712115198,8.934235120460079e-05,0.021754711691441053,7.135574369270242e-05,0.0006627844712045534,0.0004933855253396277,0.0003042628590313808,0.02412202901194382,0.0001413758910338361,0.009902693988249953,0.0001791562740277849,0.03150736886602369,0.012806509822085952,0.28007527744272254,0.00014005162223404806,0.15687750578484186,0.00010813097527015548,0.00010300670162869698,0.26055204819578853,5.475891957897239e-05,0.00021761683814019027,0.0006582370797724963,0.00015615011171595303,0.00011639570333373415
Z_R_1889_ON_0639,0.00021559514177696195,0.19756426878927802,0.16927209372511492,0.0012727070002164038,0.00037368880938147824,0.013362706028810033,0.0010644621371021458,0.0003900439184938541,0.002056314617912838,0.00031151938024563127,0.013217835461187691,0.002153984320279531,0.0013283272287849927,0.0020670629172553955,0.000617207917364032,0.0019352052167999662,0.0007821465878430725,0.13755243116214622,0.01461245952164936,0.13867921231466765,0.0006114265271851951,0.2822358753564322,0.0004720698385063498,0.0004496986814503631,0.001824698182952199,0.010563364591517809,0.0009500547403779498,0.002873680471028335,0.0006817080659480898,0.0005081513482913569
Z_R_1889_ON_0640,0.0002224861857210561,0.12929891569780763,0.2492625973628508,0.0013133863949103739,0.00038563298393773046,0.035098410515913885,0.0010984854240052603,0.011056807737285944,0.002122040377213945,0.0003214764401358324,0.0029860188031638536,0.0022228318855984732,0.0013707844067633523,0.0021331322232732014,0.0006369356665430854,0.02330565374489803,0.0008071462537127505,0.0034431449400842595,0.08965959418135805,0.23900047280415782,0.0006309694864220822,0.18471398090491503,0.0004871585551398351,0.00046407235123686283,0.0018830208114669015,0.00024670337131855465,0.011634718123840026,0.0029655316057242533,0.0007034974263240838,0.0005243933342770569
Z_R_1889_ON_0642,0.0002989212950974204,0.0019445910562785403,0.12017804600392337,0.001764600174422359,0.0005181171613750201,0.004212727420332851,0.0014758699940183087,0.0005407934163083927,0.0028510671606420484,0.000431919642638814,0.004011865298217093,0.017301065221497134,0.0018417172681578812,0.002865969609431436,0.0008557548583061485,0.002683149745014081,0.044028180193712234,0.04756977599504966,0.03457466197993075,0.19227784729525982,0.0008477389975336025,0.4485765676078316,0.0006545218335612193,0.000623504366354461,0.0454736713603838,0.00033145829265957406,0.0013172448649191547,0.003984339725913741,0.0009451839047578014,0.015019128256471732
Z_R_1889_WIN_0433,5.261895175253058e-05,0.012941243341466053,0.1395848931840982,0.0003106216016164933,9.120387996333671e-05,0.06121646670810983,0.007819159412334334,9.519556869156315e-05,0.003021659398475818,0.002595818186692694,0.0007062064497470413,0.0005257094203994134,0.0003241964813628237,0.0005044950596569025,0.00015063805871217589,0.0004723133791177296,0.0001908936037700589,0.18979838942511518,0.001046583582299814,0.008648687994613448,0.0001492270311334678,0.5022870056177632,0.00011521511965185131,0.0001097551318985325,0.03572236914360809,5.834642160153279e-05,0.00023187389165720164,0.0007013611383398402,0.010245530639595744,0.020282322176755227
Z_R_1890_BAC_0643,2.8848575328597726e-05,0.10794348570379075,0.22296543118123058,0.00017029968052322754,5.0002934565418584e-05,0.05014001904278863,0.00014243463880275983,5.219139574013244e-05,0.04862712185213991,4.168410397963101e-05,0.09985408726683968,0.03482534282483363,0.00017774216897834642,0.0002765916698581442,8.25879885359544e-05,0.000258947919758342,0.00010465827092124057,0.301610142805994,0.0005737941237150893,0.004741681823681439,0.0056077536322739815,0.04052867641738735,6.316720397437381e-05,0.012493537044599667,0.05826652316356352,3.19886862558981e-05,0.00012712589679983861,0.010054918057170884,9.12186904144685e-05,6.799523555441353e-05
Z_R_1890_BAC_0644,4.071743447738895e-05,0.17575176438238746,0.24450294796047434,0.00024036424690791983,7.057510426957933e-05,0.022022231618445274,0.00020103499069546048,7.366394049364712e-05,0.01793704515146271,5.883374666536071e-05,0.027844434030177924,0.00040680283750103,0.0002508687183616496,0.006239949565015102,0.00011656627661950928,0.0003654840780079857,0.023545967732055875,0.24241206098516443,0.0008098640702274017,0.0008429382322294727,0.00011547439962332658,0.18784318890539076,8.91554074906703e-05,8.493037665693817e-05,0.006194176408406456,4.514944747899256e-05,0.00017942793757983285,0.012241850623570723,0.0001287478153689778,0.02934378357679372
Z_R_1890_BAC_0646,0.00011740937831130615,0.028875971198414965,0.48013074353276985,0.0006930941784506523,0.00020350445019192863,0.012899534302148142,0.0005796876345311141,0.0002124111592080537,0.0067422694604800685,0.00016964805637596845,0.024065512605446187,0.0011730225359064433,0.006345820143155495,0.0011256866460209098,0.0003361207366235308,0.0010538792272245894,0.0004259434784572564,0.20984713810786249,0.002335256094164425,0.17672614668612024,0.0003329722917138837,0.041252044006469736,0.00025708105387591744,0.0002448981093976729,0.0009936990114917355,0.00013018915920528338,0.0005173833487624718,0.0015649565884829771,0.000371246399863547,0.00027673041887308215
Z_R_1890_BRA_0446,6.528597456110655e-05,0.019182983310823257,0.013741997619459873,0.00038539790903928975,0.00011315949840970098,0.1197224865664155,0.00032233772723879546,0.00011811211111077618,0.0006226879823366901,9.433350940276717e-05,0.0008762123679299139,0.013157780375214275,0.00040224068572471437,0.03814249165835259,0.00018690133766385077,0.000586013940356906,0.00023684764793914121,0.210477748740791,0.21076592693534704,0.004477938786540301,0.00018515063173869662,0.3230707623708712,0.0001429509923728928,0.00013617661527690698,0.006805308630908697,7.239222503565121e-05,0.015919588545597746,0.019628475090569007,0.00020643310922854923,0.00015387710374319087
Z_R_1890_FRN_1020,8.853726226876375e-05,0.0005759668888732552,0.14159104140665338,0.000522655531756014,0.00015346071275269078,0.030926532656832678,0.004676960803405665,0.00016017717478880982,0.01780375147300482,0.00012792993776800145,0.005428095249303958,0.0008845648056609979,0.0005454967828326278,0.03900728559607802,0.0002534653554974313,0.0007947200034820414,0.16991416123368902,0.2599994484463435,0.056878706213144455,0.04423115159770742,0.0002510911440271595,0.17950160360959613,0.00019386230485772405,0.00018467526574730356,0.0007493386922072044,9.817436987483001e-05,0.03430874600167352,0.009659766507494262,0.00027995327412348633,0.0002086796985548092
Z_R_1890_HOL_0447,0.00034885899355689806,0.018975422687340662,0.3741385169075469,0.002059393729973918,0.0006046736529859437,0.004916504351113219,0.0017224283755570263,0.000631138196005931,0.07015124097191408,0.0005040760036160169,0.004682086265435619,0.05360331349864927,0.002149393981370659,0.003344757599772406,0.000998716998408606,0.003131395905745016,0.0012656076996910017,0.005398861392564392,0.0737626319516585,0.007222129466175099,0.0009893620104319506,0.272926096459842,0.0007638660472241242,0.0007276668116062427,0.019658551025312374,0.00038683161179808715,0.0015373033817946081,0.05476786884413447,0.017809054888353763,0.000822250290421185
Z_R_1890_JON_0448,5.170691858341243e-05,0.12909423065166606,0.06535823051578188,0.00030523766304905075,8.962306238890008e-05,0.01806149936396064,0.0002552935868805709,9.354556402008855e-05,0.0004931729521080594,7.471275604243318e-05,0.0006939659226182678,0.0005165974101302409,0.0003185772522739418,0.0178285393921488,0.00014802708107956912,0.025225253497903687,0.0026636975479591716,0.0849880348875327,0.17683244242025292,0.21154002045301157,0.0001466405105436462,0.08749849443458764,0.00011321812033493977,0.00010785276939531928,0.04995987684562169,0.09167350363441065,0.00022785487050226754,0.030402556546078513,0.000163496371825017,0.005074096997308432
Z_R_1890_KAB_0449,0.00011740937831130615,0.10759007732685182,0.0022236706101175212,0.0006930941784506523,0.00020350445019192863,0.0016546619980857327,0.0005796876345311141,0.0002124111592080537,0.10232368404501054,0.00016964805637596845,0.001575767997321368,0.012417894839968852,0.006345820143155495,0.0011256866460209098,0.0003361207366235308,0.0179211876833182,0.0004259434784572564,0.22671444656395612,0.002335256094164425,0.18234858283815145,0.017200280747807495,0.07498666091865695,0.00025708105387591744,0.050846823477678514,0.17528921972445904,0.00013018915920528338,0.0005173833487624718,0.007187392740514182,0.0059936825518947506,0.00027673041887308215
Z_R_1890_KAB_0450,4.2891890805579054e-05,0.012602927826756342,0.03778405111839578,0.0002532005555916071,7.434406673151645e-05,0.049900081968496005,0.0022657544060115213,7.759785783450464e-05,0.0024630799484682523,6.19756787244316e-05,0.004683625037230993,0.002482510990255175,0.0023182494325997044,0.012735135431034106,0.0001227913318348521,0.10308417369657448,0.00015560529686901392,0.08282312218948255,0.0008531137021131651,0.36855098798471164,0.00012164114470998797,0.06231177930269283,9.391662446071568e-05,8.946596190064507e-05,0.12770998986453946,4.756058912003825e-05,0.10083419806489649,0.025219509715730243,0.00013562340823142078,0.00010109491319692473
Z_R_1890_KAD_1017,0.0003170765661269844,0.002062697655732744,0.006005259983440893,0.001871774855353046,0.0005495855031897649,0.019652580790353383,0.0015655083710267809,0.0005736390221755922,0.018208218791206994,0.01564214203273084,0.06499148712625225,0.0031678726437730045,0.032321554403802084,0.0030400370173916604,0.0009077299488809127,0.1091340387731781,0.001150305856788652,0.11119492922935283,0.006306608501081434,0.2646919837760211,0.0008992272371303746,0.18732549748067345,0.0006942748437279869,0.0006613735009559036,0.00268359031330666,0.13700749376327437,0.001397248992852277,0.004226332413568355,0.0010025905540835608,0.0007473400525680952
Z_R_1890_KAD_1019,0.00012822328697457825,0.062237005832361685,0.05769106054528044,0.0007569311329479169,0.00022224808522856016,0.007947350185012967,0.000633079358626838,0.22742258307762173,0.007363261473021705,0.00018527337194221822,0.0017209030064886854,0.00128106295606452,0.0007900107676305936,0.001229367227151821,0.00036707890195885126,0.013431519438284833,0.00046517470459951795,0.0019843540412033244,0.10693521714032056,0.09475879759329414,0.006503927172737772,0.30908386280770384,0.0002807593245188359,0.0002674542784612087,0.0010852229638676986,0.00014218014064853112,0.05582761688924051,0.038550816026429735,0.00040543978984171705,0.00030221848053462976
Z_R_1890_KAD_1024,0.00021784423148601875,0.02228116649540139,0.0771498914631077,0.0012859838866677343,0.0003775871331036289,0.013502105851861885,0.13669163836923853,0.00039411285880454176,0.01250977162314552,0.00031476915213987465,0.00292371847389026,0.0021764546965982244,0.0013421843457677627,0.012520632048806149,0.0006236466337648306,0.0019553932883035465,0.0007903059453647349,0.11812336784371362,0.15038096853728342,0.16098992566259052,0.0006178049320917359,0.27474815604624453,0.0004769944736673735,0.0004543899405774947,0.001843733444468704,0.00024155614945586365,0.0009599657166736735,0.00290365872156421,0.0006888196482549444,0.0005134523859616202
Z_R_1890_KLE_1011,8.324321360122357e-05,0.004527832714962464,0.021508109417759155,0.0004914035622397664,0.0001442845934437162,0.0011731548546255624,0.0004109983570078639,0.00015059944743389225,0.0007939614759377113,0.00012028042050008241,0.001117219032019723,0.0008316726220677552,0.0005128790302355795,0.020729639120338195,0.0002383095002885202,0.0007472000523598802,0.00030199379699680413,0.0012882527909699364,0.16509422242692587,0.40832647672621486,0.00023607725380280476,0.13687793588602112,0.00815488144113587,0.00017363268526193352,0.0007045322976637012,0.2033938858987231,0.0003668246373007446,0.02104108137627122,0.0002632135848687189,0.00019620178302221503
Z_R_1890_KLE_1016,0.0001482498058186656,0.09325539256405217,0.009907077446887876,0.007974457906193238,0.00025695984135266046,0.002089299197729532,0.014930568068759247,0.00026820611401942194,0.015612596135203643,0.0002142102426312691,0.009088987461931482,0.0014811454218585437,0.015112009766758057,0.09371234960870128,0.00752371671162722,0.0013307062267045968,0.000537827888020888,0.009393585524114331,0.21592783864565918,0.15925381420403575,0.0004204355588928778,0.27216637268630905,0.00032460964247429784,0.0003092265514540006,0.06514846944434859,0.00016438650684874655,0.0006532866632210181,0.001976030481501165,0.00046876329201506054,0.0003494203908760653
Z_R_1890_KLE_1022,7.580169290643632e-06,0.016384086962325337,0.03172412976637643,0.00948261758587152,1.313862832800322e-05,0.02333850839177155,3.742571904083968e-05,0.14593770564156952,0.0066062086237008875,0.0003739478010775061,0.007724629635637886,7.573253118106915e-05,0.019285438285836558,7.267643750255374e-05,2.1700584078953892e-05,6.804041609924613e-05,2.7499708467843123e-05,0.03387584441108168,0.13663689035717322,0.010320785901585238,2.149731458071916e-05,0.029524939562084688,1.6597634173903763e-05,0.00037880608539208634,0.26759147369765285,0.0003714002607968411,0.14922435026144557,0.11081451302924518,2.3968362663893564e-05,1.7866233967842138e-05
Z_R_1890_LEH_0451,0.00011942373529144584,0.0007768945584135653,0.1623909816448833,0.0007049853843861309,0.00020699591412461966,0.16181221072522423,0.0005896331588981907,0.00021605543283733584,0.0011390459477960036,0.00017255865646126977,0.0016028029694005904,0.012630944883409233,0.13227046217294308,0.001144999709299807,0.00034188745783205376,0.01822865604761333,0.00043325126111751715,0.1676962329802151,0.12247219151845526,0.008191226061802134,0.00033868499601105294,0.14489996718481554,0.00026149171529653715,0.0002490997517467212,0.0010107476030842143,0.00013242277499778287,0.05771524572127448,0.0015918060725102913,0.00037761576138877406,0.00028147819847034703
Z_R_1890_LYO_1012,4.621420306051873e-05,0.04013608914920458,0.051776123774092395,0.006912054427420028,8.010259589274529e-05,0.13786229253505217,0.00022817429441505615,8.360841855352774e-05,0.00044078424274907155,6.677617954328571e-05,0.027177213442364904,0.0004617203706266854,0.0002847354711981062,0.01150849072535687,0.00013230248042012804,0.08672496328680233,0.0001676581435729463,0.11358230601624862,0.047393884593275204,0.08947995325741923,0.00013106320231072953,0.3238556521013291,0.00010119120122868176,9.639580005979234e-05,0.02252194080386503,5.12445285574925e-05,0.0068428918436474525,0.02938603840261402,0.0001461285014497717,0.0023220060076695054
Z_R_1890_LYO_1013,0.00013398210681512474,0.0008716020266442905,0.008953611111897459,0.0007909267520682723,0.006648291706272201,0.008304285021150007,0.0006615124931776899,0.00024239370850154122,0.0012779015450530003,0.00019359444992610527,0.0017981929482087725,0.0013385986107996553,0.0008254920736415558,0.001284581100903499,0.00038356530870699344,0.0012026378235123392,0.18655186247516253,0.0020734762099823543,0.015497009180902247,0.22091982223770454,0.00037997245021261145,0.44487074767614565,0.0002933689089914135,0.0002794663009384271,0.0011339629679901714,0.0001485657967506149,0.09041528060994174,0.0017858554726625986,0.0004236490774132515,0.00031579184792325163
Z_R_1890_LYO_1021,0.0002827325071379176,0.001839277139892024,0.26260225827228256,0.0016690340888823002,0.0004900573041442193,0.07168127626315365,0.0013959407725783698,0.0005115054729932186,0.0162360006992506,0.0004085280153947759,0.22042403018025852,0.002824745410257995,0.001741974724469765,0.002710756263756804,0.0008094094350337195,0.043155856861442875,0.0010257108017722029,0.0991508817761311,0.1274775682399705,0.04647118877758848,0.0008018276921125543,0.045181330698311636,0.000619074659498447,0.0005897370164055491,0.02947159759809081,0.00031350738683489575,0.0012459063615784332,0.01730789821510159,0.0008939952404912689,0.0006663921251832257
Z_R_1890_REI_1010,3.91157636760935e-05,0.14823365319992018,0.0007408315701000152,0.01896245238820867,6.779894498405905e-05,0.0024244166486681795,0.00019312702992218463,7.076627800308527e-05,0.0022462346930874136,5.651944824812986e-05,0.008017595505213863,0.01912234391034859,0.0002410004860843582,0.020979727941004146,0.00011198099751060878,0.00035110730836134077,0.00014190607839291195,0.13734561166501663,0.11691357469866467,0.05513125539583951,0.00011093207085070925,0.40335950771116613,0.0019588026856423783,8.158953492217754e-05,0.043413607128892445,4.33734379476975e-05,0.00017236991704767309,0.019252919508292297,0.0001236833603203283,9.219469366344033e-05
Z_R_1890_RTT_1023,4.0275535055327655e-06,0.017191566742724613,7.627970175587393e-05,0.029532775627664987,6.980916461279763e-06,0.006614316280759084,0.00734891801538382,0.267131241295644,3.841421044830849e-05,5.819523397459771e-06,0.0002469236510084961,0.00023310806899716634,2.4814608263864417e-05,0.06233539291803711,1.1530120255649082e-05,3.6151754119354026e-05,1.4611355366099789e-05,0.023978120393277527,0.01898129706016007,0.2872657391182256,1.1422117551646985e-05,0.004115259747309175,8.818781894906794e-06,8.400864165958733e-06,0.11787721834503674,4.465944817025829e-06,0.02431927752995547,0.13024044849832025,1.2735053712850322e-05,0.0023239242017800065
Z_R_1890_SPE_0645,4.652308103124539e-05,0.004758393220996338,0.07440089431118722,0.0002746362947331871,8.063797085608477e-05,0.018478629449986215,0.02919203379757116,8.416722508806129e-05,0.00044373027521122017,6.722248586178262e-05,0.018447367960970337,0.007148421979937227,0.029248973007520416,0.08287730929742766,0.00013318673934850897,0.02269631501292278,0.026903241297430838,0.08983485578539338,0.03879915957153162,0.12126820922965342,0.002359811060986048,0.3349316663357694,0.00010186752432463513,9.704007253745576e-05,0.02044459691723544,5.1587027290424334e-05,0.051446064754760004,0.025126699623498065,0.00014710516818865337,0.00010965352075118789
Z_R_1890_SPR_1018,0.00014123129677486335,0.07531403945646883,0.13117578111989295,0.0008337203638890914,0.0002447947328692565,0.0019903866545832043,0.000697304061453313,0.1558092734042125,0.001347043248151573,0.0002040690048948663,0.0018954853596784228,0.008174231534833246,0.0008701558649069326,0.028406912870941124,0.00040431836186370705,0.008030914499778597,0.0005123657980354156,0.10363377049770388,0.009572277882994787,0.11789831261017032,0.0004005311093987916,0.32691342141402124,0.00030924182665268394,0.0002945870088523844,0.0011953167797615636,0.00015660404684061528,0.0006223584719246298,0.01540889468949757,0.0072097780555188664,0.00033287797343470766
Z_R_1891_FRI_0463,4.846667687083485e-05,0.00031529324914724273,0.23765439813588743,0.0002861097816134992,8.40067852422937e-05,0.1770749217752375,0.000239295477694669,8.768348121050252e-05,0.007425105219623066,7.003084121898853e-05,0.0006504781768546584,0.00048422455708131576,0.0002986134383438747,0.0004646842672639848,0.00013875088485968857,0.002755987850614623,0.0001758297781024814,0.3303243539360872,0.007926832630703765,0.05206417041055687,0.00013745120450811652,0.026312656760359654,0.00010612324626045594,0.00010109411790755043,0.00041019967560973085,5.3742179730803734e-05,0.00021357622315598657,0.0006460152194127118,0.15333566950039954,0.00011423451844102728
Z_R_1891_JON_0473,4.186013062964627e-05,0.0744415925637331,0.2934607674258182,0.00024710984135922136,7.255572758558888e-05,0.0005899389672614452,0.00020667684689994108,7.573124906656191e-05,0.0003992557430191622,6.0484859924343734e-05,0.04867161226081142,0.000418219373024601,0.0002579091108341363,0.0625431695565872,0.00011983759853567871,0.08456789363614213,0.00015186222689801687,0.19910074885061838,0.0028371671984587523,0.04496724585261489,0.00011871507904793705,0.03876254995707568,9.165746938135982e-05,8.731386706740451e-05,0.018395460460823,4.6416523869560305e-05,0.03025308933891045,0.0406494574069427,0.05826503779196492,9.866308509452732e-05
Z_R_1891_KER_0472,0.00022488214687863806,0.001462939638992252,0.1119494808282866,0.012096563663169904,0.00038978587840892093,0.003169286370816121,0.0011103150501888218,0.0004068455023842627,0.0021448927008409033,0.00032493843064615056,0.0030181753392876727,0.0022467696363422697,0.001385546429777859,0.034463204094409956,0.0006437948479883063,0.0020185663750017786,0.0008158384386505073,0.0034802242828292054,0.004472874411911845,0.15542200993956054,0.0006377644178745101,0.40208383925550795,0.0004924047818748387,0.000469069961871733,0.03421039922446461,0.0002493601281558752,0.2163716467521705,0.0029974675145352627,0.0007110734135813091,0.000530040543590978
Z_R_1891_MLL_0464,0.00013062959649696198,0.0008497927354104352,0.10256235423144645,0.0007711361236011542,0.1128257561738073,0.3271279501415958,0.0006449600779956245,0.00023632851496095553,0.0012459257968189627,0.00018875031509090764,0.008008717166013101,0.0013051040960374975,0.0008048365491074953,0.001252438216322364,0.0003739677088058078,0.019939101539325217,0.03175149811445033,0.09585437458068627,0.15898617279574198,0.021470869056416354,0.00037046475108594293,0.10845218418733046,0.0002860282101637784,0.0002724734742114399,0.0011055888616190333,0.00014484837224989578,0.0005756403709411376,0.001741169663182754,0.00041304849844737615,0.00030789008063715245
Z_R_1891_NAU_0457,0.0003322093560885849,0.002161141923499882,0.02220052701705446,0.0019611071453025943,0.0005758150101107542,0.004681859361105047,0.033457544020167554,0.0006010165068708334,0.003168563769581964,0.0004800184821770176,0.036275949335777415,0.003319062471292829,0.00204681204647048,0.003185125764319917,0.0009510522505762325,0.002981946966307222,0.0012052053314960016,0.03695851566727985,0.11796821837032768,0.15005538728055745,0.0009421437385718422,0.5144389927648364,0.0007274097912710703,0.0006929381996606508,0.002811667291843105,0.00036836969389809486,0.0014639340708167692,0.05215401861235526,0.0010504401711579272,0.0007830075892250782
Z_R_1891_NAU_0458,0.00026820711790596615,0.14302609918448983,0.4417673996209341,0.0015832874231457533,0.00046488059856935135,0.0037798694788963535,0.0013242242824170142,0.00048522686723715796,0.0025581198752097504,0.0003875398789550168,0.003599645949316147,0.002679624048089509,0.0016524807318571578,0.07963402652455528,0.0007678260061917589,0.002407455981969499,0.0009730148851053211,0.08121324697843359,0.0053346020189928055,0.018396218547265218,0.0007606337754922386,0.18414145371766777,0.0005872696842450486,0.000559439263258962,0.015113737670766013,0.00029740093743165305,0.0011818978928257995,0.0035749486308671945,0.0008480662138961299,0.0006321562140127003
Z_R_1891_NAU_0459,0.0002520225380970288,0.049914368054817526,0.016841889198442043,0.0014877461792725266,0.00043682803528201114,0.0035517785925463026,0.001244315837961692,0.0004559465370969498,0.0024037537435261137,0.0003641543321840604,0.003382430397374491,0.0025179259186630656,0.001552764115473956,0.014485035688088194,0.0007214926300546459,0.002262181450178923,0.0009142996758065422,0.12458741862872928,0.005012692992866296,0.17417945339275173,0.0007147344043609193,0.3781978967491592,0.000551831724401769,0.0005256806908722207,0.0021330029217652346,0.1933789361469057,0.0011105779333787855,0.0033592234037335624,0.012865608446296757,0.0005940096399124883
Z_R_1891_NAU_0460,0.0001298175205647404,0.031927662328113254,0.20760748026965045,0.006982972743290812,0.00022501135367363474,0.0018295311759052566,0.0006409505995111972,0.00023485934790965933,0.00123818033652464,0.0064042074121535425,0.02660882139478705,0.019946882210202185,0.000799833177678436,0.0012446522707224054,0.0003716428897457083,0.0011652560487138387,0.0004709583431012617,0.03309217847299676,0.002582052306114055,0.058637175525392146,0.00036816170861960303,0.505642328266286,0.0002842500784720387,0.00027077960730447864,0.02596523777629889,0.04987699180765126,0.0005720618274610063,0.014163606430821896,0.0004104807285588948,0.0003059760417749027
Z_R_1891_NAU_0461,9.006469612231615e-05,0.04802856188599602,0.19147641095722723,0.0005316723200832517,0.0001561081979113937,0.009895228590359455,0.004757647150371917,0.004475909484960384,0.0008590237686607585,0.00013013696916723907,0.035712522748557705,0.000899825207837498,0.0005549076255868705,0.0008635138620188017,0.00025783810833356747,0.009434368321176669,0.0003267411045378215,0.09627913745827726,0.00610434314785486,0.057933128792503105,0.00025542293726185493,0.40687272856252604,0.00019720679326610182,0.00018786126049785207,0.06976976944537026,0.051855495503239,0.0003968845994694369,0.0012004776927837895,0.00028478299324232457,0.00021227981479913293
Z_R_1891_NAU_0462,0.0010011242919833287,0.006512675330740486,0.06690204981968928,0.005909863663866775,0.0017352382879812275,0.014108943809523444,0.004942870672159648,0.0018111838630785369,0.009548575626451986,0.0014465521644737667,0.013436231784360195,0.010002108627354357,0.006168138323892671,0.009598485765802316,0.0028660285857313277,0.008986199487350112,0.00363192761454537,0.30314092711535356,0.06785351502901758,0.020725420247069668,0.0028391824791736244,0.3996885209317806,0.002192074361908719,0.002088193037942282,0.008473055846411885,0.0011100947105580857,0.004411615546932121,0.013344045247182749,0.003165537494196604,0.0023596202334876526
Z_R_1891_NAU_0465,9.498046993866379e-05,0.0006178822833738359,0.0017988791234185336,0.0005606912473929333,0.00016462865736831402,0.16962836439184237,0.000468948943749714,0.009268579590605992,0.06003475666280239,0.00013723990664567514,0.005823119265712949,0.0009489380943115705,0.07335916024788781,0.0009106448580219457,0.0002719110345341002,0.0008525549295983984,0.05492504891469018,0.20159830099304388,0.015534266778716105,0.001966299460023247,0.00026936404228019873,0.3517576966514935,0.0002079704335433845,0.00019811481716568591,0.0008038710403424563,0.00010531890808118334,0.00041854674908168725,0.042201355928746055,0.000300326584036441,0.0047722389915507216
Z_R_1891_NAU_0466,0.00010884197920864755,0.0007080564107947268,0.2574575047103162,0.0006425188792035034,0.031461646018688776,0.00674608601924641,0.021386048547611346,0.0001969114504031182,0.0010381187212504404,0.00015726878457615102,0.0014607837130978885,0.037572583291405635,0.0006705984347609537,0.001043544938946854,0.01073592435186627,0.006189142555312871,0.0003948622494480865,0.10071555266967581,0.0021648517256771444,0.10128440171592337,0.00030867519931572897,0.2050311566474822,0.06278430447277987,0.005439193042989913,0.0009211884834418036,0.00012068921548874456,0.0004796297237823176,0.13696705707462276,0.005556321659133949,0.00025653731354851987
Z_R_1891_NAU_0470,3.860951264909875e-05,0.18514229325029874,0.0007312434473600651,0.011321388171471982,6.692146536199256e-05,0.03197561883694715,0.03531994114596211,0.0019187616382017598,0.055835589153904235,5.5787952144468724e-05,0.1280930596187963,0.00038574285196940226,0.0002378813665243582,0.00037017667092340435,0.00011053169703259484,0.0003465631446089678,0.00014006947618521644,0.3297037133824892,0.1117026124503338,0.006346033461414922,0.0001094963459787659,0.07457960847694503,8.453987529980858e-05,8.053357226250893e-05,0.00957132938926708,4.2812082487859326e-05,0.00017013904030317232,0.015305918444421779,0.00012208260343103875,9.100147502307134e-05
Z_R_1891_WIN_0467,9.950639163358344e-05,0.0006473250396903086,0.37832810664789085,0.0005874087892451266,0.062118873604856684,0.0014023534335235585,0.0004912948660187562,0.0001800219735382474,0.0009490772658670468,0.000143779536016824,0.0013354894619182925,0.00099415601659553,0.0006130799068829306,0.0009540380663515119,0.0002848678882018137,0.015188503216727187,0.028951640401683448,0.001539937986481425,0.030569814448953774,0.0592412882529976,0.00028219952902367856,0.29704271413871464,0.0002178804487042243,0.00973777061922848,0.0008421763612547771,0.00011033746748900366,0.01949892178776263,0.08709826537270256,0.0003146374692439938,0.00023453361080150468
Z_R_1891_WIN_0471,0.00010294003408327756,0.0006696621247613385,0.11039942324447566,0.06469164768753477,0.08398053862404965,0.0014507440966736395,0.015296856163037624,0.00018623394726245606,0.0009818268403880555,0.00014874090091168037,0.0013815728665346261,0.010887533316798544,0.0006342353036244729,0.000986958821988108,0.0002946977539765299,0.005853536936964775,0.00037345088459358176,0.11004287049393478,0.006976998965752368,0.04649690443071409,0.005221473420577029,0.1692656827600969,0.0002253987954691645,0.0002147172576068317,0.1586163924027417,0.00011414485519488165,0.1384806327126432,0.0654560631669072,0.00032549458659017125,0.00024262660411286392
Z_R_1891_ZOE_0469,4.560859017043155e-05,0.10731658331687433,0.43331149252562595,0.01337371331168797,7.905289339027944e-05,0.0006427663788592973,0.00022518418997241653,8.251277408402312e-05,0.0004350079964551219,6.590111273689219e-05,0.004980277875911577,0.0004556697673586559,0.00028100416220210755,0.00043728177115942834,0.00013056872581165816,0.00040938761839086243,0.00016546107154418276,0.23003414864843452,0.0030912277160418914,0.09704368238134141,0.00012934568779183713,0.09683561076937405,9.986514361502466e-05,9.513258366309219e-05,0.006938247875397128,5.057299589035512e-05,0.00020098160346396023,0.002791998855720705,0.0001442135640879564,0.00010749809294287754
Z_T_1881_DRA_0358,8.296967650141704e-06,0.03104498571338701,0.5365400217724955,4.897888107250833e-05,0.03140271264078124,0.02435348982481145,4.09647816900898e-05,1.5010457783069704e-05,0.00047645590502845385,1.1988517918293775e-05,0.005276523275205164,0.004056100505485303,5.111937103588831e-05,0.020740222849881366,2.375264155571024e-05,0.006034284271591836,3.0100144574297348e-05,0.17653877192699993,0.011290003811010342,0.03275205857985991,0.0512778943977707,0.01364281551532742,1.8167144892099503e-05,0.0008119475190071215,0.02112821633378942,9.200076330029992e-06,0.031027572865455072,0.0013025527346563154,2.623486653453139e-05,1.9555706419910634e-05
Z_T_1881_ON_0823,0.0003270071111032797,0.0021272994397527893,0.006193339175442812,0.0019303971137357044,0.0005667980131661727,0.020268081455769076,0.017274076494734104,0.0005916048661338978,0.003118945525306712,0.6425135534043481,0.004388809037100919,0.034586163183963486,0.002014759915759947,0.0031352481668612186,0.18885061339423143,0.0029352510549260228,0.001186332372992189,0.005060686695301057,0.006504125650118534,0.006769748627284866,0.0009273902030389203,0.03659698043095284,0.0007160188901132691,0.0006820871076963721,0.0027676378814690122,0.0003626011947342459,0.0014410095398270603,0.004358697238349847,0.0010339907635400626,0.0007707460522459212
Z_T_1882_KRI_0753,2.8650672980789855e-05,0.0001863829822383436,0.04170286152867285,0.0015411391900835149,4.965991249118915e-05,0.01275184672008155,0.011117519707537658,0.05767615978417065,0.00027326588705967807,4.1398149406489275e-05,0.02508066466059449,0.0016582530920685437,0.08524100471395576,0.1553115724747303,0.09200654215482146,0.015349257018817718,0.00559197139906175,0.0169074844765739,0.0005698578737288027,0.14876996976069318,8.125313649361164e-05,0.0018344305066001455,6.273387450043631e-05,5.9760947097109015e-05,0.0029865016709678892,3.1769242625104456e-05,0.028938417019924414,0.2939915497297729,9.059292665347309e-05,6.752878559621999e-05
Z_T_1882_MLL_0366,1.5845624511519035e-05,0.18525189386880775,0.22794209002698554,9.354031390685955e-05,2.7465055607520452e-05,0.09810936638918191,7.823491379364688e-05,2.866710921458983e-05,0.00015113322612205719,2.289578089166788e-05,0.015388798544812352,0.00015831166909205464,9.762824116662353e-05,0.00015192319529351358,4.536301153856611e-05,0.03352972278500993,5.7485530711766345e-05,0.16718267699585337,0.06860776197370899,0.03219791595257686,4.493809594365346e-05,0.09890060790369923,3.469577905388762e-05,3.3051563179282674e-05,0.006204562946604303,1.7570389707434803e-05,6.982629829846359e-05,0.03283989141627984,0.03267878773191924,3.7347666527555256e-05
Z_T_1884_BAU_0388,1.3036289984097156e-05,0.0013333552402861961,0.4316207396494934,0.0007012309065569271,2.2595665388177665e-05,0.003929370113681847,6.436433113465539e-05,2.3584602074566692e-05,0.009488459177538839,1.8836495772012948e-05,0.05136548987046213,0.1374706848377096,8.031933746506959e-05,0.00012498812070910328,3.7320420696501915e-05,0.01509960869388575,4.729368966830757e-05,0.2667670568759108,0.021484630845848313,0.0308593409980824,0.010649641271843762,0.00021040611743062637,2.8544424780597242e-05,2.719171855420496e-05,0.0001103331663708291,1.4455264618520108e-05,5.7446512914218854e-05,0.018277728691856048,4.122052082876279e-05,3.072614845370301e-05
Z_T_1884_ON_0827,1.1739153151857296e-05,0.0186275864319328,0.15706445751672812,6.929888247870411e-05,2.0347351653232585e-05,0.00016544104814679967,0.0028687507092074573,0.09671243993782246,0.00011196630883758257,1.6962226905179316e-05,0.0007197109987545803,0.005176707786196997,0.054039509943226136,0.11366849814799382,3.360696446476927e-05,0.015845800144053176,4.258787329907067e-05,0.1373482613845644,0.039022402562948616,0.16439320587615494,3.3292167831688264e-05,0.05865391804100546,0.023074188407380264,2.448608837018892e-05,0.023709997157650303,0.0016994913913542815,5.1730470399387e-05,0.05524797071356652,3.7118996861719676e-05,0.03150852531705949
Z_T_1884_ZEL_0517,3.934222259233965e-06,2.5593537644164785e-05,0.024566497206223222,0.0007768241489580805,6.819146386035816e-06,0.1270369683830155,1.9424512998680752e-05,7.117597611753487e-06,0.07351347947534712,5.684666499642319e-06,0.06335516337133154,0.4851690121463361,2.4239574732341752e-05,0.004182517654487521,1.1262930634963352e-05,3.5314002798803704e-05,1.4272763711250405e-05,0.11253561691294799,0.019483439362628936,0.05452901382290125,0.003213955488536652,0.00025189835285625346,8.614422622222202e-06,8.206189378517975e-06,3.329744885986767e-05,4.3624546473478574e-06,1.733678447611977e-05,0.031138420632163166,1.243994194510603e-05,9.272845060561728e-06
Z_T_1885_BLI_0104,7.169003898958468e-06,0.08106669751324885,0.14878698987854017,4.2320255324779814e-05,1.2425959645345008e-05,0.13055706318437427,0.0017519223706689857,1.2969802331354191e-05,0.012770674529205524,1.0358691912883816e-05,0.0642943150501193,7.162462875139542e-05,4.416974799971997e-05,6.873430445165948e-05,2.0523495703944485e-05,0.01791622749999172,2.600806257315777e-05,0.19476507438182708,0.10038775014969738,0.05233082563909128,2.03312519994163e-05,0.16524557711713897,1.569734125240085e-05,1.4953451984596774e-05,0.028555018483528906,7.949335933541221e-06,3.159137113135682e-05,0.0004388614207927385,0.0007092789475335321,1.6897129346868317e-05
Z_T_1885_LEH_0378,6.972714741391305e-06,0.08619299280747414,0.3236865407228642,4.1161515926279124e-05,1.2085733696925216e-05,0.04250427244175293,0.00036833207514166966,1.2614685831305418e-05,6.650472330258888e-05,1.0075068282915762e-05,9.35817981660951e-05,6.966352812474982e-05,4.296036901945766e-05,0.026445391060520185,1.9961557150298866e-05,6.258783862930432e-05,2.5295955177989405e-05,0.4852726772218402,0.007484608494717397,0.00014435015156008123,1.9774577127495683e-05,0.00712455644978979,1.526754404013742e-05,1.454402265045958e-05,0.00039291940600703586,7.7316810855867e-06,3.072639132200471e-05,0.004433711923857589,0.0003559531554115377,0.015042184384788371
Z_T_1885_ON_0830,1.4543418727928043e-05,9.461019489034975e-05,0.01838307405950102,8.585309793882494e-05,0.006989680846077818,0.0009014091296929191,0.07110942898723707,2.631122381600955e-05,0.000138712979699719,2.1014187756901378e-05,0.01830281880963649,0.00014530149262651033,0.08784196349223547,0.16728678739256572,4.163504386246201e-05,0.06072145743758105,0.0021421031920029,0.07056624678749446,0.05321926052729108,0.005872658275309048,4.124504816261762e-05,0.09146932608243437,0.055747627574190696,0.009780597406165565,0.0022124306783654034,1.61264413745473e-05,6.408791863252435e-05,0.22862856089088385,4.598603554594792e-05,0.04808914134830074
Z_T_1886_MLL_0399,9.244622107829229e-06,0.12888625047624092,0.010357220655149482,0.04786632558741462,1.6023607026499093e-05,0.0001302853750569193,4.564365469692223e-05,1.67249067034308e-05,0.002744382311705822,1.3357810041078394e-05,0.0939767727174707,0.0014204661085846198,0.0004996594823300763,8.863472240437645e-05,2.646559616771699e-05,0.02266075273174324,3.3538091711813867e-05,0.08779794720131878,0.08606794815148167,0.06836740094276524,2.6217692773323465e-05,0.013872952251896286,2.0242141031220184e-05,1.9282875941140154e-05,0.37770254659903646,0.005765369236064188,4.0737917302571026e-05,0.05147658590064345,2.92313333482668e-05,2.1789299841447035e-05
Z_T_1886_WEN_0401,1.6601462477346413e-05,0.15592834415976012,0.21337489540777926,9.800219677773145e-05,2.8775141666080852e-05,0.05031907715574695,8.196672745965185e-05,3.003453335739691e-05,0.0017483458240045327,2.3987912062806467e-05,0.08767300457891708,0.0001658631524587272,0.0024872904091078666,0.0009541717112865424,4.75268319888228e-05,0.00014901651552939917,6.022759660927027e-05,0.30633259935609436,0.06711034889823747,0.006703699991295708,0.0032270887018851207,0.07261310858879594,3.635077138592367e-05,0.0008296298897426373,0.021605554762210797,1.8408499155605027e-05,7.315702011563146e-05,0.008171299516047349,5.2493533871230095e-05,3.912915417268186e-05
Z_T_1887_DEN_0476,6.12637657026416e-05,0.023868668819570466,0.08623950916593856,0.023831779780898746,0.00010618784576940937,0.012598459259619086,0.01790507320825158,0.00011083533255618632,0.0299219821016422,8.852170863360262e-05,0.0008222297296699068,0.0006120786843206595,0.00037745900696088377,0.0005873789975581234,0.00017538651811701447,0.009351207366355219,0.00022225568214477698,0.20924547112870331,0.015887356397912535,0.16555917253877364,0.0001737436715740333,0.11247189698708206,0.00013414391318453765,0.0001277868992320024,0.2880275504157102,6.793220662005956e-05,0.00026996865763984605,0.0008165883777820325,0.00019371495519621002,0.00014439687688050558
Z_T_1887_GPF_0106,3.116361185915758e-06,2.027305578309621e-05,0.03184599234560234,0.020165067800402992,0.00015463615790622498,0.2626968179742132,1.538647142324679e-05,5.6379643733077104e-06,0.04480010386780582,4.502916425929203e-06,0.12853281709114184,0.0003296043812399264,0.06016074499806412,2.9878756038225617e-05,8.921549815361864e-06,2.797279370356175e-05,1.1305687354366264e-05,0.25703021201473253,0.014388505739650864,0.04453642663306391,8.837981605960371e-06,0.00019953276604921385,0.0086624305155682,6.500255546941825e-06,0.03061946877332221,0.0001526901725816191,0.011206327866618057,0.02302366680753934,9.853879541701905e-06,0.061342766421699904
Z_T_1887_HIL_1032,1.457386852159509e-05,0.026615215461484317,0.09379535182880137,0.02172110186497751,2.526073422169771e-05,0.342179062500106,0.0014677667521061023,2.636631205566715e-05,0.015492923351465515,0.0076980181585712066,0.17397405553834877,0.021082769275644626,8.979268376090972e-05,0.00013972997226955152,4.172221583479173e-05,0.00013081661376732092,5.287179220221754e-05,0.05117263983388282,0.07566366103062694,0.07497759371358613,4.133140359457169e-05,0.002328939038151351,0.0007298165782136254,3.03988735728209e-05,0.00012334652437321513,1.6160205568621954e-05,0.006345371169427929,0.08394291021218514,4.6082317260731436e-05,3.43501754168974e-05
Z_T_1887_LYO_0495,1.1288589112313618e-05,0.03196776178111629,0.000754381605994018,0.0016883844616105137,1.9566393705388985e-05,0.29910081937977373,5.57353732200166e-05,2.0422749303826667e-05,0.001729414256384856,1.6311194469092146e-05,0.12664764390599545,0.017411400075579904,6.955138306393097e-05,0.00010823167790272503,3.231708524859672e-05,0.04010437982511284,4.095329506493564e-05,0.17424203499693083,0.22240364288718126,0.04402082275031744,3.201437092169239e-05,0.014777906419380076,2.471763693417267e-05,2.35462802983477e-05,0.013610086102897052,1.251732992955047e-05,0.0011309085612110938,0.009880938440700692,3.569432125237392e-05,2.6606869386990366e-05
Z_T_1887_LYO_0496,9.377467486923106e-06,0.0009591298927497964,0.00466823458961251,0.0005044203554143791,0.1576373804999239,0.2035577141733704,4.629955480194734e-05,1.6965243901145497e-05,8.944089979685661e-05,0.000462612800843258,0.0656890599983126,0.06924939709613377,5.777655886519145e-05,0.041403707978317314,2.6845907240991504e-05,0.026129829411127094,3.4020034668007597e-05,0.10926744196436586,0.24851837699460266,0.03567011376004996,2.659444147054596e-05,0.014072306814966379,2.053302094687264e-05,0.0009176860488840307,0.018490951167015168,1.0398186457987892e-05,4.132332187665003e-05,0.0023703080162295223,2.9651388112515228e-05,2.210241245588e-05
Z_T_1887_LYO_0497,2.1376984529570675e-05,0.00013906501011532179,0.0004048686136920438,0.01752891220462309,0.21194074878824642,0.18866010910176326,0.03286360433541988,3.867416836378463e-05,0.002251269229026281,3.0888195890153904e-05,0.05147137125708198,0.04627959573226709,0.00013170811914361315,0.012489228499403163,6.119824404331422e-05,0.026807805320655045,7.755246880968682e-05,0.03513626332341964,0.11814946094230161,0.15092488447550156,0.04919771399313391,0.001368714535482535,4.6807314633587516e-05,0.008234103971288797,0.019631022697806803,2.3703827430803778e-05,9.420112772446028e-05,0.025877168949293615,6.759365104122717e-05,5.038491786768818e-05
Z_T_1887_LYO_0498,1.0820634095120488e-05,0.004733945650430132,0.003832145291642145,0.000582049269025035,0.08137185549843282,0.13643189342893045,0.0031624606063757102,1.9576148554475406e-05,0.00010320560974375337,1.5635033328644706e-05,0.07890746241452776,0.07990668998105237,0.0047302217283225765,0.03274861966766268,3.097741896854381e-05,0.026523930428971644,3.9255624992479654e-05,0.1991457409467972,0.1655122843734191,0.0572229977416069,0.018166728700562372,0.03903759132230513,0.0031327286734061637,2.257019729167431e-05,0.0026824439372339416,1.1998438925181692e-05,4.768286813531068e-05,0.061806769796279935,3.4214655675997174e-05,2.550391330474063e-05
Z_T_1888_GHR_0686,1.3028156834989929e-05,0.003828064401527466,0.017091648196011125,7.690816345463996e-05,2.2581568285704243e-05,0.14742052739777461,0.028763045927211486,2.356988798907603e-05,0.004491457423928758,1.8824743960035898e-05,0.0569484109980025,0.00013016269899876565,0.013805744847952698,0.00012491014246348285,0.0106433464801793,0.006355794693952131,0.04309534681188365,0.04387358863647536,0.09883299858084019,0.0614104658287109,3.6947774535117836e-05,0.008320783169383299,0.33567879406403683,2.7174754041927857e-05,0.02194624827290014,0.01062049558933506,0.005672377972192833,0.08065485103432155,4.119480395359456e-05,3.070697886272509e-05
Z_T_1888_GHR_0687,1.020710518128019e-05,6.640090810373011e-05,0.006547616674132023,6.0254855972587484e-05,1.769186889364173e-05,0.012852448904908307,0.02106846358378833,0.029346002707185865,9.735386158447827e-05,1.4748528440700483e-05,0.00013699101316513488,0.04458207498380136,0.06751622213808237,0.013295254163480893,2.9221002288497585e-05,0.04603809396381686,0.012745628995388123,0.0035795087354846323,0.2064733581142195,0.04957932878743523,2.8947288988823803e-05,0.03682416364400338,0.27570119293521056,2.1290469273168756e-05,0.03918977027911683,0.022006970521871172,0.00982082476221681,0.10229363667211003,3.227468798558424e-05,2.4057843870086077e-05
Z_T_1888_GHR_0688,1.3552374693360623e-05,8.816309527715584e-05,0.10344588020191653,8.000274031981368e-05,2.3490189629100332e-05,0.06573885505575366,6.691240632791112e-05,0.05324159281070151,0.018300944535317002,1.9582200835025558e-05,0.03977019989561682,0.00013540009460069963,0.02993697988059534,0.003374879758520523,3.8797873137974155e-05,0.02543220741449472,4.916596698894402e-05,0.06770455966603009,0.08463808763284461,0.06323246846738097,3.843445323293209e-05,0.04370097956696193,0.26287010355147405,0.020146918321506856,0.018935373771202017,1.5027524137683612e-05,5.972072336456179e-05,0.09882692491069765,4.285237164932231e-05,3.194254479122386e-05
Z_T_1888_GRI_0518,0.004605944883575312,0.02435128926200033,0.017177459283714117,0.0002461235038588445,7.930803228093068e-06,0.43259319872292756,0.0006799295680539455,8.27790795504204e-06,0.03488258021690694,6.611380497464954e-06,0.08924032887729252,0.02612014010126099,2.8191108776976093e-05,0.000701207779507184,0.00023221183695369338,0.061173548793893244,1.6599508810485855e-05,0.05068587295625941,0.10964741963953939,0.05465381748216964,1.2976314392631162e-05,0.0005120756315268991,1.0018745290522195e-05,9.54396188748302e-06,0.02195000800003577,5.073621746916151e-06,0.013605158115935224,0.045198229914136204,0.011627447574151111,1.0784503715964597e-05
Z_T_1888_HAS_0710,4.730003189237441e-06,3.077038019309543e-05,0.0021281539945530187,0.014750929806969121,8.198465167574619e-06,0.010033003959376608,0.004780017507717875,8.557284562224497e-06,4.511407177655909e-05,6.834512363898548e-06,0.09768834733321365,0.0066159833097628835,0.09765400783558785,4.534988177556996e-05,1.354110020055392e-05,0.008423245917443834,0.00522683932269358,0.028386676450496508,0.13984939669204832,0.09953484896292447,1.3414260635623395e-05,7.634239555088078e-05,1.0356874571820431e-05,0.34339570313038176,0.07365507020181516,5.244854773120217e-06,2.0843521402661057e-05,0.0675623733044444,1.4956187321693693e-05,1.114847708637126e-05
Z_T_1889_GHR_0689,2.5224464947521918e-05,0.00016409426073300175,0.013765027160582595,0.004980647310860622,4.372130186159673e-05,0.03780148809354223,0.00012454124728410987,4.563483698635762e-05,0.00024058722090444605,0.010907866071695782,0.031744861379666436,0.0002520145005893114,0.06296805374122763,0.00024184476361982082,7.221284927184604e-05,0.0014343529084713863,9.151054623151847e-05,0.05716333151948206,0.12975079822170393,0.019849166832879586,7.153643108954355e-05,0.03785312084311617,0.4651103584530363,0.002468485185918825,0.009876971428140327,2.7970098557321014e-05,0.00011115567029651612,0.11267421002551757,7.975931680195241e-05,5.9453314983654334e-05
Z_T_1889_GHR_0690,0.0006903176052799227,9.185926406684214e-05,0.007705603225749581,8.335679261266796e-05,2.4474997450308834e-05,0.04077082574601419,0.0020983088302534065,0.012197093228073613,0.023801576721260546,2.0403169283697358e-05,0.07051400789847007,0.00014107663762826,0.0034679849659316796,0.00013538366244681367,4.0424443613386515e-05,0.021088856348850483,0.017632350716594896,0.06580964095204336,0.17947307604899437,0.04559752849764117,4.0045787613169434e-05,0.027275788380374342,0.39222521209949895,2.9453314644670247e-05,0.029195983311642915,1.5657541329450198e-05,6.222446796544785e-05,0.05901735765199873,4.464892380253719e-05,0.0007094787688704606
Z_T_1889_GHR_0691,2.719548853699642e-05,0.0001769164815204401,0.009631326818264275,0.00016054113441548273,4.713765648045688e-05,0.07331333960598911,0.00013427282084851457,0.0260956546041221,0.01198029080331862,3.9295513176668365e-05,0.05115557961275349,0.0015740294473022074,0.024911688347517898,0.004167710442587937,7.785551521834247e-05,0.04061611316430485,0.04958692351309719,0.040792874643279804,0.0721686626566916,0.11516740206326165,7.712624215105267e-05,0.02648538990346938,0.29959376732050247,0.0925216369634969,0.00023017011472963253,3.015566420444577e-05,0.007933777470450631,0.051153075370338086,8.599165890411708e-05,6.409895906566103e-05
Z_T_1889_GRI_0519,3.954337169349428e-06,0.04395797231081555,0.0008323455739621343,0.005514874338613315,6.854011349828178e-06,0.39449914444321593,0.0024812446152719966,7.153988498379789e-06,0.025033650044323653,5.7137310893228615e-06,0.06235354398625793,0.05249309640166778,2.43635069443142e-05,0.029199836210945945,1.1320515799814486e-05,0.05703379896778609,1.4345737564844268e-05,0.08527460832149984,0.07430900114369461,0.12411471837590546,1.1214476461978492e-05,0.013887332165656248,8.658466482819024e-06,8.248146022261712e-06,3.3467692213383974e-05,4.384759026036233e-06,0.0030472356253392822,0.01804220566542264,0.007776392185692682,9.32025530650552e-06
Z_T_1889_LYO_1000,6.286328646486204e-06,0.043390117886188115,0.0004200959617681153,3.710962319513099e-05,1.0896027841463783e-05,0.1229113924838401,3.10376141614903e-05,0.0006134454528419394,0.0012641031587347488,0.009341207695869044,0.09882426665166982,6.280592978604055e-05,3.8731399239308035e-05,0.31374006601761656,1.79965642072655e-05,0.002765753203504949,0.0012269509347938641,0.03230816678716764,0.10669187418566942,0.00013014048710326256,0.0015230093460637537,0.02418436322829884,1.3764624399628714e-05,1.3112325631219645e-05,0.018416417136691926,6.970583208473693e-06,0.08401682137282929,0.12380969829354196,1.987726118589244e-05,0.014163521434304297
Z_T_1889_LYO_1002,5.491209973346997e-06,0.0389538115727139,0.00010400056969333333,0.0618280305723512,9.517856942836784e-06,0.05003980006325726,2.7111859086103787e-05,0.0002728944843186222,0.020300299171143277,7.93440108898817e-06,0.07948763722183078,5.486199774477444e-05,0.0026634331312349064,0.0571149816967647,1.5720290557216378e-05,4.9289692241574665e-05,0.0013347215928882772,0.020069945459019464,0.11660052713669565,0.0014284801381305437,1.5573038503444768e-05,0.0008775084840832746,1.2023622536003613e-05,0.00421881483085689,0.32822063322297645,0.010261531359480073,0.13176718927279898,0.07422793032235749,1.7363109853921833e-05,1.294261887679231e-05
Z_T_1889_LYO_1027,1.2497941689983186e-05,8.130362751275842e-05,0.002032188114833244,7.377818324678843e-05,0.05209069295573074,0.08216989525113585,0.013827082187389879,2.261064933880457e-05,0.00550565494292292,1.8058621439797373e-05,0.2617098778801954,0.055784863403129444,7.700245985944465e-05,0.06595423285303956,0.006619219857613459,0.004301645087304567,4.534064342690393e-05,0.10852093828959009,0.14807674908883753,0.06250217284461054,3.544408756842428e-05,0.0002017171595654592,2.7365650573683704e-05,2.6068805876169956e-05,0.03840943138379669,1.3858318166896258e-05,5.507419438894115e-05,0.09173625996676589,3.9518272942460446e-05,2.945727750768062e-05
Z_T_1889_MAT_0431,1.0962647690033447e-05,0.04574399153752671,0.30049234408808145,0.0005896882769042479,1.9001442839538826e-05,0.11459867320173156,5.412609622021577e-05,1.9833072428467674e-05,0.0006295333966468783,1.5840232697745086e-05,0.027445741931806822,0.00010952645332569336,6.754318908221518e-05,0.00168002649388004,3.1383976901302264e-05,0.0006233751887883502,0.0005647441110607993,0.22380827363123315,0.007042698196232871,0.00022695032196890722,3.109000300575513e-05,0.216465929738524,2.4003951489732046e-05,2.2866416055483245e-05,0.0027176492221858512,1.2155910421780677e-05,4.830867393006624e-05,0.008020721016418443,0.04518236597031402,0.0037006516106078283
Z_T_1889_SCH_0504,1.909048549779208e-05,0.0339493958068067,0.21154054798505265,0.00011269546396228674,3.30893392930184e-05,0.16756668112364886,9.425582981048763e-05,3.453754898249101e-05,0.0001820822309288127,2.758437023136989e-05,0.11818733730473777,0.004761704361818742,0.00011762051541808903,0.007496591872227567,5.465243186115055e-05,0.00017135825428195753,6.925739591949047e-05,0.27089708234827986,0.032376522906983986,0.0003952139987318564,5.414050221163951e-05,0.1036121263908045,4.180076754824875e-05,3.981984976955426e-05,0.00016157309442312696,2.1168447457309067e-05,0.002826709514671118,0.006653821381661933,6.0363781110491424e-05,0.038441174695867074
Z_T_1890_BAC_0474,1.9721511054775016e-05,0.06907044053281892,0.24119881577799268,0.0001164205508871047,3.418308930581871e-05,0.12305162004262513,0.048262431593393544,3.5679168774508477e-05,0.0001881008594860507,2.849615650266649e-05,0.0059311628794662995,0.0001970351708024625,0.00012150839722512342,0.01246645234083841,0.0010008718829813798,0.07667447094261866,7.154666126270758e-05,0.11741241072505522,0.06650116423466683,0.023074188258331664,0.002889168921529449,0.08437105788311507,4.318246905749002e-05,0.0009855490180011202,0.06060934227675917,0.015132475276927602,0.034085772032578766,0.016317889257023425,6.235907288037592e-05,4.6483016037505635e-05
Z_T_1890_GHR_0693,3.203499741926993e-05,0.00020839923582264717,0.0006067256575326015,0.0017231843039136904,5.5525926723015405e-05,0.11397298179419994,0.00015816702331008484,0.009262402819096687,0.0003055450736742156,4.628825334359995e-05,0.003498095168166539,0.00032005768577423563,0.0032655232916138054,0.0003071421492801983,0.003159859012175957,0.0018216240390747042,0.03693400496188013,0.03271132971693322,0.12489720217507089,0.000663193161373431,9.085106027442002e-05,0.03580075821598463,0.3805206081773194,0.03841868141785749,0.0769748520626896,3.552194415083245e-05,0.00014116737930791818,0.13389147365690632,0.00010129410131112783,7.550553781936682e-05
Z_T_1890_STI_0510,2.8968634514370277e-05,0.07648632914580655,0.13511036198552953,0.00017100841711586875,5.0211031899230806e-05,0.1488423108328646,0.030662178492935566,0.0014396427409595555,0.0002762985572026436,0.004203560001300387,0.00038879217188945937,0.00028942203432586686,0.00017848187899320575,0.0002777427620800786,8.293169516774742e-05,0.0016472597241042226,0.00010509382750065721,0.21685683777734288,0.001963416224270057,0.013084820133372877,8.215487349312473e-05,0.31120800203961396,0.0014506642272414918,6.042416650560095e-05,0.0002451772072659302,3.212181364891739e-05,0.04868084986260276,0.004547827073341413,9.159831545915981e-05,0.0014555123516522444
Z_T_1891_SCH_0455,8.160784819272014e-06,0.018811450650943775,0.270978409319218,0.008254958248848547,1.4145003164714512e-05,0.1028952014246033,4.029240351872017e-05,1.4764082634974062e-05,7.78363602222108e-05,1.1791743581344616e-05,0.013787499199151586,8.153338891129648e-05,0.0004410795239268123,7.824320871325183e-05,2.3362775992279434e-05,0.024693601941332334,2.9606093847506247e-05,0.29439809510544573,0.058000599072726054,0.03729487013917271,0.0015863407530947728,0.0016949121319238696,1.786895724999345e-05,1.7022156170027953e-05,6.906913165322889e-05,9.049070264721382e-06,3.596181360512585e-05,0.0004995747904516903,0.1661154659972815,1.923472753072881e-05
Z_U_1891_MLL_0468,2.630479782235733e-05,0.000171122216521578,0.25243215560598303,0.00015528318519545048,0.31748237946677477,0.004149725474033502,0.0001298751960514651,4.75893210452538e-05,0.00025089127629468325,3.800852954091486e-05,0.004132049792845573,0.006561156893676986,0.00016206941820270265,0.088429087576692,7.53056369768068e-05,0.026689180168444324,9.542983061252442e-05,0.1956559035507144,0.020677915293580356,0.07612475279449199,7.460024863394797e-05,0.00042456023810083363,5.759731670015458e-05,5.4867808240178623e-05,0.0002226317179217133,2.9168023549852084e-05,0.00011591633123007893,0.005389297352177979,8.317531044918441e-05,6.199962749527399e-05
Z_X_1881_MLL_0359,8.555306858370169e-06,0.07953587618721265,0.09111362582203877,5.050391598764047e-05,1.4828824098016713e-05,0.09885630902730085,4.224028494782384e-05,1.547783212299e-05,0.0004912911130768696,1.236179938176819e-05,0.03821616496490003,8.547500966962167e-05,5.271105349090221e-05,0.015240624587166733,2.449221761187721e-05,0.06685656652264797,3.103736017459603e-05,0.2557801205465148,0.09808651837593693,0.051798287552745244,2.4262798865980392e-05,0.12837163506774618,1.8732807676998588e-05,0.005753531108008386,0.0385834430171811,9.486535255141118e-06,3.77003385567527e-05,0.030021539968133882,0.0008464354504274706,2.0164604263785163e-05
Z_X_1881_MLL_0360,1.5942402112080752e-05,0.04209296833492522,0.21788263718576056,9.411161402375394e-05,2.76327992126436e-05,0.22773010802955918,7.871273574579511e-05,2.8842194396168622e-05,0.0016789383583097818,2.303561752203052e-05,0.027697842721666314,0.0009227196029595384,0.002388547631007125,0.00015285107051228372,4.564006741653194e-05,0.061981825028681756,5.783662521897604e-05,0.19339730427988733,0.09345689913105822,0.028577360432004647,4.521255663758683e-05,0.0766014149420992,3.490768450728353e-05,3.325342653764887e-05,0.00013492916364461212,1.7677701360287847e-05,7.025276439328488e-05,0.02464261053385323,5.0409596528091393e-05,3.757576845881637e-05
Z_X_1881_MLL_0361,9.458166433169726e-06,0.16583299594395529,0.14602178949016492,5.5833700748043595e-05,1.639374117715271e-05,0.1736045296294704,4.6697991297665946e-05,1.711124038767542e-05,9.021059442656566e-05,1.36663661399624e-05,0.023226242199520998,9.449536769579823e-05,5.82737621265921e-05,0.01458436231094307,2.707693298737811e-05,0.02816640288548014,3.431279824759987e-05,0.18584664981608037,0.0685801749942518,0.06269980014466883,0.0004797508090801398,0.12153722667089947,2.070972037622103e-05,1.9728296931359754e-05,0.007326889667423015,1.0487669326492173e-05,4.1678934789785255e-05,0.001484850980725396,2.990655676852671e-05,2.2292617476285028e-05
