_id;author_prename;author_surname;title;source;year;editor_prename;editor_surname;volume;title_addition;year_first;edition;issue;pages;pages_exzerpt;archive;author_address;address;genre;textclass;note;female_education;author_address_geo;address_geo
Z_T_1864_RM_0001;M.;R.;Das Lesebuch als Mittelpunkt für - Alles;Allgemeine deutsche Lehrerzeitung;1864;;;16;;;;6;45-47;;https://bbf-scripta-paedagogica.de/viewer/image/020612311_0016/1/LOG_0003/;;Leipzig;Theorie;Zeitschriftenartikel;schlechte Qualität der ocr gescannten Dokumente;;;Leipzig
Z_T_1864_RIC_0002;Albert;Richter;Göthe als Erzieher;Allgemeine deutsche Lehrerzeitung;1864;;;16;;;;18;141-144;;https://bbf-scripta-paedagogica.de/viewer/image/020612311_0016/1/LOG_0003/;;Leipzig;Theorie;Zeitschriftenartikel;schlechte Qualität der ocr gescannten Dokumente;;;Leipzig
Z_T_1864_MBI_0003;[unknown];Möbius;Über das Studium der deutschen Dichtung als eines der vorzüglichsten nationalen Bildungsmittel;Allgemeine deutsche Lehrerzeitung;1864;;;16;;;;26;205-209;;https://bbf-scripta-paedagogica.de/viewer/image/020612311_0016/1/LOG_0003/;;Leipzig;Theorie;Zeitschriftenartikel;schlechte Qualität der ocr gescannten Dokumente;;;Leipzig
Z_T_1859_CHA_0004;W.;Chamloth;Schiller und die deutsche Jugend;Allgemeine deutsche Lehrerzeitung;1859;;;11;;;;32;225-228;;https://bbf-scripta-paedagogica.de/viewer/image/020612311_0011/1/LOG_0003/;;Leipzig;Theorie;Zeitschriftenartikel;schlechte Qualität der ocr gescannten Dokumente;;;Leipzig
Z_E_1856_GER_0005;[unknown];Gertenbach;Ein Räthsel von Schiller;Allgemeine deutsche Lehrerzeitung;1856;;;8;;;;6;46-47;;https://bbf-scripta-paedagogica.de/viewer/image/020612311_0008/1/LOG_0003/;;Leipzig;Erläuterung;Zeitschriftenartikel;schlechte Qualität der ocr gescannten Dokumente;;;Leipzig
Z_T_1855_ON_0006;[unknown];[unknown];Märchen und Sagen in der Schule, und der Aberglaube im Hause;Allgemeine deutsche Lehrerzeitung;1855;;;7;;;;1;453-452;;https://bbf-scripta-paedagogica.de/viewer/image/020612311_0007/1/LOG_0003/;;Leipzig;Theorie;Zeitschriftenartikel;schlechte Qualität der ocr gescannten Dokumente;;;Leipzig
Z_T_1855_MEI_0007;Julius;Meier;Sagen und Märchen;Allgemeine deutsche Lehrerzeitung;1855;;;7;;;;12;83-84;;https://bbf-scripta-paedagogica.de/viewer/image/020612311_0007/1/LOG_0003/;;Leipzig;Theorie;Zeitschriftenartikel;schlechte Qualität der ocr gescannten Dokumente;;;Leipzig
Z_E_1855_DRR_0008;E.;Dürre;Lesebuchstoff und Volkspoesie;Allgemeine deutsche Lehrerzeitung;1855;;;7;;;;15;105-107;;https://bbf-scripta-paedagogica.de/viewer/image/020612311_0007/1/LOG_0003/;;Leipzig;Erläuterung;Zeitschriftenartikel;schlechte Qualität der ocr gescannten Dokumente;;;Leipzig
Z_M_1855_TIE_0009;H. S.;Tiedemann;Die Auffsatzlehre (Stilübungen) in der Schule;Allgemeine deutsche Lehrerzeitung;1855;;;7;;;;29;109-210;;https://bbf-scripta-paedagogica.de/viewer/image/020612311_0007/1/LOG_0003/;;Leipzig;Methodik;Zeitschriftenartikel;schlechte Qualität der ocr gescannten Dokumente;;;Leipzig
Z_T_1873_ON_0010;[unknown];[unknown];Die moderne deutsche Prosa;Allgemeine deutsche Lehrerzeitung;1873;;;25;;;;41;325-329;;https://bbf-scripta-paedagogica.de/viewer/image/020612311_0025/1/LOG_0003/;;Leipzig;Theorie;Zeitschriftenartikel;schlechte Qualität der ocr gescannten Dokumente;;;Leipzig
Z_M_1857_ON_0011;[unknown];[unknown];Eine Lesestunde;Allgemeine deutsche Lehrerzeitung;1857;;;9;;;;28;202-204;;https://bbf-scripta-paedagogica.de/viewer/image/020612311_0009/1/LOG_0003/;;Leipzig;Methodik;Zeitschriftenartikel;schlechte Qualität der ocr gescannten Dokumente;;;Leipzig
Z_E_1862_OSW_0012;J.;Oswald;Sprüchwörter;Allgemeine deutsche Lehrerzeitung;1862;;;14;;;;26;188-189;;https://bbf-scripta-paedagogica.de/viewer/image/020612311_0014/1/LOG_0003/;;Leipzig;Erläuterung;Zeitschriftenartikel;schlechte Qualität der ocr gescannten Dokumente;;;Leipzig
Z_M_1862_KRB_0013;F. W.;Körbitz;Über eine Verkehrtheit beim Leseunterricht;Allgemeine deutsche Lehrerzeitung;1862;;;14;;;;47;345-346;;https://bbf-scripta-paedagogica.de/viewer/image/020612311_0014/1/LOG_0003/;;Leipzig;Methodik;Zeitschriftenartikel;schlechte Qualität der ocr gescannten Dokumente;;;Leipzig
Z_T_1862_ON_0014;[unknown];[unknown];Literaturgeschichte oder nicht?;Allgemeine deutsche Lehrerzeitung;1862;;;14;;;;46;339-340;;https://bbf-scripta-paedagogica.de/viewer/image/020612311_0014/1/LOG_0003/;;Leipzig;Theorie;Zeitschriftenartikel;schlechte Qualität der ocr gescannten Dokumente;;;Leipzig
Z_T_1871_WIN_0015;Florens;Winkler;Lessing als Erzieher des deutschen Volkes;Allgemeine deutsche Lehrerzeitung;1871;;;23;;;;3;17-19;;https://bbf-scripta-paedagogica.de/viewer/image/020612311_0023/1/LOG_0003/;;Leipzig;Theorie;Zeitschriftenartikel;schlechte Qualität der ocr gescannten Dokumente;;;Leipzig
Z_T_1825_ON_0016;[unknown];[unknown];Teutsche Sprache und Literatur;Allgemeine Schulzeitung;1825;;;2;;;;142;1133-1134;;https://archive.org/details/bub_gb_PLNLAAAAcAAJ;;Darmstadt;Theorie;Zeitschriftenartikel;;;;Darmstadt
Z_T_1812_BES_0017;Karl;Besselde;Ueber die Nothwendigkeit, altdeutsche Gedichte auf Schulen zu lesen;Archiv deutscher Nationalbildung;1812;;;1;;;;3;368-396;;http://opacplus.bsb-muenchen.de/title/4289205/ft/bsb10762122;;Berlin;Theorie;Zeitschriftenartikel;;;;Berlin
Z_E_1843_VIE_0018;Heinrich;Viehoff;Commentar zu Göthe's Hermann und Dorothea;Archiv für den Unterricht im Deutschen in Gymnasien, Realschulen und andern höhern Lehranstalten. Eine Vierteljahrsschrift, herausgegeben von Heinrich Viehoff, Oberlehrer an der Realschule zu Düsseldorf.;1843;;;1;;;;1;1-24;;https://opacplus.bsb-muenchen.de/discovery/fulldisplay?docid=alma991063255639707356&context=L&vid=49BVB_BSB:VU1&lang=de&search_scope=MyInst_and_CI&adaptor=Local%20Search%20Engine&tab=Everything&query=any,contains,%22archiv%20f%C3%BCr%20den%20unterricht%20im%20deutschen%22;;Düsseldorf;Erläuterung;Zeitschriftenartikel;;;;Düsseldorf
Z_E_1843_VIE_0019;Heinrich;Viehoff;Gedichte von A. W. von Schlegel;Archiv für den Unterricht im Deutschen in Gymnasien, Realschulen und andern höhern Lehranstalten. Eine Vierteljahrsschrift, herausgegeben von Heinrich Viehoff, Oberlehrer an der Realschule zu Düsseldorf.;1843;;;1;;;;1;24-78;;https://opacplus.bsb-muenchen.de/discovery/fulldisplay?docid=alma991063255639707356&context=L&vid=49BVB_BSB:VU1&lang=de&search_scope=MyInst_and_CI&adaptor=Local%20Search%20Engine&tab=Everything&query=any,contains,%22archiv%20f%C3%BCr%20den%20unterricht%20im%20deutschen%22;;Düsseldorf;Erläuterung;Zeitschriftenartikel;;;;Düsseldorf
Z_E_1843_VIE_0020;Heinrich;Viehoff;Gedichte von Freiligrath. Einleitendes;Archiv für den Unterricht im Deutschen in Gymnasien, Realschulen und andern höhern Lehranstalten. Eine Vierteljahrsschrift, herausgegeben von Heinrich Viehoff, Oberlehrer an der Realschule zu Düsseldorf.;1843;;;1;;;;1;110;;https://opacplus.bsb-muenchen.de/discovery/fulldisplay?docid=alma991063255639707356&context=L&vid=49BVB_BSB:VU1&lang=de&search_scope=MyInst_and_CI&adaptor=Local%20Search%20Engine&tab=Everything&query=any,contains,%22archiv%20f%C3%BCr%20den%20unterricht%20im%20deutschen%22;;Düsseldorf;Erläuterung;Zeitschriftenartikel;;;;Düsseldorf
Z_E_1843_HIE_0021;Robert Heinrich;Hiecke;Zwei Prosastücke erläutert von R. H. Hiecke;Archiv für den Unterricht im Deutschen in Gymnasien, Realschulen und andern höhern Lehranstalten. Eine Vierteljahrsschrift, herausgegeben von Heinrich Viehoff, Oberlehrer an der Realschule zu Düsseldorf.;1843;;;1;;;;1;110-124;;https://opacplus.bsb-muenchen.de/discovery/fulldisplay?docid=alma991063255639707356&context=L&vid=49BVB_BSB:VU1&lang=de&search_scope=MyInst_and_CI&adaptor=Local%20Search%20Engine&tab=Everything&query=any,contains,%22archiv%20f%C3%BCr%20den%20unterricht%20im%20deutschen%22;;Düsseldorf;Erläuterung;Zeitschriftenartikel;;;;Düsseldorf
Z_L_1843_VIE_0022;Heinrich;Viehoff;Aufgaben zu deutschen Arbeiten für die oberste Bildungsstufe, mit literarischen Nachweisungen;Archiv für den Unterricht im Deutschen in Gymnasien, Realschulen und andern höhern Lehranstalten. Eine Vierteljahrsschrift, herausgegeben von Heinrich Viehoff, Oberlehrer an der Realschule zu Düsseldorf.;1843;;;1;;;;1;125-127;;https://opacplus.bsb-muenchen.de/discovery/fulldisplay?docid=alma991063255639707356&context=L&vid=49BVB_BSB:VU1&lang=de&search_scope=MyInst_and_CI&adaptor=Local%20Search%20Engine&tab=Everything&query=any,contains,%22archiv%20f%C3%BCr%20den%20unterricht%20im%20deutschen%22;;Düsseldorf;Lehrmittel;Zeitschriftenartikel;;;;Düsseldorf
Z_L_1843_VIE_0023;Heinrich;Viehoff;Eine Stufenfolge metrischer Aufgaben für höhere Classen;Archiv für den Unterricht im Deutschen in Gymnasien, Realschulen und andern höhern Lehranstalten. Eine Vierteljahrsschrift, herausgegeben von Heinrich Viehoff, Oberlehrer an der Realschule zu Düsseldorf.;1843;;;1;;;;1;127-162;;https://opacplus.bsb-muenchen.de/discovery/fulldisplay?docid=alma991063255639707356&context=L&vid=49BVB_BSB:VU1&lang=de&search_scope=MyInst_and_CI&adaptor=Local%20Search%20Engine&tab=Everything&query=any,contains,%22archiv%20f%C3%BCr%20den%20unterricht%20im%20deutschen%22;;Düsseldorf;Lehrmittel;Zeitschriftenartikel;;;;Düsseldorf
Z_E_1843_VIE_0024;Heinrich;Viehoff;Commentar zu Göthe's Hermann und Dorothea (Fortsetzung);Archiv für den Unterricht im Deutschen in Gymnasien, Realschulen und andern höhern Lehranstalten. Eine Vierteljahrsschrift, herausgegeben von Heinrich Viehoff, Oberlehrer an der Realschule zu Düsseldorf.;1843;;;1;;;;2;1-37;;https://opacplus.bsb-muenchen.de/discovery/fulldisplay?docid=alma991063255639707356&context=L&vid=49BVB_BSB:VU1&lang=de&search_scope=MyInst_and_CI&adaptor=Local%20Search%20Engine&tab=Everything&query=any,contains,%22archiv%20f%C3%BCr%20den%20unterricht%20im%20deutschen%22;;Düsseldorf;Erläuterung;Zeitschriftenartikel;;;;Düsseldorf
Z_E_1843_KEH_0025;Joseph;Kehrein;Commentar zu Göethe's Faust,;Archiv für den Unterricht im Deutschen in Gymnasien, Realschulen und andern höhern Lehranstalten. Eine Vierteljahrsschrift, herausgegeben von Heinrich Viehoff, Oberlehrer an der Realschule zu Düsseldorf.;1843;;;1;;;;2;37-95;;https://opacplus.bsb-muenchen.de/discovery/fulldisplay?docid=alma991063255639707356&context=L&vid=49BVB_BSB:VU1&lang=de&search_scope=MyInst_and_CI&adaptor=Local%20Search%20Engine&tab=Everything&query=any,contains,%22archiv%20f%C3%BCr%20den%20unterricht%20im%20deutschen%22;;Düsseldorf;Erläuterung;Zeitschriftenartikel;;;;Düsseldorf
Z_E_1843_VIE_0026;Heinrich;Viehoff;Commentar zu einer Auswahl kleinerer Dichtungen von Göthe;Archiv für den Unterricht im Deutschen in Gymnasien, Realschulen und andern höhern Lehranstalten. Eine Vierteljahrsschrift, herausgegeben von Heinrich Viehoff, Oberlehrer an der Realschule zu Düsseldorf.;1843;;;1;;;;2;96--125;;https://opacplus.bsb-muenchen.de/discovery/fulldisplay?docid=alma991063255639707356&context=L&vid=49BVB_BSB:VU1&lang=de&search_scope=MyInst_and_CI&adaptor=Local%20Search%20Engine&tab=Everything&query=any,contains,%22archiv%20f%C3%BCr%20den%20unterricht%20im%20deutschen%22;;Düsseldorf;Erläuterung;Zeitschriftenartikel;;;;Düsseldorf
Z_R_1843_HOF_0027;Karl;Hoffmeister;Hülsmann, Ueber den Unterricht in der deutschen Sprache und Literatur;Archiv für den Unterricht im Deutschen in Gymnasien, Realschulen und andern höhern Lehranstalten. Eine Vierteljahrsschrift, herausgegeben von Heinrich Viehoff, Oberlehrer an der Realschule zu Düsseldorf.;1843;;;1;;;;2;173-187;;https://opacplus.bsb-muenchen.de/discovery/fulldisplay?docid=alma991063255639707356&context=L&vid=49BVB_BSB:VU1&lang=de&search_scope=MyInst_and_CI&adaptor=Local%20Search%20Engine&tab=Everything&query=any,contains,%22archiv%20f%C3%BCr%20den%20unterricht%20im%20deutschen%22;;Düsseldorf;Rezension;Zeitschriftenartikel;;;;Düsseldorf
Z_R_1843_ECH_0028;C. H.;E.;"Nodnagel, Deutsche Dichter der Gegenwart, erläutert 1842; Lessing's Dramen erläutert. 1842";Archiv für den Unterricht im Deutschen in Gymnasien, Realschulen und andern höhern Lehranstalten. Eine Vierteljahrsschrift, herausgegeben von Heinrich Viehoff, Oberlehrer an der Realschule zu Düsseldorf.;1843;;;1;;;;2;205-209;;https://opacplus.bsb-muenchen.de/discovery/fulldisplay?docid=alma991063255639707356&context=L&vid=49BVB_BSB:VU1&lang=de&search_scope=MyInst_and_CI&adaptor=Local%20Search%20Engine&tab=Everything&query=any,contains,%22archiv%20f%C3%BCr%20den%20unterricht%20im%20deutschen%22;;Düsseldorf;Rezension;Zeitschriftenartikel;;;;Düsseldorf
Z_R_1843_ECH_1045;C. H.;E.;Nodnagel, Deutsche Dichter der Gegenwart, Zweites Heft;Archiv für den Unterricht im Deutschen in Gymnasien, Realschulen und andern höhern Lehranstalten. Eine Vierteljahrsschrift, herausgegeben von Heinrich Viehoff, Oberlehrer an der Realschule zu Düsseldorf.;1843;;;;;;;3;182-188;;https://opacplus.bsb-muenchen.de/discovery/fulldisplay?docid=alma991063255639707356&context=L&vid=49BVB_BSB:VU1&lang=de&search_scope=MyInst_and_CI&adaptor=Local%20Search%20Engine&tab=Everything&query=any,contains,%22archiv%20f%C3%BCr%20den%20unterricht%20im%20deutschen%22;;Düsseldorf;Rezension;Zeitschriftenartikel;;;;Düsseldorf
Z_R_1843_BEC_0029;W.;Becker;"Wackernagel, Deutsches Lesebuch. 1843; Bone, Deutsches Lesebuch. 2. Aufl. 1842";Archiv für den Unterricht im Deutschen in Gymnasien, Realschulen und andern höhern Lehranstalten. Eine Vierteljahrsschrift, herausgegeben von Heinrich Viehoff, Oberlehrer an der Realschule zu Düsseldorf.;1843;;;1;;;;2;209-225;;https://opacplus.bsb-muenchen.de/discovery/fulldisplay?docid=alma991063255639707356&context=L&vid=49BVB_BSB:VU1&lang=de&search_scope=MyInst_and_CI&adaptor=Local%20Search%20Engine&tab=Everything&query=any,contains,%22archiv%20f%C3%BCr%20den%20unterricht%20im%20deutschen%22;;Düsseldorf;Rezension;Zeitschriftenartikel;;;;Düsseldorf
Z_E_1843_HIE_0030;Robert Heinrich;Hiecke;Proben von Erläuterungen metrischer Stücke für mittlere und obere Classen;Archiv für den Unterricht im Deutschen in Gymnasien, Realschulen und andern höhern Lehranstalten. Eine Vierteljahrsschrift, herausgegeben von Heinrich Viehoff, Oberlehrer an der Realschule zu Düsseldorf.;1843;;;1;;;;3;24-40;;https://opacplus.bsb-muenchen.de/discovery/fulldisplay?docid=alma991063255639707356&context=L&vid=49BVB_BSB:VU1&lang=de&search_scope=MyInst_and_CI&adaptor=Local%20Search%20Engine&tab=Everything&query=any,contains,%22archiv%20f%C3%BCr%20den%20unterricht%20im%20deutschen%22;;Düsseldorf;Erläuterung;Zeitschriftenartikel;;;;Düsseldorf
Z_E_1843_HIE_0031;Robert Heinrich;Hiecke;Die sechs ersten Gedichte in Ecthermeier's Auswahl deutscher Geidchte, für obere Classen;Archiv für den Unterricht im Deutschen in Gymnasien, Realschulen und andern höhern Lehranstalten. Eine Vierteljahrsschrift, herausgegeben von Heinrich Viehoff, Oberlehrer an der Realschule zu Düsseldorf.;1843;;;1;;;;3;40-55;;https://opacplus.bsb-muenchen.de/discovery/fulldisplay?docid=alma991063255639707356&context=L&vid=49BVB_BSB:VU1&lang=de&search_scope=MyInst_and_CI&adaptor=Local%20Search%20Engine&tab=Everything&query=any,contains,%22archiv%20f%C3%BCr%20den%20unterricht%20im%20deutschen%22;;Düsseldorf;Erläuterung;Zeitschriftenartikel;;;;Düsseldorf
Z_E_1843_VIE_0032;Heinrich;Viehoff;Erläuterungen zu Klopstocks's Messias;Archiv für den Unterricht im Deutschen in Gymnasien, Realschulen und andern höhern Lehranstalten. Eine Vierteljahrsschrift, herausgegeben von Heinrich Viehoff, Oberlehrer an der Realschule zu Düsseldorf.;1843;;;1;;;;3;55-68;;https://opacplus.bsb-muenchen.de/discovery/fulldisplay?docid=alma991063255639707356&context=L&vid=49BVB_BSB:VU1&lang=de&search_scope=MyInst_and_CI&adaptor=Local%20Search%20Engine&tab=Everything&query=any,contains,%22archiv%20f%C3%BCr%20den%20unterricht%20im%20deutschen%22;;Düsseldorf;Erläuterung;Zeitschriftenartikel;;;;Düsseldorf
Z_L_1843_VIE_0033;Heinrich;Viehoff;Aufgaben zu deutschen Arbeiten für die oberste Bildungsstufe, mit literarischen Nachweisungen;Archiv für den Unterricht im Deutschen in Gymnasien, Realschulen und andern höhern Lehranstalten. Eine Vierteljahrsschrift, herausgegeben von Heinrich Viehoff, Oberlehrer an der Realschule zu Düsseldorf.;1843;;;1;;;;3;83-85;;https://opacplus.bsb-muenchen.de/discovery/fulldisplay?docid=alma991063255639707356&context=L&vid=49BVB_BSB:VU1&lang=de&search_scope=MyInst_and_CI&adaptor=Local%20Search%20Engine&tab=Everything&query=any,contains,%22archiv%20f%C3%BCr%20den%20unterricht%20im%20deutschen%22;;Düsseldorf;Lehrmittel;Zeitschriftenartikel;;;;Düsseldorf
Z_R_1843_ECH_0034;C. H.;E.;Lange, Göthe's und Schiller's Sentenzen, als Aufgaben zu Styl- und Redeübungen. 1842;Archiv für den Unterricht im Deutschen in Gymnasien, Realschulen und andern höhern Lehranstalten. Eine Vierteljahrsschrift, herausgegeben von Heinrich Viehoff, Oberlehrer an der Realschule zu Düsseldorf.;1843;;;1;;;;3;146-150;;https://opacplus.bsb-muenchen.de/discovery/fulldisplay?docid=alma991063255639707356&context=L&vid=49BVB_BSB:VU1&lang=de&search_scope=MyInst_and_CI&adaptor=Local%20Search%20Engine&tab=Everything&query=any,contains,%22archiv%20f%C3%BCr%20den%20unterricht%20im%20deutschen%22;;Düsseldorf;Rezension;Zeitschriftenartikel;;;;Düsseldorf
Z_R_1843_PAS_0035;W. A.;Passow;"Pischon's Lehrbücher; Helbig; Grundriß der Gesch. der poet. Literatur der Deutschen. 1843.";Archiv für den Unterricht im Deutschen in Gymnasien, Realschulen und andern höhern Lehranstalten. Eine Vierteljahrsschrift, herausgegeben von Heinrich Viehoff, Oberlehrer an der Realschule zu Düsseldorf.;1843;;;1;;;;3;150-155;;https://opacplus.bsb-muenchen.de/discovery/fulldisplay?docid=alma991063255639707356&context=L&vid=49BVB_BSB:VU1&lang=de&search_scope=MyInst_and_CI&adaptor=Local%20Search%20Engine&tab=Everything&query=any,contains,%22archiv%20f%C3%BCr%20den%20unterricht%20im%20deutschen%22;;Düsseldorf;Rezension;Zeitschriftenartikel;;;;Düsseldorf
Z_R_1843_HIE_0036;Robert Heinrich;Hiecke;Bößler, Die schönsten Heldengeschichten des Mittelalters, ihren Sängern nacherzählt. 1843;Archiv für den Unterricht im Deutschen in Gymnasien, Realschulen und andern höhern Lehranstalten. Eine Vierteljahrsschrift, herausgegeben von Heinrich Viehoff, Oberlehrer an der Realschule zu Düsseldorf.;1843;;;1;;;;3;155-170;;https://opacplus.bsb-muenchen.de/discovery/fulldisplay?docid=alma991063255639707356&context=L&vid=49BVB_BSB:VU1&lang=de&search_scope=MyInst_and_CI&adaptor=Local%20Search%20Engine&tab=Everything&query=any,contains,%22archiv%20f%C3%BCr%20den%20unterricht%20im%20deutschen%22;;Düsseldorf;Rezension;Zeitschriftenartikel;;;;Düsseldorf
Z_R_1843_BEC_0037;W.;Becker;"Wackernagel, Deutsches Lesebuch. 1843; Bone, Deutsches Lesebuch. 2. Aufl. 1842 (Fortsetzung)";Archiv für den Unterricht im Deutschen in Gymnasien, Realschulen und andern höhern Lehranstalten. Eine Vierteljahrsschrift, herausgegeben von Heinrich Viehoff, Oberlehrer an der Realschule zu Düsseldorf.;1843;;;1;;;;3;170-197;;https://opacplus.bsb-muenchen.de/discovery/fulldisplay?docid=alma991063255639707356&context=L&vid=49BVB_BSB:VU1&lang=de&search_scope=MyInst_and_CI&adaptor=Local%20Search%20Engine&tab=Everything&query=any,contains,%22archiv%20f%C3%BCr%20den%20unterricht%20im%20deutschen%22;;Düsseldorf;Rezension;Zeitschriftenartikel;;;;Düsseldorf
Z_E_1843_VIE_0038;Heinrich;Viehoff;Erläuterungen zu Klopstocks's Messias (Fortsetzung);Archiv für den Unterricht im Deutschen in Gymnasien, Realschulen und andern höhern Lehranstalten. Eine Vierteljahrsschrift, herausgegeben von Heinrich Viehoff, Oberlehrer an der Realschule zu Düsseldorf.;1843;;;1;;;;4;36-44;;https://opacplus.bsb-muenchen.de/discovery/fulldisplay?docid=alma991063255639707356&context=L&vid=49BVB_BSB:VU1&lang=de&search_scope=MyInst_and_CI&adaptor=Local%20Search%20Engine&tab=Everything&query=any,contains,%22archiv%20f%C3%BCr%20den%20unterricht%20im%20deutschen%22;;Düsseldorf;Erläuterung;Zeitschriftenartikel;;;;Düsseldorf
Z_E_1843_WIN_0039;[unknown];Winckelmann;Beiträge zur Erklärung von Schiller's Gedichtne, mit Rücksicht auf eine gleichnamige Programmschrift;Archiv für den Unterricht im Deutschen in Gymnasien, Realschulen und andern höhern Lehranstalten. Eine Vierteljahrsschrift, herausgegeben von Heinrich Viehoff, Oberlehrer an der Realschule zu Düsseldorf.;1843;;;1;;;;4;45-61;;https://opacplus.bsb-muenchen.de/discovery/fulldisplay?docid=alma991063255639707356&context=L&vid=49BVB_BSB:VU1&lang=de&search_scope=MyInst_and_CI&adaptor=Local%20Search%20Engine&tab=Everything&query=any,contains,%22archiv%20f%C3%BCr%20den%20unterricht%20im%20deutschen%22;;Düsseldorf;Erläuterung;Zeitschriftenartikel;;;;Düsseldorf
Z_E_1843_VIE_0040;Heinrich;Viehoff;Commentar zu einer Auswahl kleinerer Dichtungen von Göthe;Archiv für den Unterricht im Deutschen in Gymnasien, Realschulen und andern höhern Lehranstalten. Eine Vierteljahrsschrift, herausgegeben von Heinrich Viehoff, Oberlehrer an der Realschule zu Düsseldorf.;1843;;;1;;;;4;61-78;;https://opacplus.bsb-muenchen.de/discovery/fulldisplay?docid=alma991063255639707356&context=L&vid=49BVB_BSB:VU1&lang=de&search_scope=MyInst_and_CI&adaptor=Local%20Search%20Engine&tab=Everything&query=any,contains,%22archiv%20f%C3%BCr%20den%20unterricht%20im%20deutschen%22;;Düsseldorf;Erläuterung;Zeitschriftenartikel;;;;Düsseldorf
Z_E_1843_VIE_0041;Heinrich;Viehoff;Commentar zu Göthe's Hermann und Dorothea (Fortsetzung);Archiv für den Unterricht im Deutschen in Gymnasien, Realschulen und andern höhern Lehranstalten. Eine Vierteljahrsschrift, herausgegeben von Heinrich Viehoff, Oberlehrer an der Realschule zu Düsseldorf.;1843;;;1;;;;4;78-108;;https://opacplus.bsb-muenchen.de/discovery/fulldisplay?docid=alma991063255639707356&context=L&vid=49BVB_BSB:VU1&lang=de&search_scope=MyInst_and_CI&adaptor=Local%20Search%20Engine&tab=Everything&query=any,contains,%22archiv%20f%C3%BCr%20den%20unterricht%20im%20deutschen%22;;Düsseldorf;Erläuterung;Zeitschriftenartikel;;;;Düsseldorf
Z_L_1843_NOD_0042;[unknown];Nodnagel;Aufgaben zu Lehrmittel Aufsätzen für die oberste Bildungsstufe;Archiv für den Unterricht im Deutschen in Gymnasien, Realschulen und andern höhern Lehranstalten. Eine Vierteljahrsschrift, herausgegeben von Heinrich Viehoff, Oberlehrer an der Realschule zu Düsseldorf.;1843;;;1;;;;4;114-120;;https://opacplus.bsb-muenchen.de/discovery/fulldisplay?docid=alma991063255639707356&context=L&vid=49BVB_BSB:VU1&lang=de&search_scope=MyInst_and_CI&adaptor=Local%20Search%20Engine&tab=Everything&query=any,contains,%22archiv%20f%C3%BCr%20den%20unterricht%20im%20deutschen%22;;Düsseldorf;Lehrmittel;Zeitschriftenartikel;;;;Düsseldorf
Z_T_1843_ECH_0043;C. H.;E.;Ueber einen Gebrauch, den man von Fabeln zu stylistischen und Verstandesübungen machen kann;Archiv für den Unterricht im Deutschen in Gymnasien, Realschulen und andern höhern Lehranstalten. Eine Vierteljahrsschrift, herausgegeben von Heinrich Viehoff, Oberlehrer an der Realschule zu Düsseldorf.;1843;;;1;;;;4;120-126;;https://opacplus.bsb-muenchen.de/discovery/fulldisplay?docid=alma991063255639707356&context=L&vid=49BVB_BSB:VU1&lang=de&search_scope=MyInst_and_CI&adaptor=Local%20Search%20Engine&tab=Everything&query=any,contains,%22archiv%20f%C3%BCr%20den%20unterricht%20im%20deutschen%22;;Düsseldorf;Theorie;Zeitschriftenartikel;;;;Düsseldorf
Z_R_1843_ECH_0044;C. H.;E.;Kleinpaul, Die Lehre vo nden Formen und Gattungen der deutschen Dichtkunst, 1843;Archiv für den Unterricht im Deutschen in Gymnasien, Realschulen und andern höhern Lehranstalten. Eine Vierteljahrsschrift, herausgegeben von Heinrich Viehoff, Oberlehrer an der Realschule zu Düsseldorf.;1843;;;1;;;;4;168-176;;https://opacplus.bsb-muenchen.de/discovery/fulldisplay?docid=alma991063255639707356&context=L&vid=49BVB_BSB:VU1&lang=de&search_scope=MyInst_and_CI&adaptor=Local%20Search%20Engine&tab=Everything&query=any,contains,%22archiv%20f%C3%BCr%20den%20unterricht%20im%20deutschen%22;;Düsseldorf;Rezension;Zeitschriftenartikel;;;;Düsseldorf
Z_R_1843_NA_0045;A.;N.;Vollmer u. Maßmann, Dichtungen des deutschen Mittelalters, 1843;Archiv für den Unterricht im Deutschen in Gymnasien, Realschulen und andern höhern Lehranstalten. Eine Vierteljahrsschrift, herausgegeben von Heinrich Viehoff, Oberlehrer an der Realschule zu Düsseldorf.;1843;;;1;;;;4;178-181;;https://opacplus.bsb-muenchen.de/discovery/fulldisplay?docid=alma991063255639707356&context=L&vid=49BVB_BSB:VU1&lang=de&search_scope=MyInst_and_CI&adaptor=Local%20Search%20Engine&tab=Everything&query=any,contains,%22archiv%20f%C3%BCr%20den%20unterricht%20im%20deutschen%22;;Düsseldorf;Rezension;Zeitschriftenartikel;;;;Düsseldorf
Z_R_1843_H_0046;[unknown];H.;Mager, Ueber Wesen, Einrichtung und pädagogische Bedeutung des schulmäßigen Studiums der neuern Sprachen und Litteraturen. 1843;Archiv für den Unterricht im Deutschen in Gymnasien, Realschulen und andern höhern Lehranstalten. Eine Vierteljahrsschrift, herausgegeben von Heinrich Viehoff, Oberlehrer an der Realschule zu Düsseldorf.;1843;;;1;;;;4;196-200;;https://opacplus.bsb-muenchen.de/discovery/fulldisplay?docid=alma991063255639707356&context=L&vid=49BVB_BSB:VU1&lang=de&search_scope=MyInst_and_CI&adaptor=Local%20Search%20Engine&tab=Everything&query=any,contains,%22archiv%20f%C3%BCr%20den%20unterricht%20im%20deutschen%22;;Düsseldorf;Rezension;Zeitschriftenartikel;;;;Düsseldorf
Z_R_1843_BEC_0047;[unknown];Becker;Geß_Ueber den deutschen Unterricht in den untern und mittlern Klassen. 1843;Archiv für den Unterricht im Deutschen in Gymnasien, Realschulen und andern höhern Lehranstalten. Eine Vierteljahrsschrift, herausgegeben von Heinrich Viehoff, Oberlehrer an der Realschule zu Düsseldorf.;1843;;;1;;;;4;200-218;;https://opacplus.bsb-muenchen.de/discovery/fulldisplay?docid=alma991063255639707356&context=L&vid=49BVB_BSB:VU1&lang=de&search_scope=MyInst_and_CI&adaptor=Local%20Search%20Engine&tab=Everything&query=any,contains,%22archiv%20f%C3%BCr%20den%20unterricht%20im%20deutschen%22;;Düsseldorf;Rezension;Zeitschriftenartikel;;;;Düsseldorf
Z_E_1844_BIL_0048;[unknown];Biller;Erläuterung zweier Gedichte für die Schule;Archiv für den Unterricht im Deutschen in Gymnasien, Realschulen und andern höhern Lehranstalten. Eine Vierteljahrsschrift, herausgegeben von Heinrich Viehoff, Oberlehrer an der Realschule zu Düsseldorf.;1844;;;2;;;;1;67-78;;https://opacplus.bsb-muenchen.de/discovery/fulldisplay?docid=alma991063255639707356&context=L&vid=49BVB_BSB:VU1&lang=de&search_scope=MyInst_and_CI&adaptor=Local%20Search%20Engine&tab=Everything&query=any,contains,%22archiv%20f%C3%BCr%20den%20unterricht%20im%20deutschen%22;;Düsseldorf;Erläuterung;Zeitschriftenartikel;;;;Düsseldorf
Z_R_1844_E_0049;[unknown];E.;Mundt, Lesebuch der deutschen Prosa;Archiv für den Unterricht im Deutschen in Gymnasien, Realschulen und andern höhern Lehranstalten. Eine Vierteljahrsschrift, herausgegeben von Heinrich Viehoff, Oberlehrer an der Realschule zu Düsseldorf.;1844;;;2;;;;1;166f.;;https://opacplus.bsb-muenchen.de/discovery/fulldisplay?docid=alma991063255639707356&context=L&vid=49BVB_BSB:VU1&lang=de&search_scope=MyInst_and_CI&adaptor=Local%20Search%20Engine&tab=Everything&query=any,contains,%22archiv%20f%C3%BCr%20den%20unterricht%20im%20deutschen%22;;Düsseldorf;Rezension;Zeitschriftenartikel;;;;Düsseldorf
Z_T_1844_V_0050;[unknown];V.;Ueber Besprechung von Gedichten und Prosastücken zum Behuf der Declamation;Archiv für den Unterricht im Deutschen in Gymnasien, Realschulen und andern höhern Lehranstalten. Eine Vierteljahrsschrift, herausgegeben von Heinrich Viehoff, Oberlehrer an der Realschule zu Düsseldorf.;1844;;;2;;;;1;58-67;;https://opacplus.bsb-muenchen.de/discovery/fulldisplay?docid=alma991063255639707356&context=L&vid=49BVB_BSB:VU1&lang=de&search_scope=MyInst_and_CI&adaptor=Local%20Search%20Engine&tab=Everything&query=any,contains,%22archiv%20f%C3%BCr%20den%20unterricht%20im%20deutschen%22;;Düsseldorf;Theorie;Zeitschriftenartikel;;;;Düsseldorf
Z_E_1844_VIE_0051;[unknown];Viehoff;Auswahl aus Rückert's Gedichten erläutert;Archiv für den Unterricht im Deutschen in Gymnasien, Realschulen und andern höhern Lehranstalten. Eine Vierteljahrsschrift, herausgegeben von Heinrich Viehoff, Oberlehrer an der Realschule zu Düsseldorf.;1844;;;2;;;;1;79-114;;https://opacplus.bsb-muenchen.de/discovery/fulldisplay?docid=alma991063255639707356&context=L&vid=49BVB_BSB:VU1&lang=de&search_scope=MyInst_and_CI&adaptor=Local%20Search%20Engine&tab=Everything&query=any,contains,%22archiv%20f%C3%BCr%20den%20unterricht%20im%20deutschen%22;;Düsseldorf;Erläuterung;Zeitschriftenartikel;;;;Düsseldorf
Z_K_1844_VIE_0052;[unknown];Viehoff;Briefe an den Herausgeber, den deutschen Unterricht betreffend;Archiv für den Unterricht im Deutschen in Gymnasien, Realschulen und andern höhern Lehranstalten. Eine Vierteljahrsschrift, herausgegeben von Heinrich Viehoff, Oberlehrer an der Realschule zu Düsseldorf.;1844;;;2;;;;1;2-15;;https://opacplus.bsb-muenchen.de/discovery/fulldisplay?docid=alma991063255639707356&context=L&vid=49BVB_BSB:VU1&lang=de&search_scope=MyInst_and_CI&adaptor=Local%20Search%20Engine&tab=Everything&query=any,contains,%22archiv%20f%C3%BCr%20den%20unterricht%20im%20deutschen%22;;Düsseldorf;Kommentar;Zeitschriftenartikel;;;;Düsseldorf
Z_E_1844_VIE_0053;[unknown];Viehoff;Sprachlicher Commentar zu Lessings Nathan;Archiv für den Unterricht im Deutschen in Gymnasien, Realschulen und andern höhern Lehranstalten. Eine Vierteljahrsschrift, herausgegeben von Heinrich Viehoff, Oberlehrer an der Realschule zu Düsseldorf.;1844;;;2;;;;1;117-132;;https://opacplus.bsb-muenchen.de/discovery/fulldisplay?docid=alma991063255639707356&context=L&vid=49BVB_BSB:VU1&lang=de&search_scope=MyInst_and_CI&adaptor=Local%20Search%20Engine&tab=Everything&query=any,contains,%22archiv%20f%C3%BCr%20den%20unterricht%20im%20deutschen%22;;Düsseldorf;Erläuterung;Zeitschriftenartikel;;;;Düsseldorf
Z_R_1844_ON_0054;[unknown];[unknown];Erk, Neue Sammlung deutscher Volkslieder;Archiv für den Unterricht im Deutschen in Gymnasien, Realschulen und andern höhern Lehranstalten. Eine Vierteljahrsschrift, herausgegeben von Heinrich Viehoff, Oberlehrer an der Realschule zu Düsseldorf.;1844;;;2;;;;2;164-167;;https://opacplus.bsb-muenchen.de/discovery/fulldisplay?docid=alma991063255639707356&context=L&vid=49BVB_BSB:VU1&lang=de&search_scope=MyInst_and_CI&adaptor=Local%20Search%20Engine&tab=Everything&query=any,contains,%22archiv%20f%C3%BCr%20den%20unterricht%20im%20deutschen%22;;Düsseldorf;Rezension;Zeitschriftenartikel;;;;Düsseldorf
Z_R_1844_ON_0055;[unknown];[unknown];Reimnitz, Leitfaden zu einem wissenschaftlichen Unterricht in der deutschen Grammatik;Archiv für den Unterricht im Deutschen in Gymnasien, Realschulen und andern höhern Lehranstalten. Eine Vierteljahrsschrift, herausgegeben von Heinrich Viehoff, Oberlehrer an der Realschule zu Düsseldorf.;1844;;;2;;;;2;195-199;;https://opacplus.bsb-muenchen.de/discovery/fulldisplay?docid=alma991063255639707356&context=L&vid=49BVB_BSB:VU1&lang=de&search_scope=MyInst_and_CI&adaptor=Local%20Search%20Engine&tab=Everything&query=any,contains,%22archiv%20f%C3%BCr%20den%20unterricht%20im%20deutschen%22;;Düsseldorf;Rezension;Zeitschriftenartikel;;;;Düsseldorf
Z_R_1844_ON_0056;[unknown];[unknown];Kellner, Praktischer Lehrgang für gesammten deutschen Unterricht;Archiv für den Unterricht im Deutschen in Gymnasien, Realschulen und andern höhern Lehranstalten. Eine Vierteljahrsschrift, herausgegeben von Heinrich Viehoff, Oberlehrer an der Realschule zu Düsseldorf.;1844;;;2;;;;2;202;;https://opacplus.bsb-muenchen.de/discovery/fulldisplay?docid=alma991063255639707356&context=L&vid=49BVB_BSB:VU1&lang=de&search_scope=MyInst_and_CI&adaptor=Local%20Search%20Engine&tab=Everything&query=any,contains,%22archiv%20f%C3%BCr%20den%20unterricht%20im%20deutschen%22;;Düsseldorf;Rezension;Zeitschriftenartikel;;;;Düsseldorf
Z_R_1844_VIE_0057;[unknown];Viehoff;Götzinger, Deutsche Dichter;Archiv für den Unterricht im Deutschen in Gymnasien, Realschulen und andern höhern Lehranstalten. Eine Vierteljahrsschrift, herausgegeben von Heinrich Viehoff, Oberlehrer an der Realschule zu Düsseldorf.;1844;;;2;;;;2;147-154;;https://opacplus.bsb-muenchen.de/discovery/fulldisplay?docid=alma991063255639707356&context=L&vid=49BVB_BSB:VU1&lang=de&search_scope=MyInst_and_CI&adaptor=Local%20Search%20Engine&tab=Everything&query=any,contains,%22archiv%20f%C3%BCr%20den%20unterricht%20im%20deutschen%22;;Düsseldorf;Rezension;Zeitschriftenartikel;;;;Düsseldorf
Z_E_1844_VIE_0058;[unknown];Viehoff;Sprachlicher Commentar zu Lessing's Nathan [Fortsetzung];Archiv für den Unterricht im Deutschen in Gymnasien, Realschulen und andern höhern Lehranstalten. Eine Vierteljahrsschrift, herausgegeben von Heinrich Viehoff, Oberlehrer an der Realschule zu Düsseldorf.;1844;;;2;;;;2;23-31;;https://opacplus.bsb-muenchen.de/discovery/fulldisplay?docid=alma991063255639707356&context=L&vid=49BVB_BSB:VU1&lang=de&search_scope=MyInst_and_CI&adaptor=Local%20Search%20Engine&tab=Everything&query=any,contains,%22archiv%20f%C3%BCr%20den%20unterricht%20im%20deutschen%22;;Düsseldorf;Erläuterung;Zeitschriftenartikel;;;;Düsseldorf
Z_E_1844_VIE_0059;[unknown];Viehoff;Ueber Göthe's Elpenor;Archiv für den Unterricht im Deutschen in Gymnasien, Realschulen und andern höhern Lehranstalten. Eine Vierteljahrsschrift, herausgegeben von Heinrich Viehoff, Oberlehrer an der Realschule zu Düsseldorf.;1844;;;2;;;;2;121-146;;https://opacplus.bsb-muenchen.de/discovery/fulldisplay?docid=alma991063255639707356&context=L&vid=49BVB_BSB:VU1&lang=de&search_scope=MyInst_and_CI&adaptor=Local%20Search%20Engine&tab=Everything&query=any,contains,%22archiv%20f%C3%BCr%20den%20unterricht%20im%20deutschen%22;;Düsseldorf;Erläuterung;Zeitschriftenartikel;;;;Düsseldorf
Z_E_1844_DEL_0060;[unknown];Delbrück;[Erläuterungen] deutscher Gedichte;Archiv für den Unterricht im Deutschen in Gymnasien, Realschulen und andern höhern Lehranstalten. Eine Vierteljahrsschrift, herausgegeben von Heinrich Viehoff, Oberlehrer an der Realschule zu Düsseldorf.;1844;;;2;;;;3;80-101;;https://opacplus.bsb-muenchen.de/discovery/fulldisplay?docid=alma991063255639707356&context=L&vid=49BVB_BSB:VU1&lang=de&search_scope=MyInst_and_CI&adaptor=Local%20Search%20Engine&tab=Everything&query=any,contains,%22archiv%20f%C3%BCr%20den%20unterricht%20im%20deutschen%22;;Düsseldorf;Erläuterung;Zeitschriftenartikel;;;;Düsseldorf
Z_R_1844_M_0061;[unknown];M.;Lesebuch für preuísche Schulen;Archiv für den Unterricht im Deutschen in Gymnasien, Realschulen und andern höhern Lehranstalten. Eine Vierteljahrsschrift, herausgegeben von Heinrich Viehoff, Oberlehrer an der Realschule zu Düsseldorf.;1844;;;2;;;;3;202-206;;https://opacplus.bsb-muenchen.de/discovery/fulldisplay?docid=alma991063255639707356&context=L&vid=49BVB_BSB:VU1&lang=de&search_scope=MyInst_and_CI&adaptor=Local%20Search%20Engine&tab=Everything&query=any,contains,%22archiv%20f%C3%BCr%20den%20unterricht%20im%20deutschen%22;;Düsseldorf;Rezension;Zeitschriftenartikel;;;;Düsseldorf
Z_R_1844_ON_0062;[unknown];[unknown];Hartung, Beiträge zur populären Erklärung des Faust;Archiv für den Unterricht im Deutschen in Gymnasien, Realschulen und andern höhern Lehranstalten. Eine Vierteljahrsschrift, herausgegeben von Heinrich Viehoff, Oberlehrer an der Realschule zu Düsseldorf.;1844;;;2;;;;3;174-182;;https://opacplus.bsb-muenchen.de/discovery/fulldisplay?docid=alma991063255639707356&context=L&vid=49BVB_BSB:VU1&lang=de&search_scope=MyInst_and_CI&adaptor=Local%20Search%20Engine&tab=Everything&query=any,contains,%22archiv%20f%C3%BCr%20den%20unterricht%20im%20deutschen%22;;Düsseldorf;Rezension;Zeitschriftenartikel;;;;Düsseldorf
Z_K_1844_ON_0063;[unknown];[unknown];Thiers über den mittleren Unterricht;Archiv für den Unterricht im Deutschen in Gymnasien, Realschulen und andern höhern Lehranstalten. Eine Vierteljahrsschrift, herausgegeben von Heinrich Viehoff, Oberlehrer an der Realschule zu Düsseldorf.;1844;;;2;;;;3;106-119;;https://opacplus.bsb-muenchen.de/discovery/fulldisplay?docid=alma991063255639707356&context=L&vid=49BVB_BSB:VU1&lang=de&search_scope=MyInst_and_CI&adaptor=Local%20Search%20Engine&tab=Everything&query=any,contains,%22archiv%20f%C3%BCr%20den%20unterricht%20im%20deutschen%22;;Düsseldorf;Kommentar;Zeitschriftenartikel;;;;Düsseldorf
Z_Q_1844_VIE_0064;[unknown];Viehoff;Briefwechsel des Herausgebers;Archiv für den Unterricht im Deutschen in Gymnasien, Realschulen und andern höhern Lehranstalten. Eine Vierteljahrsschrift, herausgegeben von Heinrich Viehoff, Oberlehrer an der Realschule zu Düsseldorf.;1844;;;2;;;;3;10-28;;https://opacplus.bsb-muenchen.de/discovery/fulldisplay?docid=alma991063255639707356&context=L&vid=49BVB_BSB:VU1&lang=de&search_scope=MyInst_and_CI&adaptor=Local%20Search%20Engine&tab=Everything&query=any,contains,%22archiv%20f%C3%BCr%20den%20unterricht%20im%20deutschen%22;;Düsseldorf;Quelle;Zeitschriftenartikel;;;;Düsseldorf
Z_R_1844_ECH_0065;C. H.;E.;Schäfer, Handbuch der Geschichte der deutschen Literatur;Archiv für den Unterricht im Deutschen in Gymnasien, Realschulen und andern höhern Lehranstalten. Eine Vierteljahrsschrift, herausgegeben von Heinrich Viehoff, Oberlehrer an der Realschule zu Düsseldorf.;1844;;;2;;;;4;187-189;;https://opacplus.bsb-muenchen.de/discovery/fulldisplay?docid=alma991063255639707356&context=L&vid=49BVB_BSB:VU1&lang=de&search_scope=MyInst_and_CI&adaptor=Local%20Search%20Engine&tab=Everything&query=any,contains,%22archiv%20f%C3%BCr%20den%20unterricht%20im%20deutschen%22;;Düsseldorf;Rezension;Zeitschriftenartikel;;;;Düsseldorf
Z_E_1844_HEN_0066;[unknown];Henneberger;Beiträge zur Orientierung in Schillers Wallenstein;Archiv für den Unterricht im Deutschen in Gymnasien, Realschulen und andern höhern Lehranstalten. Eine Vierteljahrsschrift, herausgegeben von Heinrich Viehoff, Oberlehrer an der Realschule zu Düsseldorf.;1844;;;2;;;;4;30-39;;https://opacplus.bsb-muenchen.de/discovery/fulldisplay?docid=alma991063255639707356&context=L&vid=49BVB_BSB:VU1&lang=de&search_scope=MyInst_and_CI&adaptor=Local%20Search%20Engine&tab=Everything&query=any,contains,%22archiv%20f%C3%BCr%20den%20unterricht%20im%20deutschen%22;;Düsseldorf;Erläuterung;Zeitschriftenartikel;;;;Düsseldorf
Z_R_1844_M_0067;[unknown];M.;Gervinus, Handbuch der Geschichte der poetischen National-Literatur der Deutschen;Archiv für den Unterricht im Deutschen in Gymnasien, Realschulen und andern höhern Lehranstalten. Eine Vierteljahrsschrift, herausgegeben von Heinrich Viehoff, Oberlehrer an der Realschule zu Düsseldorf.;1844;;;2;;;;4;189-191;;https://opacplus.bsb-muenchen.de/discovery/fulldisplay?docid=alma991063255639707356&context=L&vid=49BVB_BSB:VU1&lang=de&search_scope=MyInst_and_CI&adaptor=Local%20Search%20Engine&tab=Everything&query=any,contains,%22archiv%20f%C3%BCr%20den%20unterricht%20im%20deutschen%22;;Düsseldorf;Rezension;Zeitschriftenartikel;;;;Düsseldorf
Z_R_1844_ON_0068;[unknown];[unknown];Erk, Neue Sammlung deutscher Volkslieder;Archiv für den Unterricht im Deutschen in Gymnasien, Realschulen und andern höhern Lehranstalten. Eine Vierteljahrsschrift, herausgegeben von Heinrich Viehoff, Oberlehrer an der Realschule zu Düsseldorf.;1844;;;2;;;;4;184-185;;https://opacplus.bsb-muenchen.de/discovery/fulldisplay?docid=alma991063255639707356&context=L&vid=49BVB_BSB:VU1&lang=de&search_scope=MyInst_and_CI&adaptor=Local%20Search%20Engine&tab=Everything&query=any,contains,%22archiv%20f%C3%BCr%20den%20unterricht%20im%20deutschen%22;;Düsseldorf;Rezension;Zeitschriftenartikel;;;;Düsseldorf
Z_E_1844_VIE_0069;[unknown];Viehoff;Commentar zu einer Auswahl kleinerer Dichtungen von Göthe [Fortsetzung];Archiv für den Unterricht im Deutschen in Gymnasien, Realschulen und andern höhern Lehranstalten. Eine Vierteljahrsschrift, herausgegeben von Heinrich Viehoff, Oberlehrer an der Realschule zu Düsseldorf.;1844;;;2;;;;4;91-119;;https://opacplus.bsb-muenchen.de/discovery/fulldisplay?docid=alma991063255639707356&context=L&vid=49BVB_BSB:VU1&lang=de&search_scope=MyInst_and_CI&adaptor=Local%20Search%20Engine&tab=Everything&query=any,contains,%22archiv%20f%C3%BCr%20den%20unterricht%20im%20deutschen%22;;Düsseldorf;Erläuterung;Zeitschriftenartikel;;;;Düsseldorf
Z_T_1800_WIN_0070;W. A.;Winterfeld;Wie müssen Kinderschriften beschaffen seyn.?;Bibliothek der pädagogischen Literatur;1800;;;3;verbunden mit e. Correspondenzblatte, welches pädag. Abhandlungen, Aufsätze, Anfragen, Nachrichten, Wünsche, Zweifel, Vorschläge & c. Enthält, u. e. Anzeiger;;;10;230-233;;https://bbf-scripta-paedagogica.de/viewer/image/026398095_0003/126/LOG_0012/;;Gotha;Theorie;Zeitschriftenartikel;;;;Gotha
Z_R_1804_ON_0071;[unknown];[unknown];Etzler, Lesebuch für die deutschen Stunden in den untersten Classen der größern Schul-Anstalten.;Bibliothek der pädagogischen Literatur;1804;;;3;verbunden mit e. Correspondenzblatte, welches pädag. Abhandlungen, Aufsätze, Anfragen, Nachrichten, Wünsche, Zweifel, Vorschläge & c. Enthält, u. e. Anzeiger;;;9;81-85;;https://bbf-scripta-paedagogica.de/viewer/image/026398095_0015/1/LOG_0004/;;Gotha;Rezension;Zeitschriftenartikel;2Sammelrezension, enthällt Text von: Z_R_1804_ON_0072;;;Gotha
Z_R_1804_ON_0072;[unknown];[unknown];Etzler, Leitfaden für den Unterricht in der teutschen Sprache und die damit zusammenhängenden Uebungen in den mittlern Classen der größeren Schulanstalten.;Bibliothek der pädagogischen Literatur;1804;;;3;verbunden mit e. Correspondenzblatte, welches pädag. Abhandlungen, Aufsätze, Anfragen, Nachrichten, Wünsche, Zweifel, Vorschläge & c. Enthält, u. e. Anzeiger;;;9;81-85;;https://bbf-scripta-paedagogica.de/viewer/image/026398095_0015/1/LOG_0004/;;Gotha;Rezension;Zeitschriftenartikel;;;;Gotha
Z_R_1804_XYZ_0073;[unknown];X. Y. Z.;Helfrecht, Kurze Anleitung zur teutschen Dichtkunst für Anhänger.;Bibliothek der pädagogischen Literatur;1804;;;3;verbunden mit e. Correspondenzblatte, welches pädag. Abhandlungen, Aufsätze, Anfragen, Nachrichten, Wünsche, Zweifel, Vorschläge & c. Enthält, u. e. Anzeiger;;;11;224-225;;https://bbf-scripta-paedagogica.de/viewer/image/026398095_0015/245/LOG_0021/;;Gotha;Rezension;Zeitschriftenartikel;;;;Gotha
Z_T_1805_H_0074;[unknown];H.;Ueber Erzählungen für die Jugend und über die Auswahl des Stoffe für dieselben.;Bibliothek der pädagogischen Literatur;1805;;;3;verbunden mit e. Correspondenzblatte, welches pädag. Abhandlungen, Aufsätze, Anfragen, Nachrichten, Wünsche, Zweifel, Vorschläge & c. Enthält, u. e. Anzeiger;;;10 u. 11;223-238;;https://bbf-scripta-paedagogica.de/viewer/image/026398095_0018/111/LOG_0014/;;Gotha;Theorie;Zeitschriftenartikel;;;;Gotha
Z_R_1805_MG_0075;G.;M.;Müller, Sammlung deutscher poetischer Meisterstücke des achtzehnten Jahrhunderts.;Bibliothek der pädagogischen Literatur;1805;;;3;verbunden mit e. Correspondenzblatte, welches pädag. Abhandlungen, Aufsätze, Anfragen, Nachrichten, Wünsche, Zweifel, Vorschläge & c. Enthält, u. e. Anzeiger;;;9;66-68;;https://bbf-scripta-paedagogica.de/viewer/image/026398095_0018/1/LOG_0004/;;Gotha;Rezension;Zeitschriftenartikel;;;;Gotha
Z_R_1849_ON_0077;[unknown];[unknown];Seineke, Deutsches Lesebuch für die oberen Klassen der höheren Töchterschulen.;Die Erzieherin: Eine Zeitschrift über weibliche Erziehung;1849;;;5;;;;3;106-108;;https://www.e-periodica.ch/digbib/view?pid=erz-001%3A1849%3A5#117;;Zürich;Rezension;Zeitschriftenartikel;;1;;Zürich
Z_R_1846_WIL_0078;[unknown];Wildermuth;Brandauer, J.F., Deutsches Sprach- und Lesebuch für die Elementarklasse der Gymnasien und Realschulen;Die Mittelschule;1846;;;2;Zeitschrift für das Unterrichts- u. Erziehungswesen in Gymnasien, Seminarien, lateinischen und Realschulen, Gewerbeschulen, höheren Bürger- und Töchterschulen;;;3;455-457;;https://bbf-scripta-paedagogica.de/viewer/toc/1010989391/1/LOG_0000/;;Reutlingen;Rezension;Zeitschriftenartikel;;;;Reutlingen
Z_R_1846_KAP_0079;[unknown];Kapps;Kleinpaul, Ernst, Die Lehre von den Formen und Gattungen der deutschen Dichtkunst für höhere Lehranstalten;Die Mittelschule;1846;;;2;Zeitschrift für das Unterrichts- u. Erziehungswesen in Gymnasien, Seminarien, lateinischen und Realschulen, Gewerbeschulen, höheren Bürger- und Töchterschulen;;;3;452-455;;https://bbf-scripta-paedagogica.de/viewer/toc/1010989391/1/LOG_0000/;;Reutlingen;Rezension;Zeitschriftenartikel;;;;Reutlingen
Z_R_1846_LAN_0080;J.;Landherr;Deutsche Anthologie für höhere Lehranstalten und für Freunde der Poesie;Die Mittelschule;1846;;;1;Zeitschrift für das Unterrichts- u. Erziehungswesen in Gymnasien, Seminarien, lateinischen und Realschulen, Gewerbeschulen, höheren Bürger- und Töchterschulen;;;;284-288;;https://bbf-scripta-paedagogica.de/viewer/toc/1010989391/1/LOG_0000/;;Reutlingen;Rezension;Zeitschriftenartikel;;;;Reutlingen
Z_R_1845_ON_0081;[unknown];[unknown];Neue Schriften, die sich vorzüglich zur Anschaffung in Schülerbibliotheken oder als Prämien eignen;Die Mittelschule;1845;;;1;Zeitschrift für das Unterrichts- u. Erziehungswesen in Gymnasien, Seminarien, lateinischen und Realschulen, Gewerbeschulen, höheren Bürger- und Töchterschulen;;;4;603;;https://bbf-scripta-paedagogica.de/viewer/toc/1010989391/1/LOG_0000/;;Reutlingen;Rezension;Zeitschriftenartikel;;;;Reutlingen
Z_T_1845_ON_0082;[unknown];[unknown];Wie soll ein deutsches Schullesebuch nicht beschaffen sein?;Die Mittelschule;1845;;;1;Zeitschrift für das Unterrichts- u. Erziehungswesen in Gymnasien, Seminarien, lateinischen und Realschulen, Gewerbeschulen, höheren Bürger- und Töchterschulen;;;4;532-534;;https://bbf-scripta-paedagogica.de/viewer/toc/1010989391/1/LOG_0000/;;Reutlingen;Theorie;Zeitschriftenartikel;;;;Reutlingen
Z_T_1845_WAC_0083;[unknown];Wacker;Der Unterricht in der deutschen Sprache, besonders an Realschulen;Die Mittelschule;1845;;;1;Zeitschrift für das Unterrichts- u. Erziehungswesen in Gymnasien, Seminarien, lateinischen und Realschulen, Gewerbeschulen, höheren Bürger- und Töchterschulen;;;3;375-393;;https://bbf-scripta-paedagogica.de/viewer/toc/1010989391/1/LOG_0000/;;Reutlingen;Theorie;Zeitschriftenartikel;;;;Reutlingen
Z_R_1882_ZIL_0084;[unknown];Ziller et al.;Abhandlung von Hartung und Schneider.;Erläuterungen zum Jahrbuch des Vereins für Wissenschaftliche Pädagogik;1882;;;13;nebst Mitteilungen an seine Mitglieder;;;;5-23;;https://bbf-scripta-paedagogica.de/viewer/!toc/027071057_0013/4/-/;;Langensalza;Rezension;Zeitschriftenartikel;schlechte Qualität der ocr gescannten Dokumente;;;Langensalza
Z_R_1884_VOG_0085;[unknown];Vogt et al.;Hartung, Nachtrag zu den ‚Methodischen Richtlinien für Schulung des Lesevortrags.;Erläuterungen zum Jahrbuch des Vereins für Wissenschaftliche Pädagogik;1884;;;15;nebst Mitteilungen an seine Mitglieder;;;;45-47;;https://bbf-scripta-paedagogica.de/viewer/!toc/027071057_0015/44/LOG_0016/;;Leipzig;Rezension;Zeitschriftenartikel;schlechte Qualität der ocr gescannten Dokumente;;;Leipzig
Z_R_1885_VOG_0086;[unknown];Vogt et al.;Israel, Über die Korrektur der deutschen Aufsätze.;Erläuterungen zum Jahrbuch des Vereins für Wissenschaftliche Pädagogik;1885;;;16;nebst Mitteilungen an seine Mitglieder;;;;30-33;;https://bbf-scripta-paedagogica.de/viewer/!toc/027071057_0016/29/LOG_0010/;;Leipzig;Rezension;Zeitschriftenartikel;schlechte Qualität der ocr gescannten Dokumente;;;Leipzig
Z_R_1886_VOG_0087;[unknown];Vogt et al.;Bliedner, Zum litteraturkundlichen Unterricht auf höheren Schulen.;Erläuterungen zum Jahrbuch des Vereins für Wissenschaftliche Pädagogik;1886;;;17;nebst Mitteilungen an seine Mitglieder;;;;38-42;;https://bbf-scripta-paedagogica.de/viewer/!toc/027071057_0017/1/LOG_0003/;;Leipzig;Rezension;Zeitschriftenartikel;schlechte Qualität der ocr gescannten Dokumente;;;Leipzig
Z_R_1887_VOG_0088;[unknown];Vogt et al.;Ritter, Goethes Iphigenie vom Standpunkt des Standpunkte des erziehenden Unterrichts.;Erläuterungen zum Jahrbuch des Vereins für Wissenschaftliche Pädagogik;1887;;;18;nebst Mitteilungen an seine Mitglieder;;;;52-57;;https://bbf-scripta-paedagogica.de/viewer/!toc/027071057_0018/1/LOG_0003/;;Leipzig;Rezension;Zeitschriftenartikel;schlechte Qualität der ocr gescannten Dokumente;;;Leipzig
Z_R_1888_VOG_0089;[unknown];Vogt et al.;Göpfert, Verwertung der deutschen Sagen, speziell der thüringischen, im Unterricht.;Erläuterungen zum Jahrbuch des Vereins für Wissenschaftliche Pädagogik;1888;;;19;nebst Mitteilungen an seine Mitglieder;;;;34-49;;https://bbf-scripta-paedagogica.de/viewer/!toc/027071057_0019/33/LOG_0010/;;Dresden;Rezension;Zeitschriftenartikel;schlechte Qualität der ocr gescannten Dokumente;;;Dresden
Z_R_1889_VOG_0090;[unknown];Vogt et al.;Göpfert, Thüringer Sagen.;Erläuterungen zum Jahrbuch des Vereins für Wissenschaftliche Pädagogik;1889;;;20;nebst Mitteilungen an seine Mitglieder;;;;6-24;;https://bbf-scripta-paedagogica.de/viewer/!toc/027071057_0020/1/LOG_0003/;;Dresden;Rezension;Zeitschriftenartikel;schlechte Qualität der ocr gescannten Dokumente;;;Dresden
Z_R_1829_ON_0091;[unknown];[unknown];Sammelrezension, Schacht, Über Unsinn und Barbarey, u. a.;J. P. Rossel's allgemeine Monatschrift für Erziehung und Unterricht;1829;;;11;;;;6;658-661;;https://bbf-scripta-paedagogica.de/viewer/image/02067810x_0003/606/LOG_0067/;;Aachen;Rezension;Zeitschriftenartikel;schlechte Qualität der ocr gescannten Dokumente;;;Aachen
Z_T_1831_WIS_0092;C;Wisseler;Einige andeutende Worte über den Nutzen teutscher Aufsätze in obern Schulklassen.;J. P. Rossel's allgemeine Monatschrift für Erziehung und Unterricht;1831;;;15;;;;7;97-105;;https://bbf-scripta-paedagogica.de/viewer/image/02067810x_0007/65/LOG_0032/;;Aachen;Theorie;Zeitschriftenartikel;schlechte Qualität der ocr gescannten Dokumente;;;Aachen
Z_T_1831_WIS_0093;C;Wisseler;Einige andeutende Worte über den Nutzen teutscher Aufsätze in obern Schulklassen.;J. P. Rossel's allgemeine Monatschrift für Erziehung und Unterricht;1831;;;15;;;;8;113-121;;https://bbf-scripta-paedagogica.de/viewer/image/02067810x_0007/80/LOG_0037/;;Aachen;Theorie;Zeitschriftenartikel;schlechte Qualität der ocr gescannten Dokumente;;;Aachen
Z_T_1831_WIS_0094;C;Wisseler;Einige andeutende Worte über den Nutzen teutscher Aufsätze in obern Schulklassen.;J. P. Rossel's allgemeine Monatschrift für Erziehung und Unterricht;1831;;;15;;;;9;129-133;;https://bbf-scripta-paedagogica.de/viewer/image/02067810x_0007/84/LOG_0040/;;Aachen;Theorie;Zeitschriftenartikel;schlechte Qualität der ocr gescannten Dokumente;;;Aachen
Z_K_1869_ZIL_0095;Quaas, Diz, Barth;Ziller;Welcher Gewinn läßt sich aus „Zimmermann’s Aesthetik“, in Bezug auf die Hiecke’sche Erklärung des Inhalts Uhland’scher Gedichte ziehen?;Jahrbuch des Vereins für wissenschaftliche Pädagogik;1869;;;1;;;;1;109-117;;https://bbf-scripta-paedagogica.de/viewer/image/020678452_0001/1/LOG_0003/;;Leipzig;Kommentar;Zeitschriftenartikel;;;;Leipzig
Z_K_1869_FRI_0096;G.;Friedrich;Welcher Gewinn läßt sich aus Zimmermann’s Aesthetik in Bezug auf die Auffassung des Hexameters ziehen?;Jahrbuch des Vereins für wissenschaftliche Pädagogik;1869;;;1;;;;;117-128;;https://bbf-scripta-paedagogica.de/viewer/image/020678452_0001/1/LOG_0003/;;Leipzig;Kommentar;Zeitschriftenartikel;;;;Leipzig
Z_T_1870_UHL_0097;[unknown];Uhle;Ueber Anwendung Herbart’scher Unterrichtsgrundsätze auf den Gymnasien in ihrer jetzigen Einrichtung.;Jahrbuch des Vereins für wissenschaftliche Pädagogik;1870;;;2;;;;;195-207;;https://bbf-scripta-paedagogica.de/viewer/image/020678452_0002/1/LOG_0003/;;Leipzig;Theorie;Zeitschriftenartikel;;;;Leipzig
Z_T_1870_ALL_0098;Max (Kaselitz, Fritz);Allihn;Ueber die pädagogische Behandlung von Kunstformen mit besonderer Beziehung auf die Poesie.;Jahrbuch des Vereins für wissenschaftliche Pädagogik;1870;;;2;;;;;9-19;;https://bbf-scripta-paedagogica.de/viewer/image/020678452_0002/1/LOG_0003/;;Leipzig;Theorie;Zeitschriftenartikel;;;;Leipzig
Z_K_1870_STO_0099;[unknown];Stoy;Uhland’s Pädagogik.;Jahrbuch des Vereins für wissenschaftliche Pädagogik;1870;;;2;;;;;294-302;;https://bbf-scripta-paedagogica.de/viewer/image/020678452_0002/1/LOG_0003/;;Leipzig;Kommentar;Zeitschriftenartikel;;;;Leipzig
Z_K_1875_BAR_0100;[unknown];Bartholomäi;Gedanken Herbart’s über Poesie und Poetisches.;Jahrbuch des Vereins für wissenschaftliche Pädagogik;1875;;;7;;;;;72-91;;https://bbf-scripta-paedagogica.de/viewer/image/020678452_0007/1/LOG_0003/;;Langensalza;Kommentar;Zeitschriftenartikel;;;;Langensalza
Z_M_1880_HAR_0101;C;Hartung;Methodische Richtlinien für den Lesevortrag in höhern Schulen.;Jahrbuch des Vereins für wissenschaftliche Pädagogik;1880;;;12;;;;;1-47;;https://bbf-scripta-paedagogica.de/viewer/image/020678452_0012/1/LOG_0003/;;Langensalza;Methodik;Zeitschriftenartikel;;;;Langensalza
Z_M_1881_SCH_0102;[unknown];Schneider;Zwei Proben zu Hartungs methodischen Richtlinien für einen schönen Vortrag.;Jahrbuch des Vereins für wissenschaftliche Pädagogik;1881;;;13;;;;;124-130;;https://bbf-scripta-paedagogica.de/viewer/!toc/020678452_0013/20/LOG_0009/;;Langensalza;Methodik;Zeitschriftenartikel;;;;Langensalza
Z_M_1884_ISR_0103;G. A.;Israel;Über die Korrektur der deutschen Aufsätze.;Jahrbuch des Vereins für wissenschaftliche Pädagogik;1884;;;16;;;;;292-298;;https://bbf-scripta-paedagogica.de/viewer/image/020678452_0016/1/LOG_0003/;;Leipzig;Methodik;Zeitschriftenartikel;;;;Leipzig
Z_T_1885_BLI_0104;A.;Bliedner;Zum litteraturkundlichen Unterricht auf höheren Schulen.;Jahrbuch des Vereins für wissenschaftliche Pädagogik;1885;;;17;;;;;105-126;;https://bbf-scripta-paedagogica.de/viewer/image/020678452_0017/1/LOG_0003/;;Leipzig;Theorie;Zeitschriftenartikel;;;;Leipzig
Z_E_1886_RIT_0105;[unknown];Ritter;Goethes Iphigenie, vom Standpunkte des erziehenden Unterrichts aus behandelt.;Jahrbuch des Vereins für wissenschaftliche Pädagogik;1886;;;18;;;;;241-305;;https://bbf-scripta-paedagogica.de/viewer/image/020678452_0018/1/LOG_0003/;;Leipzig;Erläuterung;Zeitschriftenartikel;;;;Leipzig
Z_T_1887_GPF_0106;[unknown];Göpfert;Die Verwertung der deutschen Sagen, speziell der thüringischen, im Unterricht.;Jahrbuch des Vereins für wissenschaftliche Pädagogik;1887;;;19;;;;;1-48;;https://bbf-scripta-paedagogica.de/viewer/image/020678452_0019/1/LOG_0003/;;Leipzig;Theorie;Zeitschriftenartikel;;;;Leipzig
Z_E_1888_GPF_0107;[unknown];Göpfert;Thüringer Sagen.;Jahrbuch des Vereins für wissenschaftliche Pädagogik;1888;;;20;;;;;201-234;;https://bbf-scripta-paedagogica.de/viewer/image/020678452_0020/1/LOG_0003/;;Dresden;Erläuterung;Zeitschriftenartikel;;;;Dresden
Z_R_1866_ZAC_0108;J.;Zacher;Schade, Altdeutsches Lesebuch.;Neue Jahrbücher für Philologie und Pädagogik;1866;;;94;;;;6;365-372;;https://www.digitale-sammlungen.de/de/view/bsb10765340?page=,1;;Leipzig;Rezension;Zeitschriftenartikel;;;;Leipzig
Z_T_1858_WOL_0109;[unknown];Wolter;Das Mittelhochdeutsche als Unterrichtsgegenstand auf deutschen Gymnasien.;Neue Jahrbücher für Philologie und Pädagogik;1858;;;78;;;;7;353-359;;https://www.digitale-sammlungen.de/de/view/bsb10765324?page=,1;;Leipzig;Theorie;Zeitschriftenartikel;;;;Leipzig
Z_R_1879_WEN_0110;G.;Wendt;Laas, Der deutsche Aufsatz in den obern Gymnasialclassen.;Neue Jahrbücher für Philologie und Pädagogik;1879;;;120;;;;12;612-618;;https://www.digitale-sammlungen.de/de/view/bsb11392727?page=,1;;Leipzig;Rezension;Zeitschriftenartikel;;;;Leipzig
Z_R_1847_WED_0111;H.;Wedewer;Hüppe, Geschichte der deutschen National-Literatur.;Neue Jahrbücher für Philologie und Pädagogik;1847;;;49;Kritische Bibliothek für das Schul- und Unterrichtswesen;;;3;336-340;;https://www.digitale-sammlungen.de/de/view/bsb10765153?page=1;;Leipzig;Rezension;Zeitschriftenartikel;;;;Leipzig
Z_R_1855_VIL_0112;Otto;Vilmar;Zarncke, Zur Nibelungenfrage.;Neue Jahrbücher für Philologie und Pädagogik;1855;;;72;;;;3;127-135;;https://www.digitale-sammlungen.de/de/view/bsb10765318?page=,1;;Leipzig;Rezension;Zeitschriftenartikel;;;;Leipzig
Z_R_1855_VIL_0113;Otto;Vilmar;Rieger, Zur Kritik der Nibelunge.;Neue Jahrbücher für Philologie und Pädagogik;1855;;;72;;;;9;448-455;;https://www.digitale-sammlungen.de/de/view/bsb10765318?page=,1;;Leipzig;Rezension;Zeitschriftenartikel;;;;Leipzig
Z_R_1878_VIE_0114;[unknown];Vietor;Schauenburg & Hoche, Deutsches Lesebuch für die Oberclassen höherer Schulen.;Neue Jahrbücher für Philologie und Pädagogik;1878;;;118;;;;4;204-206;;https://www.digitale-sammlungen.de/de/view/bsb11378227?page=,1;;Leipzig;Rezension;Zeitschriftenartikel;;;;Leipzig
Z_R_1868_ON_0115;[unknown];[unknown];Richter, Deutsche Heldensagen des Mittelalters.;Neue Jahrbücher für Philologie und Pädagogik;1868;;;98;;;;6;316-319;;https://www.digitale-sammlungen.de/de/view/bsb10765202?page=,1;;Leipzig;Rezension;Zeitschriftenartikel;;;;Leipzig
Z_R_1871_ON_0116;[unknown];[unknown];Kluge, Geschichte der deutschen Nationallitteratur.;Neue Jahrbücher für Philologie und Pädagogik;1871;;;104;;;;2;102-103;;https://www.digitale-sammlungen.de/de/view/bsb10765350?page=,1;;Leipzig;Rezension;Zeitschriftenartikel;;;;Leipzig
Z_R_1853_TEI_0117;[unknown];Teipel;Kehrein, Deutsches Lesebuch für Gymnasien, Seminarien, Realschulen.;Neue Jahrbücher für Philologie und Pädagogik;1853;;;68;;;;5 u. 6;550-555;;https://www.digitale-sammlungen.de/de/view/bsb10765172?page=1;;Leipzig;Rezension;Zeitschriftenartikel;;;;Leipzig
Z_R_1871_STA_0118;Heinrich;Stadelmann;Masius, Deutsches Lesebuch für höhere Unterrichtsanstalten.;Neue Jahrbücher für Philologie und Pädagogik;1871;;;104;;;;10;528-529;;https://www.digitale-sammlungen.de/de/view/bsb10765350?page=,1;;Leipzig;Rezension;Zeitschriftenartikel;;;;Leipzig
Z_R_1871_STA_0119;Heinrich;Stadelmann;Echtermeyer, Auswahl deutscher Gedichte für höhere Schulen.;Neue Jahrbücher für Philologie und Pädagogik;1871;;;104;;;;10;528-529;;https://www.digitale-sammlungen.de/de/view/bsb10765350?page=,1;;Leipzig;Rezension;Zeitschriftenartikel;Sammelrezension, enthällt Text von:Z_R_1871_STA_0118;;;Leipzig
Z_R_1864_SIE_0120;[unknown];Siegfried;Bässler, Willfried.;Neue Jahrbücher für Philologie und Pädagogik;1864;;;90;;;;11;555-558;;https://www.digitale-sammlungen.de/de/view/bsb10765194?page=,1;;Leipzig;Rezension;Zeitschriftenartikel;;;;Leipzig
Z_R_1864_SIE_0121;[unknown];Siegfried;Bässler, Legenden und Balladen.;Neue Jahrbücher für Philologie und Pädagogik;1864;;;90;;;;11;559-562;;https://www.digitale-sammlungen.de/de/view/bsb10765194?page=,1;;Leipzig;Rezension;Zeitschriftenartikel;;;;Leipzig
Z_R_1831_SCH_0122;E.;Schaumann;Pölitz, Practisches Handbuch zu statarischen und cursorischen Erklärung der teutschen Classiker. Schmitz, Systematisch geordnete Musterlese aus dem Gebiete der deutschen Dichtkunst. Merz, Musentempel(,) oder Proben aus allen deutschen Classikern. Ernst, Auswahl deutscher Gedichte zum Declamiren für die oberen Classen der Gymnasien mit besonderer Hinsicht auf die Declamationsübungen bei den öffentl. Schulprüfungen.;Neue Jahrbücher für Philologie und Pädagogik;1831;;;2;Kritische Bibliothek für das Schul- und Unterrichtswesen;;;3;281-292;;https://www.digitale-sammlungen.de/de/view/bsb10765106?page=,1;;Leipzig;Rezension;Zeitschriftenartikel;;;;Leipzig
Z_R_1878_RUL_0123;[unknown];Ruland;Kuenen, Die deutschen Classiker.;Neue Jahrbücher für Philologie und Pädagogik;1878;;;118;;;;6;302-305;;https://www.digitale-sammlungen.de/de/view/bsb11378227?page=,1;;Leipzig;Rezension;Zeitschriftenartikel;;;;Leipzig
Z_R_1868_ROT_0124;[unknown];Rothert;Schauenburg & Hoche, Deutsches Lesebuch für die oberen Classen höherer Schulen.;Neue Jahrbücher für Philologie und Pädagogik;1868;;;98;;;;10;505-506;;https://www.digitale-sammlungen.de/de/view/bsb10765202?page=,1;;Leipzig;Rezension;Zeitschriftenartikel;;;;Leipzig
Z_R_1836_ROS_0125;[unknown];Rosenheyn;Lehmann, Deutsches Lesebuch für Gymnasien und höhere Bürgerschulen.;Neue Jahrbücher für Philologie und Pädagogik;1836;;;16;Kritische Bibliothek für das Schul- und Unterrichtswesen;;;4;424-428;;https://www.digitale-sammlungen.de/de/view/bsb10765279?page=1;;Leipzig;Rezension;Zeitschriftenartikel;;;;Leipzig
Z_R_1857_RSZ_0126;[unknown];Röszler;Helbig, Wallenstein.;Neue Jahrbücher für Philologie und Pädagogik;1857;;;76;;;;6;297-303;;https://www.digitale-sammlungen.de/de/view/bsb10765322?page=,1;;Leipzig;Rezension;Zeitschriftenartikel;;;;Leipzig
Z_M_1872_RIC_0127;Otto;Richter;Zur Frage der Correctur von Schülerarbeiten.;Neue Jahrbücher für Philologie und Pädagogik;1872;;;106;;;;11;483-490;;https://www.digitale-sammlungen.de/de/view/bsb11045989?page=,1;;Leipzig;Methodik;Zeitschriftenartikel;;;;Leipzig
Z_R_1874_RIC_0128;Albert.;Richter;Gude, Erläuterungen deutscher Dichtungen.;Neue Jahrbücher für Philologie und Pädagogik;1874;;;110;;;;7;341-343;;https://www.digitale-sammlungen.de/de/view/bsb11189755?page=,1;;Leipzig;Rezension;Zeitschriftenartikel;;;;Leipzig
Z_R_1848_RIC_0129;[unknown];Richter;Deutsche Lesebücher für Gymnasien.;Neue Jahrbücher für Philologie und Pädagogik;1848;;;53;Kritische Bibliothek für das Schul- und Unterrichtswesen;;;1;73-89;;https://www.digitale-sammlungen.de/de/view/bsb10765156?page=1;;Leipzig;Rezension;Zeitschriftenartikel;;;;Leipzig
Z_R_1866_R_0130;[unknown];R.;Pröhle, Der deutsche Unterricht in seinem Verhältnisse zur Nationallitteratur.;Neue Jahrbücher für Philologie und Pädagogik;1866;;;94;;;;8;453-460;;https://www.digitale-sammlungen.de/de/view/bsb10765340?page=,1;;Leipzig;Rezension;Zeitschriftenartikel;;;;Leipzig
Z_R_1869_PRH_0131;Heinrich;Pröhle;Goedeke, Grundrisz zur Geschichte der deutschen Dichtung.;Neue Jahrbücher für Philologie und Pädagogik;1869;;;100;;;;11;558-559;;https://www.digitale-sammlungen.de/de/view/bsb10765346?page=,1;;Leipzig;Rezension;Zeitschriftenartikel;;;;Leipzig
Z_R_1871_PRH_0132;Heinrich;Pröhle;Bonnell, Auswahl deutscher Gedichte systematisch geordnet im Anschlusse an ein Lehrbuch der Poetik.;Neue Jahrbücher für Philologie und Pädagogik;1871;;;104;;;;2;99-102;;https://www.digitale-sammlungen.de/de/view/bsb10765350?page=,1;;Leipzig;Rezension;Zeitschriftenartikel;;;;Leipzig
Z_R_1836_POL_0133;[unknown];Polsberw;Uschold, Lehrbuch der Poetik.;Neue Jahrbücher für Philologie und Pädagogik;1836;;;18;Kritische Bibliothek für das Schul- und Unterrichtswesen;;;1;24-62;;https://www.digitale-sammlungen.de/de/view/bsb10765122?page=1;;Leipzig;Rezension;Zeitschriftenartikel;;;;Leipzig
Z_R_1834_POL_0134;[unknown];Polsberw;Rosenheyn, Ueber den deutschen Unterricht in den Gymnasien.;Neue Jahrbücher für Philologie und Pädagogik;1834;;;11;Kritische Bibliothek für das Schul- und Unterrichtswesen;;;4;397-415;;https://www.digitale-sammlungen.de/de/view/bsb10765115?page=1;;Leipzig;Rezension;Zeitschriftenartikel;;;;Leipzig
Z_R_1834_POL_0135;[unknown];Polsberw;Reinbeck, Sendschreiben an die geehrten Lehrer der Muttersprache in deutschen Gelehrtenschulen.;Neue Jahrbücher für Philologie und Pädagogik;1834;;;11;Kritische Bibliothek für das Schul- und Unterrichtswesen;;;4;376-396;;https://www.digitale-sammlungen.de/de/view/bsb10765115?page=1;;Leipzig;Rezension;Zeitschriftenartikel;;;;Leipzig
Z_R_1836_POL_0136;[unknown];Polsberw;Hiecke, Handbuch deutscher Prosa für obere Gymnasialclassen.;Neue Jahrbücher für Philologie und Pädagogik;1836;;;16;Kritische Bibliothek für das Schul- und Unterrichtswesen;;;4;414-424;;https://www.digitale-sammlungen.de/de/view/bsb10765279?page=1;;Leipzig;Rezension;Zeitschriftenartikel;;;;Leipzig
Z_R_1866_PET_0137;E.;Petzodt;Niemeyer, Abrisz der deutschen Metrik nebst metrischen Aufgaben.;Neue Jahrbücher für Philologie und Pädagogik;1866;;;94;;;;3;158;;https://www.digitale-sammlungen.de/de/view/bsb10765340?page=,1;;Leipzig;Rezension;Zeitschriftenartikel;;;;Leipzig
Z_R_1873_PET_0138;C.;Peter;Laas, Der Deutsche Unterrichht auf höheren Lehranstalten.;Neue Jahrbücher für Philologie und Pädagogik;1873;;;108;;;;3 u. 4;157-163;;https://www.digitale-sammlungen.de/de/view/bsb11045986?page=,1;;Leipzig;Rezension;Zeitschriftenartikel;;;;Leipzig
Z_R_1872_PER_0139;[unknown];Perschmann;Niemeyer, Lessings Minna von Barnhelm.;Neue Jahrbücher für Philologie und Pädagogik;1872;;;106;;;;12;586-588;;https://www.digitale-sammlungen.de/de/view/bsb11045989?page=,1;;Leipzig;Rezension;Zeitschriftenartikel;;;;Leipzig
Z_R_1858_PAL_0140;F.;Paldamus;Schwab, Fünf Bücher deutscher Lieder und Gedichte.;Neue Jahrbücher für Philologie und Pädagogik;1858;;;78;;;;7;367-368;;https://www.digitale-sammlungen.de/de/view/bsb10765324?page=,1;;Leipzig;Rezension;Zeitschriftenartikel;;;;Leipzig
Z_R_1855_PAL_0141;F.;Paldamus;Programme über deutsche Litteraturgeschichte.;Neue Jahrbücher für Philologie und Pädagogik;1855;;;72;;;;10;513-520;;https://www.digitale-sammlungen.de/de/view/bsb10765318?page=,1;;Leipzig;Rezension;Zeitschriftenartikel;;;;Leipzig
Z_R_1855_PF_0142;F.;P.;Lange, Grundrisz der Geschichte der deutschen Litteratur.;Neue Jahrbücher für Philologie und Pädagogik;1855;;;72;;;;3;136-137;;https://www.digitale-sammlungen.de/de/view/bsb10765318?page=,1;;Leipzig;Rezension;Zeitschriftenartikel;;;;Leipzig
Z_R_1855_PF_0143;F.;P.;Henneberger, Jahrbuch für deutsche Litteraturgeschichte.;Neue Jahrbücher für Philologie und Pädagogik;1855;;;72;;;;2;86-92;;https://www.digitale-sammlungen.de/de/view/bsb10765318?page=,1;;Leipzig;Rezension;Zeitschriftenartikel;;;;Leipzig
Z_R_1842_OLA_0144;Eduard;Olawsky;Günther, Ueber den deutschen Unterricht auf Gymnasien.;Neue Jahrbücher für Philologie und Pädagogik;1842;;;36;Kritische Bibliothek für das Schul- und Unterrichtswesen;;;3;276-316;;https://www.digitale-sammlungen.de/de/view/bsb10765140?page=1;;Leipzig;Rezension;Zeitschriftenartikel;;;;Leipzig
Z_E_1864_OLA_0145;Eduard;Olawsky;Die prosodische und metrische Messung der Nibelungen-Strophe im MHD. und NHD.;Neue Jahrbücher für Philologie und Pädagogik;1864;;;90;;;;9;461-466;;https://www.digitale-sammlungen.de/de/view/bsb10765194?page=,1;;Leipzig;Erläuterung;Zeitschriftenartikel;;;;Leipzig
Z_E_1864_OLA_0146;Eduard;Olawsky;Die prosodische und metrische Messung der Nibelungen-Strophe im MHD. und NHD.;Neue Jahrbücher für Philologie und Pädagogik;1864;;;90;;;;8;381-398;;https://www.digitale-sammlungen.de/de/view/bsb10765194?page=,1;;Leipzig;Erläuterung;Zeitschriftenartikel;;;;Leipzig
Z_E_1864_OLA_0147;Eduard;Olawsky;Die prosodische und metrische Messung der Nibelungen-Strophe im MHD. und NHD.;Neue Jahrbücher für Philologie und Pädagogik;1864;;;90;;;;7;350-362;;https://www.digitale-sammlungen.de/de/view/bsb10765194?page=,1;;Leipzig;Erläuterung;Zeitschriftenartikel;;;;Leipzig
Z_E_1864_OLA_0148;Eduard;Olawsky;Die prosodische und metrische Messung der Nibelungen-Strophe im MHD. und NHD.;Neue Jahrbücher für Philologie und Pädagogik;1864;;;90;;;;5 u. 6;258-277;;https://www.digitale-sammlungen.de/de/view/bsb10765194?page=,1;;Leipzig;Erläuterung;Zeitschriftenartikel;;;;Leipzig
Z_R_1879_NAS_0149;[unknown];Nasemann;Herbst, Hilfsbuch für die deutsche Litteraturgeschichte zum Gebrauche in den obersten Classen der Gymnasien und Realschulen.;Neue Jahrbücher für Philologie und Pädagogik;1879;;;120;;;;10;509-511;;https://www.digitale-sammlungen.de/de/view/bsb11392727?page=,1;;Leipzig;Rezension;Zeitschriftenartikel;;;;Leipzig
Z_R_1879_NAS_0150;[unknown];Nasemann;Herbst, Die neuhochdeutsche Litteratur auf der obersten Stufe der Gymnasial- und Realbildung.;Neue Jahrbücher für Philologie und Pädagogik;1879;;;120;;;;10;509-511;;https://www.digitale-sammlungen.de/de/view/bsb11392727?page=,1;;Leipzig;Rezension;Zeitschriftenartikel;;;;Leipzig
Z_R_1874_MLL_0151;[unknown];Müller;Traut, Skizzen und Studien zur deutschen Litteraturgeschichte.;Neue Jahrbücher für Philologie und Pädagogik;1874;;;110;;;;5 u. 6;286-301;;https://www.digitale-sammlungen.de/de/view/bsb11189755?page=,1;;Leipzig;Rezension;Zeitschriftenartikel;;;;Leipzig
Z_R_1874_MLL_0152;[unknown];Müller;Traut, Lesebuch der deutschen Litteraturgeschichte.;Neue Jahrbücher für Philologie und Pädagogik;1874;;;110;;;;5 u. 6;286-301;;https://www.digitale-sammlungen.de/de/view/bsb11189755?page=,1;;Leipzig;Rezension;Zeitschriftenartikel;Sammelrezension, wie: Z_R_1874_MLL_0151;;;Leipzig
Z_R_1874_MLL_0153;[unknown];Müller;Kluge, Geschichte der deutschen Nationallitteratur.;Neue Jahrbücher für Philologie und Pädagogik;1874;;;110;;;;5 u. 6;286-301;;https://www.digitale-sammlungen.de/de/view/bsb11189755?page=,1;;Leipzig;Rezension;Zeitschriftenartikel;Sammelrezension, wie: Z_R_1874_MLL_0151;;;Leipzig
Z_R_1850_MIN_0154;Johannes;Minckwitz;Gödeke, Anthologien aus Deutschlands Dichtern.;Neue Jahrbücher für Philologie und Pädagogik;1850;;;58;Kritische Bibliothek für das Schul- und Unterrichtswesen;;;3;283-297;;https://www.digitale-sammlungen.de/de/view/bsb10765304?page=1;;Leipzig;Rezension;Zeitschriftenartikel;;;;Leipzig
Z_E_1868_MAA_0155;M.;Maasz;Noch einmal Marias Abschied von Leicester.;Neue Jahrbücher für Philologie und Pädagogik;1868;;;98;;;;4;213-218;;https://www.digitale-sammlungen.de/de/view/bsb10765202?page=,1;;Leipzig;Erläuterung;Zeitschriftenartikel;;;;Leipzig
Z_R_1852_LBK_0156;G.;Löbker;Hüppe, Geschichte der deutschen National-Literatur.;Neue Jahrbücher für Philologie und Pädagogik;1852;;;66;;;;1;75-80;;https://www.digitale-sammlungen.de/de/view/bsb10765170?page=1;;Leipzig;Rezension;Zeitschriftenartikel;;;;Leipzig
Z_T_1869_LAN_0157;Carl;Lang;Zum deutschen Aufsatz.;Neue Jahrbücher für Philologie und Pädagogik;1869;;;100;;;;7;342-349;;https://www.digitale-sammlungen.de/de/view/bsb10765346?page=,1;;Leipzig;Theorie;Zeitschriftenartikel;;;;Leipzig
Z_M_1872_LAN_0158;Carl;Lang;Über die Repetition der Autorenlectüre in der Schule.;Neue Jahrbücher für Philologie und Pädagogik;1872;;;106;;;;4;183-193;;https://www.digitale-sammlungen.de/de/view/bsb11045989?page=,1;;Leipzig;Methodik;Zeitschriftenartikel;;;;Leipzig
Z_R_1836_KRG_0159;J. C.;Kröger;Deutsche Chrestomathieen.;Neue Jahrbücher für Philologie und Pädagogik;1836;;;16;Kritische Bibliothek für das Schul- und Unterrichtswesen;;;2;188-204;;https://www.digitale-sammlungen.de/de/view/bsb10765279?page=1;;Leipzig;Rezension;Zeitschriftenartikel;;;;Leipzig
Z_E_1869_KRA_0160;Hermann;Kraffert;Über Veranlassung und Tendenz von Goethes ‚Hermann und Dorothea‘.;Neue Jahrbücher für Philologie und Pädagogik;1869;;;100;;;;11;551-558;;https://www.digitale-sammlungen.de/de/view/bsb10765346?page=,1;;Leipzig;Erläuterung;Zeitschriftenartikel;;;;Leipzig
Z_R_1878_KRA_0161;[unknown];Kraut;Mönnich, Auswahl deutscher Aufsätze und Reden.;Neue Jahrbücher für Philologie und Pädagogik;1878;;;118;;;;4;206-209;;https://www.digitale-sammlungen.de/de/view/bsb11378227?page=,1;;Leipzig;Rezension;Zeitschriftenartikel;;;;Leipzig
Z_R_1876_KOL_0162;[unknown];Kolbe;Goebel, Themata, Inventionen und Dispositionen zu deutschen Aufsätzen.;Neue Jahrbücher für Philologie und Pädagogik;1876;;;114;;;;5;250-252;;https://www.digitale-sammlungen.de/de/view/bsb11337361?page=,1;;Leipzig;Rezension;Zeitschriftenartikel;;;;Leipzig
Z_R_1833_KAN_0163;K. L.;Kannegiesser;Pischon, Leitfaden zur Geschichte der deutschen Literatur. Herzog, Geschichte der deutschen Nationalliteratur. Heydenreich, Geschichte der deutschen Dichtkunst für die obern Klassen der Gymnasien.;Neue Jahrbücher für Philologie und Pädagogik;1833;;;9;Kritische Bibliothek für das Schul- und Unterrichtswesen;;;2;155-163;;https://www.digitale-sammlungen.de/de/view/bsb10765113?page=,1;;Leipzig;Rezension;Zeitschriftenartikel;;;;Leipzig
Z_R_1864_KMM_0164;H.;Kämmel;Masius, Das Verhältnis der Gymnasien zur Entwickelung unserer Litteratur während der zweiten Hälfte des vorigen Jahrhunderts.;Neue Jahrbücher für Philologie und Pädagogik;1864;;;90;;;;11;533-555;;https://www.digitale-sammlungen.de/de/view/bsb10765194?page=,1;;Leipzig;Rezension;Zeitschriftenartikel;;;;Leipzig
Z_E_1867_JEE_0165;Christian;Jeep;Zur Kritik und Erklärung der Iphigenie von Goethe.;Neue Jahrbücher für Philologie und Pädagogik;1867;;;96;;;;1;1-15;;https://www.digitale-sammlungen.de/de/view/bsb10765342?page=,1;;Leipzig;Erläuterung;Zeitschriftenartikel;;;;Leipzig
Z_M_1868_JEE_0166;Christian;Jeep;Wie ich in der Schule disponieren lasse.;Neue Jahrbücher für Philologie und Pädagogik;1868;;;98;;;;5;229-257;;https://www.digitale-sammlungen.de/de/view/bsb10765202?page=,1;;Leipzig;Methodik;Zeitschriftenartikel;;;;Leipzig
Z_R_1866_JEE_0167;Christian;Jeep;Schulausgabe deutscher Classiker mit Anmerkungen.;Neue Jahrbücher für Philologie und Pädagogik;1866;;;94;;;;5;245-265;;https://www.digitale-sammlungen.de/de/view/bsb10765340?page=,1;;Leipzig;Rezension;Zeitschriftenartikel;;;;Leipzig
Z_E_1868_JEE_0168;Christian;Jeep;Marias Abschied von Leicester zum letzten Male.;Neue Jahrbücher für Philologie und Pädagogik;1868;;;98;;;;8;410-415;;https://www.digitale-sammlungen.de/de/view/bsb10765202?page=,1;;Leipzig;Erläuterung;Zeitschriftenartikel;;;;Leipzig
Z_E_1868_JEE_0169;Christian;Jeep;Marias Abschied von Leicester.;Neue Jahrbücher für Philologie und Pädagogik;1868;;;98;;;;1;1-21;;https://www.digitale-sammlungen.de/de/view/bsb10765202?page=,1;;Leipzig;Erläuterung;Zeitschriftenartikel;;;;Leipzig
Z_E_1869_JEE_0170;Christian;Jeep;Der Eroberer von Schiller.;Neue Jahrbücher für Philologie und Pädagogik;1869;;;100;;;;9;421-436;;https://www.digitale-sammlungen.de/de/view/bsb10765346?page=,1;;Leipzig;Erläuterung;Zeitschriftenartikel;;;;Leipzig
Z_R_1842_JAC_0171;K. G.;Jacob;Viehoff, Schiller’s Jungfrau von Orleans.;Neue Jahrbücher für Philologie und Pädagogik;1842;;;35;Kritische Bibliothek für das Schul- und Unterrichtswesen;;;3;315-326;;https://www.digitale-sammlungen.de/de/view/bsb10765139?page=1;;Leipzig;Rezension;Zeitschriftenartikel;;;;Leipzig
Z_R_1841_JAC_0172;K. G.;Jacob;Meyer, Schiller’s Wilhelm Tell.;Neue Jahrbücher für Philologie und Pädagogik;1841;;;32;Kritische Bibliothek für das Schul- und Unterrichtswesen;;;4;435-449;;https://www.digitale-sammlungen.de/de/view/bsb10765136?page=1;;Leipzig;Rezension;Zeitschriftenartikel;;;;Leipzig
Z_R_1879_HUM_0173;C;Humbert;Schröter & Thiele, Lessings Hamburgische Dramaturgie.;Neue Jahrbücher für Philologie und Pädagogik;1879;;;120;;;;2;84-95;;https://www.digitale-sammlungen.de/de/view/bsb11392727?page=,1;;Leipzig;Rezension;Zeitschriftenartikel;;;;Leipzig
Z_R_1879_HUM_0174;C;Humbert;Schröter & Thiele, Lessings Hamburgische Dramaturgie.;Neue Jahrbücher für Philologie und Pädagogik;1879;;;120;;;;1;21-31;;https://www.digitale-sammlungen.de/de/view/bsb11392727?page=,1;;Leipzig;Rezension;Zeitschriftenartikel;;;;Leipzig
Z_M_1871_HLS_0175;[unknown];Hülsmann;Correctur, namentlich der deutschen Aufsätze.;Neue Jahrbücher für Philologie und Pädagogik;1871;;;104;;;;12;545-551;;https://www.digitale-sammlungen.de/de/view/bsb10765350?page=,1;;Leipzig;Methodik;Zeitschriftenartikel;;;;Leipzig
Z_R_1870_HOL_0176;[unknown];Holstein;Gude, Erläuterungen deutscher Dichtungen.;Neue Jahrbücher für Philologie und Pädagogik;1870;;;102;;;;6;290-292;;https://www.digitale-sammlungen.de/de/view/bsb10765206?page=,1;;Leipzig;Rezension;Zeitschriftenartikel;;;;Leipzig
Z_T_1872_HER_0177;Conrad;Hermann;Das wissenschaftliche Princip der philologischen Hermeneutik.;Neue Jahrbücher für Philologie und Pädagogik;1872;;;106;;;;4;161-183;;https://www.digitale-sammlungen.de/de/view/bsb11045989?page=,1;;Leipzig;Theorie;Zeitschriftenartikel;;;;Leipzig
Z_R_1846_HEN_0178;August;Henneberger;Echtermeyer, Auswahl deutscher Gedichte für gelehrte Schulen.;Neue Jahrbücher für Philologie und Pädagogik;1846;;;46;Kritische Bibliothek für das Schul- und Unterrichtswesen;;;3;316-320;;https://www.digitale-sammlungen.de/de/view/bsb10765150?page=129;;Leipzig;Rezension;Zeitschriftenartikel;;;;Leipzig
Z_M_1874_HEI_0179;[unknown];Heidelberger;Bemerkungen zur Zurückgabe der deutschen Aufsätze.;Neue Jahrbücher für Philologie und Pädagogik;1874;;;110;;;;10 u. 11;488-493;;https://www.digitale-sammlungen.de/de/view/bsb11189755?page=,1;;Leipzig;Methodik;Zeitschriftenartikel;;;;Leipzig
Z_R_1854_HEF_0180;M. W.;Heffter;Fuchs, Lehrbuch der deutschen Metrik für höhere Lehranstalten sowie zum Selbstunterricht.;Neue Jahrbücher für Philologie und Pädagogik;1854;;;70;;;;1;95-99;;https://www.digitale-sammlungen.de/de/view/bsb10765174?page=,1;;Leipzig;Rezension;Zeitschriftenartikel;;;;Leipzig
Z_R_1866_HAN_0181;Th.;Hansen;Deutsche Art und Kunst.;Neue Jahrbücher für Philologie und Pädagogik;1866;;;94;;;;6;357-365;;https://www.digitale-sammlungen.de/de/view/bsb10765340?page=,1;;Leipzig;Rezension;Zeitschriftenartikel;;;;Leipzig
Z_R_1866_GS_0182;[unknown];Gs.;Gude, Erläuterungen deutscher Dichter.;Neue Jahrbücher für Philologie und Pädagogik;1866;;;94;;;;6;352-353;;https://www.digitale-sammlungen.de/de/view/bsb10765340?page=,1;;Leipzig;Rezension;Zeitschriftenartikel;;;;Leipzig
Z_R_1869_GRO_0183;[unknown];Gross;Zur Aufsatzlitteratur.;Neue Jahrbücher für Philologie und Pädagogik;1869;;;100;;;;6;311-317;;https://www.digitale-sammlungen.de/de/view/bsb10765346?page=,1;;Leipzig;Rezension;Zeitschriftenartikel;;;;Leipzig
Z_R_1868_GRO_0184;[unknown];Gross;Masius, Deutsches Lesebuch für höhere Unterrichtsanstalten.;Neue Jahrbücher für Philologie und Pädagogik;1868;;;98;;;;3;155-157;;https://www.digitale-sammlungen.de/de/view/bsb10765202?page=,1;;Leipzig;Rezension;Zeitschriftenartikel;;;;Leipzig
Z_R_1871_GRO_0185;[unknown];Grosz;Aufsatzlitteratur.;Neue Jahrbücher für Philologie und Pädagogik;1871;;;104;;;;2;95-99;;https://www.digitale-sammlungen.de/de/view/bsb10765350?page=,1;;Leipzig;Rezension;Zeitschriftenartikel;;;;Leipzig
Z_E_1869_GTZ_0186;[unknown];Götzinger;Zum deutschen Hexameter.;Neue Jahrbücher für Philologie und Pädagogik;1869;;;100;;;;3;145-151;;https://www.digitale-sammlungen.de/de/view/bsb10765346?page=,1;;Leipzig;Erläuterung;Zeitschriftenartikel;;;;Leipzig
Z_R_1864_G_0187;[unknown];G.;Hartung, Themata zu deutschen Ausarbeitungen für reifere Gymnasialschüler.;Neue Jahrbücher für Philologie und Pädagogik;1864;;;90;;;;11;565-570;;https://www.digitale-sammlungen.de/de/view/bsb10765194?page=,1;;Leipzig;Rezension;Zeitschriftenartikel;;;;Leipzig
Z_R_1866_G_0188;[unknown];G.;Cholevius, Dispositionen und Materialien zu deutschen Aufsätzen über Themata für die beiden ersten Classen höherer Lehranstalten.;Neue Jahrbücher für Philologie und Pädagogik;1866;;;94;;;;4;222-227;;https://www.digitale-sammlungen.de/de/view/bsb10765340?page=,1;;Leipzig;Rezension;Zeitschriftenartikel;;;;Leipzig
Z_R_1863_FUN_0189;H.;Funkhaenel;Buchner, Lehrbuch der Geschichte der deutschen Nationallitteratur.;Neue Jahrbücher für Philologie und Pädagogik;1863;;;88;;;;4;178-184;;https://www.digitale-sammlungen.de/de/view/bsb10765334?page=,1;;Leipzig;Rezension;Zeitschriftenartikel;;;;Leipzig
Z_E_1871_FAH_0190;[unknown];Fahle;Über die deutsche Ballade.;Neue Jahrbücher für Philologie und Pädagogik;1871;;;104;;;;9;401-423;;https://www.digitale-sammlungen.de/de/view/bsb10765350?page=,1;;Leipzig;Erläuterung;Zeitschriftenartikel;;;;Leipzig
Z_R_1864_ECK_0191;Fr. A.;Eckstein;Hiecke, Gesammelte Aufsätze zur deutschen Litteratur.;Neue Jahrbücher für Philologie und Pädagogik;1864;;;90;;;;1;33-35;;https://www.digitale-sammlungen.de/de/view/bsb10765194?page=,1;;Leipzig;Rezension;Zeitschriftenartikel;;;;Leipzig
Z_E_1870_DNT_0192;Heinrich;Düntzer;Zu Schillers lyrischen Gedichten;Neue Jahrbücher für Philologie und Pädagogik;1870;;;101;;;;;270-290;;https://www.digitale-sammlungen.de/de/view/bsb10765347?page=1;;Leipzig;Erläuterung;Zeitschriftenartikel;;;;Leipzig
Z_R_1871_DUN_0193;H.;Dunger;Wustmann, Goethes Götz von Berlichingen.;Neue Jahrbücher für Philologie und Pädagogik;1871;;;104;;;;10;487-495;;https://www.digitale-sammlungen.de/de/view/bsb10765350?page=,1;;Leipzig;Rezension;Zeitschriftenartikel;;;;Leipzig
Z_R_1873_CRO_0194;H.;Cron;Luthardt, Lessings Prosa für Schule und Haus.;Neue Jahrbücher für Philologie und Pädagogik;1873;;;108;;;;6;294-298;;https://www.digitale-sammlungen.de/de/view/bsb11045986?page=,1;;Leipzig;Rezension;Zeitschriftenartikel;;;;Leipzig
Z_R_1855_CRE_0195;W.;Crecelsius;Vilmar, Reste der Allitteration im Nibelungenliede.;Neue Jahrbücher für Philologie und Pädagogik;1855;;;72;;;;11;558-565;;https://www.digitale-sammlungen.de/de/view/bsb10765318?page=,1;;Leipzig;Rezension;Zeitschriftenartikel;;;;Leipzig
Z_R_1832_COM_0196;J;Compas;Heinsius, Die Bildung zur deutschen Beredtsamkeit.;Neue Jahrbücher für Philologie und Pädagogik;1832;;;6;Kritische Bibliothek für das Schul- und Unterrichtswesen;;;4;407-410;;https://www.digitale-sammlungen.de/de/view/bsb10765110?page=,1;;Leipzig;Rezension;Zeitschriftenartikel;;;;Leipzig
Z_R_1842_CAD_0197;[unknown];Cadenbach;Günther, Ueber den deutschen Unterricht auf Gymnasien.;Neue Jahrbücher für Philologie und Pädagogik;1842;;;36;Kritische Bibliothek für das Schul- und Unterrichtswesen;;;3;250-275;;https://www.digitale-sammlungen.de/de/view/bsb10765140?page=1;;Leipzig;Rezension;Zeitschriftenartikel;;;;Leipzig
Z_M_1869_BCH_0198;[unknown];Büchle;Zum Unterricht in der Poetik.;Neue Jahrbücher für Philologie und Pädagogik;1869;;;100;;;;8;373-386;;https://www.digitale-sammlungen.de/de/view/bsb10765346?page=,1;;Leipzig;Methodik;Zeitschriftenartikel;;;;Leipzig
Z_M_1876_BRU_0199;A.;Brunner;Die neuhochdeutsche Lectüre am Obergymnasium.;Neue Jahrbücher für Philologie und Pädagogik;1876;;;114;;;;12;624-628;;https://www.digitale-sammlungen.de/de/view/bsb11337361?page=,1;;Leipzig;Methodik;Zeitschriftenartikel;;;;Leipzig
Z_E_1878_BOX_0200;Robert;Boxberger;Die politische Bedeutung von Lessings ‚Minna von Barnhelm‘.;Neue Jahrbücher für Philologie und Pädagogik;1878;;;118;;;;12;600-608;;https://www.digitale-sammlungen.de/de/view/bsb11378227?page=,1;;Leipzig;Erläuterung;Zeitschriftenartikel;;;;Leipzig
Z_E_1868_BOX_0201;[unknown];Boxberger;Beiträge zur Erklärung Schillers.;Neue Jahrbücher für Philologie und Pädagogik;1868;;;98;;;;2;81-93;;https://www.digitale-sammlungen.de/de/view/bsb10765202?page=,1;;Leipzig;Erläuterung;Zeitschriftenartikel;;;;Leipzig
Z_T_1876_BER_0202;G.;Berlit;Einige Bemerkungen zum Unterricht im Deutschen.;Neue Jahrbücher für Philologie und Pädagogik;1876;;;114;;;;12;611-624;;https://www.digitale-sammlungen.de/de/view/bsb11337361?page=,1;;Leipzig;Theorie;Zeitschriftenartikel;;;;Leipzig
Z_R_1863_BAU_0203;[unknown];Baumstark;Badische Schullitteratur.;Neue Jahrbücher für Philologie und Pädagogik;1863;;;88;;;;1;19-33;;https://www.digitale-sammlungen.de/de/view/bsb10765334?page=,1;;Leipzig;Rezension;Zeitschriftenartikel;;;;Leipzig
Z_R_1868_BM_0204;M.;B.;Schauenburg & Hoche, Deutsches Lesebuch für die Oberclassen höherer Schulen.;Neue Jahrbücher für Philologie und Pädagogik;1868;;;98;;;;1;59-60;;https://www.digitale-sammlungen.de/de/view/bsb10765202?page=,1;;Leipzig;Rezension;Zeitschriftenartikel;;;;Leipzig
Z_R_1826_SJB_0205;J. B.;S.;Wilmsen, Vorübungen der Aufmerksamkeit und des Nachdenkens.;Pädagogisch-philologisches Literaturblatt;1826;;;1;Zur Allgemeinen Schulzeitung;;;3;21-24;;https://bbf-scripta-paedagogica.de/viewer/!toc/027050289_0018/188/-/;;Darmstadt;Rezension;Zeitschriftenartikel;;;;Darmstadt
Z_R_1826_CH_0206;[unknown];ch.;o. N., Deutsches Lesebuch für untere Gymnasialklassen.;Pädagogisch-philologisches Literaturblatt;1826;;;2;Zur Allgemeinen Schulzeitung;;;2;15-16;;https://bbf-scripta-paedagogica.de/viewer/!toc/027050289_0018/188/-/;;Darmstadt;Rezension;Zeitschriftenartikel;;;;Darmstadt
Z_R_1826_K_0207;[unknown];K.;Gotthold, Hephästion (,) oder Anfangsgründe der griechischen (,) römischen und deutschen Verskunst.;Pädagogisch-philologisches Literaturblatt;1826;;;2;Zur Allgemeinen Schulzeitung;;;34;294-295;;https://bbf-scripta-paedagogica.de/viewer/!toc/027050289_0018/188/-/;;Darmstadt;Rezension;Zeitschriftenartikel;;;;Darmstadt
Z_X_1828_ZIM_0208;C. G.;Zimmermann;Kurze Auseinandersetzung der Lehrgegenstände, welche in den Plan für Bürgerschulen, oder Real-Gymnasien aufgenommen werden können.;Pädagogische Zeitschrift für Deutschland’s Lehrer an Progymnasien, höhern Bürger- und Stadtschulen, Real- Gewerbe- und Handlungsschulen, Militär- und Bauschulen, Privat-Erziehungsanstalten und höhern Töchterschulen;1828;;;1;;;;3;309-334;;https://bbf-scripta-paedagogica.de/viewer/image/020710984_0001/299/LOG_0025/;;Neuwied;Methodik;Zeitschriftenartikel;;;;Neuwied
Z_T_1859_BAL_0209;Ludwig;Ballauff;Ueber Kinder- und Jugendlectüre;Pädagogisches Archiv;1859;;;1;Monatsschrift für Erziehung, Unterricht und Wissenschaft;;;1;37-48;;https://bbf-scripta-paedagogica.de/viewer/toc/020693400/1/LOG_0000/;;Leipzig;Theorie;Zeitschriftenartikel;;;;Leipzig
Z_T_1864_HEG_0210;G.;Heß;Ueber die innere Organisation des lyrischen Gedichts;Pädagogisches Archiv;1864;;;6;Monatsschrift für Erziehung, Unterricht und Wissenschaft;;;5;321-381;;https://bbf-scripta-paedagogica.de/viewer/toc/020693400/1/LOG_0000/;;Leipzig;Theorie;Zeitschriftenartikel;;;;Leipzig
Z_T_1864_ON_0211;[unknown];[unknown];Poesie in der Schule;Pädagogisches Archiv;1864;;;6;Monatsschrift für Erziehung, Unterricht und Wissenschaft;;;9;641-658;;https://bbf-scripta-paedagogica.de/viewer/toc/020693400/1/LOG_0000/;;Leipzig;Theorie;Zeitschriftenartikel;;;;Leipzig
Z_E_1864_BEC_0212;J.;Becker;Schiller's Wilhelm Tell;Pädagogisches Archiv;1864;;;6;Monatsschrift für Erziehung, Unterricht und Wissenschaft;;;9;641-677;;https://bbf-scripta-paedagogica.de/viewer/toc/020693400/1/LOG_0000/;;Leipzig;Erläuterung;Zeitschriftenartikel;;;;Leipzig
Z_T_1868_KLE_0213;W.;Kleinsorge;Ueber die deutsche Dichtersprache;Pädagogisches Archiv;1868;;;10;Monatsschrift für Erziehung, Unterricht und Wissenschaft;;;1;1-20;;https://bbf-scripta-paedagogica.de/viewer/toc/020693400/1/LOG_0000/;;Leipzig;Theorie;Zeitschriftenartikel;;;;Leipzig
Z_L_1869_EMS_0214;H.;Emsmann;Zusammenstellung der zu deutschen Aufsätzen an den preußischen Gymnasien und Realschulen im Anschluß an Schiller's Wilhelm Tell gewählten Stoffe nach den in den Programmen bis 1867 vorliegenden Angaben;Pädagogisches Archiv;1869;;;11;Monatsschrift für Erziehung, Unterricht und Wissenschaft;;;1;16-28;;https://bbf-scripta-paedagogica.de/viewer/toc/020693400/1/LOG_0000/;;Leipzig;Lehrmittel;Zeitschriftenartikel;;;;Leipzig
Z_T_1871_KOL_0215;A.;Kolbe;Das Verhältnis der vaterländischen classischen Literatur zu der Befreiung des deutschen Volkes;Pädagogisches Archiv;1871;;;13;Monatsschrift für Erziehung, Unterricht und Wissenschaft;;;4;241-259;;https://bbf-scripta-paedagogica.de/viewer/toc/020693400/1/LOG_0000/;;Leipzig;Theorie;Zeitschriftenartikel;;;;Leipzig
Z_T_1872_CRO_0216;H.;Cron;Kriegsliteratur für die Schule;Pädagogisches Archiv;1872;;;14;Monatsschrift für Erziehung, Unterricht und Wissenschaft;;;8;625-632;;https://bbf-scripta-paedagogica.de/viewer/toc/020693400/1/LOG_0000/;;Leipzig;Theorie;Zeitschriftenartikel;;;;Leipzig
Z_T_1873_CON_0217;C.;Conradt;Ueber das Volksthümliche und die fremden Einflüsse in der deutschen Litteratur;Pädagogisches Archiv;1873;;;15;Monatsschrift für Erziehung, Unterricht und Wissenschaft;;;9;641-650;;https://bbf-scripta-paedagogica.de/viewer/toc/020693400/1/LOG_0000/;;Leipzig;Theorie;Zeitschriftenartikel;;;;Leipzig
Z_T_1858_UD_0218;D.;U.;Lessing als Pädagog;Pädagogisches Jahrbuch für Lehrer und Schulfreunde;1858;;;8;;;;;196-225;;https://bbf-scripta-paedagogica.de/viewer/image/1021333093_0008/1/LOG_0003/;;Framfurt a. M.;Theorie;Zeitschriftenartikel;;;;Frankfurt, M.
Z_K_1840_AHR_0219;[unknown];Ahrens;Einige Worte über die Berlinische Handfibel und das Berlinische Lesebuch;Schulblatt für die Provinz Brandenburg;1840;;;5;;;;1;35-45;;https://bbf-scripta-paedagogica.de/viewer/toc/986732818/1/LOG_0000/;;Berlin;Kommentar;Zeitschriftenartikel;;;;Berlin
Z_T_1842_S_0220;[unknown];S.;Der deutsche Unterricht an Gymnasien, nach Hiecke;Schulblatt für die Provinz Brandenburg;1842;;;7;;;;3;336-341;;https://bbf-scripta-paedagogica.de/viewer/toc/986732818/1/LOG_0000/;;Berlin;Theorie;Zeitschriftenartikel;;;;Berlin
Z_E_1844_SCH_0221;Otto;Schulz;Die Fabel im Lesebuch;Schulblatt für die Provinz Brandenburg;1844;;;9;;;;4;495-499;;https://bbf-scripta-paedagogica.de/viewer/toc/986732818/1/LOG_0000/;;Berlin;Erläuterung;Zeitschriftenartikel;;;;Berlin
Z_R_1847_PRE_0222;Joseph;Pregner;Blicke aus der Schule in das Leben;Schulblatt für die Provinz Brandenburg;1847;;;12;;;;1;keine Angabe;;https://bbf-scripta-paedagogica.de/viewer/toc/986732818/1/LOG_0000/;;Berlin;Rezension;Zeitschriftenartikel;;;;Berlin
Z_E_1856_MER_0223;[unknown];Merget;Über die clasischen Dichtungen, namentlich Schiller's und Göthe's, als Stoff für den Schul-Unterricht und die Jugendbildung überhaupt;Schulblatt für die Provinz Brandenburg;1856;;;21;;;;45511;387-404;;https://bbf-scripta-paedagogica.de/viewer/toc/986732818/1/LOG_0000/;;Berlin;Erläuterung;Zeitschriftenartikel;;;;Berlin
Z_T_1861_BAR_0224;R.;Barmann;Über die Behandlung der deutschen Literaturgeschichte in höheren Töchterschulen;Schulblatt für die Provinz Brandenburg;1861;;;26;;;;45448;264-272;;https://bbf-scripta-paedagogica.de/viewer/toc/986732818/1/LOG_0000/;;Berlin;Theorie;Zeitschriftenartikel;;1;;Berlin
Z_T_1872_ROM_0225;[unknown];Roßmann;Zur Beurtheilung unsrer Jugendliteratur;Schulblatt für die Provinz Brandenburg;1872;;;37;;;;7;418-425;;https://bbf-scripta-paedagogica.de/viewer/toc/986732818/1/LOG_0000/;;Berlin;Theorie;Zeitschriftenartikel;;;;Berlin
Z_M_1868_MER_0226;H.;Merget;Der deutsche Aufsatz in der höheren Töchterschule;Stoa;1868;;;1;Zeitschrift für die Interessen der Höheren Töchterschulen;;;1;30-34;;https://bbf-scripta-paedagogica.de/viewer/image/020698577_0001/1/LOG_0003/;;Berlin;Methodik;Zeitschriftenartikel;schlechte Qualität der ocr gescannten Dokumente;1;;Berlin
Z_E_1868_RUD_0227;E.;Rudolph;Der Schwarze Ritter in Schillers Jungfrau von Orleans;Stoa;1868;;;1;zeitschrift für die Interessen der Höheren Töchterschulen;;;1;361-365;;https://bbf-scripta-paedagogica.de/viewer/image/020698577_0001/1/LOG_0003/;;Berlin;Erläuterung;Zeitschriftenartikel;schlechte Qualität der ocr gescannten Dokumente;1;;Berlin
Z_E_1868_HC_0228;C.;H.;Eine literarische Zeichnung zu Chamisso’s Gedicht “Die alte Wachfrau”;Stoa;1868;;;1;Zeitschrift für die Interessen der Höheren Töchterschulen;;;1;301-302;;https://bbf-scripta-paedagogica.de/viewer/image/020698577_0001/1/LOG_0003/;;Berlin;Erläuterung;Zeitschriftenartikel;schlechte Qualität der ocr gescannten Dokumente;1;;Berlin
Z_M_1869_KRI_0229;Th.;Kriebisch;Ein Wort über das Lautprechen;Stoa;1869;;;2;Zeitschrift für die Interessen der Höheren Töchterschulen;;;2;368-371;;https://bbf-scripta-paedagogica.de/viewer/image/020698577_0002/1/LOG_0003/;;Berlin;Methodik;Zeitschriftenartikel;schlechte Qualität der ocr gescannten Dokumente;1;;Berlin
Z_E_1869_REI_0230;A.;Reichart;Gottscheds Deutsche Sprachkunst und die germanistischen Forschungen unserer Zeit;Stoa;1869;;;2;Zeitschrift für die Interessen der Höheren Töchterschulen;;;2;95-109;;https://bbf-scripta-paedagogica.de/viewer/image/020698577_0002/1/LOG_0003/;;Berlin;Erläuterung;Zeitschriftenartikel;schlechte Qualität der ocr gescannten Dokumente;1;;Berlin
Z_E_1869_SEN_0231;August;Senga;Erläuterung eines Gedichts;Stoa;1869;;;2;Zeitschrift für die Interessen der Höheren Töchterschulen;;;2;353-357;;https://bbf-scripta-paedagogica.de/viewer/image/020698577_0002/1/LOG_0003/;;Berlin;Erläuterung;Zeitschriftenartikel;schlechte Qualität der ocr gescannten Dokumente;1;;Berlin
Z_M_1869_R_0232;[unknown];R.;Ein Wort über das Vorlesen;Stoa;1869;;;2;Zeitschrift für die Interessen der Höheren Töchterschulen;;;2;31-34;;https://bbf-scripta-paedagogica.de/viewer/image/020698577_0002/1/LOG_0003/;;Berlin;Methodik;Zeitschriftenartikel;schlechte Qualität der ocr gescannten Dokumente;1;;Berlin
Z_R_1847_ON_0233;[unknown];[unknown];Altdeutsche Literatur für höhere Schulen;Zeitschrift für das Gelehrte- und Realschulwesen;1847;;;3;"Als Fortsetzung der Zeitschrift ""Die Mittelschule"" 1. und 2. Jahrgang";;;2;280-282;;https://bbf-scripta-paedagogica.de/viewer/toc/1010989472/1/-/;;Stuttgart;Rezension;Zeitschriftenartikel;;;;Stuttgart
Z_R_1847_WAC_0234;[unknown];Wacker;Otto, Das Lesebuch als Grundlage und Mittelpunkt eines bildenden Unterrichts in der Muttersprache;Zeitschrift für das Gelehrte- und Realschulwesen;1847;;;3;"Als Fortsetzung der Zeitschrift ""Die Mittelschule"" 1. und 2. Jahrgang";;;2;286-294;;https://bbf-scripta-paedagogica.de/viewer/toc/1010989472/1/-/;;Stuttgart;Rezension;Zeitschriftenartikel;;;;Stuttgart
Z_R_1848_BUM_0235;E.;Bäumlein;Der Unterricht der deutschen Sprache und Literatur nach dem Entwurf einer neuen Schulordnung für die gelehrten Anstalten Württembergs.;Zeitschrift für das Gelehrte- und Realschulwesen;1848;;;4;"Als Fortsetzung der Zeitschrift ""Die Mittelschule"" 1. und 2. Jahrgang";;;1;447-451;;https://bbf-scripta-paedagogica.de/viewer/toc/1010989472/1/-/;;Stuttgart;Rezension;Zeitschriftenartikel;;;;Stuttgart
Z_R_1849_KZH_0236;H.;Kz;Straub, Deutsches Lesebuch für die untern Klassen höherer Unterrichtsanstalten;Zeitschrift für das Gesamtschulwesen;1849;;;5;mit besonderer Rücksicht auf die Methodik des Unterrichts;;;2;296-299;;https://bbf-scripta-paedagogica.de/viewer/!toc/020706065_0001/1/LOG_0003/;;Stuttgart;Rezension;Zeitschriftenartikel;Sammelrezension: wie Z_R_1849_KZH_0237;;;Stuttgart
Z_R_1849_KZH_0237;H.;Kz;Straub, Deutsches Lesebuch für die obern Klassen höherer Unterrichtsanstalten;Zeitschrift für das Gesamtschulwesen;1849;;;5;mit besonderer Rücksicht auf die Methodik des Unterrichts;;;2;296-299;;https://bbf-scripta-paedagogica.de/viewer/!toc/020706065_0001/1/LOG_0003/;;Stuttgart;Rezension;Zeitschriftenartikel;;;;Stuttgart
Z_R_1849_GL_0238;[unknown];Gl.;Scherr, Bildersaal der Weltliteratur;Zeitschrift für das Gesamtschulwesen;1849;;;5;mit besonderer Rücksicht auf die Methodik des Unterrichts;;;2;306-307;;https://bbf-scripta-paedagogica.de/viewer/!toc/020706065_0001/1/LOG_0003/;;Stuttgart;Rezension;Zeitschriftenartikel;;;;Stuttgart
Z_R_1850_KAP_0239;[unknown];Kapss;Mozart, Deutsches Lesebuch für die untern Klassen der Gymnasien;Zeitschrift für das Gesamtschulwesen;1850;;;6;mit besonderer Rücksicht auf die Methodik des Unterrichts;;;2;97-100;;https://bbf-scripta-paedagogica.de/viewer/image/020706065_0002/1/LOG_0003/;;Stuttgart;Rezension;Zeitschriftenartikel;;;;Stuttgart
Z_R_1850_OAR_0240;A. R. v.;O.;Gister, Deutsches Lesebuch für mittlere Gymnasial- und höhere Bürgerschulklassen zum öffentlichen und Privatgebrauch;Zeitschrift für das Gesamtschulwesen;1850;;;6;mit besonderer Rücksicht auf die Methodik des Unterrichts;;;2;168-170;;https://bbf-scripta-paedagogica.de/viewer/image/020706065_0002/1/LOG_0003/;;Stuttgart;Rezension;Zeitschriftenartikel;;;;Stuttgart
Z_R_1850_ON_0241;[unknown];[unknown];Weinhold, Mittelhochdeutsches Lesebuch;Zeitschrift für das Gesamtschulwesen;1850;;;7;mit besonderer Rücksicht auf die Methodik des Unterrichts;;;2;351-351;;https://bbf-scripta-paedagogica.de/viewer/!toc/020706065_0003/4/-/;;Stuttgart;Rezension;Zeitschriftenartikel;;;;Stuttgart
Z_R_1851_LOO_0242;Heinrich;Loose;Vernaleken, Leitfaden für deutsche Sprach- und Literaturstunde;Zeitschrift für das Gesamtschulwesen;1851;;;7;mit besonderer Rücksicht auf die Methodik des Unterrichts;;;2;177-194;;https://bbf-scripta-paedagogica.de/viewer/!toc/020706065_0003/4/-/;;Stuttgart;Rezension;Zeitschriftenartikel;Sammelrezension;;;Stuttgart
Z_T_1847_JMT_0243;[unknown];J. Mützell;Ueber die Behandlung der deutschen Literaturgeschichte, namentlich der älteren, auf Gymnasien;Zeitschrift für das Gymnasialwesen;1847;;;1;;;;;34-71;;https://mdz-nbn-resolving.de/details:bsb10448076;;Berlin;Theorie;Zeitschriftenartikel;;;;Berlin
Z_T_1848_DEI_0244;[unknown];Deinhardt;Ueber die Stellung und Bedeutung des deutschen Unterrichts auf Gymnasien;Zeitschrift für das Gymnasialwesen;1848;;;2;;;;;513-521;;https://mdz-nbn-resolving.de/details:bsb10448077;Bromberg;Berlin;Theorie;Zeitschriftenartikel;;;Bromberg;Berlin
Z_K_1848_GOT_0245;[unknown];Gottschick;"Bemerkungen zu dem Aufsatze des Herrn Director Deinhardt: ""über die Stellung und Bedeutung des deutschen Unterrichts auf Gymnasien.""";Zeitschrift für das Gymnasialwesen;1848;;;2;;;;;742-746;;https://mdz-nbn-resolving.de/details:bsb10448077;Anklam;Berlin;Kommentar;Zeitschriftenartikel;;;Anklam;Berlin
Z_B_1848_UNB_0246;[unknown];[unknown];"Bericht über die Verordnungen für die österreichischen Gymnasien; Bericht über Lehrerversammlungen";Zeitschrift für das Gymnasialwesen;1848;;;2;;;;;;;https://mdz-nbn-resolving.de/details:bsb10448077;;Berlin;Bericht;Zeitschriftenartikel;;;;Berlin
Z_K_1849_DEI_0247;[unknown];Deinhardt;Erwiederung auf die Bermerkungen des Herrn Director Gottschick im Octoberheft des v. J.;Zeitschrift für das Gymnasialwesen;1849;;;3;;;;;97-101;;https://mdz-nbn-resolving.de/details:bsb10448078;Bromberg;Berlin;Kommentar;Zeitschriftenartikel;;;Bromberg;Berlin
Z_T_1849_NIE_0248;Eduard;Niemeyer;Herzensergießungen über die Praxis des deutschen Unterrichts;Zeitschrift für das Gymnasialwesen;1849;;;3;;;;;561-578;;https://mdz-nbn-resolving.de/details:bsb10448078;;Berlin;Theorie;Zeitschriftenartikel;;;;Berlin
Z_R_1849_FO_0249;[unknown];Foß;Deutsche Lesebücher von Lehmann, Bach-Koberstein, Schwab;Zeitschrift für das Gymnasialwesen;1849;;;3;;;;;608-612;;https://mdz-nbn-resolving.de/details:bsb10448078;Berlin;Berlin;Rezension;Zeitschriftenartikel;;;Berlin;Berlin
Z_M_1850_DEI_0250;[unknown];Deinhardt;Ueber die Hauptarten von Thematen zu den deutschen Aufsätzen der Gymnasiasten;Zeitschrift für das Gymnasialwesen;1850;;;4;;;;;97-106;;https://mdz-nbn-resolving.de/details:bsb10448079;Bromberg;Berlin;Methodik;Zeitschriftenartikel;;;Bromberg;Berlin
Z_R_1850_NIE_0251;Eduard;Niemeyer;K. F. Becker, der deutsche Stil;Zeitschrift für das Gymnasialwesen;1850;;;4;;;;;574;;https://mdz-nbn-resolving.de/details:bsb10448079;Crefeld;Berlin;Rezension;Zeitschriftenartikel;;;Krefeld;Berlin
Z_R_1850_LBK_0252;Friedrich;Lübker;Scheibert, das Wesen der höheren Bürgerschule;Zeitschrift für das Gymnasialwesen;1850;;;4;;;;;654-667;;https://mdz-nbn-resolving.de/details:bsb10448079;;Berlin;Rezension;Zeitschriftenartikel;;;;Berlin
Z_R_1851_CAM_0253;[unknown];Campe;Die Uebungen in freien Vorträgen in den oberen Klassen des Gymnasiums;Zeitschrift für das Gymnasialwesen;1851;;;5;;;;;81-112;;https://mdz-nbn-resolving.de/details:bsb10448080;Neu-Ruppin;Berlin;Rezension;Zeitschriftenartikel;;;Neu-Ruppin;Berlin
Z_R_1851_WIE_0254;L.;Wiese;Gödeke, Eilf Bücher deutscher Dichtung;Zeitschrift für das Gymnasialwesen;1851;;;5;;;;;56-58;;https://mdz-nbn-resolving.de/details:bsb10448080;Berlin;Berlin;Rezension;Zeitschriftenartikel;;;Berlin;Berlin
Z_R_1851_NIE_0255;Eduard;Niemeyer;Vernalken, Deutsches Literaturbuch;Zeitschrift für das Gymnasialwesen;1851;;;5;;;;;206-214;;https://mdz-nbn-resolving.de/details:bsb10448080;Crefeld;Berlin;Rezension;Zeitschriftenartikel;;;Krefeld;Berlin
Z_R_1851_HLS_0256;[unknown];Hölscher;Wackernagel, Edelsteine deutscher Dichtung und Weisheit im XIII. Jahrhundert;Zeitschrift für das Gymnasialwesen;1851;;;5;;;;;519-520;;https://mdz-nbn-resolving.de/details:bsb10448080;Herford;Berlin;Rezension;Zeitschriftenartikel;;;Herford;Berlin
Z_R_1852_HUD_0257;E. E.;Hudemann;Meyer, Göthe über Art und Unart der Jugend;Zeitschrift für das Gymnasialwesen;1852;;;6;;;;;172;;https://mdz-nbn-resolving.de/details:bsb10448081;Kiel;Berlin;Rezension;Zeitschriftenartikel;;;Kiel;Berlin
Z_R_1852_HLS_0258;[unknown];Hölscher;Weinhold, Mittelhochdeutsches Lesebuch. Wien 1850;Zeitschrift für das Gymnasialwesen;1852;;;6;;;;;233-234;;https://mdz-nbn-resolving.de/details:bsb10448081;Herford;Berlin;Rezension;Zeitschriftenartikel;;;Herford;Berlin
Z_R_1852_WAG_0259;[unknown];Wagner;Geschichte der deutschen Literatur von Weber und Lange;Zeitschrift für das Gymnasialwesen;1852;;;6;;;;;488-493;;https://mdz-nbn-resolving.de/details:bsb10448081;Anklam;Berlin;Rezension;Zeitschriftenartikel;;;Anklam;Berlin
Z_R_1852_NIE_0260;Ed.;Niemeyer;Deutsches Lesebuch für die österreichischen Untergymnasien;Zeitschrift für das Gymnasialwesen;1852;;;6;;;;;857-863;;https://mdz-nbn-resolving.de/details:bsb10448081;Crefeld;Berlin;Rezension;Zeitschriftenartikel;;;Krefeld;Berlin
Z_T_1853_EIC_0261;[unknown];Eichhoff;Ueber den propädeutischen Unterricht in der Philosophie auf Gymnasien;Zeitschrift für das Gymnasialwesen;1853;;;7;;;;;433-440;;https://mdz-nbn-resolving.de/details:bsb10448082;;Berlin;Theorie;Zeitschriftenartikel;;;;Berlin
Z_R_1854_KAR_0262;[unknown];Karl Müllenhof;Die deutsche Philologie, die Schule und die klassische Philologie;Zeitschrift für das Gymnasialwesen;1854;;;8;;;;;177;;https://mdz-nbn-resolving.de/details:bsb10448084;Kiel;Berlin;Rezension;Zeitschriftenartikel;;;Kiel;Berlin
Z_R_1854_HLS_0263;[unknown];Hölscher;Deutsche Art und Kunst in Gedichten für die reifere Jugend christlicher Schulen. 1853.;Zeitschrift für das Gymnasialwesen;1854;;;8;;;;;417-419;;https://mdz-nbn-resolving.de/details:bsb10448084;Herford;Berlin;Rezension;Zeitschriftenartikel;;;Herford;Berlin
Z_R_1855_WEN_0264;[unknown];Wendt;Zum deutschen Unterricht;Zeitschrift für das Gymnasialwesen;1855;;;9;;;;;369-381;;https://mdz-nbn-resolving.de/details:bsb10448085;Greiffenberg;Berlin;Rezension;Zeitschriftenartikel;;;Gryfice;Berlin
Z_R_1855_SCH_0265;[unknown];Schirrmacher;Kehrein, Entwürfe zu deutschen Aufsätzen;Zeitschrift für das Gymnasialwesen;1855;;;9;;;;;330-332;;https://mdz-nbn-resolving.de/details:bsb10448085;Liegnitz;Berlin;Rezension;Zeitschriftenartikel;;;Liegnitz;Berlin
Z_R_1855_SCH_0266;[unknown];Schirrmacher;Oltrogge, Deutsches Lesebuch;Zeitschrift für das Gymnasialwesen;1855;;;9;;;;;334-335;;https://mdz-nbn-resolving.de/details:bsb10448085;Liegnitz;Berlin;Rezension;Zeitschriftenartikel;;;Liegnitz;Berlin
Z_R_1855_SCH_0267;[unknown];Schirrmacher;Heckmann, Deutsches Sprach- und Lesebuch;Zeitschrift für das Gymnasialwesen;1855;;;9;;;;;337-338;;https://mdz-nbn-resolving.de/details:bsb10448085;Liegnitz;Berlin;Rezension;Zeitschriftenartikel;;;Liegnitz;Berlin
Z_R_1856_RAU_0268;R. v.;Raumer;Der Deutsche Unterricht in Gymnasien. Antwort auf Herrn Giesebrecht's Beschuldigungen;Zeitschrift für das Gymnasialwesen;1856;;;10;;;;;529-538;;https://mdz-nbn-resolving.de/details:bsb10448086;Erlangen;Berlin;Rezension;Zeitschriftenartikel;;;Erlangen;Berlin
Z_R_1856_KPK_0269;[unknown];Köpke;Niemeyer, Lessing's Nathan der Weise, durch eine historisch-kritische Einleitung und einen fortlaufendne Commentar, besonders zu mGebrauch auf höheren Lehranstalten erläutert;Zeitschrift für das Gymnasialwesen;1856;;;10;;;;;181-189;;https://mdz-nbn-resolving.de/details:bsb10448086;Brandenburg;Berlin;Rezension;Zeitschriftenartikel;;;Brandenburg;Berlin
Z_R_1856_HLS_0270;[unknown];Hölscher;A. und F. Spieß, Deutsches Lesebuch;Zeitschrift für das Gymnasialwesen;1856;;;10;;;;;576-578;;https://mdz-nbn-resolving.de/details:bsb10448086;Herford;Berlin;Rezension;Zeitschriftenartikel;;;Herford;Berlin
Z_R_1857_HAN_0271;[unknown];Hansen;M. Theilkuhl, Deutsches Lesebuch für höhere Lehranstalten. Nebst Musterstücken zu shcriftlichen Arbeiten. 1857.;Zeitschrift für das Gymnasialwesen;1857;;;11;;;;;789-798;;https://mdz-nbn-resolving.de/details:bsb10448087;Wetzlar;Berlin;Rezension;Zeitschriftenartikel;;;Wetzlar;Berlin
Z_R_1857_HAN_0272;[unknown];Hansen;Masius, Deutsches Lesebuch für höhere Unterrichtsanstalten. 1857.;Zeitschrift für das Gymnasialwesen;1857;;;11;;;;;877-889;;https://mdz-nbn-resolving.de/details:bsb10448087;Wetzlar;Berlin;Rezension;Zeitschriftenartikel;;;Wetzlar;Berlin
Z_R_1858_BEC_0273;[unknown];Becker;Rinne, Organismus der Stil- oder Aufsatzlehre. Ein Handbuch für den theoretischen deutshcen Stilunterricht zunächst auf Gymnasien so wie andern höheren Lehranstalten.;Zeitschrift für das Gymnasialwesen;1858;;;12;;;;;218-232;;https://mdz-nbn-resolving.de/details:bsb10448088;Wittenberg;Berlin;Rezension;Zeitschriftenartikel;;;Wittenberg;Berlin
Z_R_1859_DEU_0274;[unknown];Deuschle;Schmid, Ecyklopädie des gesammten Erziehungs- und Unterrichtswesems;Zeitschrift für das Gymnasialwesen;1859;;;13;;;;;39-43;;https://mdz-nbn-resolving.de/details:bsb10448089;Berlin;Berlin;Rezension;Zeitschriftenartikel;;;Berlin;Berlin
Z_R_1859_H_0275;[unknown];H.;Wagner, Poetische Geschichte der Deutschen;Zeitschrift für das Gymnasialwesen;1859;;;13;;;;;52-54;;https://mdz-nbn-resolving.de/details:bsb10448089;;Berlin;Rezension;Zeitschriftenartikel;;;;Berlin
Z_R_1859_ON_0276;[unknown];[unknown];Löbell, Die Entwicklung der deutschen Poesie von Klopstocks erstem Auftreten bis zu Göthes Tode;Zeitschrift für das Gymnasialwesen;1859;;;13;;;;;55-61;;https://mdz-nbn-resolving.de/details:bsb10448089;;Berlin;Rezension;Zeitschriftenartikel;;;;Berlin
Z_R_1860_HAN_0277;[unknown];Hansen;Masius, Deutsches Lesebuch für höhere Unterrichtsanstalten. Zweiter Theil. 1858.;Zeitschrift für das Gymnasialwesen;1860;;;14;;;;;388-397;;https://mdz-nbn-resolving.de/details:bsb10448090;Wetzlar;Berlin;Rezension;Zeitschriftenartikel;;;Wetzlar;Berlin
Z_T_1863_CAU_0278;Ed.;Cauer;Das Altdeutsche auf dem Gymnasium;Zeitschrift für das Gymnasialwesen;1863;;;17;;;;;1-8;;https://mdz-nbn-resolving.de/details:bsb10448093;Breslau;Berlin;Theorie;Zeitschriftenartikel;;;Breslau;Berlin
Z_T_1863_WOL_0279;Julius;Wollenberg;Wie sah es auf Berliner Gymnasien in alten Zeiten mit dem Unterricht im Deutschen aus?;Zeitschrift für das Gymnasialwesen;1863;;;17;;;;;241-260;;https://mdz-nbn-resolving.de/details:bsb10448093;Berlin;Berlin;Theorie;Zeitschriftenartikel;;;Berlin;Berlin
Z_T_1863_HOL_0280;W.;Hollenberg;Ueber den philosophischen Unterricht in den Gymnasien;Zeitschrift für das Gymnasialwesen;1863;;;17;;;;;903-921;;https://mdz-nbn-resolving.de/details:bsb10448093;;Berlin;Theorie;Zeitschriftenartikel;;;;Berlin
Z_R_1863_HOL_0281;W.;Hollenberg;Mönnich, Auswahl deutscher Aufsätze und Reden. Ein ergänzendes Hülfsmittel für den höhern Schulunterricht in der Darstellungskunst. 1862.;Zeitschrift für das Gymnasialwesen;1863;;;17;;;;;138-142;;https://mdz-nbn-resolving.de/details:bsb10448093;;Berlin;Rezension;Zeitschriftenartikel;;;;Berlin
Z_R_1863_SOR_0282;[unknown];Sorof;Goedeke, Uebersicht der Geschichte der deutschen Dichtung. Erste Hälfte. 1862.;Zeitschrift für das Gymnasialwesen;1863;;;17;;;;;379-381;;https://mdz-nbn-resolving.de/details:bsb10448093;Potsdam;Berlin;Rezension;Zeitschriftenartikel;;;Potsdam;Berlin
Z_R_1864_BUD_0283;[unknown];Buddeberg;Masius, Die Einwirkungen des Humanismus auf die deutschen Gelehrtenschulen. 1862.;Zeitschrift für das Gymnasialwesen;1864;;;18;;;;;64f.;;https://mdz-nbn-resolving.de/details:bsb10448094;Essen;Berlin;Rezension;Zeitschriftenartikel;;;Essen;Berlin
Z_R_1864_HW_0284;W.;H.;W. Pütz, Altdeutsches Lesebuch mit Sprach- und Sacherklärungen. Für höhere Lehranstalten und zum Selbstunterricht. Zweite umgearbeitete Auflage. 1863.;Zeitschrift für das Gymnasialwesen;1864;;;18;;;;;400;;https://mdz-nbn-resolving.de/details:bsb10448094;;Berlin;Rezension;Zeitschriftenartikel;;;;Berlin
Z_R_1864_ON_0285;[unknown];[unknown];Denkmäler deutscher Poesie und Prosa;Zeitschrift für das Gymnasialwesen;1864;;;18;;;;;394;;https://mdz-nbn-resolving.de/details:bsb10448094;;Berlin;Rezension;Zeitschriftenartikel;;;;Berlin
Z_R_1864_ON_0286;[unknown];[unknown];R. H. Hiecke, Gesammelte Aufsätze zur deutschen Literatur. Herausgegeben von Dr. G. Wendt. 1864.;Zeitschrift für das Gymnasialwesen;1864;;;18;;;;;298;;https://mdz-nbn-resolving.de/details:bsb10448094;;Berlin;Rezension;Zeitschriftenartikel;;;;Berlin
Z_R_1864_GOR_0287;R.;Gorgas;Pröhle, Deutsche Sagen. 1863.;Zeitschrift für das Gymnasialwesen;1864;;;18;;;;;865-868;;https://mdz-nbn-resolving.de/details:bsb10448094;Magdeburg;Berlin;Rezension;Zeitschriftenartikel;;;Magdeburg;Berlin
Z_R_1864_ON_0288;[unknown];[unknown];Dielitz, Heinrichs, Handbuch der deutschen Literatur für die obern Klassen höherer Lehranstalten. 1863.;Zeitschrift für das Gymnasialwesen;1864;;;18;;;;;946-948;;https://mdz-nbn-resolving.de/details:bsb10448094;;Berlin;Rezension;Zeitschriftenartikel;;;;Berlin
Z_R_1864_ON_0289;[unknown];[unknown];Deutsche Art und Kunst in Gedichten für höhere Lehranstalten. Zweite Auflage. 1853.;Zeitschrift für das Gymnasialwesen;1864;;;18;;;;;948-949;;https://mdz-nbn-resolving.de/details:bsb10448094;;Berlin;Rezension;Zeitschriftenartikel;;;;Berlin
Z_R_1864_ON_0290;[unknown];[unknown];Cholevius, Aesthetische und historische Einleitung nebst fortlaufender Erläuterung zu Goethes Hermann und Dorothea. 1863.;Zeitschrift für das Gymnasialwesen;1864;;;18;;;;;941-946;;https://mdz-nbn-resolving.de/details:bsb10448094;;Berlin;Rezension;Zeitschriftenartikel;;;;Berlin
Z_R_1865_PAS_0291;Edurad;Pasch;Englmann, Mittelhochdeutsches Lesebuch mit Grammatik, Anmerkungen und Glossar. 1863.;Zeitschrift für das Gymnasialwesen;1865;;;19;;;;;309-315;;https://mdz-nbn-resolving.de/details:bsb10448095;Perleberg;Berlin;Rezension;Zeitschriftenartikel;;;Perleberg;Berlin
Z_R_1865_WIL_0292;W.;Wilmanns;Pfeiffer, Deutsche Classiker des Mittelalters;Zeitschrift für das Gymnasialwesen;1865;;;19;;;;;316-321;;https://mdz-nbn-resolving.de/details:bsb10448095;Altona;Berlin;Rezension;Zeitschriftenartikel;;;Altona;Berlin
Z_R_1865_KPK_0293;E.;Köpke;Buchner, Lehrbuch der Geschichte der deutschen Nationalliteratur. […] Für höhere Lehranstalten und den Selbstunterricht bearbeitet. 1863.;Zeitschrift für das Gymnasialwesen;1865;;;19;;;;;379-383;;https://mdz-nbn-resolving.de/details:bsb10448095;Brandenburg;Berlin;Rezension;Zeitschriftenartikel;;;Brandenburg;Berlin
Z_R_1865_ON_0294;[unknown];[unknown];Sammelrezension [Paldamus, Wagler, Lange, Hopf und Paulsiek];Zeitschrift für das Gymnasialwesen;1865;;;19;;;;;691-694;;https://mdz-nbn-resolving.de/details:bsb10448095;;Berlin;Rezension;Zeitschriftenartikel;;;;Berlin
Z_R_1865_KPK_0295;E.;Köpke;Rob. Heinr. Hiecke, Reden und Aufsätze. Bd. 2. Hg. Von Wendt;Zeitschrift für das Gymnasialwesen;1865;;;19;;;;;697;;https://mdz-nbn-resolving.de/details:bsb10448095;Brandenburg;Berlin;Rezension;Zeitschriftenartikel;;;Brandenburg;Berlin
Z_R_1865_BLI_0296;K.;Blitz;Loebell, Die Entwicklung der deutschen Poesie […]. Dritter Band: Lessing. Hg. Von Koberstein. 1865.;Zeitschrift für das Gymnasialwesen;1865;;;19;;;;;698-699;;https://mdz-nbn-resolving.de/details:bsb10448095;Berlin;Berlin;Rezension;Zeitschriftenartikel;;;Berlin;Berlin
Z_R_1865_HJ_0297;J.;H.;Bücher für Schulbibliotheken;Zeitschrift für das Gymnasialwesen;1865;;;19;;;;;703-707;;https://mdz-nbn-resolving.de/details:bsb10448095;Berlin;Berlin;Rezension;Zeitschriftenartikel;;;Berlin;Berlin
Z_R_1866_MAR_0298;Ernst;Martin;Schulausgaben deutscher classiker mit anmerkungen.;Zeitschrift für das Gymnasialwesen;1866;;;20;;;;;54-55;;https://mdz-nbn-resolving.de/details:bsb10448096;Berlin;Berlin;Rezension;Zeitschriftenartikel;;;Berlin;Berlin
Z_R_1866_HOL_0299;W.;Hollenberg;Paldamus, Deutsches Lesebuch. Obere Stufe zweiter Kurs. 1865.;Zeitschrift für das Gymnasialwesen;1866;;;20;;;;;388-389;;https://mdz-nbn-resolving.de/details:bsb10448096;Saarbrücken;Berlin;Rezension;Zeitschriftenartikel;;;Saarbrücken;Berlin
Z_M_1867_STA_0300;[unknown];Stauder;Ueber die zweckmäßige Art der Einrichtung deutscher Declamatorien auf Gymnasien und anderen höheren Lehranstalten;Zeitschrift für das Gymnasialwesen;1867;;;21, N.F. 1;;;;;90-95;;https://mdz-nbn-resolving.de/details:bsb10448097;Emmerleh;Berlin;Methodik;Zeitschriftenartikel;;;Emmerleh;Berlin
Z_R_1867_MLL_0301;[unknown];Müllenhoff;Jänicke, Deutsches Heldenbuch;Zeitschrift für das Gymnasialwesen;1867;;;21, N.F. 1;;;;;467-471;;https://mdz-nbn-resolving.de/details:bsb10448097;Berlin;Berlin;Rezension;Zeitschriftenartikel;;;Berlin;Berlin
Z_R_1867_KOL_0302;A.;Kolbe;Goedeke und Tittmann, Deutsche Dichter des sechzehnten Jahrhunderts. 1867.;Zeitschrift für das Gymnasialwesen;1867;;;21, N.F. 1;;;;;711;;https://mdz-nbn-resolving.de/details:bsb10448097;Stettin;Berlin;Rezension;Zeitschriftenartikel;;;Stettin;Berlin
Z_R_1867_MAR_0303;Ernst;Martin;Schädel und Kohlrausch, Mittelhochdeutsches Elementarbuch. Zweite verbesserte Auflage. 1866.;Zeitschrift für das Gymnasialwesen;1867;;;21, N.F. 1;;;;;789;;https://mdz-nbn-resolving.de/details:bsb10448097;Heidelberg;Berlin;Rezension;Zeitschriftenartikel;;;Heidelberg;Berlin
Z_R_1868_KOL_0304;A.;Kolbe;Reden und Aufsätze von Robert Heinrich Hiecke, hg. von Wendt;Zeitschrift für das Gymnasialwesen;1868;;;22, N.F. 2;;;;;146-147;;https://mdz-nbn-resolving.de/details:bsb10448098;Stettin;Berlin;Rezension;Zeitschriftenartikel;;;Stettin;Berlin
Z_R_1869_RCK_0305;[unknown];Rückert;Kluge, Geschichte der deutschen Nationalliteratur. Zum Gebrauche an höheren Unterrichtsanstalten bearbeitet. 1869.;Zeitschrift für das Gymnasialwesen;1869;;;23, N.F. 3;;;;;377-379;;https://mdz-nbn-resolving.de/details:bsb10448099;Breslau;Berlin;Rezension;Zeitschriftenartikel;;;Breslau;Berlin
Z_R_1869_BEL_0306;Ludwig;Bellermann;Laas, Der deutsche Aufsatz;Zeitschrift für das Gymnasialwesen;1869;;;23, N.F. 3;;;;;660-688;;https://mdz-nbn-resolving.de/details:bsb10448099;Berlin;Berlin;Rezension;Zeitschriftenartikel;;;Berlin;Berlin
Z_T_1870_LAA_0308;[unknown];Laas;Der deutsche Unterricht auf höheren Lehranstalten. (Erster Artikel);Zeitschrift für das Gymnasialwesen;1870;;;24, N.F. 4;;;;;177-243;;https://mdz-nbn-resolving.de/details:bsb10619952;Berlin;Berlin;Theorie;Zeitschriftenartikel;;;Berlin;Berlin
Z_T_1870_GTH_0309;[unknown];Güthling;Ueber die Behandlung der deutschen Litteratur in der obersten Classe des Gymnasiums v. Curtius;Zeitschrift für das Gymnasialwesen;1870;;;24, N.F. 4;;;;;343-349;;https://mdz-nbn-resolving.de/details:bsb10619952;Liegnitz;Berlin;Theorie;Zeitschriftenartikel;;;Liegnitz;Berlin
Z_T_1870_LAA_0310;[unknown];Laas;Der deutsche Unterricht auf höheren Lehranstalten. (Zweiter Artikel);Zeitschrift für das Gymnasialwesen;1870;;;24, N.F. 4;;;;;625-662;;https://mdz-nbn-resolving.de/details:bsb10619952;Berlin;Berlin;Theorie;Zeitschriftenartikel;;;Berlin;Berlin
Z_T_1870_LAA_0311;[unknown];Laas;Der deutsche Unterricht u. s. w. (Zweiter Artikel Fortsetzung und Schluss);Zeitschrift für das Gymnasialwesen;1870;;;24, N.F. 4;;;;;705-752;;https://mdz-nbn-resolving.de/details:bsb10619952;Berlin;Berlin;Theorie;Zeitschriftenartikel;;;Berlin;Berlin
Z_R_1870_JAC_0312;R.;Jacobs;"Hoeg, Ueber Schülerbibliotheken. 1868; Hoegg, Verzeichnis der von den höheren Bildungsanstalten Westfalens für die Schülerbibliotheken empfohlenen Werke. 1869.";Zeitschrift für das Gymnasialwesen;1870;;;24, N.F. 4;;;;;303-308;;https://mdz-nbn-resolving.de/details:bsb10619952;Berlin;Berlin;Rezension;Zeitschriftenartikel;;;Berlin;Berlin
Z_R_1870_WIL_0313;W.;Wilmanns;Schulz, Deutsches Lesebuch för höhere Lehranstalten. Erster Theil. Für die unteren und mittleren Classen. 1870.;Zeitschrift für das Gymnasialwesen;1870;;;24, N.F. 4;;;;;853-861;;https://mdz-nbn-resolving.de/details:bsb10619952;Berlin;Berlin;Rezension;Zeitschriftenartikel;;;Berlin;Berlin
Z_R_1870_WIL_0314;W.;Wilmanns;Sommer, Deutsches Lesebuch für höhere Lehranstalten. Sommer. 1869.;Zeitschrift für das Gymnasialwesen;1870;;;24, N.F. 4;;;;;861-869;;https://mdz-nbn-resolving.de/details:bsb10619952;Berlin;Berlin;Rezension;Zeitschriftenartikel;;;Berlin;Berlin
Z_E_1871_EIC_0315;[unknown];Eichholtz;Beiträge zur Erklärung Uhlandscher Balladen;Zeitschrift für das Gymnasialwesen;1871;;;25, N.F. 5;;;;;1-10;;https://mdz-nbn-resolving.de/details:bsb11041814;Berlin;Berlin;Erläuterung;Zeitschriftenartikel;;;Berlin;Berlin
Z_T_1871_LAA_0316;[unknown];Laas;Zum deutschen Unterricht;Zeitschrift für das Gymnasialwesen;1871;;;25, N.F. 5;;;;;561-629;;https://mdz-nbn-resolving.de/details:bsb11041814;Berlin;Berlin;Theorie;Zeitschriftenartikel;;;Berlin;Berlin
Z_R_1871_WIL_0317;W.;Wilmanns;Hiecke, Deutsches Lesebuch. [für die unteren und oberen Gymnasialklassen 7. und 3. Aufl.];Zeitschrift für das Gymnasialwesen;1871;;;25, N.F. 5;;;;;245-253;;https://mdz-nbn-resolving.de/details:bsb11041814;Berlin;Berlin;Rezension;Zeitschriftenartikel;;;Berlin;Berlin
Z_R_1871_WIL_0318;W.;Wilmanns;Kern und Lübben, Deutsches Lesebuch. 1868;Zeitschrift für das Gymnasialwesen;1871;;;25, N.F. 5;;;;;176-187;;https://mdz-nbn-resolving.de/details:bsb11041814;Berlin;Berlin;Rezension;Zeitschriftenartikel;;;Berlin;Berlin
Z_R_1871_WIL_0319;W.;Wilmanns;Masius, Deutsches Lesebuch. 4. Aufl. 1869.;Zeitschrift für das Gymnasialwesen;1871;;;25, N.F. 5;;;;;235-245;;https://mdz-nbn-resolving.de/details:bsb11041814;Berlin;Berlin;Rezension;Zeitschriftenartikel;;;Berlin;Berlin
Z_R_1871_MLL_0320;H.;Müller;Naumann, Anleitung zum Abfassen deutscher Aufsätze. 1870.;Zeitschrift für das Gymnasialwesen;1871;;;25, N.F. 5;;;;;671-679;;https://mdz-nbn-resolving.de/details:bsb11041814;Neustrelitz;Berlin;Rezension;Zeitschriftenartikel;;;Neustrelitz;Berlin
Z_R_1871_MLL_0321;H.;Müller;Wustmann, Goethe's Götz von Berlichingen. 1871.;Zeitschrift für das Gymnasialwesen;1871;;;25, N.F. 5;;;;;530-534;;https://mdz-nbn-resolving.de/details:bsb11041814;Neustrelitz;Berlin;Rezension;Zeitschriftenartikel;;;Neustrelitz;Berlin
Z_M_1872_LIN_0322;Friedrich;Linnig;Der deutsche Aufsatz in der Secunda;Zeitschrift für das Gymnasialwesen;1872;;;26, N.F. 6;;;;;437-446;;https://mdz-nbn-resolving.de/details:bsb11041815;Cöln;Berlin;Methodik;Zeitschriftenartikel;;;Köln;Berlin
Z_R_1872_ANT_0323;H. S.;Anton;Hartung, Themata zu deutschen Ausarbeitungen. 1872.;Zeitschrift für das Gymnasialwesen;1872;;;26, N.F. 6;;;;;791-792;;https://mdz-nbn-resolving.de/details:bsb11041815;Halberstadt;Berlin;Rezension;Zeitschriftenartikel;;;Halberstadt;Berlin
Z_R_1872_JNI_0324;[unknown];Jänicke;"Schulz, Ausgewählte Lieder von Walther von der Vogelweide. 1870; Schulz, Sechs Lieder von Hartmann von Aue. 1871.";Zeitschrift für das Gymnasialwesen;1872;;;26, N.F. 6;;;;;166-169;;https://mdz-nbn-resolving.de/details:bsb11041815;Berlin;Berlin;Rezension;Zeitschriftenartikel;;;Berlin;Berlin
Z_M_1874_NOE_0325;[unknown];Noetel;Die Correctur der deutschen Aufsätze;Zeitschrift für das Gymnasialwesen;1874;;;28, N.F. 8;;;;;161-203;;https://mdz-nbn-resolving.de/details:bsb11184351;Cottbus;Berlin;Methodik;Zeitschriftenartikel;;;Cottbus;Berlin
Z_R_1874_WIL_0326;W.;Wilmanns;Amelung, und Jänicke, Deutsches Heldenbuch. Dritter und vierter Theil. 1873;Zeitschrift für das Gymnasialwesen;1874;;;28, N.F. 8;;;;;242-252;;https://mdz-nbn-resolving.de/details:bsb11184351;Berlin;Berlin;Rezension;Zeitschriftenartikel;;;Berlin;Berlin
Z_R_1874_SEH_0327;Chr. Fr.;Sehrfald;Meister, Sammlung deutscher Gedichte für höhere Lehranstalten;Zeitschrift für das Gymnasialwesen;1874;;;28, N.F. 8;;;;;137-140;;https://mdz-nbn-resolving.de/details:bsb11184351;Eisenach;Berlin;Rezension;Zeitschriftenartikel;;;Eisenach;Berlin
Z_R_1875_BEL_0328;Ludwig;Bellermann;Buschmann, Lessings Laokoon für den Schulgebrauch bearbeitet und mit Erläuterungen versehen. 1874.;Zeitschrift für das Gymnasialwesen;1875;;;29, N.F. 9;;;;;369-374;;https://mdz-nbn-resolving.de/details:bsb11315660;Berlin;Berlin;Rezension;Zeitschriftenartikel;;;Berlin;Berlin
Z_R_1875_WIL_0329;W.;Wilmanns;Dietrich, Ueber den deutschen Unterricht im Gymnasium. 1875.;Zeitschrift für das Gymnasialwesen;1875;;;29, N.F. 9;;;;;669-676;;https://mdz-nbn-resolving.de/details:bsb11315660;Greifswald;Berlin;Rezension;Zeitschriftenartikel;;;Greifswald;Berlin
Z_R_1875_FRI_0330;O.;Frick;Deutsche Gedichte. Zum Schulgebrauche. 1871.;Zeitschrift für das Gymnasialwesen;1875;;;29, N.F. 9;;;;;288-297;;https://mdz-nbn-resolving.de/details:bsb11315660;Rinteln;Berlin;Rezension;Zeitschriftenartikel;;;Rinteln;Berlin
Z_R_1876_FIE_0331;W.;Fielitz;Naumann, Die Jungfrau von Orleans.;Zeitschrift für das Gymnasialwesen;1876;;;30, N.F. 10;;;;;223-231;;https://mdz-nbn-resolving.de/details:bsb11333584;Stralsund;Berlin;Rezension;Zeitschriftenartikel;;;Stralsund;Berlin
Z_R_1877_VOI_0332;[unknown];Voigt;Hiecke, Deutsches Lesebuch, 3 Bde. für untere, mittlere und obere Klassen von Gymnasien und Realschulen [8., 9., 4. Auflage];Zeitschrift für das Gymnasialwesen;1877;;;31, N.F. 11;;;;;290-302;;https://mdz-nbn-resolving.de/details:bsb11357238;;Berlin;Rezension;Zeitschriftenartikel;;;;Berlin
Z_R_1877_VOI_0333;[unknown];Voigt;Schauenburg und Hucke, Deutsches Lesebuch für die Oberklassen höherer Schulen. 1877.;Zeitschrift für das Gymnasialwesen;1877;;;31, N.F. 11;;;;;302;;https://mdz-nbn-resolving.de/details:bsb11357238;;Berlin;Rezension;Zeitschriftenartikel;;;;Berlin
Z_R_1877_VOI_0334;[unknown];Voigt;Schultz, Deutsches Lesebuch für höhere Lehranstalten. 1. Theil für die unteren und mittleren Klassen. 1875.;Zeitschrift für das Gymnasialwesen;1877;;;31, N.F. 11;;;;;302;;https://mdz-nbn-resolving.de/details:bsb11357238;;Berlin;Rezension;Zeitschriftenartikel;;;;Berlin
Z_R_1877_VOI_0335;[unknown];Voigt;Pauli, Deutsches Lesebuch für die oberen Klassen höherer Lehranstalten. 1875.;Zeitschrift für das Gymnasialwesen;1877;;;31, N.F. 11;;;;;303;;https://mdz-nbn-resolving.de/details:bsb11357238;;Berlin;Rezension;Zeitschriftenartikel;;;;Berlin
Z_R_1877_MLL_0336;H.;Müller;Blümer, Lessings Laokoon;Zeitschrift für das Gymnasialwesen;1877;;;31, N.F. 11;;;;;441-453;;https://mdz-nbn-resolving.de/details:bsb11357238;Illfeld;Berlin;Rezension;Zeitschriftenartikel;;;Illfeld;Berlin
Z_R_1877_KLI_0337;[unknown];Klix;Schmid, Encyklopädie des gesammten Erziehungs- und Unterrichtswesens. Erster Bd. 2. Aufl.;Zeitschrift für das Gymnasialwesen;1877;;;31, N.F. 11;;;;;41-47;;https://mdz-nbn-resolving.de/details:bsb11357238;;Berlin;Rezension;Zeitschriftenartikel;;;;Berlin
Z_R_1877_ON_0338;[unknown];[unknown];Wackernagel, Geschichte der deutschen Litteratur. 2. Aufl. 1877.;Zeitschrift für das Gymnasialwesen;1877;;;31, N.F. 11;;;;;588-593;;https://mdz-nbn-resolving.de/details:bsb11357238;;Berlin;Rezension;Zeitschriftenartikel;;;;Berlin
Z_R_1877_GEB_0339;Walther;Gebhardi;Sammelrezension [Buschmann, Schwartz];Zeitschrift für das Gymnasialwesen;1877;;;31, N.F. 11;;;;;162-177;;https://mdz-nbn-resolving.de/details:bsb11357238;Meseritz;Berlin;Rezension;Zeitschriftenartikel;;;Meseritz;Berlin
Z_R_1878_JON_0340;[unknown];Jonas;Kluge, Geschichte der deutsche National-Litteratur. Zum Gebrauche an höheren Unterrichtsanstalten und zum Selbststudium. 8. Aufl. 1877.;Zeitschrift für das Gymnasialwesen;1878;;;32, N.F. 12;;;;;360-365;;https://mdz-nbn-resolving.de/details:bsb11372292;Posen;Berlin;Rezension;Zeitschriftenartikel;;;Posen;Berlin
Z_K_1879_WEN_0341;G.;Wendt;Eine neue Schrift über die wichtigsten Schulfragen;Zeitschrift für das Gymnasialwesen;1879;;;33, N.F. 13;;;;;225-231;;https://mdz-nbn-resolving.de/details:bsb11372293;;Berlin;Kommentar;Zeitschriftenartikel;;;;Berlin
Z_R_1879_JON_0342;[unknown];Jonas;Burkhardt, Geschichte der deutschen Litteratur. II. die Prosa. Für Schulen und zum Selbststudium. 1877.;Zeitschrift für das Gymnasialwesen;1879;;;33, N.F. 13;;;;;144-149;;https://mdz-nbn-resolving.de/details:bsb11372293;Posen;Berlin;Rezension;Zeitschriftenartikel;;;Posen;Berlin
Z_R_1879_LSC_0343;Hans;Löschhorn;Hahn, Deutsche Mythologie und Heldensage;Zeitschrift für das Gymnasialwesen;1879;;;33, N.F. 13;;;;;242-243;;http://opacplus.bsb-muenchen.de/title/3449430/ft/bsb11372293;Berlin;Berlin;Rezension;Zeitschriftenartikel;;;Berlin;Berlin
Z_R_1879_JON_0344;[unknown];Jonas;Menge, Geschichte der deutschen Litteratur mit besonderer Berücksichtigung der modernen Kulturbestrebungen. 1877.;Zeitschrift für das Gymnasialwesen;1879;;;33, N.F. 13;;;;;608-616;;https://mdz-nbn-resolving.de/details:bsb11372293;Posen;Berlin;Rezension;Zeitschriftenartikel;;;Posen;Berlin
Z_R_1879_HEN_0345;Emil;Henrici;Hahn, Geschichte der poetischen Litteratur der Deutschen. 9. Aufl. 1879.;Zeitschrift für das Gymnasialwesen;1879;;;33, N.F. 13;;;;;677-679;;https://mdz-nbn-resolving.de/details:bsb11372293;Berlin;Berlin;Rezension;Zeitschriftenartikel;;;Berlin;Berlin
Z_R_1879_DRA_0346;[unknown];Draheim;Hahn, Deutsche Poetik;Zeitschrift für das Gymnasialwesen;1879;;;33, N.F. 13;;;;;671-677;;https://mdz-nbn-resolving.de/details:bsb11372293;Berlin;Berlin;Rezension;Zeitschriftenartikel;;;Berlin;Berlin
Z_R_1879_GEM_0347;[unknown];Gemß;Dederding, Auswahl von Märchen;Zeitschrift für das Gymnasialwesen;1879;;;33, N.F. 13;;;;;683-685;;https://mdz-nbn-resolving.de/details:bsb11372293;Berlin;Berlin;Rezension;Zeitschriftenartikel;;;Berlin;Berlin
Z_R_1880_MLL_0348;H. F.;Müller;Schröter, Lessing's Hamburger Dramaturgie. Für die oberste Klasse höherer Lehranstalten. 1878.;Zeitschrift für das Gymnasialwesen;1880;;;34, N.F. 14;;;;;220-226;;https://mdz-nbn-resolving.de/details:bsb11619140;Illfeld;Berlin;Rezension;Zeitschriftenartikel;;;Illfeld;Berlin
Z_R_1883_ELA_0349;[unknown];Laas;Apelt. Der deutsche Aufsatz in der Prima des Gymnasiums. 1883.;Zeitschrift für das Gymnasialwesen;1883;;;37, N. F. 17;;;;;672-679;;https://mdz-nbn-resolving.de/details:bsb11619143;Straßburg;Berlin;Rezension;Zeitschriftenartikel;;;Straßburg;Berlin
Z_R_1883_JON_0350;A.;Jonas;Bindseil, Zur Methodik des deutschen Unterrichts in der Prima des Gymnasiums. 1882/83.;Zeitschrift für das Gymnasialwesen;1883;;;37, N. F. 17;;;;;545-549;;https://mdz-nbn-resolving.de/details:bsb11619143;Stettin;Berlin;Rezension;Zeitschriftenartikel;;;Stettin;Berlin
Z_R_1883_MLL_0351;F. W.;Müller;Buschmann, Lessings Hamburgische Dramaturgie für den Schulgebrauch eingerichtet. 1882.;Zeitschrift für das Gymnasialwesen;1883;;;37, N. F. 17;;;;;301-302;;https://mdz-nbn-resolving.de/details:bsb11619143;;Berlin;Rezension;Zeitschriftenartikel;;;;Berlin
Z_R_1883_MLL_0352;F. W.;Müller;Breuker, Lehrproben aus dem deutschen Unterricht;Zeitschrift für das Gymnasialwesen;1883;;;37, N. F. 17;;;;;302-306;;https://mdz-nbn-resolving.de/details:bsb11619143;;Berlin;Rezension;Zeitschriftenartikel;;;;Berlin
Z_R_1883_MLL_0353;H. F.;Müller;Egelhaaf, Grundzüg der deutschen Litteraturgeschichte. Ein Hilfsbuch für Schulen und zum Privatgebrauch. 1882.;Zeitschrift für das Gymnasialwesen;1883;;;37, N. F. 17;;;;;136-140;;https://mdz-nbn-resolving.de/details:bsb11619143;Illfeld;Berlin;Rezension;Zeitschriftenartikel;;;Illfeld;Berlin
Z_R_1883_WIL_0354;W.;Wilmanns;Funke, Goethes Hermann und Dorothea. Mit ausführlichen Erläuterungen in katechetischer Form für den Schulgebrauch und das Privatstudium. 1881.;Zeitschrift für das Gymnasialwesen;1883;;;37, N. F. 17;;;;;38-40;;https://mdz-nbn-resolving.de/details:bsb11619143;Bonn;Berlin;Rezension;Zeitschriftenartikel;;;Bonn;Berlin
Z_R_1883_LOH_0355;Th;Lohmeyer;Koths, Meyer, Schuster, Deutsches Lesebuch für höhere Lehranstalten. 1882;Zeitschrift für das Gymnasialwesen;1883;;;37, N. F. 17;;;;;233-234;;https://mdz-nbn-resolving.de/details:bsb11619143;Altena i. W.;Berlin;Rezension;Zeitschriftenartikel;;;Altena;Berlin
Z_R_1883_MLL_0356;H. F.;Müller;Schäfer, Anleitung zum deutschen Unterricht auf der untern Stufe höherer Lehranstalten. 1882.;Zeitschrift für das Gymnasialwesen;1883;;;37, N. F. 17;;;;;465-468;;https://mdz-nbn-resolving.de/details:bsb11619143;Illfeld;Berlin;Rezension;Zeitschriftenartikel;;;Illfeld;Berlin
Z_R_1883_JON_0357;R.;Jonas;Pfalz, Die deutsche Litteraturgeschichte in den Hauptzügen ihrer Entwicklung, sowie in ihren Hauptwerken dargestellt und den höheren Lehranstalten Deutschlands gewidmet. 1883.;Zeitschrift für das Gymnasialwesen;1883;;;37, N. F. 17;;;;;741-744;;https://mdz-nbn-resolving.de/details:bsb11619143;Posen;Berlin;Rezension;Zeitschriftenartikel;;;Posen;Berlin
Z_T_1881_DRA_0358;H.;Draheim;Der deutsche Unterricht in den mittleren und unteren Gymnasialklassen;Zeitschrift für das Gymnasialwesen;1881;;;35, N. F. 15;;;;;65-82;;https://mdz-nbn-resolving.de/details:bsb11619141;Berlin;Berlin;Theorie;Zeitschriftenartikel;;;Berlin;Berlin
Z_X_1881_MLL_0359;H.;Müller;Über den Unterricht in der neuhochdeutschen Litteratur auf Gymnasien. (Mit Rücksicht auf W. Herbst);Zeitschrift für das Gymnasialwesen;1881;;;35, N. F. 15;;;;;513-530;;https://mdz-nbn-resolving.de/details:bsb11619141;Illfeld;Berlin;Methodik;Zeitschriftenartikel;;;Illfeld;Berlin
Z_X_1881_MLL_0360;H.;Müller;Über den Unterricht in der neuhochdeutschen Litteratur auf Gymnasien. (Mit Rücksicht auf W. Herbst) II.;Zeitschrift für das Gymnasialwesen;1881;;;35, N. F. 15;;;;;641-650;;https://mdz-nbn-resolving.de/details:bsb11619141;Illfeld;Berlin;Methodik;Zeitschriftenartikel;;;Illfeld;Berlin
Z_X_1881_MLL_0361;H.;Müller;Über den Unterricht in der neuhochdeutschen Litteratur auf Gymnasien. (Mit Rücksicht auf W. Herbst) (Schluß);Zeitschrift für das Gymnasialwesen;1881;;;35, N. F. 15;;;;;705-720;;https://mdz-nbn-resolving.de/details:bsb11619141;Illfeld;Berlin;Methodik;Zeitschriftenartikel;;;Illfeld;Berlin
Z_R_1881_WEG_0362;Ph.;Wegener;Herbst, Hülfsbuch für die dEutsche Litteraturgeschichte zum Gebrauch der oberen Klassen der Gymnasien und Realschulen. 1879.;Zeitschrift für das Gymnasialwesen;1881;;;35, N. F. 15;;;;;302-305;;https://mdz-nbn-resolving.de/details:bsb11619141;Magdeburg;Berlin;Rezension;Zeitschriftenartikel;;;Magdeburg;Berlin
Z_R_1881_LOH_0363;[unknown];Lohmeyer;Koths, Meyer, Schuster, Deutsches Lesebuch für höhere Lehranstalten. 3. und 4. Teil.;Zeitschrift für das Gymnasialwesen;1881;;;35, N. F. 15;;;;;216-222;;https://mdz-nbn-resolving.de/details:bsb11619141;Altena i. W.;Berlin;Rezension;Zeitschriftenartikel;;;Altena;Berlin
Z_R_1881_KLI_0364;G. A.;Klix;Schmid, Encykloädie des gesammten Erziehungs- und Unterrichtswesens. Bd. 2. u. 3. 2. Aufl.;Zeitschrift für das Gymnasialwesen;1881;;;35, N. F. 15;;;;;292-301;;https://mdz-nbn-resolving.de/details:bsb11619141;Berlin;Berlin;Rezension;Zeitschriftenartikel;;;Berlin;Berlin
Z_R_1881_HOL_0365;W.;Hollenberg;Worbs, Deutsches Lesebuh für die oberen Klassen höherer Lehranstalten. 1878.;Zeitschrift für das Gymnasialwesen;1881;;;35, N. F. 15;;;;;352-359;;https://mdz-nbn-resolving.de/details:bsb11619141;Saarbrücken;Berlin;Rezension;Zeitschriftenartikel;;;Saarbrücken;Berlin
Z_T_1882_MLL_0366;[unknown];Müller. H.;Gegen das Übermaß der Forderungen an den deutschen Unterricht;Zeitschrift für das Gymnasialwesen;1882;;;36, N.F. 16;;;;;410-417;;https://mdz-nbn-resolving.de/details:bsb11619142;Illfeld;Berlin;Theorie;Zeitschriftenartikel;;;Illfeld;Berlin
Z_M_1882_ZOE_0367;Max;Zoeller;Über die Behandlung des deutschen Aufsatzes in den oberen Klassen unserer höheren Schulen;Zeitschrift für das Gymnasialwesen;1882;;;36, N.F. 16;;;;;593-622;;https://mdz-nbn-resolving.de/details:bsb11619142;Colmar i. E.;Berlin;Methodik;Zeitschriftenartikel;;;Kolmar;Berlin
Z_R_1882_DRA_0368;H.;Draheim;Biudel, Hülfsmittel für den deutsche nUnterricht in der Tertia der höheren Lehranstalten. 1881.;Zeitschrift für das Gymnasialwesen;1882;;;36, N.F. 16;;;;;457-465;;https://mdz-nbn-resolving.de/details:bsb11619142;Berlin;Berlin;Rezension;Zeitschriftenartikel;;;Berlin;Berlin
Z_R_1882_SHR_0369;Otto;Shroeder;Hartung, Themata zu deutshcen Aufsätzen für die mittelren und oberen Klassen höherer Lehranstalten jeder Art. 1881.;Zeitschrift für das Gymnasialwesen;1882;;;36, N.F. 16;;;;;465-467;;https://mdz-nbn-resolving.de/details:bsb11619142;Berlin;Berlin;Rezension;Zeitschriftenartikel;;;Berlin;Berlin
Z_R_1882_MLL_0370;H. F.;Müller;Herbst, Hilfsbuch für die deutsche Litteraturgeschichte zum Gebrauche der obersten Klassen der Gymnasien und Realschulen. 1881.;Zeitschrift für das Gymnasialwesen;1882;;;36, N.F. 16;;;;;469-471;;https://mdz-nbn-resolving.de/details:bsb11619142;Illfeld;Berlin;Rezension;Zeitschriftenartikel;;;Illfeld;Berlin
Z_R_1882_MLL_0371;H. F.;Müller;Hahn, Deutsche Litteraturgeschichte in Tabellen. Handbuch für den Schulgebrauch. 3. Aufl. 1881.;Zeitschrift für das Gymnasialwesen;1882;;;36, N.F. 16;;;;;568-569;;https://mdz-nbn-resolving.de/details:bsb11619142;Illfeld;Berlin;Rezension;Zeitschriftenartikel;;;Illfeld;Berlin
Z_R_1882_MLL_0372;H. F.;Müller;Jonas, Musterstücke deutscher Prosa. Ein Lesebuch für die oberen Klassen höherer Lehranstalten. 1882.;Zeitschrift für das Gymnasialwesen;1882;;;36, N.F. 16;;;;;569-573;;https://mdz-nbn-resolving.de/details:bsb11619142;Illfeld;Berlin;Rezension;Zeitschriftenartikel;;;Illfeld;Berlin
Z_R_1882_HOL_0373;W.;Hollenberg;Bellermann, Jonas, Imelmann, Deutsches Lesebuch für höhere Lehranstalten. 1881.;Zeitschrift für das Gymnasialwesen;1882;;;36, N.F. 16;;;;;235-237;;https://mdz-nbn-resolving.de/details:bsb11619142;Saarbrücken;Berlin;Rezension;Zeitschriftenartikel;;;Saarbrücken;Berlin
Z_R_1882_JON_0374;R.;Jonas;Zurborg, Hundert Themata für deutsche Aufsätze. 1881.;Zeitschrift für das Gymnasialwesen;1882;;;36, N.F. 16;;;;;241-243;;https://mdz-nbn-resolving.de/details:bsb11619142;Posen;Berlin;Rezension;Zeitschriftenartikel;;;Posen;Berlin
Z_R_1882_JON_0375;R.;Jonas;Deinhardt, Beiträge zur Dispositionslehre. 1881.;Zeitschrift für das Gymnasialwesen;1882;;;36, N.F. 16;;;;;243-244;;https://mdz-nbn-resolving.de/details:bsb11619142;Posen;Berlin;Rezension;Zeitschriftenartikel;;;Posen;Berlin
Z_R_1882_HOL_0376;W.;Hollenberg;Wendt, Deutsches Lesebuch. 1. Teil für die beiden unteren Klassen der Gymnasien und Realschulen. 1882;Zeitschrift für das Gymnasialwesen;1882;;;36, N.F. 16;;;;;367-368;;https://mdz-nbn-resolving.de/details:bsb11619142;Saarbrücken;Berlin;Rezension;Zeitschriftenartikel;;;Saarbrücken;Berlin
Z_M_1885_BAU_0377;W.;Bauder;Praktische Vorschläge zur Regelung und Überwachung der häuslichen Lektüre unserer Schüler;Zeitschrift für das Gymnasialwesen;1885;;;39, N.F. 19;;;;;209-213;;https://mdz-nbn-resolving.de/details:bsb11619145;Homburg;Berlin;Methodik;Zeitschriftenartikel;;;Homburg;Berlin
Z_T_1885_LEH_0378;Rudolf;Lehmann;Zur deutschen Lektüre in der Tertia;Zeitschrift für das Gymnasialwesen;1885;;;39, N.F. 19;;;;;529-547;;https://mdz-nbn-resolving.de/details:bsb11619145;Berlin;Berlin;Theorie;Zeitschriftenartikel;;;Berlin;Berlin
Z_R_1885_JON_0379;R.;Jonas;Bellermann, Jonas, Imelmann, Suphan, Deutsches Lesebuch für höhere Lehranstsalten. 2. Teil. 1882. 3. Teil. 1882.;Zeitschrift für das Gymnasialwesen;1885;;;39, N.F. 19;;;;;318-322;;https://mdz-nbn-resolving.de/details:bsb11619145;Posen;Berlin;Rezension;Zeitschriftenartikel;;;Posen;Berlin
Z_R_1885_JON_0380;R.;Jonas;Bindseil, Zur Methodik des deutschen Unterrichts in der Prima des Gymnasiums. 1885.;Zeitschrift für das Gymnasialwesen;1885;;;39, N.F. 19;;;;;765-766;;https://mdz-nbn-resolving.de/details:bsb11619145;Posen;Berlin;Rezension;Zeitschriftenartikel;;;Posen;Berlin
Z_R_1885_BLA_0381;C.;Blasendorff;Dorenwell, Der deutsche Aufsatz in den unteren und mittleren Klassen höherer Lehranstalten, sowie in Mittel- und Bürgerschulen. Zweiter Teil. 1884.;Zeitschrift für das Gymnasialwesen;1885;;;39, N.F. 19;;;;;567-570;;https://mdz-nbn-resolving.de/details:bsb11619145;Pyritz;Berlin;Rezension;Zeitschriftenartikel;;;Pyritz;Berlin
Z_R_1885_KUN_0382;F.;Kuntze;Günther, Die deutsche Heldensage des Mittelalters. 3. Aufl.;Zeitschrift für das Gymnasialwesen;1885;;;39, N.F. 19;;;;;370-382;;https://mdz-nbn-resolving.de/details:bsb11619145;Karlsruhe;Berlin;Rezension;Zeitschriftenartikel;;;Karlsruhe;Berlin
Z_R_1885_LEH_0383;Rudolf;Lehmann;Hessel, Mustergedichte. Zum Gebrauch in Schulen, Lehrer- und Lehrerinnen-Bildungsanstalten. Ders., Musterprosa. Zum Schulgebrauch ausgewählt.;Zeitschrift für das Gymnasialwesen;1885;;;39, N.F. 19;;;;;464-466;;https://mdz-nbn-resolving.de/details:bsb11619145;Berlin;Berlin;Rezension;Zeitschriftenartikel;;;Berlin;Berlin
Z_R_1885_SEI_0384;h.;Seidel;Kluge, Geschichte der deutschen National-Litteratur. 15. Aufl. 1884.;Zeitschrift für das Gymnasialwesen;1885;;;39, N.F. 19;;;;;51-54;;https://mdz-nbn-resolving.de/details:bsb11619145;Breslau;Berlin;Rezension;Zeitschriftenartikel;;;Breslau;Berlin
Z_R_1885_SCH_0385;Johannes;Schmidt;Sanden, Schillers lyrisch-didaktische Dichtungen für die Schule. 1885;Zeitschrift für das Gymnasialwesen;1885;;;39, N.F. 19;;;;;626-627;;https://mdz-nbn-resolving.de/details:bsb11619145;Berlin;Berlin;Rezension;Zeitschriftenartikel;;;Berlin;Berlin
Z_R_1885_JON_0386;R.;Jonas;Scherer, Geschichte der deutschen Litteratur. 3. Aufl. 1885.;Zeitschrift für das Gymnasialwesen;1885;;;39, N.F. 19;;;;;627-629;;https://mdz-nbn-resolving.de/details:bsb11619145;Posen;Berlin;Rezension;Zeitschriftenartikel;;;Posen;Berlin
Z_R_1885_ZER_0387;U.;Zernial;Schuster, Lehrbuch der Poetik für höhere Lehranstalten. 2. Aufl.;Zeitschrift für das Gymnasialwesen;1885;;;39, N.F. 19;;;;;621-625;;https://mdz-nbn-resolving.de/details:bsb11619145;Berlin;Berlin;Rezension;Zeitschriftenartikel;;;Berlin;Berlin
Z_T_1884_BAU_0388;Franz;Bauer;Über den Wert und Nutzen deutscher Nacherzählungen;Zeitschrift für das Gymnasialwesen;1884;;;38, N.F. 18;;;;;346-355;;https://mdz-nbn-resolving.de/details:bsb11619144;Brünn;Berlin;Theorie;Zeitschriftenartikel;;;Brünn;Berlin
Z_M_1884_LEH_0389;Rudolf;Lehmann;Die Methodik des deutschen Unterrichts in Tertia;Zeitschrift für das Gymnasialwesen;1884;;;38, N.F. 18;;;;;321-346;;https://mdz-nbn-resolving.de/details:bsb11619144;Berlin;Berlin;Methodik;Zeitschriftenartikel;;;Berlin;Berlin
Z_R_1884_JON_0390;R.;Jonas;Bindel, Dispositionen zu deutshcen Aufsätzen für die Tertia. 1884.;Zeitschrift für das Gymnasialwesen;1884;;;38, N.F. 18;;;;;619-620;;https://mdz-nbn-resolving.de/details:bsb11619144;Posen;Berlin;Rezension;Zeitschriftenartikel;;;Posen;Berlin
Z_R_1884_MLL_0391;H. F.;Müller;Dorenwell, Der deutsche Aufsatz in den unteren und mittleren Klassen höherer Lehranstalten, sowie in Bürger- und Mittelschulen. Erster Teil. 1883.;Zeitschrift für das Gymnasialwesen;1884;;;38, N.F. 18;;;;;149;;https://mdz-nbn-resolving.de/details:bsb11619144;Braunschweig;Berlin;Rezension;Zeitschriftenartikel;;;Braunschweig;Berlin
Z_R_1884_KLU_0392;J.;Kluth;Hense, Deutsches Lesebuch für die oberen Klassen höherer Lehranstalten. Erster Teil: Dichtung des Mittelalters. 1884.;Zeitschrift für das Gymnasialwesen;1884;;;38, N.F. 18;;;;;556-559;;https://mdz-nbn-resolving.de/details:bsb11619144;Eberswalde;Berlin;Rezension;Zeitschriftenartikel;;;Eberswalde;Berlin
Z_R_1884_JON_0393;R.;Jonas;Herzog, Stoff zu stilistischen Übungen in der Muttersprache für mittlere und höhere Lehranstalten. 1884.;Zeitschrift für das Gymnasialwesen;1884;;;38, N.F. 18;;;;;235-236;;https://mdz-nbn-resolving.de/details:bsb11619144;Posen;Berlin;Rezension;Zeitschriftenartikel;;;Posen;Berlin
Z_R_1884_JON_0394;R.;Jonas;Leuchtenberger, Dispositionen zu deutschen Aufsätzen und Vorträgen für die oberen Klassen höherer Lehranstalten. 1883.;Zeitschrift für das Gymnasialwesen;1884;;;38, N.F. 18;;;;;237;;https://mdz-nbn-resolving.de/details:bsb11619144;Posen;Berlin;Rezension;Zeitschriftenartikel;;;Posen;Berlin
Z_R_1884_WIL_0395;W.;Wilmanns;Kern, Zur Methodik des deutschen Unterrichts. 1883.;Zeitschrift für das Gymnasialwesen;1884;;;38, N.F. 18;;;;;288-295;;https://mdz-nbn-resolving.de/details:bsb11619144;Bonn;Berlin;Rezension;Zeitschriftenartikel;;;Bonn;Berlin
Z_R_1884_JON_0396;R.;Jonas;Pfalz, Die deutsche Litteraturgeschichte in den Hauptzügen ihrer Entwicklung sowie in ihren Hauptwerken dargestellt und den höheren Lehranstalten Deutschlands gewidmet. II. Teil. 1883.;Zeitschrift für das Gymnasialwesen;1884;;;38, N.F. 18;;;;;488-491;;https://mdz-nbn-resolving.de/details:bsb11619144;Posen;Berlin;Rezension;Zeitschriftenartikel;;;Posen;Berlin
Z_M_1886_HEI_0397;Alb.;Heintze;Die Einrichtung von Schüler-Bibliotheken;Zeitschrift für das Gymnasialwesen;1886;;;40, N.F. 20;;;;;321-331;;https://mdz-nbn-resolving.de/details:bsb11619146;Stolp;Berlin;Methodik;Zeitschriftenartikel;;;Stolp;Berlin
Z_L_1886_LEH_0398;Rudolf;Lehmann;Grundzüge des Lehrplans für die deutsche Lektüre;Zeitschrift für das Gymnasialwesen;1886;;;40, N.F. 20;;;;;577-594;;https://mdz-nbn-resolving.de/details:bsb11619146;Berlin;Berlin;Lehrplan;Zeitschriftenartikel;;;Berlin;Berlin
Z_T_1886_MLL_0399;H. F.;Müller;Deutsche Dramen als Schullektüre;Zeitschrift für das Gymnasialwesen;1886;;;40, N.F. 20;;;;;385-398;;https://mdz-nbn-resolving.de/details:bsb11619146;Blankenburg;Berlin;Theorie;Zeitschriftenartikel;;;Blankenburg;Berlin
Z_E_1886_SCH_0400;Otto;Schroeder;"Das ""Märchenhafte"" in Schillers Wilhelm Tell";Zeitschrift für das Gymnasialwesen;1886;;;40, N.F. 20;;;;;398-403;;https://mdz-nbn-resolving.de/details:bsb11619146;Berlin;Berlin;Erläuterung;Zeitschriftenartikel;;;Berlin;Berlin
Z_T_1886_WEN_0401;G.;Wendt;Der Lehrstoff des deutschen Unterrichts in Prima;Zeitschrift für das Gymnasialwesen;1886;;;40, N.F. 20;;;;;257-264;;https://mdz-nbn-resolving.de/details:bsb11619146;Karlsruhe;Berlin;Theorie;Zeitschriftenartikel;;;Karlsruhe;Berlin
Z_R_1886_KLU_0402;L.;Kluth;Buschmann, Deutsches Lesebuch für die Oberklassen höherer Lehranstalten. 3. Aufl. 1885.;Zeitschrift für das Gymnasialwesen;1886;;;40, N.F. 20;;;;;606-610;;https://mdz-nbn-resolving.de/details:bsb11619146;Eberswalde;Berlin;Rezension;Zeitschriftenartikel;;;Eberswalde;Berlin
Z_R_1886_KLU_0403;L.;Kluth;Buschmann, Deutsches Lesebuch für die unteren und mittleren Klassen höherer Lehranstalten. 1885.;Zeitschrift für das Gymnasialwesen;1886;;;40, N.F. 20;;;;;610-611;;https://mdz-nbn-resolving.de/details:bsb11619146;Eberswalde;Berlin;Rezension;Zeitschriftenartikel;;;Eberswalde;Berlin
Z_R_1886_KLU_0404;L.;Kluth;Linnig, Deutsches Lesebuch. Erster Teil. 7. Aufl. 1885.;Zeitschrift für das Gymnasialwesen;1886;;;40, N.F. 20;;;;;611-612;;https://mdz-nbn-resolving.de/details:bsb11619146;Eberswalde;Berlin;Rezension;Zeitschriftenartikel;;;Eberswalde;Berlin
Z_R_1886_NAU_0405;Ernst;Naumann;Otto Lyon, Handbuch der deutschen Sprache für höhere Schulen. Sexta bis Tertia. 1885.;Zeitschrift für das Gymnasialwesen;1886;;;40, N.F. 20;;;;;603-606;;https://mdz-nbn-resolving.de/details:bsb11619146;Berlin;Berlin;Rezension;Zeitschriftenartikel;;;Berlin;Berlin
Z_R_1886_KLU_0406;L.;Kluth;Wendt, Deutsches Lesebuch. I. Teil. II. Teil. 1882.;Zeitschrift für das Gymnasialwesen;1886;;;40, N.F. 20;;;;;121-126;;https://mdz-nbn-resolving.de/details:bsb11619146;Eberswalde;Berlin;Rezension;Zeitschriftenartikel;;;Eberswalde;Berlin
Z_R_1886_HOL_0407;W.;Hollenberg;Worbs, Deutsches Lesebuch für die oberen Klassen höherer Lehranstalten. 2. Aufl. 1885.;Zeitschrift für das Gymnasialwesen;1886;;;40, N.F. 20;;;;;126-127;;https://mdz-nbn-resolving.de/details:bsb11619146;Kreuznach;Berlin;Rezension;Zeitschriftenartikel;;;Kreuznach;Berlin
Z_R_1886_JON_0408;R.;Jonas;Ziegeler, Dispositionen zu deutschen Aufsätzen für Tertia und Untersekunda. 1886;Zeitschrift für das Gymnasialwesen;1886;;;40, N.F. 20;;;;;458-459;;https://mdz-nbn-resolving.de/details:bsb11619146;Posen;Berlin;Rezension;Zeitschriftenartikel;;;Posen;Berlin
Z_R_1886_JON_0409;R.;Jonas;Hoffmann, Materialien und Dispositionen zu deutschen Aufsätzen für die oberen Klassen höherer Lehranstalten. 1885.;Zeitschrift für das Gymnasialwesen;1886;;;40, N.F. 20;;;;;459-461;;https://mdz-nbn-resolving.de/details:bsb11619146;Posen;Berlin;Rezension;Zeitschriftenartikel;;;Posen;Berlin
Z_R_1887_GER_0410;W.;Gerberding;Bellermann, Imelmann, Jonas, Suphan, Deutsches Lesebuch für höhere Lehranstalten. Vorschule, Unter- und Oberstufe. 1885.;Zeitschrift für das Gymnasialwesen;1887;;;41, N.F. 21;;;;;217-230;;https://mdz-nbn-resolving.de/details:bsb11619148;Berlin;Berlin;Rezension;Zeitschriftenartikel;;;Berlin;Berlin
Z_R_1887_LEH_0411;Rudolf;Lehmann;Laas, Der deutsche Unterricht auf höheren Lehranstalten. 2. Aufl. 1886.;Zeitschrift für das Gymnasialwesen;1887;;;41, N.F. 21;;;;;286-287;;https://mdz-nbn-resolving.de/details:bsb11619148;Berlin;Berlin;Rezension;Zeitschriftenartikel;;;Berlin;Berlin
Z_R_1887_JON_0412;R.;Jonas;Bellermann, Imelmann, Jonas, Suphan, Deutsches Lesebuch für höhere Lehranstalten. 5. Teil. Ober-Tertia. 1886.;Zeitschrift für das Gymnasialwesen;1887;;;41, N.F. 21;;;;;287-288;;https://mdz-nbn-resolving.de/details:bsb11619148;Posen;Berlin;Rezension;Zeitschriftenartikel;;;Posen;Berlin
Z_R_1887_WAG_0413;F.;Wagner;Ellendt, Katalog für die Schülerbibliotheken höherer Lehranstalten nach Stufen und nach Wissenschaft geordnet. 3. Aufl. 1886.;Zeitschrift für das Gymnasialwesen;1887;;;41, N.F. 21;;;;;771-772;;https://mdz-nbn-resolving.de/details:bsb11619148;Berlin;Berlin;Rezension;Zeitschriftenartikel;;;Berlin;Berlin
Z_R_1887_ZER_0414;U.;Zernial;Fromme, Dispositionen zu deutschen Aufsätzen. 1886.;Zeitschrift für das Gymnasialwesen;1887;;;41, N.F. 21;;;;;473-475;;https://mdz-nbn-resolving.de/details:bsb11619148;Berlin;Berlin;Rezension;Zeitschriftenartikel;;;Berlin;Berlin
Z_R_1887_BOE_0415;G.;Boetticher;Hahn, Odin und sein Reich. 1887.;Zeitschrift für das Gymnasialwesen;1887;;;41, N.F. 21;;;;;629-631;;https://mdz-nbn-resolving.de/details:bsb11619148;Schöneberg bei Berlin;Berlin;Rezension;Zeitschriftenartikel;;;Berlin-Schöneberg;Berlin
Z_R_1887_BOE_0416;G.;Boetticher;Henrici, Das deutsche Heldenbuch;Zeitschrift für das Gymnasialwesen;1887;;;41, N.F. 21;;;;;568-569;;https://mdz-nbn-resolving.de/details:bsb11619148;Schöneberg bei Berlin;Berlin;Rezension;Zeitschriftenartikel;;;Berlin-Schöneberg;Berlin
Z_R_1887_BOE_0417;G.;Boetticher;"Klaucke, Zur Erklärung deutscher Dramen in den oberen Klassen höherer Lehranstalten. 1886; Ders., Erläuterungen ausgewählter Werke Goethes. Für die oberen Klassen höherer Lehranstalten. Erstes Heft: Götz von Berlichingen. 1886.";Zeitschrift für das Gymnasialwesen;1887;;;41, N.F. 21;;;;;150-151;;https://mdz-nbn-resolving.de/details:bsb11619148;Schöneberg bei Berlin;Berlin;Rezension;Zeitschriftenartikel;;;Berlin-Schöneberg;Berlin
Z_R_1887_MLL_0418;H. F.;Müller;Klaucke, Erläuterungen ausgewählter Werke Goethes. Für die obersten Klassen höherer Lehranstalten. Zweites Heft: Egmont. 1887;Zeitschrift für das Gymnasialwesen;1887;;;41, N.F. 21;;;;;362-365;;https://mdz-nbn-resolving.de/details:bsb11619148;Berlin;Berlin;Rezension;Zeitschriftenartikel;;;Berlin;Berlin
Z_K_1887_LEH_0419;Rudolf;Lehmann;Linnig, Der deutsche Aufsatz in Lehre und Beispiel für die mittleren und oberen Klassen höherer Lehranstalten. 5. Aufl. 1886.;Zeitschrift für das Gymnasialwesen;1887;;;41, N.F. 21;;;;;564-565;;https://mdz-nbn-resolving.de/details:bsb11619148;Berlin;Berlin;Kommentar;Zeitschriftenartikel;;;Berlin;Berlin
Z_K_1887_HFM_0420;[unknown];H. F. Müller;Grosse, Das Ideal und das Leben von Schiller. Zum Schulgebrauch erklärt. 1886.;Zeitschrift für das Gymnasialwesen;1887;;;41, N.F. 21;;;;;151-152;;https://mdz-nbn-resolving.de/details:bsb11619148;Blankenburg;Berlin;Kommentar;Zeitschriftenartikel;;;Blankenburg;Berlin
Z_K_1887_BOE_0421;G.;Boetticher;Schmidt, Der Götterhimmel der Germanen.;Zeitschrift für das Gymnasialwesen;1887;;;41, N.F. 21;;;;;152-154;;https://mdz-nbn-resolving.de/details:bsb11619148;Schöneberg bei Berlin;Berlin;Kommentar;Zeitschriftenartikel;;;Berlin-Schöneberg;Berlin
Z_R_1888_NAU_0422;Ernst;Naumann;Albers, Lebensbilder aus der deutschen Götter- und Heldensage. 1887.;Zeitschrift für das Gymnasialwesen;1888;;;42, N.F. 22;;;;;689-690;;https://mdz-nbn-resolving.de/details:bsb11619149;Berlin;Berlin;Rezension;Zeitschriftenartikel;;;Berlin;Berlin
Z_R_1888_MLL_0423;H. F.;Müller;Deiter, Schillers Don Karlos für den Schul- und Selbstunterricht erläutert. 1887.;Zeitschrift für das Gymnasialwesen;1888;;;42, N.F. 22;;;;;372-376;;https://mdz-nbn-resolving.de/details:bsb11619149;Berlin;Berlin;Rezension;Zeitschriftenartikel;;;Berlin;Berlin
Z_R_1888_MLL_0424;H. F.;Müller;Eysell, Schillers Jungfrau von Orleans neu erklärt. 1886.;Zeitschrift für das Gymnasialwesen;1888;;;42, N.F. 22;;;;;231-233;;https://mdz-nbn-resolving.de/details:bsb11619149;Berlin;Berlin;Rezension;Zeitschriftenartikel;;;Berlin;Berlin
Z_R_1888_MLL_0425;H. F.;Müller;Zürn, Goethes Egmont. Mit ausführlichen Erläuterungen für den Schulgebrauch und das Privatstudium. 1886.;Zeitschrift für das Gymnasialwesen;1888;;;42, N.F. 22;;;;;233-235;;https://mdz-nbn-resolving.de/details:bsb11619149;Berlin;Berlin;Rezension;Zeitschriftenartikel;;;Berlin;Berlin
Z_R_1888_NAU_0426;Ernst;Naumann;Frick, Polack, Aus deutschen Lesebüchern. Epische, lyrische und dramatische Dichtungen, erläutert für die Oberklassen der oberen Schulen und das deutsche Haus. 4. Band.;Zeitschrift für das Gymnasialwesen;1888;;;42, N.F. 22;;;;;557-567;;https://mdz-nbn-resolving.de/details:bsb11619149;Friedenau bei Berlin;Berlin;Rezension;Zeitschriftenartikel;;;Berlin-Friedenau;Berlin
Z_R_1888_KLU_0427;L.;Kluth;Hense, Deutsches Lesebuch für die oberen Klassen höherer Lehranstalten. Zweiter Teil. 1887.;Zeitschrift für das Gymnasialwesen;1888;;;42, N.F. 22;;;;;377-379;;https://mdz-nbn-resolving.de/details:bsb11619149;Eberswalde;Berlin;Rezension;Zeitschriftenartikel;;;Eberswalde;Berlin
Z_R_1888_KLU_0428;L.;Kluth;Linnig, Deutsches Lesebuch. Zweiter Teil. Für die mittleren Klassen höherer Lehranstalten einschließlich Sekunda. 5. Aufl. 1886.;Zeitschrift für das Gymnasialwesen;1888;;;42, N.F. 22;;;;;379-381;;https://mdz-nbn-resolving.de/details:bsb11619149;Eberswalde;Berlin;Rezension;Zeitschriftenartikel;;;Eberswalde;Berlin
Z_R_1888_KLU_0429;L.;Kluth;Schmidt, Deutsches Lesebuch für die unteren und mittleren Klassen höherer Lehranstalten. 1887.;Zeitschrift für das Gymnasialwesen;1888;;;42, N.F. 22;;;;;381-382;;https://mdz-nbn-resolving.de/details:bsb11619149;Eberswalde;Berlin;Rezension;Zeitschriftenartikel;;;Eberswalde;Berlin
Z_R_1888_GRO_0430;A.;Gronau;Lange, Deutsche Götter- und Heldensagen. Für Haus und Schule nach den besten Quellen dargestellt. 1887.;Zeitschrift für das Gymnasialwesen;1888;;;42, N.F. 22;;;;;474-481;;https://mdz-nbn-resolving.de/details:bsb11619149;Schwelz a. W.;Berlin;Rezension;Zeitschriftenartikel;;;Schwelz a. W.;Berlin
Z_T_1889_MAT_0431;A.;Matthias;Deutsches Lesebuch in Prima oder nicht?;Zeitschrift für das Gymnasialwesen;1889;;;43, N.F. 23;;;;;641-652;;https://mdz-nbn-resolving.de/details:bsb11619150;Düsseldorf;Berlin;Theorie;Zeitschriftenartikel;;;Düsseldorf;Berlin
Z_M_1889_WET_0432;Paul;Wetzel;Zur Bedeutung der Frage bei der Behandlung deutscher Gedichte im Unterricht;Zeitschrift für das Gymnasialwesen;1889;;;43, N.F. 23;;;;;705-713;;https://mdz-nbn-resolving.de/details:bsb11619150;Berlin;Berlin;Methodik;Zeitschriftenartikel;;;Berlin;Berlin
Z_R_1889_WIN_0433;R.;Windel;Bötticher, Kinzel, Denkmäler der älteren deutschen Litteratur für den litteraturgeschichtlichen Unterricht an höheren Lehranstalten. H. 1. H. 3. 1889.;Zeitschrift für das Gymnasialwesen;1889;;;43, N.F. 23;;;;;617-620;;https://mdz-nbn-resolving.de/details:bsb11619150;Halle;Berlin;Rezension;Zeitschriftenartikel;;;Halle;Berlin
Z_R_1889_NAU_0434;Ernst;Naumann;Engelmann, Mittelhochdeutsches Lesebuch. 4. Aufl. 1887.;Zeitschrift für das Gymnasialwesen;1889;;;43, N.F. 23;;;;;373-374;;https://mdz-nbn-resolving.de/details:bsb11619150;Berlin;Berlin;Rezension;Zeitschriftenartikel;;;Berlin;Berlin
Z_R_1889_NAU_0435;Ernst;Naumann;Conrads, Altdeutsches Lesebuch in neudetuschen Übersetzungen. 1889.;Zeitschrift für das Gymnasialwesen;1889;;;43, N.F. 23;;;;;374-375;;https://mdz-nbn-resolving.de/details:bsb11619150;Berlin;Berlin;Rezension;Zeitschriftenartikel;;;Berlin;Berlin
Z_R_1889_MLL_0436;H. F.;Müller;"Grosse, Zur Erklärung von Schillers Gedichten ""Das Ideal und das Leben"" und ""Würde der Frauen"". 1889.";Zeitschrift für das Gymnasialwesen;1889;;;43, N.F. 23;;;;;548-549;;https://mdz-nbn-resolving.de/details:bsb11619150;Blankenburg;Berlin;Rezension;Zeitschriftenartikel;;;Blankenburg;Berlin
Z_R_1889_MLL_0437;H. F.;Müller;Kern, Goethes Lyrik ausgewählt und erklärt für die oberen Klassen höherer Schulen. 1889.;Zeitschrift für das Gymnasialwesen;1889;;;43, N.F. 23;;;;;549-552;;https://mdz-nbn-resolving.de/details:bsb11619150;Blankenburg;Berlin;Rezension;Zeitschriftenartikel;;;Blankenburg;Berlin
Z_R_1889_MLL_0438;H. F.;Müller;Maydorn, Hilfsbücher für den deutsche Unterricht. 1889.;Zeitschrift für das Gymnasialwesen;1889;;;43, N.F. 23;;;;;552;;https://mdz-nbn-resolving.de/details:bsb11619150;Blankenburg;Berlin;Rezension;Zeitschriftenartikel;;;Blankenburg;Berlin
Z_R_1889_MLL_0439;H. F.;Müller;Klaucke, Erläuterungen ausgewählter Werke Goethes. Drittes Heft: Iphigenie auf Tauris. 1888.;Zeitschrift für das Gymnasialwesen;1889;;;43, N.F. 23;;;;;133-134;;https://mdz-nbn-resolving.de/details:bsb11619150;Blankenburg;Berlin;Rezension;Zeitschriftenartikel;;;Blankenburg;Berlin
Z_R_1889_MLL_0440;H. F.;Müller;Methner, Poesie und Prosa, ihre Arten und Formen. 1889.;Zeitschrift für das Gymnasialwesen;1889;;;43, N.F. 23;;;;;134-135;;https://mdz-nbn-resolving.de/details:bsb11619150;Blankenburg;Berlin;Rezension;Zeitschriftenartikel;;;Blankenburg;Berlin
Z_R_1889_NAU_0441;Ernst;Naumann;Rappold, Die am Gymnasium auswendig zu lernenden Gedichte. 1888.;Zeitschrift für das Gymnasialwesen;1889;;;43, N.F. 23;;;;;138;;https://mdz-nbn-resolving.de/details:bsb11619150;Berlin;Berlin;Rezension;Zeitschriftenartikel;;;Berlin;Berlin
Z_R_1889_LEU_0442;G.;Leuchtenberg;Zürn, Heinrich von Kleists Hermannsschlacht. Ein Drama. Für Schule und Haus erklärt. 1888.;Zeitschrift für das Gymnasialwesen;1889;;;43, N.F. 23;;;;;139-141;;https://mdz-nbn-resolving.de/details:bsb11619150;Erfurt;Berlin;Rezension;Zeitschriftenartikel;;;Erfurt;Berlin
Z_R_1889_JON_0443;Anton;Jonas;Koch, Über Zweck und Ziel des deutschen Aufsatzes. 1889.;Zeitschrift für das Gymnasialwesen;1889;;;43, N.F. 23;;;;;687-689;;https://mdz-nbn-resolving.de/details:bsb11619150;Stettin;Berlin;Rezension;Zeitschriftenartikel;;;Stettin;Berlin
Z_R_1889_MLL_0444;H. F.;Müller;Reuter, Liiteraturkunde enthaltend Abriß der Poetik und Geschichte der deutschen Poesie. 1889.;Zeitschrift für das Gymnasialwesen;1889;;;43, N.F. 23;;;;;613-617;;https://mdz-nbn-resolving.de/details:bsb11619150;Blankenburg;Berlin;Rezension;Zeitschriftenartikel;;;Blankenburg;Berlin
Z_K_1890_WEN_0445;G.;Wendt;Eine neue Geschichte der deutschen Litteratur;Zeitschrift für das Gymnasialwesen;1890;;;44, N.F. 24;;;;;283-296;;https://mdz-nbn-resolving.de/details:bsb11619151;Karlsruhe;Berlin;Kommentar;Zeitschriftenartikel;;;Karlsruhe;Berlin
Z_R_1890_BRA_0446;G.;Braumann;Basedow, Germania: Zweitausend Jahre vaterländischer Geschichte in deutscher Dichtung;Zeitschrift für das Gymnasialwesen;1890;;;44, N.F. 24;;;;;769-771;;https://mdz-nbn-resolving.de/details:bsb11619151;Berlin;Berlin;Rezension;Zeitschriftenartikel;;;Berlin;Berlin
Z_R_1890_HOL_0447;W.;Hollenberg;Masius, Deutsches Lesebuch für höhere Unterrichtsanstalten. 3. Teil, für obere Klassen. 5. Aufl. 1889.;Zeitschrift für das Gymnasialwesen;1890;;;44, N.F. 24;;;;;142;;https://mdz-nbn-resolving.de/details:bsb11619151;Kreuznach;Berlin;Rezension;Zeitschriftenartikel;;;Kreuznach;Berlin
Z_R_1890_JON_0448;Anton;Jonas;Wittich, Goethes Torquato Tasso, für den Zweck der Schule erläutert. 1889.;Zeitschrift für das Gymnasialwesen;1890;;;44, N.F. 24;;;;;142-145;;https://mdz-nbn-resolving.de/details:bsb11619151;Stettin;Berlin;Rezension;Zeitschriftenartikel;;;Stettin;Berlin
Z_R_1890_KAB_0449;Otto;Kabisch;Heskamp, Maria Stuart, ein Trauerspiel von Friedrich Schiller. Mit ausführlicheren Erläuterungen für den Schulgebrauch. 1888.;Zeitschrift für das Gymnasialwesen;1890;;;44, N.F. 24;;;;;145-146;;https://mdz-nbn-resolving.de/details:bsb11619151;Berlin;Berlin;Rezension;Zeitschriftenartikel;;;Berlin;Berlin
Z_R_1890_KAB_0450;Otto;Kabisch;Sammelrezenion zur Jungfrau von Orleans, Wilhelm Tell, Hermann und Dorothea [Funke];Zeitschrift für das Gymnasialwesen;1890;;;44, N.F. 24;;;;;146-149;;https://mdz-nbn-resolving.de/details:bsb11619151;Berlin;Berlin;Rezension;Zeitschriftenartikel;;;Berlin;Berlin
Z_R_1890_LEH_0451;Rudolf;Lehmann;"Kehrein, Entwürfe zu deutschen Aufsätzen und Reden. 1889; Venn, Deutsche Aufsätze, verbunden mit einer Anleitung zum Anfertigen von Aufsätzen. 1889.";Zeitschrift für das Gymnasialwesen;1890;;;44, N.F. 24;;;;;39-40;;https://mdz-nbn-resolving.de/details:bsb11619151;Berlin;Berlin;Rezension;Zeitschriftenartikel;;;Berlin;Berlin
Z_M_1891_GEY_0452;Paul;Geyer;Der deutsche Abiturientenaufsatz an den neunklassigen Mittelschulen;Zeitschrift für das Gymnasialwesen;1891;;;45, N.F. 25;;;;;657-678;;https://mdz-nbn-resolving.de/details:bsb11619152;Dortmund;Berlin;Methodik;Zeitschriftenartikel;;;Dortmund;Berlin
Z_K_1891_HUT_0453;A.;Huther;Die Reform des Gymnasial-Lehrplans;Zeitschrift für das Gymnasialwesen;1891;;;45, N.F. 25;;;;;529-556;;https://mdz-nbn-resolving.de/details:bsb11619152;Cottbus;Berlin;Kommentar;Zeitschriftenartikel;;;Cottbus;Berlin
Z_M_1891_RAU_0454;A.;Rausch;Zur zweihunderjährigen Jubelfeier des deutschen Aufsatzes;Zeitschrift für das Gymnasialwesen;1891;;;45, N.F. 25;;;;;257-264;;https://mdz-nbn-resolving.de/details:bsb11619152;Jena;Berlin;Methodik;Zeitschriftenartikel;;;Jena;Berlin
Z_T_1891_SCH_0455;Richard;Schenk;Das Bildungsziel des Gymnasiums und die Privatlektüre;Zeitschrift für das Gymnasialwesen;1891;;;45, N.F. 25;;;;;264-280;;https://mdz-nbn-resolving.de/details:bsb11619152;Bergedorf;Berlin;Theorie;Zeitschriftenartikel;;;Bergedorf;Berlin
Z_R_1891_SCH_0456;Hermann;Schiller;Deutschlands Schule im Jahr 2000;Zeitschrift für das Gymnasialwesen;1891;;;45, N.F. 25;;;;;416;;https://mdz-nbn-resolving.de/details:bsb11619152;Gießen;Berlin;Rezension;Zeitschriftenartikel;;;Gießen;Berlin
Z_R_1891_NAU_0457;Ernst;Naumann;Steinecke, Lehrbuch der Geschichte der deutschen National-Litteratur. 4. Aufl. 1890.;Zeitschrift für das Gymnasialwesen;1891;;;45, N.F. 25;;;;;151;;https://mdz-nbn-resolving.de/details:bsb11619152;Berlin;Berlin;Rezension;Zeitschriftenartikel;;;Berlin;Berlin
Z_R_1891_NAU_0458;Ernst;Naumann;Bückelmann, Blumenlese aus deutschen Dichtern. Zum Memorieren für Schüler höherer Lehranstalten. 2. Aufl. 1890.;Zeitschrift für das Gymnasialwesen;1891;;;45, N.F. 25;;;;;151;;https://mdz-nbn-resolving.de/details:bsb11619152;Berlin;Berlin;Rezension;Zeitschriftenartikel;;;Berlin;Berlin
Z_R_1891_NAU_0459;Ernst;Naumann;"Minna von Barnhelm. Mit Anmerkungen von Tomascheck- 10. Aufl.; Nathan der Weise. Mit Anmerkungen von Denzel und Kraz.";Zeitschrift für das Gymnasialwesen;1891;;;45, N.F. 25;;;;;152;;https://mdz-nbn-resolving.de/details:bsb11619152;Berlin;Berlin;Rezension;Zeitschriftenartikel;;;Berlin;Berlin
Z_R_1891_NAU_0460;Ernst;Naumann;Geibels Gedichte. Auswahl für die Schule mit Einleitung und Anmerkungen von Max Nietzki. 1890.;Zeitschrift für das Gymnasialwesen;1891;;;45, N.F. 25;;;;;152;;https://mdz-nbn-resolving.de/details:bsb11619152;Berlin;Berlin;Rezension;Zeitschriftenartikel;;;Berlin;Berlin
Z_R_1891_NAU_0461;Ernst;Naumann;Dorenwell, Der deutsche Aufsatz in dne unteren und mittleren Klassen höherer Lehranstalten. 2. Aufl. 1890.;Zeitschrift für das Gymnasialwesen;1891;;;45, N.F. 25;;;;;152-153;;https://mdz-nbn-resolving.de/details:bsb11619152;Berlin;Berlin;Rezension;Zeitschriftenartikel;;;Berlin;Berlin
Z_R_1891_NAU_0462;Ernst;Naumann;Tschache, Themata zu deutschen Aufsätzen in Dispositionen und Ausführungen. 1890.;Zeitschrift für das Gymnasialwesen;1891;;;45, N.F. 25;;;;;153;;https://mdz-nbn-resolving.de/details:bsb11619152;Berlin;Berlin;Rezension;Zeitschriftenartikel;;;Berlin;Berlin
Z_R_1891_FRI_0463;Wilhelm;Fries;Hartmann, Der deutsche Unterricht und die Schulreform. 1890.;Zeitschrift für das Gymnasialwesen;1891;;;45, N.F. 25;;;;;597-598;;https://mdz-nbn-resolving.de/details:bsb11619152;Halle;Berlin;Rezension;Zeitschriftenartikel;;;Halle;Berlin
Z_R_1891_MLL_0464;H. F.;Müller;Hildebrand, Gesammelte Aufsätze und Vorträge zur deutschen Philologie. 1890.;Zeitschrift für das Gymnasialwesen;1891;;;45, N.F. 25;;;;;469-470;;https://mdz-nbn-resolving.de/details:bsb11619152;Blankenburg;Berlin;Rezension;Zeitschriftenartikel;;;Blankenburg;Berlin
Z_R_1891_NAU_0465;Ernst;Naumann;Bötticher und Kinzel, Denkmäler der älteren deutschen Litteratur für den litteraturgeschichtlichen Unterricht an höheren Lehranstalten. Erster Teil. 1890.;Zeitschrift für das Gymnasialwesen;1891;;;45, N.F. 25;;;;;147-148;;https://mdz-nbn-resolving.de/details:bsb11619152;Berlin;Berlin;Rezension;Zeitschriftenartikel;;;Berlin;Berlin
Z_R_1891_NAU_0466;Ernst;Naumann;Krumbach, Deutsche Aufsätze. Für die unteren Klassen höherer Lehranstalten sowie für Volks-, Bürger- und Mittelschulen. 1890.;Zeitschrift für das Gymnasialwesen;1891;;;45, N.F. 25;;;;;148-150;;https://mdz-nbn-resolving.de/details:bsb11619152;Berlin;Berlin;Rezension;Zeitschriftenartikel;;;Berlin;Berlin
Z_R_1891_WIN_0467;H.;Winther;Linnig, Deutsches Lesebuch. Erster Teil. Für untere Klassen höherer Lehranstalten. 9. Aufl. 1890.;Zeitschrift für das Gymnasialwesen;1891;;;45, N.F. 25;;;;;302-303;;https://mdz-nbn-resolving.de/details:bsb11619152;Eberswalde;Berlin;Rezension;Zeitschriftenartikel;;;Eberswalde;Berlin
Z_U_1891_MLL_0468;H. F.;Müller;Lyon, Deutsche Prosastücke;Zeitschrift für das Gymnasialwesen;1891;;;45, N.F. 25;;;;;363-366;;https://mdz-nbn-resolving.de/details:bsb11619152;Blankenburg;Berlin;Rezension;Zeitschriftenartikel;unvollständig;;Blankenburg;Berlin
Z_R_1891_ZOE_0469;M.;Zoeller;Menge, Ausführliche Dispositionen und Musterentwürfe zu deutschen Aufsätzen für obere Klassen höherer Lehranstalten. 1890.;Zeitschrift für das Gymnasialwesen;1891;;;45, N.F. 25;;;;;296-299;;https://mdz-nbn-resolving.de/details:bsb11619152;Mannheim;Berlin;Rezension;Zeitschriftenartikel;;;Mannheim;Berlin
Z_R_1891_NAU_0470;Ernst;Naumann;Minor, Schiller. Sein Leben und seine Werke. Erster Band. 1890.;Zeitschrift für das Gymnasialwesen;1891;;;45, N.F. 25;;;;;473-476;;https://mdz-nbn-resolving.de/details:bsb11619152;Berlin;Berlin;Rezension;Zeitschriftenartikel;;;Berlin;Berlin
Z_R_1891_WIN_0471;H.;Winther;Otto, Aufsatz- und Diktat-Stoffe für die Unterklassen der höheren Schulen;Zeitschrift für das Gymnasialwesen;1891;;;45, N.F. 25;;;;;232-233;;https://mdz-nbn-resolving.de/details:bsb11619152;Eberswalde;Berlin;Rezension;Zeitschriftenartikel;;;Eberswalde;Berlin
Z_R_1891_KER_0472;Franz;Kern;Otto, Auswahl deutsche Gedichte für die unteren und mittleren Klassen höherer Lehranstalten. 1891.;Zeitschrift für das Gymnasialwesen;1891;;;45, N.F. 25;;;;;623;;https://mdz-nbn-resolving.de/details:bsb11619152;Berlin;Berlin;Rezension;Zeitschriftenartikel;;;Berlin;Berlin
Z_R_1891_JON_0473;A.;Jonas;Schnippel, Ausgeführter Lehrplan im Deutschen für die mittleren und oberen Klassen. 1890.;Zeitschrift für das Gymnasialwesen;1891;;;45, N.F. 25;;;;;229-232;;https://mdz-nbn-resolving.de/details:bsb11619152;Stettin;Berlin;Rezension;Zeitschriftenartikel;;;Stettin;Berlin
Z_T_1890_BAC_0474;Stephan;Bachold;Zum deutschen Unterricht an höheren Mädchenschulen;Zeitschrift für den deutschen Unterricht;1890;;;4;;;;A;47-54;;https://www.digitale-sammlungen.de/de/view/bsb11644071?q=%28Zeitschrift+f%C3%BCr+den+deutschen+Unterricht%29&page=1;Berlin;Leipzig;Theorie;Zeitschriftenartikel;;1;Berlin;Leipzig
Z_E_1888_BOR_0475;Julius;Bork;Die Grundgedanken der Romanzen (Balladen) Schillers. Nach seinen eigenen philosophisch-ästhetischen Abhandlungen erläutert;Zeitschrift für den deutschen Unterricht;1888;;;2;;;;B;247-276;;https://www.digitale-sammlungen.de/de/view/bsb11644068?q=%28Zeitschrift+f%C3%BCr+den+deutschen+Unterricht%29&page=2;Posen;Leipzig;Erläuterung;Zeitschriftenartikel;;;Posen;Leipzig
Z_T_1887_DEN_0476;A.;Denecke;Die Behandlung des dramatischen Lesestoffs in den höheren Schulen.;Zeitschrift für den deutschen Unterricht.;1887;;;1;;;;B;400-412;;https://www.digitale-sammlungen.de/de/view/bsb11644067?;Dresden;Leipzig;Theorie;Zeitschriftenartikel;;;Dresden;Leipzig
Z_E_1889_DIE_0477;Rudolf;Dietrich;Aus Romanen und Novellen;Zeitschrift für den deutschen Unterricht.;1889;;;3;;;;B;108-117;;https://www.digitale-sammlungen.de/de/view/bsb11644070?q=%28Zeitschrift+f%C3%BCr+den+deutschen+Unterricht%29&page=5;Hottingen;Leipzig;Erläuterung;Zeitschriftenartikel;;;Hottingen;Leipzig
Z_E_1889_DNT_0478;H.;Düntzer;Goethes Monodrama „Proserpina“;Zeitschrift für den deutschen Unterricht.;1889;;;3;;;;B;127-149;;https://www.digitale-sammlungen.de/de/view/bsb11644070?q=%28Zeitschrift+f%C3%BCr+den+deutschen+Unterricht%29&page=5;Köln;Leipzig;Erläuterung;Zeitschriftenartikel;;;Köln;Leipzig
Z_K_1888_ERD_0479;Oskar;Erdmann;Betrachtungen über Handbücher zur Literaturkunde. Mit besonderer Beziehung auf Klages „Auswahl deutscher Gedichte“;Zeitschrift für den deutschen Unterricht;1888;;;2;;;;B;210-219;;https://www.digitale-sammlungen.de/de/view/bsb11644068?q=%28Zeitschrift+f%C3%BCr+den+deutschen+Unterricht%29&page=2;Breslau;Leipzig;Kommentar;Zeitschriftenartikel;;;Breslau;Leipzig
Z_R_1887_ERD_0480;Oskar;Erdmann;Gustav Gerber. Die Sprache und das Erkennen. 1884.;Zeitschrift für den deutschen Unterricht.;1887;;;;;;;;372-373;;https://digital.slub-dresden.de/werkansicht/dlf/174019/1;Breslau;Leipzig;Rezension;Zeitschriftenartikel;;;Breslau;Leipzig
Z_R_1887_ERD_0481;Oskar;Erdmann;Gustav Gerber. Die Sprache als Kunst. 1885;Zeitschrift für den deutschen Unterricht.;1887;;;;;;;;363-371;;https://digital.slub-dresden.de/werkansicht/dlf/174019/1;Breslau;Leipzig;Rezension;Zeitschriftenartikel;;;Breslau;Leipzig
Z_E_1890_GLO_0482;Heinrich;Gloël;Die dramatische Handlung von Goethes Egmont. Eine deutsche Stunde in der Prima.;Zeitschrift für den deutschen Unterricht;1890;;;4;;;;B;54-62;;https://www.digitale-sammlungen.de/de/view/bsb11644071?q=%28Zeitschrift+f%C3%BCr+den+deutschen+Unterricht%29&page=1;Wesel;Leipzig;Erläuterung;Zeitschriftenartikel;;;Wesel;Leipzig
Z_E_1887_HIL_0483;Hugo;Hildebrand;Sacherklärung zu Schillers „Spaziergang“. Für Prima.;Zeitschrift für den deutschen Unterricht.;1887;;;1;;;;B;547-554;;https://www.digitale-sammlungen.de/de/view/bsb11644067?;Leipzig;Leipzig;Erläuterung;Zeitschriftenartikel;;;Leipzig;Leipzig
Z_E_1888_JON_0484;F.;Jonas;Ein deutscher Schulaufsatz aus dem Anfange dieses Jahrhunderts;Zeitschrift für den deutschen Unterricht;1888;;;2;;;;D;115-118;;https://www.digitale-sammlungen.de/de/view/bsb11644068?q=%28Zeitschrift+f%C3%BCr+den+deutschen+Unterricht%29&page=2;Berlin;Leipzig;Erläuterung;Zeitschriftenartikel;;;Berlin;Leipzig
Z_E_1888_KER_0486;Franz;Kern;Zu Lessings Fabel von den Sperlingen;Zeitschrift für den deutschen Unterricht;1888;;;2;;;;B;332-333;;https://www.digitale-sammlungen.de/de/view/bsb11644068?q=%28Zeitschrift+f%C3%BCr+den+deutschen+Unterricht%29&page=2;Berlin;Leipzig;Erläuterung;Zeitschriftenartikel;;;Berlin;Leipzig
Z_E_1887_KIR_0487;R.;Kirchner;"Schillers Gedicht ""An die Freude"".";Zeitschrift für den deutschen Unterricht.;1887;;;1;;;;B;207-222;;https://www.digitale-sammlungen.de/de/view/bsb11644067?q=%28Zeitschrift+f%C3%BCr+den+deutschen+Unterricht%29&page=2;Chemnitz;Leipzig;Erläuterung;Zeitschriftenartikel;;;Chemnitz;Leipzig
Z_E_1888_KIR_0488;K.;Kirchner;Zu Goethes „Torquato Tasso“;Zeitschrift für den deutschen Unterricht;1888;;;2;;;;B;510-550;;https://www.digitale-sammlungen.de/de/view/bsb11644068?q=%28Zeitschrift+f%C3%BCr+den+deutschen+Unterricht%29&page=2;Chemnitz;Leipzig;Erläuterung;Zeitschriftenartikel;;;Chemnitz;Leipzig
Z_E_1888_KLA_0489;P.;Klauke;Goethes „Egmont“ im deutschen Unterricht;Zeitschrift für den deutschen Unterricht;1888;;;2;;;;B;319-325;;https://www.digitale-sammlungen.de/de/view/bsb11644068?q=%28Zeitschrift+f%C3%BCr+den+deutschen+Unterricht%29&page=2;Bremen;Leipzig;Erläuterung;Zeitschriftenartikel;;;Bremen;Leipzig
Z_R_1887_KLE_0491;Gotthold;Klee;Gottlob Egelhaaf. Grundzüge der deutschen Litteraturgeschichte. Ein Hilfsbuch für Schulen und zum Privatgebrauch;Zeitschrift für den deutschen Unterricht.;1887;;;;;;;;277-281;;https://digital.slub-dresden.de/werkansicht/dlf/174019/1;Bautzen;Leipzig;Rezension;Zeitschriftenartikel;;;Bautzen;Leipzig
Z_E_1889_LAN_0492;Karl;Landmann;Bilder aus dem Nibelungenliede;Zeitschrift für den deutschen Unterricht;1889;;;3;;;;B;515-545;;https://www.digitale-sammlungen.de/de/view/bsb11644070?q=%28Zeitschrift+f%C3%BCr+den+deutschen+Unterricht%29&page=5;Darmstadt;Leipzig;Erläuterung;Zeitschriftenartikel;;;Darmstadt;Leipzig
Z_E_1890_LYO_0494;Otto;Lyon;Der Jäger Abschied. Gedicht von Joseph von Eichendorff;Zeitschrift für den deutschen Unterricht;1890;;;4;;;;B;76-83;;https://www.digitale-sammlungen.de/de/view/bsb11644071?q=%28Zeitschrift+f%C3%BCr+den+deutschen+Unterricht%29&page=1;Dresden;Leipzig;Erläuterung;Zeitschriftenartikel;;;Dresden;Leipzig
Z_T_1887_LYO_0495;Otto;Lyon;Das Schrifttum der Gegenwart und die Schule;Zeitschrift für den deutschen Unterricht.;1887;;;;;;;;15-25;;https://digital.slub-dresden.de/werkansicht/dlf/174019/1;Dresden;Leipzig;Theorie;Zeitschriftenartikel;;;Dresden;Leipzig
Z_T_1887_LYO_0496;Otto;Lyon;Das Schrifftum der Gegenwart und die Schule (Fortsetzung);Zeitschrift für den deutschen Unterricht.;1887;;;;;;;;143-157;;https://digital.slub-dresden.de/werkansicht/dlf/174019/1;Dresden;Leipzig;Theorie;Zeitschriftenartikel;;;Dresden;Leipzig
Z_T_1887_LYO_0497;Otto;Lyon;Das Schrifttum der Gegenwart und die Schule (Fortsetzung);Zeitschrift für den deutschen Unterricht.;1887;;;;;;;;230-248;;https://digital.slub-dresden.de/werkansicht/dlf/174019/1;Dresden;Leipzig;Theorie;Zeitschriftenartikel;Seiten fehlen;;Dresden;Leipzig
Z_T_1887_LYO_0498;Otto;Lyon;Das Schrifttum der Gegenwart und die Schule (Fortsetzung). Das Schrifttum der Gegenwart und die Sprachschönheit;Zeitschrift für den deutschen Unterricht.;1887;;;;;;;;347-358;;https://digital.slub-dresden.de/werkansicht/dlf/174019/1;Dresden;Leipzig;Theorie;Zeitschriftenartikel;;;Dresden;Leipzig
Z_M_1887_MSC_0499;[unknown];Mäschke;Grenzen der Veranschaulichung beim deutschen Unterricht;Zeitschrift für den deutschen Unterricht.;1887;;;;;;;;341-346;;https://digital.slub-dresden.de/werkansicht/dlf/174019/1;Zerbst;Leipzig;Methodik;Zeitschriftenartikel;;;Zerbst;Leipzig
Z_E_1887_KER_0500;Franz;Kern;"Goethes ""Natürliche Tochter"" im deutschen Unterricht";Zeitschrift für den deutschen Unterricht.;1887;;;1;;;;B;61-69;;https://www.digitale-sammlungen.de/de/view/bsb11644067?q=%28Zeitschrift+f%C3%BCr+den+deutschen+Unterricht%29&page=2;Berlin;Leipzig;Erläuterung;Zeitschriftenartikel;;;Berlin;Leipzig
Z_E_1890_SAH_0501;Julius;Sahr;Die ältere deutsche Literatur in der Schule;Zeitschrift für den deutschen Unterricht;1890;;;4;;;;D;353-367;;https://www.digitale-sammlungen.de/de/view/bsb11644071?q=%28Zeitschrift+f%C3%BCr+den+deutschen+Unterricht%29&page=1;Dresden;Leipzig;Erläuterung;Zeitschriftenartikel;;;Dresden;Leipzig
Z_K_1890_SCH_0502;Alexander;Schöne;"Bemerkungen zu „Waetzoldt, Zum deutschen Unterricht an höheren Mädchenschulen""";Zeitschrift für den deutschen Unterricht;1890;;;4;;;;A;240-245;;https://www.digitale-sammlungen.de/de/view/bsb11644071?q=%28Zeitschrift+f%C3%BCr+den+deutschen+Unterricht%29&page=1;Dortmund;Leipzig;Kommentar;Zeitschriftenartikel;;1;Dortmund;Leipzig
Z_E_1890_SCH_0503;Max;Schnerl;Der Bau von Schillers Maria Stuart;Zeitschrift für den deutschen Unterricht;1890;;;4;;;;B;43-47;;https://www.digitale-sammlungen.de/de/view/bsb11644071?q=%28Zeitschrift+f%C3%BCr+den+deutschen+Unterricht%29&page=1;Krotoszyn;Leipzig;Erläuterung;Zeitschriftenartikel;;;Krotoszyn;Leipzig
Z_T_1889_SCH_0504;Ferdinand;Schulz;Die deutsche Literaturgeschichte im Unterricht höherer Lehranstalten;Zeitschrift für den deutschen Unterricht;1889;;;3;;;;D;239-246;;https://www.digitale-sammlungen.de/de/view/bsb11644070?q=%28Zeitschrift+f%C3%BCr+den+deutschen+Unterricht%29&page=5;Charlottenburg;Leipzig;Theorie;Zeitschriftenartikel;;;Charlottenburg;Leipzig
Z_M_1887_SCH_0505;Ferdinand;Schutz;Die Synthese im deutschen Aufsatze;Zeitschrift für den deutschen Unterricht.;1887;;;;;;;;98-193;;https://digital.slub-dresden.de/werkansicht/dlf/174019/1;;Leipzig;Methodik;Zeitschriftenartikel;;;;Leipzig
Z_M_1887_SCH_0506;Ferdinand;Schutz;Die Vergleichung im deutschen Aufsatz;Zeitschrift für den deutschen Unterricht.;1887;;;;;;;;377-381;;https://digital.slub-dresden.de/werkansicht/dlf/174019/1;Charlottenburg;Leipzig;Methodik;Zeitschriftenartikel;;;Charlottenburg;Leipzig
Z_M_1887_SCH_0507;[unknown];Schnedermann;Zur Behandlung erzählender Gedichte in Tertia.;Zeitschrift für den deutschen Unterricht.;1887;;;;;;;;259-262;;https://digital.slub-dresden.de/werkansicht/dlf/174019/1;Leutzsch;Leipzig;Methodik;Zeitschriftenartikel;;;Leutzsch;Leipzig
Z_E_1887_SCH_0508;H.;Schuller;Zur Erklärung Hebelscher Naturgedichte;Zeitschrift für den deutschen Unterricht.;1887;;;1;;;;B;488-491;;https://www.digitale-sammlungen.de/de/view/bsb11644067?;Plauen;Leipzig;Erläuterung;Zeitschriftenartikel;;;Plauen;Leipzig
Z_E_1888_SCH_0509;W.;Schulze;Zum Unterricht in der altdeutschen Literatur;Zeitschrift für den deutschen Unterricht;1888;;;2;;;;E;409-422;;https://www.digitale-sammlungen.de/de/view/bsb11644068?q=%28Zeitschrift+f%C3%BCr+den+deutschen+Unterricht%29&page=2;Dortmund;Leipzig;Erläuterung;Zeitschriftenartikel;;;Dortmund;Leipzig
Z_T_1890_STI_0510;Otto;Stiller;Der litteraturgeschichtliche Unterricht an unseren höheren Mädchenschulen;Zeitschrift für den deutschen Unterricht;1890;;;4;;;;A;520-524;;https://www.digitale-sammlungen.de/de/view/bsb11644071?q=%28Zeitschrift+f%C3%BCr+den+deutschen+Unterricht%29&page=1;Berlin;Leipzig;Theorie;Zeitschriftenartikel;;1;Berlin;Leipzig
Z_K_1887_ON_0511;[unknown];[unknown];Hermann Unbescheid. Beitrag zur Behandlung der dramatischen Lektüre. 1886;Zeitschrift für den deutschen Unterricht.;1887;;;;;;;;85-86;;https://digital.slub-dresden.de/werkansicht/dlf/174019/1;;Leipzig;Kommentar;Zeitschriftenartikel;nur Literaturangaben;;;Leipzig
Z_R_1887_UNB_0512;Hermann;Unbescheid;Joh Müller. Aufgaben aus klassischen Dichtern und Schriftstellern zu deutschen Aufsätzen und Vorträgen in den oberen Klassen höherer Lehranstalten;Zeitschrift für den deutschen Unterricht.;1887;;;;;;;;272-273;;https://digital.slub-dresden.de/werkansicht/dlf/174019/1;Dresden;Leipzig;Rezension;Zeitschriftenartikel;;;Dresden;Leipzig
Z_E_1887_UNB_0513;Hermann;Unbescheid;Neuer Beitrag zur Behandlung der dramatischen Lektüre. Prinz Friedrich v. Homburg, Schauspiel von H. Kleist.;Zeitschrift für den deutschen Unterricht.;1887;;;1;;;;B;222-229;;https://www.digitale-sammlungen.de/de/view/bsb11644067?;Dresden;Leipzig;Erläuterung;Zeitschriftenartikel;;;Dresden;Leipzig
Z_E_1887_UNB_0514;Hermann;Unbescheid;Neuer Beitrag zur Behandlung der dramatischen Lektüre. Prinz Friedrich v. Homburg, Schauspiel von H. Kleist. (Schluß);Zeitschrift für den deutschen Unterricht.;1887;;;;;;;;320-337;;https://digital.slub-dresden.de/werkansicht/dlf/174019/1;Dresden;Leipzig;Erläuterung;Zeitschriftenartikel;;;Dresden;Leipzig
Z_R_1887_ON_0515;[unknown];[unknown];Schöninghs Ausgaben deutscher Klassiker. 1886;Zeitschrift für den deutschen Unterricht.;1887;;;;;;;;85;;https://digital.slub-dresden.de/werkansicht/dlf/174019/1;;Leipzig;Rezension;Zeitschriftenartikel;;;;Leipzig
Z_T_1884_ZEL_0517;Eduard;Zeller;Ueber die Bedeutung der Sprache und des Sprachunterrichts für das geistige Leben;Deutsche Rundschau;1884;;;38;;;;;359-388;;https://books.google.de/books?id=uRxjj-4C-uwC&redir_esc=y;;Berlin;Theorie;Zeitschriftenartikel;;;;Berlin
Z_T_1888_GRI_0518;Herman;Grimm;Die deutsche Schulfrage und unsere Classiker;Deutsche Rundschau;1888;;;55;;;;;257-281;;https://archive.org/embed/deutscherundscha55stutuoft;;Berlin;Theorie;Zeitschriftenartikel;;;;Berlin
Z_T_1889_GRI_0519;Herman;Grimm;Deutscher Unterricht auf Gymnasien;Deutsche Rundschau;1889;;;58;;;;;256-283;;https://archive.org/embed/deutscherundscha58stutuoft;;Berlin;Theorie;Zeitschriftenartikel;;;;Berlin
Z_K_1847_KCH_0520;Hermann;Köchly;Zwei und siebzig Sätze zur Gymnasialreform, vorläufig aufgestellt;Vermischte Blätter zur Gymnasialreform. Eigenes und Fremdes;1847;;;1;;;;;17-28;;urn:nbn:de:bvb:12-bsb10731546-1;;Dresden, Leipzig;Kommentar;Zeitschriftenartikel;;;;Dresden, Leipzig
Z_R_1848_SCH_0521;Gustav;Schubert;IV. Bericht über den Unterricht in der deutschen Sprache;Vermischte Blätter zur Gymnasialreform. Eigenes und Fremdes;1848;;;2;;;;;70-76;;urn:nbn:de:bvb:12-bsb10731546-1;;Dresden, Leipzig;Rezension;Zeitschriftenartikel;;;;Dresden, Leipzig
Z_R_1839_BEN_0522;F. E.;Beneke;Ueber die Methoden des Sprachunterrichts mit besonderer Rücksicht auf die verschiedenen Ansichten unserer Zeit;Central-Bibliothek für Literatur, Statistik und Geschichte der Pädagogik und des Schul-Unterrichts im In- und Auslande;1839;;;1;;;;4;1-39;;urn:nbn:de:bvb:12-bsb10762375-1;;Halle;Rezension;Zeitschriftenartikel;;;;Halle
Z_T_1839_TEL_0523;A;Tellkampf;Ueber den höheren Schulunterricht für Nichtstudirende;Central-Bibliothek für Literatur, Statistik und Geschichte der Pädagogik und des Schul-Unterrichts im In- und Auslande;1839;;;1;;;;3;46-70;;urn:nbn:de:bvb:12-bsb10762375-1;;Halle;Theorie;Zeitschriftenartikel;;;;Halle
Z_E_1865_DIE_0524;Adolph;Diesterweg;Lessing's Nathan;Jahrbuch für Lehrer und Schulfreunde;1865;;;15;;;;;147-182;;urn:nbn:de:0111-bbf-spo-16141781;;Frankfurt a. M.;Erläuterung;Zeitschriftenartikel;;;;Frankfurt a. M.
Z_M_1865_DIE_0525;Adolph;Diesterweg;Die richtige Methode des Forschens und Lehrens;Jahrbuch für Lehrer und Schulfreunde;1865;;;15;;;;;183-194;;urn:nbn:de:0111-bbf-spo-16141781;;Frankfurt a. M.;Methodik;Zeitschriftenartikel;;;;Frankfurt a. M.
Z_T_1863_MHL_0526;[unknown];Mühler;Deutscher Unterricht an Gymnasien;Zentralblatt für die gesamte Unterrichtsverwaltung in Preußen;1863;;;5;;;;;18-23;;https://bbf-scripta-paedagogica.de/viewer/toc/985843438/1/LOG_0000/;;Berlin;Theorie;Zeitschriftenartikel;;;;Berlin
Z_A_1864_CS_0527;S.;C.;Austausch der Themata zu deutschen Aufsätzen zwischen den Seminarien;Zentralblatt für die gesamte Unterrichtsverwaltung in Preußen;1864;;;6;;;;;220;;https://bbf-scripta-paedagogica.de/viewer/toc/985843438/1/LOG_0000/;;Berlin;Ausbildung;Zeitschriftenartikel;;;;Berlin
Z_K_1865_LEH_0528;[unknown];Lehnert;Lehrbuch der deutschen Litteratur für Seminarien und Elementarlehrer;Zentralblatt für die gesamte Unterrichtsverwaltung in Preußen;1865;;;7;;;;;406-416;;https://bbf-scripta-paedagogica.de/viewer/toc/985843438/1/LOG_0000/;;Berlin;Kommentar;Zeitschriftenartikel;;;;Berlin
Z_B_1865_ON_0529;[unknown];[unknown];Deutscher Unterricht in den Schulen des Regierungsbezirks Posen;Zentralblatt für die gesamte Unterrichtsverwaltung in Preußen;1865;;;7;;;;;605-606;;https://bbf-scripta-paedagogica.de/viewer/toc/985843438/1/LOG_0000/;;Berlin;Bericht;Zeitschriftenartikel;;;;Berlin
Z_K_1875_FAL_0530;[unknown];Falk;Lesebücher für Volks-, Mittel- und höhere Mädchenschulen;Zentralblatt für die gesamte Unterrichtsverwaltung in Preußen;1875;;;16;;;;2;105-107;;https://bbf-scripta-paedagogica.de/viewer/toc/985843438/1/LOG_0000/;;Berlin;Kommentar;Zeitschriftenartikel;;1;;Berlin
Z_B_1875_ON_0531;[unknown];[unknown];Verzeichnis der Lesebücher in der Bibliothek des Seminars für Stadtschulen zu Berlin;Zentralblatt für die gesamte Unterrichtsverwaltung in Preußen;1875;;;16;;;;10;564-579;;https://bbf-scripta-paedagogica.de/viewer/toc/985843438/1/LOG_0000/;;Berlin;Liste;Zeitschriftenartikel;nur Literaturangaben ;;;Berlin
Z_L_1880_ON_0532;[unknown];[unknown];Verzeichnis der gegenwärtig an den preußischen Gymnasien, Progymnasien, Realschulen und höheren Bürgerschulen eingeführten Schulbücher;Zentralblatt für die gesamte Unterrichtsverwaltung in Preußen;1880;;;1;;;;;1-102;;https://bbf-scripta-paedagogica.de/viewer/image/985843438_0022/1/;;Berlin;Liste;Zeitschriftenartikel;nur Literaturangaben ;;;Berlin
Z_B_1860_KNI_0533;[unknown];Königliches Provinzial-Schul-Collegium von Pommern;Deutscher Sprachunterricht in den Gymnasien und Realschulen;Zentralblatt für die gesamte Unterrichtsverwaltung in Preußen;1860;;;2;;;;;660-661;;https://nbn-resolving.org/urn:nbn:de:0111-bbf-spo-7034104;;Berlin;Bericht;Zeitschriftenartikel;;;;Berlin
Z_E_1847_HIE_0534;R. H.;Hiecke;Aesthetische Erläuterungen zu einer Reihe von Gedichten aus Echtermeyers Auswahl deutscher Gedichte für gelehrte Schulen;Archiv für das Studium der neueren Sprachen und Literatur;1847;;;2;Eine Vierteljahrschrift;;;;299-317;;https://www.google.de/books/edition/Archiv_F%C3%BCr_Das_Studium_Der_Neueren_Spra/-O1FAAAAcAAJ?hl=de&gbpv=0;Merseburg;Elberfeld, Iserlohn;Erläuterung;Zeitschriftenartikel;;;Merseburg;Elberfeld, Iserlohn
Z_R_1847_HLS_0535;[unknown];Hölscher;Hüppe, Geschichte der deutschen National-Literatur mit Proben von Ulfila bis Gottsched nebst einem Glossar für Gymnasien und höhere Lehranstalten;Archiv für das Studium der neueren Sprachen und Literatur;1847;;;2;Eine Vierteljahrschrift;;;;429-432;;https://www.google.de/books/edition/Archiv_F%C3%BCr_Das_Studium_Der_Neueren_Spra/-O1FAAAAcAAJ?hl=de&gbpv=0;Herford;Elberfeld, Iserlohn;Rezension;Zeitschriftenartikel;;;Herford;Elberfeld, Iserlohn
Z_E_1847_HEN_0536;A.;Henneberger;Aesthetische Glossen zu einer Reihe von Gedichten aus Echtermeyer’s Auswahl;Archiv für das Studium der neueren Sprachen und Literatur;1847;;;3;Eine Vierteljahrschrift;;;;365-372;;https://www.google.de/books/edition/Archiv_f%C3%BCr_das_Studium_der_neueren_Spra/G7gzAQAAMAAJ?hl=de&gbpv=0;Hildburghausen;Elberfeld, Iserlohn;Erläuterung;Zeitschriftenartikel;;;Hildburghausen;Elberfeld, Iserlohn
Z_R_1847_BER_0537;L. A.;Berglein;Heussi, Schulfragen unserer Zeit;Archiv für das Studium der neueren Sprachen und Literatur;1847;;;3;Eine Vierteljahrschrift;;;;213-221;;https://www.google.de/books/edition/Archiv_f%C3%BCr_das_Studium_der_neueren_Spra/G7gzAQAAMAAJ?hl=de&gbpv=0;Rheydt;Elberfeld, Iserlohn;Rezension;Zeitschriftenartikel;;;Rheydt;Elberfeld, Iserlohn
Z_R_1849_COR_0538;[unknown];Cornelius;Bach, Deutsches Lesebuch für Gymnasien und Realschulen, Straub, Deutsches Lesebuch für die untern Klassen höherer Unterrichtsanstalten, Auras & Gnerlich, Deutsches Lesebuch für die untern Klassen höherer Lehranstalten, Oltrogge, Neues deutsches Lesebuch;Archiv für das Studium der neueren Sprachen und Literatur;1849;;;5;Eine Vierteljahrschrift;;;;225-228;;https://www.google.de/books/edition/Archiv_f%C3%BCr_das_Studium_der_neueren_Spra/767ygQCTW_sC?hl=de&gbpv=0;Elberfeld;Elberfeld, Iserlohn;Rezension;Zeitschriftenartikel;;;Elberfeld;Elberfeld, Iserlohn
Z_M_1849_VER_0539;Th.;Vernaleken;Zur Methodik des deutschen Sprach- und Litteraturunterrichts;Archiv für das Studium der neueren Sprachen und Literatur;1849;;;6;Eine Vierteljahrschrift;;;;35-42;;https://www.google.de/books/edition/Archiv_f%C3%BCr_das_Studium_der_neueren_Spra/De8NAAAAYAAJ?hl=de&gbpv=0;Zürich;Elberfeld, Iserlohn;Methodik;Zeitschriftenartikel;;;Zürich;Elberfeld, Iserlohn
Z_R_1849_KRU_0540;[unknown];Kruse;Kehrein, Deutsches Lesebuch mit fachlichen und sprachlichen Erklärungen nebst vielfachen Andeutungen zu einem praltischen Unterricht in der deutschen Sprache;Archiv für das Studium der neueren Sprachen und Literatur;1849;;;6;Eine Vierteljahrschrift;;;;454-458;;https://www.google.de/books/edition/Archiv_f%C3%BCr_das_Studium_der_neueren_Spra/De8NAAAAYAAJ?hl=de&gbpv=0;;Elberfeld, Iserlohn;Rezension;Zeitschriftenartikel;;;;Elberfeld, Iserlohn
Z_R_1849_KRU_0541;[unknown];Kruse;Cuntze, Deutsches Lesebuch in Lebensbildern;Archiv für das Studium der neueren Sprachen und Literatur;1849;;;6;Eine Vierteljahrschrift;;;;454-458;;https://www.google.de/books/edition/Archiv_f%C3%BCr_das_Studium_der_neueren_Spra/De8NAAAAYAAJ?hl=de&gbpv=0;;Elberfeld, Iserlohn;Rezension;Zeitschriftenartikel;Sammelrezension, wie: Z_R_1849_KRU_0540;;;Elberfeld, Iserlohn
Z_R_1849_HLS_0542;[unknown];Hölscher;Schwartz, Auswahl mittelhochdeutscher Dichtungen. Zunächst für höhere Lehranstalten;Archiv für das Studium der neueren Sprachen und Literatur;1849;;;6;Eine Vierteljahrschrift;;;;459-460;;https://www.google.de/books/edition/Archiv_f%C3%BCr_das_Studium_der_neueren_Spra/De8NAAAAYAAJ?hl=de&gbpv=0;;Braunschweig;Rezension;Zeitschriftenartikel;;;;Braunschweig
Z_R_1851_ASS_0543;W.;Assmann;Bans, Deutsches Lesebuch für Bürger- und Töchterschulen, sowie für untere Gymnasialklassen;Archiv für das Studium der neueren Sprachen und Literatur;1851;;;8;;;;;417-431;;https://www.google.de/books/edition/Archiv_f%C3%BCr_das_Studium_der_neueren_Spra/sO8NAAAAYAAJ?hl=de&gbpv=0;;Braunschweig;Rezension;Zeitschriftenartikel;;1;;Braunschweig
Z_R_1851_ASS_0544;W.;Assmann;Golshorn, Musterstücke;Archiv für das Studium der neueren Sprachen und Literatur;1851;;;8;;;;;417-431;;https://www.google.de/books/edition/Archiv_f%C3%BCr_das_Studium_der_neueren_Spra/sO8NAAAAYAAJ?hl=de&gbpv=0;;Braunschweig;Rezension;Zeitschriftenartikel;Sammelrezension, wie: Z_R_1851_ASS_0543;;;Braunschweig
Z_R_1851_ASS_0545;W.;Assmann;Pflug, Methodische Anleitung zu einem naturgemäßen und geistbildenden Unterrichte im schriftlichen Gedankenausdrucke und zur Verabfassung;Archiv für das Studium der neueren Sprachen und Literatur;1851;;;8;;;;;417-431;;https://www.google.de/books/edition/Archiv_f%C3%BCr_das_Studium_der_neueren_Spra/sO8NAAAAYAAJ?hl=de&gbpv=0;;Braunschweig;Rezension;Zeitschriftenartikel;Sammelrezension, wie: Z_R_1851_ASS_0543;;;Braunschweig
Z_R_1851_ASS_0546;W.;Assmann;Schütz, Der Vordenker für Nachdenker;Archiv für das Studium der neueren Sprachen und Literatur;1851;;;8;;;;;417-431;;https://www.google.de/books/edition/Archiv_f%C3%BCr_das_Studium_der_neueren_Spra/sO8NAAAAYAAJ?hl=de&gbpv=0;;Braunschweig;Rezension;Zeitschriftenartikel;Sammelrezension, wie: Z_R_1851_ASS_0543;;;Braunschweig
Z_R_1851_ASS_0547;W.;Assmann;Heinze, Theoretisch-praktische Anleitung zum Disponieren;Archiv für das Studium der neueren Sprachen und Literatur;1851;;;8;;;;;417-431;;https://www.google.de/books/edition/Archiv_f%C3%BCr_das_Studium_der_neueren_Spra/sO8NAAAAYAAJ?hl=de&gbpv=0;;Braunschweig;Rezension;Zeitschriftenartikel;Sammelrezension, wie: Z_R_1851_ASS_0543;;;Braunschweig
Z_T_1851_LBB_0548;A;Lübben;Über deutsche Nationaldichtung;Archiv für das Studium der neueren Sprachen und Literatur;1851;;;9;;;;;378-398;;https://www.google.de/books/edition/Archiv_f%C3%BCr_das_Studium_der_neueren_Spra/vWgVAAAAYAAJ?hl=de&gbpv=0;;Braunschweig;Theorie;Zeitschriftenartikel;;;;Braunschweig
Z_R_1851_C_0549;[unknown];C;Weinhold, Mittelhochdeutsches Lesebuch;Archiv für das Studium der neueren Sprachen und Literatur;1851;;;9;;;;;445-446;;https://www.google.de/books/edition/Archiv_f%C3%BCr_das_Studium_der_neueren_Spra/vWgVAAAAYAAJ?hl=de&gbpv=0;;Braunschweig;Rezension;Zeitschriftenartikel;;;;Braunschweig
Z_R_1851_FRI_0550;J. R.;Fritze;Cebusky, Kurzgefaßte Grammatik der böhmischen Sprache;Archiv für das Studium der neueren Sprachen und Literatur;1851;;;9;;;;;448;;https://www.google.de/books/edition/Archiv_f%C3%BCr_das_Studium_der_neueren_Spra/vWgVAAAAYAAJ?hl=de&gbpv=0;Breslau;Braunschweig;Rezension;Zeitschriftenartikel;;;Breslau;Braunschweig
Z_R_1852_FR_0551;[unknown];Fr.;Gruppe, Der deutsche Dichterwald;Archiv für das Studium der neueren Sprachen und Literatur;1852;;;10;;;;;437-438;;https://www.google.de/books/edition/Archiv_f%C3%BCr_das_Studium_der_neueren_Spra/JvANAAAAYAAJ?hl=de&gbpv=0;;Braunschweig;Rezension;Zeitschriftenartikel;;;;Braunschweig
Z_R_1852_ON_0552;[unknown];[unknown];Kehrein, Proben der deutschen Poesie und Prosa vom vierten Jahrhundert bis in die erste Hälfte des achtzehnten Jahrhunderts;Archiv für das Studium der neueren Sprachen und Literatur;1852;;;10;;;;;451;;https://www.google.de/books/edition/Archiv_f%C3%BCr_das_Studium_der_neueren_Spra/JvANAAAAYAAJ?hl=de&gbpv=0;;Braunschweig;Rezension;Zeitschriftenartikel;;;;Braunschweig
Z_T_1853_KAP_0553;A.;Kapp;Zur Förderung des deutschen Unterrichts auf der oberen Bildungsstufe der Gymnasien. Oder: Das Gymnasium nach seiner concentrirten Bedeutung im deutschen Unterricht;Archiv für das Studium der neueren Sprachen und Literatur;1853;;;12;;;;;1-41;;https://www.google.de/books/edition/Archiv_f%C3%BCr_das_Studium_der_neueren_Spra/fGkVAAAAYAAJ?hl=de&gbpv=0;;Braunschweig;Theorie;Zeitschriftenartikel;;;;Braunschweig
Z_R_1853_HG_0554;[unknown];Hg.;Gratzmann & Langbein, Deutsches Lesebuch;Archiv für das Studium der neueren Sprachen und Literatur;1853;;;12;;;;;205;;https://www.google.de/books/edition/Archiv_f%C3%BCr_das_Studium_der_neueren_Spra/fGkVAAAAYAAJ?hl=de&gbpv=0;;Braunschweig;Rezension;Zeitschriftenartikel;;;;Braunschweig
Z_R_1853_HLS_0555;[unknown];Hölscher;Huhn, Geschichte der deutschen Literatur. Von der ältesten bis auf die neueste Zeit;Archiv für das Studium der neueren Sprachen und Literatur;1853;;;12;;;;;217-219;;https://www.google.de/books/edition/Archiv_f%C3%BCr_das_Studium_der_neueren_Spra/fGkVAAAAYAAJ?hl=de&gbpv=0;;Braunschweig;Rezension;Zeitschriftenartikel;;;;Braunschweig
Z_R_1853_ON_0556;[unknown];[unknown];Hüppe, Geschichte der deutschen National-Literatur;Archiv für das Studium der neueren Sprachen und Literatur;1853;;;12;;;;;335;;https://www.google.de/books/edition/Archiv_f%C3%BCr_das_Studium_der_neueren_Spra/fGkVAAAAYAAJ?hl=de&gbpv=0;;Braunschweig;Rezension;Zeitschriftenartikel;;;;Braunschweig
Z_R_1853_BRO_0557;[unknown];Brockerhoff;Simrock, Altdeutsches Lesebuch zum Gebrauch bei Vorlesungen;Archiv für das Studium der neueren Sprachen und Literatur;1853;;;13;;;;;209-210;;https://www.google.de/books/edition/Archiv_f%C3%BCr_das_Studium_der_neueren_Spra/zWkVAAAAYAAJ?hl=de&gbpv=0;;Braunschweig;Rezension;Zeitschriftenartikel;;;;Braunschweig
Z_R_1853_KLE_0558;[unknown];Kleiber;Pischon, Denkmäler der deutschen Sprache;Archiv für das Studium der neueren Sprachen und Literatur;1853;;;13;;;;;321-322;;https://www.google.de/books/edition/Archiv_f%C3%BCr_das_Studium_der_neueren_Spra/zWkVAAAAYAAJ?hl=de&gbpv=0;Berlin;Braunschweig;Rezension;Zeitschriftenartikel;;;Berlin;Braunschweig
Z_R_1853_STE_0559;A.;Steudener;Götzinger, Deutsches Lesebuch für Gymnasien und Realschulen. Eine Auswahl von Prosastücken und Dramen;Archiv für das Studium der neueren Sprachen und Literatur;1853;;;13;;;;;326-327;;https://www.google.de/books/edition/Archiv_f%C3%BCr_das_Studium_der_neueren_Spra/zWkVAAAAYAAJ?hl=de&gbpv=0;Roßleben;Braunschweig;Rezension;Zeitschriftenartikel;;;Roßleben;Braunschweig
Z_T_1853_BEC_0560;[unknown];Becker;Etwas über den Zusammenhang des deutschen Unterrichts mit andern Unterrichtsfächern;Archiv für das Studium der neueren Sprachen und Literatur;1853;;;14;;;;;36-53;;https://www.google.de/books/edition/Archiv_f%C3%BCr_das_Studium_der_neueren_Spra/_WkVAAAAYAAJ?hl=de&gbpv=0;Bedburg;Braunschweig;Theorie;Zeitschriftenartikel;;;Bedburg;Braunschweig
Z_R_1854_KLE_0561;[unknown];Kleiber;Heckmann, Deutsches Sprach- und Lesebuch. Eine Sammlung sprachunterrichtlich geordneter Mustersätze, prosaischer und poetischer Lesestücke mit fachlichen, sprachlichen und stilistischen Aufgaben, zugleich als Grundlage zur deutschen Satz- und Aufsatzlehre für die unteren und mittleren Klassen höherer Lehranstalten;Archiv für das Studium der neueren Sprachen und Literatur;1854;;;15;;;;;97-98;;https://www.google.de/books/edition/Archiv_f%C3%BCr_das_Studium_der_neueren_Spra/yzxUAAAAcAAJ?hl=de&gbpv=0;Berlin;Braunschweig;Rezension;Zeitschriftenartikel;;;Berlin;Braunschweig
Z_R_1854_KLE_0562;[unknown];Kleiber;Rauch, Deutsches Lesebuch für die drei unteren Klassen der Gymnasien und höheren Bürgerschulen;Archiv für das Studium der neueren Sprachen und Literatur;1854;;;15;;;;;97-98;;https://www.google.de/books/edition/Archiv_f%C3%BCr_das_Studium_der_neueren_Spra/yzxUAAAAcAAJ?hl=de&gbpv=0;Berlin;Braunschweig;Rezension;Zeitschriftenartikel;Sammelrezension, wie: Z_R_1854_KLE_0561;;Berlin;Braunschweig
Z_R_1854_KLE_0563;[unknown];Kleiber;o. N., Lesebuch für preußische Schulen. Dritter Theil. Für Gymnasien, höhere Lehranstalten und Gewerbeschulen;Archiv für das Studium der neueren Sprachen und Literatur;1854;;;15;;;;;97-98;;https://www.google.de/books/edition/Archiv_f%C3%BCr_das_Studium_der_neueren_Spra/yzxUAAAAcAAJ?hl=de&gbpv=0;Berlin;Braunschweig;Rezension;Zeitschriftenartikel;Sammelrezension, wie: Z_R_1854_KLE_0561;;Berlin;Braunschweig
Z_R_1854_KLE_0564;[unknown];Kleiber;Otto, Anleitung, das Lesebuch als Grundlage und Mittelpunkt eines bildenden Unterrichts in der Muttersprache zu behandeln;Archiv für das Studium der neueren Sprachen und Literatur;1854;;;15;;;;;97-98;;https://www.google.de/books/edition/Archiv_f%C3%BCr_das_Studium_der_neueren_Spra/yzxUAAAAcAAJ?hl=de&gbpv=0;Berlin;Braunschweig;Rezension;Zeitschriftenartikel;Sammelrezension, wie: Z_R_1854_KLE_0561;;Berlin;Braunschweig
Z_R_1855_KLE_0565;[unknown];Kleiber;Saupe, Göthe’s Leben und Werke in chronologischen Tafeln für gebildete Verehrer des Dichters;Archiv für das Studium der neueren Sprachen und Literatur;1855;;;17;;;;;91-92;;https://www.google.de/books/edition/Archiv_f%C3%BCr_das_Studium_der_neueren_Spra/_vANAAAAYAAJ?hl=de&gbpv=0;Berlin;Braunschweig;Rezension;Zeitschriftenartikel;Sammelrezension, wie: Z_R_1854_KLE_0561;;Berlin;Braunschweig
Z_R_1855_SAC_0566;[unknown];Sachse;Götzinger, Stylschule zu Uebungen in der Muttersprache. Eine Sammlung stufenweise geordneter Aufgaben und Arbeitsentwürfe für höhere Anstalten;Archiv für das Studium der neueren Sprachen und Literatur;1855;;;18;;;;;178-187;;https://www.google.de/books/edition/Archiv_f%C3%BCr_das_Studium_der_neueren_Spra/uPANAAAAYAAJ?hl=de&gbpv=0;;Braunschweig;Rezension;Zeitschriftenartikel;;;;Braunschweig
Z_M_1856_BES_0567;[unknown];Beschmann;Ueber deutsche Aufsätze;Archiv für das Studium der neueren Sprachen und Literatur;1856;;;19;;;;;68-91;;https://www.google.de/books/edition/Archiv_f%C3%BCr_das_Studium_der_neueren_Spra/R3AMt0gpfM0C?hl=de&gbpv=0;Berlin;Braunschweig;Methodik;Zeitschriftenartikel;;;Berlin;Braunschweig
Z_R_1856_ON_0568;[unknown];[unknown];Gruner, Deutsche Musterstücke;Archiv für das Studium der neueren Sprachen und Literatur;1856;;;19;;;;;337-340;;https://www.google.de/books/edition/Archiv_f%C3%BCr_das_Studium_der_neueren_Spra/R3AMt0gpfM0C?hl=de&gbpv=0;;Braunschweig;Rezension;Zeitschriftenartikel;;;;Braunschweig
Z_R_1856_SAC_0569;[unknown];Sachse;Sparschuh, Deutsches Sprach- und Uebungsbuch für die mittleren Klassen höherer Lehranstalten;Archiv für das Studium der neueren Sprachen und Literatur;1856;;;19;;;;;465-467;;https://www.google.de/books/edition/Archiv_f%C3%BCr_das_Studium_der_neueren_Spra/R3AMt0gpfM0C?hl=de&gbpv=0;Berlin;Braunschweig;Rezension;Zeitschriftenartikel;;;Berlin;Braunschweig
Z_M_1856_HFE_0570;[unknown];Hüfer;Die Kunst zu interpretiren;Archiv für das Studium der neueren Sprachen und Literatur;1856;;;20;;;;;333-351;;https://www.google.de/books/edition/Archiv_f%C3%BCr_das_Studium_der_neueren_Spra/QHAhAQAAMAAJ?hl=de&gbpv=0;Halle;Braunschweig;Methodik;Zeitschriftenartikel;;;Halle;Braunschweig
Z_R_1856_ON_0571;[unknown];[unknown];Hopf, Paulsiek, Deutsches Lesebuch für Gymnasien, Real- und höhere Bürgerschulen;Archiv für das Studium der neueren Sprachen und Literatur;1856;;;20;;;;;413-417;;https://www.google.de/books/edition/Archiv_f%C3%BCr_das_Studium_der_neueren_Spra/QHAhAQAAMAAJ?hl=de&gbpv=0;;Braunschweig;Rezension;Zeitschriftenartikel;;;;Braunschweig
Z_R_1857_RIE_0572;C.;Riemeyer;Gleim’s preußische Kriegslieder;Archiv für das Studium der neueren Sprachen und Literatur;1857;;;21;;;;;112-152;;https://www.google.de/books/edition/Archiv_f%C3%BCr_das_Studium_der_neueren_Spra/QHAhAQAAMAAJ?hl=de&gbpv=0;Crefeld;Braunschweig;Rezension;Zeitschriftenartikel;;;Krefeld;Braunschweig
Z_R_1857_PRH_0573;Heinrich;Pröhle;Gödeke, Grundriß zur Geschichte der deutschen Dichtung;Archiv für das Studium der neueren Sprachen und Literatur;1857;;;21;;;;;309;;https://www.google.de/books/edition/Archiv_f%C3%BCr_das_Studium_der_neueren_Spra/QHAhAQAAMAAJ?hl=de&gbpv=0;;Braunschweig;Rezension;Zeitschriftenartikel;;;;Braunschweig
Z_R_1857_DNT_0574;H.;Düntzer;Düntzer, Erläuterungen zu Goethe’s Werken;Archiv für das Studium der neueren Sprachen und Literatur;1857;;;22;;;;;434-435;;https://www.google.de/books/edition/Archiv_f%C3%BCr_das_Studium_der_neueren_Spra/cvENAAAAYAAJ?hl=de&gbpv=0;Köln;Braunschweig;Rezension;Zeitschriftenartikel;;;Köln;Braunschweig
Z_R_1858_SAC_0575;[unknown];Sachse;Eckhardt, Anleitung, dichterische Meisterwerke auf eine geist- und herzbildende Weise zu lesen und sich dauernd anzueignen;Archiv für das Studium der neueren Sprachen und Literatur;1858;;;23;;;;;185-186;;https://www.google.de/books/edition/Archiv_f%C3%BCr_das_Studium_der_neueren_Spra/p4Y0AAAAIAAJ?hl=de&gbpv=0;Berlin;Braunschweig;Rezension;Zeitschriftenartikel;;;Berlin;Braunschweig
Z_R_1858_SAC_0576;[unknown];Sachse;Pröhle, Märchen für die Jugend;Archiv für das Studium der neueren Sprachen und Literatur;1858;;;24;;;;;186-187;;https://www.google.de/books/edition/Archiv_f%C3%BCr_das_Studium_der_neueren_Spra/2LQ-AQAAMAAJ?hl=de&gbpv=0;Berlin;Braunschweig;Rezension;Zeitschriftenartikel;;;Berlin;Braunschweig
Z_R_1858_SAC_0577;[unknown];Sachse;Reichel, Mittelhochdeutsches Lesebuch für Gymnasien;Archiv für das Studium der neueren Sprachen und Literatur;1858;;;24;;;;;406-408;;https://www.google.de/books/edition/Archiv_f%C3%BCr_das_Studium_der_neueren_Spra/2LQ-AQAAMAAJ?hl=de&gbpv=0;Berlin;Braunschweig;Rezension;Zeitschriftenartikel;;;Berlin;Braunschweig
Z_R_1858_NIE_0578;Eduard;Niemeyer;Masius, Deutsches Lesebuch für höhere Unterrichts-Anstalten;Archiv für das Studium der neueren Sprachen und Literatur;1858;;;24;;;;;405;;https://www.google.de/books/edition/Archiv_f%C3%BCr_das_Studium_der_neueren_Spra/2LQ-AQAAMAAJ?hl=de&gbpv=0;Krefeld;Braunschweig;Rezension;Zeitschriftenartikel;;;Krefeld;Braunschweig
Z_M_1860_SCH_0579;[unknown];Schroeder;Das Lesen und Declamiren;Archiv für das Studium der neueren Sprachen und Literatur;1860;;;27;;;;;353-390;;https://www.google.de/books/edition/Archiv_f%C3%BCr_das_Studium_der_neueren_Spra/Jn80AAAAIAAJ?hl=de&gbpv=0;Hildesheim;Braunschweig;Methodik;Zeitschriftenartikel;nicht gescannt ;;Hildesheim;Braunschweig
Z_R_1860_BCH_0580;[unknown];Büchsenschütz;Wahlenberg, Kurzgefasste Laut- und Formenlehre der mittelhochdeutschen Sprache für die obern Klassen der Gymnasien;Archiv für das Studium der neueren Sprachen und Literatur;1860;;;27;;;;;107;;https://www.google.de/books/edition/Archiv_f%C3%BCr_das_Studium_der_neueren_Spra/Jn80AAAAIAAJ?hl=de&gbpv=0;Berlin;Braunschweig;Rezension;Zeitschriftenartikel;;;Berlin;Braunschweig
Z_R_1860_BCH_0581;[unknown];Büchsenschütz;Viehoff, Hülfsbuch für den deutschen Unterricht in den obern Klassen höherer Lehranstalten;Archiv für das Studium der neueren Sprachen und Literatur;1860;;;27;;;;;107-108;;https://www.google.de/books/edition/Archiv_f%C3%BCr_das_Studium_der_neueren_Spra/Jn80AAAAIAAJ?hl=de&gbpv=0;Berlin;Braunschweig;Rezension;Zeitschriftenartikel;Sammelrezension, wie: Z_R_1860_BCH_0580;;Berlin;Braunschweig
Z_R_1860_BRE_0582;[unknown];Breysig;Hopf & Paulsiek, Deutsches Lesebuch für Gymnasien, Real- und höhere Bürgerschulen;Archiv für das Studium der neueren Sprachen und Literatur;1860;;;27;;;;;462-464;;https://www.google.de/books/edition/Archiv_f%C3%BCr_das_Studium_der_neueren_Spra/Jn80AAAAIAAJ?hl=de&gbpv=0;Posen;Braunschweig;Rezension;Zeitschriftenartikel;;;Posen;Braunschweig
Z_E_1860_FOS_0583;R.;Foss;Erklärung Uhlandischer Gedichte;Archiv für das Studium der neueren Sprachen und Literatur;1860;;;28;;;;;187-208;;https://www.google.de/books/edition/Archiv_f%C3%BCr_das_Studium_der_neueren_Spra/2H80AAAAIAAJ?hl=de&gbpv=0;Berlin;Braunschweig;Erläuterung;Zeitschriftenartikel;;;Berlin;Braunschweig
Z_R_1860_SAC_0584;[unknown];Sachse;Venn, Deutsche Aufsätze verbunden mit einer Anleitung zur Anfertigung von Aufsätzen und Dispositionen vorzugsweise für die oberen Klassen der Gymnasien und höheren Lehranstalten;Archiv für das Studium der neueren Sprachen und Literatur;1860;;;28;;;;;98;;https://www.google.de/books/edition/Archiv_f%C3%BCr_das_Studium_der_neueren_Spra/2H80AAAAIAAJ?hl=de&gbpv=0;Berlin;Braunschweig;Rezension;Zeitschriftenartikel;;;Berlin;Braunschweig
Z_R_1860_HLS_0585;[unknown];Hülsen;Rudolph, Praktisches Handbuch für den Unterricht in deutschen Stilübungen;Archiv für das Studium der neueren Sprachen und Literatur;1860;;;28;;;;;425-426;;https://www.google.de/books/edition/Archiv_f%C3%BCr_das_Studium_der_neueren_Spra/2H80AAAAIAAJ?hl=de&gbpv=0;;Braunschweig;Rezension;Zeitschriftenartikel;;;;Braunschweig
Z_T_1861_SCH_0586;[unknown];Schmidt;Ueber die Nothwendigkeit einer grösseren Ausbildung in unsrer Muttersprache;Archiv für das Studium der neueren Sprachen und Literatur;1861;;;29;;;;;145-164;;https://www.google.de/books/edition/Archiv_f%C3%BCr_das_Studium_der_neueren_Spra/b9kNAAAAYAAJ?hl=de&gbpv=0;Liesegar;Braunschweig;Theorie;Zeitschriftenartikel;;;Sorau;Braunschweig
Z_R_1861_HW_0587;W.;H.;Götzinger, Stilschule zu Uebungen in der Muttersprache;Archiv für das Studium der neueren Sprachen und Literatur;1861;;;30;;;;;434;;https://www.google.de/books/edition/Archiv_f%C3%BCr_das_Studium_der_neueren_Spra/9D1UAAAAcAAJ?hl=de&gbpv=0;;Braunschweig;Rezension;Zeitschriftenartikel;;;;Braunschweig
Z_R_1861_HW_0588;W.;H.;Rudolph, Praktisches Handbuch für den Unterricht in deutschen Stilübungen;Archiv für das Studium der neueren Sprachen und Literatur;1861;;;30;;;;;434-436;;https://www.google.de/books/edition/Archiv_f%C3%BCr_das_Studium_der_neueren_Spra/9D1UAAAAcAAJ?hl=de&gbpv=0;;Braunschweig;Rezension;Zeitschriftenartikel;Sammelrezension, wie: Z_R_1861_HW_0587;;;Braunschweig
Z_R_1862_SAC_0589;[unknown];Sachse;Frauer, Die Verwendung des deutschen Lesebuchs für den deutschen Unterricht in Gymnasien und Realschulen;Archiv für das Studium der neueren Sprachen und Literatur;1862;;;31;;;;;435-437;;https://www.google.de/books/edition/Archiv_f%C3%BCr_das_Studium_der_neueren_Spra/nbU-AQAAMAAJ?hl=de&gbpv=0;Berlin;Braunschweig;Rezension;Zeitschriftenartikel;;;Berlin;Braunschweig
Z_R_1862_LAA_0590;[unknown];Laas;Bomhard, Dreissig Themata zu Aufsätzen für die höheren Unterrichtsanstalten;Archiv für das Studium der neueren Sprachen und Literatur;1862;;;32;;;;;224-225;;https://www.google.de/books/edition/Archiv_f%C3%BCr_das_Studium_der_neueren_Spra/FlYoAAAAYAAJ?hl=de&gbpv=0;;Braunschweig;Rezension;Zeitschriftenartikel;;;;Braunschweig
Z_R_1863_HLS_0591;[unknown];Hölscher;Wagler, Schulbuch für den deutschen Unterricht in den mittleren Classen der Gymnasien, Real- und höheren Bürgerschulen;Archiv für das Studium der neueren Sprachen und Literatur;1863;;;33;;;;;97-101;;https://www.google.de/books/edition/Archiv_f%C3%BCr_das_Studium_der_neueren_Spra/alYoAAAAYAAJ?hl=de&gbpv=0;Herford;Braunschweig;Rezension;Zeitschriftenartikel;;;Herford;Braunschweig
Z_R_1863_DNT_0592;H.;Düntzer;Düntzer, Letztes Wort über meine Erläuterungen zu den deutschen Classikern;Archiv für das Studium der neueren Sprachen und Literatur;1863;;;33;;;;;348-355;;https://www.google.de/books/edition/Archiv_f%C3%BCr_das_Studium_der_neueren_Spra/alYoAAAAYAAJ?hl=de&gbpv=0;Köln;Braunschweig;Rezension;Zeitschriftenartikel;;;Köln;Braunschweig
Z_R_1864_H_0593;[unknown];H.;Dielitz & Heinrichs, deutsches Lesebuch für die unteren Classen höherer Lehranstalten;Archiv für das Studium der neueren Sprachen und Literatur;1864;;;35;;;;;323-326;;https://www.google.de/books/edition/Archiv_f%C3%BCr_das_Studium_der_neueren_Spra/CT5UAAAAcAAJ?hl=de&gbpv=0;;Braunschweig;Rezension;Zeitschriftenartikel;;;;Braunschweig
Z_R_1864_H_0594;[unknown];H.;Dielitz & Heinrichs, Handbuch der deutschen Literatur für die oberen Classen höherer Lehranstalten;Archiv für das Studium der neueren Sprachen und Literatur;1864;;;35;;;;;323-326;;https://www.google.de/books/edition/Archiv_f%C3%BCr_das_Studium_der_neueren_Spra/CT5UAAAAcAAJ?hl=de&gbpv=0;;Braunschweig;Rezension;Zeitschriftenartikel;Sammelrezension, wie: H_DH_1864_0613;;;Braunschweig
Z_R_1865_JEN_0595;W.;Jensch;Hopf & Paulsiek, Deutsches Lesebuch für Gymnasien, Real- und höhere Bürgerschulen;Archiv für das Studium der neueren Sprachen und Literatur;1865;;;37;;;;;228-230;;https://www.google.de/books/edition/Archiv_f%C3%BCr_das_Studium_der_neueren_Spra/1mshAQAAMAAJ?hl=de&gbpv=0;Magdeburg;Braunschweig;Rezension;Zeitschriftenartikel;;;Magdeburg;Braunschweig
Z_R_1865_ON_0596;[unknown];[unknown];Reuter, Zeugnisse aus dem deutschen Unterrichte in der obersten Klasse des Gymnasiums zu Aurich;Archiv für das Studium der neueren Sprachen und Literatur;1865;;;37;;;;;435;;https://www.google.de/books/edition/Archiv_f%C3%BCr_das_Studium_der_neueren_Spra/1mshAQAAMAAJ?hl=de&gbpv=0;Herford;Braunschweig;Rezension;Zeitschriftenartikel;;;Herford;Braunschweig
Z_R_1865_RUD_0597;L.;Rudolph;Rochholz, Der deutsche Aufsatz;Archiv für das Studium der neueren Sprachen und Literatur;1865;;;38;;;;;439-441;;https://www.google.de/books/edition/Archiv_f%C3%BCr_das_Studium_der_neueren_Spra/1mshAQAAMAAJ?hl=de&gbpv=0;;Braunschweig;Rezension;Zeitschriftenartikel;;;;Braunschweig
Z_X_1868_VOI_0598;A.;Voigt;Ueber das Gemeinsame und Verschiedene bei dem Unterricht in unserer Muttersprache auf Realschulen und Gymnasien;Archiv für das Studium der neueren Sprachen und Literatur;1868;;;43;;;;;1-12;;https://www.google.de/books/edition/Archiv_f%C3%BCr_das_Studium_der_neueren_Spra/fj5UAAAAcAAJ?hl=de&gbpv=0;Neustadt;Braunschweig;Theorie;Zeitschriftenartikel;;;Neustadt;Braunschweig
Z_R_1869_ON_0599;[unknown];[unknown];Serno, Zum deutschen Unterricht;Archiv für das Studium der neueren Sprachen und Literatur;1869;;;44;;;;;451;;https://www.google.de/books/edition/Archiv_f%C3%BCr_das_Studium_der_neueren_Spra/gz5UAAAAcAAJ?hl=de&gbpv=0;;Braunschweig;Rezension;Zeitschriftenartikel;;;;Braunschweig
Z_R_1869_JEN_0600;W.;Jensch;Hopf & Paulsiek, Deutsches Lesebuch für Gymnasien, Real- und höhere Bürgerschulen;Archiv für das Studium der neueren Sprachen und Literatur;1869;;;45;;;;;211-213;;https://www.google.de/books/edition/Archiv_f%C3%BCr_das_Studium_der_neueren_Spra/noU0AAAAIAAJ?hl=de&gbpv=0;Magdeburg;Braunschweig;Rezension;Zeitschriftenartikel;;;Magdeburg;Braunschweig
Z_R_1870_BUR_0601;C.;Burmann;Bonnell, Auswahl deutscher Gedichte systematisch geordnet im Anschluss an ein Lehrbuch der Poetik;Archiv für das Studium der neueren Sprachen und Literatur;1870;;;46;;;;;465-466;;https://www.google.de/books/edition/Archiv_f%C3%BCr_das_Studium_der_neueren_Spra/pz5UAAAAcAAJ?hl=de&gbpv=0;Landsberg a. d. W.;Braunschweig;Rezension;Zeitschriftenartikel;;;Landsberg a. d. W.;Braunschweig
Z_R_1871_NIE_0602;Eduard;Niemeyer;Kluge, Geschichte der deutschen National-Literatur;Archiv für das Studium der neueren Sprachen und Literatur;1871;;;47;;;;;167-168;;https://www.google.de/books/edition/Archiv_f%C3%BCr_das_Studium_der_neueren_Spra/BD9UAAAAcAAJ?hl=de&gbpv=0;Dresden;Braunschweig;Rezension;Zeitschriftenartikel;;;Dresden;Braunschweig
Z_T_1871_HAR_0603;[unknown];Hartung;Die deutsche Novelle und der deutsche Roman;Archiv für das Studium der neueren Sprachen und Literatur;1871;;;48;;;;;391-434;;https://www.google.de/books/edition/Archiv_f%C3%BCr_das_Studium_der_neueren_Spra/9D5UAAAAcAAJ?hl=de&gbpv=0;Sprottau;Braunschweig;Theorie;Zeitschriftenartikel;;;Sprottau;Braunschweig
Z_R_1871_HLS_0604;[unknown];Hölscher;Niemeyer, Deutsche Gedichte zur deutschen Sage und Geschichte;Archiv für das Studium der neueren Sprachen und Literatur;1871;;;48;;;;;184-188;;https://www.google.de/books/edition/Archiv_f%C3%BCr_das_Studium_der_neueren_Spra/9D5UAAAAcAAJ?hl=de&gbpv=0;Herford;Braunschweig;Rezension;Zeitschriftenartikel;;;Herford;Braunschweig
Z_R_1872_SCH_0605;Anton;Schoenbach;Viehoff, Goethe’s Gedichte, erläutert und auf ihre Veranlassung, Quellen und Vorbilder zurückgeführt nebst Variantensammlung;Archiv für das Studium der neueren Sprachen und Literatur;1872;;;50;;;;;205-210;;https://www.google.de/books/edition/Archiv_f%C3%BCr_das_Studium_der_neueren_Spra/RIA0AAAAIAAJ?hl=de&gbpv=0;Berlin;Braunschweig;Rezension;Zeitschriftenartikel;;;Berlin;Braunschweig
Z_R_1874_NIE_0606;Eduard;Niemeyer;Kluge, Geschichte der deutschen Nationalliteratur. Zum Gebrauche an höheren Unterrichtsanstalten und zum Selbststudium;Archiv für das Studium der neueren Sprachen und Literatur;1874;;;52;;;;;415-416;;https://www.google.de/books/edition/Archiv_f%C3%BCr_das_Studium_der_neueren_Spra/yIIeAQAAMAAJ?hl=de&gbpv=0;Dresden;Braunschweig;Rezension;Zeitschriftenartikel;;;Dresden;Braunschweig
Z_R_1875_WEI_0607;[unknown];Weigand;Gerber, Die Sprache als Kunst;Archiv für das Studium der neueren Sprachen und Literatur;1875;;;54;;;;;97-99;;https://www.google.de/books/edition/Archiv_f%C3%BCr_das_Studium_der_neueren_Spra/XDVKAAAAYAAJ?hl=de&gbpv=0;Bromberg;Braunschweig;Rezension;Zeitschriftenartikel;;;Bromberg;Braunschweig
Z_R_1875_MRK_0608;[unknown];Märkel;Weismann, Ludwig der Baier. Ein Schauspiel in fünf Aufzügen von Ludwig Uhland. Schulausgabe mit Anmerkungen;Archiv für das Studium der neueren Sprachen und Literatur;1875;;;54;;;;;419;;https://www.google.de/books/edition/Archiv_f%C3%BCr_das_Studium_der_neueren_Spra/XDVKAAAAYAAJ?hl=de&gbpv=0;;Braunschweig;Rezension;Zeitschriftenartikel;;;;Braunschweig
Z_T_1876_EYA_0609;Adolf;Ey;Die neueren Sprachen auf dem Gymnasium im Dienste der Geschichte;Archiv für das Studium der neueren Sprachen und Literatur;1876;;;55;;;;;309-314;;https://www.google.de/books/edition/Archiv_f%C3%BCr_das_Studium_der_neueren_Spra/5LQzAQAAMAAJ?hl=de&gbpv=0;;Braunschweig;Theorie;Zeitschriftenartikel;;;;Braunschweig
Z_R_1877_HLS_0610;[unknown];Hölscher;Richter, Iwein und Parzival. Zwei Rittersagen des Mittelalters;Archiv für das Studium der neueren Sprachen und Literatur;1877;;;58;;;;;221-222;;https://www.google.de/books/edition/Archiv_f%C3%BCr_das_Studium_der_neueren_Spra/uLo-AQAAMAAJ?hl=de&gbpv=0;Herford;Braunschweig;Rezension;Zeitschriftenartikel;;;Herford;Braunschweig
Z_R_1878_NIE_0611;Eduard;Niemeyer;Kluge, Auswahl deutscher Gedichte. Im Anschluss an die Geschichte der deutschen Nationalliteratur;Archiv für das Studium der neueren Sprachen und Literatur;1878;;;59;;;;;460-461;;https://www.google.de/books/edition/ASNS/hN8ZtkUP444C?hl=de&gbpv=0;Dresden;Braunschweig;Rezension;Zeitschriftenartikel;;;Dresden;Braunschweig
Z_R_1878_LSC_0612;Hans;Löschhorn;Buschmann, Deutsches Lesebuch für die Oberklassen höherer Lehranstalten;Archiv für das Studium der neueren Sprachen und Literatur;1878;;;60;;;;;226-228;;https://www.google.de/books/edition/Archiv_f%C3%BCr_das_Studium_der_neueren_Spra/7KUzAQAAMAAJ?hl=de&gbpv=0;Berlin;Braunschweig;Rezension;Zeitschriftenartikel;;;Berlin;Braunschweig
Z_R_1878_HEN_0613;Emil;Henrici;Wirth, Leitfaden für den Unterricht in der Geschichte der deutschen Nationalliteratur für höhere Lehranstalten;Archiv für das Studium der neueren Sprachen und Literatur;1878;;;60;;;;;231-233;;https://www.google.de/books/edition/Archiv_f%C3%BCr_das_Studium_der_neueren_Spra/7KUzAQAAMAAJ?hl=de&gbpv=0;Berlin;Braunschweig;Rezension;Zeitschriftenartikel;;;Berlin;Braunschweig
Z_R_1879_ON_0614;[unknown];[unknown];Büchmann, Geflügelte Worte. Der Citatenschatz des deutschen Volkes;Archiv für das Studium der neueren Sprachen und Literatur;1879;;;61;;;;;478;;https://www.google.de/books/edition/Archiv_f%C3%BCr_das_Studium_der_neueren_Spra/1WgVAAAAYAAJ?hl=de&gbpv=0;;Braunschweig;Rezension;Zeitschriftenartikel;;;;Braunschweig
Z_R_1879_ON_0615;[unknown];[unknown];Strzemcha, Geschichte der deutschen Nationalliteratur. Zum Gebrauche an höheren Lehranstalten;Archiv für das Studium der neueren Sprachen und Literatur;1879;;;62;;;;;110;;https://www.google.de/books/edition/Archiv_f%C3%BCr_das_Studium_der_neueren_Spra/2s1DAQAAIAAJ?hl=de&gbpv=0;;Braunschweig;Rezension;Zeitschriftenartikel;;;;Braunschweig
Z_R_1879_ON_0616;[unknown];[unknown];Gerling, Der deutsche Aufsatz, ein Hand- und Hilfsbuch für den Unterricht an Bürger-, Mittel-, Fortbildungs- und höheren Töchterschulen, sowie zum Selbstgebrauch;Archiv für das Studium der neueren Sprachen und Literatur;1879;;;62;;;;;111;;https://www.google.de/books/edition/Archiv_f%C3%BCr_das_Studium_der_neueren_Spra/2s1DAQAAIAAJ?hl=de&gbpv=0;;Braunschweig;Rezension;Zeitschriftenartikel;;1;;Braunschweig
Z_R_1879_RIF_0617;Julius;Riffert;Pröhle, Deutsche Sagen;Archiv für das Studium der neueren Sprachen und Literatur;1879;;;62;;;;;444-449;;https://www.google.de/books/edition/Archiv_f%C3%BCr_das_Studium_der_neueren_Spra/2s1DAQAAIAAJ?hl=de&gbpv=0;;Braunschweig;Rezension;Zeitschriftenartikel;;;;Braunschweig
Z_R_1880_ON_0618;[unknown];[unknown];Buschmann, Abriss der Poetik und Stilistik für höhere Lehranstalten;Archiv für das Studium der neueren Sprachen und Literatur;1880;;;64;;;;;103;;https://www.google.de/books/edition/Archiv_f%C3%BCr_das_Studium_der_neueren_Spra/yFwVAAAAYAAJ?hl=de&gbpv=0;;Braunschweig;Rezension;Zeitschriftenartikel;;;;Braunschweig
Z_R_1880_ON_0619;[unknown];[unknown];Fischer, Geschichte der deutschen National-Literatur. Zum Gebrauche an höheren Lehranstalten und zum Selbstunterrichte;Archiv für das Studium der neueren Sprachen und Literatur;1880;;;64;;;;;103;;https://www.google.de/books/edition/Archiv_f%C3%BCr_das_Studium_der_neueren_Spra/yFwVAAAAYAAJ?hl=de&gbpv=0;;Braunschweig;Rezension;Zeitschriftenartikel;;;;Braunschweig
Z_R_1880_ON_0620;[unknown];[unknown];Leuchtenberger, Dispositionen über Themata zu deutschen Arbeiten für die oberen Classen höherer Lehranstalten;Archiv für das Studium der neueren Sprachen und Literatur;1880;;;64;;;;;104-105;;https://www.google.de/books/edition/Archiv_f%C3%BCr_das_Studium_der_neueren_Spra/yFwVAAAAYAAJ?hl=de&gbpv=0;;Braunschweig;Rezension;Zeitschriftenartikel;;;;Braunschweig
Z_R_1880_ON_0621;[unknown];[unknown];Köpert, Lehrbuch der Poetik für Unterricht und Selbststudium;Archiv für das Studium der neueren Sprachen und Literatur;1880;;;64;;;;;200-201;;https://www.google.de/books/edition/Archiv_f%C3%BCr_das_Studium_der_neueren_Spra/yFwVAAAAYAAJ?hl=de&gbpv=0;;Braunschweig;Rezension;Zeitschriftenartikel;;;;Braunschweig
Z_R_1880_ON_0622;[unknown];[unknown];Imelmann, Deutsche Dichtung im Liede. Geschichte literaturgeschichtlichen Inhalts;Archiv für das Studium der neueren Sprachen und Literatur;1880;;;64;;;;;222;;https://www.google.de/books/edition/Archiv_f%C3%BCr_das_Studium_der_neueren_Spra/yFwVAAAAYAAJ?hl=de&gbpv=0;;Braunschweig;Rezension;Zeitschriftenartikel;;;;Braunschweig
Z_R_1880_ON_0623;[unknown];[unknown];Bechstein, Ausgewählte Gedichte Walther’s von der Vogelweide und seiner Schüler;Archiv für das Studium der neueren Sprachen und Literatur;1880;;;64;;;;;417-418;;https://www.google.de/books/edition/Archiv_f%C3%BCr_das_Studium_der_neueren_Spra/yFwVAAAAYAAJ?hl=de&gbpv=0;;Braunschweig;Rezension;Zeitschriftenartikel;;;;Braunschweig
Z_R_1880_ON_0624;[unknown];[unknown];Beck, Lehrbuch des deutschen Prosastils für höhere Unterrichtsanstalten wie auch zum Privatgebrauche;Archiv für das Studium der neueren Sprachen und Literatur;1880;;;64;;;;;419;;https://www.google.de/books/edition/Archiv_f%C3%BCr_das_Studium_der_neueren_Spra/yFwVAAAAYAAJ?hl=de&gbpv=0;;Braunschweig;Rezension;Zeitschriftenartikel;;;;Braunschweig
Z_R_1880_ON_0625;[unknown];[unknown];Kohts et al., Deutsches Lesebuch für höhere Lehranstalten;Archiv für das Studium der neueren Sprachen und Literatur;1880;;;64;;;;;419;;https://www.google.de/books/edition/Archiv_f%C3%BCr_das_Studium_der_neueren_Spra/yFwVAAAAYAAJ?hl=de&gbpv=0;;Braunschweig;Rezension;Zeitschriftenartikel;;;;Braunschweig
Z_R_1882_KHN_0626;[unknown];Kühne;Hornemann, Ausgewählte Gedichte Walthers von der Vogelweide nebst einigen Proben aus der ältesten deutschen Literatur;Archiv für das Studium der neueren Sprachen und Literatur;1882;;;68;;;;;414;;https://www.google.de/books/edition/ASNS/MOuZXISWC24C?hl=de&gbpv=0;;Braunschweig;Rezension;Zeitschriftenartikel;;;;Braunschweig
Z_R_1884_H_0627;[unknown];H.;Colshorn, Des Mägdleins Dichterwald. Stufenmässig geordnete Auswahl deutscher Gedichte für Mädchen;Archiv für das Studium der neueren Sprachen und Literatur;1884;;;72;;;;;450;;https://www.google.de/books/edition/Archiv_f%C3%BCr_das_Studium_der_neueren_Spra/dNFDAQAAIAAJ?hl=de&gbpv=0;;Braunschweig;Rezension;Zeitschriftenartikel;;1;;Braunschweig
Z_R_1884_ON_0628;[unknown];[unknown];Hense, Auswahl deutscher Poesie und Prosa mit litterarhistorischen Darstellungen und Übersichten;Archiv für das Studium der neueren Sprachen und Literatur;1884;;;72;;;;;222-223;;https://www.google.de/books/edition/Archiv_f%C3%BCr_das_Studium_der_neueren_Spra/dNFDAQAAIAAJ?hl=de&gbpv=0;;Braunschweig;Rezension;Zeitschriftenartikel;;;;Braunschweig
Z_R_1887_ON_0629;[unknown];[unknown];Menge, Geschichte der deutschen Litteratur mit besonderer Berücksichtigung der neueren und neuesten Zeit im Umrisse;Archiv für das Studium der neueren Sprachen und Literatur;1887;;;77;;;;;420-423;;https://www.google.de/books/edition/Archiv_f%C3%BCr_das_Studium_der_neueren_Spra/qdSkPKd05PUC?hl=de&gbpv=0;;Braunschweig;Rezension;Zeitschriftenartikel;;;;Braunschweig
Z_R_1887_ON_0630;[unknown];[unknown];Kern, Deutsche Dramen als Schullektüre;Archiv für das Studium der neueren Sprachen und Literatur;1887;;;78;;;;;327-329;;https://www.google.de/books/edition/_/E7o-AQAAMAAJ?hl=de&sa=X&ved=2ahUKEwiIopTq1K-KAxUshP0HHa-CNiYQre8FegQIAxAa;;Braunschweig;Rezension;Zeitschriftenartikel;;;;Braunschweig
Z_R_1887_ON_0631;[unknown];[unknown];Egelhaaf, Grundriss der deutschen Litteraturgeschichte;Archiv für das Studium der neueren Sprachen und Literatur;1887;;;78;;;;;335;;https://www.google.de/books/edition/_/E7o-AQAAMAAJ?hl=de&sa=X&ved=2ahUKEwiIopTq1K-KAxUshP0HHa-CNiYQre8FegQIAxAa;;Braunschweig;Rezension;Zeitschriftenartikel;;;;Braunschweig
Z_R_1887_ON_0632;[unknown];[unknown];Werther, Litterarische und dramaturgische Abhandlungen;Archiv für das Studium der neueren Sprachen und Literatur;1887;;;78;;;;;335-336;;https://www.google.de/books/edition/_/E7o-AQAAMAAJ?hl=de&sa=X&ved=2ahUKEwiIopTq1K-KAxUshP0HHa-CNiYQre8FegQIAxAa;;Braunschweig;Rezension;Zeitschriftenartikel;;;;Braunschweig
Z_R_1888_HLS_0633;[unknown];Hölscher;Schultz, Meditationen. Eine Sammlung von Entwürfen zu Besprechungen und Aufgaben für den deutschen Unterricht in den oberen Klassen höherer Lehranstalten;Archiv für das Studium der neueren Sprachen und Literatur;1888;;;80;;;;;221-224;;https://www.google.de/books/edition/Archiv_f%C3%BCr_das_Studium_der_neueren_Spra/vbk-AQAAMAAJ?hl=de&gbpv=0;Herford;Braunschweig;Rezension;Zeitschriftenartikel;;;Herford;Braunschweig
Z_R_1888_ON_0634;[unknown];[unknown];Humperdinck, Über den Vortrag epischer und lyrischer Dichtungen;Archiv für das Studium der neueren Sprachen und Literatur;1888;;;81;;;;;454;;https://www.google.de/books/edition/Archiv_f%C3%BCr_das_Studium_der_neueren_Spra/SAxEuFSPogkC?hl=de&gbpv=0;;Braunschweig;Rezension;Zeitschriftenartikel;;;;Braunschweig
Z_R_1888_ON_0635;[unknown];[unknown];Schultz, Die Grundzüge der Meditation. Eine Anleitung zum Entwerfen von Aufsätzen und Vorträgen für die oberen Klassen höherer Lehranstalten als Vorstufe zu den „Meditationen“;Archiv für das Studium der neueren Sprachen und Literatur;1888;;;81;;;;;455;;https://www.google.de/books/edition/Archiv_f%C3%BCr_das_Studium_der_neueren_Spra/SAxEuFSPogkC?hl=de&gbpv=0;;Braunschweig;Rezension;Zeitschriftenartikel;;;;Braunschweig
Z_R_1888_ON_0636;[unknown];[unknown];Gräve, Präparationen zur Behandlung deutscher Musterstücke in der Volksschule. Oberstufe. Fünftes und sechstes Schuljahr;Archiv für das Studium der neueren Sprachen und Literatur;1888;;;81;;;;;459-460;;https://www.google.de/books/edition/Archiv_f%C3%BCr_das_Studium_der_neueren_Spra/SAxEuFSPogkC?hl=de&gbpv=0;;Braunschweig;Rezension;Zeitschriftenartikel;;;;Braunschweig
Z_R_1888_ON_0637;[unknown];[unknown];Leimbach, Die deutschen Dichter der Neuzeit und Gegenwart;Archiv für das Studium der neueren Sprachen und Literatur;1888;;;81;;;;;460-461;;https://www.google.de/books/edition/Archiv_f%C3%BCr_das_Studium_der_neueren_Spra/SAxEuFSPogkC?hl=de&gbpv=0;;Braunschweig;Rezension;Zeitschriftenartikel;;;;Braunschweig
Z_R_1889_ON_0638;[unknown];[unknown];Zürn, Goethes Egmont. Mit ausführlichen Erläuterungen für den Schulgebrauch und das Privatstudium;Archiv für das Studium der neueren Sprachen und Literatur;1889;;;82;;;;;221-223;;https://www.google.de/books/edition/Archiv_f%C3%BCr_das_Studium_der_neueren_Spra/ark-AQAAMAAJ?hl=de&gbpv=0;;Braunschweig;Rezension;Zeitschriftenartikel;;;;Braunschweig
Z_R_1889_ON_0639;[unknown];[unknown];Blume, Goethes Egmont. Mit Einleitung und Anmerkungen;Archiv für das Studium der neueren Sprachen und Literatur;1889;;;82;;;;;358;;https://www.google.de/books/edition/Archiv_f%C3%BCr_das_Studium_der_neueren_Spra/ark-AQAAMAAJ?hl=de&gbpv=0;;Braunschweig;Rezension;Zeitschriftenartikel;;;;Braunschweig
Z_R_1889_ON_0640;[unknown];[unknown];Zürn, Heinrich von Kleists Hermannsschlacht. Ein Drama. Für Schule und Haus;Archiv für das Studium der neueren Sprachen und Literatur;1889;;;82;;;;;358-359;;https://www.google.de/books/edition/Archiv_f%C3%BCr_das_Studium_der_neueren_Spra/ark-AQAAMAAJ?hl=de&gbpv=0;;Braunschweig;Rezension;Zeitschriftenartikel;;;;Braunschweig
Z_R_1889_LH_0641;H.;L.;Kern, Goethes Lyrik ausgewählt und erklärt für die oberen Klassen höherer Schulen;Archiv für das Studium der neueren Sprachen und Literatur;1889;;;83;;;;;348;;https://www.google.de/books/edition/Archiv_f%C3%BCr_das_Studium_der_neueren_Spra/f7k-AQAAMAAJ?hl=de&gbpv=0;;Braunschweig;Rezension;Zeitschriftenartikel;;;;Braunschweig
Z_R_1889_ON_0642;[unknown];[unknown];Maydorn, Hilfsbücher für den deutschen Unterricht;Archiv für das Studium der neueren Sprachen und Literatur;1889;;;83;;;;;455;;https://www.google.de/books/edition/Archiv_f%C3%BCr_das_Studium_der_neueren_Spra/f7k-AQAAMAAJ?hl=de&gbpv=0;;Braunschweig;Rezension;Zeitschriftenartikel;;;;Braunschweig
Z_R_1890_BAC_0643;Fr.;Bachmann;Goldscheider, Die Erklärung deutscher Schriftwerke in den oberen Klassen höherer Lehranstalten;Archiv für das Studium der neueren Sprachen und Literatur;1890;;;84;;;;;154-158;;https://www.google.de/books/edition/Archiv_f%C3%BCr_das_Studium_der_neueren_Spra/qDSJdRkydNsC?hl=de&gbpv=0;Berlin;Braunschweig;Rezension;Zeitschriftenartikel;;;Berlin;Braunschweig
Z_R_1890_BAC_0644;Fr.;Bachmann;Paukstadt, Entwürfe zu deutschen Aufsätzen und mündlichen Besprechungen für die Sekunda;Archiv für das Studium der neueren Sprachen und Literatur;1890;;;84;;;;;158-161;;https://www.google.de/books/edition/Archiv_f%C3%BCr_das_Studium_der_neueren_Spra/qDSJdRkydNsC?hl=de&gbpv=0;Berlin;Braunschweig;Rezension;Zeitschriftenartikel;;;Berlin;Braunschweig
Z_R_1890_SPE_0645;Fr.;Speyer;Otto, Auswahl deutscher Gedichte für höhere Mädchenschulen;Archiv für das Studium der neueren Sprachen und Literatur;1890;;;85;;;;;63-66;;https://www.google.de/books/edition/_/8I2YSRMGH1EC?hl=de&gbpv=0;Berlin;Braunschweig;Rezension;Zeitschriftenartikel;;1;Berlin;Braunschweig
Z_R_1890_BAC_0646;Fr.;Bachmann;Deinhardt, Beiträge zur Dispositionslehre. Für den Gebrauch an höheren Lehranstalten;Archiv für das Studium der neueren Sprachen und Literatur;1890;;;85;;;;;438-439;;https://www.google.de/books/edition/_/8I2YSRMGH1EC?hl=de&gbpv=0;Berlin;Braunschweig;Rezension;Zeitschriftenartikel;;;Berlin;Braunschweig
Z_L_1886_B_0647;[unknown];B.;Zur deutschen Verslehre;Der practische Schulmann. Archiv für Materialien zum Unterricht in den Real-, Bürger- und Volksschulen;1886;;;35;;;;35;553-558;;https://digital.slub-dresden.de/werkansicht/dlf/89772/1;;Leipzig;Lehrmittel;Zeitschriftenartikel;;;;Lepizig
Z_E_1876_BAR_0648;[unknown];Bartels;Der Göttinger Dichterbund;Der practische Schulmann. Archiv für Materialien zum Unterricht in den Real-, Bürger- und Volksschulen;1876;;;25;;;;9;118-125;;https://digital.slub-dresden.de/werkansicht/dlf/91023/1;;Leipzig;Erläuterung;Zeitschriftenartikel;;;;Lepizig
Z_E_1854_BEC_0649;E., Th.;Becker;Bertram de Born. Romanze von Uhland;Der practische Schulmann. Archiv für Materialien zum Unterricht in den Real-, Bürger- und Volksschulen;1854;;;3;;;;12;167-173;;https://digital.slub-dresden.de/werkansicht/dlf/90552/1;;Leipzig;Erläuterung;Zeitschriftenartikel;;;;Lepizig
Z_E_1856_BEC_0650;[unknown];Becker;Der Graf von Habsburg;Der practische Schulmann. Archiv für Materialien zum Unterricht in den Real-, Bürger- und Volksschulen;1856;;;5;;;;32;455-464;;https://digital.slub-dresden.de/werkansicht/dlf/90562/1;;Leipzig;Erläuterung;Zeitschriftenartikel;;;;Lepizig
Z_E_1853_BEC_0651;E., Th.;Becker;Der Sänger, Romanze von Goethe;Der practische Schulmann. Archiv für Materialien zum Unterricht in den Real-, Bürger- und Volksschulen;1853;;;2;;;;4;51-61;;https://digital.slub-dresden.de/werkansicht/dlf/90301/1;;Leipzig;Erläuterung;Zeitschriftenartikel;;;;Lepizig
Z_E_1852_BEC_0652;E., Th.;Becker;Erläuterung der Goethe’schen Ballade: Der Fischer;Der practische Schulmann. Archiv für Materialien zum Unterricht in den Real-, Bürger- und Volksschulen;1852;;;1;;;;5;57-62;;https://digital.slub-dresden.de/werkansicht/dlf/90300/1;;Leipzig;Erläuterung;Zeitschriftenartikel;;;;Lepizig
Z_E_1852_BEC_0653;E., Th.;Becker;Goethe’sche Balladen;Der practische Schulmann. Archiv für Materialien zum Unterricht in den Real-, Bürger- und Volksschulen;1852;;;1;;;;13;168-175;;https://digital.slub-dresden.de/werkansicht/dlf/90300/1;;Leipzig;Erläuterung;Zeitschriftenartikel;;;;Lepizig
Z_M_1866_BES_0654;A.;Beschnitt;Eine Selbstbiographie als Denk- und Aufsatzübung;Der practische Schulmann. Archiv für Materialien zum Unterricht in den Real-, Bürger- und Volksschulen;1866;;;15;;;;19;294-300;;https://digital.slub-dresden.de/werkansicht/dlf/90314/1;;Leipzig;Methodik;Zeitschriftenartikel;;;;Lepizig
Z_E_1868_BLO_0655;[unknown];Block;Zur Geschichte der deutschen Fabel-Literatur;Der practische Schulmann. Archiv für Materialien zum Unterricht in den Real-, Bürger- und Volksschulen;1868;;;17;;;;39;573-584;;https://digital.slub-dresden.de/werkansicht/dlf/90319/1;;Leipzig;Erläuterung;Zeitschriftenartikel;;;;Lepizig
Z_E_1868_BLO_0656;[unknown];Block;Zur Geschichte der deutschen Fabel-Literatur;Der practische Schulmann. Archiv für Materialien zum Unterricht in den Real-, Bürger- und Volksschulen;1868;;;17;;;;41;608-624;;https://digital.slub-dresden.de/werkansicht/dlf/90319/1;;Leipzig;Erläuterung;Zeitschriftenartikel;;;;Lepizig
Z_E_1857_BRE_0657;[unknown];Breidenstein;Des Schäfers Sonntagslied von Lud. Uhland;Der practische Schulmann. Archiv für Materialien zum Unterricht in den Real-, Bürger- und Volksschulen;1857;;;6;;;;1;10-19;;https://digital.slub-dresden.de/werkansicht/dlf/90561/1;;Leipzig;Erläuterung;Zeitschriftenartikel;;;;Lepizig
Z_E_1858_BRE_0658;W.;Breidenstein;Erklärung des Gedichts „Die alte Waschfrau“ von Ad. v. Chamisso;Der practische Schulmann. Archiv für Materialien zum Unterricht in den Real-, Bürger- und Volksschulen;1858;;;7;;;;12;178-184;;https://digital.slub-dresden.de/werkansicht/dlf/90302/1;;Leipzig;Erläuterung;Zeitschriftenartikel;;;;Lepizig
Z_M_1856_COR_0659;[unknown];Cornelius;Aufsatzübung in Vta oder IVta einer höhern Schule;Der practische Schulmann. Archiv für Materialien zum Unterricht in den Real-, Bürger- und Volksschulen;1856;;;5;;;;6;90-95;;https://digital.slub-dresden.de/werkansicht/dlf/90562/1;;Leipzig;Methodik;Zeitschriftenartikel;;;;Lepizig
Z_E_1852_COR_0660;[unknown];Cornelius;Behandlung deutscher Gedichte auf den unteren Klassen höherer Schulen;Der practische Schulmann. Archiv für Materialien zum Unterricht in den Real-, Bürger- und Volksschulen;1852;;;1;;;;14;398-400;;https://digital.slub-dresden.de/werkansicht/dlf/90300/1;;Leipzig;Erläuterung;Zeitschriftenartikel;;;;Lepizig
Z_M_1853_COR_0661;[unknown];Cornelius;Behandlung deutscher Gedichte in den Oberklassen der Bürgerschule;Der practische Schulmann. Archiv für Materialien zum Unterricht in den Real-, Bürger- und Volksschulen;1853;;;2;;;;25;362-364;;https://digital.slub-dresden.de/werkansicht/dlf/90301/1;;Leipzig;Methodik;Zeitschriftenartikel;;;;Lepizig
Z_M_1853_COR_0662;[unknown];Cornelius;Behandlung deutscher Gedichte in den Oberklassen der Bürgerschule;Der practische Schulmann. Archiv für Materialien zum Unterricht in den Real-, Bürger- und Volksschulen;1853;;;2;;;;30;441-443;;https://digital.slub-dresden.de/werkansicht/dlf/90301/1;;Leipzig;Methodik;Zeitschriftenartikel;;;;Lepizig
Z_M_1856_COR_0663;[unknown];Cornelius;Behandlung von Gedichten in Vta und IVta;Der practische Schulmann. Archiv für Materialien zum Unterricht in den Real-, Bürger- und Volksschulen;1856;;;5;;;;19;261-266;;https://digital.slub-dresden.de/werkansicht/dlf/90562/1;;Leipzig;Methodik;Zeitschriftenartikel;;;;Lepizig
Z_E_1852_CUR_0664;[unknown];Curtman;Die richtige Betonung;Der practische Schulmann. Archiv für Materialien zum Unterricht in den Real-, Bürger- und Volksschulen;1852;;;1;;;;15;207-212;;https://digital.slub-dresden.de/werkansicht/dlf/90300/1;;Leipzig;Erläuterung;Zeitschriftenartikel;;;;Lepizig
Z_E_1873_DEJ_0665;August;de Jung;Der bildliche Ausdruck in der Sprache mit Rücksicht auf die Bildersprache der h. Schrift;Der practische Schulmann. Archiv für Materialien zum Unterricht in den Real-, Bürger- und Volksschulen;1873;;;22;;;;2;20-38;;https://digital.slub-dresden.de/werkansicht/dlf/92122/1;;Leipzig;Erläuterung;Zeitschriftenartikel;;;;Lepizig
Z_E_1867_DIE_0666;[unknown];Diesenbach;Die Gleichnisse in Klopstocks Messias;Der practische Schulmann. Archiv für Materialien zum Unterricht in den Real-, Bürger- und Volksschulen;1867;;;16;;;;38;576-580;;https://digital.slub-dresden.de/werkansicht/dlf/91515/1;;Leipzig;Erläuterung;Zeitschriftenartikel;;;;Lepizig
Z_E_1859_DIE_0667;W.;Dietlein;Einige Stunden Literaturgeschichte in der Oberklasse einer höheren Töchterschule;Der practische Schulmann. Archiv für Materialien zum Unterricht in den Real-, Bürger- und Volksschulen;1859;;;8;;;;28;423-436;;https://digital.slub-dresden.de/werkansicht/dlf/92119/1;;Leipzig;Empirie;Zeitschriftenartikel;;1;;Lepizig
Z_E_1868_DIE_0668;[unknown];Diesenbach;Ueber die poetische Anwendung und Bedeutung der Ausdrücke Perle, Edelstein, Rubin, Smaragd, Saphir, Krystall, Koralle;Der practische Schulmann. Archiv für Materialien zum Unterricht in den Real-, Bürger- und Volksschulen;1868;;;17;;;;2;18-27;;https://digital.slub-dresden.de/werkansicht/dlf/90319/1;;Leipzig;Erläuterung;Zeitschriftenartikel;;;;Lepizig
Z_E_1864_DIE_0669;Fr.;Dies;Ueber Lessing’s Emilia Galotti;Der practische Schulmann. Archiv für Materialien zum Unterricht in den Real-, Bürger- und Volksschulen;1864;;;13;;;;1;6-18;;https://digital.slub-dresden.de/werkansicht/dlf/90306/1;;Leipzig;Erläuterung;Zeitschriftenartikel;;;;Lepizig
Z_E_1872_DRS_0670;J.;Dräseke;Erläuterungen zu deutschen Balladen und Romanzen von Theodor Schulze;Der practische Schulmann. Archiv für Materialien zum Unterricht in den Real-, Bürger- und Volksschulen;1872;;;21;;;;27;401-418;;https://digital.slub-dresden.de/werkansicht/dlf/90320/1;;Leipzig;Erläuterung;Zeitschriftenartikel;;;;Lepizig
Z_T_1873_DRS_0671;J.;Dräseke;Erläuterungen zu deutschen Balladen und Romanzen von Theodor Schulze;Der practische Schulmann. Archiv für Materialien zum Unterricht in den Real-, Bürger- und Volksschulen;1873;;;22;;;;17;263-270;;https://digital.slub-dresden.de/werkansicht/dlf/92122/1;;Leipzig;Theorie;Zeitschriftenartikel;;;;Lepizig
Z_T_1868_DRS_0672;[unknown];Dräseke;Litteraturgeschichtliche Beiträge;Der practische Schulmann. Archiv für Materialien zum Unterricht in den Real-, Bürger- und Volksschulen;1868;;;17;;;;1;7-14;;https://digital.slub-dresden.de/werkansicht/dlf/90319/1;;Leipzig;Theorie;Zeitschriftenartikel;;;;Lepizig
Z_E_1873_DRS_0673;J.;Dräseke;Literaturgeschichtliche Beiträge;Der practische Schulmann. Archiv für Materialien zum Unterricht in den Real-, Bürger- und Volksschulen;1873;;;22;;;;43;646-655;;https://digital.slub-dresden.de/werkansicht/dlf/92122/1;;Leipzig;Erläuterung;Zeitschriftenartikel;;;;Lepizig
Z_E_1873_ECK_0674;Ernst;Eckart;Die Frühlingsfeier, Ode von Klopstock;Der practische Schulmann. Archiv für Materialien zum Unterricht in den Real-, Bürger- und Volksschulen;1873;;;22;;;;3;39-47;;https://digital.slub-dresden.de/werkansicht/dlf/92122/1;;Leipzig;Erläuterung;Zeitschriftenartikel;;;;Lepizig
Z_E_1882_FRB_0675;F.;Färber;Über den Aufsatz;Der practische Schulmann. Archiv für Materialien zum Unterricht in den Real-, Bürger- und Volksschulen;1882;;;31;;;;19;284-288;;https://digital.slub-dresden.de/werkansicht/dlf/89765/1;;Leipzig;Erläuterung;Zeitschriftenartikel;;;;Lepizig
Z_M_1885_GBL_0676;Ludwig;Gäbler;Der Charakter der Ottilie, ein Stück Pädagogik aus Goethes Wahlverwandtschaften;Der practische Schulmann. Archiv für Materialien zum Unterricht in den Real-, Bürger- und Volksschulen;1885;;;34;;;;16;244-248;;https://digital.slub-dresden.de/werkansicht/dlf/89769/1;;Leipzig;Methodik;Zeitschriftenartikel;;;;Lepizig
Z_E_1863_GAR_0677;Fr.;Gartz;Das Glasgemälde;Der practische Schulmann. Archiv für Materialien zum Unterricht in den Real-, Bürger- und Volksschulen;1863;;;12;;;;38;576-583;;https://digital.slub-dresden.de/werkansicht/dlf/90308/1;;Leipzig;Erläuterung;Zeitschriftenartikel;;;;Lepizig
Z_E_1868_GRT_0678;[unknown];Gärtner;Erläuterungen deutscher Gedichte;Der practische Schulmann. Archiv für Materialien zum Unterricht in den Real-, Bürger- und Volksschulen;1868;;;17;;;;42;625-629;;https://digital.slub-dresden.de/werkansicht/dlf/90319/1;;Leipzig;Erläuterung;Zeitschriftenartikel;;;;Lepizig
Z_E_1886_GES_0679;G.;Gesell;Entwürfe zu gehaltenen öffentlichen Vorträgen;Der practische Schulmann. Archiv für Materialien zum Unterricht in den Real-, Bürger- und Volksschulen;1886;;;35;;;;41;656-661;;https://digital.slub-dresden.de/werkansicht/dlf/89772/1;;Leipzig;Erläuterung;Zeitschriftenartikel;;;;Lepizig
Z_M_1855_GLK_0680;J. P.;Glökler;Behandlung deutscher Lesestücke;Der practische Schulmann. Archiv für Materialien zum Unterricht in den Real-, Bürger- und Volksschulen;1855;;;4;;;;2;25-34;;https://digital.slub-dresden.de/werkansicht/dlf/90560/1;;Leipzig;Methodik;Zeitschriftenartikel;;;;Lepizig
Z_M_1855_GLK_0681;J. P.;Glökler;Behandlung deutscher Lesestücke;Der practische Schulmann. Archiv für Materialien zum Unterricht in den Real-, Bürger- und Volksschulen;1855;;;4;;;;26;360-365;;https://digital.slub-dresden.de/werkansicht/dlf/90560/1;;Leipzig;Methodik;Zeitschriftenartikel;;;;Lepizig
Z_M_1855_GLK_0682;J. P.;Glökler;Behandlung deutscher Lesestücke;Der practische Schulmann. Archiv für Materialien zum Unterricht in den Real-, Bürger- und Volksschulen;1855;;;4;;;;30;417-422;;https://digital.slub-dresden.de/werkansicht/dlf/90560/1;;Leipzig;Methodik;Zeitschriftenartikel;;;;Lepizig
Z_M_1855_GLK_0683;J. P.;Glökler;Behandlung deutscher Lesestücke;Der practische Schulmann. Archiv für Materialien zum Unterricht in den Real-, Bürger- und Volksschulen;1855;;;4;;;;;490-494;;https://digital.slub-dresden.de/werkansicht/dlf/90560/1;;Leipzig;Methodik;Zeitschriftenartikel;;;;Lepizig
Z_M_1857_GLK_0684;J. P.;Glökler;Behandlung deutscher Lesestücke;Der practische Schulmann. Archiv für Materialien zum Unterricht in den Real-, Bürger- und Volksschulen;1857;;;6;;;;2;19-24;;https://digital.slub-dresden.de/werkansicht/dlf/90561/1;;Leipzig;Methodik;Zeitschriftenartikel;;;;Lepizig
Z_T_1888_GHR_0686;Ludwig;Göhring;Geschichte der deutschen Jugendlitteratur im 18. Jahrhundert;Der practische Schulmann. Archiv für Materialien zum Unterricht in den Real-, Bürger- und Volksschulen;1888;;;37;;;;31;490-498;;https://digital.slub-dresden.de/werkansicht/dlf/90047/1;;Leipzig;Theorie;Zeitschriftenartikel;viele Fußnoten in römischer Typographie;;;Lepizig
Z_T_1888_GHR_0687;Ludwig;Göhring;Geschichte der deutschen Jugendlitteratur im 18. Jahrhundert;Der practische Schulmann. Archiv für Materialien zum Unterricht in den Real-, Bürger- und Volksschulen;1888;;;37;;;;36;566-580;;https://digital.slub-dresden.de/werkansicht/dlf/90047/1;;Leipzig;Theorie;Zeitschriftenartikel;viele Fußnoten in römischer Typographie;;;Lepizig
Z_T_1888_GHR_0688;Ludwig;Göhring;Geschichte der deutschen Jugendlitteratur im 18. Jahrhundert;Der practische Schulmann. Archiv für Materialien zum Unterricht in den Real-, Bürger- und Volksschulen;1888;;;37;;;;42;679-690;;https://digital.slub-dresden.de/werkansicht/dlf/90047/1;;Leipzig;Theorie;Zeitschriftenartikel;viele Fußnoten in römischer Typographie;;;Lepizig
Z_T_1889_GHR_0689;Ludwig;Göhring;Geschichte der deutschen Jugendlitteratur im 18. Jahrhundert;Der practische Schulmann. Archiv für Materialien zum Unterricht in den Real-, Bürger- und Volksschulen;1889;;;38;;;;9;130-142;;https://digital.slub-dresden.de/werkansicht/dlf/89510/1;;Leipzig;Theorie;Zeitschriftenartikel;viele Fußnoten in römischer Typographie;;;Lepizig
Z_T_1889_GHR_0690;Ludwig;Göhring;Geschichte der deutschen Jugendlitteratur im 18. Jahrhundert;Der practische Schulmann. Archiv für Materialien zum Unterricht in den Real-, Bürger- und Volksschulen;1889;;;38;;;;21;323-329;;https://digital.slub-dresden.de/werkansicht/dlf/89510/1;;Leipzig;Theorie;Zeitschriftenartikel;viele Fußnoten in römischer Typographie;;;Lepizig
Z_T_1889_GHR_0691;Ludwig;Göhring;Geschichte der deutschen Jugendlitteratur im 18. Jahrhundert;Der practische Schulmann. Archiv für Materialien zum Unterricht in den Real-, Bürger- und Volksschulen;1889;;;38;;;;36;570-584;;https://digital.slub-dresden.de/werkansicht/dlf/89510/1;;Leipzig;Theorie;Zeitschriftenartikel;viele Fußnoten in römischer Typographie;;;Lepizig
Z_E_1889_GHR_0692;Ludwig;Göhring;Geschichte der deutschen Jugendlitteratur im 18. Jahrhundert;Der practische Schulmann. Archiv für Materialien zum Unterricht in den Real-, Bürger- und Volksschulen;1889;;;39;;;;3;34-40;;https://digital.slub-dresden.de/werkansicht/dlf/89480/1;;Leipzig;Erläuterung;Zeitschriftenartikel;;;;Lepizig
Z_T_1890_GHR_0693;Ludwig;Göhring;Geschichte der deutschen Jugendlitteratur im 18. Jahrhundert;Der practische Schulmann. Archiv für Materialien zum Unterricht in den Real-, Bürger- und Volksschulen;1890;;;39;;;;20;317-326;;https://digital.slub-dresden.de/werkansicht/dlf/89480/1;;Leipzig;Theorie;Zeitschriftenartikel;;;;Lepizig
Z_M_1877_GRI_0694;[unknown];Griesmann;Die Robinsonade der Gudrun;Der practische Schulmann. Archiv für Materialien zum Unterricht in den Real-, Bürger- und Volksschulen;1877;;;26;;;;13;180-188;;https://digital.slub-dresden.de/werkansicht/dlf/92568/1;;Leipzig;Methodik;Zeitschriftenartikel;;;;Lepizig
Z_L_1878_GRI_0695;[unknown];Griesmann;Einführung ins Mittelhochdeutsche;Der practische Schulmann. Archiv für Materialien zum Unterricht in den Real-, Bürger- und Volksschulen;1878;;;27;;;;9;123-125;;https://digital.slub-dresden.de/werkansicht/dlf/91024/1;;Leipzig;Lehrmittel;Zeitschriftenartikel;;;;Lepizig
Z_M_1878_GRI_0696;[unknown];Griesmann;Einführung ins Mittelhochdeutsche;Der practische Schulmann. Archiv für Materialien zum Unterricht in den Real-, Bürger- und Volksschulen;1878;;;27;;;;15;204-209;;https://digital.slub-dresden.de/werkansicht/dlf/91024/1;;Leipzig;Methodik;Zeitschriftenartikel;;;;Lepizig
Z_E_1878_GRI_0697;[unknown];Griesmann;Einführung ins Mittelhochdeutsche;Der practische Schulmann. Archiv für Materialien zum Unterricht in den Real-, Bürger- und Volksschulen;1878;;;27;;;;29;413-429;;https://digital.slub-dresden.de/werkansicht/dlf/91024/1;;Leipzig;Erläuterung;Zeitschriftenartikel;;;;Lepizig
Z_E_1884_GRI_0698;[unknown];Griesmann;Über die Robinsonaden von Defoe und Campe und ihre Verwertung im Unterrichte;Der practische Schulmann. Archiv für Materialien zum Unterricht in den Real-, Bürger- und Volksschulen;1884;;;33;;;;7;108-112;;https://digital.slub-dresden.de/werkansicht/dlf/89766/1;;Leipzig;Erläuterung;Zeitschriftenartikel;;;;Lepizig
Z_E_1884_GRI_0699;[unknown];Griesmann;Über die Robinsonaden von Defoe und Campe und ihre Verwertung im Unterrichte;Der practische Schulmann. Archiv für Materialien zum Unterricht in den Real-, Bürger- und Volksschulen;1884;;;33;;;;37;577-587;;https://digital.slub-dresden.de/werkansicht/dlf/89766/1;;Leipzig;Erläuterung;Zeitschriftenartikel;;;;Lepizig
Z_E_1864_GRU_0700;A. W.;Grube;Ueber den Lehrreim im Volksliede;Der practische Schulmann. Archiv für Materialien zum Unterricht in den Real-, Bürger- und Volksschulen;1864;;;13;;;;2;18-31;;https://digital.slub-dresden.de/werkansicht/dlf/90306/1;;Leipzig;Erläuterung;Zeitschriftenartikel;;;;Lepizig
Z_E_1865_GRU_0701;A. W.;Grube;Zur Erläuterung des Volksliedes vom Prinzen Eugen;Der practische Schulmann. Archiv für Materialien zum Unterricht in den Real-, Bürger- und Volksschulen;1865;;;14;;;;1;9-13;;https://digital.slub-dresden.de/werkansicht/dlf/90309/1;;Leipzig;Erläuterung;Zeitschriftenartikel;;;;Lepizig
Z_E_1864_GRU_0702;A. W.;Grube;Zur Physiognomik des Volksliedes;Der practische Schulmann. Archiv für Materialien zum Unterricht in den Real-, Bürger- und Volksschulen;1864;;;13;;;;33;488-508;;https://digital.slub-dresden.de/werkansicht/dlf/90306/1;;Leipzig;Erläuterung;Zeitschriftenartikel;;;;Lepizig
Z_E_1854_GUD_0703;[unknown];Gude;Der Alpenjäger von Schiller;Der practische Schulmann. Archiv für Materialien zum Unterricht in den Real-, Bürger- und Volksschulen;1854;;;3;;;;7;99-102;;https://digital.slub-dresden.de/werkansicht/dlf/90552/1;;Leipzig;Erläuterung;Zeitschriftenartikel;;;;Lepizig
Z_E_1858_GUD_0704;[unknown];Gude;Der Bürge des Möros im Gefängnisse;Der practische Schulmann. Archiv für Materialien zum Unterricht in den Real-, Bürger- und Volksschulen;1858;;;7;;;;12;184-190;;https://digital.slub-dresden.de/werkansicht/dlf/90302/1;;Leipzig;Erläuterung;Zeitschriftenartikel;;;;Lepizig
Z_L_1876_GUD_0705;K;Gude;Erläuterungen deutscher Dichtungen aus dem Mittelalter;Der practische Schulmann. Archiv für Materialien zum Unterricht in den Real-, Bürger- und Volksschulen;1876;;;25;;;;1;16-19;;https://digital.slub-dresden.de/werkansicht/dlf/91023/1;;Leipzig;Lehrmittel;Zeitschriftenartikel;;;;Lepizig
Z_E_1863_GUD_0706;K;Gude;Erklärung Schiller’scher Gedichte;Der practische Schulmann. Archiv für Materialien zum Unterricht in den Real-, Bürger- und Volksschulen;1863;;;12;;;;33;496-512;;https://digital.slub-dresden.de/werkansicht/dlf/90308/1;;Leipzig;Erläuterung;Zeitschriftenartikel;;;;Lepizig
Z_E_1878_GUD_0707;K;Gude;Literaturgeschichtliche Themen zu Aufsätzen;Der practische Schulmann. Archiv für Materialien zum Unterricht in den Real-, Bürger- und Volksschulen;1878;;;27;;;;35;507-519;;https://digital.slub-dresden.de/werkansicht/dlf/91024/1;;Leipzig;Erläuterung;Zeitschriftenartikel;;;;Lepizig
Z_E_1878_GUD_0708;K;Gude;Literaturgeschichtliche Themen zu Aufsätzen;Der practische Schulmann. Archiv für Materialien zum Unterricht in den Real-, Bürger- und Volksschulen;1878;;;27;;;;40;592-609;;https://digital.slub-dresden.de/werkansicht/dlf/91024/1;;Leipzig;Erläuterung;Zeitschriftenartikel;;;;Lepizig
Z_E_1864_HAG_0709;C.;Hagen;Das Schifflein. Romanze von Uhland;Der practische Schulmann. Archiv für Materialien zum Unterricht in den Real-, Bürger- und Volksschulen;1864;;;13;;;;25;368-374;;https://digital.slub-dresden.de/werkansicht/dlf/90306/1;;Leipzig;Erläuterung;Zeitschriftenartikel;;;;Lepizig
Z_T_1888_HAS_0710;G.;Hase;Das religiöse und das psychologisch-pädagogische Moment in Lessings Nathan der Weise;Der practische Schulmann. Archiv für Materialien zum Unterricht in den Real-, Bürger- und Volksschulen;1888;;;38;;;;3;43-50;;https://digital.slub-dresden.de/werkansicht/dlf/89510/1;;Leipzig;Theorie;Zeitschriftenartikel;viele Fußnoten in römischer Typographie;;;Lepizig
Z_E_1876_HEI_0711;J.;Heigenmooser;Das Kind mit dem Löwen;Der practische Schulmann. Archiv für Materialien zum Unterricht in den Real-, Bürger- und Volksschulen;1876;;;25;;;;15;206-215;;https://digital.slub-dresden.de/werkansicht/dlf/91023/1;;Leipzig;Erläuterung;Zeitschriftenartikel;;;;Lepizig
Z_L_1858_HOP_0712;[unknown];Hopf;Entwürfe zu deutschen Aufsätzen;Der practische Schulmann. Archiv für Materialien zum Unterricht in den Real-, Bürger- und Volksschulen;1858;;;7;;;;13;190-196;;https://digital.slub-dresden.de/werkansicht/dlf/90302/1;;Leipzig;Lehrmittel;Zeitschriftenartikel;;;;Lepizig
Z_E_1866_HOR_0713;Albert;Horn;Charakterbilder aus Göthe’s Tasso;Der practische Schulmann. Archiv für Materialien zum Unterricht in den Real-, Bürger- und Volksschulen;1866;;;15;;;;26;388-391;;https://digital.slub-dresden.de/werkansicht/dlf/90314/1;;Leipzig;Erläuterung;Zeitschriftenartikel;;;;Lepizig
Z_L_1867_HOR_0714;Albert;Horn;Ein freies Aufsatzthema für die Oberstufe einer gehobenen Bürgerschule;Der practische Schulmann. Archiv für Materialien zum Unterricht in den Real-, Bürger- und Volksschulen;1867;;;16;;;;19;287-291;;https://digital.slub-dresden.de/werkansicht/dlf/91515/1;;Leipzig;Lehrmittel;Zeitschriftenartikel;;;;Lepizig
Z_E_1865_HOR_0715;Albert;Horn;Hektors Abschied von der Andromache, nach Homer und Schiller;Der practische Schulmann. Archiv für Materialien zum Unterricht in den Real-, Bürger- und Volksschulen;1865;;;14;;;;12;186-189;;https://digital.slub-dresden.de/werkansicht/dlf/90309/1;;Leipzig;Erläuterung;Zeitschriftenartikel;;;;Lepizig
Z_M_1865_HOR_0716;Albert;Horn;Zum Verständniß des Drama;Der practische Schulmann. Archiv für Materialien zum Unterricht in den Real-, Bürger- und Volksschulen;1865;;;14;;;;16;250-253;;https://digital.slub-dresden.de/werkansicht/dlf/90309/1;;Leipzig;Methodik;Zeitschriftenartikel;;;;Lepizig
Z_E_1853_JOS_0717;J. M.;Jost;Der Stoff zu deutschen Aufsätzen;Der practische Schulmann. Archiv für Materialien zum Unterricht in den Real-, Bürger- und Volksschulen;1853;;;2;;;;15;218-226;;https://digital.slub-dresden.de/werkansicht/dlf/90301/1;;Leipzig;Erläuterung;Zeitschriftenartikel;;;;Lepizig
Z_E_1863_JTT_0718;W.;Jütting;Erklärung alterthümlicher und seltener Ausdrücke in deutschen Schriftstellern;Der practische Schulmann. Archiv für Materialien zum Unterricht in den Real-, Bürger- und Volksschulen;1863;;;12;;;;2;21-29;;https://digital.slub-dresden.de/werkansicht/dlf/90308/1;;Leipzig;Erläuterung;Zeitschriftenartikel;;;;Lepizig
Z_E_1863_JTT_0719;W.;Jütting;Erklärung alterthümlicher und seltener Ausdrücke in deutschen Schriftstellern;Der practische Schulmann. Archiv für Materialien zum Unterricht in den Real-, Bürger- und Volksschulen;1863;;;12;;;;8;113-119;;https://digital.slub-dresden.de/werkansicht/dlf/90308/1;;Leipzig;Erläuterung;Zeitschriftenartikel;;;;Lepizig
Z_E_1863_JTT_0720;W.;Jütting;Erklärung alterthümlicher und seltener Ausdrücke in deutschen Schriftstellern;Der practische Schulmann. Archiv für Materialien zum Unterricht in den Real-, Bürger- und Volksschulen;1863;;;12;;;;15;225-237;;https://digital.slub-dresden.de/werkansicht/dlf/90308/1;;Leipzig;Erläuterung;Zeitschriftenartikel;;;;Lepizig
Z_E_1863_JTT_0721;W.;Jütting;Erklärung alterthümlicher und seltener Ausdrücke in deutschen Schriftstellern;Der practische Schulmann. Archiv für Materialien zum Unterricht in den Real-, Bürger- und Volksschulen;1863;;;12;;;;38;566-575;;https://digital.slub-dresden.de/werkansicht/dlf/90308/1;;Leipzig;Erläuterung;Zeitschriftenartikel;;;;Lepizig
Z_T_1864_JTT_0722;W.;Jütting;Erklärung alterthümlicher und seltener Ausdrücke in deutschen Schriftstellern;Der practische Schulmann. Archiv für Materialien zum Unterricht in den Real-, Bürger- und Volksschulen;1864;;;13;;;;28;417-432;;https://digital.slub-dresden.de/werkansicht/dlf/90306/1;;Leipzig;Theorie;Zeitschriftenartikel;;;;Lepizig
Z_E_1864_JTT_0723;W.;Jütting;Erklärung alterthümlicher und seltener Ausdrücke in deutschen Schriftstellern;Der practische Schulmann. Archiv für Materialien zum Unterricht in den Real-, Bürger- und Volksschulen;1864;;;13;;;;29;432-434;;https://digital.slub-dresden.de/werkansicht/dlf/90306/1;;Leipzig;Erläuterung;Zeitschriftenartikel;;;;Lepizig
Z_E_1867_KAL_0724;Wilhelm;Kallina;Göthe’s Hermann und Dorothea;Der practische Schulmann. Archiv für Materialien zum Unterricht in den Real-, Bürger- und Volksschulen;1867;;;16;;;;8;117-135;;https://digital.slub-dresden.de/werkansicht/dlf/91515/1;;Leipzig;Erläuterung;Zeitschriftenartikel;;;;Lepizig
Z_E_1872_KAL_0725;Wilh.;Kallina;Goethe’s Torquato Tasso;Der practische Schulmann. Archiv für Materialien zum Unterricht in den Real-, Bürger- und Volksschulen;1872;;;21;;;;37;539-558;;https://digital.slub-dresden.de/werkansicht/dlf/90320/1;;Leipzig;Erläuterung;Zeitschriftenartikel;;;;Lepizig
Z_E_1872_KAL_0726;Wilh.;Kallina;Goethe’s Torquato Tasso;Der practische Schulmann. Archiv für Materialien zum Unterricht in den Real-, Bürger- und Volksschulen;1872;;;21;;;;18;255-279;;https://digital.slub-dresden.de/werkansicht/dlf/90320/1;;Leipzig;Erläuterung;Zeitschriftenartikel;;;;Lepizig
Z_E_1873_KAL_0727;Wilh;Kallina;Lessing’s Minna von Barnhelm;Der practische Schulmann. Archiv für Materialien zum Unterricht in den Real-, Bürger- und Volksschulen;1873;;;22;;;;34;504-533;;https://digital.slub-dresden.de/werkansicht/dlf/92122/1;;Leipzig;Erläuterung;Zeitschriftenartikel;;;;Lepizig
Z_M_1890_KLK_0728;Georg;Kälker;Max von Schenkendorf;Der practische Schulmann. Archiv für Materialien zum Unterricht in den Real-, Bürger- und Volksschulen;1890;;;39;;;;26;403-407;;https://digital.slub-dresden.de/werkansicht/dlf/89480/1;;Leipzig;Methodik;Zeitschriftenartikel;;;;Lepizig
Z_E_1872_KAL_0729;Wilh.;Kallina;Walther von der Vogelweide;Der practische Schulmann. Archiv für Materialien zum Unterricht in den Real-, Bürger- und Volksschulen;1872;;;21;;;;23;328-354;;https://digital.slub-dresden.de/werkansicht/dlf/90320/1;;Leipzig;Erläuterung;Zeitschriftenartikel;;;;Lepizig
Z_E_1872_KAL_0730;Wilh;Kallina;Walther von der Vogelweide;Der practische Schulmann. Archiv für Materialien zum Unterricht in den Real-, Bürger- und Volksschulen;1872;;;21;;;;32;467-479;;https://digital.slub-dresden.de/werkansicht/dlf/90320/1;;Leipzig;Erläuterung;Zeitschriftenartikel;;;;Lepizig
Z_E_1855_KEL_0731;[unknown];Kellner;Drei Fabeln von Lessing;Der practische Schulmann. Archiv für Materialien zum Unterricht in den Real-, Bürger- und Volksschulen;1855;;;4;;;;2;19-25;;https://digital.slub-dresden.de/werkansicht/dlf/90560/1;;Leipzig;Erläuterung;Zeitschriftenartikel;;;;Lepizig
Z_E_1855_KEL_0732;[unknown];Kellner;Der Reim;Der practische Schulmann. Archiv für Materialien zum Unterricht in den Real-, Bürger- und Volksschulen;1855;;;4;;;;6;84-87;;https://digital.slub-dresden.de/werkansicht/dlf/90560/1;;Leipzig;Erläuterung;Zeitschriftenartikel;;;;Lepizig
Z_E_1855_KEL_0733;[unknown];Kellner;Der Reim;Der practische Schulmann. Archiv für Materialien zum Unterricht in den Real-, Bürger- und Volksschulen;1855;;;4;;;;21;295-301;;https://digital.slub-dresden.de/werkansicht/dlf/90560/1;;Leipzig;Erläuterung;Zeitschriftenartikel;;;;Lepizig
Z_M_1857_KEL_0734;L.;Kellner;Der Rhythmus;Der practische Schulmann. Archiv für Materialien zum Unterricht in den Real-, Bürger- und Volksschulen;1857;;;6;;;;2;24-26;;https://digital.slub-dresden.de/werkansicht/dlf/90561/1;;Leipzig;Methodik;Zeitschriftenartikel;;;;Lepizig
Z_T_1854_KEL_0735;L.;Kellner;Zwei Bemerkungen über didaktische Poesie im Allgemeinen und über ein didaktisches Gedicht von Schiller im Besondern;Der practische Schulmann. Archiv für Materialien zum Unterricht in den Real-, Bürger- und Volksschulen;1854;;;3;;;;1;14-16;;https://digital.slub-dresden.de/werkansicht/dlf/90552/1;;Leipzig;Theorie;Zeitschriftenartikel;;;;Lepizig
Z_M_1885_KIL_0736;Robert;Kilian;Beiträge zum Unterrichte in der Litteraturgeschichte;Der practische Schulmann. Archiv für Materialien zum Unterricht in den Real-, Bürger- und Volksschulen;1885;;;34;;;;37;587-605;;https://digital.slub-dresden.de/werkansicht/dlf/89769/1;;Leipzig;Methodik;Zeitschriftenartikel;;;;Lepizig
Z_E_1886_KIL_0737;Robert;Kilian;Beiträge zum Unterricht in der Litteraturgeschichte;Der practische Schulmann. Archiv für Materialien zum Unterricht in den Real-, Bürger- und Volksschulen;1886;;;35;;;;42;661-666;;https://digital.slub-dresden.de/werkansicht/dlf/89772/1;;Leipzig;Erläuterung;Zeitschriftenartikel;;;;Lepizig
Z_E_1873_KNA_0738;F.;Knauth;Der Frühling und seine Diener;Der practische Schulmann. Archiv für Materialien zum Unterricht in den Real-, Bürger- und Volksschulen;1873;;;22;;;;28;421-432;;https://digital.slub-dresden.de/werkansicht/dlf/92122/1;;Leipzig;Erläuterung;Zeitschriftenartikel;;;;Lepizig
Z_E_1857_KRN_0739;Fr.;Körner;Correctur einer deutschen Arbeit;Der practische Schulmann. Archiv für Materialien zum Unterricht in den Real-, Bürger- und Volksschulen;1857;;;6;;;;7;87-90;;https://digital.slub-dresden.de/werkansicht/dlf/90561/1;;Leipzig;Erläuterung;Zeitschriftenartikel;;;;Lepizig
Z_M_1852_KRN_0740;Fr.;Körner;Die Bürgschaft;Der practische Schulmann. Archiv für Materialien zum Unterricht in den Real-, Bürger- und Volksschulen;1852;;;1;;;;19;261-265;;https://digital.slub-dresden.de/werkansicht/dlf/90300/1;;Leipzig;Methodik;Zeitschriftenartikel;;;;Lepizig
Z_E_1852_KRN_0741;Fr.;Körner;Erklärung eines Prosastückes;Der practische Schulmann. Archiv für Materialien zum Unterricht in den Real-, Bürger- und Volksschulen;1852;;;1;;;;20;277-284;;https://digital.slub-dresden.de/werkansicht/dlf/90300/1;;Leipzig;Erläuterung;Zeitschriftenartikel;;;;Lepizig
Z_E_1864_KRE_0742;C. A.;Kretschmar;Aus der Logik der Sprache;Der practische Schulmann. Archiv für Materialien zum Unterricht in den Real-, Bürger- und Volksschulen;1864;;;13;;;;7;96-116;;https://digital.slub-dresden.de/werkansicht/dlf/90306/1;;Leipzig;Erläuterung;Zeitschriftenartikel;;;;Lepizig
Z_E_1861_KRE_0743;C. A.;Kretschmar;Männliche und weibliche Charakterzüge aus Lessing’s Minna von Barnhelm;Der practische Schulmann. Archiv für Materialien zum Unterricht in den Real-, Bürger- und Volksschulen;1861;;;10;;;;29;420-434;;https://digital.slub-dresden.de/werkansicht/dlf/92121/1;;Leipzig;Erläuterung;Zeitschriftenartikel;;;;Lepizig
Z_E_1878_KRI_0744;Th.;Kriebitzsch;Aufsätze;Der practische Schulmann. Archiv für Materialien zum Unterricht in den Real-, Bürger- und Volksschulen;1878;;;30;;;;6;90;;https://digital.slub-dresden.de/werkansicht/dlf/89763/1;;Leipzig;Erläuterung;Zeitschriftenartikel;;;;Lepizig
Z_E_1855_KRI_0745;[unknown];Kriebitzsch;Das Frühlingsmal;Der practische Schulmann. Archiv für Materialien zum Unterricht in den Real-, Bürger- und Volksschulen;1855;;;4;;;;31;422-425;;https://digital.slub-dresden.de/werkansicht/dlf/90560/1;;Leipzig;Erläuterung;Zeitschriftenartikel;;;;Lepizig
Z_E_1854_KRI_0746;[unknown];Kriebitzsch;Der Gast, von Leopold Schefer;Der practische Schulmann. Archiv für Materialien zum Unterricht in den Real-, Bürger- und Volksschulen;1854;;;3;;;;32;437-444;;https://digital.slub-dresden.de/werkansicht/dlf/90552/1;;Leipzig;Erläuterung;Zeitschriftenartikel;;;;Lepizig
Z_E_1855_KRI_0747;[unknown];Kriebitzsch;Das Hirtenbüblein;Der practische Schulmann. Archiv für Materialien zum Unterricht in den Real-, Bürger- und Volksschulen;1855;;;4;;;;27;365-370;;https://digital.slub-dresden.de/werkansicht/dlf/90560/1;;Leipzig;Erläuterung;Zeitschriftenartikel;;;;Lepizig
Z_E_1858_KRI_0748;[unknown];Kriebitzsch;Der Rheinstrom;Der practische Schulmann. Archiv für Materialien zum Unterricht in den Real-, Bürger- und Volksschulen;1858;;;7;;;;32;463-465;;https://digital.slub-dresden.de/werkansicht/dlf/90302/1;;Leipzig;Erläuterung;Zeitschriftenartikel;;;;Lepizig
Z_E_1877_KRI_0749;Th.;Kriebitzsch;Hebel Lange Kriegsfuhr;Der practische Schulmann. Archiv für Materialien zum Unterricht in den Real-, Bürger- und Volksschulen;1877;;;26;;;;31;443-446;;https://digital.slub-dresden.de/werkansicht/dlf/92568/1;;Leipzig;Erläuterung;Zeitschriftenartikel;;;;Lepizig
Z_E_1877_KRI_0750;Th.;Kriebitzsch;Hebels Schneider in Pensa;Der practische Schulmann. Archiv für Materialien zum Unterricht in den Real-, Bürger- und Volksschulen;1877;;;26;;;;34;498-512;;https://digital.slub-dresden.de/werkansicht/dlf/92568/1;;Leipzig;Erläuterung;Zeitschriftenartikel;;;;Lepizig
Z_E_1862_KRI_0751;Ch.;Kriebitzsch;Salas y Gomez, von Chamisso;Der practische Schulmann. Archiv für Materialien zum Unterricht in den Real-, Bürger- und Volksschulen;1862;;;11;;;;37;591-606;;https://digital.slub-dresden.de/werkansicht/dlf/90305/1;;Leipzig;Erläuterung;Zeitschriftenartikel;;;;Lepizig
Z_L_1861_KRI_0752;K. Ch.;Kriebitzsch;Themata zu schriftlichen Uebungen im Anschluß an das Lesebuch;Der practische Schulmann. Archiv für Materialien zum Unterricht in den Real-, Bürger- und Volksschulen;1861;;;10;;;;30;434-441;;https://digital.slub-dresden.de/werkansicht/dlf/92121/1;;Leipzig;Lehrmittel;Zeitschriftenartikel;;;;Lepizig
Z_T_1882_KRI_0753;Th.;Kriebitzsch;Über den Aufsatz;Der practische Schulmann. Archiv für Materialien zum Unterricht in den Real-, Bürger- und Volksschulen;1882;;;31;;;;28;419-422;;https://digital.slub-dresden.de/werkansicht/dlf/89765/1;;Leipzig;Theorie;Zeitschriftenartikel;;;;Lepizig
Z_E_1858_KRI_0754;[unknown];Kriebitzsch;Zwei Lieder von Göthe;Der practische Schulmann. Archiv für Materialien zum Unterricht in den Real-, Bürger- und Volksschulen;1858;;;7;;;;32;465-473;;https://digital.slub-dresden.de/werkansicht/dlf/90302/1;;Leipzig;Erläuterung;Zeitschriftenartikel;;;;Lepizig
Z_M_1890_KRG_0755;Karl;Krüger;Schillers Taucher und Handschuh betrachtet als Seitenstücke;Der practische Schulmann. Archiv für Materialien zum Unterricht in den Real-, Bürger- und Volksschulen;1890;;;39;;;;29;464-468;;https://digital.slub-dresden.de/werkansicht/dlf/89480/1;;Leipzig;Methodik;Zeitschriftenartikel;;;;Lepizig
Z_M_1855_LAU_0756;[unknown];Lauckhard;Ueber die Betonung beim Lesen;Der practische Schulmann. Archiv für Materialien zum Unterricht in den Real-, Bürger- und Volksschulen;1855;;;4;;;;22;301-308;;https://digital.slub-dresden.de/werkansicht/dlf/90560/1;;Leipzig;Methodik;Zeitschriftenartikel;;;;Lepizig
Z_E_1854_LBE_0757;[unknown];Lüben;Der Taucher von Schiller;Der practische Schulmann. Archiv für Materialien zum Unterricht in den Real-, Bürger- und Volksschulen;1854;;;3;;;;18;249-258;;https://digital.slub-dresden.de/werkansicht/dlf/90552/1;;Leipzig;Erläuterung;Zeitschriftenartikel;;;;Lepizig
Z_E_1864_MEI_0758;Hermann;Meier;Erläuterungen zu einem Gedichte von Ad. Bube;Der practische Schulmann. Archiv für Materialien zum Unterricht in den Real-, Bürger- und Volksschulen;1864;;;13;;;;13;178-196;;https://digital.slub-dresden.de/werkansicht/dlf/90306/1;;Leipzig;Erläuterung;Zeitschriftenartikel;;;;Lepizig
Z_E_1858_MIT_0759;[unknown];Mitzenius;Zwei Gedichte v. Vogl;Der practische Schulmann. Archiv für Materialien zum Unterricht in den Real-, Bürger- und Volksschulen;1858;;;7;;;;36;531-536;;https://digital.slub-dresden.de/werkansicht/dlf/90302/1;;Leipzig;Erläuterung;Zeitschriftenartikel;;;;Lepizig
Z_E_1855_MOR_0760;[unknown];Mors;Des Sängers Fluch von Uhland;Der practische Schulmann. Archiv für Materialien zum Unterricht in den Real-, Bürger- und Volksschulen;1855;;;4;;;;27;371-375;;https://digital.slub-dresden.de/werkansicht/dlf/90560/1;;Leipzig;Erläuterung;Zeitschriftenartikel;;;;Lepizig
Z_T_1852_NIE_0761;Eduard;Niemeyer;Beiträge zur Methodik der deutschen Aufsätze;Der practische Schulmann. Archiv für Materialien zum Unterricht in den Real-, Bürger- und Volksschulen;1852;;;1;;;;27;397-400;;https://digital.slub-dresden.de/werkansicht/dlf/90300/1;;Leipzig;Theorie;Zeitschriftenartikel;;;;Lepizig
Z_M_1852_OST_0762;[unknown];Osterwald;Erklärung Rückert’scher Gedichte;Der practische Schulmann. Archiv für Materialien zum Unterricht in den Real-, Bürger- und Volksschulen;1852;;;1;;;;28;416-419;;https://digital.slub-dresden.de/werkansicht/dlf/90300/1;;Leipzig;Methodik;Zeitschriftenartikel;;;;Lepizig
Z_L_1853_OTT_0763;[unknown];Ottenbacher;Dispositionsprobe;Der practische Schulmann. Archiv für Materialien zum Unterricht in den Real-, Bürger- und Volksschulen;1853;;;2;;;;12;169-173;;https://digital.slub-dresden.de/werkansicht/dlf/90301/1;;Leipzig;Lehrmittel;Zeitschriftenartikel;;;;Lepizig
Z_M_1854_OTT_0764;[unknown];Ottenbacher;Eine Dispositionsprobe;Der practische Schulmann. Archiv für Materialien zum Unterricht in den Real-, Bürger- und Volksschulen;1854;;;3;;;;7;102-105;;https://digital.slub-dresden.de/werkansicht/dlf/90552/1;;Leipzig;Methodik;Zeitschriftenartikel;;;;Lepizig
Z_E_1855_OTT_0765;[unknown];Ottenbacher;Eine Lesebuchstunde in einem Schullehrerseminar;Der practische Schulmann. Archiv für Materialien zum Unterricht in den Real-, Bürger- und Volksschulen;1855;;;4;;;;18;259-270;;https://digital.slub-dresden.de/werkansicht/dlf/90560/1;;Leipzig;Erläuterung;Zeitschriftenartikel;;;;Lepizig
Z_L_1854_OTT_0766;[unknown];Otto;Uebungen in mehrseitiger Auffassung von Erzählungen;Der practische Schulmann. Archiv für Materialien zum Unterricht in den Real-, Bürger- und Volksschulen;1854;;;3;;;;27;369-375;;https://digital.slub-dresden.de/werkansicht/dlf/90552/1;;Leipzig;Lehrmittel;Zeitschriftenartikel;;;;Lepizig
Z_M_1854_OTT_0767;[unknown];Ottenbacher;Zweite Dispositionsprobe;Der practische Schulmann. Archiv für Materialien zum Unterricht in den Real-, Bürger- und Volksschulen;1854;;;3;;;;12;173-175;;https://digital.slub-dresden.de/werkansicht/dlf/90552/1;;Leipzig;Methodik;Zeitschriftenartikel;;;;Lepizig
Z_E_1857_PET_0768;K.;Peter;Benutzung deutscher Gedichte beim Unterrichte im schriftlichen Gedankenausdruck;Der practische Schulmann. Archiv für Materialien zum Unterricht in den Real-, Bürger- und Volksschulen;1857;;;6;;;;7;90-95;;https://digital.slub-dresden.de/werkansicht/dlf/90561/1;;Leipzig;Erläuterung;Zeitschriftenartikel;;;;Lepizig
Z_E_1862_PET_0769;L.;Peters;Christian Ewald von Kleist und sein Denkmal;Der practische Schulmann. Archiv für Materialien zum Unterricht in den Real-, Bürger- und Volksschulen;1862;;;11;;;;32;498-510;;https://digital.slub-dresden.de/werkansicht/dlf/90305/1;;Leipzig;Erläuterung;Zeitschriftenartikel;;;;Lepizig
Z_E_1859_PFE_0770;Fr. W.;Pfeiffer;Die hohle Weide;Der practische Schulmann. Archiv für Materialien zum Unterricht in den Real-, Bürger- und Volksschulen;1859;;;8;;;;9;131-136;;https://digital.slub-dresden.de/werkansicht/dlf/92119/1;;Leipzig;Erläuterung;Zeitschriftenartikel;;;;Lepizig
Z_M_1855_PFL_0771;[unknown];Pflücker;Der Epheu, ein Sinnbild dem Menschen;Der practische Schulmann. Archiv für Materialien zum Unterricht in den Real-, Bürger- und Volksschulen;1855;;;4;;;;14;198-201;;https://digital.slub-dresden.de/werkansicht/dlf/90560/1;;Leipzig;Methodik;Zeitschriftenartikel;;;;Lepizig
Z_E_1886_POL_0772;[unknown];Polack;Zwei Gedichte Uhlands;Der practische Schulmann. Archiv für Materialien zum Unterricht in den Real-, Bürger- und Volksschulen;1886;;;36;;;;1;15-19;;https://digital.slub-dresden.de/werkansicht/dlf/89774/1;;Leipzig;Erläuterung;Zeitschriftenartikel;;;;Lepizig
Z_M_1865_RAM_0773;[unknown];Ramcke;Benutzung des Gedichtes: Heinrich der Vogelsteller von Vogel;Der practische Schulmann. Archiv für Materialien zum Unterricht in den Real-, Bürger- und Volksschulen;1865;;;14;;;;24;383-392;;https://digital.slub-dresden.de/werkansicht/dlf/90309/1;;Leipzig;Methodik;Zeitschriftenartikel;;;;Lepizig
Z_M_1865_RAM_0774;[unknown];Ramcke;Benutzung des Gedichtes: Graf Eberhard im Bart von Kerner;Der practische Schulmann. Archiv für Materialien zum Unterricht in den Real-, Bürger- und Volksschulen;1865;;;14;;;;24;380-383;;https://digital.slub-dresden.de/werkansicht/dlf/90309/1;;Leipzig;Methodik;Zeitschriftenartikel;;;;Lepizig
Z_T_1868_RAM_0775;C;Ramcke;Das Lesebuch in der Oberklasse einer Bürgerschule;Der practische Schulmann. Archiv für Materialien zum Unterricht in den Real-, Bürger- und Volksschulen;1868;;;17;;;;2;27-33;;https://digital.slub-dresden.de/werkansicht/dlf/90319/1;;Leipzig;Theorie;Zeitschriftenartikel;;;;Lepizig
Z_L_1873_RAM_0776;[unknown];Ramcke;Material zu Stilübungen;Der practische Schulmann. Archiv für Materialien zum Unterricht in den Real-, Bürger- und Volksschulen;1873;;;22;;;;35;533-555;;https://digital.slub-dresden.de/werkansicht/dlf/92122/1;;Leipzig;Lehrmittel;Zeitschriftenartikel;;;;Lepizig
Z_E_1862_REU_0777;F.;Reuling;Die Kuh;Der practische Schulmann. Archiv für Materialien zum Unterricht in den Real-, Bürger- und Volksschulen;1862;;;11;;;;23;354-360;;https://digital.slub-dresden.de/werkansicht/dlf/90305/1;;Leipzig;Erläuterung;Zeitschriftenartikel;;;;Lepizig
Z_M_1859_REU_0778;F.;Reuling;Das Mädchen aus der Fremde;Der practische Schulmann. Archiv für Materialien zum Unterricht in den Real-, Bürger- und Volksschulen;1859;;;8;;;;8;122-131;;https://digital.slub-dresden.de/werkansicht/dlf/92119/1;;Leipzig;Methodik;Zeitschriftenartikel;;;;Lepizig
Z_E_1863_REU_0779;J.;Reuper;Friedrich Rückert;Der practische Schulmann. Archiv für Materialien zum Unterricht in den Real-, Bürger- und Volksschulen;1863;;;12;;;;24;348-353;;https://digital.slub-dresden.de/werkansicht/dlf/90308/1;;Leipzig;Erläuterung;Zeitschriftenartikel;;;;Lepizig
Z_E_1890_RIC_0780;Albert;Richter;Gottsched und die deutsche Sprachlehre;Der practische Schulmann. Archiv für Materialien zum Unterricht in den Real-, Bürger- und Volksschulen;1890;;;26;;;;;180-188;;https://digital.slub-dresden.de/werkansicht/dlf/92568/1;;Leipzig;Erläuterung;Zeitschriftenartikel;;;;Lepizig
Z_E_1865_RIC_0781;[unknown];Richter;Inhalt und Form einer Periode;Der practische Schulmann. Archiv für Materialien zum Unterricht in den Real-, Bürger- und Volksschulen;1865;;;14;;;;32;503-509;;https://digital.slub-dresden.de/werkansicht/dlf/90309/1;;Leipzig;Erläuterung;Zeitschriftenartikel;;;;Lepizig
Z_E_1877_RIC_0782;Albert;Richter;Ueber deutsche Kinderreime;Der practische Schulmann. Archiv für Materialien zum Unterricht in den Real-, Bürger- und Volksschulen;1877;;;26;;;;44;641-646;;https://digital.slub-dresden.de/werkansicht/dlf/92568/1;;Leipzig;Erläuterung;Zeitschriftenartikel;;;;Lepizig
Z_L_1877_RIC_0783;Albert;Richter;Ueber deutsche Kinderreime;Der practische Schulmann. Archiv für Materialien zum Unterricht in den Real-, Bürger- und Volksschulen;1877;;;27;;;;1;14-17;;https://digital.slub-dresden.de/werkansicht/dlf/91024/1;;Leipzig;Lehrmittel;Zeitschriftenartikel;;;;Lepizig
Z_M_1885_ROT_0784;Richard;Rother;Die Lektüre unserer Jugend mit besonderer Berücksichtigung der Schülerbibliotheken;Der practische Schulmann. Archiv für Materialien zum Unterricht in den Real-, Bürger- und Volksschulen;1885;;;34;;;;41;641-652;;https://digital.slub-dresden.de/werkansicht/dlf/89769/1;;Leipzig;Methodik;Zeitschriftenartikel;;;;Lepizig
Z_M_1853_SAN_0785;J.;Sanders;Erklärung des Gedichts „Schwäbische Kunde“ von Ludwig Uhland;Der practische Schulmann. Archiv für Materialien zum Unterricht in den Real-, Bürger- und Volksschulen;1853;;;2;;;;12;165-169;;https://digital.slub-dresden.de/werkansicht/dlf/90301/1;;Leipzig;Methodik;Zeitschriftenartikel;;;;Lepizig
Z_E_1854_SAN_0786;D.;Sanders;Erklärung eines Goetheschen Gedichtes;Der practische Schulmann. Archiv für Materialien zum Unterricht in den Real-, Bürger- und Volksschulen;1854;;;3;;;;2;23-30;;https://digital.slub-dresden.de/werkansicht/dlf/90552/1;;Leipzig;Erläuterung;Zeitschriftenartikel;;;;Lepizig
Z_E_1856_SAN_0787;Dan.;Sanders;Erklärung eines Goetheschen Gedichtes;Der practische Schulmann. Archiv für Materialien zum Unterricht in den Real-, Bürger- und Volksschulen;1856;;;5;;;;38;529-536;;https://digital.slub-dresden.de/werkansicht/dlf/90562/1;;Leipzig;Erläuterung;Zeitschriftenartikel;;;;Lepizig
Z_E_1858_SAN_0788;Dan.;Sanders;Vergleichung der Schiller’schen Ballade Der Taucher mit einem serbischen Volkslied;Der practische Schulmann. Archiv für Materialien zum Unterricht in den Real-, Bürger- und Volksschulen;1858;;;7;;;;28;403-411;;https://digital.slub-dresden.de/werkansicht/dlf/90302/1;;Leipzig;Erläuterung;Zeitschriftenartikel;;;;Lepizig
Z_E_1858_SCH_0789;[unknown];Schäfer;Des Bauernknaben Beschreibung der Stadt;Der practische Schulmann. Archiv für Materialien zum Unterricht in den Real-, Bürger- und Volksschulen;1858;;;7;;;;6;94-107;;https://digital.slub-dresden.de/werkansicht/dlf/90302/1;;Leipzig;Erläuterung;Zeitschriftenartikel;;;;Lepizig
Z_M_1855_SCH_0790;Jos.;Schröder;Declamatorisches;Der practische Schulmann. Archiv für Materialien zum Unterricht in den Real-, Bürger- und Volksschulen;1855;;;4;;;;11;153-162;;https://digital.slub-dresden.de/werkansicht/dlf/90560/1;;Leipzig;Methodik;Zeitschriftenartikel;;;;Lepizig
Z_E_1857_SCH_0791;[unknown];Schröder;Die Kraniche des Ibycus;Der practische Schulmann. Archiv für Materialien zum Unterricht in den Real-, Bürger- und Volksschulen;1857;;;6;;;;12;156-168;;https://digital.slub-dresden.de/werkansicht/dlf/90561/1;;Leipzig;Erläuterung;Zeitschriftenartikel;;;;Lepizig
Z_M_1858_SCH_0792;[unknown];Schroeder;Der Ring des Polykrates;Der practische Schulmann. Archiv für Materialien zum Unterricht in den Real-, Bürger- und Volksschulen;1858;;;7;;;;7;107-113;;https://digital.slub-dresden.de/werkansicht/dlf/90302/1;;Leipzig;Methodik;Zeitschriftenartikel;;;;Lepizig
Z_E_1859_SCH_0793;E.;Scholze;Ueber die Benutzung eines und desselben Gegenstandes zu Uebungen im Schriftlichen Gedankenausdrucke auf zehn verschiedenen Unterrichtsstufen;Der practische Schulmann. Archiv für Materialien zum Unterricht in den Real-, Bürger- und Volksschulen;1859;;;8;;;;3;38-44;;https://digital.slub-dresden.de/werkansicht/dlf/92119/1;;Leipzig;Erläuterung;Zeitschriftenartikel;;;;Lepizig
Z_M_1860_SEI_0794;[unknown];Seibert;Gruppierung und Darstellung der Charaktere in König Karls Meerfahrt von Ludwig Uhland;Der practische Schulmann. Archiv für Materialien zum Unterricht in den Real-, Bürger- und Volksschulen;1860;;;9;;;;10;151-158;;https://digital.slub-dresden.de/werkansicht/dlf/92120/1;;Leipzig;Methodik;Zeitschriftenartikel;;;;Lepizig
Z_L_1861_SEI_0795;[unknown];Seibert;Schiller in der Schule;Der practische Schulmann. Archiv für Materialien zum Unterricht in den Real-, Bürger- und Volksschulen;1861;;;10;;;;23;331-339;;https://digital.slub-dresden.de/werkansicht/dlf/92121/1;;Leipzig;Lehrmittel;Zeitschriftenartikel;;;;Lepizig
Z_E_1861_SEI_0796;[unknown];Seibert;Schiller in der Schule;Der practische Schulmann. Archiv für Materialien zum Unterricht in den Real-, Bürger- und Volksschulen;1861;;;10;;;;23;322-331;;https://digital.slub-dresden.de/werkansicht/dlf/92121/1;;Leipzig;Erläuterung;Zeitschriftenartikel;;;;Lepizig
Z_M_1867_SEY_0797;C.;Seydel;Beschreibende und schildernde Briefe nach Sprachstücken;Der practische Schulmann. Archiv für Materialien zum Unterricht in den Real-, Bürger- und Volksschulen;1867;;;16;;;;15;225-233;;https://digital.slub-dresden.de/werkansicht/dlf/91515/1;;Leipzig;Methodik;Zeitschriftenartikel;;;;Lepizig
Z_M_1865_SEY_0798;C.;Seydel;Benutzung von Sprachstücken zu deutschen Ausarbeitungen und Diktaten;Der practische Schulmann. Archiv für Materialien zum Unterricht in den Real-, Bürger- und Volksschulen;1865;;;14;;;;41;655-662;;https://digital.slub-dresden.de/werkansicht/dlf/90309/1;;Leipzig;Methodik;Zeitschriftenartikel;;;;Lepizig
Z_E_1866_SEY_0799;C.;Seydel;Benutzung von Sprachstücken zu deutschen Ausarbeitungen;Der practische Schulmann. Archiv für Materialien zum Unterricht in den Real-, Bürger- und Volksschulen;1866;;;15;;;;13;182-193;;https://digital.slub-dresden.de/werkansicht/dlf/90314/1;;Leipzig;Erläuterung;Zeitschriftenartikel;;;;Lepizig
Z_M_1867_SEY_0800;C.;Seydel;Benutzung von Sprachstücken zu deutschen Ausarbeitungen;Der practische Schulmann. Archiv für Materialien zum Unterricht in den Real-, Bürger- und Volksschulen;1867;;;16;;;;2;22-31;;https://digital.slub-dresden.de/werkansicht/dlf/91515/1;;Leipzig;Methodik;Zeitschriftenartikel;;;;Lepizig
Z_E_1861_SEY_0801;C.;Seydel;Behandlung von Themen zu deutschen Ausarbeitungen;Der practische Schulmann. Archiv für Materialien zum Unterricht in den Real-, Bürger- und Volksschulen;1861;;;10;;;;13;193-207;;https://digital.slub-dresden.de/werkansicht/dlf/92121/1;;Leipzig;Erläuterung;Zeitschriftenartikel;;;;Lepizig
Z_M_1864_SEY_0802;C.;Seydel;Behandlung von Themen zu deutschen Aufsätzen;Der practische Schulmann. Archiv für Materialien zum Unterricht in den Real-, Bürger- und Volksschulen;1864;;;13;;;;40;585-595;;https://digital.slub-dresden.de/werkansicht/dlf/90306/1;;Leipzig;Methodik;Zeitschriftenartikel;;;;Lepizig
Z_E_1865_SEY_0803;C.;Seydel;Behandlung von Themen zu deutschen Ausarbeitungen;Der practische Schulmann. Archiv für Materialien zum Unterricht in den Real-, Bürger- und Volksschulen;1865;;;14;;;;32;509-514;;https://digital.slub-dresden.de/werkansicht/dlf/90309/1;;Leipzig;Erläuterung;Zeitschriftenartikel;;;;Lepizig
Z_M_1867_SEY_0804;C.;Seydel;Behandlung von Themen zu deutschen Ausarbeitungen in der Oberklasse einer gehobenen Bürgerschule;Der practische Schulmann. Archiv für Materialien zum Unterricht in den Real-, Bürger- und Volksschulen;1867;;;16;;;;37;548-564;;https://digital.slub-dresden.de/werkansicht/dlf/91515/1;;Leipzig;Methodik;Zeitschriftenartikel;;;;Lepizig
Z_E_1859_SEY_0805;C.;Seydel;Das Glück von Edenhall, von Uhland;Der practische Schulmann. Archiv für Materialien zum Unterricht in den Real-, Bürger- und Volksschulen;1859;;;8;;;;18;280-285;;https://digital.slub-dresden.de/werkansicht/dlf/92119/1;;Leipzig;Erläuterung;Zeitschriftenartikel;;;;Lepizig
Z_M_1857_SEY_0806;[unknown];Seydel;Der blinde König von Uhland;Der practische Schulmann. Archiv für Materialien zum Unterricht in den Real-, Bürger- und Volksschulen;1857;;;6;;;;17;218-226;;https://digital.slub-dresden.de/werkansicht/dlf/90561/1;;Leipzig;Methodik;Zeitschriftenartikel;;;;Lepizig
Z_M_1857_SEY_0807;C.;Seydel;Entwickelung von Themen und deren Eintheilung aus gegebenen Strophen;Der practische Schulmann. Archiv für Materialien zum Unterricht in den Real-, Bürger- und Volksschulen;1857;;;6;;;;27;370-375;;https://digital.slub-dresden.de/werkansicht/dlf/90561/1;;Leipzig;Methodik;Zeitschriftenartikel;;;;Lepizig
Z_E_1858_SEY_0808;C.;Seydel;Entwickelung von Themen und deren Eintheilung aus gegebenen Strophen;Der practische Schulmann. Archiv für Materialien zum Unterricht in den Real-, Bürger- und Volksschulen;1858;;;7;;;;2;28-31;;https://digital.slub-dresden.de/werkansicht/dlf/90302/1;;Leipzig;Erläuterung;Zeitschriftenartikel;;;;Lepizig
Z_E_1858_SEY_0809;C.;Seydel;Ibrahim, von Pfeffel;Der practische Schulmann. Archiv für Materialien zum Unterricht in den Real-, Bürger- und Volksschulen;1858;;;7;;;;2;22-28;;https://digital.slub-dresden.de/werkansicht/dlf/90302/1;;Leipzig;Erläuterung;Zeitschriftenartikel;;;;Lepizig
Z_E_1858_SEY_0810;C.;Seydel;Parallele zwischen Arion und Ibycus;Der practische Schulmann. Archiv für Materialien zum Unterricht in den Real-, Bürger- und Volksschulen;1858;;;7;;;;21;306-307;;https://digital.slub-dresden.de/werkansicht/dlf/90302/1;;Leipzig;Erläuterung;Zeitschriftenartikel;;;;Lepizig
Z_L_1872_SEY_0811;C.;Seydel;Stoffe zu deutschen Aufsätzen auf Grund poetischer Sprachstücke;Der practische Schulmann. Archiv für Materialien zum Unterricht in den Real-, Bürger- und Volksschulen;1872;;;21;;;;15;205-222;;https://digital.slub-dresden.de/werkansicht/dlf/90320/1;;Leipzig;Lehrmittel;Zeitschriftenartikel;;;;Lepizig
Z_L_1872_SEY_0812;C.;Seydel;Stoffe zu deutschen Aufsätzen auf Grund poetischer Sprachstücke;Der practische Schulmann. Archiv für Materialien zum Unterricht in den Real-, Bürger- und Volksschulen;1872;;;21;;;;24;354-366;;https://digital.slub-dresden.de/werkansicht/dlf/90320/1;;Leipzig;Lehrmittel;Zeitschriftenartikel;;;;Lepizig
Z_L_1873_SEY_0813;C.;Seydel;Stoffe zu deutschen Aufsätzen auf Grund poetischer Sprachstücke;Der practische Schulmann. Archiv für Materialien zum Unterricht in den Real-, Bürger- und Volksschulen;1873;;;22;;;;10;153-160;;https://digital.slub-dresden.de/werkansicht/dlf/92122/1;;Leipzig;Lehrmittel;Zeitschriftenartikel;;;;Lepizig
Z_T_1866_SEY_0814;C.;Seydel;Sprachliches;Der practische Schulmann. Archiv für Materialien zum Unterricht in den Real-, Bürger- und Volksschulen;1866;;;15;;;;13;193-198;;https://digital.slub-dresden.de/werkansicht/dlf/90314/1;;Leipzig;Theorie;Zeitschriftenartikel;;;;Lepizig
Z_E_1868_SEY_0815;C.;Seydel;Wilhelm Tell, Schauspiel von Schiller;Der practische Schulmann. Archiv für Materialien zum Unterricht in den Real-, Bürger- und Volksschulen;1868;;;17;;;;24;368-379;;https://digital.slub-dresden.de/werkansicht/dlf/90319/1;;Leipzig;Erläuterung;Zeitschriftenartikel;;;;Lepizig
Z_E_1861_SEY_0816;C.;Seydel;Tell’s Tod von Uhland;Der practische Schulmann. Archiv für Materialien zum Unterricht in den Real-, Bürger- und Volksschulen;1861;;;10;;;;18;256-267;;https://digital.slub-dresden.de/werkansicht/dlf/92121/1;;Leipzig;Erläuterung;Zeitschriftenartikel;;;;Lepizig
Z_E_1868_SEY_0817;C.;Seydel;Wilhelm Tell, Schauspiel von Schiller;Der practische Schulmann. Archiv für Materialien zum Unterricht in den Real-, Bürger- und Volksschulen;1868;;;17;;;;21;318-328;;https://digital.slub-dresden.de/werkansicht/dlf/90319/1;;Leipzig;Erläuterung;Zeitschriftenartikel;;;;Lepizig
Z_E_1868_SPI_0818;[unknown];Spierling;Die Natur in den Schiller’schen Dichtungen;Der practische Schulmann. Archiv für Materialien zum Unterricht in den Real-, Bürger- und Volksschulen;1868;;;17;;;;14;211-224;;https://digital.slub-dresden.de/werkansicht/dlf/90319/1;;Leipzig;Erläuterung;Zeitschriftenartikel;;;;Lepizig
Z_M_1861_ULL_0819;C;Ullrich;Gruppirte Musterstücke;Der practische Schulmann. Archiv für Materialien zum Unterricht in den Real-, Bürger- und Volksschulen;1861;;;10;;;;9;117-122;;https://digital.slub-dresden.de/werkansicht/dlf/92121/1;;Leipzig;Methodik;Zeitschriftenartikel;;;;Lepizig
Z_E_1876_ON_0820;[unknown];[unknown];Allerlei Material zu Stilübungen;Der practische Schulmann. Archiv für Materialien zum Unterricht in den Real-, Bürger- und Volksschulen;1876;;;25;;;;24;353-367;;https://digital.slub-dresden.de/werkansicht/dlf/91023/1;;Leipzig;Erläuterung;Zeitschriftenartikel;;;;Lepizig
Z_E_1882_ON_0821;[unknown];[unknown];Die sieben freien Künste;Der practische Schulmann. Archiv für Materialien zum Unterricht in den Real-, Bürger- und Volksschulen;1882;;;31;;;;45;690-692;;https://digital.slub-dresden.de/werkansicht/dlf/89765/1;;Leipzig;Erläuterung;Zeitschriftenartikel;;;;Lepizig
Z_M_1884_ON_0822;[unknown];[unknown];Die Natur in der deutschen Dichtung;Der practische Schulmann. Archiv für Materialien zum Unterricht in den Real-, Bürger- und Volksschulen;1884;;;34;;;;3;41-49;;https://digital.slub-dresden.de/werkansicht/dlf/89769/1;;Leipzig;Methodik;Zeitschriftenartikel;;;;Lepizig
Z_T_1881_ON_0823;[unknown];[unknown];Gude, Erläuterungen deutscher Dichtungen;Der practische Schulmann. Archiv für Materialien zum Unterricht in den Real-, Bürger- und Volksschulen;1881;;;31;;;;1;15-19;;https://digital.slub-dresden.de/werkansicht/dlf/89765/1;;Leipzig;Rezension;Zeitschriftenartikel;schlechte Qualität der ocr gescannten Dokumente;;;Lepizig
Z_E_1882_ON_0824;[unknown];[unknown];Goethes Tasso und Schillers Don Carlos;Der practische Schulmann. Archiv für Materialien zum Unterricht in den Real-, Bürger- und Volksschulen;1882;;;33;;;;2;32-42;;https://digital.slub-dresden.de/werkansicht/dlf/89766/1;;Leipzig;Erläuterung;Zeitschriftenartikel;schlechte Qualität der ocr gescannten Dokumente;;;Lepizig
Z_E_1885_ON_0825;[unknown];[unknown];Über Metrik und Poetik in der Schule;Der practische Schulmann. Archiv für Materialien zum Unterricht in den Real-, Bürger- und Volksschulen;1885;;;34;;;;1;12-18;;https://digital.slub-dresden.de/werkansicht/dlf/89769/1;;Leipzig;Erläuterung;Zeitschriftenartikel;;;;Lepizig
Z_M_1887_ON_0826;[unknown];[unknown];Über didaktische Poesie;Der practische Schulmann. Archiv für Materialien zum Unterricht in den Real-, Bürger- und Volksschulen;1887;;;36;;;;2;22-28;;https://digital.slub-dresden.de/werkansicht/dlf/89774/1;;Leipzig;Methodik;Zeitschriftenartikel;;;;Lepizig
Z_T_1884_ON_0827;[unknown];[unknown];Zur Erklärung deutscher Dichtungen;Der practische Schulmann. Archiv für Materialien zum Unterricht in den Real-, Bürger- und Volksschulen;1884;;;33;;;;14;217-224;;https://digital.slub-dresden.de/werkansicht/dlf/89766/1;;Leipzig;Theorie;Zeitschriftenartikel;;;;Lepizig
Z_E_1884_ON_0828;[unknown];[unknown];Zur Erklärung deutscher Dichtungen;Der practische Schulmann. Archiv für Materialien zum Unterricht in den Real-, Bürger- und Volksschulen;1884;;;33;;;;35;553-577;;https://digital.slub-dresden.de/werkansicht/dlf/89766/1;;Leipzig;Erläuterung;Zeitschriftenartikel;;;;Lepizig
Z_E_1884_ON_0829;[unknown];[unknown];Zur Erklärung deutscher Dichtungen;Der practische Schulmann. Archiv für Materialien zum Unterricht in den Real-, Bürger- und Volksschulen;1884;;;33;;;;39;609-427;;https://digital.slub-dresden.de/werkansicht/dlf/89766/1;;Leipzig;Erläuterung;Zeitschriftenartikel;;;;Lepizig
Z_T_1885_ON_0830;[unknown];[unknown];Zur Erklärung deutscher Dichtungen;Der practische Schulmann. Archiv für Materialien zum Unterricht in den Real-, Bürger- und Volksschulen;1885;;;34;;;;41;653-666;;https://digital.slub-dresden.de/werkansicht/dlf/89769/1;;Leipzig;Theorie;Zeitschriftenartikel;;;;Lepizig
Z_E_1887_ON_0831;[unknown];[unknown];Zu Ludwig Uhlands Gedächtnis;Der practische Schulmann. Archiv für Materialien zum Unterricht in den Real-, Bürger- und Volksschulen;1887;;;36;;;;28;429-431;;https://digital.slub-dresden.de/werkansicht/dlf/89774/1;;Leipzig;Erläuterung;Zeitschriftenartikel;;;;Lepizig
Z_M_1887_ON_0832;[unknown];[unknown];Zur Methodik der Besprechung deutscher Dichtungen;Der practische Schulmann. Archiv für Materialien zum Unterricht in den Real-, Bürger- und Volksschulen;1887;;;36;;;;29;450-455;;https://digital.slub-dresden.de/werkansicht/dlf/89774/1;;Leipzig;Methodik;Zeitschriftenartikel;;;;Lepizig
Z_K_1890_ON_0833;[unknown];[unknown];Zum litteraturkundlichen Unterrichte;Der practische Schulmann. Archiv für Materialien zum Unterricht in den Real-, Bürger- und Volksschulen;1890;;;39;;;;30;468-475;;https://digital.slub-dresden.de/werkansicht/dlf/89480/1;;Leipzig;Kommentar;Zeitschriftenartikel;;;;Lepizig
Z_E_1890_ON_0834;[unknown];[unknown];Zum litteraturkundlichen Unterrichte;Der practische Schulmann. Archiv für Materialien zum Unterricht in den Real-, Bürger- und Volksschulen;1890;;;39;;;;35;548-551;;https://digital.slub-dresden.de/werkansicht/dlf/89480/1;;Leipzig;Erläuterung;Zeitschriftenartikel;;;;Lepizig
Z_M_1866_WK_0835;W.;K.;Lessing’s Nathan der Weise;Der practische Schulmann. Archiv für Materialien zum Unterricht in den Real-, Bürger- und Volksschulen;1866;;;15;;;;40;613-622;;https://digital.slub-dresden.de/werkansicht/dlf/90314/1;;Leipzig;Methodik;Zeitschriftenartikel;;;;Lepizig
Z_M_1859_WES_0836;[unknown];Westphal;Das Almosen;Der practische Schulmann. Archiv für Materialien zum Unterricht in den Real-, Bürger- und Volksschulen;1859;;;8;;;;22;333-341;;https://digital.slub-dresden.de/werkansicht/dlf/92119/1;;Leipzig;Methodik;Zeitschriftenartikel;;;;Lepizig
Z_M_1857_WID_0837;B.;Widmann;Arion;Der practische Schulmann. Archiv für Materialien zum Unterricht in den Real-, Bürger- und Volksschulen;1857;;;6;;;;32;442-445;;https://digital.slub-dresden.de/werkansicht/dlf/90561/1;;Leipzig;Methodik;Zeitschriftenartikel;;;;Lepizig
Z_M_1857_WID_0838;B.;Widmann;Behandlung der Synonymen;Der practische Schulmann. Archiv für Materialien zum Unterricht in den Real-, Bürger- und Volksschulen;1857;;;6;;;;27;375-381;;https://digital.slub-dresden.de/werkansicht/dlf/90561/1;;Leipzig;Methodik;Zeitschriftenartikel;;;;Lepizig
Z_E_1857_WID_0839;B.;Widmann;Behandlung der Synonymen;Der practische Schulmann. Archiv für Materialien zum Unterricht in den Real-, Bürger- und Volksschulen;1857;;;6;;;;37;522-530;;https://digital.slub-dresden.de/werkansicht/dlf/90561/1;;Leipzig;Erläuterung;Zeitschriftenartikel;;;;Lepizig
Z_E_1860_WID_0840;B.;Widmann;Die Behandlung mittelhochdeutscher Dichtungen in der obern Klasse der Realschulen;Der practische Schulmann. Archiv für Materialien zum Unterricht in den Real-, Bürger- und Volksschulen;1860;;;9;;;;6;86-91;;https://digital.slub-dresden.de/werkansicht/dlf/92120/1;;Leipzig;Erläuterung;Zeitschriftenartikel;;;;Lepizig
Z_E_1861_WID_0841;Benedict;Widmann;Die epigrammatische Dichtung;Der practische Schulmann. Archiv für Materialien zum Unterricht in den Real-, Bürger- und Volksschulen;1861;;;10;;;;35;505-520;;https://digital.slub-dresden.de/werkansicht/dlf/92121/1;;Leipzig;Erläuterung;Zeitschriftenartikel;;;;Lepizig
Z_E_1855_WID_0842;B.;Widmann;Der Schatzgräber von Goethe;Der practische Schulmann. Archiv für Materialien zum Unterricht in den Real-, Bürger- und Volksschulen;1855;;;4;;;;22;309-314;;https://digital.slub-dresden.de/werkansicht/dlf/90560/1;;Leipzig;Erläuterung;Zeitschriftenartikel;;;;Lepizig
Z_L_1862_WID_0843;Benedict;Widmann;Materialien für schriftliche Aufsätze;Der practische Schulmann. Archiv für Materialien zum Unterricht in den Real-, Bürger- und Volksschulen;1862;;;11;;;;27;425-431;;https://digital.slub-dresden.de/werkansicht/dlf/90305/1;;Leipzig;Lehrmittel;Zeitschriftenartikel;;;;Lepizig
Z_E_1887_WID_0844;Benedikt;Widmann;Über den Unterricht in der neuhochdeutschen Metrik;Der practische Schulmann. Archiv für Materialien zum Unterricht in den Real-, Bürger- und Volksschulen;1887;;;36;;;;35;552-565;;https://digital.slub-dresden.de/werkansicht/dlf/89774/1;;Leipzig;Erläuterung;Zeitschriftenartikel;;;;Lepizig
Z_E_1862_WOL_0845;Robert;Wolfram;Die Minnesänger oder schwäbischen Dichter;Der practische Schulmann. Archiv für Materialien zum Unterricht in den Real-, Bürger- und Volksschulen;1862;;;11;;;;7;95-111;;https://digital.slub-dresden.de/werkansicht/dlf/90305/1;;Leipzig;Erläuterung;Zeitschriftenartikel;;;;Lepizig
Z_T_1873_WOL_0846;Emil;Wolff;Das deutsche Volksdrama vor der Zeit der Einwirkung antiker Dramaturgie auf dasselbe;Der practische Schulmann. Archiv für Materialien zum Unterricht in den Real-, Bürger- und Volksschulen;1873;;;22;;;;1;11-20;;https://digital.slub-dresden.de/werkansicht/dlf/92122/1;;Leipzig;Theorie;Zeitschriftenartikel;;;;Lepizig
Z_E_1887_WLK_0847;R.;Wülknitz;Meier Helmbrecht und sein Sohn;Der practische Schulmann. Archiv für Materialien zum Unterricht in den Real-, Bürger- und Volksschulen;1887;;;37;;;;25;385-417;;https://digital.slub-dresden.de/werkansicht/dlf/90047/1;;Leipzig;Erläuterung;Zeitschriftenartikel;;;;Lepizig
Z_M_1885_ZIM_0848;H.;Zimmermann;Wodurch kann die Schule den Sinn für das Schöne in den Kindern entwickeln und pflegen?;Der practische Schulmann. Archiv für Materialien zum Unterricht in den Real-, Bürger- und Volksschulen;1885;;;35;;;;10;147-155;;https://digital.slub-dresden.de/werkansicht/dlf/89772/1;;Leipzig;Methodik;Zeitschriftenartikel;;;;Lepizig
Z_E_1856_DEI_0849;Heinrich;Deinhardt;Nachträgliches über Schiller's Braut von Messina;Pädagogische Monatsschrift;1856;;;10;;;;4;215-240;;Staatsbibliothek;;Magdeburg;Erläuterung;Zeitschriftenartikel;;;;Magdeburg
Z_E_1856_DEI_0850;Heinrich;Deinhardt;Nachträgliches über Schiller's Braut von Messina. Schluß;Pädagogische Monatsschrift;1856;;;10;;;;5;288-312;;Staatsbibliothek;;Magdeburg;Erläuterung;Zeitschriftenartikel;;;;Magdeburg
Z_R_1856_JB_0851;B.;J.;Sammelrezension [Grundriß der Geschichte der deutschen Literatur. 7. Aufl. 1854, Leitfaden zur Geschichte der deutsche nLIteratur, bearbeitet für höhere Töchterschulen. 2. Aufl. Wegweiser durch das Gebiet der deutschen National-Literatur für Gymnasien und höhere LEhranstalten von D. Schulze 1854, Grundriß der GEschichte der deutschen Literatur von Dr. D. Lange. 2. Aufl. 1854, Kurzer ABriß der GEschichte der deutschen LIteratur für höhere Töchterschulen von Ab. Schumann. 1854];Pädagogische Monatsschrift;1856;;;10;;;;4;247-252;;Staatsbibliothek;;Magdeburg;Rezension;Zeitschriftenartikel;;1;;Magdeburg
Z_T_1856_LWF_0852;Friedrich;Löw;Ueber die Anschließung der Stylübungen an die Lektüre;Pädagogische Monatsschrift;1856;;;10;;;;7;387-400;;Staatsbibliothek;;Magdeburg;Theorie;Zeitschriftenartikel;;;;Magdeburg
Z_R_1856_SCH_0853;[unknown];Schl.;Deutsches Lesebuch von R. Auras und G. Gnerlich;Pädagogische Monatsschrift;1856;;;10;;;;7;446-448;;Staatsbibliothek;;Magdeburg;Rezension;Zeitschriftenartikel;;;;Magdeburg
Z_R_1856_ON_0854;[unknown];[unknown];Deutsches Lesebuch für Real- und Bürgerschulen. Herausgegeben von Gustav Fleischer. 2. Aufl. 1856;Pädagogische Monatsschrift;1856;;;10;;;;12;734;;Staatsbibliothek;;Magdeburg;Rezension;Zeitschriftenartikel;;;;Magdeburg
Z_R_1856_ON_0855;[unknown];[unknown];Deutsches Lesebuch für die mittleren und oberen Klassen höherer Lehranstalten. Hrsg. V. Otto Lange 1855.;Pädagogische Monatsschrift;1856;;;10;;;;12;734;;Staatsbibliothek;;Magdeburg;Rezension;Zeitschriftenartikel;Sammelrezension, wie: Z_R_1856_ON_0854;;;Magdeburg
Z_R_1856_ON_0856;[unknown];[unknown];Deutsche Stylschule. […] insbesondere für höhere Volks-, Bürger und Töchterschulen. Von K. f. W. Wander 1856.;Pädagogische Monatsschrift;1856;;;10;;;;12;734-735;;Staatsbibliothek;;Magdeburg;Rezension;Zeitschriftenartikel;Sammelrezension, wie: Z_R_1856_ON_0854;1;;Magdeburg
Z_R_1856_ON_0857;[unknown];[unknown];Anleitung zur Ausarbeitung schriftlicher Aufsätze nebst einer Sammlung von Aufgaben von Karl Juch. 1856;Pädagogische Monatsschrift;1856;;;10;;;;12;746-749;;Staatsbibliothek;;Magdeburg;Rezension;Zeitschriftenartikel;;;;Magdeburg
Z_R_1856_ON_0858;[unknown];[unknown];Die Lehre vom deutschen Style von Ritfert 1856;Pädagogische Monatsschrift;1856;;;10;;;;12;749-750;;Staatsbibliothek;;Magdeburg;Rezension;Zeitschriftenartikel;;;;Magdeburg
Z_R_1856_ON_0859;[unknown];[unknown];Die Lehre von den Formen und Gattungen der deutschen Dichtkunst, von Dr. Ernst Kleinpaul. 3. Aufl. 1856.;Pädagogische Monatsschrift;1856;;;10;;;;12;753;;Staatsbibliothek;;Magdeburg;Rezension;Zeitschriftenartikel;;;;Magdeburg
Z_R_1856_ON_0860;[unknown];[unknown];Album deutscher Poesie für Deutschlands Jugend, von Geißler. 1856;Pädagogische Monatsschrift;1856;;;10;;;;12;753;;Staatsbibliothek;;Magdeburg;Rezension;Zeitschriftenartikel;;;;Magdeburg
Z_T_1857_HOR_0861;F. D.;Honcamp;Noch ein Wort über die Bedeutung und den pädagogischen Werth der Märchen;Pädagogische Monatsschrift;1857;;;11;;;;6;361-373;;Staatsbibliothek;;Magdeburg;Theorie;Zeitschriftenartikel;;;;Magdeburg
Z_T_1857_EIS_0863;[unknown];Eiselen;Das nationale Element der Erziehung und des Unterrichts in der Schule;Pädagogische Monatsschrift;1857;;;11;;;;9;521-536;;Staatsbibliothek;;Magdeburg;Theorie;Zeitschriftenartikel;;;;Magdeburg
Z_M_1857_ON_0864;[unknown];[unknown];Erklärung der Redaction;Pädagogische Monatsschrift;1857;;;11;;;;12;776;;Staatsbibliothek;;Magdeburg;Meta;Zeitschriftenartikel;;;;Magdeburg
Z_T_1850_GUD_0865;[unknown];Gude;Die Erziehung zur Nationalität;Pädagogische Monatsschrift;1850;;;4;;;;1;33-49;;https://mdz-nbn-resolving.de/urn:nbn:de:bvb:12-bsb10763558-2;;Magdeburg;Theorie;Zeitschriftenartikel;;;;Magdeburg
Z_E_1850_BEC_0866;G. Th.;Becker;Göthe's Hermann und Dorothea. Aesthetisch erläutert;Pädagogische Monatsschrift;1850;;;4;;;;2;128-145;;https://mdz-nbn-resolving.de/urn:nbn:de:bvb:12-bsb10763558-2;;Magdeburg;Erläuterung;Zeitschriftenartikel;;;;Magdeburg
Z_T_1850_LWF_0867;Friedrich;Löw;Ueber die Erziehung zur Nationalität. Zweites Kapitel;Pädagogische Monatsschrift;1850;;;4;;;;2;114-127;;https://mdz-nbn-resolving.de/urn:nbn:de:bvb:12-bsb10763558-2;;Magdeburg;Theorie;Zeitschriftenartikel;;;;Magdeburg
Z_E_1850_BEC_0868;G. Th.;Becker;Göthe's Hermann und Dorothea. Aesthetisch erläutert. Fortsetzung;Pädagogische Monatsschrift;1850;;;4;;;;3;163-186;;https://mdz-nbn-resolving.de/urn:nbn:de:bvb:12-bsb10763558-2;;Magdeburg;Erläuterung;Zeitschriftenartikel;;;;Magdeburg
Z_E_1850_BEC_0869;G. Th.;Becker;Zur Kritik des epischen Gedichts Hermann und Dorothea;Pädagogische Monatsschrift;1850;;;4;;;;7;501-539;;https://mdz-nbn-resolving.de/urn:nbn:de:bvb:12-bsb10763558-2;;Magdeburg;Erläuterung;Zeitschriftenartikel;;;;Magdeburg
Z_T_1850_KRN_0870;Friedrich;Körner;Zum Studium der neueren Literatur;Pädagogische Monatsschrift;1850;;;4;;;;8;621-625;;https://mdz-nbn-resolving.de/urn:nbn:de:bvb:12-bsb10763558-2;;Magdeburg;Theorie;Zeitschriftenartikel;;;;Magdeburg
Z_E_1850_RNN_0871;Johann Gottfried;Rönnefahrt;Schillers Schauspiel Wilhelm Tell;Pädagogische Monatsschrift;1850;;;4;;;;9;662-678;;https://mdz-nbn-resolving.de/urn:nbn:de:bvb:12-bsb10763558-2;;Magdeburg;Erläuterung;Zeitschriftenartikel;;;;Magdeburg
Z_T_1850_GRU_0872;A.;Grube;Ueber ästhetisch wertvolle Charakterbilder;Pädagogische Monatsschrift;1850;;;4;;;;9;679-689;;https://mdz-nbn-resolving.de/urn:nbn:de:bvb:12-bsb10763558-2;;Magdeburg;Theorie;Zeitschriftenartikel;;;;Magdeburg
Z_E_1850_RNN_0873;Johann Gottfried;Rönnefahrt;Schiller's Wilhelm Tell;Pädagogische Monatsschrift;1850;;;4;;;;12;821-853;;https://mdz-nbn-resolving.de/urn:nbn:de:bvb:12-bsb10763558-2;;Magdeburg;Erläuterung;Zeitschriftenartikel;;;;Magdeburg
Z_T_1851_LWF_0874;Friedrich;Löw;Wie fangen wir es an, um unsere Schüler in der Naitonalliteratur zu orientieren?;Pädagogische Monatsschrift;1851;;;5;;;;1;62-72;;https://mdz-nbn-resolving.de/urn:nbn:de:bvb:12-bsb10763560-4;;Magdeburg;Theorie;Zeitschriftenartikel;;;;Magdeburg
Z_T_1851_GIT_0875;[unknown];Gittermann;Das Lesebuch, als Mittelpunkt des Unterrichts;Pädagogische Monatsschrift;1851;;;5;;;;1;72-78;;https://mdz-nbn-resolving.de/urn:nbn:de:bvb:12-bsb10763560-4;;Magdeburg;Theorie;Zeitschriftenartikel;;;;Magdeburg
Z_T_1851_LWF_0876;Friedrich;Löw;Wie fangen wir es an, um unsere Schüler in der Naitonalliteratur zu orientieren? Zweiter Theil;Pädagogische Monatsschrift;1851;;;5;;;;2;140-155;;https://mdz-nbn-resolving.de/urn:nbn:de:bvb:12-bsb10763560-4;;Magdeburg;Theorie;Zeitschriftenartikel;;;;Magdeburg
Z_T_1851_WEI_0877;[unknown];Weiß;Beitrag für den Unterricht in der deutschen Muttersprache;Pädagogische Monatsschrift;1851;;;5;;;;4;243-272;;https://mdz-nbn-resolving.de/urn:nbn:de:bvb:12-bsb10763560-4;;Magdeburg;Theorie;Zeitschriftenartikel;;;;Magdeburg
Z_E_1851_LWF_0878;Friedrich;Löw;Ueber Erklärung deutscher Dichter zum Schulgebrauch;Pädagogische Monatsschrift;1851;;;5;;;;4;273-291;;https://mdz-nbn-resolving.de/urn:nbn:de:bvb:12-bsb10763560-4;;Magdeburg;Erläuterung;Zeitschriftenartikel;;;;Magdeburg
Z_E_1851_RNN_0879;Johann Gottfried;Rönnefahrt;Schiller Mädchen aus der Fremde;Pädagogische Monatsschrift;1851;;;5;;;;5;362-379;;https://mdz-nbn-resolving.de/urn:nbn:de:bvb:12-bsb10763560-4;;Magdeburg;Erläuterung;Zeitschriftenartikel;;;;Magdeburg
Z_T_1851_LWF_0880;Friedrich;Löw;Wie fangen wir es an, um unsere Schüler in der Naitonalliteratur zu orientieren? Schluß;Pädagogische Monatsschrift;1851;;;5;;;;6;425-439;;https://mdz-nbn-resolving.de/urn:nbn:de:bvb:12-bsb10763560-4;;Magdeburg;Theorie;Zeitschriftenartikel;;;;Magdeburg
Z_T_1851_LEH_0881;[unknown];Lehmann;Der Werth der ästhetischen Erziehung;Pädagogische Monatsschrift;1851;;;5;;;;6;439-479;;https://mdz-nbn-resolving.de/urn:nbn:de:bvb:12-bsb10763560-4;;Magdeburg;Theorie;Zeitschriftenartikel;;;;Magdeburg
Z_T_1851_LEH_0882;[unknown];Lehmann;Der Werth der ästhetischen Erziehung. Schluß;Pädagogische Monatsschrift;1851;;;5;;;;7;490-495;;https://mdz-nbn-resolving.de/urn:nbn:de:bvb:12-bsb10763560-4;;Magdeburg;Theorie;Zeitschriftenartikel;;;;Magdeburg
Z_R_1851_LWF_0883;Friedrich;Löw;Kriebitsch’s Lesebuch für Seminarien;Pädagogische Monatsschrift;1851;;;5;;;;9;702-711;;https://mdz-nbn-resolving.de/urn:nbn:de:bvb:12-bsb10763560-4;;Magdeburg;Rezension;Zeitschriftenartikel;;;;Magdeburg
Z_T_1851_LEH_0884;[unknown];Lehmann;Ueber die Pflege des Volksliedes;Pädagogische Monatsschrift;1851;;;5;;;;10;735-752;;https://mdz-nbn-resolving.de/urn:nbn:de:bvb:12-bsb10763560-4;;Magdeburg;Theorie;Zeitschriftenartikel;;;;Magdeburg
Z_R_1852_GUD_0885;[unknown];Gude;Auswahl deutscher Gedichte für Bürgerschulen von R. H. Hiecke;Pädagogische Monatsschrift;1852;;;6;;;;2;144-149;;https://mdz-nbn-resolving.de/urn:nbn:de:bvb:12-bsb10763560-4;;Magdeburg;Rezension;Zeitschriftenartikel;;;;Magdeburg
Z_B_1852_KAL_0886;[unknown];Kalkow;Schüler-Bibliotheken;Pädagogische Monatsschrift;1852;;;6;;;;2;149-156;;https://mdz-nbn-resolving.de/urn:nbn:de:bvb:12-bsb10763560-4;;Magdeburg;Bericht;Zeitschriftenartikel;;;;Magdeburg
Z_B_1852_KAL_0887;[unknown];Kalkow;Schüler-Bibliotheken. Zweiter Theil;Pädagogische Monatsschrift;1852;;;6;;;;1;23-30;;https://mdz-nbn-resolving.de/urn:nbn:de:bvb:12-bsb10763560-4;;Magdeburg;Bericht;Zeitschriftenartikel;;;;Magdeburg
Z_B_1852_KAL_0888;[unknown];Kalkow;Schüler-Bibliotheken. Schluß;Pädagogische Monatsschrift;1852;;;6;;;;2;163-175;;https://mdz-nbn-resolving.de/urn:nbn:de:bvb:12-bsb10763560-4;;Magdeburg;Bericht;Zeitschriftenartikel;;;;Magdeburg
Z_E_1852_RNN_0889;Johann Gottfried;Rönnefahrt;Schillers romantische Tragödie Die Jungfrau von Orlean;Pädagogische Monatsschrift;1852;;;6;;;;3;198-231;;https://mdz-nbn-resolving.de/urn:nbn:de:bvb:12-bsb10763560-4;;Magdeburg;Erläuterung;Zeitschriftenartikel;;;;Magdeburg
Z_E_1852_RNN_0890;Johann Gottfried;Rönnefahrt;Schillers romantische Tragödie Die Jungfrau von Orlean. Schluß;Pädagogische Monatsschrift;1852;;;6;;;;4;273-296;;https://mdz-nbn-resolving.de/urn:nbn:de:bvb:12-bsb10763560-4;;Magdeburg;Erläuterung;Zeitschriftenartikel;;;;Magdeburg
Z_T_1852_DEI_0891;Heinrich;Deinhardt;Bildung zum Genuß;Pädagogische Monatsschrift;1852;;;6;;;;11;883-931;;https://mdz-nbn-resolving.de/urn:nbn:de:bvb:12-bsb10763560-4;;Magdeburg;Theorie;Zeitschriftenartikel;;;;Magdeburg
Z_E_1853_HOF_0892;Ernst Wilhelm;Hoffmann;Uhland Des Sängers Fluch;Pädagogische Monatsschrift;1853;;;7;;;;1;52-66;;https://mdz-nbn-resolving.de/urn:nbn:de:bvb:12-bsb10763562-5;;Magdeburg;Erläuterung;Zeitschriftenartikel;;;;Magdeburg
Z_M_1853_GUD_0893;[unknown];Gude;Beiträge zur Methodik der Gedichtserläuterungen;Pädagogische Monatsschrift;1853;;;7;;;;5;323-374;;https://mdz-nbn-resolving.de/urn:nbn:de:bvb:12-bsb10763562-5;;Magdeburg;Methodik;Zeitschriftenartikel;;;;Magdeburg
Z_E_1853_RNN_0894;Johann Gottfried;Rönnefahrt;Bemerkungen zu Schiller’s Ballade die Bürgschaft;Pädagogische Monatsschrift;1853;;;7;;;;6;463-452;;https://mdz-nbn-resolving.de/urn:nbn:de:bvb:12-bsb10763562-5;;Magdeburg;Erläuterung;Zeitschriftenartikel;;;;Magdeburg
Z_T_1853_LWF_0895;Friedrich;Löw;Zum deutschen Sprachunterrichte;Pädagogische Monatsschrift;1853;;;7;;;;7;483-507;;https://mdz-nbn-resolving.de/urn:nbn:de:bvb:12-bsb10763562-5;;Magdeburg;Theorie;Zeitschriftenartikel;;;;Magdeburg
Z_T_1853_LWF_0896;Friedrich;Löw;Zum deutschen Sprachunterrichte . Schluß;Pädagogische Monatsschrift;1853;;;7;;;;8;563-586;;https://mdz-nbn-resolving.de/urn:nbn:de:bvb:12-bsb10763562-5;;Magdeburg;Theorie;Zeitschriftenartikel;;;;Magdeburg
Z_T_1853_DEI_0897;Heinrich;Deinhardt;Der deutschsprachliche Unterricht in den höheren Schuen;Pädagogische Monatsschrift;1853;;;7;;;;9;678-711;;https://mdz-nbn-resolving.de/urn:nbn:de:bvb:12-bsb10763562-5;;Magdeburg;Theorie;Zeitschriftenartikel;;;;Magdeburg
Z_E_1853_RNN_0898;Johann Gottfried;Rönnefahrt;Göthe’s Schauspiel Iphigenie auf Tauris;Pädagogische Monatsschrift;1853;;;7;;;;11;803-827;;https://mdz-nbn-resolving.de/urn:nbn:de:bvb:12-bsb10763562-5;;Magdeburg;Erläuterung;Zeitschriftenartikel;;;;Magdeburg
Z_E_1853_RNN_0899;Johann Gottfried;Rönnefahrt;Göthe’s Schauspiel Iphigenie auf Tauris. Schluß;Pädagogische Monatsschrift;1853;;;7;;;;12;883-910;;https://mdz-nbn-resolving.de/urn:nbn:de:bvb:12-bsb10763562-5;;Magdeburg;Erläuterung;Zeitschriftenartikel;;;;Magdeburg
Z_E_1854_HIE_0900;[unknown];Hiecke;König Heinrich VI. Dritter Theil;Pädagogische Monatsschrift;1854;;;8;;;;1;3-26;;https://mdz-nbn-resolving.de/urn:nbn:de:bvb:12-bsb10763563-0;;Magdeburg;Erläuterung;Zeitschriftenartikel;;;;Magdeburg
Z_E_1854_WER_0901;[unknown];Werner;Einige Erörterungen über das Verhältnis der Poesie zur Pädagogik und des Epos Otto der Schütz in dieser Hinsicht;Pädagogische Monatsschrift;1854;;;8;;;;3;163-177;;https://mdz-nbn-resolving.de/urn:nbn:de:bvb:12-bsb10763563-0;;Magdeburg;Erläuterung;Zeitschriftenartikel;;;;Magdeburg
Z_E_1854_RNN_0902;Johann Gottfried;Rönnefahrt;Schiller’s Trauerspiel Maria Stuart;Pädagogische Monatsschrift;1854;;;8;;;;6;436-465;;https://mdz-nbn-resolving.de/urn:nbn:de:bvb:12-bsb10763563-0;;Magdeburg;Erläuterung;Zeitschriftenartikel;;;;Magdeburg
Z_E_1854_RNN_0903;Johann Gottfried;Rönnefahrt;Schiller’s Trauerspiel Maria Stuart. Schluß;Pädagogische Monatsschrift;1854;;;8;;;;7;483-516;;https://mdz-nbn-resolving.de/urn:nbn:de:bvb:12-bsb10763563-0;;Magdeburg;Erläuterung;Zeitschriftenartikel;;;;Magdeburg
Z_R_1854_MIQ_0904;[unknown];Miquél;Zur Literatur;Pädagogische Monatsschrift;1854;;;8;;;;9;689-695;;https://mdz-nbn-resolving.de/urn:nbn:de:bvb:12-bsb10763563-0;;Magdeburg;Rezension;Zeitschriftenartikel;;;;Magdeburg
Z_E_1854_DEI_0905;Heinrich;Deinhardt;Schiller’s Braut von Messina;Pädagogische Monatsschrift;1854;;;8;;;;10;723-743;;https://mdz-nbn-resolving.de/urn:nbn:de:bvb:12-bsb10763563-0;;Magdeburg;Erläuterung;Zeitschriftenartikel;;;;Magdeburg
Z_E_1854_DEI_0906;Heinrich;Deinhardt;Schiller’s Braut von Messina. Schluß;Pädagogische Monatsschrift;1854;;;8;;;;11;803-859;;https://mdz-nbn-resolving.de/urn:nbn:de:bvb:12-bsb10763563-0;;Magdeburg;Erläuterung;Zeitschriftenartikel;;;;Magdeburg
Z_E_1854_RNN_0907;Johann Gottfried;Rönnefahrt;Schiller’s Trauerspiel mit Chören Die Braut von Messina oder die feindlichen Brüder;Pädagogische Monatsschrift;1854;;;8;;;;12;883-940;;https://mdz-nbn-resolving.de/urn:nbn:de:bvb:12-bsb10763563-0;;Magdeburg;Erläuterung;Zeitschriftenartikel;;;;Magdeburg
Z_M_1855_DEI_0908;Heinrich;Deinhardt;Gedicht-Besprechungen;Pädagogische Monatsschrift;1855;;;9;;;;4;195-211;;https://mdz-nbn-resolving.de/urn:nbn:de:bvb:12-bsb10763564-5;;Magdeburg;Methodik;Zeitschriftenartikel;;;;Magdeburg
Z_E_1855_DEI_0909;Heinrich;Deinhardt;Schiller’s Braut von Messina;Pädagogische Monatsschrift;1855;;;9;;;;5;274-320;;https://mdz-nbn-resolving.de/urn:nbn:de:bvb:12-bsb10763564-5;;Magdeburg;Erläuterung;Zeitschriftenartikel;;;;Magdeburg
Z_E_1855_DEI_0910;Heinrich;Deinhardt;Der Spaziergang von Schiller;Pädagogische Monatsschrift;1855;;;9;;;;11;653-686;;https://mdz-nbn-resolving.de/urn:nbn:de:bvb:12-bsb10763564-5;;Magdeburg;Erläuterung;Zeitschriftenartikel;;;;Magdeburg
Z_E_1855_JDE_0911;[unknown];Jäde;Poetische Sinnsprüche;Pädagogische Monatsschrift;1855;;;9;;;;11;726-734;;https://mdz-nbn-resolving.de/urn:nbn:de:bvb:12-bsb10763564-5;;Magdeburg;Erläuterung;Zeitschriftenartikel;;;;Magdeburg
A_L_1825_ARN_0912;August;Arnold;Über den Umfang und die Anordnung des Unterrichts in der Muttersprache;Einladung zu den Prüfungen des Gymnasiums Bromberg;1825;;;;;;;;4-20;;Juliane Eckhardt, Herman Helmers (Hg.): Theorien des Deutschunterrichts. Darmstadt 1980;;Bromberg;Lehrplan;Lexikonartikel;;;;Bromberg
A_L_1865_BEE_0913;[unknown];Beesenmeyer;Märchen, Fabel;Encyklopädie des gesammten Erziehungs- und Unterrichtswesens;1865;;;4;;;;;571-582;;scripta;;Gotha;Theorie;Lexikonartikel;;;;Gotha
A_T_1820_BER_0914;A. F.;Bernhardi;Von der Bedeutung des Unterrichts in der Muttersprache in den höheren Klassen der Bildungsanstalten;Einladung zu den Prüfungen des Königl. Friedrich-Wilhelms-Gymnasiums und der Realschule;1820;;;;;;;;3-30;;Georg Jäger (Hg.): Der Deutschunterricht auf dem Gymnasium der Goethezeit. Hildesheim 1977.;;Berlin;Theorie;Lexikonartikel;;;;Berlin
A_M_1833_BIS_0915;Ludwig;Bischoff;Grundlinien einer systematischen Behandlung des deutschen Sprachunterrichts;Einladung zu den Prüfungen des Jahres 1832-1833 des Gymnasiums Wesel;1833;;;;;;;;1-14;;Juliane Eckhardt, Herman Helmers (Hg.): Theorien des Deutschunterrichts. Darmstadt 1980;;Wesel;Methodik;Lexikonartikel;;;;Wesel
A_M_1787_BTT_0916;M. C. A.;Böttiger;Ueber den Mißbrauch der deutschen Lectüre auf Schulen und einigen Mitteln dagegen;;1787;;;;;;;;;;Georg Jäger (Hg.): Der Deutschunterricht auf dem Gymnasium der Goethezeit. Hildesheim 1977.;;Leipzig;Methodik;Lexikonartikel;;;;Leipzig
A_L_1859_DEI_0917;[unknown];Deinhardt;Ästhetische Bildung;Encyklopädie des gesammten Erziehungs- und Unterrichtswesens;1859;;;1;;;;;263-272;;scripta;;Gotha;Theorie;Lexikonartikel;;;;Gotha
A_L_1859_DEI_0918;[unknown];Deinhardt;Aufsätze (deutsche) in höheren Anstalten (Erster Artikel);Encyklopädie des gesammten Erziehungs- und Unterrichtswesens;1859;;;1;;;;;313-330;;scripta;;Gotha;Methodik;Lexikonartikel;;;;Gotha
A_L_1866_DEI_0919;[unknown];Deinhardt;Die Phantasie;Encyklopädie des gesammten Erziehungs- und Unterrichtswesens;1866;;;5;;;;;886-902;;scripta;;Gotha;Theorie;Lexikonartikel;;;;Gotha
A_T_1793_GED_0920;Friedrich D.;Gedike;Einige Gedanken über deutsche Sprach- und Stilübungen auf Schulen;Einladung zu den Prüfungen des vereinigten Friedrichwerderschen und Friedrichstädtischen Gymnasiums;1793;;;;;;;;3-29;;Georg Jäger (Hg.): Der Deutschunterricht auf dem Gymnasium der Goethezeit. Hildesheim 1977.;;Berlin;Theorie;Lexikonartikel;;;;Berlin
A_L_1859_HAU_0921;[unknown];Hauber;Bildung;Encyklopädie des gesammten Erziehungs- und Unterrichtswesens;1859;;;1;;;;;657-686;;scripta;;Gotha;Theorie;Lexikonartikel;;;;Gotha
A_L_1859_HEI_0922;[unknown];Heiland;Deutsche Sprache in höheren Schulen;Encyklopädie des gesammten Erziehungs- und Unterrichtswesens;1859;;;1;;;;;908-930;;scripta;;Gotha;Methodik;Lexikonartikel;;;;Gotha
A_L_1862_KHN_0923;[unknown];Kühner;Jugendlectüre, Jugenditeratur;Encyklopädie des gesammten Erziehungs- und Unterrichtswesens;1862;;;3;;;;;802-840;;scripta;;Gotha;Methodik;Lexikonartikel;;;;Gotha
A_L_1862_LAN_0924;[unknown];Landerer;Göthe, Lectüre G. In pädagogischer Hinsicht;Encyklopädie des gesammten Erziehungs- und Unterrichtswesens;1862;;;3;;;;;7-24;;scripta;;Gotha;Theorie;Lexikonartikel;;;;Gotha
A_L_1878_LAZ_0925;[unknown];Lazarus;Sprache;Encyklopädie des gesammten Erziehungs- und Unterrichtswesens;1878;;;11;;;;;696-724;;scripta;;Gotha;Theorie;Lexikonartikel;;;;Gotha
A_L_1867_LEC_0926;[unknown];Lechler;Poesie;Encyklopädie des gesammten Erziehungs- und Unterrichtswesens;1867;;;6;;;;;98-102;;scripta;;Gotha;Theorie;Lexikonartikel;;;;Gotha
A_M_1804_LEN_0927;Christian Ludiwg;Lenz;Ueber Schulbibliotheken und Schulkabinette;Einladung des Nordhäuser Gymnasiums;1804;;;;;;;;3-45;;Georg Jäger (Hg.): Der Deutschunterricht auf dem Gymnasium der Goethezeit. Hildesheim 1977.;;Gotha;Methodik;Lexikonartikel;;;;Gotha
A_L_1870_MAR_0928;[unknown];Marg;Schullesebuch;Encyklopädie des gesammten Erziehungs- und Unterrichtswesens;1870;;;8;;;;;141-176;;scripta;;Gotha;Methodik;Lexikonartikel;;;;Gotha
A_M_1834_NIE_0929;Heinrich;Niemeyer;Über Anleitung zu deutscher Beredtsamkeit auf Gymnasien;;1834;;;;;;;;;;Georg Jäger (Hg.): Der Deutschunterricht auf dem Gymnasium der Goethezeit. Hildesheim 1977.;;Nordhausen;Methodik;Lexikonartikel;;;;Nordhausen
A_L_1859_SCH_0930;[unknown];Schmid;Aufsätze (deutsche) in höheren Anstalten (Zweiter Artikel);Encyklopädie des gesammten Erziehungs- und Unterrichtswesens;1859;;;1;;;;;330-346;;scripta;;Gotha;Methodik;Lexikonartikel;;;;Gotha
A_L_1865_STO_0931;[unknown];Stockmayer;Leseunterricht;Encyklopädie des gesammten Erziehungs- und Unterrichtswesens;1865;;;4;;;;;379-491;;scripta;;Gotha;Methodik;Lexikonartikel;;;;Gotha
A_T_1867_WEL_0932;Friedrich Gottlieb;Welcker;Ueber einen wichtigen Gegenstand des Unterrichti n Gymnasien;Kleine Schriften;1867;Otto;Lüders;5;;1810;;;259-277;;https://mdz-nbn-resolving.de/details:bsb10765763;;Elberfeld;Theorie;Lexikonartikel;;;;Elberfeld
M_X_1842_HIE_0933;Robert Heinrich;Hiecke;Der deutsche Unterricht auf deutschen Gymnasien. Ein pädagogischer Versuch;;1842;;;;;;;;;;https://mdz-nbn-resolving.de/details:bsb10583829;;Leipzig;Methodik;Monographie;;;;Leipzig
M_X_1883_APE_0934;Otto;Apelt;Der deutsche Aufsatz in der Prima des Gymnasiums. Ein historisch-kritischer Versuch;;1883;;;;;;;;;1-137;https://mdz-nbn-resolving.de/details:bsb11023136;;Leipzig;Erläuterung;Monographie;;;;Leipzig
M_X_1829_ARN_0935;August;Arnold;Die höheren Unterrichtsanstalten nach den Anforderungen der Gegenwart;;1829;;;;;;;;;49-71, 104-108;https://hdl.handle.net/2027/uc1.$b301318;;Berlin;Theorie;Monographie;;;;Berlin
M_X_1785_BAS_0936;Johann Bernhard;Basedow;Das Basedowische Elementarwerk. Ein Vorrath der besten Erkenntnisse zum Lernen, Lehren, Wiederholen und Nachdenken;;1785;;;1;;;;;;68-83;http://resolver.staatsbibliothek-berlin.de/SBB0000EDC200000000;;Leipzig;Methodik;Monographie;;;;Leipzig
M_X_1844_DIE_0937;F. Adolph W.;Diesterweg;Wegweiser zur Bildung für deutsche Lehrer. In Gemeinschaft mit Vormann, Hentschel, Hill, Knebel, Knie, Lüben, Mager, Mädler, (Reinbott) und Prange;;1844;;;1;;;;;;314-376;googlebooks;;Essen;Methodik;Monographie;;;;Essen
M_X_1844_DIE_0938;F. Adolph W.;Diesterweg;Wegweiser zur Bildung für deutsche Lehrer. In Gemeinschaft mit Vormann, Hentschel, Hill, Knebel, Knie, Lüben, Mager, Mädler, (Reinbott) und Prange;;1844;;;2;;;;;;533-580;googlebooks;;Essen;Methodik;Monographie;;;;Essen
M_X_1841_GNT_0939;Friedrich-Joachim;Günther;Ueber den deutschen Unterricht auf Gymnasien. Mit einem Auszug aus dem vierten Theile der deutschen Grammatik von J. Grimm, und einer Erklärung der Tropen und Figuren;;1841;;;;;;;;;;http://data.onb.ac.at/rec/AC09921177;;Essen;Theorie;Monographie;;;;Essen
M_X_1829_KLU_0940;Friedrich Wilhelm;Klumpp;Die gelehrten Schulen nach den Grundsätzen des wahren Humanismus und den Anforderungen der Zeit. Ein Versuch;;1829;;;;;;;;;197-242;https://mdz-nbn-resolving.de/details:bsb11108600;;Stuttgart;Theorie;Monographie;;;;Stuttgart
M_X_1872_LAA_0941;Ernst;Laas;Der deutsche Unterricht auf höheren Lehranstalten. Ein kritisch-organisatorischer Versuch;;1872;;;;;;;;;69-124, 220-400;https://mdz-nbn-resolving.de/details:bsb11009970;;Berlin;Theorie;Monographie;;;;Berlin
M_X_1890_LEH_0942;Rudolf;Lehmann;Der deutsche Unterricht. Eine Methodik für höhere Lehranstalten;;1890;;;;;;;;;;https://mdz-nbn-resolving.de/details:bsb11643677;;Berlin;Methodik;Monographie;;;;Berlin
M_X_1890_LYO_0943;Otto;Lyon;Die Lektüre als Grundlage eines einheitlichen und naturgemäßen Unterrichts in der deutschen Sprache sowie als Mittelpunkt nationaler Bildung. Deutsche Prosastücke und Gedichte erläutert und behandelt;;1890;;;;;;;;;;?;;Leipzig;Methodik;Monographie;;;;Leipzig
M_X_1782_MIE_0944;Johann Friedrich;Mieg;Ueber das Studium der Sprache besonders der Muttersprache;;1782;;;;;;;;;;https://mdz-nbn-resolving.de/details:bsb10584063;;Frankfurt;Theorie;Monographie;;;;Frankfurt
M_X_1793_MOR_0945;Karl Philipp;Moritz;Vorlesungen über den Styl oder praktische Anweisungen zu einer guten Schreibart in Beispielen aus den vorzüglichsten Schriftstellern;;1793;;;1;;;;;;50-64, 81-96, 140-165;https://mdz-nbn-resolving.de/details:bsb10584079;;Berlin;Methodik;Monographie;;;;Berlin
M_X_1796_NIE_0946;D. August Hermann;Niemeyer;Grundsätze der Erziehung und des Unterrichts für Eltern, Hauslehrer und Erzieher;;1796;;;;;;;;;36-37, 264-266, 585-591;scripta;;Halle;Methodik;Monographie;;;;Halle
M_X_1794_RAM_0947;Friedrich;Rambach;Ueber die Bildung des Gefühls für das Schöne auf öffentlichen Schulen. Eine Abhandlung in der pädagogsichen Gesellschaft des königlichen Seminariums für gelehrte Schulen vorgelegt;;1794;;;;;;;;;;https://www.google.de/books/edition/Ueber_die_Bildung_des_Gef%C3%BChls_f%C3%BCr_das/GlBLmv3atGAC?hl=de&gbpv=0;;Berlin;Methodik;Monographie;;;;Berlin
M_X_1872_RAU_0948;Rudolf von;Raumer;Der Unterricht im Deutschen.;Geschichte der Pädagogik.;1872;Karl;von Raumer;2;;;;;;99-147;https://mdz-nbn-resolving.de/details:bsb11017393;;Gütersloh;Theorie;Monographie;;;;Gütersloh
M_X_1832_REI_0949;Georg;Reinbeck;Sendschreiben an die geehrten Lehrer der Muttersprache in deutschen Gelehrtenschulen. Nebst sechs Beilagen, die deutsche Sprache und den Sprachunterricht betreffend. Ein Beitrag zur Methodik;;1832;;;;;;;;;;https://www.google.de/books/edition/Sendschreiben_an_die_geehrten_Lehrer_der/x9bmxuQWmLsC?hl=de&gbpv=0;;Stuttgart;Methodik;Monographie;;;;Stuttgart
M_X_1872_RIC_0950;Albert;Richter;Der Unterricht in der Muttersprache und seine nationale Bedeutung;;1872;;;;;;;;;;https://mdz-nbn-resolving.de/details:bsb11017395;;Leipzig;Theorie;Monographie;;;;Leipzig
M_X_1848_SCH_0951;Carl Gottfried;Scheibert;Das Wesen und die Stellung der höheren Bürgerschule;;1848;;;;;;;;;33-36, 54-60, 75-89, 123-127, 159-177, 219-223, 231-236, 242-246;http://resolver.staatsbibliothek-berlin.de/SBB0000509200000000;;Berlin;Theorie;Monographie;;;;Berlin
M_X_1849_SCH_0952;Friedrich D. E.;Schleiermacher;Erziehungslehre;Friedrich Schleiermacher’s literarischer Nachlaß. Zur Philosophie.;1849;C.;Plaß;7;;1813;;;;465-522;https://archive.org/details/friedrichschleie39schl/page/n7/mode/2up;;Berlin;Methodik;Monographie;die Vorlesung wurde 1813 gehalten;;;Berlin
M_X_1833_TIT_0953;Friedrich Wilhelm;Tittmann;Ueber die Bestimmung des Gelehrten und seine Bildung durch Schule und Universität;;1833;;;;;;;;;146-172, 223-238;https://www.google.de/books/edition/Ueber_die_Bestimmung_des_Gelehrten_und_s/M_tE15tHsdgC?hl=de&gbpv=0;;Berlin;Theorie;Monographie;;;;Berlin
M_X_1788_TRA_0954;Ernst Christian;Trapp;Ueber den Unterricht in Sprachen;Allgemeine Revision des gesammten Schul- und Erziehungswesens;1788; J[oachim] H[einreich];Campe;11;;;;;;3-83, 154-210, 337-359;scripta;;Wien, Wolfenbüttel;Theorie;Monographie;;;;Wien, Wolfenbüttel
M_X_1787_TRA_0955;Ernst Christian;Trapp;Vom Unterricht überhaupt. Zweck und Gegenstände desselben für verschiedene Stände. Ob und wie fern man ihn zu erleichtern und angenehm zu machen suchen dürfe? Allgemeine Methoden und Grundsätze;Allgemeine Revision des gesammten Schul- und Erziehungswesens;1787;J[oachim] H[einreich];Campe;8;;;;;;26-35, 148-170;urn:nbn:de:0111-bbf-spo-11234328;;Wien, Wolfenbüttel;Methodik;Monographie;;;;Wien, Wolfenbüttel
M_X_1843_WAC_0956;K. E. Philipp;Wackernagel;Der Unterricht in der Muttersprache. Vierter Theil des Deutschen Lesebuchs;;1843;;;4;;;;;;;https://mdz-nbn-resolving.de/details:bsb11723584;;Stuttgart;Theorie;Monographie;;;;Stuttgart
M_X_1846_SEI_0957;Ferdinand;Seinecke;Die höhere Bildung des weiblichen Geschlechts;;1846;;;1;;;;;;45-46, 55-56, 62-63;https://mdz-nbn-resolving.de/details:bsb10764323;;Hannover;Theorie;Monographie;;1;;Hannover
M_X_1878_REU_0958;Julius;Reuper;Frauenberuf und Frauenbildung. Ein Beitrag zur Frauenfrage;;1878;;;;;;;;;38-39, 58-60;https://www.google.de/books/edition/Frauenberuf_und_frauenbildung/vtKpl_blfUAC?hl=de&gbpv=0;;Wien;Theorie;Monographie;;1;;Wien
M_X_1810_GLE_0959;Betty;Gleim;Erziehung und Unterricht des weiblichen Geschlechts;;1810;;;;;;;;;72;https://archive.org/details/erziehungundunt00gleigoog/page/n29/mode/2up;;Leipzig;Theorie;Monographie;;1;;Leipzig
V_X_1835_ON_0966;[unknown];[unknown];Rescript vom 13. Dezember 1824;Die Preußischen Gymnasien und höheren Bürgerschulen. Eine Zusammenstellung der Verordnungen, welche den höheren Unterricht in diesen Anstalten umfassen. Berlin, Posen, Bromberg;1835;[unknown];Johann Ferdinand Neigebaur;;;1824;;;;132;https://www.digitale-sammlungen.de/de/view/bsb10734207?q=(Die%20preu%C3%9Fischen%20Gymnasien%20und%20h%C3%B6heren%20B%C3%BCrgerschulen);;Berlin, Posen, Bromberg;Verordnung;Verordnung;;;;Berlin, Posen, Bromberg
V_X_1835_ALT_0967;[unknown];Altenstein;Circular-Rescript wegen Beaufsichtigung der höheren Lehranstalten;Die Preußischen Gymnasien und höheren Bürgerschulen. Eine Zusammenstellung der Verordnungen, welche den höheren Unterricht in diesen Anstalten umfassen. Berlin, Posen, Bromberg;1835;[unknown];Johann Ferdinand Neigebaur;;;1819;;;;74-76;https://www.digitale-sammlungen.de/de/view/bsb10734207?q=(Die%20preu%C3%9Fischen%20Gymnasien%20und%20h%C3%B6heren%20B%C3%BCrgerschulen);;Berlin, Posen, Bromberg;Verordnung;Verordnung;;;;Berlin, Posen, Bromberg
V_X_1835_ON_0968;[unknown];[unknown];Cicular-Verfgung, betreffend die Ertheilung des Unterrichts in der deutschen Sprache, besonders in freien Vorträgen;Die Preußischen Gymnasien und höheren Bürgerschulen. Eine Zusammenstellung der Verordnungen, welche den höheren Unterricht in diesen Anstalten umfassen. Berlin, Posen, Bromberg;1835;[unknown];Johann Ferdinand Neigebaur;;;1829;;;;150-157;https://www.digitale-sammlungen.de/de/view/bsb10734207?q=(Die%20preu%C3%9Fischen%20Gymnasien%20und%20h%C3%B6heren%20B%C3%BCrgerschulen);;Berlin, Posen, Bromberg;Verordnung;Verordnung;;;;Berlin, Posen, Bromberg
V_X_1835_ON_0969;[unknown];[unknown];Rescript über die Abiturienten-Prüfung;Die Preußischen Gymnasien und höheren Bürgerschulen. Eine Zusammenstellung der Verordnungen, welche den höheren Unterricht in diesen Anstalten umfassen. Berlin, Posen, Bromberg;1835;[unknown];Johann Ferdinand Neigebaur;;;1834;;;;209-228;https://www.digitale-sammlungen.de/de/view/bsb10734207?q=(Die%20preu%C3%9Fischen%20Gymnasien%20und%20h%C3%B6heren%20B%C3%BCrgerschulen);;Berlin, Posen, Bromberg;Verordnung;Verordnung;;;;Berlin, Posen, Bromberg
V_X_1835_ON_0970;[unknown];[unknown];Vorläufige Instruction für die an den höheren Bürger- und Realschulen anzuordnenden Entlassungs-Prüfungen;Die Preußischen Gymnasien und höheren Bürgerschulen. Eine Zusammenstellung der Verordnungen, welche den höheren Unterricht in diesen Anstalten umfassen. Berlin, Posen, Bromberg;1835;[unknown];Johann Ferdinand Neigebaur;;;1832;;;;345-348;https://www.digitale-sammlungen.de/de/view/bsb10734207?q=(Die%20preu%C3%9Fischen%20Gymnasien%20und%20h%C3%B6heren%20B%C3%BCrgerschulen);;Berlin, Posen, Bromberg;Verordnung;Verordnung;;;;Berlin, Posen, Bromberg
V_X_1869_ONJ_0971;[Johann Wilhelm];[Süvern];Entwurf eines Allgemeinen Gesetzes über die Verfassung des Schulwesens im Preußischen Staate;Die Gesetzgebung auf dem Gebiete des Unterrichtswesens in Preußen. Vom Jahre 1817 bis 1868. Actenstücke mit Erläuterungen aus dem Ministerium der geistlichen, Unterrichts- und Medicinal-Angelgenheiten;1869;[unknown];[unknown];;;1819;;;;15-70;https://www.google.de/books/edition/Die_Gesetzgebung_auf_dem_Gebiete_des_Unt/Z_4Wsh-viJIC?hl=de&gbpv=1&dq=Die+Gesetzgebung+auf+dem+Gebiete+des+Unterrichtswesens+in+Preu%C3%9Fen&printsec=frontcover;;Berlin;Verordnung;Verordnung;;;;Berlin
V_X_1886_RAU_0976;Karl O. Von;Raumer;Circular-Rescript v. 7. Januar 1856, betreffend Mdoficationen im Normalplan für den Gymnasialunterricht;Verordnungen und Gesetze für die höheren Schulen in Preußen. Bearbeitet und bis zum Anfang des Jahres 1886 fortgeführt von Prof. Dr. Otto Kübler. Erste Abteilung. Die Schule. Berlin;1886;Ludwig;Wiese;;;1856;;;;66-70;https://www.google.de/books/edition/Verordnungen_und_gesetze_f%C3%BCr_die_h%C3%B6her/Eg8BAAAAYAAJ?hl=de&gbpv=0;;Berlin;Verordnung;Verordnung;;;;Berlin
V_X_1886_BET_0977;Theobald T. F. A.;von Bethmann Hollweg;Unterrichts- und Prüfungs-Ordnung der Realschulen und der höheren Bürgerschulen v. 6. October 1859;Verordnungen und Gesetze für die höheren Schulen in Preußen. Bearbeitet und bis zum Anfang des Jahres 1886 fortgeführt von Prof. Dr. Otto Kübler. Erste Abteilung. Die Schule. Berlin;1886;Ludwig;Wiese;;;1859;;;;70-84;https://www.google.de/books/edition/Verordnungen_und_gesetze_f%C3%BCr_die_h%C3%B6her/Eg8BAAAAYAAJ?hl=de&gbpv=0;;Berlin;Verordnung;Verordnung;;;;Berlin
V_X_1886_ON_0978;[unknown];[unknown];Erläuternde Bemerkungen zu der Unterrichts- und Prüfungs-Ordnung der Real- und der höheren Bürgerschulen vom 6. October 1859;Verordnungen und Gesetze für die höheren Schulen in Preußen. Bearbeitet und bis zum Anfang des Jahres 1886 fortgeführt von Prof. Dr. Otto Kübler. Erste Abteilung. Die Schule. Berlin;1886;Ludwig;Wiese;;;1859;;;;85-109;https://www.google.de/books/edition/Verordnungen_und_gesetze_f%C3%BCr_die_h%C3%B6her/Eg8BAAAAYAAJ?hl=de&gbpv=0;;Berlin;Verordnung;Verordnung;;;;Berlin
V_X_1886_GOL_0979;Gustav K. H. Von;Goßler;Circular-Verfügung v. 31. März 1882, betreffend die Einführung der revidirten Lehrpläne für die höheren Schulen;Verordnungen und Gesetze für die höheren Schulen in Preußen. Bearbeitet und bis zum Anfang des Jahres 1886 fortgeführt von Prof. Dr. Otto Kübler. Erste Abteilung. Die Schule. Berlin;1886;Ludwig;Wiese;;;1882;;;;118-121, 125-126, 128, 130, 136-138;https://www.google.de/books/edition/Verordnungen_und_gesetze_f%C3%BCr_die_h%C3%B6her/Eg8BAAAAYAAJ?hl=de&gbpv=0;;Berlin;Verordnung;Verordnung;Innerhalb der angegebenen Seitenzahlen wurden nur die Textstellen zum deutschen Unterricht aufgenommen;;;Berlin
V_X_1886_ON_0980;[unknown];[unknown];Min[isterial].-Verfügung v. 8. März 1843;Verordnungen und Gesetze für die höheren Schulen in Preußen. Bearbeitet und bis zum Anfang des Jahres 1886 fortgeführt von Prof. Dr. Otto Kübler. Erste Abteilung. Die Schule. Berlin;1886;Ludwig;Wiese;;;1843;;;;171-172;https://www.google.de/books/edition/Verordnungen_und_gesetze_f%C3%BCr_die_h%C3%B6her/Eg8BAAAAYAAJ?hl=de&gbpv=0;;Berlin;Verordnung;Verordnung;;;;Berlin
V_X_1886_ON_0981;[unknown];[unknown];C.[ircular-]Verf. Des Prov.[inzial]Sch.[ul]C.[ollegiums zu Koblenz v. 16. Juni 1843;Verordnungen und Gesetze für die höheren Schulen in Preußen. Bearbeitet und bis zum Anfang des Jahres 1886 fortgeführt von Prof. Dr. Otto Kübler. Erste Abteilung. Die Schule. Berlin;1886;Ludwig;Wiese;;;1843;;;;172-175;https://www.google.de/books/edition/Verordnungen_und_gesetze_f%C3%BCr_die_h%C3%B6her/Eg8BAAAAYAAJ?hl=de&gbpv=0;;Koblenz;Verordnung;Verordnung;;;;Koblenz
V_X_1886_ON_0982;[unknown];[unknown];Min[isterial].-Verfügung v. 6. Deb 1856;Verordnungen und Gesetze für die höheren Schulen in Preußen. Bearbeitet und bis zum Anfang des Jahres 1886 fortgeführt von Prof. Dr. Otto Kübler. Erste Abteilung. Die Schule. Berlin;1886;Ludwig;Wiese;;;1856;;;;175;https://www.google.de/books/edition/Verordnungen_und_gesetze_f%C3%BCr_die_h%C3%B6her/Eg8BAAAAYAAJ?hl=de&gbpv=0;;Berlin;Verordnung;Verordnung;;;;Berlin
V_X_1886_ON_0983;[unknown];[unknown];C.Verf. v. 13. Dec. 1862;Verordnungen und Gesetze für die höheren Schulen in Preußen. Bearbeitet und bis zum Anfang des Jahres 1886 fortgeführt von Prof. Dr. Otto Kübler. Erste Abteilung. Die Schule. Berlin;1886;Ludwig;Wiese;;;1862;;;;177-180;https://www.google.de/books/edition/Verordnungen_und_gesetze_f%C3%BCr_die_h%C3%B6her/Eg8BAAAAYAAJ?hl=de&gbpv=0;;Berlin;Verordnung;Verordnung;;;;Berlin
V_X_1886_ON_0984;[unknown];[unknown];C.Verf. Des Prov[inzial].Sch[ul].C[ollegiums]. zu Berlin v. 18. Sept. 1871;Verordnungen und Gesetze für die höheren Schulen in Preußen. Bearbeitet und bis zum Anfang des Jahres 1886 fortgeführt von Prof. Dr. Otto Kübler. Erste Abteilung. Die Schule. Berlin;1886;Ludwig;Wiese;;;1871;;;;180-181;https://www.google.de/books/edition/Verordnungen_und_gesetze_f%C3%BCr_die_h%C3%B6her/Eg8BAAAAYAAJ?hl=de&gbpv=0;;Berlin;Verordnung;Verordnung;;;;Berlin
Z_T_1841_HIE_0986;Robert Heinrich;Hiecke;Das Princip der Restauration in der Pädagogik;Deutsche Jahrbücher für Wissenschaft und Kunst;1841;;;4;;;;19-24;;73-96;https://www.ub.uni-koeln.de/permalink/2009/00/katkey:255582;;Leipzig;Theorie;Zeitschriftenartikel;;;;Leipzig
R_X_1902_WIL_0987;[unknown];Wilhelm II.;Rede zur Eröffnung der Schulkonferenz zur Reform des Unterrichts auf den höheren Schulen am 4. Dezember 1890;;1902;;;;;1890;;;;280-285;A. Oskar Klaußmann (Hg.): Kaiserreden. Reden und Erlasse, Briefe und Telegramme Kaiser Wilhelms des Zweiten. Ein Charakterbild des deutschen Kaisers. Leipzig: Weber, S. 280–289.;;;Theorie;Rede;;;;
R_X_1889_HER_0988;Johann Gottfried;Herder;Von der Ausbildung der Rede und Sprache in Kindern und Jünglingen;;1889;;;;;1796;;;;217-226;Carl Redlich (Hg.): Poetische Werke. Bd. 6. Berlin: Weidmannsche Buchhandlung, S. 217–226 (=Herders Sämmtliche Werke. Hg. von Bernhard Suphan. Bd. 30). [Zweite Nachdruckauflage. Reprografischer Nachdruck der Ausgabe Berlin 1889. Hildesheim u. a.: Georg Olms];;Weimar;Theorie;Rede;;;;Weimar
Z_E_1888_HEI_0989;Anton;Heinrich;Schillers Lied von der Glocke in der ersten Klasse des slovenischen Obergymnasiums in Laibach;Zeitschrift für den deutschen Unterricht.;1888;;;2;;;;;;139-149;https://digital.slub-dresden.de/werkansicht/dlf/126271/1;;Leipzig;Empirie;Zeitschriftenartikel;;;;Leipzig
Z_R_1888_NN_0990;[unknown];[unknown];H. Deiter. Schillers Don Carlos. 1887.;Zeitschrift für den deutschen Unterricht.;1888;;;2;;;;;;169-170;https://digital.slub-dresden.de/werkansicht/dlf/126271/1;;Leipzig;Rezension;Zeitschriftenartikel;;;;Leipzig
Z_R_1888_NN_0991;[unknown];[unknown];Karl Holdermann und Ludwig Sevin. Meisterwerke der deutschen Litteratur in neuer Auswahl und Bearbeitung für höhere Lehranstalten herausgegeben.;Zeitschrift für den deutschen Unterricht.;1888;;;2;;;;;;170-171;https://digital.slub-dresden.de/werkansicht/dlf/126271/1;;Leipzig;Rezension;Zeitschriftenartikel;;;;Leipzig
Z_R_1888_NN_0992;[unknown];[unknown];Heinrich Heskamp. Schöninghs Ausgaben deutscher Klassiker mit Kommentar. XI. Band: Die Braut von Messina oder die feindlichen Brüder. 1887;Zeitschrift für den deutschen Unterricht.;1888;;;2;;;;;;173-174;https://digital.slub-dresden.de/werkansicht/dlf/126271/1;;Leipzig;Rezension;Zeitschriftenartikel;;;;Leipzig
Z_R_1888_KER_0993;Franz;Kern;P. Klaucke. Erläuterungen ausgewählter Werke Goethes. 1886.;Zeitschrift für den deutschen Unterricht.;1888;;;2;;;;;;180-183;https://digital.slub-dresden.de/werkansicht/dlf/126271/1;Berlin;Leipzig;Rezension;Zeitschriftenartikel;;;Berlin;Leipzig
Z_R_1888_KER_0994;Franz;Kern;P. Klaucke. Erklärung deutscher Dramen in den oberen Klassen höherer Lehranstalten. 1886.;Zeitschrift für den deutschen Unterricht.;1888;;;2;;;;;;183-188;https://digital.slub-dresden.de/werkansicht/dlf/126271/1;Berlin;Leipzig;Rezension;Zeitschriftenartikel;;;Berlin;Leipzig
Z_M_1888_SCH_0995;Ferdinand;Schultz;„Moralische“ Themata;Zeitschrift für den deutschen Unterricht.;1888;;;2;;;;;;238-247;https://digital.slub-dresden.de/werkansicht/dlf/126271/1;Charlottenburg;Leipzig;Methodik;Zeitschriftenartikel;;;Charlottenburg;Leipzig
Z_R_1888_UNB_0996;H[ermann];Unbescheid;Eduard Niemeyer. Deutsche Aufsatz-Entwürfe. Für höhere Schulen. 1886. 1888.;Zeitschrift für den deutschen Unterricht.;1888;;;2;;;;;;367-369;https://digital.slub-dresden.de/werkansicht/dlf/126271/1;Dresden;Leipzig;Rezension;Zeitschriftenartikel;;;Dresden;Leipzig
Z_R_1888_UNB_0997;H[ermann];Unbescheid;Ernst Ziegler. Disposition zu deutschen Aufsätzen für Tertia und Untersekunda. 1888;Zeitschrift für den deutschen Unterricht.;1888;;;2;;;;;;369-370;https://digital.slub-dresden.de/werkansicht/dlf/126271/1;Dresden;Leipzig;Rezension;Zeitschriftenartikel;;;Dresden;Leipzig
Z_R_1888_UNB_0998;Hermann;Unbescheid;W. Münch. Der deutsche Unterricht am Realgymnasium und seine Eigenart;Zeitschrift für den deutschen Unterricht.;1888;;;2;;;;;;562-563;https://digital.slub-dresden.de/werkansicht/dlf/126271/1;Dresden;Leipzig;Rezension;Zeitschriftenartikel;;;Dresden;Leipzig
Z_E_1889_GRA_0999;Fr.;Graeber;Über die Schachscene in Lessings Nathan. Ein Beitrag zum deutschen Aufsatz;Zeitschrift für den deutschen Unterricht.;1889;;;3;;;;;;68-73;https://digital.slub-dresden.de/werkansicht/dlf/126276/1;Mörs;Leipzig;Erläuterung;Zeitschriftenartikel;;;Moers;Leipzig
Z_T_1889_LYO_1000;Otto;Lyon;Das Schrifttum der Gegenwart und die Schule. Zweiter Teil. Dichtergestalten unserer Zeit. II.;Zeitschrift für den deutschen Unterricht.;1889;;;3;;;;;;170-194;https://digital.slub-dresden.de/werkansicht/dlf/126276/1;Dresden;Leipzig;Theorie;Zeitschriftenartikel;;;Dresden;Leipzig
Z_M_1889_BTT_1001;G.;Bötticher;Die altdeutsche Litteratur im Rahmen der amtlichen Bestimmungen in Preußen;Zeitschrift für den deutschen Unterricht.;1889;;;3;;;;;;226-232;https://digital.slub-dresden.de/werkansicht/dlf/126276/1;Berlin;Leipzig;Methodik;Zeitschriftenartikel;;;Berlin;Leipzig
Z_T_1889_LYO_1002;Otto;Lyon;Das Schrifttum der Gegenwart und die Schule. Zweiter Teil. Dichtergestalten unserer Zeit. II. (Schluß);Zeitschrift für den deutschen Unterricht.;1889;;;3;;;;;;253-279;https://digital.slub-dresden.de/werkansicht/dlf/126276/1;Dresden;Leipzig;Theorie;Zeitschriftenartikel;;;Dresden;Leipzig
Z_R_1889_KLE_1003;Gotthold;Klee;L. Zürn. H. von Kleists Prinz Friedrich von Homburg. Für Schule und Haus erläutert;Zeitschrift für den deutschen Unterricht.;1889;;;3;;;;;;285-291;https://digital.slub-dresden.de/werkansicht/dlf/126276/1;Bautzen;Leipzig;Rezension;Zeitschriftenartikel;;;Bautzen;Leipzig
Z_R_1889_KLE_1004;Gotthold;Klee;L. Zürn. H. von Kleists Hermannsschlacht. Für Schule und Haus erklärt;Zeitschrift für den deutschen Unterricht.;1889;;;3;;;;;;378-380;https://digital.slub-dresden.de/werkansicht/dlf/126276/1;Bautzen;Leipzig;Rezension;Zeitschriftenartikel;;;Bautzen;Leipzig
Z_R_1889_LYO_1005;Otto;Lyon;Karl Hessel. Mustergedichte und Musterprosa. 1887.;Zeitschrift für den deutschen Unterricht.;1889;;;3;;;;;;480;https://digital.slub-dresden.de/werkansicht/dlf/126276/1;Dresden;Leipzig;Rezension;Zeitschriftenartikel;;;Dresden;Leipzig
Z_E_1889_LAN_1006;Karl;Landmann;Bilder aus dem Nibelungenkreise. (Fortsetzung und Schluß.);Zeitschrift für den deutschen Unterricht.;1889;;;3;;;;;;515-545;https://digital.slub-dresden.de/werkansicht/dlf/126276/1;Darmstadt;Leipzig;Erläuterung;Zeitschriftenartikel;;;Darmstadt;Leipzig
Z_M_1889_HES_1007;Karl;Hessel;Etwas über Lesevortrag von Gedichten. Gedanken und Erfahrungen;Zeitschrift für den deutschen Unterricht.;1889;;;3;;;;;;21-31;https://digital.slub-dresden.de/werkansicht/dlf/126276/1;Koblenz;Leipzig;Methodik;Zeitschriftenartikel;;;Koblenz;Leipzig
Z_E_1889_GRA_1008;Fr.;Graeber;Uhlands Balladen in Sekunda;Zeitschrift für den deutschen Unterricht.;1889;;;3;;;;;;65-68;https://digital.slub-dresden.de/werkansicht/dlf/126276/1;Mörs;Leipzig;Erläuterung;Zeitschriftenartikel;;;Moers;Leipzig
Z_E_1890_LEG_1009;Gustav;Legerlotz;Einige Worte zu meiner Übertragung des Nibelungenliedes;Zeitschrift für den deutschen Unterricht.;1890;;;4;;;;;;131-137;https://digital.slub-dresden.de/werkansicht/dlf/128288/1;Salzwedel;Leipzig;Erläuterung;Zeitschriftenartikel;;;Salzwedel;Leipzig
Z_R_1890_REI_1010;Karl;Reissenberger;A Lichtenheld. Die Ahnfrau. Trauerspiel von Franz Grillparzer. Schulausgabe mit Einleitung und Anmerkungen.;Zeitschrift für den deutschen Unterricht.;1890;;;4;;;;;;179-183;https://digital.slub-dresden.de/werkansicht/dlf/128288/1;Bielsko;Leipzig;Rezension;Zeitschriftenartikel;;;Bielsko;Leipzig
Z_R_1890_KLE_1011;Gotthold;Klee;A. Funke. Lessings Minna von Barnhelm. 1888.;Zeitschrift für den deutschen Unterricht.;1890;;;4;;;;;;189-191;https://digital.slub-dresden.de/werkansicht/dlf/128288/1;Bautzen;Leipzig;Rezension;Zeitschriftenartikel;;;Bautzen;Leipzig
Z_R_1890_LYO_1012;Otto;Lyon;Stephan Waetzoldt. Belhagen und Klasings Sammlung deutscher Schulausgaben. 1889.;Zeitschrift für den deutschen Unterricht.;1890;;;4;;;;;;192-194;https://digital.slub-dresden.de/werkansicht/dlf/128288/1;Dresden;Leipzig;Rezension;Zeitschriftenartikel;;;Dresden;Leipzig
Z_R_1890_LYO_1013;Otto;Lyon;O. König. Litteraturgeschichtliche Mustersammlung. Ein Lesebuch zu des Verfassers Geschichte der deutschen Litteratur für höhere Mädchenschulen und die weibliche Jugend. 1889.;Zeitschrift für den deutschen Unterricht.;1890;;;4;;;;;;195-196;https://digital.slub-dresden.de/werkansicht/dlf/128288/1;Dresden;Leipzig;Rezension;Zeitschriftenartikel;;1;Dresden;Leipzig
Z_K_1890_WAE_1014;Stephan;Waetzold;Erwiderung;Zeitschrift für den deutschen Unterricht.;1890;;;4;;;;;;245-247;https://digital.slub-dresden.de/werkansicht/dlf/128288/1;Berlin;Leipzig;Kommentar;Zeitschriftenartikel;;;Berlin;Leipzig
Z_E_1890_LYO_1015;Otto;Lyon;Ein Wort zu meiner Schrift: „Die Lektüre als Grundlage eines einheitlichen und naturgemäßen Unterrichts in der deutschen Sprache, sowie als Mittelpunkt nationaler Bildung.“;Zeitschrift für den deutschen Unterricht.;1890;;;4;;;;;;269-270;https://digital.slub-dresden.de/werkansicht/dlf/128288/1;Dresden;Leipzig;Erläuterung;Zeitschriftenartikel;;;Dresden;Leipzig
Z_R_1890_KLE_1016;G[otthold];Klee;Bernhard Werneke. Ausgewählte Oden und Elegien von Klopstock. 1888.;Zeitschrift für den deutschen Unterricht.;1890;;;4;;;;;;298-299;https://digital.slub-dresden.de/werkansicht/dlf/128288/1;Bautzen;Leipzig;Rezension;Zeitschriftenartikel;;;Bautzen;Leipzig
Z_R_1890_KAD_1017;R.;Kade;Denzel und Kraz. Sammlung Göschen. G. E. Lessing.;Zeitschrift für den deutschen Unterricht.;1890;;;4;;;;;;384;https://digital.slub-dresden.de/werkansicht/dlf/128288/1;Dresden;Leipzig;Rezension;Zeitschriftenartikel;;;Dresden;Leipzig
Z_R_1890_SPR_1018;R.;Sprenger;H. Windel. Prinz Friedrich von Homburg. Ein Schauspiel on Heinrich von Kleist.;Zeitschrift für den deutschen Unterricht.;1890;;;4;;;;;;385-386;https://digital.slub-dresden.de/werkansicht/dlf/128288/1;Northeim;Leipzig;Rezension;Zeitschriftenartikel;;;Northeim;Leipzig
Z_R_1890_KAD_1019;R.;Kade;Walther Böhme. Erläuterungen zu den Meisterwerken der deutschen Dichtkunst, für die häusliche Vorbereitung der Schüler;Zeitschrift für den deutschen Unterricht.;1890;;;4;;;;;;386-387;https://digital.slub-dresden.de/werkansicht/dlf/128288/1;Dresden;Leipzig;Rezension;Zeitschriftenartikel;;;Dresden;Leipzig
Z_R_1890_FRN_1020;Ludwig;Fränkel;A. Matthias. Das deutsche Volkslied. Auswahl. 1890;Zeitschrift für den deutschen Unterricht.;1890;;;4;;;;;;391-393;https://digital.slub-dresden.de/werkansicht/dlf/128288/1;Leipzig;Leipzig;Rezension;Zeitschriftenartikel;;;Leipzig;Leipzig
Z_R_1890_LYO_1021;Otto;Lyon;Karl Jul. Krumbach. Deutsche Aufsätze, für die unteren Klassen höherer Lehranstalten, sowie für Volks- Bürger- und Mittelschulen. 1890.;Zeitschrift für den deutschen Unterricht.;1890;;;4;;;;;;394;https://digital.slub-dresden.de/werkansicht/dlf/128288/1;Dresden;Leipzig;Rezension;Zeitschriftenartikel;;;Dresden;Leipzig
Z_R_1890_KLE_1022;Gotthold;Klee;Martin Greifs vaterländisches Schauspiel Prinz Eugen;Zeitschrift für den deutschen Unterricht.;1890;;;4;;;;;;401-418;https://digital.slub-dresden.de/werkansicht/dlf/128288/1;Bautzen;Leipzig;Rezension;Zeitschriftenartikel;;;Bautzen;Leipzig
Z_R_1890_RTT_1023;Hubert;Rötteken;Bemerkungen zum Prinzen von Homburg;Zeitschrift für den deutschen Unterricht.;1890;;;4;;;;;;441-480;https://digital.slub-dresden.de/werkansicht/dlf/128288/1;Würzburg;Leipzig;Rezension;Zeitschriftenartikel;;;Würzburg;Leipzig
Z_R_1890_KAD_1024;R.;Kade;Schöninghs Ausgaben deutscher Klassiker mit Kommentar;Zeitschrift für den deutschen Unterricht.;1890;;;4;;;;;;493;https://digital.slub-dresden.de/werkansicht/dlf/128288/1;Dresden;Leipzig;Rezension;Zeitschriftenartikel;;;Dresden;Leipzig
Z_M_1890_SAH_1025;Julius;Sahr;Die ältere deutsche Litteratur in der Schule. II.;Zeitschrift für den deutschen Unterricht.;1890;;;4;;;;;;551-582;https://digital.slub-dresden.de/werkansicht/dlf/128288/1;Dresden;Leipzig;Methodik;Zeitschriftenartikel;;;Dresden;Leipzig
Z_R_1889_KLE_1026;Gotthold;Klee;Ferdinand Schmidt. Deutsches Lesebuch für die unteren und mittleren Klassen höherer Lehranstalten;Zeitschrift für den deutschen Unterricht.;1889;;;3;;;;;;81-83;https://digital.slub-dresden.de/werkansicht/dlf/126276/1;Bautzen;Leipzig;Rezension;Zeitschriftenartikel;;;Bautzen;Leipzig
Z_T_1889_LYO_1027;Otto;Lyon;Das Schrifttum der Gegenwart und die Schule. Zweiter Teil. Dichtergestalten unserer Zeit. I. Das Grundgesetz des deutschen Stils;Zeitschrift für den deutschen Unterricht.;1889;;;3;;;;;;18-29;https://digital.slub-dresden.de/werkansicht/dlf/126276/1;Dresden;Leipzig;Theorie;Zeitschriftenartikel;;;Dresden;Leipzig
Z_R_1889_BOE_1028;G.;Boetticher;Conrads. Altdeutsches Lesebuch in neudeutschen Übersetzungen. Für die oberen Klassen höherer Schulen sowie für den Alleingebrauch mit Anmerkungen;Zeitschrift für den deutschen Unterricht.;1889;;;3;;;;;;476-480;https://digital.slub-dresden.de/werkansicht/dlf/126276/1;Berlin;Leipzig;Rezension;Zeitschriftenartikel;;;Berlin;Leipzig
Z_R_1888_UNB_1029;Hermann;Unbescheid;Ferdinand Schöntag. Musteraufsätze aus der Schule für die Schule;Zeitschrift für den deutschen Unterricht.;1888;;;2;;;;;;563-564;https://digital.slub-dresden.de/werkansicht/dlf/126271/1;Dresden;Leipzig;Rezension;Zeitschriftenartikel;;;Dresden;Leipzig
Z_R_1888_BER_1030;G.;Berlit;Ferd. Schultz. Die Grundzüge der Meditation. Eine Anleitung zum Entwerfen von Aufsätzen und Vorträgen für die oberen Klassen höherer Lehranstalten als Vorstufe zu den „Meditationen. 1887;Zeitschrift für den deutschen Unterricht.;1888;;;2;;;;;;364;https://digital.slub-dresden.de/werkansicht/dlf/126271/1;Leipzig;Leipzig;Rezension;Zeitschriftenartikel;;;Leipzig;Leipzig
Z_M_1888_DIE_1031;Rudolf;Dietrich;Der Unterricht in deutscher Sprache am Lehrerseminar;Zeitschrift für den deutschen Unterricht.;1888;;;2;;;;;222-238;;https://digital.slub-dresden.de/werkansicht/dlf/126271/1;Zürich;Leipzig;Methodik;Zeitschriftenartikel;;;Zürich;Leipzig
Z_T_1887_HIL_1032;Rudolf;Hildebrand;Zur Einführung der Zeitschrift für den deutschen Unterricht;Gesammelte Aufsätze und Vorträge zur deutschen Philologie und zum deutschen Unterricht;1887;Rudolf;Hildebrand;;;;;;;136-147;;Leipzig;Leipzig;Theorie;Zeitschriftenartikel;;;Leipzig;Leipzig
Z_R_1888_SCH_1033;Robert;Schneider;Hermann Kluge. Geschichte der deutschen National-Litteratur. Zum Gebrauche an höheren Unterrichtsanstalten und zum Selbststudium bearbeitet;Zeitschrift für den deutschen Unterricht.;1888;;;4;;;;;;556-557;https://digital.slub-dresden.de/werkansicht/dlf/126271/1;Halberstadt;Leipzig;Rezension;Zeitschriftenartikel;;;Halberstadt;Leipzig
Z_E_1877_HEL_1034;G. F.;Helm;Geroks Gewitter besprochen und mit Schillers Lied von der Glocke verglichen;Der practische Schulmann. Archiv für Materialien zum Unterricht in den Real-, Bürger- und Volksschulen;1877;;;26;;;;;180-188;;https://digital.slub-dresden.de/werkansicht/dlf/92568/1;;Lepizig;Erläuterung;Zeitschriftenartikel;;;;Lepizig
EM_UM_1875_GUD_1045;Karl;Gude;Erläuterungen deutscher Dichtungen nebst Themen zu schriftlichen Aufsätzen, in Umrissen und Ausführungen. Ein Hülfsbuch beim Unterricht in der Literatur;;1875;;;1;;1861;5.0;;;;https://mdz-nbn-resolving.de/details:bsb11319556;Magdeburg;Leipzig;Erläuterung;Monographie;;;Magdeburg;Leipzig
EM_UM_1875_GUD_1046;Karl;Gude;Erläuterungen deutscher Dichtungen nebst Themen zu schriftlichen Aufsätzen, in Umrissen und Ausführungen. Ein Hülfsbuch beim Unterricht in der Literatur;;1893;;;2;;1862;9.0;;;;https://mdz-nbn-resolving.de/details:bsb00078271;Magdeburg;Leipzig;Erläuterung;Monographie;;;Magdeburg;Leipzig
EM_UM_1875_GUD_1047;Karl;Gude;Erläuterungen deutscher Dichtungen nebst Themen zu schriftlichen Aufsätzen, in Umrissen und Ausführungen. Ein Hülfsbuch beim Unterricht in der Literatur;;1897;;;3;;1865;9.0;;;;https://mdz-nbn-resolving.de/details:bsb00078272;Magdeburg;Leipzig;Erläuterung;Monographie;;;Magdeburg;Leipzig
EM_UM_1875_GUD_1048;Karl;Gude;Erläuterungen deutscher Dichtungen nebst Themen zu schriftlichen Aufsätzen, in Umrissen und Ausführungen. Ein Hülfsbuch beim Unterricht in der Literatur;;1892;;;4;;1868;7.0;;;;https://mdz-nbn-resolving.de/details:bsb11839928;Magdeburg;Leipzig;Erläuterung;Monographie;;;Magdeburg;Leipzig
EM_UM_1875_GUD_1049;Karl;Gude;Erläuterungen deutscher Dichtungen nebst Themen zu schriftlichen Aufsätzen, in Umrissen und Ausführungen. Ein Hülfsbuch beim Unterricht in der Literatur;;1891;;;5;;1876;4.0;;;;https://mdz-nbn-resolving.de/details:bsb11839929;Magdeburg;Leipzig;Erläuterung;Monographie;;;Magdeburg;Leipzig
Z_T_1856_GIE_1050;Ludwig;Giesebrecht;Der Deutsche Aufsatz in Prima. Eine geschichtliche Untersuchung;Zeitschrift für das Gymnasialwesen;1856;;;10;;;;;113-152;;https://mdz-nbn-resolving.de/details:bsb10448086;Stettin;Berlin;Theorie;Zeitschriftenartikel;;;Stettin;Berlin
